Copyright 1986-2018 Xilinx, Inc. All Rights Reserved.
-----------------------------------------------------------------------------------------------------------------------------------------------------------------------------------------------------------------
| Tool Version : Vivado v.2018.3 (win64) Build 2405991 Thu Dec  6 23:38:27 MST 2018
| Date         : Tue Jul 21 04:06:10 2026
| Host         : DESKTOP-MRF396F running 64-bit major release  (build 9200)
| Command      : report_timing_summary -max_paths 10 -file red_pitaya_top_timing_summary_routed.rpt -pb red_pitaya_top_timing_summary_routed.pb -rpx red_pitaya_top_timing_summary_routed.rpx -warn_on_violation
| Design       : red_pitaya_top
| Device       : 7z010-clg400
| Speed File   : -1  PRODUCTION 1.11 2014-09-11
-----------------------------------------------------------------------------------------------------------------------------------------------------------------------------------------------------------------

Timing Summary Report

------------------------------------------------------------------------------------------------
| Timer Settings
| --------------
------------------------------------------------------------------------------------------------

  Enable Multi Corner Analysis               :  Yes
  Enable Pessimism Removal                   :  Yes
  Pessimism Removal Resolution               :  Nearest Common Node
  Enable Input Delay Default Clock           :  No
  Enable Preset / Clear Arcs                 :  No
  Disable Flight Delays                      :  No
  Ignore I/O Paths                           :  No
  Timing Early Launch at Borrowing Latches   :  false

  Corner  Analyze    Analyze    
  Name    Max Paths  Min Paths  
  ------  ---------  ---------  
  Slow    Yes        Yes        
  Fast    Yes        Yes        



check_timing report

Table of Contents
-----------------
1. checking no_clock
2. checking constant_clock
3. checking pulse_width_clock
4. checking unconstrained_internal_endpoints
5. checking no_input_delay
6. checking no_output_delay
7. checking multiple_clock
8. checking generated_clocks
9. checking loops
10. checking partial_input_delay
11. checking partial_output_delay
12. checking latch_loops

1. checking no_clock
--------------------
 There are 0 register/latch pins with no clock.


2. checking constant_clock
--------------------------
 There are 0 register/latch pins with constant_clock.


3. checking pulse_width_clock
-----------------------------
 There are 0 register/latch pins which need pulse_width check


4. checking unconstrained_internal_endpoints
--------------------------------------------
 There are 0 pins that are not constrained for maximum delay.

 There are 0 pins that are not constrained for maximum delay due to constant clock.


5. checking no_input_delay
--------------------------
 There are 0 input ports with no input delay specified.

 There are 0 input ports with no input delay but user has a false path constraint.


6. checking no_output_delay
---------------------------
 There are 46 ports with no output delay specified. (HIGH)

 There are 0 ports with no output delay but user has a false path constraint

 There are 0 ports with no output delay but with a timing clock defined on it or propagating through it


7. checking multiple_clock
--------------------------
 There are 0 register/latch pins with multiple clocks.


8. checking generated_clocks
----------------------------
 There are 0 generated clocks that are not connected to a clock source.


9. checking loops
-----------------
 There are 0 combinational loops in the design.


10. checking partial_input_delay
--------------------------------
 There are 0 input ports with partial input delay specified.


11. checking partial_output_delay
---------------------------------
 There are 0 ports with partial output delay specified.


12. checking latch_loops
------------------------
 There are 0 combinational latch loops in the design through latch input



------------------------------------------------------------------------------------------------
| Design Timing Summary
| ---------------------
------------------------------------------------------------------------------------------------

    WNS(ns)      TNS(ns)  TNS Failing Endpoints  TNS Total Endpoints      WHS(ns)      THS(ns)  THS Failing Endpoints  THS Total Endpoints     WPWS(ns)     TPWS(ns)  TPWS Failing Endpoints  TPWS Total Endpoints  
    -------      -------  ---------------------  -------------------      -------      -------  ---------------------  -------------------     --------     --------  ----------------------  --------------------  
      0.169        0.000                      0                45395        0.010        0.000                      0                45395        1.020        0.000                       0                 18127  


All user specified timing constraints are met.


------------------------------------------------------------------------------------------------
| Clock Summary
| -------------
------------------------------------------------------------------------------------------------

Clock                        Waveform(ns)         Period(ns)      Frequency(MHz)
-----                        ------------         ----------      --------------
adc_clk                      {0.000 4.000}        8.000           125.000         
  clk_fb                     {0.000 4.000}        8.000           125.000         
  pll_adc_clk                {0.000 4.000}        8.000           125.000         
    clk_out1_clk_10MHz_sync  {0.000 50.000}       100.000         10.000          
    clkfbout_clk_10MHz_sync  {0.000 4.000}        8.000           125.000         
    dna_clk                  {0.000 32.000}       64.000          15.625          
  pll_clk_adc_2x             {0.000 2.000}        4.000           250.000         
  pll_dac_clk_1x             {0.000 4.000}        8.000           125.000         
  pll_dac_clk_2p             {-0.500 1.500}       4.000           250.000         
  pll_dac_clk_2x             {0.000 2.000}        4.000           250.000         
clk_fpga_0                   {0.000 4.000}        8.000           125.000         
clk_fpga_1                   {0.000 2.000}        4.000           250.000         
clk_fpga_2                   {0.000 10.000}       20.000          50.000          
clk_fpga_3                   {0.000 5.000}        10.000          100.000         
rx_clk                       {0.000 2.000}        4.000           250.000         


------------------------------------------------------------------------------------------------
| Intra Clock Table
| -----------------
------------------------------------------------------------------------------------------------

Clock                            WNS(ns)      TNS(ns)  TNS Failing Endpoints  TNS Total Endpoints      WHS(ns)      THS(ns)  THS Failing Endpoints  THS Total Endpoints     WPWS(ns)     TPWS(ns)  TPWS Failing Endpoints  TPWS Total Endpoints  
-----                            -------      -------  ---------------------  -------------------      -------      -------  ---------------------  -------------------     --------     --------  ----------------------  --------------------  
adc_clk                                                                                                                                                                        2.000        0.000                       0                     1  
  clk_fb                                                                                                                                                                       5.845        0.000                       0                     3  
  pll_adc_clk                      0.169        0.000                      0                39388        0.010        0.000                      0                39388        2.000        0.000                       0                 15664  
    clk_out1_clk_10MHz_sync                                                                                                                                                   97.845        0.000                       0                     2  
    clkfbout_clk_10MHz_sync                                                                                                                                                    5.845        0.000                       0                     3  
    dna_clk                                                                                                                                                                   54.000        0.000                       0                     1  
  pll_clk_adc_2x                   0.325        0.000                      0                 3460        0.022        0.000                      0                 3460        1.020        0.000                       0                  1631  
  pll_dac_clk_1x                   0.501        0.000                      0                   45        0.203        0.000                      0                   45        3.500        0.000                       0                    47  
  pll_dac_clk_2p                                                                                                                                                               1.845        0.000                       0                     3  
  pll_dac_clk_2x                                                                                                                                                               1.845        0.000                       0                     3  
clk_fpga_3                         1.968        0.000                      0                 1579        0.067        0.000                      0                 1579        4.020        0.000                       0                   769  


------------------------------------------------------------------------------------------------
| Inter Clock Table
| -----------------
------------------------------------------------------------------------------------------------

From Clock      To Clock            WNS(ns)      TNS(ns)  TNS Failing Endpoints  TNS Total Endpoints      WHS(ns)      THS(ns)  THS Failing Endpoints  THS Total Endpoints  
----------      --------            -------      -------  ---------------------  -------------------      -------      -------  ---------------------  -------------------  
adc_clk         pll_adc_clk           1.058        0.000                      0                   28        3.537        0.000                      0                   28  
dna_clk         pll_adc_clk           1.504        0.000                      0                    1        2.815        0.000                      0                    1  
pll_clk_adc_2x  pll_adc_clk           1.152        0.000                      0                   32        0.128        0.000                      0                   32  
pll_adc_clk     dna_clk               0.515        0.000                      0                    2        0.236        0.000                      0                    2  
pll_adc_clk     pll_clk_adc_2x        0.451        0.000                      0                  164        0.114        0.000                      0                  164  
pll_adc_clk     pll_dac_clk_1x        2.733        0.000                      0                   28        0.029        0.000                      0                   28  


------------------------------------------------------------------------------------------------
| Other Path Groups Table
| -----------------------
------------------------------------------------------------------------------------------------

Path Group         From Clock         To Clock               WNS(ns)      TNS(ns)  TNS Failing Endpoints  TNS Total Endpoints      WHS(ns)      THS(ns)  THS Failing Endpoints  THS Total Endpoints  
----------         ----------         --------               -------      -------  ---------------------  -------------------      -------      -------  ---------------------  -------------------  
**async_default**  pll_adc_clk        pll_adc_clk              0.990        0.000                      0                  702        1.117        0.000                      0                  702  


------------------------------------------------------------------------------------------------
| Timing Details
| --------------
------------------------------------------------------------------------------------------------


---------------------------------------------------------------------------------------------------
From Clock:  adc_clk
  To Clock:  adc_clk

Setup :           NA  Failing Endpoints,  Worst Slack           NA  ,  Total Violation           NA
Hold  :           NA  Failing Endpoints,  Worst Slack           NA  ,  Total Violation           NA
PW    :            0  Failing Endpoints,  Worst Slack        2.000ns,  Total Violation        0.000ns
---------------------------------------------------------------------------------------------------


Pulse Width Checks
--------------------------------------------------------------------------------------
Clock Name:         adc_clk
Waveform(ns):       { 0.000 4.000 }
Period(ns):         8.000
Sources:            { adc_clk_p_i }

Check Type        Corner  Lib Pin           Reference Pin  Required(ns)  Actual(ns)  Slack(ns)  Location        Pin
Min Period        n/a     PLLE2_ADV/CLKIN1  n/a            1.249         8.000       6.751      PLLE2_ADV_X0Y0  pll/pll/CLKIN1
Max Period        n/a     PLLE2_ADV/CLKIN1  n/a            52.633        8.000       44.633     PLLE2_ADV_X0Y0  pll/pll/CLKIN1
Low Pulse Width   Fast    PLLE2_ADV/CLKIN1  n/a            2.000         4.000       2.000      PLLE2_ADV_X0Y0  pll/pll/CLKIN1
Low Pulse Width   Slow    PLLE2_ADV/CLKIN1  n/a            2.000         4.000       2.000      PLLE2_ADV_X0Y0  pll/pll/CLKIN1
High Pulse Width  Slow    PLLE2_ADV/CLKIN1  n/a            2.000         4.000       2.000      PLLE2_ADV_X0Y0  pll/pll/CLKIN1
High Pulse Width  Fast    PLLE2_ADV/CLKIN1  n/a            2.000         4.000       2.000      PLLE2_ADV_X0Y0  pll/pll/CLKIN1



---------------------------------------------------------------------------------------------------
From Clock:  clk_fb
  To Clock:  clk_fb

Setup :           NA  Failing Endpoints,  Worst Slack           NA  ,  Total Violation           NA
Hold  :           NA  Failing Endpoints,  Worst Slack           NA  ,  Total Violation           NA
PW    :            0  Failing Endpoints,  Worst Slack        5.845ns,  Total Violation        0.000ns
---------------------------------------------------------------------------------------------------


Pulse Width Checks
--------------------------------------------------------------------------------------
Clock Name:         clk_fb
Waveform(ns):       { 0.000 4.000 }
Period(ns):         8.000
Sources:            { pll/pll/CLKFBOUT }

Check Type  Corner  Lib Pin             Reference Pin  Required(ns)  Actual(ns)  Slack(ns)  Location        Pin
Min Period  n/a     BUFG/I              n/a            2.155         8.000       5.845      BUFGCTRL_X0Y10  pll/BUFG_inst/I
Min Period  n/a     PLLE2_ADV/CLKFBOUT  n/a            1.249         8.000       6.751      PLLE2_ADV_X0Y0  pll/pll/CLKFBOUT
Min Period  n/a     PLLE2_ADV/CLKFBIN   n/a            1.249         8.000       6.751      PLLE2_ADV_X0Y0  pll/pll/CLKFBIN
Max Period  n/a     PLLE2_ADV/CLKFBIN   n/a            52.633        8.000       44.633     PLLE2_ADV_X0Y0  pll/pll/CLKFBIN
Max Period  n/a     PLLE2_ADV/CLKFBOUT  n/a            160.000       8.000       152.000    PLLE2_ADV_X0Y0  pll/pll/CLKFBOUT



---------------------------------------------------------------------------------------------------
From Clock:  pll_adc_clk
  To Clock:  pll_adc_clk

Setup :            0  Failing Endpoints,  Worst Slack        0.169ns,  Total Violation        0.000ns
Hold  :            0  Failing Endpoints,  Worst Slack        0.010ns,  Total Violation        0.000ns
PW    :            0  Failing Endpoints,  Worst Slack        2.000ns,  Total Violation        0.000ns
---------------------------------------------------------------------------------------------------


Max Delay Paths
--------------------------------------------------------------------------------------
Slack (MET) :             0.169ns  (required time - arrival time)
  Source:                 dpll_wrapper_inst/dpll_single_clock_core_stage_a_inst/nco_word_ready_dds_r_reg/C
                            (rising edge-triggered cell FDRE clocked by pll_adc_clk  {rise@0.000ns fall@4.000ns period=8.000ns})
  Destination:            dpll_wrapper_inst/dpll_single_clock_core_stage_a_inst/tracking_lo_dds_inst/U0/i_synth/i_dds/I_SINCOS.i_std_rom.i_rom/i_rtl.i_quarter_table.i_rom_reg_a/opt_has_pipe.first_q_reg[12]/CE
                            (rising edge-triggered cell FDRE clocked by pll_adc_clk  {rise@0.000ns fall@4.000ns period=8.000ns})
  Path Group:             pll_adc_clk
  Path Type:              Setup (Max at Slow Process Corner)
  Requirement:            8.000ns  (pll_adc_clk rise@8.000ns - pll_adc_clk rise@0.000ns)
  Data Path Delay:        7.220ns  (logic 0.419ns (5.803%)  route 6.801ns (94.197%))
  Logic Levels:           0  
  Clock Path Skew:        -0.163ns (DCD - SCD + CPR)
    Destination Clock Delay (DCD):    -2.355ns = ( 5.645 - 8.000 ) 
    Source Clock Delay      (SCD):    -2.737ns
    Clock Pessimism Removal (CPR):    -0.544ns
  Clock Uncertainty:      0.069ns  ((TSJ^2 + DJ^2)^1/2) / 2 + PE
    Total System Jitter     (TSJ):    0.071ns
    Discrete Jitter          (DJ):    0.118ns
    Phase Error              (PE):    0.000ns

    Location             Delay type                Incr(ns)  Path(ns)    Netlist Resource(s)
  -------------------------------------------------------------------    -------------------
                         (clock pll_adc_clk rise edge)
                                                      0.000     0.000 r  
    U18                                               0.000     0.000 r  adc_clk_p_i (IN)
                         net (fo=0)                   0.000     0.000    adc_clk_p_i
    U18                  IBUFDS (Prop_ibufds_I_O)     0.983     0.983 r  i_clk/O
                         net (fo=1, routed)           1.306     2.289    pll/adc_clk_in
    PLLE2_ADV_X0Y0       PLLE2_ADV (Prop_plle2_adv_CLKIN1_CLKOUT0)
                                                     -8.533    -6.244 r  pll/pll/CLKOUT0
                         net (fo=1, routed)           1.754    -4.490    lopt_2
    BUFGCTRL_X0Y0        BUFG (Prop_bufg_I_O)         0.101    -4.389 r  bufg_adc_clk/O
                         net (fo=15663, routed)       1.652    -2.737    dpll_wrapper_inst/dpll_single_clock_core_stage_a_inst/ps_sys_clk
    SLICE_X11Y76         FDRE                                         r  dpll_wrapper_inst/dpll_single_clock_core_stage_a_inst/nco_word_ready_dds_r_reg/C
  -------------------------------------------------------------------    -------------------
    SLICE_X11Y76         FDRE (Prop_fdre_C_Q)         0.419    -2.318 r  dpll_wrapper_inst/dpll_single_clock_core_stage_a_inst/nco_word_ready_dds_r_reg/Q
                         net (fo=282, routed)         6.801     4.483    dpll_wrapper_inst/dpll_single_clock_core_stage_a_inst/tracking_lo_dds_inst/U0/i_synth/i_dds/I_SINCOS.i_std_rom.i_rom/i_rtl.i_quarter_table.i_rom_reg_a/s_axis_phase_tvalid
    SLICE_X35Y30         FDRE                                         r  dpll_wrapper_inst/dpll_single_clock_core_stage_a_inst/tracking_lo_dds_inst/U0/i_synth/i_dds/I_SINCOS.i_std_rom.i_rom/i_rtl.i_quarter_table.i_rom_reg_a/opt_has_pipe.first_q_reg[12]/CE
  -------------------------------------------------------------------    -------------------

                         (clock pll_adc_clk rise edge)
                                                      8.000     8.000 r  
    U18                                               0.000     8.000 r  adc_clk_p_i (IN)
                         net (fo=0)                   0.000     8.000    adc_clk_p_i
    U18                  IBUFDS (Prop_ibufds_I_O)     0.940     8.940 r  i_clk/O
                         net (fo=1, routed)           1.181    10.121    pll/adc_clk_in
    PLLE2_ADV_X0Y0       PLLE2_ADV (Prop_plle2_adv_CLKIN1_CLKOUT0)
                                                     -7.650     2.470 r  pll/pll/CLKOUT0
                         net (fo=1, routed)           1.594     4.065    lopt_2
    BUFGCTRL_X0Y0        BUFG (Prop_bufg_I_O)         0.091     4.156 r  bufg_adc_clk/O
                         net (fo=15663, routed)       1.489     5.645    dpll_wrapper_inst/dpll_single_clock_core_stage_a_inst/tracking_lo_dds_inst/U0/i_synth/i_dds/I_SINCOS.i_std_rom.i_rom/i_rtl.i_quarter_table.i_rom_reg_a/aclk
    SLICE_X35Y30         FDRE                                         r  dpll_wrapper_inst/dpll_single_clock_core_stage_a_inst/tracking_lo_dds_inst/U0/i_synth/i_dds/I_SINCOS.i_std_rom.i_rom/i_rtl.i_quarter_table.i_rom_reg_a/opt_has_pipe.first_q_reg[12]/C
                         clock pessimism             -0.544     5.101    
                         clock uncertainty           -0.069     5.032    
    SLICE_X35Y30         FDRE (Setup_fdre_C_CE)      -0.380     4.652    dpll_wrapper_inst/dpll_single_clock_core_stage_a_inst/tracking_lo_dds_inst/U0/i_synth/i_dds/I_SINCOS.i_std_rom.i_rom/i_rtl.i_quarter_table.i_rom_reg_a/opt_has_pipe.first_q_reg[12]
  -------------------------------------------------------------------
                         required time                          4.652    
                         arrival time                          -4.483    
  -------------------------------------------------------------------
                         slack                                  0.169    

Slack (MET) :             0.240ns  (required time - arrival time)
  Source:                 dpll_wrapper_inst/dpll_single_clock_core_stage_a_inst/nco_word_ready_dds_r_reg/C
                            (rising edge-triggered cell FDRE clocked by pll_adc_clk  {rise@0.000ns fall@4.000ns period=8.000ns})
  Destination:            dpll_wrapper_inst/dpll_single_clock_core_stage_a_inst/tracking_lo_dds_inst/U0/i_synth/i_dds/I_SINCOS.i_std_rom.i_rom/i_rtl.i_quarter_table.i_block_rom.i_pipe_1.pre_asyn_sin_RAM_op_reg_6/ENBWREN
                            (rising edge-triggered cell RAMB36E1 clocked by pll_adc_clk  {rise@0.000ns fall@4.000ns period=8.000ns})
  Path Group:             pll_adc_clk
  Path Type:              Setup (Max at Slow Process Corner)
  Requirement:            8.000ns  (pll_adc_clk rise@8.000ns - pll_adc_clk rise@0.000ns)
  Data Path Delay:        6.947ns  (logic 0.419ns (6.032%)  route 6.528ns (93.969%))
  Logic Levels:           0  
  Clock Path Skew:        -0.126ns (DCD - SCD + CPR)
    Destination Clock Delay (DCD):    -2.319ns = ( 5.681 - 8.000 ) 
    Source Clock Delay      (SCD):    -2.737ns
    Clock Pessimism Removal (CPR):    -0.544ns
  Clock Uncertainty:      0.069ns  ((TSJ^2 + DJ^2)^1/2) / 2 + PE
    Total System Jitter     (TSJ):    0.071ns
    Discrete Jitter          (DJ):    0.118ns
    Phase Error              (PE):    0.000ns

    Location             Delay type                Incr(ns)  Path(ns)    Netlist Resource(s)
  -------------------------------------------------------------------    -------------------
                         (clock pll_adc_clk rise edge)
                                                      0.000     0.000 r  
    U18                                               0.000     0.000 r  adc_clk_p_i (IN)
                         net (fo=0)                   0.000     0.000    adc_clk_p_i
    U18                  IBUFDS (Prop_ibufds_I_O)     0.983     0.983 r  i_clk/O
                         net (fo=1, routed)           1.306     2.289    pll/adc_clk_in
    PLLE2_ADV_X0Y0       PLLE2_ADV (Prop_plle2_adv_CLKIN1_CLKOUT0)
                                                     -8.533    -6.244 r  pll/pll/CLKOUT0
                         net (fo=1, routed)           1.754    -4.490    lopt_2
    BUFGCTRL_X0Y0        BUFG (Prop_bufg_I_O)         0.101    -4.389 r  bufg_adc_clk/O
                         net (fo=15663, routed)       1.652    -2.737    dpll_wrapper_inst/dpll_single_clock_core_stage_a_inst/ps_sys_clk
    SLICE_X11Y76         FDRE                                         r  dpll_wrapper_inst/dpll_single_clock_core_stage_a_inst/nco_word_ready_dds_r_reg/C
  -------------------------------------------------------------------    -------------------
    SLICE_X11Y76         FDRE (Prop_fdre_C_Q)         0.419    -2.318 r  dpll_wrapper_inst/dpll_single_clock_core_stage_a_inst/nco_word_ready_dds_r_reg/Q
                         net (fo=282, routed)         6.528     4.210    dpll_wrapper_inst/dpll_single_clock_core_stage_a_inst/tracking_lo_dds_inst/U0/i_synth/i_dds/I_SINCOS.i_std_rom.i_rom/s_axis_phase_tvalid
    RAMB36_X2Y6          RAMB36E1                                     r  dpll_wrapper_inst/dpll_single_clock_core_stage_a_inst/tracking_lo_dds_inst/U0/i_synth/i_dds/I_SINCOS.i_std_rom.i_rom/i_rtl.i_quarter_table.i_block_rom.i_pipe_1.pre_asyn_sin_RAM_op_reg_6/ENBWREN
  -------------------------------------------------------------------    -------------------

                         (clock pll_adc_clk rise edge)
                                                      8.000     8.000 r  
    U18                                               0.000     8.000 r  adc_clk_p_i (IN)
                         net (fo=0)                   0.000     8.000    adc_clk_p_i
    U18                  IBUFDS (Prop_ibufds_I_O)     0.940     8.940 r  i_clk/O
                         net (fo=1, routed)           1.181    10.121    pll/adc_clk_in
    PLLE2_ADV_X0Y0       PLLE2_ADV (Prop_plle2_adv_CLKIN1_CLKOUT0)
                                                     -7.650     2.470 r  pll/pll/CLKOUT0
                         net (fo=1, routed)           1.594     4.065    lopt_2
    BUFGCTRL_X0Y0        BUFG (Prop_bufg_I_O)         0.091     4.156 r  bufg_adc_clk/O
                         net (fo=15663, routed)       1.526     5.681    dpll_wrapper_inst/dpll_single_clock_core_stage_a_inst/tracking_lo_dds_inst/U0/i_synth/i_dds/I_SINCOS.i_std_rom.i_rom/aclk
    RAMB36_X2Y6          RAMB36E1                                     r  dpll_wrapper_inst/dpll_single_clock_core_stage_a_inst/tracking_lo_dds_inst/U0/i_synth/i_dds/I_SINCOS.i_std_rom.i_rom/i_rtl.i_quarter_table.i_block_rom.i_pipe_1.pre_asyn_sin_RAM_op_reg_6/CLKBWRCLK
                         clock pessimism             -0.544     5.137    
                         clock uncertainty           -0.069     5.068    
    RAMB36_X2Y6          RAMB36E1 (Setup_ramb36e1_CLKBWRCLK_ENBWREN)
                                                     -0.618     4.450    dpll_wrapper_inst/dpll_single_clock_core_stage_a_inst/tracking_lo_dds_inst/U0/i_synth/i_dds/I_SINCOS.i_std_rom.i_rom/i_rtl.i_quarter_table.i_block_rom.i_pipe_1.pre_asyn_sin_RAM_op_reg_6
  -------------------------------------------------------------------
                         required time                          4.450    
                         arrival time                          -4.210    
  -------------------------------------------------------------------
                         slack                                  0.240    

Slack (MET) :             0.323ns  (required time - arrival time)
  Source:                 dpll_wrapper_inst/dpll_single_clock_core_stage_a_inst/nco_word_ready_dds_r_reg/C
                            (rising edge-triggered cell FDRE clocked by pll_adc_clk  {rise@0.000ns fall@4.000ns period=8.000ns})
  Destination:            dpll_wrapper_inst/dpll_single_clock_core_stage_a_inst/tracking_lo_dds_inst/U0/i_synth/i_dds/I_SINCOS.i_std_rom.i_rom/i_rtl.i_quarter_table.i_block_rom.i_pipe_1.pre_asyn_sin_RAM_op_reg_6/REGCEB
                            (rising edge-triggered cell RAMB36E1 clocked by pll_adc_clk  {rise@0.000ns fall@4.000ns period=8.000ns})
  Path Group:             pll_adc_clk
  Path Type:              Setup (Max at Slow Process Corner)
  Requirement:            8.000ns  (pll_adc_clk rise@8.000ns - pll_adc_clk rise@0.000ns)
  Data Path Delay:        6.947ns  (logic 0.419ns (6.032%)  route 6.528ns (93.969%))
  Logic Levels:           0  
  Clock Path Skew:        -0.126ns (DCD - SCD + CPR)
    Destination Clock Delay (DCD):    -2.319ns = ( 5.681 - 8.000 ) 
    Source Clock Delay      (SCD):    -2.737ns
    Clock Pessimism Removal (CPR):    -0.544ns
  Clock Uncertainty:      0.069ns  ((TSJ^2 + DJ^2)^1/2) / 2 + PE
    Total System Jitter     (TSJ):    0.071ns
    Discrete Jitter          (DJ):    0.118ns
    Phase Error              (PE):    0.000ns

    Location             Delay type                Incr(ns)  Path(ns)    Netlist Resource(s)
  -------------------------------------------------------------------    -------------------
                         (clock pll_adc_clk rise edge)
                                                      0.000     0.000 r  
    U18                                               0.000     0.000 r  adc_clk_p_i (IN)
                         net (fo=0)                   0.000     0.000    adc_clk_p_i
    U18                  IBUFDS (Prop_ibufds_I_O)     0.983     0.983 r  i_clk/O
                         net (fo=1, routed)           1.306     2.289    pll/adc_clk_in
    PLLE2_ADV_X0Y0       PLLE2_ADV (Prop_plle2_adv_CLKIN1_CLKOUT0)
                                                     -8.533    -6.244 r  pll/pll/CLKOUT0
                         net (fo=1, routed)           1.754    -4.490    lopt_2
    BUFGCTRL_X0Y0        BUFG (Prop_bufg_I_O)         0.101    -4.389 r  bufg_adc_clk/O
                         net (fo=15663, routed)       1.652    -2.737    dpll_wrapper_inst/dpll_single_clock_core_stage_a_inst/ps_sys_clk
    SLICE_X11Y76         FDRE                                         r  dpll_wrapper_inst/dpll_single_clock_core_stage_a_inst/nco_word_ready_dds_r_reg/C
  -------------------------------------------------------------------    -------------------
    SLICE_X11Y76         FDRE (Prop_fdre_C_Q)         0.419    -2.318 r  dpll_wrapper_inst/dpll_single_clock_core_stage_a_inst/nco_word_ready_dds_r_reg/Q
                         net (fo=282, routed)         6.528     4.210    dpll_wrapper_inst/dpll_single_clock_core_stage_a_inst/tracking_lo_dds_inst/U0/i_synth/i_dds/I_SINCOS.i_std_rom.i_rom/s_axis_phase_tvalid
    RAMB36_X2Y6          RAMB36E1                                     r  dpll_wrapper_inst/dpll_single_clock_core_stage_a_inst/tracking_lo_dds_inst/U0/i_synth/i_dds/I_SINCOS.i_std_rom.i_rom/i_rtl.i_quarter_table.i_block_rom.i_pipe_1.pre_asyn_sin_RAM_op_reg_6/REGCEB
  -------------------------------------------------------------------    -------------------

                         (clock pll_adc_clk rise edge)
                                                      8.000     8.000 r  
    U18                                               0.000     8.000 r  adc_clk_p_i (IN)
                         net (fo=0)                   0.000     8.000    adc_clk_p_i
    U18                  IBUFDS (Prop_ibufds_I_O)     0.940     8.940 r  i_clk/O
                         net (fo=1, routed)           1.181    10.121    pll/adc_clk_in
    PLLE2_ADV_X0Y0       PLLE2_ADV (Prop_plle2_adv_CLKIN1_CLKOUT0)
                                                     -7.650     2.470 r  pll/pll/CLKOUT0
                         net (fo=1, routed)           1.594     4.065    lopt_2
    BUFGCTRL_X0Y0        BUFG (Prop_bufg_I_O)         0.091     4.156 r  bufg_adc_clk/O
                         net (fo=15663, routed)       1.526     5.681    dpll_wrapper_inst/dpll_single_clock_core_stage_a_inst/tracking_lo_dds_inst/U0/i_synth/i_dds/I_SINCOS.i_std_rom.i_rom/aclk
    RAMB36_X2Y6          RAMB36E1                                     r  dpll_wrapper_inst/dpll_single_clock_core_stage_a_inst/tracking_lo_dds_inst/U0/i_synth/i_dds/I_SINCOS.i_std_rom.i_rom/i_rtl.i_quarter_table.i_block_rom.i_pipe_1.pre_asyn_sin_RAM_op_reg_6/CLKBWRCLK
                         clock pessimism             -0.544     5.137    
                         clock uncertainty           -0.069     5.068    
    RAMB36_X2Y6          RAMB36E1 (Setup_ramb36e1_CLKBWRCLK_REGCEB)
                                                     -0.535     4.533    dpll_wrapper_inst/dpll_single_clock_core_stage_a_inst/tracking_lo_dds_inst/U0/i_synth/i_dds/I_SINCOS.i_std_rom.i_rom/i_rtl.i_quarter_table.i_block_rom.i_pipe_1.pre_asyn_sin_RAM_op_reg_6
  -------------------------------------------------------------------
                         required time                          4.533    
                         arrival time                          -4.210    
  -------------------------------------------------------------------
                         slack                                  0.323    

Slack (MET) :             0.328ns  (required time - arrival time)
  Source:                 dpll_wrapper_inst/dpll_single_clock_core_stage_a_inst/nco_word_ready_dds_r_reg/C
                            (rising edge-triggered cell FDRE clocked by pll_adc_clk  {rise@0.000ns fall@4.000ns period=8.000ns})
  Destination:            dpll_wrapper_inst/dpll_single_clock_core_stage_a_inst/tracking_lo_dds_inst/U0/i_synth/i_dds/I_SINCOS.i_std_rom.i_rom/i_rtl.i_quarter_table.i_block_rom.i_pipe_1.pre_asyn_sin_RAM_op_reg_6/REGCEAREGCE
                            (rising edge-triggered cell RAMB36E1 clocked by pll_adc_clk  {rise@0.000ns fall@4.000ns period=8.000ns})
  Path Group:             pll_adc_clk
  Path Type:              Setup (Max at Slow Process Corner)
  Requirement:            8.000ns  (pll_adc_clk rise@8.000ns - pll_adc_clk rise@0.000ns)
  Data Path Delay:        6.947ns  (logic 0.419ns (6.032%)  route 6.528ns (93.969%))
  Logic Levels:           0  
  Clock Path Skew:        -0.121ns (DCD - SCD + CPR)
    Destination Clock Delay (DCD):    -2.314ns = ( 5.686 - 8.000 ) 
    Source Clock Delay      (SCD):    -2.737ns
    Clock Pessimism Removal (CPR):    -0.544ns
  Clock Uncertainty:      0.069ns  ((TSJ^2 + DJ^2)^1/2) / 2 + PE
    Total System Jitter     (TSJ):    0.071ns
    Discrete Jitter          (DJ):    0.118ns
    Phase Error              (PE):    0.000ns

    Location             Delay type                Incr(ns)  Path(ns)    Netlist Resource(s)
  -------------------------------------------------------------------    -------------------
                         (clock pll_adc_clk rise edge)
                                                      0.000     0.000 r  
    U18                                               0.000     0.000 r  adc_clk_p_i (IN)
                         net (fo=0)                   0.000     0.000    adc_clk_p_i
    U18                  IBUFDS (Prop_ibufds_I_O)     0.983     0.983 r  i_clk/O
                         net (fo=1, routed)           1.306     2.289    pll/adc_clk_in
    PLLE2_ADV_X0Y0       PLLE2_ADV (Prop_plle2_adv_CLKIN1_CLKOUT0)
                                                     -8.533    -6.244 r  pll/pll/CLKOUT0
                         net (fo=1, routed)           1.754    -4.490    lopt_2
    BUFGCTRL_X0Y0        BUFG (Prop_bufg_I_O)         0.101    -4.389 r  bufg_adc_clk/O
                         net (fo=15663, routed)       1.652    -2.737    dpll_wrapper_inst/dpll_single_clock_core_stage_a_inst/ps_sys_clk
    SLICE_X11Y76         FDRE                                         r  dpll_wrapper_inst/dpll_single_clock_core_stage_a_inst/nco_word_ready_dds_r_reg/C
  -------------------------------------------------------------------    -------------------
    SLICE_X11Y76         FDRE (Prop_fdre_C_Q)         0.419    -2.318 r  dpll_wrapper_inst/dpll_single_clock_core_stage_a_inst/nco_word_ready_dds_r_reg/Q
                         net (fo=282, routed)         6.528     4.210    dpll_wrapper_inst/dpll_single_clock_core_stage_a_inst/tracking_lo_dds_inst/U0/i_synth/i_dds/I_SINCOS.i_std_rom.i_rom/s_axis_phase_tvalid
    RAMB36_X2Y6          RAMB36E1                                     r  dpll_wrapper_inst/dpll_single_clock_core_stage_a_inst/tracking_lo_dds_inst/U0/i_synth/i_dds/I_SINCOS.i_std_rom.i_rom/i_rtl.i_quarter_table.i_block_rom.i_pipe_1.pre_asyn_sin_RAM_op_reg_6/REGCEAREGCE
  -------------------------------------------------------------------    -------------------

                         (clock pll_adc_clk rise edge)
                                                      8.000     8.000 r  
    U18                                               0.000     8.000 r  adc_clk_p_i (IN)
                         net (fo=0)                   0.000     8.000    adc_clk_p_i
    U18                  IBUFDS (Prop_ibufds_I_O)     0.940     8.940 r  i_clk/O
                         net (fo=1, routed)           1.181    10.121    pll/adc_clk_in
    PLLE2_ADV_X0Y0       PLLE2_ADV (Prop_plle2_adv_CLKIN1_CLKOUT0)
                                                     -7.650     2.470 r  pll/pll/CLKOUT0
                         net (fo=1, routed)           1.594     4.065    lopt_2
    BUFGCTRL_X0Y0        BUFG (Prop_bufg_I_O)         0.091     4.156 r  bufg_adc_clk/O
                         net (fo=15663, routed)       1.531     5.686    dpll_wrapper_inst/dpll_single_clock_core_stage_a_inst/tracking_lo_dds_inst/U0/i_synth/i_dds/I_SINCOS.i_std_rom.i_rom/aclk
    RAMB36_X2Y6          RAMB36E1                                     r  dpll_wrapper_inst/dpll_single_clock_core_stage_a_inst/tracking_lo_dds_inst/U0/i_synth/i_dds/I_SINCOS.i_std_rom.i_rom/i_rtl.i_quarter_table.i_block_rom.i_pipe_1.pre_asyn_sin_RAM_op_reg_6/CLKARDCLK
                         clock pessimism             -0.544     5.142    
                         clock uncertainty           -0.069     5.073    
    RAMB36_X2Y6          RAMB36E1 (Setup_ramb36e1_CLKARDCLK_REGCEAREGCE)
                                                     -0.535     4.538    dpll_wrapper_inst/dpll_single_clock_core_stage_a_inst/tracking_lo_dds_inst/U0/i_synth/i_dds/I_SINCOS.i_std_rom.i_rom/i_rtl.i_quarter_table.i_block_rom.i_pipe_1.pre_asyn_sin_RAM_op_reg_6
  -------------------------------------------------------------------
                         required time                          4.538    
                         arrival time                          -4.210    
  -------------------------------------------------------------------
                         slack                                  0.328    

Slack (MET) :             0.427ns  (required time - arrival time)
  Source:                 dpll_wrapper_inst/dpll_single_clock_core_stage_a_inst/nco_word_ready_dds_r_reg/C
                            (rising edge-triggered cell FDRE clocked by pll_adc_clk  {rise@0.000ns fall@4.000ns period=8.000ns})
  Destination:            dpll_wrapper_inst/dpll_single_clock_core_stage_a_inst/tracking_lo_dds_inst/U0/i_synth/i_dds/I_SINCOS.i_std_rom.i_rom/i_rtl.i_quarter_table.i_block_rom.i_pipe_1.pre_asyn_sin_RAM_op_reg_2/REGCEB
                            (rising edge-triggered cell RAMB36E1 clocked by pll_adc_clk  {rise@0.000ns fall@4.000ns period=8.000ns})
  Path Group:             pll_adc_clk
  Path Type:              Setup (Max at Slow Process Corner)
  Requirement:            8.000ns  (pll_adc_clk rise@8.000ns - pll_adc_clk rise@0.000ns)
  Data Path Delay:        6.849ns  (logic 0.419ns (6.118%)  route 6.430ns (93.882%))
  Logic Levels:           0  
  Clock Path Skew:        -0.120ns (DCD - SCD + CPR)
    Destination Clock Delay (DCD):    -2.313ns = ( 5.687 - 8.000 ) 
    Source Clock Delay      (SCD):    -2.737ns
    Clock Pessimism Removal (CPR):    -0.544ns
  Clock Uncertainty:      0.069ns  ((TSJ^2 + DJ^2)^1/2) / 2 + PE
    Total System Jitter     (TSJ):    0.071ns
    Discrete Jitter          (DJ):    0.118ns
    Phase Error              (PE):    0.000ns

    Location             Delay type                Incr(ns)  Path(ns)    Netlist Resource(s)
  -------------------------------------------------------------------    -------------------
                         (clock pll_adc_clk rise edge)
                                                      0.000     0.000 r  
    U18                                               0.000     0.000 r  adc_clk_p_i (IN)
                         net (fo=0)                   0.000     0.000    adc_clk_p_i
    U18                  IBUFDS (Prop_ibufds_I_O)     0.983     0.983 r  i_clk/O
                         net (fo=1, routed)           1.306     2.289    pll/adc_clk_in
    PLLE2_ADV_X0Y0       PLLE2_ADV (Prop_plle2_adv_CLKIN1_CLKOUT0)
                                                     -8.533    -6.244 r  pll/pll/CLKOUT0
                         net (fo=1, routed)           1.754    -4.490    lopt_2
    BUFGCTRL_X0Y0        BUFG (Prop_bufg_I_O)         0.101    -4.389 r  bufg_adc_clk/O
                         net (fo=15663, routed)       1.652    -2.737    dpll_wrapper_inst/dpll_single_clock_core_stage_a_inst/ps_sys_clk
    SLICE_X11Y76         FDRE                                         r  dpll_wrapper_inst/dpll_single_clock_core_stage_a_inst/nco_word_ready_dds_r_reg/C
  -------------------------------------------------------------------    -------------------
    SLICE_X11Y76         FDRE (Prop_fdre_C_Q)         0.419    -2.318 r  dpll_wrapper_inst/dpll_single_clock_core_stage_a_inst/nco_word_ready_dds_r_reg/Q
                         net (fo=282, routed)         6.430     4.112    dpll_wrapper_inst/dpll_single_clock_core_stage_a_inst/tracking_lo_dds_inst/U0/i_synth/i_dds/I_SINCOS.i_std_rom.i_rom/s_axis_phase_tvalid
    RAMB36_X2Y7          RAMB36E1                                     r  dpll_wrapper_inst/dpll_single_clock_core_stage_a_inst/tracking_lo_dds_inst/U0/i_synth/i_dds/I_SINCOS.i_std_rom.i_rom/i_rtl.i_quarter_table.i_block_rom.i_pipe_1.pre_asyn_sin_RAM_op_reg_2/REGCEB
  -------------------------------------------------------------------    -------------------

                         (clock pll_adc_clk rise edge)
                                                      8.000     8.000 r  
    U18                                               0.000     8.000 r  adc_clk_p_i (IN)
                         net (fo=0)                   0.000     8.000    adc_clk_p_i
    U18                  IBUFDS (Prop_ibufds_I_O)     0.940     8.940 r  i_clk/O
                         net (fo=1, routed)           1.181    10.121    pll/adc_clk_in
    PLLE2_ADV_X0Y0       PLLE2_ADV (Prop_plle2_adv_CLKIN1_CLKOUT0)
                                                     -7.650     2.470 r  pll/pll/CLKOUT0
                         net (fo=1, routed)           1.594     4.065    lopt_2
    BUFGCTRL_X0Y0        BUFG (Prop_bufg_I_O)         0.091     4.156 r  bufg_adc_clk/O
                         net (fo=15663, routed)       1.532     5.687    dpll_wrapper_inst/dpll_single_clock_core_stage_a_inst/tracking_lo_dds_inst/U0/i_synth/i_dds/I_SINCOS.i_std_rom.i_rom/aclk
    RAMB36_X2Y7          RAMB36E1                                     r  dpll_wrapper_inst/dpll_single_clock_core_stage_a_inst/tracking_lo_dds_inst/U0/i_synth/i_dds/I_SINCOS.i_std_rom.i_rom/i_rtl.i_quarter_table.i_block_rom.i_pipe_1.pre_asyn_sin_RAM_op_reg_2/CLKBWRCLK
                         clock pessimism             -0.544     5.143    
                         clock uncertainty           -0.069     5.074    
    RAMB36_X2Y7          RAMB36E1 (Setup_ramb36e1_CLKBWRCLK_REGCEB)
                                                     -0.535     4.539    dpll_wrapper_inst/dpll_single_clock_core_stage_a_inst/tracking_lo_dds_inst/U0/i_synth/i_dds/I_SINCOS.i_std_rom.i_rom/i_rtl.i_quarter_table.i_block_rom.i_pipe_1.pre_asyn_sin_RAM_op_reg_2
  -------------------------------------------------------------------
                         required time                          4.539    
                         arrival time                          -4.112    
  -------------------------------------------------------------------
                         slack                                  0.427    

Slack (MET) :             0.429ns  (required time - arrival time)
  Source:                 dpll_wrapper_inst/cmd_datain_reg[6]/C
                            (rising edge-triggered cell FDCE clocked by pll_adc_clk  {rise@0.000ns fall@4.000ns period=8.000ns})
  Destination:            dpll_wrapper_inst/reg_warmup_samples/output_reg[6]/D
                            (rising edge-triggered cell FDRE clocked by pll_adc_clk  {rise@0.000ns fall@4.000ns period=8.000ns})
  Path Group:             pll_adc_clk
  Path Type:              Setup (Max at Slow Process Corner)
  Requirement:            8.000ns  (pll_adc_clk rise@8.000ns - pll_adc_clk rise@0.000ns)
  Data Path Delay:        7.116ns  (logic 0.419ns (5.889%)  route 6.697ns (94.111%))
  Logic Levels:           0  
  Clock Path Skew:        -0.119ns (DCD - SCD + CPR)
    Destination Clock Delay (DCD):    -2.292ns = ( 5.708 - 8.000 ) 
    Source Clock Delay      (SCD):    -2.717ns
    Clock Pessimism Removal (CPR):    -0.544ns
  Clock Uncertainty:      0.069ns  ((TSJ^2 + DJ^2)^1/2) / 2 + PE
    Total System Jitter     (TSJ):    0.071ns
    Discrete Jitter          (DJ):    0.118ns
    Phase Error              (PE):    0.000ns

    Location             Delay type                Incr(ns)  Path(ns)    Netlist Resource(s)
  -------------------------------------------------------------------    -------------------
                         (clock pll_adc_clk rise edge)
                                                      0.000     0.000 r  
    U18                                               0.000     0.000 r  adc_clk_p_i (IN)
                         net (fo=0)                   0.000     0.000    adc_clk_p_i
    U18                  IBUFDS (Prop_ibufds_I_O)     0.983     0.983 r  i_clk/O
                         net (fo=1, routed)           1.306     2.289    pll/adc_clk_in
    PLLE2_ADV_X0Y0       PLLE2_ADV (Prop_plle2_adv_CLKIN1_CLKOUT0)
                                                     -8.533    -6.244 r  pll/pll/CLKOUT0
                         net (fo=1, routed)           1.754    -4.490    lopt_2
    BUFGCTRL_X0Y0        BUFG (Prop_bufg_I_O)         0.101    -4.389 r  bufg_adc_clk/O
                         net (fo=15663, routed)       1.672    -2.717    dpll_wrapper_inst/ps_sys_clk
    SLICE_X14Y37         FDCE                                         r  dpll_wrapper_inst/cmd_datain_reg[6]/C
  -------------------------------------------------------------------    -------------------
    SLICE_X14Y37         FDCE (Prop_fdce_C_Q)         0.419    -2.298 r  dpll_wrapper_inst/cmd_datain_reg[6]/Q
                         net (fo=40, routed)          6.697     4.399    dpll_wrapper_inst/reg_warmup_samples/output_reg[15]_1[6]
    SLICE_X36Y71         FDRE                                         r  dpll_wrapper_inst/reg_warmup_samples/output_reg[6]/D
  -------------------------------------------------------------------    -------------------

                         (clock pll_adc_clk rise edge)
                                                      8.000     8.000 r  
    U18                                               0.000     8.000 r  adc_clk_p_i (IN)
                         net (fo=0)                   0.000     8.000    adc_clk_p_i
    U18                  IBUFDS (Prop_ibufds_I_O)     0.940     8.940 r  i_clk/O
                         net (fo=1, routed)           1.181    10.121    pll/adc_clk_in
    PLLE2_ADV_X0Y0       PLLE2_ADV (Prop_plle2_adv_CLKIN1_CLKOUT0)
                                                     -7.650     2.470 r  pll/pll/CLKOUT0
                         net (fo=1, routed)           1.594     4.065    lopt_2
    BUFGCTRL_X0Y0        BUFG (Prop_bufg_I_O)         0.091     4.156 r  bufg_adc_clk/O
                         net (fo=15663, routed)       1.553     5.708    dpll_wrapper_inst/reg_warmup_samples/ps_sys_clk
    SLICE_X36Y71         FDRE                                         r  dpll_wrapper_inst/reg_warmup_samples/output_reg[6]/C
                         clock pessimism             -0.544     5.164    
                         clock uncertainty           -0.069     5.095    
    SLICE_X36Y71         FDRE (Setup_fdre_C_D)       -0.267     4.828    dpll_wrapper_inst/reg_warmup_samples/output_reg[6]
  -------------------------------------------------------------------
                         required time                          4.828    
                         arrival time                          -4.399    
  -------------------------------------------------------------------
                         slack                                  0.429    

Slack (MET) :             0.442ns  (required time - arrival time)
  Source:                 dpll_wrapper_inst/cmd_datain_reg[5]/C
                            (rising edge-triggered cell FDCE clocked by pll_adc_clk  {rise@0.000ns fall@4.000ns period=8.000ns})
  Destination:            dpll_wrapper_inst/reg_neg_limit/output_reg[5]/D
                            (rising edge-triggered cell FDRE clocked by pll_adc_clk  {rise@0.000ns fall@4.000ns period=8.000ns})
  Path Group:             pll_adc_clk
  Path Type:              Setup (Max at Slow Process Corner)
  Requirement:            8.000ns  (pll_adc_clk rise@8.000ns - pll_adc_clk rise@0.000ns)
  Data Path Delay:        7.068ns  (logic 0.478ns (6.763%)  route 6.590ns (93.237%))
  Logic Levels:           0  
  Clock Path Skew:        -0.186ns (DCD - SCD + CPR)
    Destination Clock Delay (DCD):    -2.362ns = ( 5.638 - 8.000 ) 
    Source Clock Delay      (SCD):    -2.720ns
    Clock Pessimism Removal (CPR):    -0.544ns
  Clock Uncertainty:      0.069ns  ((TSJ^2 + DJ^2)^1/2) / 2 + PE
    Total System Jitter     (TSJ):    0.071ns
    Discrete Jitter          (DJ):    0.118ns
    Phase Error              (PE):    0.000ns

    Location             Delay type                Incr(ns)  Path(ns)    Netlist Resource(s)
  -------------------------------------------------------------------    -------------------
                         (clock pll_adc_clk rise edge)
                                                      0.000     0.000 r  
    U18                                               0.000     0.000 r  adc_clk_p_i (IN)
                         net (fo=0)                   0.000     0.000    adc_clk_p_i
    U18                  IBUFDS (Prop_ibufds_I_O)     0.983     0.983 r  i_clk/O
                         net (fo=1, routed)           1.306     2.289    pll/adc_clk_in
    PLLE2_ADV_X0Y0       PLLE2_ADV (Prop_plle2_adv_CLKIN1_CLKOUT0)
                                                     -8.533    -6.244 r  pll/pll/CLKOUT0
                         net (fo=1, routed)           1.754    -4.490    lopt_2
    BUFGCTRL_X0Y0        BUFG (Prop_bufg_I_O)         0.101    -4.389 r  bufg_adc_clk/O
                         net (fo=15663, routed)       1.669    -2.720    dpll_wrapper_inst/ps_sys_clk
    SLICE_X16Y36         FDCE                                         r  dpll_wrapper_inst/cmd_datain_reg[5]/C
  -------------------------------------------------------------------    -------------------
    SLICE_X16Y36         FDCE (Prop_fdce_C_Q)         0.478    -2.242 r  dpll_wrapper_inst/cmd_datain_reg[5]/Q
                         net (fo=41, routed)          6.590     4.348    dpll_wrapper_inst/reg_neg_limit/output_reg[31]_2[5]
    SLICE_X15Y82         FDRE                                         r  dpll_wrapper_inst/reg_neg_limit/output_reg[5]/D
  -------------------------------------------------------------------    -------------------

                         (clock pll_adc_clk rise edge)
                                                      8.000     8.000 r  
    U18                                               0.000     8.000 r  adc_clk_p_i (IN)
                         net (fo=0)                   0.000     8.000    adc_clk_p_i
    U18                  IBUFDS (Prop_ibufds_I_O)     0.940     8.940 r  i_clk/O
                         net (fo=1, routed)           1.181    10.121    pll/adc_clk_in
    PLLE2_ADV_X0Y0       PLLE2_ADV (Prop_plle2_adv_CLKIN1_CLKOUT0)
                                                     -7.650     2.470 r  pll/pll/CLKOUT0
                         net (fo=1, routed)           1.594     4.065    lopt_2
    BUFGCTRL_X0Y0        BUFG (Prop_bufg_I_O)         0.091     4.156 r  bufg_adc_clk/O
                         net (fo=15663, routed)       1.483     5.638    dpll_wrapper_inst/reg_neg_limit/ps_sys_clk
    SLICE_X15Y82         FDRE                                         r  dpll_wrapper_inst/reg_neg_limit/output_reg[5]/C
                         clock pessimism             -0.544     5.094    
                         clock uncertainty           -0.069     5.025    
    SLICE_X15Y82         FDRE (Setup_fdre_C_D)       -0.235     4.790    dpll_wrapper_inst/reg_neg_limit/output_reg[5]
  -------------------------------------------------------------------
                         required time                          4.790    
                         arrival time                          -4.348    
  -------------------------------------------------------------------
                         slack                                  0.442    

Slack (MET) :             0.442ns  (required time - arrival time)
  Source:                 i_ps/axi_slave_gp0/wr_awaddr_reg[8]/C
                            (rising edge-triggered cell FDRE clocked by pll_adc_clk  {rise@0.000ns fall@4.000ns period=8.000ns})
  Destination:            i_hk/led_o_reg[2]/CE
                            (rising edge-triggered cell FDRE clocked by pll_adc_clk  {rise@0.000ns fall@4.000ns period=8.000ns})
  Path Group:             pll_adc_clk
  Path Type:              Setup (Max at Slow Process Corner)
  Requirement:            8.000ns  (pll_adc_clk rise@8.000ns - pll_adc_clk rise@0.000ns)
  Data Path Delay:        7.149ns  (logic 1.407ns (19.682%)  route 5.742ns (80.318%))
  Logic Levels:           5  (LUT3=1 LUT5=2 LUT6=2)
  Clock Path Skew:        -0.136ns (DCD - SCD + CPR)
    Destination Clock Delay (DCD):    -2.277ns = ( 5.723 - 8.000 ) 
    Source Clock Delay      (SCD):    -2.672ns
    Clock Pessimism Removal (CPR):    -0.530ns
  Clock Uncertainty:      0.069ns  ((TSJ^2 + DJ^2)^1/2) / 2 + PE
    Total System Jitter     (TSJ):    0.071ns
    Discrete Jitter          (DJ):    0.118ns
    Phase Error              (PE):    0.000ns

    Location             Delay type                Incr(ns)  Path(ns)    Netlist Resource(s)
  -------------------------------------------------------------------    -------------------
                         (clock pll_adc_clk rise edge)
                                                      0.000     0.000 r  
    U18                                               0.000     0.000 r  adc_clk_p_i (IN)
                         net (fo=0)                   0.000     0.000    adc_clk_p_i
    U18                  IBUFDS (Prop_ibufds_I_O)     0.983     0.983 r  i_clk/O
                         net (fo=1, routed)           1.306     2.289    pll/adc_clk_in
    PLLE2_ADV_X0Y0       PLLE2_ADV (Prop_plle2_adv_CLKIN1_CLKOUT0)
                                                     -8.533    -6.244 r  pll/pll/CLKOUT0
                         net (fo=1, routed)           1.754    -4.490    lopt_2
    BUFGCTRL_X0Y0        BUFG (Prop_bufg_I_O)         0.101    -4.389 r  bufg_adc_clk/O
                         net (fo=15663, routed)       1.717    -2.672    i_ps/axi_slave_gp0/ps_sys_clk
    SLICE_X5Y31          FDRE                                         r  i_ps/axi_slave_gp0/wr_awaddr_reg[8]/C
  -------------------------------------------------------------------    -------------------
    SLICE_X5Y31          FDRE (Prop_fdre_C_Q)         0.419    -2.253 f  i_ps/axi_slave_gp0/wr_awaddr_reg[8]/Q
                         net (fo=10, routed)          1.196    -1.057    i_ps/axi_slave_gp0/wr_awaddr[8]
    SLICE_X6Y29          LUT3 (Prop_lut3_I2_O)        0.296    -0.761 f  i_ps/axi_slave_gp0/cmd_addr[6]_i_1/O
                         net (fo=23, routed)          1.021     0.260    i_ps/axi_slave_gp0/rd_araddr_reg[8]_0
    SLICE_X7Y30          LUT6 (Prop_lut6_I0_O)        0.124     0.384 r  i_ps/axi_slave_gp0/sys_rdata[23]_i_4__0/O
                         net (fo=2, routed)           1.037     1.421    i_ps/axi_slave_gp0/sys_rdata[23]_i_4__0_n_0
    SLICE_X19Y30         LUT5 (Prop_lut5_I4_O)        0.124     1.545 f  i_ps/axi_slave_gp0/sys_rdata[23]_i_3__0/O
                         net (fo=4, routed)           0.989     2.534    i_ps/axi_slave_gp0/sys_rdata[23]_i_3__0_n_0
    SLICE_X29Y29         LUT5 (Prop_lut5_I4_O)        0.118     2.652 r  i_ps/axi_slave_gp0/exp_p_dir_o[7]_i_2/O
                         net (fo=6, routed)           0.787     3.439    i_ps/axi_slave_gp0/exp_p_dir_o[7]_i_2_n_0
    SLICE_X33Y32         LUT6 (Prop_lut6_I0_O)        0.326     3.765 r  i_ps/axi_slave_gp0/led_o[7]_i_1/O
                         net (fo=8, routed)           0.712     4.477    i_hk/led_o_reg[7]_2[0]
    SLICE_X36Y32         FDRE                                         r  i_hk/led_o_reg[2]/CE
  -------------------------------------------------------------------    -------------------

                         (clock pll_adc_clk rise edge)
                                                      8.000     8.000 r  
    U18                                               0.000     8.000 r  adc_clk_p_i (IN)
                         net (fo=0)                   0.000     8.000    adc_clk_p_i
    U18                  IBUFDS (Prop_ibufds_I_O)     0.940     8.940 r  i_clk/O
                         net (fo=1, routed)           1.181    10.121    pll/adc_clk_in
    PLLE2_ADV_X0Y0       PLLE2_ADV (Prop_plle2_adv_CLKIN1_CLKOUT0)
                                                     -7.650     2.470 r  pll/pll/CLKOUT0
                         net (fo=1, routed)           1.594     4.065    lopt_2
    BUFGCTRL_X0Y0        BUFG (Prop_bufg_I_O)         0.091     4.156 r  bufg_adc_clk/O
                         net (fo=15663, routed)       1.567     5.723    i_hk/ps_sys_clk
    SLICE_X36Y32         FDRE                                         r  i_hk/led_o_reg[2]/C
                         clock pessimism             -0.530     5.193    
                         clock uncertainty           -0.069     5.124    
    SLICE_X36Y32         FDRE (Setup_fdre_C_CE)      -0.205     4.919    i_hk/led_o_reg[2]
  -------------------------------------------------------------------
                         required time                          4.919    
                         arrival time                          -4.477    
  -------------------------------------------------------------------
                         slack                                  0.442    

Slack (MET) :             0.442ns  (required time - arrival time)
  Source:                 i_ps/axi_slave_gp0/wr_awaddr_reg[8]/C
                            (rising edge-triggered cell FDRE clocked by pll_adc_clk  {rise@0.000ns fall@4.000ns period=8.000ns})
  Destination:            i_hk/led_o_reg[3]/CE
                            (rising edge-triggered cell FDSE clocked by pll_adc_clk  {rise@0.000ns fall@4.000ns period=8.000ns})
  Path Group:             pll_adc_clk
  Path Type:              Setup (Max at Slow Process Corner)
  Requirement:            8.000ns  (pll_adc_clk rise@8.000ns - pll_adc_clk rise@0.000ns)
  Data Path Delay:        7.149ns  (logic 1.407ns (19.682%)  route 5.742ns (80.318%))
  Logic Levels:           5  (LUT3=1 LUT5=2 LUT6=2)
  Clock Path Skew:        -0.136ns (DCD - SCD + CPR)
    Destination Clock Delay (DCD):    -2.277ns = ( 5.723 - 8.000 ) 
    Source Clock Delay      (SCD):    -2.672ns
    Clock Pessimism Removal (CPR):    -0.530ns
  Clock Uncertainty:      0.069ns  ((TSJ^2 + DJ^2)^1/2) / 2 + PE
    Total System Jitter     (TSJ):    0.071ns
    Discrete Jitter          (DJ):    0.118ns
    Phase Error              (PE):    0.000ns

    Location             Delay type                Incr(ns)  Path(ns)    Netlist Resource(s)
  -------------------------------------------------------------------    -------------------
                         (clock pll_adc_clk rise edge)
                                                      0.000     0.000 r  
    U18                                               0.000     0.000 r  adc_clk_p_i (IN)
                         net (fo=0)                   0.000     0.000    adc_clk_p_i
    U18                  IBUFDS (Prop_ibufds_I_O)     0.983     0.983 r  i_clk/O
                         net (fo=1, routed)           1.306     2.289    pll/adc_clk_in
    PLLE2_ADV_X0Y0       PLLE2_ADV (Prop_plle2_adv_CLKIN1_CLKOUT0)
                                                     -8.533    -6.244 r  pll/pll/CLKOUT0
                         net (fo=1, routed)           1.754    -4.490    lopt_2
    BUFGCTRL_X0Y0        BUFG (Prop_bufg_I_O)         0.101    -4.389 r  bufg_adc_clk/O
                         net (fo=15663, routed)       1.717    -2.672    i_ps/axi_slave_gp0/ps_sys_clk
    SLICE_X5Y31          FDRE                                         r  i_ps/axi_slave_gp0/wr_awaddr_reg[8]/C
  -------------------------------------------------------------------    -------------------
    SLICE_X5Y31          FDRE (Prop_fdre_C_Q)         0.419    -2.253 f  i_ps/axi_slave_gp0/wr_awaddr_reg[8]/Q
                         net (fo=10, routed)          1.196    -1.057    i_ps/axi_slave_gp0/wr_awaddr[8]
    SLICE_X6Y29          LUT3 (Prop_lut3_I2_O)        0.296    -0.761 f  i_ps/axi_slave_gp0/cmd_addr[6]_i_1/O
                         net (fo=23, routed)          1.021     0.260    i_ps/axi_slave_gp0/rd_araddr_reg[8]_0
    SLICE_X7Y30          LUT6 (Prop_lut6_I0_O)        0.124     0.384 r  i_ps/axi_slave_gp0/sys_rdata[23]_i_4__0/O
                         net (fo=2, routed)           1.037     1.421    i_ps/axi_slave_gp0/sys_rdata[23]_i_4__0_n_0
    SLICE_X19Y30         LUT5 (Prop_lut5_I4_O)        0.124     1.545 f  i_ps/axi_slave_gp0/sys_rdata[23]_i_3__0/O
                         net (fo=4, routed)           0.989     2.534    i_ps/axi_slave_gp0/sys_rdata[23]_i_3__0_n_0
    SLICE_X29Y29         LUT5 (Prop_lut5_I4_O)        0.118     2.652 r  i_ps/axi_slave_gp0/exp_p_dir_o[7]_i_2/O
                         net (fo=6, routed)           0.787     3.439    i_ps/axi_slave_gp0/exp_p_dir_o[7]_i_2_n_0
    SLICE_X33Y32         LUT6 (Prop_lut6_I0_O)        0.326     3.765 r  i_ps/axi_slave_gp0/led_o[7]_i_1/O
                         net (fo=8, routed)           0.712     4.477    i_hk/led_o_reg[7]_2[0]
    SLICE_X36Y32         FDSE                                         r  i_hk/led_o_reg[3]/CE
  -------------------------------------------------------------------    -------------------

                         (clock pll_adc_clk rise edge)
                                                      8.000     8.000 r  
    U18                                               0.000     8.000 r  adc_clk_p_i (IN)
                         net (fo=0)                   0.000     8.000    adc_clk_p_i
    U18                  IBUFDS (Prop_ibufds_I_O)     0.940     8.940 r  i_clk/O
                         net (fo=1, routed)           1.181    10.121    pll/adc_clk_in
    PLLE2_ADV_X0Y0       PLLE2_ADV (Prop_plle2_adv_CLKIN1_CLKOUT0)
                                                     -7.650     2.470 r  pll/pll/CLKOUT0
                         net (fo=1, routed)           1.594     4.065    lopt_2
    BUFGCTRL_X0Y0        BUFG (Prop_bufg_I_O)         0.091     4.156 r  bufg_adc_clk/O
                         net (fo=15663, routed)       1.567     5.723    i_hk/ps_sys_clk
    SLICE_X36Y32         FDSE                                         r  i_hk/led_o_reg[3]/C
                         clock pessimism             -0.530     5.193    
                         clock uncertainty           -0.069     5.124    
    SLICE_X36Y32         FDSE (Setup_fdse_C_CE)      -0.205     4.919    i_hk/led_o_reg[3]
  -------------------------------------------------------------------
                         required time                          4.919    
                         arrival time                          -4.477    
  -------------------------------------------------------------------
                         slack                                  0.442    

Slack (MET) :             0.442ns  (required time - arrival time)
  Source:                 i_ps/axi_slave_gp0/wr_awaddr_reg[8]/C
                            (rising edge-triggered cell FDRE clocked by pll_adc_clk  {rise@0.000ns fall@4.000ns period=8.000ns})
  Destination:            i_hk/led_o_reg[4]/CE
                            (rising edge-triggered cell FDRE clocked by pll_adc_clk  {rise@0.000ns fall@4.000ns period=8.000ns})
  Path Group:             pll_adc_clk
  Path Type:              Setup (Max at Slow Process Corner)
  Requirement:            8.000ns  (pll_adc_clk rise@8.000ns - pll_adc_clk rise@0.000ns)
  Data Path Delay:        7.149ns  (logic 1.407ns (19.682%)  route 5.742ns (80.318%))
  Logic Levels:           5  (LUT3=1 LUT5=2 LUT6=2)
  Clock Path Skew:        -0.136ns (DCD - SCD + CPR)
    Destination Clock Delay (DCD):    -2.277ns = ( 5.723 - 8.000 ) 
    Source Clock Delay      (SCD):    -2.672ns
    Clock Pessimism Removal (CPR):    -0.530ns
  Clock Uncertainty:      0.069ns  ((TSJ^2 + DJ^2)^1/2) / 2 + PE
    Total System Jitter     (TSJ):    0.071ns
    Discrete Jitter          (DJ):    0.118ns
    Phase Error              (PE):    0.000ns

    Location             Delay type                Incr(ns)  Path(ns)    Netlist Resource(s)
  -------------------------------------------------------------------    -------------------
                         (clock pll_adc_clk rise edge)
                                                      0.000     0.000 r  
    U18                                               0.000     0.000 r  adc_clk_p_i (IN)
                         net (fo=0)                   0.000     0.000    adc_clk_p_i
    U18                  IBUFDS (Prop_ibufds_I_O)     0.983     0.983 r  i_clk/O
                         net (fo=1, routed)           1.306     2.289    pll/adc_clk_in
    PLLE2_ADV_X0Y0       PLLE2_ADV (Prop_plle2_adv_CLKIN1_CLKOUT0)
                                                     -8.533    -6.244 r  pll/pll/CLKOUT0
                         net (fo=1, routed)           1.754    -4.490    lopt_2
    BUFGCTRL_X0Y0        BUFG (Prop_bufg_I_O)         0.101    -4.389 r  bufg_adc_clk/O
                         net (fo=15663, routed)       1.717    -2.672    i_ps/axi_slave_gp0/ps_sys_clk
    SLICE_X5Y31          FDRE                                         r  i_ps/axi_slave_gp0/wr_awaddr_reg[8]/C
  -------------------------------------------------------------------    -------------------
    SLICE_X5Y31          FDRE (Prop_fdre_C_Q)         0.419    -2.253 f  i_ps/axi_slave_gp0/wr_awaddr_reg[8]/Q
                         net (fo=10, routed)          1.196    -1.057    i_ps/axi_slave_gp0/wr_awaddr[8]
    SLICE_X6Y29          LUT3 (Prop_lut3_I2_O)        0.296    -0.761 f  i_ps/axi_slave_gp0/cmd_addr[6]_i_1/O
                         net (fo=23, routed)          1.021     0.260    i_ps/axi_slave_gp0/rd_araddr_reg[8]_0
    SLICE_X7Y30          LUT6 (Prop_lut6_I0_O)        0.124     0.384 r  i_ps/axi_slave_gp0/sys_rdata[23]_i_4__0/O
                         net (fo=2, routed)           1.037     1.421    i_ps/axi_slave_gp0/sys_rdata[23]_i_4__0_n_0
    SLICE_X19Y30         LUT5 (Prop_lut5_I4_O)        0.124     1.545 f  i_ps/axi_slave_gp0/sys_rdata[23]_i_3__0/O
                         net (fo=4, routed)           0.989     2.534    i_ps/axi_slave_gp0/sys_rdata[23]_i_3__0_n_0
    SLICE_X29Y29         LUT5 (Prop_lut5_I4_O)        0.118     2.652 r  i_ps/axi_slave_gp0/exp_p_dir_o[7]_i_2/O
                         net (fo=6, routed)           0.787     3.439    i_ps/axi_slave_gp0/exp_p_dir_o[7]_i_2_n_0
    SLICE_X33Y32         LUT6 (Prop_lut6_I0_O)        0.326     3.765 r  i_ps/axi_slave_gp0/led_o[7]_i_1/O
                         net (fo=8, routed)           0.712     4.477    i_hk/led_o_reg[7]_2[0]
    SLICE_X36Y32         FDRE                                         r  i_hk/led_o_reg[4]/CE
  -------------------------------------------------------------------    -------------------

                         (clock pll_adc_clk rise edge)
                                                      8.000     8.000 r  
    U18                                               0.000     8.000 r  adc_clk_p_i (IN)
                         net (fo=0)                   0.000     8.000    adc_clk_p_i
    U18                  IBUFDS (Prop_ibufds_I_O)     0.940     8.940 r  i_clk/O
                         net (fo=1, routed)           1.181    10.121    pll/adc_clk_in
    PLLE2_ADV_X0Y0       PLLE2_ADV (Prop_plle2_adv_CLKIN1_CLKOUT0)
                                                     -7.650     2.470 r  pll/pll/CLKOUT0
                         net (fo=1, routed)           1.594     4.065    lopt_2
    BUFGCTRL_X0Y0        BUFG (Prop_bufg_I_O)         0.091     4.156 r  bufg_adc_clk/O
                         net (fo=15663, routed)       1.567     5.723    i_hk/ps_sys_clk
    SLICE_X36Y32         FDRE                                         r  i_hk/led_o_reg[4]/C
                         clock pessimism             -0.530     5.193    
                         clock uncertainty           -0.069     5.124    
    SLICE_X36Y32         FDRE (Setup_fdre_C_CE)      -0.205     4.919    i_hk/led_o_reg[4]
  -------------------------------------------------------------------
                         required time                          4.919    
                         arrival time                          -4.477    
  -------------------------------------------------------------------
                         slack                                  0.442    





Min Delay Paths
--------------------------------------------------------------------------------------
Slack (MET) :             0.010ns  (arrival time - required time)
  Source:                 dpll_wrapper_inst/dpll_single_clock_core_stage_a_inst/post_iq_cic_inst/i_shift_stage5_reg[14]/C
                            (rising edge-triggered cell FDRE clocked by pll_adc_clk  {rise@0.000ns fall@4.000ns period=8.000ns})
  Destination:            dpll_wrapper_inst/dpll_single_clock_core_stage_a_inst/post_iq_cic_inst/i_shifted_reg[14]/D
                            (rising edge-triggered cell FDRE clocked by pll_adc_clk  {rise@0.000ns fall@4.000ns period=8.000ns})
  Path Group:             pll_adc_clk
  Path Type:              Hold (Min at Fast Process Corner)
  Requirement:            0.000ns  (pll_adc_clk rise@0.000ns - pll_adc_clk rise@0.000ns)
  Data Path Delay:        0.367ns  (logic 0.186ns (50.718%)  route 0.181ns (49.282%))
  Logic Levels:           1  (LUT3=1)
  Clock Path Skew:        0.265ns (DCD - SCD - CPR)
    Destination Clock Delay (DCD):    -0.229ns
    Source Clock Delay      (SCD):    -0.310ns
    Clock Pessimism Removal (CPR):    -0.184ns

    Location             Delay type                Incr(ns)  Path(ns)    Netlist Resource(s)
  -------------------------------------------------------------------    -------------------
                         (clock pll_adc_clk rise edge)
                                                      0.000     0.000 r  
    U18                                               0.000     0.000 r  adc_clk_p_i (IN)
                         net (fo=0)                   0.000     0.000    adc_clk_p_i
    U18                  IBUFDS (Prop_ibufds_I_O)     0.401     0.401 r  i_clk/O
                         net (fo=1, routed)           0.440     0.842    pll/adc_clk_in
    PLLE2_ADV_X0Y0       PLLE2_ADV (Prop_plle2_adv_CLKIN1_CLKOUT0)
                                                     -2.234    -1.393 r  pll/pll/CLKOUT0
                         net (fo=1, routed)           0.497    -0.896    lopt_2
    BUFGCTRL_X0Y0        BUFG (Prop_bufg_I_O)         0.026    -0.870 r  bufg_adc_clk/O
                         net (fo=15663, routed)       0.560    -0.310    dpll_wrapper_inst/dpll_single_clock_core_stage_a_inst/post_iq_cic_inst/ps_sys_clk
    SLICE_X22Y44         FDRE                                         r  dpll_wrapper_inst/dpll_single_clock_core_stage_a_inst/post_iq_cic_inst/i_shift_stage5_reg[14]/C
  -------------------------------------------------------------------    -------------------
    SLICE_X22Y44         FDRE (Prop_fdre_C_Q)         0.141    -0.169 r  dpll_wrapper_inst/dpll_single_clock_core_stage_a_inst/post_iq_cic_inst/i_shift_stage5_reg[14]/Q
                         net (fo=1, routed)           0.181     0.011    dpll_wrapper_inst/dpll_single_clock_core_stage_a_inst/post_iq_cic_inst/i_shift_stage5[14]
    SLICE_X21Y43         LUT3 (Prop_lut3_I2_O)        0.045     0.056 r  dpll_wrapper_inst/dpll_single_clock_core_stage_a_inst/post_iq_cic_inst/i_shifted[14]_i_1/O
                         net (fo=1, routed)           0.000     0.056    dpll_wrapper_inst/dpll_single_clock_core_stage_a_inst/post_iq_cic_inst/i_shifted[14]_i_1_n_0
    SLICE_X21Y43         FDRE                                         r  dpll_wrapper_inst/dpll_single_clock_core_stage_a_inst/post_iq_cic_inst/i_shifted_reg[14]/D
  -------------------------------------------------------------------    -------------------

                         (clock pll_adc_clk rise edge)
                                                      0.000     0.000 r  
    U18                                               0.000     0.000 r  adc_clk_p_i (IN)
                         net (fo=0)                   0.000     0.000    adc_clk_p_i
    U18                  IBUFDS (Prop_ibufds_I_O)     0.433     0.433 r  i_clk/O
                         net (fo=1, routed)           0.481     0.914    pll/adc_clk_in
    PLLE2_ADV_X0Y0       PLLE2_ADV (Prop_plle2_adv_CLKIN1_CLKOUT0)
                                                     -2.546    -1.632 r  pll/pll/CLKOUT0
                         net (fo=1, routed)           0.544    -1.088    lopt_2
    BUFGCTRL_X0Y0        BUFG (Prop_bufg_I_O)         0.029    -1.059 r  bufg_adc_clk/O
                         net (fo=15663, routed)       0.830    -0.229    dpll_wrapper_inst/dpll_single_clock_core_stage_a_inst/post_iq_cic_inst/ps_sys_clk
    SLICE_X21Y43         FDRE                                         r  dpll_wrapper_inst/dpll_single_clock_core_stage_a_inst/post_iq_cic_inst/i_shifted_reg[14]/C
                         clock pessimism              0.184    -0.045    
    SLICE_X21Y43         FDRE (Hold_fdre_C_D)         0.091     0.046    dpll_wrapper_inst/dpll_single_clock_core_stage_a_inst/post_iq_cic_inst/i_shifted_reg[14]
  -------------------------------------------------------------------
                         required time                         -0.046    
                         arrival time                           0.056    
  -------------------------------------------------------------------
                         slack                                  0.010    

Slack (MET) :             0.023ns  (arrival time - required time)
  Source:                 dpll_wrapper_inst/dpll_single_clock_core_stage_a_inst/post_iq_cic_inst/i_shifted_reg[13]/C
                            (rising edge-triggered cell FDRE clocked by pll_adc_clk  {rise@0.000ns fall@4.000ns period=8.000ns})
  Destination:            dpll_wrapper_inst/dpll_single_clock_core_stage_a_inst/post_iq_cic_inst/i_rounded_reg[13]/D
                            (rising edge-triggered cell FDRE clocked by pll_adc_clk  {rise@0.000ns fall@4.000ns period=8.000ns})
  Path Group:             pll_adc_clk
  Path Type:              Hold (Min at Fast Process Corner)
  Requirement:            0.000ns  (pll_adc_clk rise@0.000ns - pll_adc_clk rise@0.000ns)
  Data Path Delay:        0.286ns  (logic 0.128ns (44.746%)  route 0.158ns (55.254%))
  Logic Levels:           0  
  Clock Path Skew:        0.265ns (DCD - SCD - CPR)
    Destination Clock Delay (DCD):    -0.230ns
    Source Clock Delay      (SCD):    -0.311ns
    Clock Pessimism Removal (CPR):    -0.184ns

    Location             Delay type                Incr(ns)  Path(ns)    Netlist Resource(s)
  -------------------------------------------------------------------    -------------------
                         (clock pll_adc_clk rise edge)
                                                      0.000     0.000 r  
    U18                                               0.000     0.000 r  adc_clk_p_i (IN)
                         net (fo=0)                   0.000     0.000    adc_clk_p_i
    U18                  IBUFDS (Prop_ibufds_I_O)     0.401     0.401 r  i_clk/O
                         net (fo=1, routed)           0.440     0.842    pll/adc_clk_in
    PLLE2_ADV_X0Y0       PLLE2_ADV (Prop_plle2_adv_CLKIN1_CLKOUT0)
                                                     -2.234    -1.393 r  pll/pll/CLKOUT0
                         net (fo=1, routed)           0.497    -0.896    lopt_2
    BUFGCTRL_X0Y0        BUFG (Prop_bufg_I_O)         0.026    -0.870 r  bufg_adc_clk/O
                         net (fo=15663, routed)       0.559    -0.311    dpll_wrapper_inst/dpll_single_clock_core_stage_a_inst/post_iq_cic_inst/ps_sys_clk
    SLICE_X22Y42         FDRE                                         r  dpll_wrapper_inst/dpll_single_clock_core_stage_a_inst/post_iq_cic_inst/i_shifted_reg[13]/C
  -------------------------------------------------------------------    -------------------
    SLICE_X22Y42         FDRE (Prop_fdre_C_Q)         0.128    -0.183 r  dpll_wrapper_inst/dpll_single_clock_core_stage_a_inst/post_iq_cic_inst/i_shifted_reg[13]/Q
                         net (fo=1, routed)           0.158    -0.025    dpll_wrapper_inst/dpll_single_clock_core_stage_a_inst/post_iq_cic_inst/i_shifted[13]
    SLICE_X20Y42         FDRE                                         r  dpll_wrapper_inst/dpll_single_clock_core_stage_a_inst/post_iq_cic_inst/i_rounded_reg[13]/D
  -------------------------------------------------------------------    -------------------

                         (clock pll_adc_clk rise edge)
                                                      0.000     0.000 r  
    U18                                               0.000     0.000 r  adc_clk_p_i (IN)
                         net (fo=0)                   0.000     0.000    adc_clk_p_i
    U18                  IBUFDS (Prop_ibufds_I_O)     0.433     0.433 r  i_clk/O
                         net (fo=1, routed)           0.481     0.914    pll/adc_clk_in
    PLLE2_ADV_X0Y0       PLLE2_ADV (Prop_plle2_adv_CLKIN1_CLKOUT0)
                                                     -2.546    -1.632 r  pll/pll/CLKOUT0
                         net (fo=1, routed)           0.544    -1.088    lopt_2
    BUFGCTRL_X0Y0        BUFG (Prop_bufg_I_O)         0.029    -1.059 r  bufg_adc_clk/O
                         net (fo=15663, routed)       0.829    -0.230    dpll_wrapper_inst/dpll_single_clock_core_stage_a_inst/post_iq_cic_inst/ps_sys_clk
    SLICE_X20Y42         FDRE                                         r  dpll_wrapper_inst/dpll_single_clock_core_stage_a_inst/post_iq_cic_inst/i_rounded_reg[13]/C
                         clock pessimism              0.184    -0.046    
    SLICE_X20Y42         FDRE (Hold_fdre_C_D)        -0.002    -0.048    dpll_wrapper_inst/dpll_single_clock_core_stage_a_inst/post_iq_cic_inst/i_rounded_reg[13]
  -------------------------------------------------------------------
                         required time                          0.048    
                         arrival time                          -0.025    
  -------------------------------------------------------------------
                         slack                                  0.023    

Slack (MET) :             0.027ns  (arrival time - required time)
  Source:                 dpll_wrapper_inst/dpll_single_clock_core_stage_a_inst/post_iq_cic_inst/q_comb_d1_reg[30]/C
                            (rising edge-triggered cell FDRE clocked by pll_adc_clk  {rise@0.000ns fall@4.000ns period=8.000ns})
  Destination:            dpll_wrapper_inst/dpll_single_clock_core_stage_a_inst/post_iq_cic_inst/q_comb2_reg[30]/D
                            (rising edge-triggered cell FDRE clocked by pll_adc_clk  {rise@0.000ns fall@4.000ns period=8.000ns})
  Path Group:             pll_adc_clk
  Path Type:              Hold (Min at Fast Process Corner)
  Requirement:            0.000ns  (pll_adc_clk rise@0.000ns - pll_adc_clk rise@0.000ns)
  Data Path Delay:        0.432ns  (logic 0.251ns (58.141%)  route 0.181ns (41.859%))
  Logic Levels:           2  (CARRY4=1 LUT2=1)
  Clock Path Skew:        0.270ns (DCD - SCD - CPR)
    Destination Clock Delay (DCD):    -0.230ns
    Source Clock Delay      (SCD):    -0.311ns
    Clock Pessimism Removal (CPR):    -0.189ns

    Location             Delay type                Incr(ns)  Path(ns)    Netlist Resource(s)
  -------------------------------------------------------------------    -------------------
                         (clock pll_adc_clk rise edge)
                                                      0.000     0.000 r  
    U18                                               0.000     0.000 r  adc_clk_p_i (IN)
                         net (fo=0)                   0.000     0.000    adc_clk_p_i
    U18                  IBUFDS (Prop_ibufds_I_O)     0.401     0.401 r  i_clk/O
                         net (fo=1, routed)           0.440     0.842    pll/adc_clk_in
    PLLE2_ADV_X0Y0       PLLE2_ADV (Prop_plle2_adv_CLKIN1_CLKOUT0)
                                                     -2.234    -1.393 r  pll/pll/CLKOUT0
                         net (fo=1, routed)           0.497    -0.896    lopt_2
    BUFGCTRL_X0Y0        BUFG (Prop_bufg_I_O)         0.026    -0.870 r  bufg_adc_clk/O
                         net (fo=15663, routed)       0.559    -0.311    dpll_wrapper_inst/dpll_single_clock_core_stage_a_inst/post_iq_cic_inst/ps_sys_clk
    SLICE_X25Y50         FDRE                                         r  dpll_wrapper_inst/dpll_single_clock_core_stage_a_inst/post_iq_cic_inst/q_comb_d1_reg[30]/C
  -------------------------------------------------------------------    -------------------
    SLICE_X25Y50         FDRE (Prop_fdre_C_Q)         0.141    -0.170 r  dpll_wrapper_inst/dpll_single_clock_core_stage_a_inst/post_iq_cic_inst/q_comb_d1_reg[30]/Q
                         net (fo=1, routed)           0.181     0.010    dpll_wrapper_inst/dpll_single_clock_core_stage_a_inst/post_iq_cic_inst/q_comb_d1[30]
    SLICE_X24Y49         LUT2 (Prop_lut2_I1_O)        0.045     0.055 r  dpll_wrapper_inst/dpll_single_clock_core_stage_a_inst/post_iq_cic_inst/q_comb20_carry__6_i_2/O
                         net (fo=1, routed)           0.000     0.055    dpll_wrapper_inst/dpll_single_clock_core_stage_a_inst/post_iq_cic_inst/q_comb20_carry__6_i_2_n_0
    SLICE_X24Y49         CARRY4 (Prop_carry4_S[2]_O[2])
                                                      0.065     0.120 r  dpll_wrapper_inst/dpll_single_clock_core_stage_a_inst/post_iq_cic_inst/q_comb20_carry__6/O[2]
                         net (fo=1, routed)           0.000     0.120    dpll_wrapper_inst/dpll_single_clock_core_stage_a_inst/post_iq_cic_inst/q_comb20[30]
    SLICE_X24Y49         FDRE                                         r  dpll_wrapper_inst/dpll_single_clock_core_stage_a_inst/post_iq_cic_inst/q_comb2_reg[30]/D
  -------------------------------------------------------------------    -------------------

                         (clock pll_adc_clk rise edge)
                                                      0.000     0.000 r  
    U18                                               0.000     0.000 r  adc_clk_p_i (IN)
                         net (fo=0)                   0.000     0.000    adc_clk_p_i
    U18                  IBUFDS (Prop_ibufds_I_O)     0.433     0.433 r  i_clk/O
                         net (fo=1, routed)           0.481     0.914    pll/adc_clk_in
    PLLE2_ADV_X0Y0       PLLE2_ADV (Prop_plle2_adv_CLKIN1_CLKOUT0)
                                                     -2.546    -1.632 r  pll/pll/CLKOUT0
                         net (fo=1, routed)           0.544    -1.088    lopt_2
    BUFGCTRL_X0Y0        BUFG (Prop_bufg_I_O)         0.029    -1.059 r  bufg_adc_clk/O
                         net (fo=15663, routed)       0.829    -0.230    dpll_wrapper_inst/dpll_single_clock_core_stage_a_inst/post_iq_cic_inst/ps_sys_clk
    SLICE_X24Y49         FDRE                                         r  dpll_wrapper_inst/dpll_single_clock_core_stage_a_inst/post_iq_cic_inst/q_comb2_reg[30]/C
                         clock pessimism              0.189    -0.041    
    SLICE_X24Y49         FDRE (Hold_fdre_C_D)         0.134     0.093    dpll_wrapper_inst/dpll_single_clock_core_stage_a_inst/post_iq_cic_inst/q_comb2_reg[30]
  -------------------------------------------------------------------
                         required time                         -0.093    
                         arrival time                           0.120    
  -------------------------------------------------------------------
                         slack                                  0.027    

Slack (MET) :             0.028ns  (arrival time - required time)
  Source:                 dpll_wrapper_inst/dpll_single_clock_core_stage_a_inst/post_iq_cic_inst/i_shift_stage2_reg[19]/C
                            (rising edge-triggered cell FDRE clocked by pll_adc_clk  {rise@0.000ns fall@4.000ns period=8.000ns})
  Destination:            dpll_wrapper_inst/dpll_single_clock_core_stage_a_inst/post_iq_cic_inst/i_shift_stage3_reg[15]/D
                            (rising edge-triggered cell FDRE clocked by pll_adc_clk  {rise@0.000ns fall@4.000ns period=8.000ns})
  Path Group:             pll_adc_clk
  Path Type:              Hold (Min at Fast Process Corner)
  Requirement:            0.000ns  (pll_adc_clk rise@0.000ns - pll_adc_clk rise@0.000ns)
  Data Path Delay:        0.405ns  (logic 0.229ns (56.567%)  route 0.176ns (43.433%))
  Logic Levels:           1  (LUT3=1)
  Clock Path Skew:        0.270ns (DCD - SCD - CPR)
    Destination Clock Delay (DCD):    -0.230ns
    Source Clock Delay      (SCD):    -0.311ns
    Clock Pessimism Removal (CPR):    -0.189ns

    Location             Delay type                Incr(ns)  Path(ns)    Netlist Resource(s)
  -------------------------------------------------------------------    -------------------
                         (clock pll_adc_clk rise edge)
                                                      0.000     0.000 r  
    U18                                               0.000     0.000 r  adc_clk_p_i (IN)
                         net (fo=0)                   0.000     0.000    adc_clk_p_i
    U18                  IBUFDS (Prop_ibufds_I_O)     0.401     0.401 r  i_clk/O
                         net (fo=1, routed)           0.440     0.842    pll/adc_clk_in
    PLLE2_ADV_X0Y0       PLLE2_ADV (Prop_plle2_adv_CLKIN1_CLKOUT0)
                                                     -2.234    -1.393 r  pll/pll/CLKOUT0
                         net (fo=1, routed)           0.497    -0.896    lopt_2
    BUFGCTRL_X0Y0        BUFG (Prop_bufg_I_O)         0.026    -0.870 r  bufg_adc_clk/O
                         net (fo=15663, routed)       0.559    -0.311    dpll_wrapper_inst/dpll_single_clock_core_stage_a_inst/post_iq_cic_inst/ps_sys_clk
    SLICE_X22Y50         FDRE                                         r  dpll_wrapper_inst/dpll_single_clock_core_stage_a_inst/post_iq_cic_inst/i_shift_stage2_reg[19]/C
  -------------------------------------------------------------------    -------------------
    SLICE_X22Y50         FDRE (Prop_fdre_C_Q)         0.128    -0.183 r  dpll_wrapper_inst/dpll_single_clock_core_stage_a_inst/post_iq_cic_inst/i_shift_stage2_reg[19]/Q
                         net (fo=2, routed)           0.176    -0.007    dpll_wrapper_inst/dpll_single_clock_core_stage_a_inst/post_iq_cic_inst/i_shift_stage2[19]
    SLICE_X22Y49         LUT3 (Prop_lut3_I0_O)        0.101     0.094 r  dpll_wrapper_inst/dpll_single_clock_core_stage_a_inst/post_iq_cic_inst/i_shift_stage3[15]_i_1/O
                         net (fo=1, routed)           0.000     0.094    dpll_wrapper_inst/dpll_single_clock_core_stage_a_inst/post_iq_cic_inst/i_shift_stage3[15]_i_1_n_0
    SLICE_X22Y49         FDRE                                         r  dpll_wrapper_inst/dpll_single_clock_core_stage_a_inst/post_iq_cic_inst/i_shift_stage3_reg[15]/D
  -------------------------------------------------------------------    -------------------

                         (clock pll_adc_clk rise edge)
                                                      0.000     0.000 r  
    U18                                               0.000     0.000 r  adc_clk_p_i (IN)
                         net (fo=0)                   0.000     0.000    adc_clk_p_i
    U18                  IBUFDS (Prop_ibufds_I_O)     0.433     0.433 r  i_clk/O
                         net (fo=1, routed)           0.481     0.914    pll/adc_clk_in
    PLLE2_ADV_X0Y0       PLLE2_ADV (Prop_plle2_adv_CLKIN1_CLKOUT0)
                                                     -2.546    -1.632 r  pll/pll/CLKOUT0
                         net (fo=1, routed)           0.544    -1.088    lopt_2
    BUFGCTRL_X0Y0        BUFG (Prop_bufg_I_O)         0.029    -1.059 r  bufg_adc_clk/O
                         net (fo=15663, routed)       0.829    -0.230    dpll_wrapper_inst/dpll_single_clock_core_stage_a_inst/post_iq_cic_inst/ps_sys_clk
    SLICE_X22Y49         FDRE                                         r  dpll_wrapper_inst/dpll_single_clock_core_stage_a_inst/post_iq_cic_inst/i_shift_stage3_reg[15]/C
                         clock pessimism              0.189    -0.041    
    SLICE_X22Y49         FDRE (Hold_fdre_C_D)         0.107     0.066    dpll_wrapper_inst/dpll_single_clock_core_stage_a_inst/post_iq_cic_inst/i_shift_stage3_reg[15]
  -------------------------------------------------------------------
                         required time                         -0.066    
                         arrival time                           0.094    
  -------------------------------------------------------------------
                         slack                                  0.028    

Slack (MET) :             0.030ns  (arrival time - required time)
  Source:                 dpll_wrapper_inst/PLL_VCO_MUL_DIV_inst/pending_word_reg[20]/C
                            (rising edge-triggered cell FDRE clocked by pll_adc_clk  {rise@0.000ns fall@4.000ns period=8.000ns})
  Destination:            dpll_wrapper_inst/PLL_VCO_MUL_DIV_inst/mult_a_reg[20]/D
                            (rising edge-triggered cell FDRE clocked by pll_adc_clk  {rise@0.000ns fall@4.000ns period=8.000ns})
  Path Group:             pll_adc_clk
  Path Type:              Hold (Min at Fast Process Corner)
  Requirement:            0.000ns  (pll_adc_clk rise@0.000ns - pll_adc_clk rise@0.000ns)
  Data Path Delay:        0.350ns  (logic 0.141ns (40.298%)  route 0.209ns (59.702%))
  Logic Levels:           0  
  Clock Path Skew:        0.268ns (DCD - SCD - CPR)
    Destination Clock Delay (DCD):    -0.232ns
    Source Clock Delay      (SCD):    -0.316ns
    Clock Pessimism Removal (CPR):    -0.184ns

    Location             Delay type                Incr(ns)  Path(ns)    Netlist Resource(s)
  -------------------------------------------------------------------    -------------------
                         (clock pll_adc_clk rise edge)
                                                      0.000     0.000 r  
    U18                                               0.000     0.000 r  adc_clk_p_i (IN)
                         net (fo=0)                   0.000     0.000    adc_clk_p_i
    U18                  IBUFDS (Prop_ibufds_I_O)     0.401     0.401 r  i_clk/O
                         net (fo=1, routed)           0.440     0.842    pll/adc_clk_in
    PLLE2_ADV_X0Y0       PLLE2_ADV (Prop_plle2_adv_CLKIN1_CLKOUT0)
                                                     -2.234    -1.393 r  pll/pll/CLKOUT0
                         net (fo=1, routed)           0.497    -0.896    lopt_2
    BUFGCTRL_X0Y0        BUFG (Prop_bufg_I_O)         0.026    -0.870 r  bufg_adc_clk/O
                         net (fo=15663, routed)       0.554    -0.316    dpll_wrapper_inst/PLL_VCO_MUL_DIV_inst/ps_sys_clk
    SLICE_X22Y85         FDRE                                         r  dpll_wrapper_inst/PLL_VCO_MUL_DIV_inst/pending_word_reg[20]/C
  -------------------------------------------------------------------    -------------------
    SLICE_X22Y85         FDRE (Prop_fdre_C_Q)         0.141    -0.175 r  dpll_wrapper_inst/PLL_VCO_MUL_DIV_inst/pending_word_reg[20]/Q
                         net (fo=1, routed)           0.209     0.034    dpll_wrapper_inst/PLL_VCO_MUL_DIV_inst/pending_word[20]
    SLICE_X20Y88         FDRE                                         r  dpll_wrapper_inst/PLL_VCO_MUL_DIV_inst/mult_a_reg[20]/D
  -------------------------------------------------------------------    -------------------

                         (clock pll_adc_clk rise edge)
                                                      0.000     0.000 r  
    U18                                               0.000     0.000 r  adc_clk_p_i (IN)
                         net (fo=0)                   0.000     0.000    adc_clk_p_i
    U18                  IBUFDS (Prop_ibufds_I_O)     0.433     0.433 r  i_clk/O
                         net (fo=1, routed)           0.481     0.914    pll/adc_clk_in
    PLLE2_ADV_X0Y0       PLLE2_ADV (Prop_plle2_adv_CLKIN1_CLKOUT0)
                                                     -2.546    -1.632 r  pll/pll/CLKOUT0
                         net (fo=1, routed)           0.544    -1.088    lopt_2
    BUFGCTRL_X0Y0        BUFG (Prop_bufg_I_O)         0.029    -1.059 r  bufg_adc_clk/O
                         net (fo=15663, routed)       0.827    -0.232    dpll_wrapper_inst/PLL_VCO_MUL_DIV_inst/ps_sys_clk
    SLICE_X20Y88         FDRE                                         r  dpll_wrapper_inst/PLL_VCO_MUL_DIV_inst/mult_a_reg[20]/C
                         clock pessimism              0.184    -0.048    
    SLICE_X20Y88         FDRE (Hold_fdre_C_D)         0.052     0.004    dpll_wrapper_inst/PLL_VCO_MUL_DIV_inst/mult_a_reg[20]
  -------------------------------------------------------------------
                         required time                         -0.004    
                         arrival time                           0.034    
  -------------------------------------------------------------------
                         slack                                  0.030    

Slack (MET) :             0.031ns  (arrival time - required time)
  Source:                 dpll_wrapper_inst/dpll_single_clock_core_stage_a_inst/hybrid_loop_inst/correction_stage_state_r_reg[18]/C
                            (rising edge-triggered cell FDRE clocked by pll_adc_clk  {rise@0.000ns fall@4.000ns period=8.000ns})
  Destination:            dpll_wrapper_inst/dpll_single_clock_core_stage_a_inst/hybrid_loop_inst/freq_state_reg[18]/D
                            (rising edge-triggered cell FDRE clocked by pll_adc_clk  {rise@0.000ns fall@4.000ns period=8.000ns})
  Path Group:             pll_adc_clk
  Path Type:              Hold (Min at Fast Process Corner)
  Requirement:            0.000ns  (pll_adc_clk rise@0.000ns - pll_adc_clk rise@0.000ns)
  Data Path Delay:        0.360ns  (logic 0.141ns (39.134%)  route 0.219ns (60.866%))
  Logic Levels:           0  
  Clock Path Skew:        0.259ns (DCD - SCD - CPR)
    Destination Clock Delay (DCD):    -0.242ns
    Source Clock Delay      (SCD):    -0.317ns
    Clock Pessimism Removal (CPR):    -0.184ns

    Location             Delay type                Incr(ns)  Path(ns)    Netlist Resource(s)
  -------------------------------------------------------------------    -------------------
                         (clock pll_adc_clk rise edge)
                                                      0.000     0.000 r  
    U18                                               0.000     0.000 r  adc_clk_p_i (IN)
                         net (fo=0)                   0.000     0.000    adc_clk_p_i
    U18                  IBUFDS (Prop_ibufds_I_O)     0.401     0.401 r  i_clk/O
                         net (fo=1, routed)           0.440     0.842    pll/adc_clk_in
    PLLE2_ADV_X0Y0       PLLE2_ADV (Prop_plle2_adv_CLKIN1_CLKOUT0)
                                                     -2.234    -1.393 r  pll/pll/CLKOUT0
                         net (fo=1, routed)           0.497    -0.896    lopt_2
    BUFGCTRL_X0Y0        BUFG (Prop_bufg_I_O)         0.026    -0.870 r  bufg_adc_clk/O
                         net (fo=15663, routed)       0.553    -0.317    dpll_wrapper_inst/dpll_single_clock_core_stage_a_inst/hybrid_loop_inst/ps_sys_clk
    SLICE_X18Y80         FDRE                                         r  dpll_wrapper_inst/dpll_single_clock_core_stage_a_inst/hybrid_loop_inst/correction_stage_state_r_reg[18]/C
  -------------------------------------------------------------------    -------------------
    SLICE_X18Y80         FDRE (Prop_fdre_C_Q)         0.141    -0.176 r  dpll_wrapper_inst/dpll_single_clock_core_stage_a_inst/hybrid_loop_inst/correction_stage_state_r_reg[18]/Q
                         net (fo=1, routed)           0.219     0.043    dpll_wrapper_inst/dpll_single_clock_core_stage_a_inst/hybrid_loop_inst/correction_stage_state_r[18]
    SLICE_X25Y80         FDRE                                         r  dpll_wrapper_inst/dpll_single_clock_core_stage_a_inst/hybrid_loop_inst/freq_state_reg[18]/D
  -------------------------------------------------------------------    -------------------

                         (clock pll_adc_clk rise edge)
                                                      0.000     0.000 r  
    U18                                               0.000     0.000 r  adc_clk_p_i (IN)
                         net (fo=0)                   0.000     0.000    adc_clk_p_i
    U18                  IBUFDS (Prop_ibufds_I_O)     0.433     0.433 r  i_clk/O
                         net (fo=1, routed)           0.481     0.914    pll/adc_clk_in
    PLLE2_ADV_X0Y0       PLLE2_ADV (Prop_plle2_adv_CLKIN1_CLKOUT0)
                                                     -2.546    -1.632 r  pll/pll/CLKOUT0
                         net (fo=1, routed)           0.544    -1.088    lopt_2
    BUFGCTRL_X0Y0        BUFG (Prop_bufg_I_O)         0.029    -1.059 r  bufg_adc_clk/O
                         net (fo=15663, routed)       0.817    -0.242    dpll_wrapper_inst/dpll_single_clock_core_stage_a_inst/hybrid_loop_inst/ps_sys_clk
    SLICE_X25Y80         FDRE                                         r  dpll_wrapper_inst/dpll_single_clock_core_stage_a_inst/hybrid_loop_inst/freq_state_reg[18]/C
                         clock pessimism              0.184    -0.058    
    SLICE_X25Y80         FDRE (Hold_fdre_C_D)         0.070     0.012    dpll_wrapper_inst/dpll_single_clock_core_stage_a_inst/hybrid_loop_inst/freq_state_reg[18]
  -------------------------------------------------------------------
                         required time                         -0.012    
                         arrival time                           0.043    
  -------------------------------------------------------------------
                         slack                                  0.031    

Slack (MET) :             0.032ns  (arrival time - required time)
  Source:                 dpll_wrapper_inst/dpll_single_clock_core_stage_a_inst/post_iq_cic_inst/i_shift_stage5_reg[40]/C
                            (rising edge-triggered cell FDRE clocked by pll_adc_clk  {rise@0.000ns fall@4.000ns period=8.000ns})
  Destination:            dpll_wrapper_inst/dpll_single_clock_core_stage_a_inst/post_iq_cic_inst/i_shifted_reg[8]/D
                            (rising edge-triggered cell FDRE clocked by pll_adc_clk  {rise@0.000ns fall@4.000ns period=8.000ns})
  Path Group:             pll_adc_clk
  Path Type:              Hold (Min at Fast Process Corner)
  Requirement:            0.000ns  (pll_adc_clk rise@0.000ns - pll_adc_clk rise@0.000ns)
  Data Path Delay:        0.411ns  (logic 0.190ns (46.209%)  route 0.221ns (53.791%))
  Logic Levels:           1  (LUT3=1)
  Clock Path Skew:        0.272ns (DCD - SCD - CPR)
    Destination Clock Delay (DCD):    -0.228ns
    Source Clock Delay      (SCD):    -0.311ns
    Clock Pessimism Removal (CPR):    -0.189ns

    Location             Delay type                Incr(ns)  Path(ns)    Netlist Resource(s)
  -------------------------------------------------------------------    -------------------
                         (clock pll_adc_clk rise edge)
                                                      0.000     0.000 r  
    U18                                               0.000     0.000 r  adc_clk_p_i (IN)
                         net (fo=0)                   0.000     0.000    adc_clk_p_i
    U18                  IBUFDS (Prop_ibufds_I_O)     0.401     0.401 r  i_clk/O
                         net (fo=1, routed)           0.440     0.842    pll/adc_clk_in
    PLLE2_ADV_X0Y0       PLLE2_ADV (Prop_plle2_adv_CLKIN1_CLKOUT0)
                                                     -2.234    -1.393 r  pll/pll/CLKOUT0
                         net (fo=1, routed)           0.497    -0.896    lopt_2
    BUFGCTRL_X0Y0        BUFG (Prop_bufg_I_O)         0.026    -0.870 r  bufg_adc_clk/O
                         net (fo=15663, routed)       0.559    -0.311    dpll_wrapper_inst/dpll_single_clock_core_stage_a_inst/post_iq_cic_inst/ps_sys_clk
    SLICE_X23Y50         FDRE                                         r  dpll_wrapper_inst/dpll_single_clock_core_stage_a_inst/post_iq_cic_inst/i_shift_stage5_reg[40]/C
  -------------------------------------------------------------------    -------------------
    SLICE_X23Y50         FDRE (Prop_fdre_C_Q)         0.141    -0.170 r  dpll_wrapper_inst/dpll_single_clock_core_stage_a_inst/post_iq_cic_inst/i_shift_stage5_reg[40]/Q
                         net (fo=2, routed)           0.221     0.051    dpll_wrapper_inst/dpll_single_clock_core_stage_a_inst/post_iq_cic_inst/i_shift_stage5[40]
    SLICE_X21Y47         LUT3 (Prop_lut3_I0_O)        0.049     0.100 r  dpll_wrapper_inst/dpll_single_clock_core_stage_a_inst/post_iq_cic_inst/i_shifted[8]_i_1/O
                         net (fo=1, routed)           0.000     0.100    dpll_wrapper_inst/dpll_single_clock_core_stage_a_inst/post_iq_cic_inst/i_shifted[8]_i_1_n_0
    SLICE_X21Y47         FDRE                                         r  dpll_wrapper_inst/dpll_single_clock_core_stage_a_inst/post_iq_cic_inst/i_shifted_reg[8]/D
  -------------------------------------------------------------------    -------------------

                         (clock pll_adc_clk rise edge)
                                                      0.000     0.000 r  
    U18                                               0.000     0.000 r  adc_clk_p_i (IN)
                         net (fo=0)                   0.000     0.000    adc_clk_p_i
    U18                  IBUFDS (Prop_ibufds_I_O)     0.433     0.433 r  i_clk/O
                         net (fo=1, routed)           0.481     0.914    pll/adc_clk_in
    PLLE2_ADV_X0Y0       PLLE2_ADV (Prop_plle2_adv_CLKIN1_CLKOUT0)
                                                     -2.546    -1.632 r  pll/pll/CLKOUT0
                         net (fo=1, routed)           0.544    -1.088    lopt_2
    BUFGCTRL_X0Y0        BUFG (Prop_bufg_I_O)         0.029    -1.059 r  bufg_adc_clk/O
                         net (fo=15663, routed)       0.831    -0.228    dpll_wrapper_inst/dpll_single_clock_core_stage_a_inst/post_iq_cic_inst/ps_sys_clk
    SLICE_X21Y47         FDRE                                         r  dpll_wrapper_inst/dpll_single_clock_core_stage_a_inst/post_iq_cic_inst/i_shifted_reg[8]/C
                         clock pessimism              0.189    -0.039    
    SLICE_X21Y47         FDRE (Hold_fdre_C_D)         0.107     0.068    dpll_wrapper_inst/dpll_single_clock_core_stage_a_inst/post_iq_cic_inst/i_shifted_reg[8]
  -------------------------------------------------------------------
                         required time                         -0.068    
                         arrival time                           0.100    
  -------------------------------------------------------------------
                         slack                                  0.032    

Slack (MET) :             0.033ns  (arrival time - required time)
  Source:                 dpll_wrapper_inst/reg_ki_blend/output_reg[14]/C
                            (rising edge-triggered cell FDRE clocked by pll_adc_clk  {rise@0.000ns fall@4.000ns period=8.000ns})
  Destination:            dpll_wrapper_inst/dpll_single_clock_core_stage_a_inst/active_ki_r_reg[14]/D
                            (rising edge-triggered cell FDRE clocked by pll_adc_clk  {rise@0.000ns fall@4.000ns period=8.000ns})
  Path Group:             pll_adc_clk
  Path Type:              Hold (Min at Fast Process Corner)
  Requirement:            0.000ns  (pll_adc_clk rise@0.000ns - pll_adc_clk rise@0.000ns)
  Data Path Delay:        0.389ns  (logic 0.186ns (47.791%)  route 0.203ns (52.209%))
  Logic Levels:           1  (LUT6=1)
  Clock Path Skew:        0.265ns (DCD - SCD - CPR)
    Destination Clock Delay (DCD):    -0.231ns
    Source Clock Delay      (SCD):    -0.312ns
    Clock Pessimism Removal (CPR):    -0.184ns

    Location             Delay type                Incr(ns)  Path(ns)    Netlist Resource(s)
  -------------------------------------------------------------------    -------------------
                         (clock pll_adc_clk rise edge)
                                                      0.000     0.000 r  
    U18                                               0.000     0.000 r  adc_clk_p_i (IN)
                         net (fo=0)                   0.000     0.000    adc_clk_p_i
    U18                  IBUFDS (Prop_ibufds_I_O)     0.401     0.401 r  i_clk/O
                         net (fo=1, routed)           0.440     0.842    pll/adc_clk_in
    PLLE2_ADV_X0Y0       PLLE2_ADV (Prop_plle2_adv_CLKIN1_CLKOUT0)
                                                     -2.234    -1.393 r  pll/pll/CLKOUT0
                         net (fo=1, routed)           0.497    -0.896    lopt_2
    BUFGCTRL_X0Y0        BUFG (Prop_bufg_I_O)         0.026    -0.870 r  bufg_adc_clk/O
                         net (fo=15663, routed)       0.558    -0.312    dpll_wrapper_inst/reg_ki_blend/ps_sys_clk
    SLICE_X22Y93         FDRE                                         r  dpll_wrapper_inst/reg_ki_blend/output_reg[14]/C
  -------------------------------------------------------------------    -------------------
    SLICE_X22Y93         FDRE (Prop_fdre_C_Q)         0.141    -0.171 r  dpll_wrapper_inst/reg_ki_blend/output_reg[14]/Q
                         net (fo=3, routed)           0.203     0.032    dpll_wrapper_inst/dpll_single_clock_core_stage_a_inst/loop_state_manager_inst/active_ki_r_reg[23][14]
    SLICE_X21Y91         LUT6 (Prop_lut6_I0_O)        0.045     0.077 r  dpll_wrapper_inst/dpll_single_clock_core_stage_a_inst/loop_state_manager_inst/active_ki_r[14]_i_1/O
                         net (fo=1, routed)           0.000     0.077    dpll_wrapper_inst/dpll_single_clock_core_stage_a_inst/active_ki[14]
    SLICE_X21Y91         FDRE                                         r  dpll_wrapper_inst/dpll_single_clock_core_stage_a_inst/active_ki_r_reg[14]/D
  -------------------------------------------------------------------    -------------------

                         (clock pll_adc_clk rise edge)
                                                      0.000     0.000 r  
    U18                                               0.000     0.000 r  adc_clk_p_i (IN)
                         net (fo=0)                   0.000     0.000    adc_clk_p_i
    U18                  IBUFDS (Prop_ibufds_I_O)     0.433     0.433 r  i_clk/O
                         net (fo=1, routed)           0.481     0.914    pll/adc_clk_in
    PLLE2_ADV_X0Y0       PLLE2_ADV (Prop_plle2_adv_CLKIN1_CLKOUT0)
                                                     -2.546    -1.632 r  pll/pll/CLKOUT0
                         net (fo=1, routed)           0.544    -1.088    lopt_2
    BUFGCTRL_X0Y0        BUFG (Prop_bufg_I_O)         0.029    -1.059 r  bufg_adc_clk/O
                         net (fo=15663, routed)       0.828    -0.231    dpll_wrapper_inst/dpll_single_clock_core_stage_a_inst/ps_sys_clk
    SLICE_X21Y91         FDRE                                         r  dpll_wrapper_inst/dpll_single_clock_core_stage_a_inst/active_ki_r_reg[14]/C
                         clock pessimism              0.184    -0.047    
    SLICE_X21Y91         FDRE (Hold_fdre_C_D)         0.091     0.044    dpll_wrapper_inst/dpll_single_clock_core_stage_a_inst/active_ki_r_reg[14]
  -------------------------------------------------------------------
                         required time                         -0.044    
                         arrival time                           0.077    
  -------------------------------------------------------------------
                         slack                                  0.033    

Slack (MET) :             0.034ns  (arrival time - required time)
  Source:                 dpll_wrapper_inst/dpll_single_clock_core_stage_a_inst/post_iir_inst/i_s2_y1_reg[3]/C
                            (rising edge-triggered cell FDRE clocked by pll_adc_clk  {rise@0.000ns fall@4.000ns period=8.000ns})
  Destination:            dpll_wrapper_inst/dpll_single_clock_core_stage_a_inst/post_iir_inst/tx_i_s2_y1_reg[3]/D
                            (rising edge-triggered cell FDRE clocked by pll_adc_clk  {rise@0.000ns fall@4.000ns period=8.000ns})
  Path Group:             pll_adc_clk
  Path Type:              Hold (Min at Fast Process Corner)
  Requirement:            0.000ns  (pll_adc_clk rise@0.000ns - pll_adc_clk rise@0.000ns)
  Data Path Delay:        0.366ns  (logic 0.164ns (44.856%)  route 0.202ns (55.144%))
  Logic Levels:           0  
  Clock Path Skew:        0.268ns (DCD - SCD - CPR)
    Destination Clock Delay (DCD):    -0.225ns
    Source Clock Delay      (SCD):    -0.304ns
    Clock Pessimism Removal (CPR):    -0.189ns

    Location             Delay type                Incr(ns)  Path(ns)    Netlist Resource(s)
  -------------------------------------------------------------------    -------------------
                         (clock pll_adc_clk rise edge)
                                                      0.000     0.000 r  
    U18                                               0.000     0.000 r  adc_clk_p_i (IN)
                         net (fo=0)                   0.000     0.000    adc_clk_p_i
    U18                  IBUFDS (Prop_ibufds_I_O)     0.401     0.401 r  i_clk/O
                         net (fo=1, routed)           0.440     0.842    pll/adc_clk_in
    PLLE2_ADV_X0Y0       PLLE2_ADV (Prop_plle2_adv_CLKIN1_CLKOUT0)
                                                     -2.234    -1.393 r  pll/pll/CLKOUT0
                         net (fo=1, routed)           0.497    -0.896    lopt_2
    BUFGCTRL_X0Y0        BUFG (Prop_bufg_I_O)         0.026    -0.870 r  bufg_adc_clk/O
                         net (fo=15663, routed)       0.566    -0.304    dpll_wrapper_inst/dpll_single_clock_core_stage_a_inst/post_iir_inst/ps_sys_clk
    SLICE_X6Y45          FDRE                                         r  dpll_wrapper_inst/dpll_single_clock_core_stage_a_inst/post_iir_inst/i_s2_y1_reg[3]/C
  -------------------------------------------------------------------    -------------------
    SLICE_X6Y45          FDRE (Prop_fdre_C_Q)         0.164    -0.140 r  dpll_wrapper_inst/dpll_single_clock_core_stage_a_inst/post_iir_inst/i_s2_y1_reg[3]/Q
                         net (fo=1, routed)           0.202     0.061    dpll_wrapper_inst/dpll_single_clock_core_stage_a_inst/post_iir_inst/i_s2_y1[3]
    SLICE_X8Y52          FDRE                                         r  dpll_wrapper_inst/dpll_single_clock_core_stage_a_inst/post_iir_inst/tx_i_s2_y1_reg[3]/D
  -------------------------------------------------------------------    -------------------

                         (clock pll_adc_clk rise edge)
                                                      0.000     0.000 r  
    U18                                               0.000     0.000 r  adc_clk_p_i (IN)
                         net (fo=0)                   0.000     0.000    adc_clk_p_i
    U18                  IBUFDS (Prop_ibufds_I_O)     0.433     0.433 r  i_clk/O
                         net (fo=1, routed)           0.481     0.914    pll/adc_clk_in
    PLLE2_ADV_X0Y0       PLLE2_ADV (Prop_plle2_adv_CLKIN1_CLKOUT0)
                                                     -2.546    -1.632 r  pll/pll/CLKOUT0
                         net (fo=1, routed)           0.544    -1.088    lopt_2
    BUFGCTRL_X0Y0        BUFG (Prop_bufg_I_O)         0.029    -1.059 r  bufg_adc_clk/O
                         net (fo=15663, routed)       0.834    -0.225    dpll_wrapper_inst/dpll_single_clock_core_stage_a_inst/post_iir_inst/ps_sys_clk
    SLICE_X8Y52          FDRE                                         r  dpll_wrapper_inst/dpll_single_clock_core_stage_a_inst/post_iir_inst/tx_i_s2_y1_reg[3]/C
                         clock pessimism              0.189    -0.036    
    SLICE_X8Y52          FDRE (Hold_fdre_C_D)         0.063     0.027    dpll_wrapper_inst/dpll_single_clock_core_stage_a_inst/post_iir_inst/tx_i_s2_y1_reg[3]
  -------------------------------------------------------------------
                         required time                         -0.027    
                         arrival time                           0.061    
  -------------------------------------------------------------------
                         slack                                  0.034    

Slack (MET) :             0.034ns  (arrival time - required time)
  Source:                 dpll_wrapper_inst/dpll_single_clock_core_stage_a_inst/post_iq_cic_inst/i_shift_stage4_reg[10]/C
                            (rising edge-triggered cell FDRE clocked by pll_adc_clk  {rise@0.000ns fall@4.000ns period=8.000ns})
  Destination:            dpll_wrapper_inst/dpll_single_clock_core_stage_a_inst/post_iq_cic_inst/i_shift_stage5_reg[10]/D
                            (rising edge-triggered cell FDRE clocked by pll_adc_clk  {rise@0.000ns fall@4.000ns period=8.000ns})
  Path Group:             pll_adc_clk
  Path Type:              Hold (Min at Fast Process Corner)
  Requirement:            0.000ns  (pll_adc_clk rise@0.000ns - pll_adc_clk rise@0.000ns)
  Data Path Delay:        0.396ns  (logic 0.186ns (47.025%)  route 0.210ns (52.975%))
  Logic Levels:           1  (LUT3=1)
  Clock Path Skew:        0.270ns (DCD - SCD - CPR)
    Destination Clock Delay (DCD):    -0.227ns
    Source Clock Delay      (SCD):    -0.308ns
    Clock Pessimism Removal (CPR):    -0.189ns

    Location             Delay type                Incr(ns)  Path(ns)    Netlist Resource(s)
  -------------------------------------------------------------------    -------------------
                         (clock pll_adc_clk rise edge)
                                                      0.000     0.000 r  
    U18                                               0.000     0.000 r  adc_clk_p_i (IN)
                         net (fo=0)                   0.000     0.000    adc_clk_p_i
    U18                  IBUFDS (Prop_ibufds_I_O)     0.401     0.401 r  i_clk/O
                         net (fo=1, routed)           0.440     0.842    pll/adc_clk_in
    PLLE2_ADV_X0Y0       PLLE2_ADV (Prop_plle2_adv_CLKIN1_CLKOUT0)
                                                     -2.234    -1.393 r  pll/pll/CLKOUT0
                         net (fo=1, routed)           0.497    -0.896    lopt_2
    BUFGCTRL_X0Y0        BUFG (Prop_bufg_I_O)         0.026    -0.870 r  bufg_adc_clk/O
                         net (fo=15663, routed)       0.562    -0.308    dpll_wrapper_inst/dpll_single_clock_core_stage_a_inst/post_iq_cic_inst/ps_sys_clk
    SLICE_X26Y50         FDRE                                         r  dpll_wrapper_inst/dpll_single_clock_core_stage_a_inst/post_iq_cic_inst/i_shift_stage4_reg[10]/C
  -------------------------------------------------------------------    -------------------
    SLICE_X26Y50         FDRE (Prop_fdre_C_Q)         0.141    -0.167 r  dpll_wrapper_inst/dpll_single_clock_core_stage_a_inst/post_iq_cic_inst/i_shift_stage4_reg[10]/Q
                         net (fo=1, routed)           0.210     0.042    dpll_wrapper_inst/dpll_single_clock_core_stage_a_inst/post_iq_cic_inst/i_shift_stage4[10]
    SLICE_X26Y48         LUT3 (Prop_lut3_I2_O)        0.045     0.087 r  dpll_wrapper_inst/dpll_single_clock_core_stage_a_inst/post_iq_cic_inst/i_shift_stage5[10]_i_1/O
                         net (fo=1, routed)           0.000     0.087    dpll_wrapper_inst/dpll_single_clock_core_stage_a_inst/post_iq_cic_inst/i_shift_stage5[10]_i_1_n_0
    SLICE_X26Y48         FDRE                                         r  dpll_wrapper_inst/dpll_single_clock_core_stage_a_inst/post_iq_cic_inst/i_shift_stage5_reg[10]/D
  -------------------------------------------------------------------    -------------------

                         (clock pll_adc_clk rise edge)
                                                      0.000     0.000 r  
    U18                                               0.000     0.000 r  adc_clk_p_i (IN)
                         net (fo=0)                   0.000     0.000    adc_clk_p_i
    U18                  IBUFDS (Prop_ibufds_I_O)     0.433     0.433 r  i_clk/O
                         net (fo=1, routed)           0.481     0.914    pll/adc_clk_in
    PLLE2_ADV_X0Y0       PLLE2_ADV (Prop_plle2_adv_CLKIN1_CLKOUT0)
                                                     -2.546    -1.632 r  pll/pll/CLKOUT0
                         net (fo=1, routed)           0.544    -1.088    lopt_2
    BUFGCTRL_X0Y0        BUFG (Prop_bufg_I_O)         0.029    -1.059 r  bufg_adc_clk/O
                         net (fo=15663, routed)       0.832    -0.227    dpll_wrapper_inst/dpll_single_clock_core_stage_a_inst/post_iq_cic_inst/ps_sys_clk
    SLICE_X26Y48         FDRE                                         r  dpll_wrapper_inst/dpll_single_clock_core_stage_a_inst/post_iq_cic_inst/i_shift_stage5_reg[10]/C
                         clock pessimism              0.189    -0.038    
    SLICE_X26Y48         FDRE (Hold_fdre_C_D)         0.091     0.053    dpll_wrapper_inst/dpll_single_clock_core_stage_a_inst/post_iq_cic_inst/i_shift_stage5_reg[10]
  -------------------------------------------------------------------
                         required time                         -0.053    
                         arrival time                           0.087    
  -------------------------------------------------------------------
                         slack                                  0.034    





Pulse Width Checks
--------------------------------------------------------------------------------------
Clock Name:         pll_adc_clk
Waveform(ns):       { 0.000 4.000 }
Period(ns):         8.000
Sources:            { pll/pll/CLKOUT0 }

Check Type        Corner  Lib Pin             Reference Pin  Required(ns)  Actual(ns)  Slack(ns)  Location         Pin
Min Period        n/a     DSP48E1/CLK         n/a            3.884         8.000       4.116      DSP48_X1Y35      dpll_wrapper_inst/debug_dac_formatter_inst/product_r3_reg__0/CLK
Min Period        n/a     DSP48E1/CLK         n/a            3.884         8.000       4.116      DSP48_X0Y18      dpll_wrapper_inst/dpll_single_clock_core_stage_a_inst/post_iir_inst/i_mul_product_pipe_r_reg/CLK
Min Period        n/a     DSP48E1/CLK         n/a            3.884         8.000       4.116      DSP48_X1Y24      dpll_wrapper_inst/dpll_single_clock_core_stage_a_inst/fll_cross_dot_inst/cross_mul_hi_r_reg/CLK
Min Period        n/a     DSP48E1/CLK         n/a            3.884         8.000       4.116      DSP48_X1Y12      Digital_Freq_Meter_inst/PLL0_loop_filters/IIR_LPF_inst/data_out_wide_reg/CLK
Min Period        n/a     DSP48E1/CLK         n/a            3.884         8.000       4.116      DSP48_X0Y20      dpll_wrapper_inst/dpll_single_clock_core_stage_a_inst/post_iir_inst/q_mul_product_pipe_r_reg/CLK
Min Period        n/a     DSP48E1/CLK         n/a            3.884         8.000       4.116      DSP48_X1Y25      dpll_wrapper_inst/dpll_single_clock_core_stage_a_inst/fll_cross_dot_inst/dot_mul_hi_r_reg/CLK
Min Period        n/a     DSP48E1/CLK         n/a            3.884         8.000       4.116      DSP48_X1Y26      dpll_wrapper_inst/dpll_single_clock_core_stage_a_inst/hybrid_loop_inst/fll_product_hi_r_reg/CLK
Min Period        n/a     RAMB36E1/CLKARDCLK  n/a            2.576         8.000       5.424      RAMB36_X1Y18     dpll_wrapper_inst/VCO_inst0/DAC_DDS0_inst/U0/i_synth/i_dds/I_SINCOS.i_std_rom.i_rom/i_rtl.i_quarter_table.i_block_rom.i_pipe_1.pre_asyn_cos_RAM_op_reg_0/CLKARDCLK
Min Period        n/a     RAMB36E1/CLKARDCLK  n/a            2.576         8.000       5.424      RAMB36_X1Y19     dpll_wrapper_inst/VCO_inst0/DAC_DDS0_inst/U0/i_synth/i_dds/I_SINCOS.i_std_rom.i_rom/i_rtl.i_quarter_table.i_block_rom.i_pipe_1.pre_asyn_cos_RAM_op_reg_1/CLKARDCLK
Min Period        n/a     RAMB36E1/CLKARDCLK  n/a            2.576         8.000       5.424      RAMB36_X1Y17     dpll_wrapper_inst/VCO_inst0/DAC_DDS0_inst/U0/i_synth/i_dds/I_SINCOS.i_std_rom.i_rom/i_rtl.i_quarter_table.i_block_rom.i_pipe_1.pre_asyn_cos_RAM_op_reg_2/CLKARDCLK
Max Period        n/a     MMCME2_ADV/CLKIN1   n/a            100.000       8.000       92.000     MMCME2_ADV_X0Y0  nolabel_line672/inst/mmcm_adv_inst/CLKIN1
Max Period        n/a     PLLE2_ADV/CLKOUT0   n/a            160.000       8.000       152.000    PLLE2_ADV_X0Y0   pll/pll/CLKOUT0
Low Pulse Width   Fast    MMCME2_ADV/CLKIN1   n/a            2.000         4.000       2.000      MMCME2_ADV_X0Y0  nolabel_line672/inst/mmcm_adv_inst/CLKIN1
Low Pulse Width   Slow    MMCME2_ADV/CLKIN1   n/a            2.000         4.000       2.000      MMCME2_ADV_X0Y0  nolabel_line672/inst/mmcm_adv_inst/CLKIN1
Low Pulse Width   Fast    SRL16E/CLK          n/a            0.980         4.000       3.020      SLICE_X6Y5       Digital_Freq_Meter_inst/PLL0_loop_filters/pll_32x32_mult_ii_inst/U0/i_mult/gDSP.gDSP_only.iDSP/use_prim.appDSP48[0].bppDSP48[0].need_output_delay.output_delay/dN.std_srl.shift_reg_reg[2][0]_srl3___gDSP.gDSP_only.iDSP_use_prim.appDSP48_r_1/CLK
Low Pulse Width   Fast    SRL16E/CLK          n/a            0.980         4.000       3.020      SLICE_X6Y5       Digital_Freq_Meter_inst/PLL0_loop_filters/pll_32x32_mult_ii_inst/U0/i_mult/gDSP.gDSP_only.iDSP/use_prim.appDSP48[0].bppDSP48[0].need_output_delay.output_delay/dN.std_srl.shift_reg_reg[2][10]_srl3___gDSP.gDSP_only.iDSP_use_prim.appDSP48_r_1/CLK
Low Pulse Width   Fast    SRL16E/CLK          n/a            0.980         4.000       3.020      SLICE_X38Y12     Digital_Freq_Meter_inst/DDC1_inst/CORDIC_inst/U0/i_synth/i_synth/gen_cordic.cordic_engine/gen_para_arch.gen_iteration[12].eng/cntrl/cntrl_vect_dly/gen_rtl.gen_reg.d_reg_reg[1]_srl14/CLK
Low Pulse Width   Fast    SRL16E/CLK          n/a            0.980         4.000       3.020      SLICE_X38Y12     Digital_Freq_Meter_inst/DDC1_inst/CORDIC_inst/U0/i_synth/i_synth/gen_cordic.cordic_engine/gen_para_arch.gen_iteration[12].eng/cntrl/cntrl_vect_dly/gen_rtl.gen_reg.d_reg_reg[2]_srl14/CLK
Low Pulse Width   Fast    SRL16E/CLK          n/a            0.980         4.000       3.020      SLICE_X6Y5       Digital_Freq_Meter_inst/PLL0_loop_filters/pll_32x32_mult_i_inst/U0/i_mult/gDSP.gDSP_only.iDSP/use_prim.appDSP48[0].bppDSP48[0].need_output_delay.output_delay/dN.std_srl.shift_reg_reg[2][10]_srl3___gDSP.gDSP_only.iDSP_use_prim.appDSP48_r_1/CLK
Low Pulse Width   Fast    SRL16E/CLK          n/a            0.980         4.000       3.020      SLICE_X6Y5       Digital_Freq_Meter_inst/PLL0_loop_filters/pll_32x32_mult_i_inst/U0/i_mult/gDSP.gDSP_only.iDSP/use_prim.appDSP48[0].bppDSP48[0].need_output_delay.output_delay/dN.std_srl.shift_reg_reg[2][9]_srl3___gDSP.gDSP_only.iDSP_use_prim.appDSP48_r_1/CLK
Low Pulse Width   Fast    SRLC32E/CLK         n/a            0.980         4.000       3.020      SLICE_X8Y92      dpll_wrapper_inst/PLL_VCO_MUL_DIV_inst/VCO0_Divider/U0/i_synth/i_nd_to_rdy/opt_has_pipe.i_pipe[33].pipe_reg[33][0]_srl32/CLK
Low Pulse Width   Fast    SRLC32E/CLK         n/a            0.980         4.000       3.020      SLICE_X8Y92      dpll_wrapper_inst/PLL_VCO_MUL_DIV_inst/VCO0_Divider/U0/i_synth/i_nd_to_rdy/opt_has_pipe.i_pipe[65].pipe_reg[65][0]_srl32/CLK
High Pulse Width  Slow    MMCME2_ADV/CLKIN1   n/a            2.000         4.000       2.000      MMCME2_ADV_X0Y0  nolabel_line672/inst/mmcm_adv_inst/CLKIN1
High Pulse Width  Fast    MMCME2_ADV/CLKIN1   n/a            2.000         4.000       2.000      MMCME2_ADV_X0Y0  nolabel_line672/inst/mmcm_adv_inst/CLKIN1
High Pulse Width  Slow    SRL16E/CLK          n/a            0.980         4.000       3.020      SLICE_X34Y97     dpll_wrapper_inst/PLL_VCO_MUL_DIV_inst/VCO0_Multiplier/U0/i_mult/gDSP.gDSP_only.iDSP/use_prim.appDSP48[2].bppDSP48[0].need_output_delay.output_delay/dN_hlutnm.srl_loop[10].i_srl16e0/CLK
High Pulse Width  Slow    SRL16E/CLK          n/a            0.980         4.000       3.020      SLICE_X34Y97     dpll_wrapper_inst/PLL_VCO_MUL_DIV_inst/VCO0_Multiplier/U0/i_mult/gDSP.gDSP_only.iDSP/use_prim.appDSP48[2].bppDSP48[0].need_output_delay.output_delay/dN_hlutnm.srl_loop[10].i_srl16e1/CLK
High Pulse Width  Slow    SRL16E/CLK          n/a            0.980         4.000       3.020      SLICE_X34Y97     dpll_wrapper_inst/PLL_VCO_MUL_DIV_inst/VCO0_Multiplier/U0/i_mult/gDSP.gDSP_only.iDSP/use_prim.appDSP48[2].bppDSP48[0].need_output_delay.output_delay/dN_hlutnm.srl_loop[11].i_srl16e0/CLK
High Pulse Width  Slow    SRL16E/CLK          n/a            0.980         4.000       3.020      SLICE_X34Y97     dpll_wrapper_inst/PLL_VCO_MUL_DIV_inst/VCO0_Multiplier/U0/i_mult/gDSP.gDSP_only.iDSP/use_prim.appDSP48[2].bppDSP48[0].need_output_delay.output_delay/dN_hlutnm.srl_loop[11].i_srl16e1/CLK
High Pulse Width  Slow    SRL16E/CLK          n/a            0.980         4.000       3.020      SLICE_X34Y98     dpll_wrapper_inst/PLL_VCO_MUL_DIV_inst/VCO0_Multiplier/U0/i_mult/gDSP.gDSP_only.iDSP/use_prim.appDSP48[2].bppDSP48[0].need_output_delay.output_delay/dN_hlutnm.srl_loop[4].i_srl16e0/CLK
High Pulse Width  Slow    SRL16E/CLK          n/a            0.980         4.000       3.020      SLICE_X34Y98     dpll_wrapper_inst/PLL_VCO_MUL_DIV_inst/VCO0_Multiplier/U0/i_mult/gDSP.gDSP_only.iDSP/use_prim.appDSP48[2].bppDSP48[0].need_output_delay.output_delay/dN_hlutnm.srl_loop[4].i_srl16e1/CLK
High Pulse Width  Slow    SRL16E/CLK          n/a            0.980         4.000       3.020      SLICE_X34Y98     dpll_wrapper_inst/PLL_VCO_MUL_DIV_inst/VCO0_Multiplier/U0/i_mult/gDSP.gDSP_only.iDSP/use_prim.appDSP48[2].bppDSP48[0].need_output_delay.output_delay/dN_hlutnm.srl_loop[5].i_srl16e0/CLK
High Pulse Width  Slow    SRL16E/CLK          n/a            0.980         4.000       3.020      SLICE_X34Y98     dpll_wrapper_inst/PLL_VCO_MUL_DIV_inst/VCO0_Multiplier/U0/i_mult/gDSP.gDSP_only.iDSP/use_prim.appDSP48[2].bppDSP48[0].need_output_delay.output_delay/dN_hlutnm.srl_loop[5].i_srl16e1/CLK



---------------------------------------------------------------------------------------------------
From Clock:  clk_out1_clk_10MHz_sync
  To Clock:  clk_out1_clk_10MHz_sync

Setup :           NA  Failing Endpoints,  Worst Slack           NA  ,  Total Violation           NA
Hold  :           NA  Failing Endpoints,  Worst Slack           NA  ,  Total Violation           NA
PW    :            0  Failing Endpoints,  Worst Slack       97.845ns,  Total Violation        0.000ns
---------------------------------------------------------------------------------------------------


Pulse Width Checks
--------------------------------------------------------------------------------------
Clock Name:         clk_out1_clk_10MHz_sync
Waveform(ns):       { 0.000 50.000 }
Period(ns):         100.000
Sources:            { nolabel_line672/inst/mmcm_adv_inst/CLKOUT0 }

Check Type  Corner  Lib Pin             Reference Pin  Required(ns)  Actual(ns)  Slack(ns)  Location         Pin
Min Period  n/a     BUFG/I              n/a            2.155         100.000     97.845     BUFGCTRL_X0Y4    nolabel_line672/inst/clkout1_buf/I
Min Period  n/a     MMCME2_ADV/CLKOUT0  n/a            1.249         100.000     98.751     MMCME2_ADV_X0Y0  nolabel_line672/inst/mmcm_adv_inst/CLKOUT0
Max Period  n/a     MMCME2_ADV/CLKOUT0  n/a            213.360       100.000     113.360    MMCME2_ADV_X0Y0  nolabel_line672/inst/mmcm_adv_inst/CLKOUT0



---------------------------------------------------------------------------------------------------
From Clock:  clkfbout_clk_10MHz_sync
  To Clock:  clkfbout_clk_10MHz_sync

Setup :           NA  Failing Endpoints,  Worst Slack           NA  ,  Total Violation           NA
Hold  :           NA  Failing Endpoints,  Worst Slack           NA  ,  Total Violation           NA
PW    :            0  Failing Endpoints,  Worst Slack        5.845ns,  Total Violation        0.000ns
---------------------------------------------------------------------------------------------------


Pulse Width Checks
--------------------------------------------------------------------------------------
Clock Name:         clkfbout_clk_10MHz_sync
Waveform(ns):       { 0.000 4.000 }
Period(ns):         8.000
Sources:            { nolabel_line672/inst/mmcm_adv_inst/CLKFBOUT }

Check Type  Corner  Lib Pin              Reference Pin  Required(ns)  Actual(ns)  Slack(ns)  Location         Pin
Min Period  n/a     BUFG/I               n/a            2.155         8.000       5.845      BUFGCTRL_X0Y9    nolabel_line672/inst/clkf_buf/I
Min Period  n/a     MMCME2_ADV/CLKFBOUT  n/a            1.249         8.000       6.751      MMCME2_ADV_X0Y0  nolabel_line672/inst/mmcm_adv_inst/CLKFBOUT
Min Period  n/a     MMCME2_ADV/CLKFBIN   n/a            1.249         8.000       6.751      MMCME2_ADV_X0Y0  nolabel_line672/inst/mmcm_adv_inst/CLKFBIN
Max Period  n/a     MMCME2_ADV/CLKFBIN   n/a            100.000       8.000       92.000     MMCME2_ADV_X0Y0  nolabel_line672/inst/mmcm_adv_inst/CLKFBIN
Max Period  n/a     MMCME2_ADV/CLKFBOUT  n/a            213.360       8.000       205.360    MMCME2_ADV_X0Y0  nolabel_line672/inst/mmcm_adv_inst/CLKFBOUT



---------------------------------------------------------------------------------------------------
From Clock:  dna_clk
  To Clock:  dna_clk

Setup :           NA  Failing Endpoints,  Worst Slack           NA  ,  Total Violation           NA
Hold  :           NA  Failing Endpoints,  Worst Slack           NA  ,  Total Violation           NA
PW    :            0  Failing Endpoints,  Worst Slack       54.000ns,  Total Violation        0.000ns
---------------------------------------------------------------------------------------------------


Pulse Width Checks
--------------------------------------------------------------------------------------
Clock Name:         dna_clk
Waveform(ns):       { 0.000 32.000 }
Period(ns):         64.000
Sources:            { i_hk/dna_clk_reg/Q }

Check Type  Corner  Lib Pin       Reference Pin  Required(ns)  Actual(ns)  Slack(ns)  Location       Pin
Min Period  n/a     DNA_PORT/CLK  n/a            10.000        64.000      54.000     DNA_PORT_X0Y0  i_hk/i_DNA/CLK



---------------------------------------------------------------------------------------------------
From Clock:  pll_clk_adc_2x
  To Clock:  pll_clk_adc_2x

Setup :            0  Failing Endpoints,  Worst Slack        0.325ns,  Total Violation        0.000ns
Hold  :            0  Failing Endpoints,  Worst Slack        0.022ns,  Total Violation        0.000ns
PW    :            0  Failing Endpoints,  Worst Slack        1.020ns,  Total Violation        0.000ns
---------------------------------------------------------------------------------------------------


Max Delay Paths
--------------------------------------------------------------------------------------
Slack (MET) :             0.325ns  (required time - arrival time)
  Source:                 pwm[0]/cmp_lo_less_equal_r_reg/C
                            (rising edge-triggered cell FDRE clocked by pll_clk_adc_2x  {rise@0.000ns fall@2.000ns period=4.000ns})
  Destination:            pwm[0]/pwm_o_reg_reg/D
                            (rising edge-triggered cell FDRE clocked by pll_clk_adc_2x  {rise@0.000ns fall@2.000ns period=4.000ns})
  Path Group:             pll_clk_adc_2x
  Path Type:              Setup (Max at Slow Process Corner)
  Requirement:            4.000ns  (pll_clk_adc_2x rise@4.000ns - pll_clk_adc_2x rise@0.000ns)
  Data Path Delay:        2.701ns  (logic 0.642ns (23.769%)  route 2.059ns (76.231%))
  Logic Levels:           1  (LUT3=1)
  Clock Path Skew:        -0.078ns (DCD - SCD + CPR)
    Destination Clock Delay (DCD):    -2.288ns = ( 1.712 - 4.000 ) 
    Source Clock Delay      (SCD):    -2.640ns
    Clock Pessimism Removal (CPR):    -0.430ns
  Clock Uncertainty:      0.063ns  ((TSJ^2 + DJ^2)^1/2) / 2 + PE
    Total System Jitter     (TSJ):    0.071ns
    Discrete Jitter          (DJ):    0.104ns
    Phase Error              (PE):    0.000ns

    Location             Delay type                Incr(ns)  Path(ns)    Netlist Resource(s)
  -------------------------------------------------------------------    -------------------
                         (clock pll_clk_adc_2x rise edge)
                                                      0.000     0.000 r  
    U18                                               0.000     0.000 r  adc_clk_p_i (IN)
                         net (fo=0)                   0.000     0.000    adc_clk_p_i
    U18                  IBUFDS (Prop_ibufds_I_O)     0.983     0.983 r  i_clk/O
                         net (fo=1, routed)           1.306     2.289    pll/adc_clk_in
    PLLE2_ADV_X0Y0       PLLE2_ADV (Prop_plle2_adv_CLKIN1_CLKOUT4)
                                                     -8.533    -6.244 r  pll/pll/CLKOUT4
                         net (fo=1, routed)           1.754    -4.490    pll_clk_adc_2x
    BUFGCTRL_X0Y1        BUFG (Prop_bufg_I_O)         0.101    -4.389 r  bufg_ser_clk/O
                         net (fo=1629, routed)        1.749    -2.640    pwm[0]/CLK
    SLICE_X42Y13         FDRE                                         r  pwm[0]/cmp_lo_less_equal_r_reg/C
  -------------------------------------------------------------------    -------------------
    SLICE_X42Y13         FDRE (Prop_fdre_C_Q)         0.518    -2.122 r  pwm[0]/cmp_lo_less_equal_r_reg/Q
                         net (fo=1, routed)           0.676    -1.445    pwm[0]/cmp_lo_less_equal_r
    SLICE_X43Y21         LUT3 (Prop_lut3_I1_O)        0.124    -1.321 r  pwm[0]/pwm_o_reg0/O
                         net (fo=1, routed)           1.383     0.061    pwm[0]/pwm_o_reg0_n_0
    OLOGIC_X0Y47         FDRE                                         r  pwm[0]/pwm_o_reg_reg/D
  -------------------------------------------------------------------    -------------------

                         (clock pll_clk_adc_2x rise edge)
                                                      4.000     4.000 r  
    U18                                               0.000     4.000 r  adc_clk_p_i (IN)
                         net (fo=0)                   0.000     4.000    adc_clk_p_i
    U18                  IBUFDS (Prop_ibufds_I_O)     0.940     4.940 r  i_clk/O
                         net (fo=1, routed)           1.181     6.121    pll/adc_clk_in
    PLLE2_ADV_X0Y0       PLLE2_ADV (Prop_plle2_adv_CLKIN1_CLKOUT4)
                                                     -7.650    -1.530 r  pll/pll/CLKOUT4
                         net (fo=1, routed)           1.594     0.065    pll_clk_adc_2x
    BUFGCTRL_X0Y1        BUFG (Prop_bufg_I_O)         0.091     0.156 r  bufg_ser_clk/O
                         net (fo=1629, routed)        1.557     1.712    pwm[0]/CLK
    OLOGIC_X0Y47         FDRE                                         r  pwm[0]/pwm_o_reg_reg/C
                         clock pessimism             -0.430     1.283    
                         clock uncertainty           -0.063     1.220    
    OLOGIC_X0Y47         FDRE (Setup_fdre_C_D)       -0.834     0.386    pwm[0]/pwm_o_reg_reg
  -------------------------------------------------------------------
                         required time                          0.386    
                         arrival time                          -0.061    
  -------------------------------------------------------------------
                         slack                                  0.325    

Slack (MET) :             0.438ns  (required time - arrival time)
  Source:                 pwm_rstn_reg/C
                            (rising edge-triggered cell FDRE clocked by pll_clk_adc_2x  {rise@0.000ns fall@2.000ns period=4.000ns})
  Destination:            pwm[3]/pwm_o_reg_reg/R
                            (rising edge-triggered cell FDRE clocked by pll_clk_adc_2x  {rise@0.000ns fall@2.000ns period=4.000ns})
  Path Group:             pll_clk_adc_2x
  Path Type:              Setup (Max at Slow Process Corner)
  Requirement:            4.000ns  (pll_clk_adc_2x rise@4.000ns - pll_clk_adc_2x rise@0.000ns)
  Data Path Delay:        2.628ns  (logic 0.580ns (22.071%)  route 2.048ns (77.929%))
  Logic Levels:           1  (LUT1=1)
  Clock Path Skew:        -0.074ns (DCD - SCD + CPR)
    Destination Clock Delay (DCD):    -2.290ns = ( 1.710 - 4.000 ) 
    Source Clock Delay      (SCD):    -2.646ns
    Clock Pessimism Removal (CPR):    -0.430ns
  Clock Uncertainty:      0.063ns  ((TSJ^2 + DJ^2)^1/2) / 2 + PE
    Total System Jitter     (TSJ):    0.071ns
    Discrete Jitter          (DJ):    0.104ns
    Phase Error              (PE):    0.000ns

    Location             Delay type                Incr(ns)  Path(ns)    Netlist Resource(s)
  -------------------------------------------------------------------    -------------------
                         (clock pll_clk_adc_2x rise edge)
                                                      0.000     0.000 r  
    U18                                               0.000     0.000 r  adc_clk_p_i (IN)
                         net (fo=0)                   0.000     0.000    adc_clk_p_i
    U18                  IBUFDS (Prop_ibufds_I_O)     0.983     0.983 r  i_clk/O
                         net (fo=1, routed)           1.306     2.289    pll/adc_clk_in
    PLLE2_ADV_X0Y0       PLLE2_ADV (Prop_plle2_adv_CLKIN1_CLKOUT4)
                                                     -8.533    -6.244 r  pll/pll/CLKOUT4
                         net (fo=1, routed)           1.754    -4.490    pll_clk_adc_2x
    BUFGCTRL_X0Y1        BUFG (Prop_bufg_I_O)         0.101    -4.389 r  bufg_ser_clk/O
                         net (fo=1629, routed)        1.743    -2.646    pwm_clk
    SLICE_X41Y18         FDRE                                         r  pwm_rstn_reg/C
  -------------------------------------------------------------------    -------------------
    SLICE_X41Y18         FDRE (Prop_fdre_C_Q)         0.456    -2.190 f  pwm_rstn_reg/Q
                         net (fo=69, routed)          0.329    -1.861    pwm[0]/pwm_rstn
    SLICE_X42Y18         LUT1 (Prop_lut1_I0_O)        0.124    -1.737 r  pwm[0]/vcnt[7]_i_1__2/O
                         net (fo=64, routed)          1.719    -0.018    pwm[3]/bcnt_reg[0]_0
    OLOGIC_X0Y44         FDRE                                         r  pwm[3]/pwm_o_reg_reg/R
  -------------------------------------------------------------------    -------------------

                         (clock pll_clk_adc_2x rise edge)
                                                      4.000     4.000 r  
    U18                                               0.000     4.000 r  adc_clk_p_i (IN)
                         net (fo=0)                   0.000     4.000    adc_clk_p_i
    U18                  IBUFDS (Prop_ibufds_I_O)     0.940     4.940 r  i_clk/O
                         net (fo=1, routed)           1.181     6.121    pll/adc_clk_in
    PLLE2_ADV_X0Y0       PLLE2_ADV (Prop_plle2_adv_CLKIN1_CLKOUT4)
                                                     -7.650    -1.530 r  pll/pll/CLKOUT4
                         net (fo=1, routed)           1.594     0.065    pll_clk_adc_2x
    BUFGCTRL_X0Y1        BUFG (Prop_bufg_I_O)         0.091     0.156 r  bufg_ser_clk/O
                         net (fo=1629, routed)        1.555     1.710    pwm[3]/CLK
    OLOGIC_X0Y44         FDRE                                         r  pwm[3]/pwm_o_reg_reg/C
                         clock pessimism             -0.430     1.281    
                         clock uncertainty           -0.063     1.218    
    OLOGIC_X0Y44         FDRE (Setup_fdre_C_R)       -0.798     0.420    pwm[3]/pwm_o_reg_reg
  -------------------------------------------------------------------
                         required time                          0.420    
                         arrival time                           0.018    
  -------------------------------------------------------------------
                         slack                                  0.438    

Slack (MET) :             0.481ns  (required time - arrival time)
  Source:                 pwm_rstn_reg/C
                            (rising edge-triggered cell FDRE clocked by pll_clk_adc_2x  {rise@0.000ns fall@2.000ns period=4.000ns})
  Destination:            pwm[1]/pwm_o_reg_reg/R
                            (rising edge-triggered cell FDRE clocked by pll_clk_adc_2x  {rise@0.000ns fall@2.000ns period=4.000ns})
  Path Group:             pll_clk_adc_2x
  Path Type:              Setup (Max at Slow Process Corner)
  Requirement:            4.000ns  (pll_clk_adc_2x rise@4.000ns - pll_clk_adc_2x rise@0.000ns)
  Data Path Delay:        2.587ns  (logic 0.580ns (22.419%)  route 2.007ns (77.581%))
  Logic Levels:           1  (LUT1=1)
  Clock Path Skew:        -0.072ns (DCD - SCD + CPR)
    Destination Clock Delay (DCD):    -2.288ns = ( 1.712 - 4.000 ) 
    Source Clock Delay      (SCD):    -2.646ns
    Clock Pessimism Removal (CPR):    -0.430ns
  Clock Uncertainty:      0.063ns  ((TSJ^2 + DJ^2)^1/2) / 2 + PE
    Total System Jitter     (TSJ):    0.071ns
    Discrete Jitter          (DJ):    0.104ns
    Phase Error              (PE):    0.000ns

    Location             Delay type                Incr(ns)  Path(ns)    Netlist Resource(s)
  -------------------------------------------------------------------    -------------------
                         (clock pll_clk_adc_2x rise edge)
                                                      0.000     0.000 r  
    U18                                               0.000     0.000 r  adc_clk_p_i (IN)
                         net (fo=0)                   0.000     0.000    adc_clk_p_i
    U18                  IBUFDS (Prop_ibufds_I_O)     0.983     0.983 r  i_clk/O
                         net (fo=1, routed)           1.306     2.289    pll/adc_clk_in
    PLLE2_ADV_X0Y0       PLLE2_ADV (Prop_plle2_adv_CLKIN1_CLKOUT4)
                                                     -8.533    -6.244 r  pll/pll/CLKOUT4
                         net (fo=1, routed)           1.754    -4.490    pll_clk_adc_2x
    BUFGCTRL_X0Y1        BUFG (Prop_bufg_I_O)         0.101    -4.389 r  bufg_ser_clk/O
                         net (fo=1629, routed)        1.743    -2.646    pwm_clk
    SLICE_X41Y18         FDRE                                         r  pwm_rstn_reg/C
  -------------------------------------------------------------------    -------------------
    SLICE_X41Y18         FDRE (Prop_fdre_C_Q)         0.456    -2.190 f  pwm_rstn_reg/Q
                         net (fo=69, routed)          0.329    -1.861    pwm[0]/pwm_rstn
    SLICE_X42Y18         LUT1 (Prop_lut1_I0_O)        0.124    -1.737 r  pwm[0]/vcnt[7]_i_1__2/O
                         net (fo=64, routed)          1.678    -0.059    pwm[1]/bcnt_reg[0]_0
    OLOGIC_X0Y48         FDRE                                         r  pwm[1]/pwm_o_reg_reg/R
  -------------------------------------------------------------------    -------------------

                         (clock pll_clk_adc_2x rise edge)
                                                      4.000     4.000 r  
    U18                                               0.000     4.000 r  adc_clk_p_i (IN)
                         net (fo=0)                   0.000     4.000    adc_clk_p_i
    U18                  IBUFDS (Prop_ibufds_I_O)     0.940     4.940 r  i_clk/O
                         net (fo=1, routed)           1.181     6.121    pll/adc_clk_in
    PLLE2_ADV_X0Y0       PLLE2_ADV (Prop_plle2_adv_CLKIN1_CLKOUT4)
                                                     -7.650    -1.530 r  pll/pll/CLKOUT4
                         net (fo=1, routed)           1.594     0.065    pll_clk_adc_2x
    BUFGCTRL_X0Y1        BUFG (Prop_bufg_I_O)         0.091     0.156 r  bufg_ser_clk/O
                         net (fo=1629, routed)        1.557     1.712    pwm[1]/CLK
    OLOGIC_X0Y48         FDRE                                         r  pwm[1]/pwm_o_reg_reg/C
                         clock pessimism             -0.430     1.283    
                         clock uncertainty           -0.063     1.220    
    OLOGIC_X0Y48         FDRE (Setup_fdre_C_R)       -0.798     0.422    pwm[1]/pwm_o_reg_reg
  -------------------------------------------------------------------
                         required time                          0.422    
                         arrival time                           0.059    
  -------------------------------------------------------------------
                         slack                                  0.481    

Slack (MET) :             0.504ns  (required time - arrival time)
  Source:                 pwm[1]/cmp_hi_less_r_reg/C
                            (rising edge-triggered cell FDRE clocked by pll_clk_adc_2x  {rise@0.000ns fall@2.000ns period=4.000ns})
  Destination:            pwm[1]/pwm_o_reg_reg/D
                            (rising edge-triggered cell FDRE clocked by pll_clk_adc_2x  {rise@0.000ns fall@2.000ns period=4.000ns})
  Path Group:             pll_clk_adc_2x
  Path Type:              Setup (Max at Slow Process Corner)
  Requirement:            4.000ns  (pll_clk_adc_2x rise@4.000ns - pll_clk_adc_2x rise@0.000ns)
  Data Path Delay:        2.530ns  (logic 0.773ns (30.554%)  route 1.757ns (69.446%))
  Logic Levels:           1  (LUT3=1)
  Clock Path Skew:        -0.070ns (DCD - SCD + CPR)
    Destination Clock Delay (DCD):    -2.288ns = ( 1.712 - 4.000 ) 
    Source Clock Delay      (SCD):    -2.648ns
    Clock Pessimism Removal (CPR):    -0.430ns
  Clock Uncertainty:      0.063ns  ((TSJ^2 + DJ^2)^1/2) / 2 + PE
    Total System Jitter     (TSJ):    0.071ns
    Discrete Jitter          (DJ):    0.104ns
    Phase Error              (PE):    0.000ns

    Location             Delay type                Incr(ns)  Path(ns)    Netlist Resource(s)
  -------------------------------------------------------------------    -------------------
                         (clock pll_clk_adc_2x rise edge)
                                                      0.000     0.000 r  
    U18                                               0.000     0.000 r  adc_clk_p_i (IN)
                         net (fo=0)                   0.000     0.000    adc_clk_p_i
    U18                  IBUFDS (Prop_ibufds_I_O)     0.983     0.983 r  i_clk/O
                         net (fo=1, routed)           1.306     2.289    pll/adc_clk_in
    PLLE2_ADV_X0Y0       PLLE2_ADV (Prop_plle2_adv_CLKIN1_CLKOUT4)
                                                     -8.533    -6.244 r  pll/pll/CLKOUT4
                         net (fo=1, routed)           1.754    -4.490    pll_clk_adc_2x
    BUFGCTRL_X0Y1        BUFG (Prop_bufg_I_O)         0.101    -4.389 r  bufg_ser_clk/O
                         net (fo=1629, routed)        1.741    -2.648    pwm[1]/CLK
    SLICE_X42Y20         FDRE                                         r  pwm[1]/cmp_hi_less_r_reg/C
  -------------------------------------------------------------------    -------------------
    SLICE_X42Y20         FDRE (Prop_fdre_C_Q)         0.478    -2.170 r  pwm[1]/cmp_hi_less_r_reg/Q
                         net (fo=1, routed)           0.469    -1.701    pwm[1]/cmp_hi_less_r
    SLICE_X42Y20         LUT3 (Prop_lut3_I0_O)        0.295    -1.406 r  pwm[1]/pwm_o_reg0/O
                         net (fo=1, routed)           1.288    -0.118    pwm[1]/pwm_o_reg0_n_0
    OLOGIC_X0Y48         FDRE                                         r  pwm[1]/pwm_o_reg_reg/D
  -------------------------------------------------------------------    -------------------

                         (clock pll_clk_adc_2x rise edge)
                                                      4.000     4.000 r  
    U18                                               0.000     4.000 r  adc_clk_p_i (IN)
                         net (fo=0)                   0.000     4.000    adc_clk_p_i
    U18                  IBUFDS (Prop_ibufds_I_O)     0.940     4.940 r  i_clk/O
                         net (fo=1, routed)           1.181     6.121    pll/adc_clk_in
    PLLE2_ADV_X0Y0       PLLE2_ADV (Prop_plle2_adv_CLKIN1_CLKOUT4)
                                                     -7.650    -1.530 r  pll/pll/CLKOUT4
                         net (fo=1, routed)           1.594     0.065    pll_clk_adc_2x
    BUFGCTRL_X0Y1        BUFG (Prop_bufg_I_O)         0.091     0.156 r  bufg_ser_clk/O
                         net (fo=1629, routed)        1.557     1.712    pwm[1]/CLK
    OLOGIC_X0Y48         FDRE                                         r  pwm[1]/pwm_o_reg_reg/C
                         clock pessimism             -0.430     1.283    
                         clock uncertainty           -0.063     1.220    
    OLOGIC_X0Y48         FDRE (Setup_fdre_C_D)       -0.834     0.386    pwm[1]/pwm_o_reg_reg
  -------------------------------------------------------------------
                         required time                          0.386    
                         arrival time                           0.118    
  -------------------------------------------------------------------
                         slack                                  0.504    

Slack (MET) :             0.521ns  (required time - arrival time)
  Source:                 Digital_Freq_Meter_inst/DDC1_inst/ddc_frontend_lowpass_filter_inst_I/N_times_clk_FIR_wrapper_H_inst/fir_compiler_minimumphase_N_times_clk_inst/U0/i_synth/g_single_rate.i_single_rate/g_semi_parallel_and_smac.g_cntrl_signals[7].i_delay/gen_reg.d_reg_reg[0]/C
                            (rising edge-triggered cell FDRE clocked by pll_clk_adc_2x  {rise@0.000ns fall@2.000ns period=4.000ns})
  Destination:            Digital_Freq_Meter_inst/DDC1_inst/ddc_frontend_lowpass_filter_inst_I/N_times_clk_FIR_wrapper_H_inst/fir_compiler_minimumphase_N_times_clk_inst/U0/i_synth/g_single_rate.i_single_rate/g_semi_parallel_and_smac.g_paths[0].g_mem_array[0].i_mem/g_individual.g_mem_b.i_mem_b/gen_srl16.gen_mem.mem_reg[0][12]/CE
                            (rising edge-triggered cell FDRE clocked by pll_clk_adc_2x  {rise@0.000ns fall@2.000ns period=4.000ns})
  Path Group:             pll_clk_adc_2x
  Path Type:              Setup (Max at Slow Process Corner)
  Requirement:            4.000ns  (pll_clk_adc_2x rise@4.000ns - pll_clk_adc_2x rise@0.000ns)
  Data Path Delay:        2.881ns  (logic 0.478ns (16.589%)  route 2.403ns (83.411%))
  Logic Levels:           0  
  Clock Path Skew:        -0.153ns (DCD - SCD + CPR)
    Destination Clock Delay (DCD):    -2.337ns = ( 1.663 - 4.000 ) 
    Source Clock Delay      (SCD):    -2.715ns
    Clock Pessimism Removal (CPR):    -0.530ns
  Clock Uncertainty:      0.063ns  ((TSJ^2 + DJ^2)^1/2) / 2 + PE
    Total System Jitter     (TSJ):    0.071ns
    Discrete Jitter          (DJ):    0.104ns
    Phase Error              (PE):    0.000ns

    Location             Delay type                Incr(ns)  Path(ns)    Netlist Resource(s)
  -------------------------------------------------------------------    -------------------
                         (clock pll_clk_adc_2x rise edge)
                                                      0.000     0.000 r  
    U18                                               0.000     0.000 r  adc_clk_p_i (IN)
                         net (fo=0)                   0.000     0.000    adc_clk_p_i
    U18                  IBUFDS (Prop_ibufds_I_O)     0.983     0.983 r  i_clk/O
                         net (fo=1, routed)           1.306     2.289    pll/adc_clk_in
    PLLE2_ADV_X0Y0       PLLE2_ADV (Prop_plle2_adv_CLKIN1_CLKOUT4)
                                                     -8.533    -6.244 r  pll/pll/CLKOUT4
                         net (fo=1, routed)           1.754    -4.490    pll_clk_adc_2x
    BUFGCTRL_X0Y1        BUFG (Prop_bufg_I_O)         0.101    -4.389 r  bufg_ser_clk/O
                         net (fo=1629, routed)        1.674    -2.715    Digital_Freq_Meter_inst/DDC1_inst/ddc_frontend_lowpass_filter_inst_I/N_times_clk_FIR_wrapper_H_inst/fir_compiler_minimumphase_N_times_clk_inst/U0/i_synth/g_single_rate.i_single_rate/g_semi_parallel_and_smac.g_cntrl_signals[7].i_delay/aclk
    SLICE_X28Y6          FDRE                                         r  Digital_Freq_Meter_inst/DDC1_inst/ddc_frontend_lowpass_filter_inst_I/N_times_clk_FIR_wrapper_H_inst/fir_compiler_minimumphase_N_times_clk_inst/U0/i_synth/g_single_rate.i_single_rate/g_semi_parallel_and_smac.g_cntrl_signals[7].i_delay/gen_reg.d_reg_reg[0]/C
  -------------------------------------------------------------------    -------------------
    SLICE_X28Y6          FDRE (Prop_fdre_C_Q)         0.478    -2.237 r  Digital_Freq_Meter_inst/DDC1_inst/ddc_frontend_lowpass_filter_inst_I/N_times_clk_FIR_wrapper_H_inst/fir_compiler_minimumphase_N_times_clk_inst/U0/i_synth/g_single_rate.i_single_rate/g_semi_parallel_and_smac.g_cntrl_signals[7].i_delay/gen_reg.d_reg_reg[0]/Q
                         net (fo=33, routed)          2.403     0.167    Digital_Freq_Meter_inst/DDC1_inst/ddc_frontend_lowpass_filter_inst_I/N_times_clk_FIR_wrapper_H_inst/fir_compiler_minimumphase_N_times_clk_inst/U0/i_synth/g_single_rate.i_single_rate/g_semi_parallel_and_smac.g_paths[0].g_mem_array[0].i_mem/g_individual.g_mem_b.i_mem_b/WE
    SLICE_X7Y2           FDRE                                         r  Digital_Freq_Meter_inst/DDC1_inst/ddc_frontend_lowpass_filter_inst_I/N_times_clk_FIR_wrapper_H_inst/fir_compiler_minimumphase_N_times_clk_inst/U0/i_synth/g_single_rate.i_single_rate/g_semi_parallel_and_smac.g_paths[0].g_mem_array[0].i_mem/g_individual.g_mem_b.i_mem_b/gen_srl16.gen_mem.mem_reg[0][12]/CE
  -------------------------------------------------------------------    -------------------

                         (clock pll_clk_adc_2x rise edge)
                                                      4.000     4.000 r  
    U18                                               0.000     4.000 r  adc_clk_p_i (IN)
                         net (fo=0)                   0.000     4.000    adc_clk_p_i
    U18                  IBUFDS (Prop_ibufds_I_O)     0.940     4.940 r  i_clk/O
                         net (fo=1, routed)           1.181     6.121    pll/adc_clk_in
    PLLE2_ADV_X0Y0       PLLE2_ADV (Prop_plle2_adv_CLKIN1_CLKOUT4)
                                                     -7.650    -1.530 r  pll/pll/CLKOUT4
                         net (fo=1, routed)           1.594     0.065    pll_clk_adc_2x
    BUFGCTRL_X0Y1        BUFG (Prop_bufg_I_O)         0.091     0.156 r  bufg_ser_clk/O
                         net (fo=1629, routed)        1.507     1.663    Digital_Freq_Meter_inst/DDC1_inst/ddc_frontend_lowpass_filter_inst_I/N_times_clk_FIR_wrapper_H_inst/fir_compiler_minimumphase_N_times_clk_inst/U0/i_synth/g_single_rate.i_single_rate/g_semi_parallel_and_smac.g_paths[0].g_mem_array[0].i_mem/g_individual.g_mem_b.i_mem_b/CLK
    SLICE_X7Y2           FDRE                                         r  Digital_Freq_Meter_inst/DDC1_inst/ddc_frontend_lowpass_filter_inst_I/N_times_clk_FIR_wrapper_H_inst/fir_compiler_minimumphase_N_times_clk_inst/U0/i_synth/g_single_rate.i_single_rate/g_semi_parallel_and_smac.g_paths[0].g_mem_array[0].i_mem/g_individual.g_mem_b.i_mem_b/gen_srl16.gen_mem.mem_reg[0][12]/C
                         clock pessimism             -0.530     1.133    
                         clock uncertainty           -0.063     1.070    
    SLICE_X7Y2           FDRE (Setup_fdre_C_CE)      -0.382     0.688    Digital_Freq_Meter_inst/DDC1_inst/ddc_frontend_lowpass_filter_inst_I/N_times_clk_FIR_wrapper_H_inst/fir_compiler_minimumphase_N_times_clk_inst/U0/i_synth/g_single_rate.i_single_rate/g_semi_parallel_and_smac.g_paths[0].g_mem_array[0].i_mem/g_individual.g_mem_b.i_mem_b/gen_srl16.gen_mem.mem_reg[0][12]
  -------------------------------------------------------------------
                         required time                          0.688    
                         arrival time                          -0.167    
  -------------------------------------------------------------------
                         slack                                  0.521    

Slack (MET) :             0.521ns  (required time - arrival time)
  Source:                 Digital_Freq_Meter_inst/DDC1_inst/ddc_frontend_lowpass_filter_inst_I/N_times_clk_FIR_wrapper_H_inst/fir_compiler_minimumphase_N_times_clk_inst/U0/i_synth/g_single_rate.i_single_rate/g_semi_parallel_and_smac.g_cntrl_signals[7].i_delay/gen_reg.d_reg_reg[0]/C
                            (rising edge-triggered cell FDRE clocked by pll_clk_adc_2x  {rise@0.000ns fall@2.000ns period=4.000ns})
  Destination:            Digital_Freq_Meter_inst/DDC1_inst/ddc_frontend_lowpass_filter_inst_I/N_times_clk_FIR_wrapper_H_inst/fir_compiler_minimumphase_N_times_clk_inst/U0/i_synth/g_single_rate.i_single_rate/g_semi_parallel_and_smac.g_paths[0].g_mem_array[0].i_mem/g_individual.g_mem_b.i_mem_b/gen_srl16.gen_mem.mem_reg[0][13]/CE
                            (rising edge-triggered cell FDRE clocked by pll_clk_adc_2x  {rise@0.000ns fall@2.000ns period=4.000ns})
  Path Group:             pll_clk_adc_2x
  Path Type:              Setup (Max at Slow Process Corner)
  Requirement:            4.000ns  (pll_clk_adc_2x rise@4.000ns - pll_clk_adc_2x rise@0.000ns)
  Data Path Delay:        2.881ns  (logic 0.478ns (16.589%)  route 2.403ns (83.411%))
  Logic Levels:           0  
  Clock Path Skew:        -0.153ns (DCD - SCD + CPR)
    Destination Clock Delay (DCD):    -2.337ns = ( 1.663 - 4.000 ) 
    Source Clock Delay      (SCD):    -2.715ns
    Clock Pessimism Removal (CPR):    -0.530ns
  Clock Uncertainty:      0.063ns  ((TSJ^2 + DJ^2)^1/2) / 2 + PE
    Total System Jitter     (TSJ):    0.071ns
    Discrete Jitter          (DJ):    0.104ns
    Phase Error              (PE):    0.000ns

    Location             Delay type                Incr(ns)  Path(ns)    Netlist Resource(s)
  -------------------------------------------------------------------    -------------------
                         (clock pll_clk_adc_2x rise edge)
                                                      0.000     0.000 r  
    U18                                               0.000     0.000 r  adc_clk_p_i (IN)
                         net (fo=0)                   0.000     0.000    adc_clk_p_i
    U18                  IBUFDS (Prop_ibufds_I_O)     0.983     0.983 r  i_clk/O
                         net (fo=1, routed)           1.306     2.289    pll/adc_clk_in
    PLLE2_ADV_X0Y0       PLLE2_ADV (Prop_plle2_adv_CLKIN1_CLKOUT4)
                                                     -8.533    -6.244 r  pll/pll/CLKOUT4
                         net (fo=1, routed)           1.754    -4.490    pll_clk_adc_2x
    BUFGCTRL_X0Y1        BUFG (Prop_bufg_I_O)         0.101    -4.389 r  bufg_ser_clk/O
                         net (fo=1629, routed)        1.674    -2.715    Digital_Freq_Meter_inst/DDC1_inst/ddc_frontend_lowpass_filter_inst_I/N_times_clk_FIR_wrapper_H_inst/fir_compiler_minimumphase_N_times_clk_inst/U0/i_synth/g_single_rate.i_single_rate/g_semi_parallel_and_smac.g_cntrl_signals[7].i_delay/aclk
    SLICE_X28Y6          FDRE                                         r  Digital_Freq_Meter_inst/DDC1_inst/ddc_frontend_lowpass_filter_inst_I/N_times_clk_FIR_wrapper_H_inst/fir_compiler_minimumphase_N_times_clk_inst/U0/i_synth/g_single_rate.i_single_rate/g_semi_parallel_and_smac.g_cntrl_signals[7].i_delay/gen_reg.d_reg_reg[0]/C
  -------------------------------------------------------------------    -------------------
    SLICE_X28Y6          FDRE (Prop_fdre_C_Q)         0.478    -2.237 r  Digital_Freq_Meter_inst/DDC1_inst/ddc_frontend_lowpass_filter_inst_I/N_times_clk_FIR_wrapper_H_inst/fir_compiler_minimumphase_N_times_clk_inst/U0/i_synth/g_single_rate.i_single_rate/g_semi_parallel_and_smac.g_cntrl_signals[7].i_delay/gen_reg.d_reg_reg[0]/Q
                         net (fo=33, routed)          2.403     0.167    Digital_Freq_Meter_inst/DDC1_inst/ddc_frontend_lowpass_filter_inst_I/N_times_clk_FIR_wrapper_H_inst/fir_compiler_minimumphase_N_times_clk_inst/U0/i_synth/g_single_rate.i_single_rate/g_semi_parallel_and_smac.g_paths[0].g_mem_array[0].i_mem/g_individual.g_mem_b.i_mem_b/WE
    SLICE_X7Y2           FDRE                                         r  Digital_Freq_Meter_inst/DDC1_inst/ddc_frontend_lowpass_filter_inst_I/N_times_clk_FIR_wrapper_H_inst/fir_compiler_minimumphase_N_times_clk_inst/U0/i_synth/g_single_rate.i_single_rate/g_semi_parallel_and_smac.g_paths[0].g_mem_array[0].i_mem/g_individual.g_mem_b.i_mem_b/gen_srl16.gen_mem.mem_reg[0][13]/CE
  -------------------------------------------------------------------    -------------------

                         (clock pll_clk_adc_2x rise edge)
                                                      4.000     4.000 r  
    U18                                               0.000     4.000 r  adc_clk_p_i (IN)
                         net (fo=0)                   0.000     4.000    adc_clk_p_i
    U18                  IBUFDS (Prop_ibufds_I_O)     0.940     4.940 r  i_clk/O
                         net (fo=1, routed)           1.181     6.121    pll/adc_clk_in
    PLLE2_ADV_X0Y0       PLLE2_ADV (Prop_plle2_adv_CLKIN1_CLKOUT4)
                                                     -7.650    -1.530 r  pll/pll/CLKOUT4
                         net (fo=1, routed)           1.594     0.065    pll_clk_adc_2x
    BUFGCTRL_X0Y1        BUFG (Prop_bufg_I_O)         0.091     0.156 r  bufg_ser_clk/O
                         net (fo=1629, routed)        1.507     1.663    Digital_Freq_Meter_inst/DDC1_inst/ddc_frontend_lowpass_filter_inst_I/N_times_clk_FIR_wrapper_H_inst/fir_compiler_minimumphase_N_times_clk_inst/U0/i_synth/g_single_rate.i_single_rate/g_semi_parallel_and_smac.g_paths[0].g_mem_array[0].i_mem/g_individual.g_mem_b.i_mem_b/CLK
    SLICE_X7Y2           FDRE                                         r  Digital_Freq_Meter_inst/DDC1_inst/ddc_frontend_lowpass_filter_inst_I/N_times_clk_FIR_wrapper_H_inst/fir_compiler_minimumphase_N_times_clk_inst/U0/i_synth/g_single_rate.i_single_rate/g_semi_parallel_and_smac.g_paths[0].g_mem_array[0].i_mem/g_individual.g_mem_b.i_mem_b/gen_srl16.gen_mem.mem_reg[0][13]/C
                         clock pessimism             -0.530     1.133    
                         clock uncertainty           -0.063     1.070    
    SLICE_X7Y2           FDRE (Setup_fdre_C_CE)      -0.382     0.688    Digital_Freq_Meter_inst/DDC1_inst/ddc_frontend_lowpass_filter_inst_I/N_times_clk_FIR_wrapper_H_inst/fir_compiler_minimumphase_N_times_clk_inst/U0/i_synth/g_single_rate.i_single_rate/g_semi_parallel_and_smac.g_paths[0].g_mem_array[0].i_mem/g_individual.g_mem_b.i_mem_b/gen_srl16.gen_mem.mem_reg[0][13]
  -------------------------------------------------------------------
                         required time                          0.688    
                         arrival time                          -0.167    
  -------------------------------------------------------------------
                         slack                                  0.521    

Slack (MET) :             0.521ns  (required time - arrival time)
  Source:                 Digital_Freq_Meter_inst/DDC1_inst/ddc_frontend_lowpass_filter_inst_I/N_times_clk_FIR_wrapper_H_inst/fir_compiler_minimumphase_N_times_clk_inst/U0/i_synth/g_single_rate.i_single_rate/g_semi_parallel_and_smac.g_cntrl_signals[7].i_delay/gen_reg.d_reg_reg[0]/C
                            (rising edge-triggered cell FDRE clocked by pll_clk_adc_2x  {rise@0.000ns fall@2.000ns period=4.000ns})
  Destination:            Digital_Freq_Meter_inst/DDC1_inst/ddc_frontend_lowpass_filter_inst_I/N_times_clk_FIR_wrapper_H_inst/fir_compiler_minimumphase_N_times_clk_inst/U0/i_synth/g_single_rate.i_single_rate/g_semi_parallel_and_smac.g_paths[0].g_mem_array[0].i_mem/g_individual.g_mem_b.i_mem_b/gen_srl16.gen_mem.mem_reg[0][9]/CE
                            (rising edge-triggered cell FDRE clocked by pll_clk_adc_2x  {rise@0.000ns fall@2.000ns period=4.000ns})
  Path Group:             pll_clk_adc_2x
  Path Type:              Setup (Max at Slow Process Corner)
  Requirement:            4.000ns  (pll_clk_adc_2x rise@4.000ns - pll_clk_adc_2x rise@0.000ns)
  Data Path Delay:        2.881ns  (logic 0.478ns (16.589%)  route 2.403ns (83.411%))
  Logic Levels:           0  
  Clock Path Skew:        -0.153ns (DCD - SCD + CPR)
    Destination Clock Delay (DCD):    -2.337ns = ( 1.663 - 4.000 ) 
    Source Clock Delay      (SCD):    -2.715ns
    Clock Pessimism Removal (CPR):    -0.530ns
  Clock Uncertainty:      0.063ns  ((TSJ^2 + DJ^2)^1/2) / 2 + PE
    Total System Jitter     (TSJ):    0.071ns
    Discrete Jitter          (DJ):    0.104ns
    Phase Error              (PE):    0.000ns

    Location             Delay type                Incr(ns)  Path(ns)    Netlist Resource(s)
  -------------------------------------------------------------------    -------------------
                         (clock pll_clk_adc_2x rise edge)
                                                      0.000     0.000 r  
    U18                                               0.000     0.000 r  adc_clk_p_i (IN)
                         net (fo=0)                   0.000     0.000    adc_clk_p_i
    U18                  IBUFDS (Prop_ibufds_I_O)     0.983     0.983 r  i_clk/O
                         net (fo=1, routed)           1.306     2.289    pll/adc_clk_in
    PLLE2_ADV_X0Y0       PLLE2_ADV (Prop_plle2_adv_CLKIN1_CLKOUT4)
                                                     -8.533    -6.244 r  pll/pll/CLKOUT4
                         net (fo=1, routed)           1.754    -4.490    pll_clk_adc_2x
    BUFGCTRL_X0Y1        BUFG (Prop_bufg_I_O)         0.101    -4.389 r  bufg_ser_clk/O
                         net (fo=1629, routed)        1.674    -2.715    Digital_Freq_Meter_inst/DDC1_inst/ddc_frontend_lowpass_filter_inst_I/N_times_clk_FIR_wrapper_H_inst/fir_compiler_minimumphase_N_times_clk_inst/U0/i_synth/g_single_rate.i_single_rate/g_semi_parallel_and_smac.g_cntrl_signals[7].i_delay/aclk
    SLICE_X28Y6          FDRE                                         r  Digital_Freq_Meter_inst/DDC1_inst/ddc_frontend_lowpass_filter_inst_I/N_times_clk_FIR_wrapper_H_inst/fir_compiler_minimumphase_N_times_clk_inst/U0/i_synth/g_single_rate.i_single_rate/g_semi_parallel_and_smac.g_cntrl_signals[7].i_delay/gen_reg.d_reg_reg[0]/C
  -------------------------------------------------------------------    -------------------
    SLICE_X28Y6          FDRE (Prop_fdre_C_Q)         0.478    -2.237 r  Digital_Freq_Meter_inst/DDC1_inst/ddc_frontend_lowpass_filter_inst_I/N_times_clk_FIR_wrapper_H_inst/fir_compiler_minimumphase_N_times_clk_inst/U0/i_synth/g_single_rate.i_single_rate/g_semi_parallel_and_smac.g_cntrl_signals[7].i_delay/gen_reg.d_reg_reg[0]/Q
                         net (fo=33, routed)          2.403     0.167    Digital_Freq_Meter_inst/DDC1_inst/ddc_frontend_lowpass_filter_inst_I/N_times_clk_FIR_wrapper_H_inst/fir_compiler_minimumphase_N_times_clk_inst/U0/i_synth/g_single_rate.i_single_rate/g_semi_parallel_and_smac.g_paths[0].g_mem_array[0].i_mem/g_individual.g_mem_b.i_mem_b/WE
    SLICE_X7Y2           FDRE                                         r  Digital_Freq_Meter_inst/DDC1_inst/ddc_frontend_lowpass_filter_inst_I/N_times_clk_FIR_wrapper_H_inst/fir_compiler_minimumphase_N_times_clk_inst/U0/i_synth/g_single_rate.i_single_rate/g_semi_parallel_and_smac.g_paths[0].g_mem_array[0].i_mem/g_individual.g_mem_b.i_mem_b/gen_srl16.gen_mem.mem_reg[0][9]/CE
  -------------------------------------------------------------------    -------------------

                         (clock pll_clk_adc_2x rise edge)
                                                      4.000     4.000 r  
    U18                                               0.000     4.000 r  adc_clk_p_i (IN)
                         net (fo=0)                   0.000     4.000    adc_clk_p_i
    U18                  IBUFDS (Prop_ibufds_I_O)     0.940     4.940 r  i_clk/O
                         net (fo=1, routed)           1.181     6.121    pll/adc_clk_in
    PLLE2_ADV_X0Y0       PLLE2_ADV (Prop_plle2_adv_CLKIN1_CLKOUT4)
                                                     -7.650    -1.530 r  pll/pll/CLKOUT4
                         net (fo=1, routed)           1.594     0.065    pll_clk_adc_2x
    BUFGCTRL_X0Y1        BUFG (Prop_bufg_I_O)         0.091     0.156 r  bufg_ser_clk/O
                         net (fo=1629, routed)        1.507     1.663    Digital_Freq_Meter_inst/DDC1_inst/ddc_frontend_lowpass_filter_inst_I/N_times_clk_FIR_wrapper_H_inst/fir_compiler_minimumphase_N_times_clk_inst/U0/i_synth/g_single_rate.i_single_rate/g_semi_parallel_and_smac.g_paths[0].g_mem_array[0].i_mem/g_individual.g_mem_b.i_mem_b/CLK
    SLICE_X7Y2           FDRE                                         r  Digital_Freq_Meter_inst/DDC1_inst/ddc_frontend_lowpass_filter_inst_I/N_times_clk_FIR_wrapper_H_inst/fir_compiler_minimumphase_N_times_clk_inst/U0/i_synth/g_single_rate.i_single_rate/g_semi_parallel_and_smac.g_paths[0].g_mem_array[0].i_mem/g_individual.g_mem_b.i_mem_b/gen_srl16.gen_mem.mem_reg[0][9]/C
                         clock pessimism             -0.530     1.133    
                         clock uncertainty           -0.063     1.070    
    SLICE_X7Y2           FDRE (Setup_fdre_C_CE)      -0.382     0.688    Digital_Freq_Meter_inst/DDC1_inst/ddc_frontend_lowpass_filter_inst_I/N_times_clk_FIR_wrapper_H_inst/fir_compiler_minimumphase_N_times_clk_inst/U0/i_synth/g_single_rate.i_single_rate/g_semi_parallel_and_smac.g_paths[0].g_mem_array[0].i_mem/g_individual.g_mem_b.i_mem_b/gen_srl16.gen_mem.mem_reg[0][9]
  -------------------------------------------------------------------
                         required time                          0.688    
                         arrival time                          -0.167    
  -------------------------------------------------------------------
                         slack                                  0.521    

Slack (MET) :             0.521ns  (required time - arrival time)
  Source:                 Digital_Freq_Meter_inst/DDC1_inst/ddc_frontend_lowpass_filter_inst_I/N_times_clk_FIR_wrapper_H_inst/fir_compiler_minimumphase_N_times_clk_inst/U0/i_synth/g_single_rate.i_single_rate/g_semi_parallel_and_smac.g_cntrl_signals[7].i_delay/gen_reg.d_reg_reg[0]/C
                            (rising edge-triggered cell FDRE clocked by pll_clk_adc_2x  {rise@0.000ns fall@2.000ns period=4.000ns})
  Destination:            Digital_Freq_Meter_inst/DDC1_inst/ddc_frontend_lowpass_filter_inst_I/N_times_clk_FIR_wrapper_H_inst/fir_compiler_minimumphase_N_times_clk_inst/U0/i_synth/g_single_rate.i_single_rate/g_semi_parallel_and_smac.g_paths[0].g_mem_array[0].i_mem/g_individual.g_mem_b.i_mem_b/gen_srl16.gen_mem.mem_reg[1][12]/CE
                            (rising edge-triggered cell FDRE clocked by pll_clk_adc_2x  {rise@0.000ns fall@2.000ns period=4.000ns})
  Path Group:             pll_clk_adc_2x
  Path Type:              Setup (Max at Slow Process Corner)
  Requirement:            4.000ns  (pll_clk_adc_2x rise@4.000ns - pll_clk_adc_2x rise@0.000ns)
  Data Path Delay:        2.881ns  (logic 0.478ns (16.589%)  route 2.403ns (83.411%))
  Logic Levels:           0  
  Clock Path Skew:        -0.153ns (DCD - SCD + CPR)
    Destination Clock Delay (DCD):    -2.337ns = ( 1.663 - 4.000 ) 
    Source Clock Delay      (SCD):    -2.715ns
    Clock Pessimism Removal (CPR):    -0.530ns
  Clock Uncertainty:      0.063ns  ((TSJ^2 + DJ^2)^1/2) / 2 + PE
    Total System Jitter     (TSJ):    0.071ns
    Discrete Jitter          (DJ):    0.104ns
    Phase Error              (PE):    0.000ns

    Location             Delay type                Incr(ns)  Path(ns)    Netlist Resource(s)
  -------------------------------------------------------------------    -------------------
                         (clock pll_clk_adc_2x rise edge)
                                                      0.000     0.000 r  
    U18                                               0.000     0.000 r  adc_clk_p_i (IN)
                         net (fo=0)                   0.000     0.000    adc_clk_p_i
    U18                  IBUFDS (Prop_ibufds_I_O)     0.983     0.983 r  i_clk/O
                         net (fo=1, routed)           1.306     2.289    pll/adc_clk_in
    PLLE2_ADV_X0Y0       PLLE2_ADV (Prop_plle2_adv_CLKIN1_CLKOUT4)
                                                     -8.533    -6.244 r  pll/pll/CLKOUT4
                         net (fo=1, routed)           1.754    -4.490    pll_clk_adc_2x
    BUFGCTRL_X0Y1        BUFG (Prop_bufg_I_O)         0.101    -4.389 r  bufg_ser_clk/O
                         net (fo=1629, routed)        1.674    -2.715    Digital_Freq_Meter_inst/DDC1_inst/ddc_frontend_lowpass_filter_inst_I/N_times_clk_FIR_wrapper_H_inst/fir_compiler_minimumphase_N_times_clk_inst/U0/i_synth/g_single_rate.i_single_rate/g_semi_parallel_and_smac.g_cntrl_signals[7].i_delay/aclk
    SLICE_X28Y6          FDRE                                         r  Digital_Freq_Meter_inst/DDC1_inst/ddc_frontend_lowpass_filter_inst_I/N_times_clk_FIR_wrapper_H_inst/fir_compiler_minimumphase_N_times_clk_inst/U0/i_synth/g_single_rate.i_single_rate/g_semi_parallel_and_smac.g_cntrl_signals[7].i_delay/gen_reg.d_reg_reg[0]/C
  -------------------------------------------------------------------    -------------------
    SLICE_X28Y6          FDRE (Prop_fdre_C_Q)         0.478    -2.237 r  Digital_Freq_Meter_inst/DDC1_inst/ddc_frontend_lowpass_filter_inst_I/N_times_clk_FIR_wrapper_H_inst/fir_compiler_minimumphase_N_times_clk_inst/U0/i_synth/g_single_rate.i_single_rate/g_semi_parallel_and_smac.g_cntrl_signals[7].i_delay/gen_reg.d_reg_reg[0]/Q
                         net (fo=33, routed)          2.403     0.167    Digital_Freq_Meter_inst/DDC1_inst/ddc_frontend_lowpass_filter_inst_I/N_times_clk_FIR_wrapper_H_inst/fir_compiler_minimumphase_N_times_clk_inst/U0/i_synth/g_single_rate.i_single_rate/g_semi_parallel_and_smac.g_paths[0].g_mem_array[0].i_mem/g_individual.g_mem_b.i_mem_b/WE
    SLICE_X7Y2           FDRE                                         r  Digital_Freq_Meter_inst/DDC1_inst/ddc_frontend_lowpass_filter_inst_I/N_times_clk_FIR_wrapper_H_inst/fir_compiler_minimumphase_N_times_clk_inst/U0/i_synth/g_single_rate.i_single_rate/g_semi_parallel_and_smac.g_paths[0].g_mem_array[0].i_mem/g_individual.g_mem_b.i_mem_b/gen_srl16.gen_mem.mem_reg[1][12]/CE
  -------------------------------------------------------------------    -------------------

                         (clock pll_clk_adc_2x rise edge)
                                                      4.000     4.000 r  
    U18                                               0.000     4.000 r  adc_clk_p_i (IN)
                         net (fo=0)                   0.000     4.000    adc_clk_p_i
    U18                  IBUFDS (Prop_ibufds_I_O)     0.940     4.940 r  i_clk/O
                         net (fo=1, routed)           1.181     6.121    pll/adc_clk_in
    PLLE2_ADV_X0Y0       PLLE2_ADV (Prop_plle2_adv_CLKIN1_CLKOUT4)
                                                     -7.650    -1.530 r  pll/pll/CLKOUT4
                         net (fo=1, routed)           1.594     0.065    pll_clk_adc_2x
    BUFGCTRL_X0Y1        BUFG (Prop_bufg_I_O)         0.091     0.156 r  bufg_ser_clk/O
                         net (fo=1629, routed)        1.507     1.663    Digital_Freq_Meter_inst/DDC1_inst/ddc_frontend_lowpass_filter_inst_I/N_times_clk_FIR_wrapper_H_inst/fir_compiler_minimumphase_N_times_clk_inst/U0/i_synth/g_single_rate.i_single_rate/g_semi_parallel_and_smac.g_paths[0].g_mem_array[0].i_mem/g_individual.g_mem_b.i_mem_b/CLK
    SLICE_X7Y2           FDRE                                         r  Digital_Freq_Meter_inst/DDC1_inst/ddc_frontend_lowpass_filter_inst_I/N_times_clk_FIR_wrapper_H_inst/fir_compiler_minimumphase_N_times_clk_inst/U0/i_synth/g_single_rate.i_single_rate/g_semi_parallel_and_smac.g_paths[0].g_mem_array[0].i_mem/g_individual.g_mem_b.i_mem_b/gen_srl16.gen_mem.mem_reg[1][12]/C
                         clock pessimism             -0.530     1.133    
                         clock uncertainty           -0.063     1.070    
    SLICE_X7Y2           FDRE (Setup_fdre_C_CE)      -0.382     0.688    Digital_Freq_Meter_inst/DDC1_inst/ddc_frontend_lowpass_filter_inst_I/N_times_clk_FIR_wrapper_H_inst/fir_compiler_minimumphase_N_times_clk_inst/U0/i_synth/g_single_rate.i_single_rate/g_semi_parallel_and_smac.g_paths[0].g_mem_array[0].i_mem/g_individual.g_mem_b.i_mem_b/gen_srl16.gen_mem.mem_reg[1][12]
  -------------------------------------------------------------------
                         required time                          0.688    
                         arrival time                          -0.167    
  -------------------------------------------------------------------
                         slack                                  0.521    

Slack (MET) :             0.521ns  (required time - arrival time)
  Source:                 Digital_Freq_Meter_inst/DDC1_inst/ddc_frontend_lowpass_filter_inst_I/N_times_clk_FIR_wrapper_H_inst/fir_compiler_minimumphase_N_times_clk_inst/U0/i_synth/g_single_rate.i_single_rate/g_semi_parallel_and_smac.g_cntrl_signals[7].i_delay/gen_reg.d_reg_reg[0]/C
                            (rising edge-triggered cell FDRE clocked by pll_clk_adc_2x  {rise@0.000ns fall@2.000ns period=4.000ns})
  Destination:            Digital_Freq_Meter_inst/DDC1_inst/ddc_frontend_lowpass_filter_inst_I/N_times_clk_FIR_wrapper_H_inst/fir_compiler_minimumphase_N_times_clk_inst/U0/i_synth/g_single_rate.i_single_rate/g_semi_parallel_and_smac.g_paths[0].g_mem_array[0].i_mem/g_individual.g_mem_b.i_mem_b/gen_srl16.gen_mem.mem_reg[1][13]/CE
                            (rising edge-triggered cell FDRE clocked by pll_clk_adc_2x  {rise@0.000ns fall@2.000ns period=4.000ns})
  Path Group:             pll_clk_adc_2x
  Path Type:              Setup (Max at Slow Process Corner)
  Requirement:            4.000ns  (pll_clk_adc_2x rise@4.000ns - pll_clk_adc_2x rise@0.000ns)
  Data Path Delay:        2.881ns  (logic 0.478ns (16.589%)  route 2.403ns (83.411%))
  Logic Levels:           0  
  Clock Path Skew:        -0.153ns (DCD - SCD + CPR)
    Destination Clock Delay (DCD):    -2.337ns = ( 1.663 - 4.000 ) 
    Source Clock Delay      (SCD):    -2.715ns
    Clock Pessimism Removal (CPR):    -0.530ns
  Clock Uncertainty:      0.063ns  ((TSJ^2 + DJ^2)^1/2) / 2 + PE
    Total System Jitter     (TSJ):    0.071ns
    Discrete Jitter          (DJ):    0.104ns
    Phase Error              (PE):    0.000ns

    Location             Delay type                Incr(ns)  Path(ns)    Netlist Resource(s)
  -------------------------------------------------------------------    -------------------
                         (clock pll_clk_adc_2x rise edge)
                                                      0.000     0.000 r  
    U18                                               0.000     0.000 r  adc_clk_p_i (IN)
                         net (fo=0)                   0.000     0.000    adc_clk_p_i
    U18                  IBUFDS (Prop_ibufds_I_O)     0.983     0.983 r  i_clk/O
                         net (fo=1, routed)           1.306     2.289    pll/adc_clk_in
    PLLE2_ADV_X0Y0       PLLE2_ADV (Prop_plle2_adv_CLKIN1_CLKOUT4)
                                                     -8.533    -6.244 r  pll/pll/CLKOUT4
                         net (fo=1, routed)           1.754    -4.490    pll_clk_adc_2x
    BUFGCTRL_X0Y1        BUFG (Prop_bufg_I_O)         0.101    -4.389 r  bufg_ser_clk/O
                         net (fo=1629, routed)        1.674    -2.715    Digital_Freq_Meter_inst/DDC1_inst/ddc_frontend_lowpass_filter_inst_I/N_times_clk_FIR_wrapper_H_inst/fir_compiler_minimumphase_N_times_clk_inst/U0/i_synth/g_single_rate.i_single_rate/g_semi_parallel_and_smac.g_cntrl_signals[7].i_delay/aclk
    SLICE_X28Y6          FDRE                                         r  Digital_Freq_Meter_inst/DDC1_inst/ddc_frontend_lowpass_filter_inst_I/N_times_clk_FIR_wrapper_H_inst/fir_compiler_minimumphase_N_times_clk_inst/U0/i_synth/g_single_rate.i_single_rate/g_semi_parallel_and_smac.g_cntrl_signals[7].i_delay/gen_reg.d_reg_reg[0]/C
  -------------------------------------------------------------------    -------------------
    SLICE_X28Y6          FDRE (Prop_fdre_C_Q)         0.478    -2.237 r  Digital_Freq_Meter_inst/DDC1_inst/ddc_frontend_lowpass_filter_inst_I/N_times_clk_FIR_wrapper_H_inst/fir_compiler_minimumphase_N_times_clk_inst/U0/i_synth/g_single_rate.i_single_rate/g_semi_parallel_and_smac.g_cntrl_signals[7].i_delay/gen_reg.d_reg_reg[0]/Q
                         net (fo=33, routed)          2.403     0.167    Digital_Freq_Meter_inst/DDC1_inst/ddc_frontend_lowpass_filter_inst_I/N_times_clk_FIR_wrapper_H_inst/fir_compiler_minimumphase_N_times_clk_inst/U0/i_synth/g_single_rate.i_single_rate/g_semi_parallel_and_smac.g_paths[0].g_mem_array[0].i_mem/g_individual.g_mem_b.i_mem_b/WE
    SLICE_X7Y2           FDRE                                         r  Digital_Freq_Meter_inst/DDC1_inst/ddc_frontend_lowpass_filter_inst_I/N_times_clk_FIR_wrapper_H_inst/fir_compiler_minimumphase_N_times_clk_inst/U0/i_synth/g_single_rate.i_single_rate/g_semi_parallel_and_smac.g_paths[0].g_mem_array[0].i_mem/g_individual.g_mem_b.i_mem_b/gen_srl16.gen_mem.mem_reg[1][13]/CE
  -------------------------------------------------------------------    -------------------

                         (clock pll_clk_adc_2x rise edge)
                                                      4.000     4.000 r  
    U18                                               0.000     4.000 r  adc_clk_p_i (IN)
                         net (fo=0)                   0.000     4.000    adc_clk_p_i
    U18                  IBUFDS (Prop_ibufds_I_O)     0.940     4.940 r  i_clk/O
                         net (fo=1, routed)           1.181     6.121    pll/adc_clk_in
    PLLE2_ADV_X0Y0       PLLE2_ADV (Prop_plle2_adv_CLKIN1_CLKOUT4)
                                                     -7.650    -1.530 r  pll/pll/CLKOUT4
                         net (fo=1, routed)           1.594     0.065    pll_clk_adc_2x
    BUFGCTRL_X0Y1        BUFG (Prop_bufg_I_O)         0.091     0.156 r  bufg_ser_clk/O
                         net (fo=1629, routed)        1.507     1.663    Digital_Freq_Meter_inst/DDC1_inst/ddc_frontend_lowpass_filter_inst_I/N_times_clk_FIR_wrapper_H_inst/fir_compiler_minimumphase_N_times_clk_inst/U0/i_synth/g_single_rate.i_single_rate/g_semi_parallel_and_smac.g_paths[0].g_mem_array[0].i_mem/g_individual.g_mem_b.i_mem_b/CLK
    SLICE_X7Y2           FDRE                                         r  Digital_Freq_Meter_inst/DDC1_inst/ddc_frontend_lowpass_filter_inst_I/N_times_clk_FIR_wrapper_H_inst/fir_compiler_minimumphase_N_times_clk_inst/U0/i_synth/g_single_rate.i_single_rate/g_semi_parallel_and_smac.g_paths[0].g_mem_array[0].i_mem/g_individual.g_mem_b.i_mem_b/gen_srl16.gen_mem.mem_reg[1][13]/C
                         clock pessimism             -0.530     1.133    
                         clock uncertainty           -0.063     1.070    
    SLICE_X7Y2           FDRE (Setup_fdre_C_CE)      -0.382     0.688    Digital_Freq_Meter_inst/DDC1_inst/ddc_frontend_lowpass_filter_inst_I/N_times_clk_FIR_wrapper_H_inst/fir_compiler_minimumphase_N_times_clk_inst/U0/i_synth/g_single_rate.i_single_rate/g_semi_parallel_and_smac.g_paths[0].g_mem_array[0].i_mem/g_individual.g_mem_b.i_mem_b/gen_srl16.gen_mem.mem_reg[1][13]
  -------------------------------------------------------------------
                         required time                          0.688    
                         arrival time                          -0.167    
  -------------------------------------------------------------------
                         slack                                  0.521    

Slack (MET) :             0.521ns  (required time - arrival time)
  Source:                 Digital_Freq_Meter_inst/DDC1_inst/ddc_frontend_lowpass_filter_inst_I/N_times_clk_FIR_wrapper_H_inst/fir_compiler_minimumphase_N_times_clk_inst/U0/i_synth/g_single_rate.i_single_rate/g_semi_parallel_and_smac.g_cntrl_signals[7].i_delay/gen_reg.d_reg_reg[0]/C
                            (rising edge-triggered cell FDRE clocked by pll_clk_adc_2x  {rise@0.000ns fall@2.000ns period=4.000ns})
  Destination:            Digital_Freq_Meter_inst/DDC1_inst/ddc_frontend_lowpass_filter_inst_I/N_times_clk_FIR_wrapper_H_inst/fir_compiler_minimumphase_N_times_clk_inst/U0/i_synth/g_single_rate.i_single_rate/g_semi_parallel_and_smac.g_paths[0].g_mem_array[0].i_mem/g_individual.g_mem_b.i_mem_b/gen_srl16.gen_mem.mem_reg[1][9]/CE
                            (rising edge-triggered cell FDRE clocked by pll_clk_adc_2x  {rise@0.000ns fall@2.000ns period=4.000ns})
  Path Group:             pll_clk_adc_2x
  Path Type:              Setup (Max at Slow Process Corner)
  Requirement:            4.000ns  (pll_clk_adc_2x rise@4.000ns - pll_clk_adc_2x rise@0.000ns)
  Data Path Delay:        2.881ns  (logic 0.478ns (16.589%)  route 2.403ns (83.411%))
  Logic Levels:           0  
  Clock Path Skew:        -0.153ns (DCD - SCD + CPR)
    Destination Clock Delay (DCD):    -2.337ns = ( 1.663 - 4.000 ) 
    Source Clock Delay      (SCD):    -2.715ns
    Clock Pessimism Removal (CPR):    -0.530ns
  Clock Uncertainty:      0.063ns  ((TSJ^2 + DJ^2)^1/2) / 2 + PE
    Total System Jitter     (TSJ):    0.071ns
    Discrete Jitter          (DJ):    0.104ns
    Phase Error              (PE):    0.000ns

    Location             Delay type                Incr(ns)  Path(ns)    Netlist Resource(s)
  -------------------------------------------------------------------    -------------------
                         (clock pll_clk_adc_2x rise edge)
                                                      0.000     0.000 r  
    U18                                               0.000     0.000 r  adc_clk_p_i (IN)
                         net (fo=0)                   0.000     0.000    adc_clk_p_i
    U18                  IBUFDS (Prop_ibufds_I_O)     0.983     0.983 r  i_clk/O
                         net (fo=1, routed)           1.306     2.289    pll/adc_clk_in
    PLLE2_ADV_X0Y0       PLLE2_ADV (Prop_plle2_adv_CLKIN1_CLKOUT4)
                                                     -8.533    -6.244 r  pll/pll/CLKOUT4
                         net (fo=1, routed)           1.754    -4.490    pll_clk_adc_2x
    BUFGCTRL_X0Y1        BUFG (Prop_bufg_I_O)         0.101    -4.389 r  bufg_ser_clk/O
                         net (fo=1629, routed)        1.674    -2.715    Digital_Freq_Meter_inst/DDC1_inst/ddc_frontend_lowpass_filter_inst_I/N_times_clk_FIR_wrapper_H_inst/fir_compiler_minimumphase_N_times_clk_inst/U0/i_synth/g_single_rate.i_single_rate/g_semi_parallel_and_smac.g_cntrl_signals[7].i_delay/aclk
    SLICE_X28Y6          FDRE                                         r  Digital_Freq_Meter_inst/DDC1_inst/ddc_frontend_lowpass_filter_inst_I/N_times_clk_FIR_wrapper_H_inst/fir_compiler_minimumphase_N_times_clk_inst/U0/i_synth/g_single_rate.i_single_rate/g_semi_parallel_and_smac.g_cntrl_signals[7].i_delay/gen_reg.d_reg_reg[0]/C
  -------------------------------------------------------------------    -------------------
    SLICE_X28Y6          FDRE (Prop_fdre_C_Q)         0.478    -2.237 r  Digital_Freq_Meter_inst/DDC1_inst/ddc_frontend_lowpass_filter_inst_I/N_times_clk_FIR_wrapper_H_inst/fir_compiler_minimumphase_N_times_clk_inst/U0/i_synth/g_single_rate.i_single_rate/g_semi_parallel_and_smac.g_cntrl_signals[7].i_delay/gen_reg.d_reg_reg[0]/Q
                         net (fo=33, routed)          2.403     0.167    Digital_Freq_Meter_inst/DDC1_inst/ddc_frontend_lowpass_filter_inst_I/N_times_clk_FIR_wrapper_H_inst/fir_compiler_minimumphase_N_times_clk_inst/U0/i_synth/g_single_rate.i_single_rate/g_semi_parallel_and_smac.g_paths[0].g_mem_array[0].i_mem/g_individual.g_mem_b.i_mem_b/WE
    SLICE_X7Y2           FDRE                                         r  Digital_Freq_Meter_inst/DDC1_inst/ddc_frontend_lowpass_filter_inst_I/N_times_clk_FIR_wrapper_H_inst/fir_compiler_minimumphase_N_times_clk_inst/U0/i_synth/g_single_rate.i_single_rate/g_semi_parallel_and_smac.g_paths[0].g_mem_array[0].i_mem/g_individual.g_mem_b.i_mem_b/gen_srl16.gen_mem.mem_reg[1][9]/CE
  -------------------------------------------------------------------    -------------------

                         (clock pll_clk_adc_2x rise edge)
                                                      4.000     4.000 r  
    U18                                               0.000     4.000 r  adc_clk_p_i (IN)
                         net (fo=0)                   0.000     4.000    adc_clk_p_i
    U18                  IBUFDS (Prop_ibufds_I_O)     0.940     4.940 r  i_clk/O
                         net (fo=1, routed)           1.181     6.121    pll/adc_clk_in
    PLLE2_ADV_X0Y0       PLLE2_ADV (Prop_plle2_adv_CLKIN1_CLKOUT4)
                                                     -7.650    -1.530 r  pll/pll/CLKOUT4
                         net (fo=1, routed)           1.594     0.065    pll_clk_adc_2x
    BUFGCTRL_X0Y1        BUFG (Prop_bufg_I_O)         0.091     0.156 r  bufg_ser_clk/O
                         net (fo=1629, routed)        1.507     1.663    Digital_Freq_Meter_inst/DDC1_inst/ddc_frontend_lowpass_filter_inst_I/N_times_clk_FIR_wrapper_H_inst/fir_compiler_minimumphase_N_times_clk_inst/U0/i_synth/g_single_rate.i_single_rate/g_semi_parallel_and_smac.g_paths[0].g_mem_array[0].i_mem/g_individual.g_mem_b.i_mem_b/CLK
    SLICE_X7Y2           FDRE                                         r  Digital_Freq_Meter_inst/DDC1_inst/ddc_frontend_lowpass_filter_inst_I/N_times_clk_FIR_wrapper_H_inst/fir_compiler_minimumphase_N_times_clk_inst/U0/i_synth/g_single_rate.i_single_rate/g_semi_parallel_and_smac.g_paths[0].g_mem_array[0].i_mem/g_individual.g_mem_b.i_mem_b/gen_srl16.gen_mem.mem_reg[1][9]/C
                         clock pessimism             -0.530     1.133    
                         clock uncertainty           -0.063     1.070    
    SLICE_X7Y2           FDRE (Setup_fdre_C_CE)      -0.382     0.688    Digital_Freq_Meter_inst/DDC1_inst/ddc_frontend_lowpass_filter_inst_I/N_times_clk_FIR_wrapper_H_inst/fir_compiler_minimumphase_N_times_clk_inst/U0/i_synth/g_single_rate.i_single_rate/g_semi_parallel_and_smac.g_paths[0].g_mem_array[0].i_mem/g_individual.g_mem_b.i_mem_b/gen_srl16.gen_mem.mem_reg[1][9]
  -------------------------------------------------------------------
                         required time                          0.688    
                         arrival time                          -0.167    
  -------------------------------------------------------------------
                         slack                                  0.521    





Min Delay Paths
--------------------------------------------------------------------------------------
Slack (MET) :             0.022ns  (arrival time - required time)
  Source:                 Digital_Freq_Meter_inst/DDC1_inst/ddc_frontend_lowpass_filter_inst_I/N_times_clk_FIR_wrapper_H_inst/fir_compiler_minimumphase_N_times_clk_inst/U0/i_synth/g_single_rate.i_single_rate/g_semi_parallel_and_smac.i_data_in/gen_reg.d_reg_reg[12]/C
                            (rising edge-triggered cell FDRE clocked by pll_clk_adc_2x  {rise@0.000ns fall@2.000ns period=4.000ns})
  Destination:            Digital_Freq_Meter_inst/DDC1_inst/ddc_frontend_lowpass_filter_inst_I/N_times_clk_FIR_wrapper_H_inst/fir_compiler_minimumphase_N_times_clk_inst/U0/i_synth/g_single_rate.i_single_rate/g_semi_parallel_and_smac.g_paths[0].g_mem_array[0].i_mem/g_individual.i_mem_a/gen_srl16.gen_mem.mem_reg[0][12]/D
                            (rising edge-triggered cell FDRE clocked by pll_clk_adc_2x  {rise@0.000ns fall@2.000ns period=4.000ns})
  Path Group:             pll_clk_adc_2x
  Path Type:              Hold (Min at Fast Process Corner)
  Requirement:            0.000ns  (pll_clk_adc_2x rise@0.000ns - pll_clk_adc_2x rise@0.000ns)
  Data Path Delay:        0.292ns  (logic 0.128ns (43.873%)  route 0.164ns (56.127%))
  Logic Levels:           0  
  Clock Path Skew:        0.263ns (DCD - SCD - CPR)
    Destination Clock Delay (DCD):    -0.233ns
    Source Clock Delay      (SCD):    -0.312ns
    Clock Pessimism Removal (CPR):    -0.184ns

    Location             Delay type                Incr(ns)  Path(ns)    Netlist Resource(s)
  -------------------------------------------------------------------    -------------------
                         (clock pll_clk_adc_2x rise edge)
                                                      0.000     0.000 r  
    U18                                               0.000     0.000 r  adc_clk_p_i (IN)
                         net (fo=0)                   0.000     0.000    adc_clk_p_i
    U18                  IBUFDS (Prop_ibufds_I_O)     0.401     0.401 r  i_clk/O
                         net (fo=1, routed)           0.440     0.842    pll/adc_clk_in
    PLLE2_ADV_X0Y0       PLLE2_ADV (Prop_plle2_adv_CLKIN1_CLKOUT4)
                                                     -2.234    -1.393 r  pll/pll/CLKOUT4
                         net (fo=1, routed)           0.497    -0.896    pll_clk_adc_2x
    BUFGCTRL_X0Y1        BUFG (Prop_bufg_I_O)         0.026    -0.870 r  bufg_ser_clk/O
                         net (fo=1629, routed)        0.558    -0.312    Digital_Freq_Meter_inst/DDC1_inst/ddc_frontend_lowpass_filter_inst_I/N_times_clk_FIR_wrapper_H_inst/fir_compiler_minimumphase_N_times_clk_inst/U0/i_synth/g_single_rate.i_single_rate/g_semi_parallel_and_smac.i_data_in/aclk
    SLICE_X22Y11         FDRE                                         r  Digital_Freq_Meter_inst/DDC1_inst/ddc_frontend_lowpass_filter_inst_I/N_times_clk_FIR_wrapper_H_inst/fir_compiler_minimumphase_N_times_clk_inst/U0/i_synth/g_single_rate.i_single_rate/g_semi_parallel_and_smac.i_data_in/gen_reg.d_reg_reg[12]/C
  -------------------------------------------------------------------    -------------------
    SLICE_X22Y11         FDRE (Prop_fdre_C_Q)         0.128    -0.184 r  Digital_Freq_Meter_inst/DDC1_inst/ddc_frontend_lowpass_filter_inst_I/N_times_clk_FIR_wrapper_H_inst/fir_compiler_minimumphase_N_times_clk_inst/U0/i_synth/g_single_rate.i_single_rate/g_semi_parallel_and_smac.i_data_in/gen_reg.d_reg_reg[12]/Q
                         net (fo=1, routed)           0.164    -0.021    Digital_Freq_Meter_inst/DDC1_inst/ddc_frontend_lowpass_filter_inst_I/N_times_clk_FIR_wrapper_H_inst/fir_compiler_minimumphase_N_times_clk_inst/U0/i_synth/g_single_rate.i_single_rate/g_semi_parallel_and_smac.g_paths[0].g_mem_array[0].i_mem/g_individual.i_mem_a/DATA_IN[12]
    SLICE_X20Y12         FDRE                                         r  Digital_Freq_Meter_inst/DDC1_inst/ddc_frontend_lowpass_filter_inst_I/N_times_clk_FIR_wrapper_H_inst/fir_compiler_minimumphase_N_times_clk_inst/U0/i_synth/g_single_rate.i_single_rate/g_semi_parallel_and_smac.g_paths[0].g_mem_array[0].i_mem/g_individual.i_mem_a/gen_srl16.gen_mem.mem_reg[0][12]/D
  -------------------------------------------------------------------    -------------------

                         (clock pll_clk_adc_2x rise edge)
                                                      0.000     0.000 r  
    U18                                               0.000     0.000 r  adc_clk_p_i (IN)
                         net (fo=0)                   0.000     0.000    adc_clk_p_i
    U18                  IBUFDS (Prop_ibufds_I_O)     0.433     0.433 r  i_clk/O
                         net (fo=1, routed)           0.481     0.914    pll/adc_clk_in
    PLLE2_ADV_X0Y0       PLLE2_ADV (Prop_plle2_adv_CLKIN1_CLKOUT4)
                                                     -2.546    -1.632 r  pll/pll/CLKOUT4
                         net (fo=1, routed)           0.544    -1.088    pll_clk_adc_2x
    BUFGCTRL_X0Y1        BUFG (Prop_bufg_I_O)         0.029    -1.059 r  bufg_ser_clk/O
                         net (fo=1629, routed)        0.826    -0.233    Digital_Freq_Meter_inst/DDC1_inst/ddc_frontend_lowpass_filter_inst_I/N_times_clk_FIR_wrapper_H_inst/fir_compiler_minimumphase_N_times_clk_inst/U0/i_synth/g_single_rate.i_single_rate/g_semi_parallel_and_smac.g_paths[0].g_mem_array[0].i_mem/g_individual.i_mem_a/CLK
    SLICE_X20Y12         FDRE                                         r  Digital_Freq_Meter_inst/DDC1_inst/ddc_frontend_lowpass_filter_inst_I/N_times_clk_FIR_wrapper_H_inst/fir_compiler_minimumphase_N_times_clk_inst/U0/i_synth/g_single_rate.i_single_rate/g_semi_parallel_and_smac.g_paths[0].g_mem_array[0].i_mem/g_individual.i_mem_a/gen_srl16.gen_mem.mem_reg[0][12]/C
                         clock pessimism              0.184    -0.049    
    SLICE_X20Y12         FDRE (Hold_fdre_C_D)         0.006    -0.043    Digital_Freq_Meter_inst/DDC1_inst/ddc_frontend_lowpass_filter_inst_I/N_times_clk_FIR_wrapper_H_inst/fir_compiler_minimumphase_N_times_clk_inst/U0/i_synth/g_single_rate.i_single_rate/g_semi_parallel_and_smac.g_paths[0].g_mem_array[0].i_mem/g_individual.i_mem_a/gen_srl16.gen_mem.mem_reg[0][12]
  -------------------------------------------------------------------
                         required time                          0.043    
                         arrival time                          -0.021    
  -------------------------------------------------------------------
                         slack                                  0.022    

Slack (MET) :             0.023ns  (arrival time - required time)
  Source:                 Digital_Freq_Meter_inst/DDC1_inst/ddc_frontend_lowpass_filter_inst_I/N_times_clk_FIR_wrapper_H_inst/fir_compiler_minimumphase_N_times_clk_inst/U0/i_synth/g_single_rate.i_single_rate/g_semi_parallel_and_smac.i_data_in/gen_reg.d_reg_reg[13]/C
                            (rising edge-triggered cell FDRE clocked by pll_clk_adc_2x  {rise@0.000ns fall@2.000ns period=4.000ns})
  Destination:            Digital_Freq_Meter_inst/DDC1_inst/ddc_frontend_lowpass_filter_inst_I/N_times_clk_FIR_wrapper_H_inst/fir_compiler_minimumphase_N_times_clk_inst/U0/i_synth/g_single_rate.i_single_rate/g_semi_parallel_and_smac.g_paths[0].g_mem_array[0].i_mem/g_individual.i_mem_a/gen_srl16.gen_mem.mem_reg[0][13]/D
                            (rising edge-triggered cell FDRE clocked by pll_clk_adc_2x  {rise@0.000ns fall@2.000ns period=4.000ns})
  Path Group:             pll_clk_adc_2x
  Path Type:              Hold (Min at Fast Process Corner)
  Requirement:            0.000ns  (pll_clk_adc_2x rise@0.000ns - pll_clk_adc_2x rise@0.000ns)
  Data Path Delay:        0.285ns  (logic 0.128ns (44.902%)  route 0.157ns (55.098%))
  Logic Levels:           0  
  Clock Path Skew:        0.263ns (DCD - SCD - CPR)
    Destination Clock Delay (DCD):    -0.233ns
    Source Clock Delay      (SCD):    -0.312ns
    Clock Pessimism Removal (CPR):    -0.184ns

    Location             Delay type                Incr(ns)  Path(ns)    Netlist Resource(s)
  -------------------------------------------------------------------    -------------------
                         (clock pll_clk_adc_2x rise edge)
                                                      0.000     0.000 r  
    U18                                               0.000     0.000 r  adc_clk_p_i (IN)
                         net (fo=0)                   0.000     0.000    adc_clk_p_i
    U18                  IBUFDS (Prop_ibufds_I_O)     0.401     0.401 r  i_clk/O
                         net (fo=1, routed)           0.440     0.842    pll/adc_clk_in
    PLLE2_ADV_X0Y0       PLLE2_ADV (Prop_plle2_adv_CLKIN1_CLKOUT4)
                                                     -2.234    -1.393 r  pll/pll/CLKOUT4
                         net (fo=1, routed)           0.497    -0.896    pll_clk_adc_2x
    BUFGCTRL_X0Y1        BUFG (Prop_bufg_I_O)         0.026    -0.870 r  bufg_ser_clk/O
                         net (fo=1629, routed)        0.558    -0.312    Digital_Freq_Meter_inst/DDC1_inst/ddc_frontend_lowpass_filter_inst_I/N_times_clk_FIR_wrapper_H_inst/fir_compiler_minimumphase_N_times_clk_inst/U0/i_synth/g_single_rate.i_single_rate/g_semi_parallel_and_smac.i_data_in/aclk
    SLICE_X22Y11         FDRE                                         r  Digital_Freq_Meter_inst/DDC1_inst/ddc_frontend_lowpass_filter_inst_I/N_times_clk_FIR_wrapper_H_inst/fir_compiler_minimumphase_N_times_clk_inst/U0/i_synth/g_single_rate.i_single_rate/g_semi_parallel_and_smac.i_data_in/gen_reg.d_reg_reg[13]/C
  -------------------------------------------------------------------    -------------------
    SLICE_X22Y11         FDRE (Prop_fdre_C_Q)         0.128    -0.184 r  Digital_Freq_Meter_inst/DDC1_inst/ddc_frontend_lowpass_filter_inst_I/N_times_clk_FIR_wrapper_H_inst/fir_compiler_minimumphase_N_times_clk_inst/U0/i_synth/g_single_rate.i_single_rate/g_semi_parallel_and_smac.i_data_in/gen_reg.d_reg_reg[13]/Q
                         net (fo=1, routed)           0.157    -0.027    Digital_Freq_Meter_inst/DDC1_inst/ddc_frontend_lowpass_filter_inst_I/N_times_clk_FIR_wrapper_H_inst/fir_compiler_minimumphase_N_times_clk_inst/U0/i_synth/g_single_rate.i_single_rate/g_semi_parallel_and_smac.g_paths[0].g_mem_array[0].i_mem/g_individual.i_mem_a/DATA_IN[13]
    SLICE_X20Y12         FDRE                                         r  Digital_Freq_Meter_inst/DDC1_inst/ddc_frontend_lowpass_filter_inst_I/N_times_clk_FIR_wrapper_H_inst/fir_compiler_minimumphase_N_times_clk_inst/U0/i_synth/g_single_rate.i_single_rate/g_semi_parallel_and_smac.g_paths[0].g_mem_array[0].i_mem/g_individual.i_mem_a/gen_srl16.gen_mem.mem_reg[0][13]/D
  -------------------------------------------------------------------    -------------------

                         (clock pll_clk_adc_2x rise edge)
                                                      0.000     0.000 r  
    U18                                               0.000     0.000 r  adc_clk_p_i (IN)
                         net (fo=0)                   0.000     0.000    adc_clk_p_i
    U18                  IBUFDS (Prop_ibufds_I_O)     0.433     0.433 r  i_clk/O
                         net (fo=1, routed)           0.481     0.914    pll/adc_clk_in
    PLLE2_ADV_X0Y0       PLLE2_ADV (Prop_plle2_adv_CLKIN1_CLKOUT4)
                                                     -2.546    -1.632 r  pll/pll/CLKOUT4
                         net (fo=1, routed)           0.544    -1.088    pll_clk_adc_2x
    BUFGCTRL_X0Y1        BUFG (Prop_bufg_I_O)         0.029    -1.059 r  bufg_ser_clk/O
                         net (fo=1629, routed)        0.826    -0.233    Digital_Freq_Meter_inst/DDC1_inst/ddc_frontend_lowpass_filter_inst_I/N_times_clk_FIR_wrapper_H_inst/fir_compiler_minimumphase_N_times_clk_inst/U0/i_synth/g_single_rate.i_single_rate/g_semi_parallel_and_smac.g_paths[0].g_mem_array[0].i_mem/g_individual.i_mem_a/CLK
    SLICE_X20Y12         FDRE                                         r  Digital_Freq_Meter_inst/DDC1_inst/ddc_frontend_lowpass_filter_inst_I/N_times_clk_FIR_wrapper_H_inst/fir_compiler_minimumphase_N_times_clk_inst/U0/i_synth/g_single_rate.i_single_rate/g_semi_parallel_and_smac.g_paths[0].g_mem_array[0].i_mem/g_individual.i_mem_a/gen_srl16.gen_mem.mem_reg[0][13]/C
                         clock pessimism              0.184    -0.049    
    SLICE_X20Y12         FDRE (Hold_fdre_C_D)        -0.001    -0.050    Digital_Freq_Meter_inst/DDC1_inst/ddc_frontend_lowpass_filter_inst_I/N_times_clk_FIR_wrapper_H_inst/fir_compiler_minimumphase_N_times_clk_inst/U0/i_synth/g_single_rate.i_single_rate/g_semi_parallel_and_smac.g_paths[0].g_mem_array[0].i_mem/g_individual.i_mem_a/gen_srl16.gen_mem.mem_reg[0][13]
  -------------------------------------------------------------------
                         required time                          0.050    
                         arrival time                          -0.027    
  -------------------------------------------------------------------
                         slack                                  0.023    

Slack (MET) :             0.034ns  (arrival time - required time)
  Source:                 Digital_Freq_Meter_inst/DDC1_inst/ddc_frontend_lowpass_filter_inst_I/N_times_clk_FIR_wrapper_H_inst/fir_compiler_minimumphase_N_times_clk_inst/U0/i_synth/g_single_rate.i_single_rate/g_semi_parallel_and_smac.g_paths[0].g_data_array.g_madd[1].g_sym_data.g_sym_data_casc.i_data_sym_casc_dly/g_buff.i_buff/gen_dly.gen_shiftreg.gen_rtl_delay.delay_bus_reg[1][2]/C
                            (rising edge-triggered cell FDRE clocked by pll_clk_adc_2x  {rise@0.000ns fall@2.000ns period=4.000ns})
  Destination:            Digital_Freq_Meter_inst/DDC1_inst/ddc_frontend_lowpass_filter_inst_I/N_times_clk_FIR_wrapper_H_inst/fir_compiler_minimumphase_N_times_clk_inst/U0/i_synth/g_single_rate.i_single_rate/g_semi_parallel_and_smac.g_paths[0].g_data_array.g_madd[0].g_sym_data.g_sym_data_casc.i_data_sym_casc_dly/g_buff.i_buff/gen_dly.gen_shiftreg.gen_rtl_delay.delay_bus_reg[0][2]_srl1/D
                            (rising edge-triggered cell SRL16E clocked by pll_clk_adc_2x  {rise@0.000ns fall@2.000ns period=4.000ns})
  Path Group:             pll_clk_adc_2x
  Path Type:              Hold (Min at Fast Process Corner)
  Requirement:            0.000ns  (pll_clk_adc_2x rise@0.000ns - pll_clk_adc_2x rise@0.000ns)
  Data Path Delay:        0.391ns  (logic 0.164ns (41.938%)  route 0.227ns (58.062%))
  Logic Levels:           0  
  Clock Path Skew:        0.263ns (DCD - SCD - CPR)
    Destination Clock Delay (DCD):    -0.230ns
    Source Clock Delay      (SCD):    -0.309ns
    Clock Pessimism Removal (CPR):    -0.184ns

    Location             Delay type                Incr(ns)  Path(ns)    Netlist Resource(s)
  -------------------------------------------------------------------    -------------------
                         (clock pll_clk_adc_2x rise edge)
                                                      0.000     0.000 r  
    U18                                               0.000     0.000 r  adc_clk_p_i (IN)
                         net (fo=0)                   0.000     0.000    adc_clk_p_i
    U18                  IBUFDS (Prop_ibufds_I_O)     0.401     0.401 r  i_clk/O
                         net (fo=1, routed)           0.440     0.842    pll/adc_clk_in
    PLLE2_ADV_X0Y0       PLLE2_ADV (Prop_plle2_adv_CLKIN1_CLKOUT4)
                                                     -2.234    -1.393 r  pll/pll/CLKOUT4
                         net (fo=1, routed)           0.497    -0.896    pll_clk_adc_2x
    BUFGCTRL_X0Y1        BUFG (Prop_bufg_I_O)         0.026    -0.870 r  bufg_ser_clk/O
                         net (fo=1629, routed)        0.561    -0.309    Digital_Freq_Meter_inst/DDC1_inst/ddc_frontend_lowpass_filter_inst_I/N_times_clk_FIR_wrapper_H_inst/fir_compiler_minimumphase_N_times_clk_inst/U0/i_synth/g_single_rate.i_single_rate/g_semi_parallel_and_smac.g_paths[0].g_data_array.g_madd[1].g_sym_data.g_sym_data_casc.i_data_sym_casc_dly/g_buff.i_buff/aclk
    SLICE_X20Y0          FDRE                                         r  Digital_Freq_Meter_inst/DDC1_inst/ddc_frontend_lowpass_filter_inst_I/N_times_clk_FIR_wrapper_H_inst/fir_compiler_minimumphase_N_times_clk_inst/U0/i_synth/g_single_rate.i_single_rate/g_semi_parallel_and_smac.g_paths[0].g_data_array.g_madd[1].g_sym_data.g_sym_data_casc.i_data_sym_casc_dly/g_buff.i_buff/gen_dly.gen_shiftreg.gen_rtl_delay.delay_bus_reg[1][2]/C
  -------------------------------------------------------------------    -------------------
    SLICE_X20Y0          FDRE (Prop_fdre_C_Q)         0.164    -0.145 r  Digital_Freq_Meter_inst/DDC1_inst/ddc_frontend_lowpass_filter_inst_I/N_times_clk_FIR_wrapper_H_inst/fir_compiler_minimumphase_N_times_clk_inst/U0/i_synth/g_single_rate.i_single_rate/g_semi_parallel_and_smac.g_paths[0].g_data_array.g_madd[1].g_sym_data.g_sym_data_casc.i_data_sym_casc_dly/g_buff.i_buff/gen_dly.gen_shiftreg.gen_rtl_delay.delay_bus_reg[1][2]/Q
                         net (fo=2, routed)           0.227     0.082    Digital_Freq_Meter_inst/DDC1_inst/ddc_frontend_lowpass_filter_inst_I/N_times_clk_FIR_wrapper_H_inst/fir_compiler_minimumphase_N_times_clk_inst/U0/i_synth/g_single_rate.i_single_rate/g_semi_parallel_and_smac.g_paths[0].g_data_array.g_madd[0].g_sym_data.g_sym_data_casc.i_data_sym_casc_dly/g_buff.i_buff/DINB[2]
    SLICE_X24Y0          SRL16E                                       r  Digital_Freq_Meter_inst/DDC1_inst/ddc_frontend_lowpass_filter_inst_I/N_times_clk_FIR_wrapper_H_inst/fir_compiler_minimumphase_N_times_clk_inst/U0/i_synth/g_single_rate.i_single_rate/g_semi_parallel_and_smac.g_paths[0].g_data_array.g_madd[0].g_sym_data.g_sym_data_casc.i_data_sym_casc_dly/g_buff.i_buff/gen_dly.gen_shiftreg.gen_rtl_delay.delay_bus_reg[0][2]_srl1/D
  -------------------------------------------------------------------    -------------------

                         (clock pll_clk_adc_2x rise edge)
                                                      0.000     0.000 r  
    U18                                               0.000     0.000 r  adc_clk_p_i (IN)
                         net (fo=0)                   0.000     0.000    adc_clk_p_i
    U18                  IBUFDS (Prop_ibufds_I_O)     0.433     0.433 r  i_clk/O
                         net (fo=1, routed)           0.481     0.914    pll/adc_clk_in
    PLLE2_ADV_X0Y0       PLLE2_ADV (Prop_plle2_adv_CLKIN1_CLKOUT4)
                                                     -2.546    -1.632 r  pll/pll/CLKOUT4
                         net (fo=1, routed)           0.544    -1.088    pll_clk_adc_2x
    BUFGCTRL_X0Y1        BUFG (Prop_bufg_I_O)         0.029    -1.059 r  bufg_ser_clk/O
                         net (fo=1629, routed)        0.829    -0.230    Digital_Freq_Meter_inst/DDC1_inst/ddc_frontend_lowpass_filter_inst_I/N_times_clk_FIR_wrapper_H_inst/fir_compiler_minimumphase_N_times_clk_inst/U0/i_synth/g_single_rate.i_single_rate/g_semi_parallel_and_smac.g_paths[0].g_data_array.g_madd[0].g_sym_data.g_sym_data_casc.i_data_sym_casc_dly/g_buff.i_buff/aclk
    SLICE_X24Y0          SRL16E                                       r  Digital_Freq_Meter_inst/DDC1_inst/ddc_frontend_lowpass_filter_inst_I/N_times_clk_FIR_wrapper_H_inst/fir_compiler_minimumphase_N_times_clk_inst/U0/i_synth/g_single_rate.i_single_rate/g_semi_parallel_and_smac.g_paths[0].g_data_array.g_madd[0].g_sym_data.g_sym_data_casc.i_data_sym_casc_dly/g_buff.i_buff/gen_dly.gen_shiftreg.gen_rtl_delay.delay_bus_reg[0][2]_srl1/CLK
                         clock pessimism              0.184    -0.046    
    SLICE_X24Y0          SRL16E (Hold_srl16e_CLK_D)
                                                      0.094     0.048    Digital_Freq_Meter_inst/DDC1_inst/ddc_frontend_lowpass_filter_inst_I/N_times_clk_FIR_wrapper_H_inst/fir_compiler_minimumphase_N_times_clk_inst/U0/i_synth/g_single_rate.i_single_rate/g_semi_parallel_and_smac.g_paths[0].g_data_array.g_madd[0].g_sym_data.g_sym_data_casc.i_data_sym_casc_dly/g_buff.i_buff/gen_dly.gen_shiftreg.gen_rtl_delay.delay_bus_reg[0][2]_srl1
  -------------------------------------------------------------------
                         required time                         -0.048    
                         arrival time                           0.082    
  -------------------------------------------------------------------
                         slack                                  0.034    

Slack (MET) :             0.034ns  (arrival time - required time)
  Source:                 Digital_Freq_Meter_inst/DDC1_inst/ddc_frontend_lowpass_filter_inst_I/N_times_clk_FIR_wrapper_H_inst/fir_compiler_minimumphase_N_times_clk_inst/U0/i_synth/g_single_rate.i_single_rate/g_semi_parallel_and_smac.g_paths[0].g_mem_array[0].i_mem/g_individual.i_mem_a/gen_srl16.gen_mem.d_out_reg[4]/C
                            (rising edge-triggered cell FDRE clocked by pll_clk_adc_2x  {rise@0.000ns fall@2.000ns period=4.000ns})
  Destination:            Digital_Freq_Meter_inst/DDC1_inst/ddc_frontend_lowpass_filter_inst_I/N_times_clk_FIR_wrapper_H_inst/fir_compiler_minimumphase_N_times_clk_inst/U0/i_synth/g_single_rate.i_single_rate/g_semi_parallel_and_smac.g_paths[0].g_mem_array[1].i_mem/g_individual.i_mem_a/gen_srl16.gen_mem.mem_reg[0][4]/D
                            (rising edge-triggered cell FDRE clocked by pll_clk_adc_2x  {rise@0.000ns fall@2.000ns period=4.000ns})
  Path Group:             pll_clk_adc_2x
  Path Type:              Hold (Min at Fast Process Corner)
  Requirement:            0.000ns  (pll_clk_adc_2x rise@0.000ns - pll_clk_adc_2x rise@0.000ns)
  Data Path Delay:        0.369ns  (logic 0.141ns (38.232%)  route 0.228ns (61.768%))
  Logic Levels:           0  
  Clock Path Skew:        0.264ns (DCD - SCD - CPR)
    Destination Clock Delay (DCD):    -0.230ns
    Source Clock Delay      (SCD):    -0.310ns
    Clock Pessimism Removal (CPR):    -0.184ns

    Location             Delay type                Incr(ns)  Path(ns)    Netlist Resource(s)
  -------------------------------------------------------------------    -------------------
                         (clock pll_clk_adc_2x rise edge)
                                                      0.000     0.000 r  
    U18                                               0.000     0.000 r  adc_clk_p_i (IN)
                         net (fo=0)                   0.000     0.000    adc_clk_p_i
    U18                  IBUFDS (Prop_ibufds_I_O)     0.401     0.401 r  i_clk/O
                         net (fo=1, routed)           0.440     0.842    pll/adc_clk_in
    PLLE2_ADV_X0Y0       PLLE2_ADV (Prop_plle2_adv_CLKIN1_CLKOUT4)
                                                     -2.234    -1.393 r  pll/pll/CLKOUT4
                         net (fo=1, routed)           0.497    -0.896    pll_clk_adc_2x
    BUFGCTRL_X0Y1        BUFG (Prop_bufg_I_O)         0.026    -0.870 r  bufg_ser_clk/O
                         net (fo=1629, routed)        0.560    -0.310    Digital_Freq_Meter_inst/DDC1_inst/ddc_frontend_lowpass_filter_inst_I/N_times_clk_FIR_wrapper_H_inst/fir_compiler_minimumphase_N_times_clk_inst/U0/i_synth/g_single_rate.i_single_rate/g_semi_parallel_and_smac.g_paths[0].g_mem_array[0].i_mem/g_individual.i_mem_a/CLK
    SLICE_X22Y5          FDRE                                         r  Digital_Freq_Meter_inst/DDC1_inst/ddc_frontend_lowpass_filter_inst_I/N_times_clk_FIR_wrapper_H_inst/fir_compiler_minimumphase_N_times_clk_inst/U0/i_synth/g_single_rate.i_single_rate/g_semi_parallel_and_smac.g_paths[0].g_mem_array[0].i_mem/g_individual.i_mem_a/gen_srl16.gen_mem.d_out_reg[4]/C
  -------------------------------------------------------------------    -------------------
    SLICE_X22Y5          FDRE (Prop_fdre_C_Q)         0.141    -0.169 r  Digital_Freq_Meter_inst/DDC1_inst/ddc_frontend_lowpass_filter_inst_I/N_times_clk_FIR_wrapper_H_inst/fir_compiler_minimumphase_N_times_clk_inst/U0/i_synth/g_single_rate.i_single_rate/g_semi_parallel_and_smac.g_paths[0].g_mem_array[0].i_mem/g_individual.i_mem_a/gen_srl16.gen_mem.d_out_reg[4]/Q
                         net (fo=2, routed)           0.228     0.058    Digital_Freq_Meter_inst/DDC1_inst/ddc_frontend_lowpass_filter_inst_I/N_times_clk_FIR_wrapper_H_inst/fir_compiler_minimumphase_N_times_clk_inst/U0/i_synth/g_single_rate.i_single_rate/g_semi_parallel_and_smac.g_paths[0].g_mem_array[1].i_mem/g_individual.i_mem_a/DATA_IN[4]
    SLICE_X21Y9          FDRE                                         r  Digital_Freq_Meter_inst/DDC1_inst/ddc_frontend_lowpass_filter_inst_I/N_times_clk_FIR_wrapper_H_inst/fir_compiler_minimumphase_N_times_clk_inst/U0/i_synth/g_single_rate.i_single_rate/g_semi_parallel_and_smac.g_paths[0].g_mem_array[1].i_mem/g_individual.i_mem_a/gen_srl16.gen_mem.mem_reg[0][4]/D
  -------------------------------------------------------------------    -------------------

                         (clock pll_clk_adc_2x rise edge)
                                                      0.000     0.000 r  
    U18                                               0.000     0.000 r  adc_clk_p_i (IN)
                         net (fo=0)                   0.000     0.000    adc_clk_p_i
    U18                  IBUFDS (Prop_ibufds_I_O)     0.433     0.433 r  i_clk/O
                         net (fo=1, routed)           0.481     0.914    pll/adc_clk_in
    PLLE2_ADV_X0Y0       PLLE2_ADV (Prop_plle2_adv_CLKIN1_CLKOUT4)
                                                     -2.546    -1.632 r  pll/pll/CLKOUT4
                         net (fo=1, routed)           0.544    -1.088    pll_clk_adc_2x
    BUFGCTRL_X0Y1        BUFG (Prop_bufg_I_O)         0.029    -1.059 r  bufg_ser_clk/O
                         net (fo=1629, routed)        0.829    -0.230    Digital_Freq_Meter_inst/DDC1_inst/ddc_frontend_lowpass_filter_inst_I/N_times_clk_FIR_wrapper_H_inst/fir_compiler_minimumphase_N_times_clk_inst/U0/i_synth/g_single_rate.i_single_rate/g_semi_parallel_and_smac.g_paths[0].g_mem_array[1].i_mem/g_individual.i_mem_a/CLK
    SLICE_X21Y9          FDRE                                         r  Digital_Freq_Meter_inst/DDC1_inst/ddc_frontend_lowpass_filter_inst_I/N_times_clk_FIR_wrapper_H_inst/fir_compiler_minimumphase_N_times_clk_inst/U0/i_synth/g_single_rate.i_single_rate/g_semi_parallel_and_smac.g_paths[0].g_mem_array[1].i_mem/g_individual.i_mem_a/gen_srl16.gen_mem.mem_reg[0][4]/C
                         clock pessimism              0.184    -0.046    
    SLICE_X21Y9          FDRE (Hold_fdre_C_D)         0.070     0.024    Digital_Freq_Meter_inst/DDC1_inst/ddc_frontend_lowpass_filter_inst_I/N_times_clk_FIR_wrapper_H_inst/fir_compiler_minimumphase_N_times_clk_inst/U0/i_synth/g_single_rate.i_single_rate/g_semi_parallel_and_smac.g_paths[0].g_mem_array[1].i_mem/g_individual.i_mem_a/gen_srl16.gen_mem.mem_reg[0][4]
  -------------------------------------------------------------------
                         required time                         -0.024    
                         arrival time                           0.058    
  -------------------------------------------------------------------
                         slack                                  0.034    

Slack (MET) :             0.040ns  (arrival time - required time)
  Source:                 Digital_Freq_Meter_inst/DDC1_inst/ddc_frontend_lowpass_filter_inst_I/N_times_clk_FIR_wrapper_H_inst/fir_compiler_minimumphase_N_times_clk_inst/U0/i_synth/g_single_rate.i_single_rate/g_semi_parallel_and_smac.g_paths[0].g_data_array.g_madd[1].g_sym_data.g_sym_data_casc.i_data_sym_casc_dly/g_buff.i_buff/gen_dly.gen_shiftreg.gen_rtl_delay.delay_bus_reg[1][4]/C
                            (rising edge-triggered cell FDRE clocked by pll_clk_adc_2x  {rise@0.000ns fall@2.000ns period=4.000ns})
  Destination:            Digital_Freq_Meter_inst/DDC1_inst/ddc_frontend_lowpass_filter_inst_I/N_times_clk_FIR_wrapper_H_inst/fir_compiler_minimumphase_N_times_clk_inst/U0/i_synth/g_single_rate.i_single_rate/g_semi_parallel_and_smac.g_paths[0].g_data_array.g_madd[0].g_sym_data.g_sym_data_casc.i_data_sym_casc_dly/g_buff.i_buff/gen_dly.gen_shiftreg.gen_rtl_delay.delay_bus_reg[0][4]_srl1/D
                            (rising edge-triggered cell SRL16E clocked by pll_clk_adc_2x  {rise@0.000ns fall@2.000ns period=4.000ns})
  Path Group:             pll_clk_adc_2x
  Path Type:              Hold (Min at Fast Process Corner)
  Requirement:            0.000ns  (pll_clk_adc_2x rise@0.000ns - pll_clk_adc_2x rise@0.000ns)
  Data Path Delay:        0.367ns  (logic 0.148ns (40.303%)  route 0.219ns (59.697%))
  Logic Levels:           0  
  Clock Path Skew:        0.263ns (DCD - SCD - CPR)
    Destination Clock Delay (DCD):    -0.230ns
    Source Clock Delay      (SCD):    -0.309ns
    Clock Pessimism Removal (CPR):    -0.184ns

    Location             Delay type                Incr(ns)  Path(ns)    Netlist Resource(s)
  -------------------------------------------------------------------    -------------------
                         (clock pll_clk_adc_2x rise edge)
                                                      0.000     0.000 r  
    U18                                               0.000     0.000 r  adc_clk_p_i (IN)
                         net (fo=0)                   0.000     0.000    adc_clk_p_i
    U18                  IBUFDS (Prop_ibufds_I_O)     0.401     0.401 r  i_clk/O
                         net (fo=1, routed)           0.440     0.842    pll/adc_clk_in
    PLLE2_ADV_X0Y0       PLLE2_ADV (Prop_plle2_adv_CLKIN1_CLKOUT4)
                                                     -2.234    -1.393 r  pll/pll/CLKOUT4
                         net (fo=1, routed)           0.497    -0.896    pll_clk_adc_2x
    BUFGCTRL_X0Y1        BUFG (Prop_bufg_I_O)         0.026    -0.870 r  bufg_ser_clk/O
                         net (fo=1629, routed)        0.561    -0.309    Digital_Freq_Meter_inst/DDC1_inst/ddc_frontend_lowpass_filter_inst_I/N_times_clk_FIR_wrapper_H_inst/fir_compiler_minimumphase_N_times_clk_inst/U0/i_synth/g_single_rate.i_single_rate/g_semi_parallel_and_smac.g_paths[0].g_data_array.g_madd[1].g_sym_data.g_sym_data_casc.i_data_sym_casc_dly/g_buff.i_buff/aclk
    SLICE_X20Y0          FDRE                                         r  Digital_Freq_Meter_inst/DDC1_inst/ddc_frontend_lowpass_filter_inst_I/N_times_clk_FIR_wrapper_H_inst/fir_compiler_minimumphase_N_times_clk_inst/U0/i_synth/g_single_rate.i_single_rate/g_semi_parallel_and_smac.g_paths[0].g_data_array.g_madd[1].g_sym_data.g_sym_data_casc.i_data_sym_casc_dly/g_buff.i_buff/gen_dly.gen_shiftreg.gen_rtl_delay.delay_bus_reg[1][4]/C
  -------------------------------------------------------------------    -------------------
    SLICE_X20Y0          FDRE (Prop_fdre_C_Q)         0.148    -0.161 r  Digital_Freq_Meter_inst/DDC1_inst/ddc_frontend_lowpass_filter_inst_I/N_times_clk_FIR_wrapper_H_inst/fir_compiler_minimumphase_N_times_clk_inst/U0/i_synth/g_single_rate.i_single_rate/g_semi_parallel_and_smac.g_paths[0].g_data_array.g_madd[1].g_sym_data.g_sym_data_casc.i_data_sym_casc_dly/g_buff.i_buff/gen_dly.gen_shiftreg.gen_rtl_delay.delay_bus_reg[1][4]/Q
                         net (fo=2, routed)           0.219     0.058    Digital_Freq_Meter_inst/DDC1_inst/ddc_frontend_lowpass_filter_inst_I/N_times_clk_FIR_wrapper_H_inst/fir_compiler_minimumphase_N_times_clk_inst/U0/i_synth/g_single_rate.i_single_rate/g_semi_parallel_and_smac.g_paths[0].g_data_array.g_madd[0].g_sym_data.g_sym_data_casc.i_data_sym_casc_dly/g_buff.i_buff/DINB[4]
    SLICE_X24Y0          SRL16E                                       r  Digital_Freq_Meter_inst/DDC1_inst/ddc_frontend_lowpass_filter_inst_I/N_times_clk_FIR_wrapper_H_inst/fir_compiler_minimumphase_N_times_clk_inst/U0/i_synth/g_single_rate.i_single_rate/g_semi_parallel_and_smac.g_paths[0].g_data_array.g_madd[0].g_sym_data.g_sym_data_casc.i_data_sym_casc_dly/g_buff.i_buff/gen_dly.gen_shiftreg.gen_rtl_delay.delay_bus_reg[0][4]_srl1/D
  -------------------------------------------------------------------    -------------------

                         (clock pll_clk_adc_2x rise edge)
                                                      0.000     0.000 r  
    U18                                               0.000     0.000 r  adc_clk_p_i (IN)
                         net (fo=0)                   0.000     0.000    adc_clk_p_i
    U18                  IBUFDS (Prop_ibufds_I_O)     0.433     0.433 r  i_clk/O
                         net (fo=1, routed)           0.481     0.914    pll/adc_clk_in
    PLLE2_ADV_X0Y0       PLLE2_ADV (Prop_plle2_adv_CLKIN1_CLKOUT4)
                                                     -2.546    -1.632 r  pll/pll/CLKOUT4
                         net (fo=1, routed)           0.544    -1.088    pll_clk_adc_2x
    BUFGCTRL_X0Y1        BUFG (Prop_bufg_I_O)         0.029    -1.059 r  bufg_ser_clk/O
                         net (fo=1629, routed)        0.829    -0.230    Digital_Freq_Meter_inst/DDC1_inst/ddc_frontend_lowpass_filter_inst_I/N_times_clk_FIR_wrapper_H_inst/fir_compiler_minimumphase_N_times_clk_inst/U0/i_synth/g_single_rate.i_single_rate/g_semi_parallel_and_smac.g_paths[0].g_data_array.g_madd[0].g_sym_data.g_sym_data_casc.i_data_sym_casc_dly/g_buff.i_buff/aclk
    SLICE_X24Y0          SRL16E                                       r  Digital_Freq_Meter_inst/DDC1_inst/ddc_frontend_lowpass_filter_inst_I/N_times_clk_FIR_wrapper_H_inst/fir_compiler_minimumphase_N_times_clk_inst/U0/i_synth/g_single_rate.i_single_rate/g_semi_parallel_and_smac.g_paths[0].g_data_array.g_madd[0].g_sym_data.g_sym_data_casc.i_data_sym_casc_dly/g_buff.i_buff/gen_dly.gen_shiftreg.gen_rtl_delay.delay_bus_reg[0][4]_srl1/CLK
                         clock pessimism              0.184    -0.046    
    SLICE_X24Y0          SRL16E (Hold_srl16e_CLK_D)
                                                      0.064     0.018    Digital_Freq_Meter_inst/DDC1_inst/ddc_frontend_lowpass_filter_inst_I/N_times_clk_FIR_wrapper_H_inst/fir_compiler_minimumphase_N_times_clk_inst/U0/i_synth/g_single_rate.i_single_rate/g_semi_parallel_and_smac.g_paths[0].g_data_array.g_madd[0].g_sym_data.g_sym_data_casc.i_data_sym_casc_dly/g_buff.i_buff/gen_dly.gen_shiftreg.gen_rtl_delay.delay_bus_reg[0][4]_srl1
  -------------------------------------------------------------------
                         required time                         -0.018    
                         arrival time                           0.058    
  -------------------------------------------------------------------
                         slack                                  0.040    

Slack (MET) :             0.044ns  (arrival time - required time)
  Source:                 Digital_Freq_Meter_inst/DDC1_inst/ddc_frontend_lowpass_filter_inst_I/N_times_clk_FIR_wrapper_H_inst/data_out_times_N_reg[12]/C
                            (rising edge-triggered cell FDRE clocked by pll_clk_adc_2x  {rise@0.000ns fall@2.000ns period=4.000ns})
  Destination:            Digital_Freq_Meter_inst/DDC1_inst/ddc_frontend_lowpass_filter_inst_I/N_times_clk_FIR_wrapper_H_inst/data_out_times_N_reg_reg[12]/D
                            (rising edge-triggered cell FDRE clocked by pll_clk_adc_2x  {rise@0.000ns fall@2.000ns period=4.000ns})
  Path Group:             pll_clk_adc_2x
  Path Type:              Hold (Min at Fast Process Corner)
  Requirement:            0.000ns  (pll_clk_adc_2x rise@0.000ns - pll_clk_adc_2x rise@0.000ns)
  Data Path Delay:        0.355ns  (logic 0.164ns (46.159%)  route 0.191ns (53.841%))
  Logic Levels:           0  
  Clock Path Skew:        0.264ns (DCD - SCD - CPR)
    Destination Clock Delay (DCD):    -0.232ns
    Source Clock Delay      (SCD):    -0.312ns
    Clock Pessimism Removal (CPR):    -0.184ns

    Location             Delay type                Incr(ns)  Path(ns)    Netlist Resource(s)
  -------------------------------------------------------------------    -------------------
                         (clock pll_clk_adc_2x rise edge)
                                                      0.000     0.000 r  
    U18                                               0.000     0.000 r  adc_clk_p_i (IN)
                         net (fo=0)                   0.000     0.000    adc_clk_p_i
    U18                  IBUFDS (Prop_ibufds_I_O)     0.401     0.401 r  i_clk/O
                         net (fo=1, routed)           0.440     0.842    pll/adc_clk_in
    PLLE2_ADV_X0Y0       PLLE2_ADV (Prop_plle2_adv_CLKIN1_CLKOUT4)
                                                     -2.234    -1.393 r  pll/pll/CLKOUT4
                         net (fo=1, routed)           0.497    -0.896    pll_clk_adc_2x
    BUFGCTRL_X0Y1        BUFG (Prop_bufg_I_O)         0.026    -0.870 r  bufg_ser_clk/O
                         net (fo=1629, routed)        0.558    -0.312    Digital_Freq_Meter_inst/DDC1_inst/ddc_frontend_lowpass_filter_inst_I/N_times_clk_FIR_wrapper_H_inst/CLK
    SLICE_X20Y10         FDRE                                         r  Digital_Freq_Meter_inst/DDC1_inst/ddc_frontend_lowpass_filter_inst_I/N_times_clk_FIR_wrapper_H_inst/data_out_times_N_reg[12]/C
  -------------------------------------------------------------------    -------------------
    SLICE_X20Y10         FDRE (Prop_fdre_C_Q)         0.164    -0.148 r  Digital_Freq_Meter_inst/DDC1_inst/ddc_frontend_lowpass_filter_inst_I/N_times_clk_FIR_wrapper_H_inst/data_out_times_N_reg[12]/Q
                         net (fo=1, routed)           0.191     0.043    Digital_Freq_Meter_inst/DDC1_inst/ddc_frontend_lowpass_filter_inst_I/N_times_clk_FIR_wrapper_H_inst/data_out_times_N[12]
    SLICE_X25Y8          FDRE                                         r  Digital_Freq_Meter_inst/DDC1_inst/ddc_frontend_lowpass_filter_inst_I/N_times_clk_FIR_wrapper_H_inst/data_out_times_N_reg_reg[12]/D
  -------------------------------------------------------------------    -------------------

                         (clock pll_clk_adc_2x rise edge)
                                                      0.000     0.000 r  
    U18                                               0.000     0.000 r  adc_clk_p_i (IN)
                         net (fo=0)                   0.000     0.000    adc_clk_p_i
    U18                  IBUFDS (Prop_ibufds_I_O)     0.433     0.433 r  i_clk/O
                         net (fo=1, routed)           0.481     0.914    pll/adc_clk_in
    PLLE2_ADV_X0Y0       PLLE2_ADV (Prop_plle2_adv_CLKIN1_CLKOUT4)
                                                     -2.546    -1.632 r  pll/pll/CLKOUT4
                         net (fo=1, routed)           0.544    -1.088    pll_clk_adc_2x
    BUFGCTRL_X0Y1        BUFG (Prop_bufg_I_O)         0.029    -1.059 r  bufg_ser_clk/O
                         net (fo=1629, routed)        0.827    -0.232    Digital_Freq_Meter_inst/DDC1_inst/ddc_frontend_lowpass_filter_inst_I/N_times_clk_FIR_wrapper_H_inst/CLK
    SLICE_X25Y8          FDRE                                         r  Digital_Freq_Meter_inst/DDC1_inst/ddc_frontend_lowpass_filter_inst_I/N_times_clk_FIR_wrapper_H_inst/data_out_times_N_reg_reg[12]/C
                         clock pessimism              0.184    -0.048    
    SLICE_X25Y8          FDRE (Hold_fdre_C_D)         0.047    -0.001    Digital_Freq_Meter_inst/DDC1_inst/ddc_frontend_lowpass_filter_inst_I/N_times_clk_FIR_wrapper_H_inst/data_out_times_N_reg_reg[12]
  -------------------------------------------------------------------
                         required time                          0.001    
                         arrival time                           0.043    
  -------------------------------------------------------------------
                         slack                                  0.044    

Slack (MET) :             0.045ns  (arrival time - required time)
  Source:                 Digital_Freq_Meter_inst/DDC1_inst/ddc_frontend_lowpass_filter_inst_I/N_times_clk_FIR_wrapper_H_inst/data_out_times_N_reg[2]/C
                            (rising edge-triggered cell FDRE clocked by pll_clk_adc_2x  {rise@0.000ns fall@2.000ns period=4.000ns})
  Destination:            Digital_Freq_Meter_inst/DDC1_inst/ddc_frontend_lowpass_filter_inst_I/N_times_clk_FIR_wrapper_H_inst/data_out_times_N_reg_reg[2]/D
                            (rising edge-triggered cell FDRE clocked by pll_clk_adc_2x  {rise@0.000ns fall@2.000ns period=4.000ns})
  Path Group:             pll_clk_adc_2x
  Path Type:              Hold (Min at Fast Process Corner)
  Requirement:            0.000ns  (pll_clk_adc_2x rise@0.000ns - pll_clk_adc_2x rise@0.000ns)
  Data Path Delay:        0.315ns  (logic 0.148ns (47.041%)  route 0.167ns (52.959%))
  Logic Levels:           0  
  Clock Path Skew:        0.263ns (DCD - SCD - CPR)
    Destination Clock Delay (DCD):    -0.233ns
    Source Clock Delay      (SCD):    -0.312ns
    Clock Pessimism Removal (CPR):    -0.184ns

    Location             Delay type                Incr(ns)  Path(ns)    Netlist Resource(s)
  -------------------------------------------------------------------    -------------------
                         (clock pll_clk_adc_2x rise edge)
                                                      0.000     0.000 r  
    U18                                               0.000     0.000 r  adc_clk_p_i (IN)
                         net (fo=0)                   0.000     0.000    adc_clk_p_i
    U18                  IBUFDS (Prop_ibufds_I_O)     0.401     0.401 r  i_clk/O
                         net (fo=1, routed)           0.440     0.842    pll/adc_clk_in
    PLLE2_ADV_X0Y0       PLLE2_ADV (Prop_plle2_adv_CLKIN1_CLKOUT4)
                                                     -2.234    -1.393 r  pll/pll/CLKOUT4
                         net (fo=1, routed)           0.497    -0.896    pll_clk_adc_2x
    BUFGCTRL_X0Y1        BUFG (Prop_bufg_I_O)         0.026    -0.870 r  bufg_ser_clk/O
                         net (fo=1629, routed)        0.558    -0.312    Digital_Freq_Meter_inst/DDC1_inst/ddc_frontend_lowpass_filter_inst_I/N_times_clk_FIR_wrapper_H_inst/CLK
    SLICE_X20Y11         FDRE                                         r  Digital_Freq_Meter_inst/DDC1_inst/ddc_frontend_lowpass_filter_inst_I/N_times_clk_FIR_wrapper_H_inst/data_out_times_N_reg[2]/C
  -------------------------------------------------------------------    -------------------
    SLICE_X20Y11         FDRE (Prop_fdre_C_Q)         0.148    -0.164 r  Digital_Freq_Meter_inst/DDC1_inst/ddc_frontend_lowpass_filter_inst_I/N_times_clk_FIR_wrapper_H_inst/data_out_times_N_reg[2]/Q
                         net (fo=1, routed)           0.167     0.002    Digital_Freq_Meter_inst/DDC1_inst/ddc_frontend_lowpass_filter_inst_I/N_times_clk_FIR_wrapper_H_inst/data_out_times_N[2]
    SLICE_X24Y11         FDRE                                         r  Digital_Freq_Meter_inst/DDC1_inst/ddc_frontend_lowpass_filter_inst_I/N_times_clk_FIR_wrapper_H_inst/data_out_times_N_reg_reg[2]/D
  -------------------------------------------------------------------    -------------------

                         (clock pll_clk_adc_2x rise edge)
                                                      0.000     0.000 r  
    U18                                               0.000     0.000 r  adc_clk_p_i (IN)
                         net (fo=0)                   0.000     0.000    adc_clk_p_i
    U18                  IBUFDS (Prop_ibufds_I_O)     0.433     0.433 r  i_clk/O
                         net (fo=1, routed)           0.481     0.914    pll/adc_clk_in
    PLLE2_ADV_X0Y0       PLLE2_ADV (Prop_plle2_adv_CLKIN1_CLKOUT4)
                                                     -2.546    -1.632 r  pll/pll/CLKOUT4
                         net (fo=1, routed)           0.544    -1.088    pll_clk_adc_2x
    BUFGCTRL_X0Y1        BUFG (Prop_bufg_I_O)         0.029    -1.059 r  bufg_ser_clk/O
                         net (fo=1629, routed)        0.826    -0.233    Digital_Freq_Meter_inst/DDC1_inst/ddc_frontend_lowpass_filter_inst_I/N_times_clk_FIR_wrapper_H_inst/CLK
    SLICE_X24Y11         FDRE                                         r  Digital_Freq_Meter_inst/DDC1_inst/ddc_frontend_lowpass_filter_inst_I/N_times_clk_FIR_wrapper_H_inst/data_out_times_N_reg_reg[2]/C
                         clock pessimism              0.184    -0.049    
    SLICE_X24Y11         FDRE (Hold_fdre_C_D)         0.006    -0.043    Digital_Freq_Meter_inst/DDC1_inst/ddc_frontend_lowpass_filter_inst_I/N_times_clk_FIR_wrapper_H_inst/data_out_times_N_reg_reg[2]
  -------------------------------------------------------------------
                         required time                          0.043    
                         arrival time                           0.002    
  -------------------------------------------------------------------
                         slack                                  0.045    

Slack (MET) :             0.053ns  (arrival time - required time)
  Source:                 Digital_Freq_Meter_inst/DDC1_inst/ddc_frontend_lowpass_filter_inst_I/N_times_clk_FIR_wrapper_H_inst/data_out_times_N_reg[5]/C
                            (rising edge-triggered cell FDRE clocked by pll_clk_adc_2x  {rise@0.000ns fall@2.000ns period=4.000ns})
  Destination:            Digital_Freq_Meter_inst/DDC1_inst/ddc_frontend_lowpass_filter_inst_I/N_times_clk_FIR_wrapper_H_inst/data_out_times_N_reg_reg[5]/D
                            (rising edge-triggered cell FDRE clocked by pll_clk_adc_2x  {rise@0.000ns fall@2.000ns period=4.000ns})
  Path Group:             pll_clk_adc_2x
  Path Type:              Hold (Min at Fast Process Corner)
  Requirement:            0.000ns  (pll_clk_adc_2x rise@0.000ns - pll_clk_adc_2x rise@0.000ns)
  Data Path Delay:        0.316ns  (logic 0.148ns (46.892%)  route 0.168ns (53.108%))
  Logic Levels:           0  
  Clock Path Skew:        0.263ns (DCD - SCD - CPR)
    Destination Clock Delay (DCD):    -0.233ns
    Source Clock Delay      (SCD):    -0.312ns
    Clock Pessimism Removal (CPR):    -0.184ns

    Location             Delay type                Incr(ns)  Path(ns)    Netlist Resource(s)
  -------------------------------------------------------------------    -------------------
                         (clock pll_clk_adc_2x rise edge)
                                                      0.000     0.000 r  
    U18                                               0.000     0.000 r  adc_clk_p_i (IN)
                         net (fo=0)                   0.000     0.000    adc_clk_p_i
    U18                  IBUFDS (Prop_ibufds_I_O)     0.401     0.401 r  i_clk/O
                         net (fo=1, routed)           0.440     0.842    pll/adc_clk_in
    PLLE2_ADV_X0Y0       PLLE2_ADV (Prop_plle2_adv_CLKIN1_CLKOUT4)
                                                     -2.234    -1.393 r  pll/pll/CLKOUT4
                         net (fo=1, routed)           0.497    -0.896    pll_clk_adc_2x
    BUFGCTRL_X0Y1        BUFG (Prop_bufg_I_O)         0.026    -0.870 r  bufg_ser_clk/O
                         net (fo=1629, routed)        0.558    -0.312    Digital_Freq_Meter_inst/DDC1_inst/ddc_frontend_lowpass_filter_inst_I/N_times_clk_FIR_wrapper_H_inst/CLK
    SLICE_X20Y11         FDRE                                         r  Digital_Freq_Meter_inst/DDC1_inst/ddc_frontend_lowpass_filter_inst_I/N_times_clk_FIR_wrapper_H_inst/data_out_times_N_reg[5]/C
  -------------------------------------------------------------------    -------------------
    SLICE_X20Y11         FDRE (Prop_fdre_C_Q)         0.148    -0.164 r  Digital_Freq_Meter_inst/DDC1_inst/ddc_frontend_lowpass_filter_inst_I/N_times_clk_FIR_wrapper_H_inst/data_out_times_N_reg[5]/Q
                         net (fo=1, routed)           0.168     0.003    Digital_Freq_Meter_inst/DDC1_inst/ddc_frontend_lowpass_filter_inst_I/N_times_clk_FIR_wrapper_H_inst/data_out_times_N[5]
    SLICE_X24Y11         FDRE                                         r  Digital_Freq_Meter_inst/DDC1_inst/ddc_frontend_lowpass_filter_inst_I/N_times_clk_FIR_wrapper_H_inst/data_out_times_N_reg_reg[5]/D
  -------------------------------------------------------------------    -------------------

                         (clock pll_clk_adc_2x rise edge)
                                                      0.000     0.000 r  
    U18                                               0.000     0.000 r  adc_clk_p_i (IN)
                         net (fo=0)                   0.000     0.000    adc_clk_p_i
    U18                  IBUFDS (Prop_ibufds_I_O)     0.433     0.433 r  i_clk/O
                         net (fo=1, routed)           0.481     0.914    pll/adc_clk_in
    PLLE2_ADV_X0Y0       PLLE2_ADV (Prop_plle2_adv_CLKIN1_CLKOUT4)
                                                     -2.546    -1.632 r  pll/pll/CLKOUT4
                         net (fo=1, routed)           0.544    -1.088    pll_clk_adc_2x
    BUFGCTRL_X0Y1        BUFG (Prop_bufg_I_O)         0.029    -1.059 r  bufg_ser_clk/O
                         net (fo=1629, routed)        0.826    -0.233    Digital_Freq_Meter_inst/DDC1_inst/ddc_frontend_lowpass_filter_inst_I/N_times_clk_FIR_wrapper_H_inst/CLK
    SLICE_X24Y11         FDRE                                         r  Digital_Freq_Meter_inst/DDC1_inst/ddc_frontend_lowpass_filter_inst_I/N_times_clk_FIR_wrapper_H_inst/data_out_times_N_reg_reg[5]/C
                         clock pessimism              0.184    -0.049    
    SLICE_X24Y11         FDRE (Hold_fdre_C_D)        -0.001    -0.050    Digital_Freq_Meter_inst/DDC1_inst/ddc_frontend_lowpass_filter_inst_I/N_times_clk_FIR_wrapper_H_inst/data_out_times_N_reg_reg[5]
  -------------------------------------------------------------------
                         required time                          0.050    
                         arrival time                           0.003    
  -------------------------------------------------------------------
                         slack                                  0.053    

Slack (MET) :             0.066ns  (arrival time - required time)
  Source:                 Digital_Freq_Meter_inst/DDC1_inst/ddc_frontend_lowpass_filter_inst_I/N_times_clk_FIR_wrapper_H_inst/data_out_times_N_reg[9]/C
                            (rising edge-triggered cell FDRE clocked by pll_clk_adc_2x  {rise@0.000ns fall@2.000ns period=4.000ns})
  Destination:            Digital_Freq_Meter_inst/DDC1_inst/ddc_frontend_lowpass_filter_inst_I/N_times_clk_FIR_wrapper_H_inst/data_out_times_N_reg_reg[9]/D
                            (rising edge-triggered cell FDRE clocked by pll_clk_adc_2x  {rise@0.000ns fall@2.000ns period=4.000ns})
  Path Group:             pll_clk_adc_2x
  Path Type:              Hold (Min at Fast Process Corner)
  Requirement:            0.000ns  (pll_clk_adc_2x rise@0.000ns - pll_clk_adc_2x rise@0.000ns)
  Data Path Delay:        0.350ns  (logic 0.148ns (42.342%)  route 0.202ns (57.658%))
  Logic Levels:           0  
  Clock Path Skew:        0.264ns (DCD - SCD - CPR)
    Destination Clock Delay (DCD):    -0.232ns
    Source Clock Delay      (SCD):    -0.312ns
    Clock Pessimism Removal (CPR):    -0.184ns

    Location             Delay type                Incr(ns)  Path(ns)    Netlist Resource(s)
  -------------------------------------------------------------------    -------------------
                         (clock pll_clk_adc_2x rise edge)
                                                      0.000     0.000 r  
    U18                                               0.000     0.000 r  adc_clk_p_i (IN)
                         net (fo=0)                   0.000     0.000    adc_clk_p_i
    U18                  IBUFDS (Prop_ibufds_I_O)     0.401     0.401 r  i_clk/O
                         net (fo=1, routed)           0.440     0.842    pll/adc_clk_in
    PLLE2_ADV_X0Y0       PLLE2_ADV (Prop_plle2_adv_CLKIN1_CLKOUT4)
                                                     -2.234    -1.393 r  pll/pll/CLKOUT4
                         net (fo=1, routed)           0.497    -0.896    pll_clk_adc_2x
    BUFGCTRL_X0Y1        BUFG (Prop_bufg_I_O)         0.026    -0.870 r  bufg_ser_clk/O
                         net (fo=1629, routed)        0.558    -0.312    Digital_Freq_Meter_inst/DDC1_inst/ddc_frontend_lowpass_filter_inst_I/N_times_clk_FIR_wrapper_H_inst/CLK
    SLICE_X20Y10         FDRE                                         r  Digital_Freq_Meter_inst/DDC1_inst/ddc_frontend_lowpass_filter_inst_I/N_times_clk_FIR_wrapper_H_inst/data_out_times_N_reg[9]/C
  -------------------------------------------------------------------    -------------------
    SLICE_X20Y10         FDRE (Prop_fdre_C_Q)         0.148    -0.164 r  Digital_Freq_Meter_inst/DDC1_inst/ddc_frontend_lowpass_filter_inst_I/N_times_clk_FIR_wrapper_H_inst/data_out_times_N_reg[9]/Q
                         net (fo=1, routed)           0.202     0.037    Digital_Freq_Meter_inst/DDC1_inst/ddc_frontend_lowpass_filter_inst_I/N_times_clk_FIR_wrapper_H_inst/data_out_times_N[9]
    SLICE_X25Y8          FDRE                                         r  Digital_Freq_Meter_inst/DDC1_inst/ddc_frontend_lowpass_filter_inst_I/N_times_clk_FIR_wrapper_H_inst/data_out_times_N_reg_reg[9]/D
  -------------------------------------------------------------------    -------------------

                         (clock pll_clk_adc_2x rise edge)
                                                      0.000     0.000 r  
    U18                                               0.000     0.000 r  adc_clk_p_i (IN)
                         net (fo=0)                   0.000     0.000    adc_clk_p_i
    U18                  IBUFDS (Prop_ibufds_I_O)     0.433     0.433 r  i_clk/O
                         net (fo=1, routed)           0.481     0.914    pll/adc_clk_in
    PLLE2_ADV_X0Y0       PLLE2_ADV (Prop_plle2_adv_CLKIN1_CLKOUT4)
                                                     -2.546    -1.632 r  pll/pll/CLKOUT4
                         net (fo=1, routed)           0.544    -1.088    pll_clk_adc_2x
    BUFGCTRL_X0Y1        BUFG (Prop_bufg_I_O)         0.029    -1.059 r  bufg_ser_clk/O
                         net (fo=1629, routed)        0.827    -0.232    Digital_Freq_Meter_inst/DDC1_inst/ddc_frontend_lowpass_filter_inst_I/N_times_clk_FIR_wrapper_H_inst/CLK
    SLICE_X25Y8          FDRE                                         r  Digital_Freq_Meter_inst/DDC1_inst/ddc_frontend_lowpass_filter_inst_I/N_times_clk_FIR_wrapper_H_inst/data_out_times_N_reg_reg[9]/C
                         clock pessimism              0.184    -0.048    
    SLICE_X25Y8          FDRE (Hold_fdre_C_D)         0.019    -0.029    Digital_Freq_Meter_inst/DDC1_inst/ddc_frontend_lowpass_filter_inst_I/N_times_clk_FIR_wrapper_H_inst/data_out_times_N_reg_reg[9]
  -------------------------------------------------------------------
                         required time                          0.029    
                         arrival time                           0.037    
  -------------------------------------------------------------------
                         slack                                  0.066    

Slack (MET) :             0.069ns  (arrival time - required time)
  Source:                 Digital_Freq_Meter_inst/DDC1_inst/ddc_frontend_lowpass_filter_inst_I/N_times_clk_FIR_wrapper_H_inst/data_times_N_reg[14]/C
                            (rising edge-triggered cell FDRE clocked by pll_clk_adc_2x  {rise@0.000ns fall@2.000ns period=4.000ns})
  Destination:            Digital_Freq_Meter_inst/DDC1_inst/ddc_frontend_lowpass_filter_inst_I/N_times_clk_FIR_wrapper_H_inst/data_times_N_reg_reg[14]/D
                            (rising edge-triggered cell FDRE clocked by pll_clk_adc_2x  {rise@0.000ns fall@2.000ns period=4.000ns})
  Path Group:             pll_clk_adc_2x
  Path Type:              Hold (Min at Fast Process Corner)
  Requirement:            0.000ns  (pll_clk_adc_2x rise@0.000ns - pll_clk_adc_2x rise@0.000ns)
  Data Path Delay:        0.403ns  (logic 0.164ns (40.691%)  route 0.239ns (59.309%))
  Logic Levels:           0  
  Clock Path Skew:        0.259ns (DCD - SCD - CPR)
    Destination Clock Delay (DCD):    -0.233ns
    Source Clock Delay      (SCD):    -0.308ns
    Clock Pessimism Removal (CPR):    -0.184ns

    Location             Delay type                Incr(ns)  Path(ns)    Netlist Resource(s)
  -------------------------------------------------------------------    -------------------
                         (clock pll_clk_adc_2x rise edge)
                                                      0.000     0.000 r  
    U18                                               0.000     0.000 r  adc_clk_p_i (IN)
                         net (fo=0)                   0.000     0.000    adc_clk_p_i
    U18                  IBUFDS (Prop_ibufds_I_O)     0.401     0.401 r  i_clk/O
                         net (fo=1, routed)           0.440     0.842    pll/adc_clk_in
    PLLE2_ADV_X0Y0       PLLE2_ADV (Prop_plle2_adv_CLKIN1_CLKOUT4)
                                                     -2.234    -1.393 r  pll/pll/CLKOUT4
                         net (fo=1, routed)           0.497    -0.896    pll_clk_adc_2x
    BUFGCTRL_X0Y1        BUFG (Prop_bufg_I_O)         0.026    -0.870 r  bufg_ser_clk/O
                         net (fo=1629, routed)        0.562    -0.308    Digital_Freq_Meter_inst/DDC1_inst/ddc_frontend_lowpass_filter_inst_I/N_times_clk_FIR_wrapper_H_inst/CLK
    SLICE_X16Y8          FDRE                                         r  Digital_Freq_Meter_inst/DDC1_inst/ddc_frontend_lowpass_filter_inst_I/N_times_clk_FIR_wrapper_H_inst/data_times_N_reg[14]/C
  -------------------------------------------------------------------    -------------------
    SLICE_X16Y8          FDRE (Prop_fdre_C_Q)         0.164    -0.144 r  Digital_Freq_Meter_inst/DDC1_inst/ddc_frontend_lowpass_filter_inst_I/N_times_clk_FIR_wrapper_H_inst/data_times_N_reg[14]/Q
                         net (fo=1, routed)           0.239     0.095    Digital_Freq_Meter_inst/DDC1_inst/ddc_frontend_lowpass_filter_inst_I/N_times_clk_FIR_wrapper_H_inst/data_times_N[14]
    SLICE_X22Y11         FDRE                                         r  Digital_Freq_Meter_inst/DDC1_inst/ddc_frontend_lowpass_filter_inst_I/N_times_clk_FIR_wrapper_H_inst/data_times_N_reg_reg[14]/D
  -------------------------------------------------------------------    -------------------

                         (clock pll_clk_adc_2x rise edge)
                                                      0.000     0.000 r  
    U18                                               0.000     0.000 r  adc_clk_p_i (IN)
                         net (fo=0)                   0.000     0.000    adc_clk_p_i
    U18                  IBUFDS (Prop_ibufds_I_O)     0.433     0.433 r  i_clk/O
                         net (fo=1, routed)           0.481     0.914    pll/adc_clk_in
    PLLE2_ADV_X0Y0       PLLE2_ADV (Prop_plle2_adv_CLKIN1_CLKOUT4)
                                                     -2.546    -1.632 r  pll/pll/CLKOUT4
                         net (fo=1, routed)           0.544    -1.088    pll_clk_adc_2x
    BUFGCTRL_X0Y1        BUFG (Prop_bufg_I_O)         0.029    -1.059 r  bufg_ser_clk/O
                         net (fo=1629, routed)        0.826    -0.233    Digital_Freq_Meter_inst/DDC1_inst/ddc_frontend_lowpass_filter_inst_I/N_times_clk_FIR_wrapper_H_inst/CLK
    SLICE_X22Y11         FDRE                                         r  Digital_Freq_Meter_inst/DDC1_inst/ddc_frontend_lowpass_filter_inst_I/N_times_clk_FIR_wrapper_H_inst/data_times_N_reg_reg[14]/C
                         clock pessimism              0.184    -0.049    
    SLICE_X22Y11         FDRE (Hold_fdre_C_D)         0.075     0.026    Digital_Freq_Meter_inst/DDC1_inst/ddc_frontend_lowpass_filter_inst_I/N_times_clk_FIR_wrapper_H_inst/data_times_N_reg_reg[14]
  -------------------------------------------------------------------
                         required time                         -0.026    
                         arrival time                           0.095    
  -------------------------------------------------------------------
                         slack                                  0.069    





Pulse Width Checks
--------------------------------------------------------------------------------------
Clock Name:         pll_clk_adc_2x
Waveform(ns):       { 0.000 2.000 }
Period(ns):         4.000
Sources:            { pll/pll/CLKOUT4 }

Check Type        Corner  Lib Pin            Reference Pin  Required(ns)  Actual(ns)  Slack(ns)  Location        Pin
Min Period        n/a     BUFG/I             n/a            2.155         4.000       1.845      BUFGCTRL_X0Y1   bufg_ser_clk/I
Min Period        n/a     DSP48E1/CLK        n/a            2.154         4.000       1.846      DSP48_X0Y1      Digital_Freq_Meter_inst/DDC1_inst/ddc_frontend_lowpass_filter_inst_I/N_times_clk_FIR_wrapper_H_inst/fir_compiler_minimumphase_N_times_clk_inst/U0/i_synth/g_single_rate.i_single_rate/g_semi_parallel_and_smac.g_paths[0].g_madd_array_and_accum.g_madd[1].i_madd/i_addsub_mult_add/g_dsp48.g_dsp48e1.i_dsp48e1/CLK
Min Period        n/a     DSP48E1/CLK        n/a            2.154         4.000       1.846      DSP48_X1Y0      Digital_Freq_Meter_inst/DDC1_inst/ddc_frontend_lowpass_filter_inst_Q/N_times_clk_FIR_wrapper_H_inst/fir_compiler_minimumphase_N_times_clk_inst/U0/i_synth/g_single_rate.i_single_rate/g_semi_parallel_and_smac.g_paths[0].g_madd_array_and_accum.g_madd[0].i_madd/i_addsub_mult_add/g_dsp48.g_dsp48e1.i_dsp48e1/CLK
Min Period        n/a     DSP48E1/CLK        n/a            2.154         4.000       1.846      DSP48_X0Y2      Digital_Freq_Meter_inst/DDC1_inst/ddc_frontend_lowpass_filter_inst_I/N_times_clk_FIR_wrapper_H_inst/fir_compiler_minimumphase_N_times_clk_inst/U0/i_synth/g_single_rate.i_single_rate/g_semi_parallel_and_smac.g_paths[0].g_madd_array_and_accum.g_madd[2].i_madd/i_addsub_mult_add/g_dsp48.g_dsp48e1.i_dsp48e1/CLK
Min Period        n/a     DSP48E1/CLK        n/a            2.154         4.000       1.846      DSP48_X1Y1      Digital_Freq_Meter_inst/DDC1_inst/ddc_frontend_lowpass_filter_inst_Q/N_times_clk_FIR_wrapper_H_inst/fir_compiler_minimumphase_N_times_clk_inst/U0/i_synth/g_single_rate.i_single_rate/g_semi_parallel_and_smac.g_paths[0].g_madd_array_and_accum.g_madd[1].i_madd/i_addsub_mult_add/g_dsp48.g_dsp48e1.i_dsp48e1/CLK
Min Period        n/a     DSP48E1/CLK        n/a            2.154         4.000       1.846      DSP48_X0Y3      Digital_Freq_Meter_inst/DDC1_inst/ddc_frontend_lowpass_filter_inst_I/N_times_clk_FIR_wrapper_H_inst/fir_compiler_minimumphase_N_times_clk_inst/U0/i_synth/g_single_rate.i_single_rate/g_semi_parallel_and_smac.g_paths[0].g_madd_array_and_accum.g_madd[3].i_madd/i_addsub_mult_add/g_dsp48.g_dsp48e1.i_dsp48e1/CLK
Min Period        n/a     DSP48E1/CLK        n/a            2.154         4.000       1.846      DSP48_X1Y2      Digital_Freq_Meter_inst/DDC1_inst/ddc_frontend_lowpass_filter_inst_Q/N_times_clk_FIR_wrapper_H_inst/fir_compiler_minimumphase_N_times_clk_inst/U0/i_synth/g_single_rate.i_single_rate/g_semi_parallel_and_smac.g_paths[0].g_madd_array_and_accum.g_madd[2].i_madd/i_addsub_mult_add/g_dsp48.g_dsp48e1.i_dsp48e1/CLK
Min Period        n/a     DSP48E1/CLK        n/a            2.154         4.000       1.846      DSP48_X1Y3      Digital_Freq_Meter_inst/DDC1_inst/ddc_frontend_lowpass_filter_inst_Q/N_times_clk_FIR_wrapper_H_inst/fir_compiler_minimumphase_N_times_clk_inst/U0/i_synth/g_single_rate.i_single_rate/g_semi_parallel_and_smac.g_paths[0].g_madd_array_and_accum.g_madd[3].i_madd/i_addsub_mult_add/g_dsp48.g_dsp48e1.i_dsp48e1/CLK
Min Period        n/a     DSP48E1/CLK        n/a            2.154         4.000       1.846      DSP48_X1Y4      Digital_Freq_Meter_inst/DDC1_inst/ddc_frontend_lowpass_filter_inst_Q/N_times_clk_FIR_wrapper_H_inst/fir_compiler_minimumphase_N_times_clk_inst/U0/i_synth/g_single_rate.i_single_rate/g_semi_parallel_and_smac.g_paths[0].g_madd_array_and_accum.g_accum.i_accum/i_add_accum/g_dsp48.g_dsp48e1.i_dsp48e1/CLK
Min Period        n/a     DSP48E1/CLK        n/a            2.154         4.000       1.846      DSP48_X0Y4      Digital_Freq_Meter_inst/DDC1_inst/ddc_frontend_lowpass_filter_inst_I/N_times_clk_FIR_wrapper_H_inst/fir_compiler_minimumphase_N_times_clk_inst/U0/i_synth/g_single_rate.i_single_rate/g_semi_parallel_and_smac.g_paths[0].g_madd_array_and_accum.g_accum.i_accum/i_add_accum/g_dsp48.g_dsp48e1.i_dsp48e1/CLK
Max Period        n/a     PLLE2_ADV/CLKOUT4  n/a            160.000       4.000       156.000    PLLE2_ADV_X0Y0  pll/pll/CLKOUT4
Low Pulse Width   Fast    SRL16E/CLK         n/a            0.980         2.000       1.020      SLICE_X38Y6     Digital_Freq_Meter_inst/DDC1_inst/ddc_frontend_lowpass_filter_inst_Q/N_times_clk_FIR_wrapper_H_inst/fir_compiler_minimumphase_N_times_clk_inst/U0/i_synth/g_single_rate.i_single_rate/g_semi_parallel_and_smac.i_accumulate/gen_dly.gen_shiftreg.gen_rtl_delay.delay_bus_reg[5][0]_srl6/CLK
Low Pulse Width   Fast    SRL16E/CLK         n/a            0.980         2.000       1.020      SLICE_X38Y6     Digital_Freq_Meter_inst/DDC1_inst/ddc_frontend_lowpass_filter_inst_Q/N_times_clk_FIR_wrapper_H_inst/fir_compiler_minimumphase_N_times_clk_inst/U0/i_synth/g_single_rate.i_single_rate/g_semi_parallel_and_smac.i_load/gen_dly.gen_shiftreg.gen_rtl_delay.delay_bus_reg[5][0]_srl6/CLK
Low Pulse Width   Fast    SRL16E/CLK         n/a            0.980         2.000       1.020      SLICE_X38Y1     Digital_Freq_Meter_inst/DDC1_inst/ddc_frontend_lowpass_filter_inst_Q/N_times_clk_FIR_wrapper_H_inst/fir_compiler_minimumphase_N_times_clk_inst/U0/i_synth/g_single_rate.i_single_rate/g_semi_parallel_and_smac.g_paths[0].g_data_array.g_madd[0].g_sym_data.g_sym_data_casc.i_data_sym_casc_dly/g_buff.i_buff/gen_dly.gen_shiftreg.gen_rtl_delay.delay_bus_reg[0][0]_srl1/CLK
Low Pulse Width   Fast    SRL16E/CLK         n/a            0.980         2.000       1.020      SLICE_X42Y2     Digital_Freq_Meter_inst/DDC1_inst/ddc_frontend_lowpass_filter_inst_Q/N_times_clk_FIR_wrapper_H_inst/fir_compiler_minimumphase_N_times_clk_inst/U0/i_synth/g_single_rate.i_single_rate/g_semi_parallel_and_smac.g_paths[0].g_data_array.g_madd[0].g_sym_data.g_sym_data_casc.i_data_sym_casc_dly/g_buff.i_buff/gen_dly.gen_shiftreg.gen_rtl_delay.delay_bus_reg[0][10]_srl1/CLK
Low Pulse Width   Fast    SRL16E/CLK         n/a            0.980         2.000       1.020      SLICE_X42Y2     Digital_Freq_Meter_inst/DDC1_inst/ddc_frontend_lowpass_filter_inst_Q/N_times_clk_FIR_wrapper_H_inst/fir_compiler_minimumphase_N_times_clk_inst/U0/i_synth/g_single_rate.i_single_rate/g_semi_parallel_and_smac.g_paths[0].g_data_array.g_madd[0].g_sym_data.g_sym_data_casc.i_data_sym_casc_dly/g_buff.i_buff/gen_dly.gen_shiftreg.gen_rtl_delay.delay_bus_reg[0][11]_srl1/CLK
Low Pulse Width   Fast    SRL16E/CLK         n/a            0.980         2.000       1.020      SLICE_X42Y2     Digital_Freq_Meter_inst/DDC1_inst/ddc_frontend_lowpass_filter_inst_Q/N_times_clk_FIR_wrapper_H_inst/fir_compiler_minimumphase_N_times_clk_inst/U0/i_synth/g_single_rate.i_single_rate/g_semi_parallel_and_smac.g_paths[0].g_data_array.g_madd[0].g_sym_data.g_sym_data_casc.i_data_sym_casc_dly/g_buff.i_buff/gen_dly.gen_shiftreg.gen_rtl_delay.delay_bus_reg[0][12]_srl1/CLK
Low Pulse Width   Fast    SRL16E/CLK         n/a            0.980         2.000       1.020      SLICE_X42Y2     Digital_Freq_Meter_inst/DDC1_inst/ddc_frontend_lowpass_filter_inst_Q/N_times_clk_FIR_wrapper_H_inst/fir_compiler_minimumphase_N_times_clk_inst/U0/i_synth/g_single_rate.i_single_rate/g_semi_parallel_and_smac.g_paths[0].g_data_array.g_madd[0].g_sym_data.g_sym_data_casc.i_data_sym_casc_dly/g_buff.i_buff/gen_dly.gen_shiftreg.gen_rtl_delay.delay_bus_reg[0][13]_srl1/CLK
Low Pulse Width   Fast    SRL16E/CLK         n/a            0.980         2.000       1.020      SLICE_X42Y2     Digital_Freq_Meter_inst/DDC1_inst/ddc_frontend_lowpass_filter_inst_Q/N_times_clk_FIR_wrapper_H_inst/fir_compiler_minimumphase_N_times_clk_inst/U0/i_synth/g_single_rate.i_single_rate/g_semi_parallel_and_smac.g_paths[0].g_data_array.g_madd[0].g_sym_data.g_sym_data_casc.i_data_sym_casc_dly/g_buff.i_buff/gen_dly.gen_shiftreg.gen_rtl_delay.delay_bus_reg[0][14]_srl1/CLK
Low Pulse Width   Fast    SRL16E/CLK         n/a            0.980         2.000       1.020      SLICE_X42Y2     Digital_Freq_Meter_inst/DDC1_inst/ddc_frontend_lowpass_filter_inst_Q/N_times_clk_FIR_wrapper_H_inst/fir_compiler_minimumphase_N_times_clk_inst/U0/i_synth/g_single_rate.i_single_rate/g_semi_parallel_and_smac.g_paths[0].g_data_array.g_madd[0].g_sym_data.g_sym_data_casc.i_data_sym_casc_dly/g_buff.i_buff/gen_dly.gen_shiftreg.gen_rtl_delay.delay_bus_reg[0][15]_srl1/CLK
Low Pulse Width   Fast    SRL16E/CLK         n/a            0.980         2.000       1.020      SLICE_X38Y1     Digital_Freq_Meter_inst/DDC1_inst/ddc_frontend_lowpass_filter_inst_Q/N_times_clk_FIR_wrapper_H_inst/fir_compiler_minimumphase_N_times_clk_inst/U0/i_synth/g_single_rate.i_single_rate/g_semi_parallel_and_smac.g_paths[0].g_data_array.g_madd[0].g_sym_data.g_sym_data_casc.i_data_sym_casc_dly/g_buff.i_buff/gen_dly.gen_shiftreg.gen_rtl_delay.delay_bus_reg[0][1]_srl1/CLK
High Pulse Width  Slow    SRL16E/CLK         n/a            0.980         2.000       1.020      SLICE_X16Y2     Digital_Freq_Meter_inst/DDC1_inst/ddc_frontend_lowpass_filter_inst_I/N_times_clk_FIR_wrapper_H_inst/fir_compiler_minimumphase_N_times_clk_inst/U0/i_synth/g_single_rate.i_single_rate/g_semi_parallel_and_smac.i_cntrl_coef_addr/gen_dly.gen_shiftreg.gen_rtl_delay.delay_bus_reg[0][0]_srl1/CLK
High Pulse Width  Slow    SRL16E/CLK         n/a            0.980         2.000       1.020      SLICE_X16Y2     Digital_Freq_Meter_inst/DDC1_inst/ddc_frontend_lowpass_filter_inst_I/N_times_clk_FIR_wrapper_H_inst/fir_compiler_minimumphase_N_times_clk_inst/U0/i_synth/g_single_rate.i_single_rate/g_semi_parallel_and_smac.i_load/gen_dly.gen_shiftreg.gen_rtl_delay.delay_bus_reg[5][0]_srl6/CLK
High Pulse Width  Slow    SRL16E/CLK         n/a            0.980         2.000       1.020      SLICE_X38Y1     Digital_Freq_Meter_inst/DDC1_inst/ddc_frontend_lowpass_filter_inst_Q/N_times_clk_FIR_wrapper_H_inst/fir_compiler_minimumphase_N_times_clk_inst/U0/i_synth/g_single_rate.i_single_rate/g_semi_parallel_and_smac.g_paths[0].g_data_array.g_madd[0].g_sym_data.g_sym_data_casc.i_data_sym_casc_dly/g_buff.i_buff/gen_dly.gen_shiftreg.gen_rtl_delay.delay_bus_reg[0][0]_srl1/CLK
High Pulse Width  Slow    SRL16E/CLK         n/a            0.980         2.000       1.020      SLICE_X42Y2     Digital_Freq_Meter_inst/DDC1_inst/ddc_frontend_lowpass_filter_inst_Q/N_times_clk_FIR_wrapper_H_inst/fir_compiler_minimumphase_N_times_clk_inst/U0/i_synth/g_single_rate.i_single_rate/g_semi_parallel_and_smac.g_paths[0].g_data_array.g_madd[0].g_sym_data.g_sym_data_casc.i_data_sym_casc_dly/g_buff.i_buff/gen_dly.gen_shiftreg.gen_rtl_delay.delay_bus_reg[0][10]_srl1/CLK
High Pulse Width  Slow    SRL16E/CLK         n/a            0.980         2.000       1.020      SLICE_X42Y2     Digital_Freq_Meter_inst/DDC1_inst/ddc_frontend_lowpass_filter_inst_Q/N_times_clk_FIR_wrapper_H_inst/fir_compiler_minimumphase_N_times_clk_inst/U0/i_synth/g_single_rate.i_single_rate/g_semi_parallel_and_smac.g_paths[0].g_data_array.g_madd[0].g_sym_data.g_sym_data_casc.i_data_sym_casc_dly/g_buff.i_buff/gen_dly.gen_shiftreg.gen_rtl_delay.delay_bus_reg[0][11]_srl1/CLK
High Pulse Width  Slow    SRL16E/CLK         n/a            0.980         2.000       1.020      SLICE_X42Y2     Digital_Freq_Meter_inst/DDC1_inst/ddc_frontend_lowpass_filter_inst_Q/N_times_clk_FIR_wrapper_H_inst/fir_compiler_minimumphase_N_times_clk_inst/U0/i_synth/g_single_rate.i_single_rate/g_semi_parallel_and_smac.g_paths[0].g_data_array.g_madd[0].g_sym_data.g_sym_data_casc.i_data_sym_casc_dly/g_buff.i_buff/gen_dly.gen_shiftreg.gen_rtl_delay.delay_bus_reg[0][12]_srl1/CLK
High Pulse Width  Slow    SRL16E/CLK         n/a            0.980         2.000       1.020      SLICE_X42Y2     Digital_Freq_Meter_inst/DDC1_inst/ddc_frontend_lowpass_filter_inst_Q/N_times_clk_FIR_wrapper_H_inst/fir_compiler_minimumphase_N_times_clk_inst/U0/i_synth/g_single_rate.i_single_rate/g_semi_parallel_and_smac.g_paths[0].g_data_array.g_madd[0].g_sym_data.g_sym_data_casc.i_data_sym_casc_dly/g_buff.i_buff/gen_dly.gen_shiftreg.gen_rtl_delay.delay_bus_reg[0][13]_srl1/CLK
High Pulse Width  Slow    SRL16E/CLK         n/a            0.980         2.000       1.020      SLICE_X42Y2     Digital_Freq_Meter_inst/DDC1_inst/ddc_frontend_lowpass_filter_inst_Q/N_times_clk_FIR_wrapper_H_inst/fir_compiler_minimumphase_N_times_clk_inst/U0/i_synth/g_single_rate.i_single_rate/g_semi_parallel_and_smac.g_paths[0].g_data_array.g_madd[0].g_sym_data.g_sym_data_casc.i_data_sym_casc_dly/g_buff.i_buff/gen_dly.gen_shiftreg.gen_rtl_delay.delay_bus_reg[0][14]_srl1/CLK
High Pulse Width  Slow    SRL16E/CLK         n/a            0.980         2.000       1.020      SLICE_X42Y2     Digital_Freq_Meter_inst/DDC1_inst/ddc_frontend_lowpass_filter_inst_Q/N_times_clk_FIR_wrapper_H_inst/fir_compiler_minimumphase_N_times_clk_inst/U0/i_synth/g_single_rate.i_single_rate/g_semi_parallel_and_smac.g_paths[0].g_data_array.g_madd[0].g_sym_data.g_sym_data_casc.i_data_sym_casc_dly/g_buff.i_buff/gen_dly.gen_shiftreg.gen_rtl_delay.delay_bus_reg[0][15]_srl1/CLK
High Pulse Width  Slow    SRL16E/CLK         n/a            0.980         2.000       1.020      SLICE_X38Y1     Digital_Freq_Meter_inst/DDC1_inst/ddc_frontend_lowpass_filter_inst_Q/N_times_clk_FIR_wrapper_H_inst/fir_compiler_minimumphase_N_times_clk_inst/U0/i_synth/g_single_rate.i_single_rate/g_semi_parallel_and_smac.g_paths[0].g_data_array.g_madd[0].g_sym_data.g_sym_data_casc.i_data_sym_casc_dly/g_buff.i_buff/gen_dly.gen_shiftreg.gen_rtl_delay.delay_bus_reg[0][1]_srl1/CLK



---------------------------------------------------------------------------------------------------
From Clock:  pll_dac_clk_1x
  To Clock:  pll_dac_clk_1x

Setup :            0  Failing Endpoints,  Worst Slack        0.501ns,  Total Violation        0.000ns
Hold  :            0  Failing Endpoints,  Worst Slack        0.203ns,  Total Violation        0.000ns
PW    :            0  Failing Endpoints,  Worst Slack        3.500ns,  Total Violation        0.000ns
---------------------------------------------------------------------------------------------------


Max Delay Paths
--------------------------------------------------------------------------------------
Slack (MET) :             0.501ns  (required time - arrival time)
  Source:                 dac_rst_reg/C
                            (rising edge-triggered cell FDRE clocked by pll_dac_clk_1x  {rise@0.000ns fall@4.000ns period=8.000ns})
  Destination:            oddr_dac_dat[6]/R
                            (falling edge-triggered cell ODDR clocked by pll_dac_clk_1x  {rise@0.000ns fall@4.000ns period=8.000ns})
  Path Group:             pll_dac_clk_1x
  Path Type:              Setup (Max at Slow Process Corner)
  Requirement:            4.000ns  (pll_dac_clk_1x fall@4.000ns - pll_dac_clk_1x rise@0.000ns)
  Data Path Delay:        2.416ns  (logic 0.456ns (18.873%)  route 1.960ns (81.127%))
  Logic Levels:           0  
  Clock Path Skew:        -0.216ns (DCD - SCD + CPR)
    Destination Clock Delay (DCD):    -2.305ns = ( 1.695 - 4.000 ) 
    Source Clock Delay      (SCD):    -2.634ns
    Clock Pessimism Removal (CPR):    -0.544ns
  Clock Uncertainty:      0.069ns  ((TSJ^2 + DJ^2)^1/2) / 2 + PE
    Total System Jitter     (TSJ):    0.071ns
    Discrete Jitter          (DJ):    0.118ns
    Phase Error              (PE):    0.000ns

    Location             Delay type                Incr(ns)  Path(ns)    Netlist Resource(s)
  -------------------------------------------------------------------    -------------------
                         (clock pll_dac_clk_1x rise edge)
                                                      0.000     0.000 r  
    U18                                               0.000     0.000 r  adc_clk_p_i (IN)
                         net (fo=0)                   0.000     0.000    adc_clk_p_i
    U18                  IBUFDS (Prop_ibufds_I_O)     0.983     0.983 r  i_clk/O
                         net (fo=1, routed)           1.306     2.289    pll/adc_clk_in
    PLLE2_ADV_X0Y0       PLLE2_ADV (Prop_plle2_adv_CLKIN1_CLKOUT1)
                                                     -8.533    -6.244 r  pll/pll/CLKOUT1
                         net (fo=1, routed)           1.754    -4.490    pll_dac_clk_1x
    BUFGCTRL_X0Y3        BUFG (Prop_bufg_I_O)         0.101    -4.389 r  bufg_dac_clk_1x/O
                         net (fo=45, routed)          1.755    -2.634    dac_clk_1x
    SLICE_X43Y48         FDRE                                         r  dac_rst_reg/C
  -------------------------------------------------------------------    -------------------
    SLICE_X43Y48         FDRE (Prop_fdre_C_Q)         0.456    -2.178 r  dac_rst_reg/Q
                         net (fo=17, routed)          1.960    -0.218    dac_rst
    OLOGIC_X0Y66         ODDR                                         r  oddr_dac_dat[6]/R
  -------------------------------------------------------------------    -------------------

                         (clock pll_dac_clk_1x fall edge)
                                                      4.000     4.000 f  
    U18                                               0.000     4.000 f  adc_clk_p_i (IN)
                         net (fo=0)                   0.000     4.000    adc_clk_p_i
    U18                  IBUFDS (Prop_ibufds_I_O)     0.940     4.940 f  i_clk/O
                         net (fo=1, routed)           1.181     6.121    pll/adc_clk_in
    PLLE2_ADV_X0Y0       PLLE2_ADV (Prop_plle2_adv_CLKIN1_CLKOUT1)
                                                     -7.650    -1.530 f  pll/pll/CLKOUT1
                         net (fo=1, routed)           1.594     0.065    pll_dac_clk_1x
    BUFGCTRL_X0Y3        BUFG (Prop_bufg_I_O)         0.091     0.156 f  bufg_dac_clk_1x/O
                         net (fo=45, routed)          1.539     1.695    dac_clk_1x
    OLOGIC_X0Y66         ODDR                                         f  oddr_dac_dat[6]/C
                         clock pessimism             -0.544     1.150    
                         clock uncertainty           -0.069     1.081    
    OLOGIC_X0Y66         ODDR (Setup_oddr_C_R)       -0.798     0.283    oddr_dac_dat[6]
  -------------------------------------------------------------------
                         required time                          0.283    
                         arrival time                           0.218    
  -------------------------------------------------------------------
                         slack                                  0.501    

Slack (MET) :             0.516ns  (required time - arrival time)
  Source:                 dac_rst_reg/C
                            (rising edge-triggered cell FDRE clocked by pll_dac_clk_1x  {rise@0.000ns fall@4.000ns period=8.000ns})
  Destination:            oddr_dac_dat[7]/R
                            (falling edge-triggered cell ODDR clocked by pll_dac_clk_1x  {rise@0.000ns fall@4.000ns period=8.000ns})
  Path Group:             pll_dac_clk_1x
  Path Type:              Setup (Max at Slow Process Corner)
  Requirement:            4.000ns  (pll_dac_clk_1x fall@4.000ns - pll_dac_clk_1x rise@0.000ns)
  Data Path Delay:        2.401ns  (logic 0.456ns (18.993%)  route 1.945ns (81.007%))
  Logic Levels:           0  
  Clock Path Skew:        -0.216ns (DCD - SCD + CPR)
    Destination Clock Delay (DCD):    -2.305ns = ( 1.695 - 4.000 ) 
    Source Clock Delay      (SCD):    -2.634ns
    Clock Pessimism Removal (CPR):    -0.544ns
  Clock Uncertainty:      0.069ns  ((TSJ^2 + DJ^2)^1/2) / 2 + PE
    Total System Jitter     (TSJ):    0.071ns
    Discrete Jitter          (DJ):    0.118ns
    Phase Error              (PE):    0.000ns

    Location             Delay type                Incr(ns)  Path(ns)    Netlist Resource(s)
  -------------------------------------------------------------------    -------------------
                         (clock pll_dac_clk_1x rise edge)
                                                      0.000     0.000 r  
    U18                                               0.000     0.000 r  adc_clk_p_i (IN)
                         net (fo=0)                   0.000     0.000    adc_clk_p_i
    U18                  IBUFDS (Prop_ibufds_I_O)     0.983     0.983 r  i_clk/O
                         net (fo=1, routed)           1.306     2.289    pll/adc_clk_in
    PLLE2_ADV_X0Y0       PLLE2_ADV (Prop_plle2_adv_CLKIN1_CLKOUT1)
                                                     -8.533    -6.244 r  pll/pll/CLKOUT1
                         net (fo=1, routed)           1.754    -4.490    pll_dac_clk_1x
    BUFGCTRL_X0Y3        BUFG (Prop_bufg_I_O)         0.101    -4.389 r  bufg_dac_clk_1x/O
                         net (fo=45, routed)          1.755    -2.634    dac_clk_1x
    SLICE_X43Y48         FDRE                                         r  dac_rst_reg/C
  -------------------------------------------------------------------    -------------------
    SLICE_X43Y48         FDRE (Prop_fdre_C_Q)         0.456    -2.178 r  dac_rst_reg/Q
                         net (fo=17, routed)          1.945    -0.233    dac_rst
    OLOGIC_X0Y65         ODDR                                         r  oddr_dac_dat[7]/R
  -------------------------------------------------------------------    -------------------

                         (clock pll_dac_clk_1x fall edge)
                                                      4.000     4.000 f  
    U18                                               0.000     4.000 f  adc_clk_p_i (IN)
                         net (fo=0)                   0.000     4.000    adc_clk_p_i
    U18                  IBUFDS (Prop_ibufds_I_O)     0.940     4.940 f  i_clk/O
                         net (fo=1, routed)           1.181     6.121    pll/adc_clk_in
    PLLE2_ADV_X0Y0       PLLE2_ADV (Prop_plle2_adv_CLKIN1_CLKOUT1)
                                                     -7.650    -1.530 f  pll/pll/CLKOUT1
                         net (fo=1, routed)           1.594     0.065    pll_dac_clk_1x
    BUFGCTRL_X0Y3        BUFG (Prop_bufg_I_O)         0.091     0.156 f  bufg_dac_clk_1x/O
                         net (fo=45, routed)          1.539     1.695    dac_clk_1x
    OLOGIC_X0Y65         ODDR                                         f  oddr_dac_dat[7]/C
                         clock pessimism             -0.544     1.150    
                         clock uncertainty           -0.069     1.081    
    OLOGIC_X0Y65         ODDR (Setup_oddr_C_R)       -0.798     0.283    oddr_dac_dat[7]
  -------------------------------------------------------------------
                         required time                          0.283    
                         arrival time                           0.233    
  -------------------------------------------------------------------
                         slack                                  0.516    

Slack (MET) :             0.524ns  (required time - arrival time)
  Source:                 dac_rst_reg/C
                            (rising edge-triggered cell FDRE clocked by pll_dac_clk_1x  {rise@0.000ns fall@4.000ns period=8.000ns})
  Destination:            oddr_dac_dat[10]/R
                            (falling edge-triggered cell ODDR clocked by pll_dac_clk_1x  {rise@0.000ns fall@4.000ns period=8.000ns})
  Path Group:             pll_dac_clk_1x
  Path Type:              Setup (Max at Slow Process Corner)
  Requirement:            4.000ns  (pll_dac_clk_1x fall@4.000ns - pll_dac_clk_1x rise@0.000ns)
  Data Path Delay:        2.389ns  (logic 0.456ns (19.086%)  route 1.933ns (80.914%))
  Logic Levels:           0  
  Clock Path Skew:        -0.220ns (DCD - SCD + CPR)
    Destination Clock Delay (DCD):    -2.309ns = ( 1.691 - 4.000 ) 
    Source Clock Delay      (SCD):    -2.634ns
    Clock Pessimism Removal (CPR):    -0.544ns
  Clock Uncertainty:      0.069ns  ((TSJ^2 + DJ^2)^1/2) / 2 + PE
    Total System Jitter     (TSJ):    0.071ns
    Discrete Jitter          (DJ):    0.118ns
    Phase Error              (PE):    0.000ns

    Location             Delay type                Incr(ns)  Path(ns)    Netlist Resource(s)
  -------------------------------------------------------------------    -------------------
                         (clock pll_dac_clk_1x rise edge)
                                                      0.000     0.000 r  
    U18                                               0.000     0.000 r  adc_clk_p_i (IN)
                         net (fo=0)                   0.000     0.000    adc_clk_p_i
    U18                  IBUFDS (Prop_ibufds_I_O)     0.983     0.983 r  i_clk/O
                         net (fo=1, routed)           1.306     2.289    pll/adc_clk_in
    PLLE2_ADV_X0Y0       PLLE2_ADV (Prop_plle2_adv_CLKIN1_CLKOUT1)
                                                     -8.533    -6.244 r  pll/pll/CLKOUT1
                         net (fo=1, routed)           1.754    -4.490    pll_dac_clk_1x
    BUFGCTRL_X0Y3        BUFG (Prop_bufg_I_O)         0.101    -4.389 r  bufg_dac_clk_1x/O
                         net (fo=45, routed)          1.755    -2.634    dac_clk_1x
    SLICE_X43Y48         FDRE                                         r  dac_rst_reg/C
  -------------------------------------------------------------------    -------------------
    SLICE_X43Y48         FDRE (Prop_fdre_C_Q)         0.456    -2.178 r  dac_rst_reg/Q
                         net (fo=17, routed)          1.933    -0.245    dac_rst
    OLOGIC_X0Y70         ODDR                                         r  oddr_dac_dat[10]/R
  -------------------------------------------------------------------    -------------------

                         (clock pll_dac_clk_1x fall edge)
                                                      4.000     4.000 f  
    U18                                               0.000     4.000 f  adc_clk_p_i (IN)
                         net (fo=0)                   0.000     4.000    adc_clk_p_i
    U18                  IBUFDS (Prop_ibufds_I_O)     0.940     4.940 f  i_clk/O
                         net (fo=1, routed)           1.181     6.121    pll/adc_clk_in
    PLLE2_ADV_X0Y0       PLLE2_ADV (Prop_plle2_adv_CLKIN1_CLKOUT1)
                                                     -7.650    -1.530 f  pll/pll/CLKOUT1
                         net (fo=1, routed)           1.594     0.065    pll_dac_clk_1x
    BUFGCTRL_X0Y3        BUFG (Prop_bufg_I_O)         0.091     0.156 f  bufg_dac_clk_1x/O
                         net (fo=45, routed)          1.535     1.691    dac_clk_1x
    OLOGIC_X0Y70         ODDR                                         f  oddr_dac_dat[10]/C
                         clock pessimism             -0.544     1.146    
                         clock uncertainty           -0.069     1.077    
    OLOGIC_X0Y70         ODDR (Setup_oddr_C_R)       -0.798     0.279    oddr_dac_dat[10]
  -------------------------------------------------------------------
                         required time                          0.279    
                         arrival time                           0.245    
  -------------------------------------------------------------------
                         slack                                  0.524    

Slack (MET) :             0.528ns  (required time - arrival time)
  Source:                 dac_rst_reg/C
                            (rising edge-triggered cell FDRE clocked by pll_dac_clk_1x  {rise@0.000ns fall@4.000ns period=8.000ns})
  Destination:            oddr_dac_dat[11]/R
                            (falling edge-triggered cell ODDR clocked by pll_dac_clk_1x  {rise@0.000ns fall@4.000ns period=8.000ns})
  Path Group:             pll_dac_clk_1x
  Path Type:              Setup (Max at Slow Process Corner)
  Requirement:            4.000ns  (pll_dac_clk_1x fall@4.000ns - pll_dac_clk_1x rise@0.000ns)
  Data Path Delay:        2.386ns  (logic 0.456ns (19.115%)  route 1.930ns (80.885%))
  Logic Levels:           0  
  Clock Path Skew:        -0.220ns (DCD - SCD + CPR)
    Destination Clock Delay (DCD):    -2.309ns = ( 1.691 - 4.000 ) 
    Source Clock Delay      (SCD):    -2.634ns
    Clock Pessimism Removal (CPR):    -0.544ns
  Clock Uncertainty:      0.069ns  ((TSJ^2 + DJ^2)^1/2) / 2 + PE
    Total System Jitter     (TSJ):    0.071ns
    Discrete Jitter          (DJ):    0.118ns
    Phase Error              (PE):    0.000ns

    Location             Delay type                Incr(ns)  Path(ns)    Netlist Resource(s)
  -------------------------------------------------------------------    -------------------
                         (clock pll_dac_clk_1x rise edge)
                                                      0.000     0.000 r  
    U18                                               0.000     0.000 r  adc_clk_p_i (IN)
                         net (fo=0)                   0.000     0.000    adc_clk_p_i
    U18                  IBUFDS (Prop_ibufds_I_O)     0.983     0.983 r  i_clk/O
                         net (fo=1, routed)           1.306     2.289    pll/adc_clk_in
    PLLE2_ADV_X0Y0       PLLE2_ADV (Prop_plle2_adv_CLKIN1_CLKOUT1)
                                                     -8.533    -6.244 r  pll/pll/CLKOUT1
                         net (fo=1, routed)           1.754    -4.490    pll_dac_clk_1x
    BUFGCTRL_X0Y3        BUFG (Prop_bufg_I_O)         0.101    -4.389 r  bufg_dac_clk_1x/O
                         net (fo=45, routed)          1.755    -2.634    dac_clk_1x
    SLICE_X43Y48         FDRE                                         r  dac_rst_reg/C
  -------------------------------------------------------------------    -------------------
    SLICE_X43Y48         FDRE (Prop_fdre_C_Q)         0.456    -2.178 r  dac_rst_reg/Q
                         net (fo=17, routed)          1.930    -0.248    dac_rst
    OLOGIC_X0Y69         ODDR                                         r  oddr_dac_dat[11]/R
  -------------------------------------------------------------------    -------------------

                         (clock pll_dac_clk_1x fall edge)
                                                      4.000     4.000 f  
    U18                                               0.000     4.000 f  adc_clk_p_i (IN)
                         net (fo=0)                   0.000     4.000    adc_clk_p_i
    U18                  IBUFDS (Prop_ibufds_I_O)     0.940     4.940 f  i_clk/O
                         net (fo=1, routed)           1.181     6.121    pll/adc_clk_in
    PLLE2_ADV_X0Y0       PLLE2_ADV (Prop_plle2_adv_CLKIN1_CLKOUT1)
                                                     -7.650    -1.530 f  pll/pll/CLKOUT1
                         net (fo=1, routed)           1.594     0.065    pll_dac_clk_1x
    BUFGCTRL_X0Y3        BUFG (Prop_bufg_I_O)         0.091     0.156 f  bufg_dac_clk_1x/O
                         net (fo=45, routed)          1.535     1.691    dac_clk_1x
    OLOGIC_X0Y69         ODDR                                         f  oddr_dac_dat[11]/C
                         clock pessimism             -0.544     1.146    
                         clock uncertainty           -0.069     1.077    
    OLOGIC_X0Y69         ODDR (Setup_oddr_C_R)       -0.798     0.279    oddr_dac_dat[11]
  -------------------------------------------------------------------
                         required time                          0.279    
                         arrival time                           0.248    
  -------------------------------------------------------------------
                         slack                                  0.528    

Slack (MET) :             0.529ns  (required time - arrival time)
  Source:                 dac_rst_reg/C
                            (rising edge-triggered cell FDRE clocked by pll_dac_clk_1x  {rise@0.000ns fall@4.000ns period=8.000ns})
  Destination:            oddr_dac_dat[13]/R
                            (falling edge-triggered cell ODDR clocked by pll_dac_clk_1x  {rise@0.000ns fall@4.000ns period=8.000ns})
  Path Group:             pll_dac_clk_1x
  Path Type:              Setup (Max at Slow Process Corner)
  Requirement:            4.000ns  (pll_dac_clk_1x fall@4.000ns - pll_dac_clk_1x rise@0.000ns)
  Data Path Delay:        2.394ns  (logic 0.456ns (19.051%)  route 1.938ns (80.949%))
  Logic Levels:           0  
  Clock Path Skew:        -0.211ns (DCD - SCD + CPR)
    Destination Clock Delay (DCD):    -2.300ns = ( 1.700 - 4.000 ) 
    Source Clock Delay      (SCD):    -2.634ns
    Clock Pessimism Removal (CPR):    -0.544ns
  Clock Uncertainty:      0.069ns  ((TSJ^2 + DJ^2)^1/2) / 2 + PE
    Total System Jitter     (TSJ):    0.071ns
    Discrete Jitter          (DJ):    0.118ns
    Phase Error              (PE):    0.000ns

    Location             Delay type                Incr(ns)  Path(ns)    Netlist Resource(s)
  -------------------------------------------------------------------    -------------------
                         (clock pll_dac_clk_1x rise edge)
                                                      0.000     0.000 r  
    U18                                               0.000     0.000 r  adc_clk_p_i (IN)
                         net (fo=0)                   0.000     0.000    adc_clk_p_i
    U18                  IBUFDS (Prop_ibufds_I_O)     0.983     0.983 r  i_clk/O
                         net (fo=1, routed)           1.306     2.289    pll/adc_clk_in
    PLLE2_ADV_X0Y0       PLLE2_ADV (Prop_plle2_adv_CLKIN1_CLKOUT1)
                                                     -8.533    -6.244 r  pll/pll/CLKOUT1
                         net (fo=1, routed)           1.754    -4.490    pll_dac_clk_1x
    BUFGCTRL_X0Y3        BUFG (Prop_bufg_I_O)         0.101    -4.389 r  bufg_dac_clk_1x/O
                         net (fo=45, routed)          1.755    -2.634    dac_clk_1x
    SLICE_X43Y48         FDRE                                         r  dac_rst_reg/C
  -------------------------------------------------------------------    -------------------
    SLICE_X43Y48         FDRE (Prop_fdre_C_Q)         0.456    -2.178 r  dac_rst_reg/Q
                         net (fo=17, routed)          1.938    -0.240    dac_rst
    OLOGIC_X0Y92         ODDR                                         r  oddr_dac_dat[13]/R
  -------------------------------------------------------------------    -------------------

                         (clock pll_dac_clk_1x fall edge)
                                                      4.000     4.000 f  
    U18                                               0.000     4.000 f  adc_clk_p_i (IN)
                         net (fo=0)                   0.000     4.000    adc_clk_p_i
    U18                  IBUFDS (Prop_ibufds_I_O)     0.940     4.940 f  i_clk/O
                         net (fo=1, routed)           1.181     6.121    pll/adc_clk_in
    PLLE2_ADV_X0Y0       PLLE2_ADV (Prop_plle2_adv_CLKIN1_CLKOUT1)
                                                     -7.650    -1.530 f  pll/pll/CLKOUT1
                         net (fo=1, routed)           1.594     0.065    pll_dac_clk_1x
    BUFGCTRL_X0Y3        BUFG (Prop_bufg_I_O)         0.091     0.156 f  bufg_dac_clk_1x/O
                         net (fo=45, routed)          1.544     1.700    dac_clk_1x
    OLOGIC_X0Y92         ODDR                                         f  oddr_dac_dat[13]/C
                         clock pessimism             -0.544     1.155    
                         clock uncertainty           -0.069     1.086    
    OLOGIC_X0Y92         ODDR (Setup_oddr_C_R)       -0.798     0.288    oddr_dac_dat[13]
  -------------------------------------------------------------------
                         required time                          0.288    
                         arrival time                           0.240    
  -------------------------------------------------------------------
                         slack                                  0.529    

Slack (MET) :             0.530ns  (required time - arrival time)
  Source:                 dac_rst_reg/C
                            (rising edge-triggered cell FDRE clocked by pll_dac_clk_1x  {rise@0.000ns fall@4.000ns period=8.000ns})
  Destination:            oddr_dac_dat[0]/R
                            (falling edge-triggered cell ODDR clocked by pll_dac_clk_1x  {rise@0.000ns fall@4.000ns period=8.000ns})
  Path Group:             pll_dac_clk_1x
  Path Type:              Setup (Max at Slow Process Corner)
  Requirement:            4.000ns  (pll_dac_clk_1x fall@4.000ns - pll_dac_clk_1x rise@0.000ns)
  Data Path Delay:        2.388ns  (logic 0.456ns (19.098%)  route 1.932ns (80.902%))
  Logic Levels:           0  
  Clock Path Skew:        -0.215ns (DCD - SCD + CPR)
    Destination Clock Delay (DCD):    -2.304ns = ( 1.696 - 4.000 ) 
    Source Clock Delay      (SCD):    -2.634ns
    Clock Pessimism Removal (CPR):    -0.544ns
  Clock Uncertainty:      0.069ns  ((TSJ^2 + DJ^2)^1/2) / 2 + PE
    Total System Jitter     (TSJ):    0.071ns
    Discrete Jitter          (DJ):    0.118ns
    Phase Error              (PE):    0.000ns

    Location             Delay type                Incr(ns)  Path(ns)    Netlist Resource(s)
  -------------------------------------------------------------------    -------------------
                         (clock pll_dac_clk_1x rise edge)
                                                      0.000     0.000 r  
    U18                                               0.000     0.000 r  adc_clk_p_i (IN)
                         net (fo=0)                   0.000     0.000    adc_clk_p_i
    U18                  IBUFDS (Prop_ibufds_I_O)     0.983     0.983 r  i_clk/O
                         net (fo=1, routed)           1.306     2.289    pll/adc_clk_in
    PLLE2_ADV_X0Y0       PLLE2_ADV (Prop_plle2_adv_CLKIN1_CLKOUT1)
                                                     -8.533    -6.244 r  pll/pll/CLKOUT1
                         net (fo=1, routed)           1.754    -4.490    pll_dac_clk_1x
    BUFGCTRL_X0Y3        BUFG (Prop_bufg_I_O)         0.101    -4.389 r  bufg_dac_clk_1x/O
                         net (fo=45, routed)          1.755    -2.634    dac_clk_1x
    SLICE_X43Y48         FDRE                                         r  dac_rst_reg/C
  -------------------------------------------------------------------    -------------------
    SLICE_X43Y48         FDRE (Prop_fdre_C_Q)         0.456    -2.178 r  dac_rst_reg/Q
                         net (fo=17, routed)          1.932    -0.246    dac_rst
    OLOGIC_X0Y86         ODDR                                         r  oddr_dac_dat[0]/R
  -------------------------------------------------------------------    -------------------

                         (clock pll_dac_clk_1x fall edge)
                                                      4.000     4.000 f  
    U18                                               0.000     4.000 f  adc_clk_p_i (IN)
                         net (fo=0)                   0.000     4.000    adc_clk_p_i
    U18                  IBUFDS (Prop_ibufds_I_O)     0.940     4.940 f  i_clk/O
                         net (fo=1, routed)           1.181     6.121    pll/adc_clk_in
    PLLE2_ADV_X0Y0       PLLE2_ADV (Prop_plle2_adv_CLKIN1_CLKOUT1)
                                                     -7.650    -1.530 f  pll/pll/CLKOUT1
                         net (fo=1, routed)           1.594     0.065    pll_dac_clk_1x
    BUFGCTRL_X0Y3        BUFG (Prop_bufg_I_O)         0.091     0.156 f  bufg_dac_clk_1x/O
                         net (fo=45, routed)          1.540     1.696    dac_clk_1x
    OLOGIC_X0Y86         ODDR                                         f  oddr_dac_dat[0]/C
                         clock pessimism             -0.544     1.151    
                         clock uncertainty           -0.069     1.082    
    OLOGIC_X0Y86         ODDR (Setup_oddr_C_R)       -0.798     0.284    oddr_dac_dat[0]
  -------------------------------------------------------------------
                         required time                          0.284    
                         arrival time                           0.246    
  -------------------------------------------------------------------
                         slack                                  0.530    

Slack (MET) :             0.531ns  (required time - arrival time)
  Source:                 dac_rst_reg/C
                            (rising edge-triggered cell FDRE clocked by pll_dac_clk_1x  {rise@0.000ns fall@4.000ns period=8.000ns})
  Destination:            oddr_dac_dat[12]/R
                            (falling edge-triggered cell ODDR clocked by pll_dac_clk_1x  {rise@0.000ns fall@4.000ns period=8.000ns})
  Path Group:             pll_dac_clk_1x
  Path Type:              Setup (Max at Slow Process Corner)
  Requirement:            4.000ns  (pll_dac_clk_1x fall@4.000ns - pll_dac_clk_1x rise@0.000ns)
  Data Path Delay:        2.391ns  (logic 0.456ns (19.069%)  route 1.935ns (80.931%))
  Logic Levels:           0  
  Clock Path Skew:        -0.211ns (DCD - SCD + CPR)
    Destination Clock Delay (DCD):    -2.300ns = ( 1.700 - 4.000 ) 
    Source Clock Delay      (SCD):    -2.634ns
    Clock Pessimism Removal (CPR):    -0.544ns
  Clock Uncertainty:      0.069ns  ((TSJ^2 + DJ^2)^1/2) / 2 + PE
    Total System Jitter     (TSJ):    0.071ns
    Discrete Jitter          (DJ):    0.118ns
    Phase Error              (PE):    0.000ns

    Location             Delay type                Incr(ns)  Path(ns)    Netlist Resource(s)
  -------------------------------------------------------------------    -------------------
                         (clock pll_dac_clk_1x rise edge)
                                                      0.000     0.000 r  
    U18                                               0.000     0.000 r  adc_clk_p_i (IN)
                         net (fo=0)                   0.000     0.000    adc_clk_p_i
    U18                  IBUFDS (Prop_ibufds_I_O)     0.983     0.983 r  i_clk/O
                         net (fo=1, routed)           1.306     2.289    pll/adc_clk_in
    PLLE2_ADV_X0Y0       PLLE2_ADV (Prop_plle2_adv_CLKIN1_CLKOUT1)
                                                     -8.533    -6.244 r  pll/pll/CLKOUT1
                         net (fo=1, routed)           1.754    -4.490    pll_dac_clk_1x
    BUFGCTRL_X0Y3        BUFG (Prop_bufg_I_O)         0.101    -4.389 r  bufg_dac_clk_1x/O
                         net (fo=45, routed)          1.755    -2.634    dac_clk_1x
    SLICE_X43Y48         FDRE                                         r  dac_rst_reg/C
  -------------------------------------------------------------------    -------------------
    SLICE_X43Y48         FDRE (Prop_fdre_C_Q)         0.456    -2.178 r  dac_rst_reg/Q
                         net (fo=17, routed)          1.935    -0.243    dac_rst
    OLOGIC_X0Y91         ODDR                                         r  oddr_dac_dat[12]/R
  -------------------------------------------------------------------    -------------------

                         (clock pll_dac_clk_1x fall edge)
                                                      4.000     4.000 f  
    U18                                               0.000     4.000 f  adc_clk_p_i (IN)
                         net (fo=0)                   0.000     4.000    adc_clk_p_i
    U18                  IBUFDS (Prop_ibufds_I_O)     0.940     4.940 f  i_clk/O
                         net (fo=1, routed)           1.181     6.121    pll/adc_clk_in
    PLLE2_ADV_X0Y0       PLLE2_ADV (Prop_plle2_adv_CLKIN1_CLKOUT1)
                                                     -7.650    -1.530 f  pll/pll/CLKOUT1
                         net (fo=1, routed)           1.594     0.065    pll_dac_clk_1x
    BUFGCTRL_X0Y3        BUFG (Prop_bufg_I_O)         0.091     0.156 f  bufg_dac_clk_1x/O
                         net (fo=45, routed)          1.544     1.700    dac_clk_1x
    OLOGIC_X0Y91         ODDR                                         f  oddr_dac_dat[12]/C
                         clock pessimism             -0.544     1.155    
                         clock uncertainty           -0.069     1.086    
    OLOGIC_X0Y91         ODDR (Setup_oddr_C_R)       -0.798     0.288    oddr_dac_dat[12]
  -------------------------------------------------------------------
                         required time                          0.288    
                         arrival time                           0.243    
  -------------------------------------------------------------------
                         slack                                  0.531    

Slack (MET) :             0.544ns  (required time - arrival time)
  Source:                 dac_rst_reg/C
                            (rising edge-triggered cell FDRE clocked by pll_dac_clk_1x  {rise@0.000ns fall@4.000ns period=8.000ns})
  Destination:            oddr_dac_dat[9]/R
                            (falling edge-triggered cell ODDR clocked by pll_dac_clk_1x  {rise@0.000ns fall@4.000ns period=8.000ns})
  Path Group:             pll_dac_clk_1x
  Path Type:              Setup (Max at Slow Process Corner)
  Requirement:            4.000ns  (pll_dac_clk_1x fall@4.000ns - pll_dac_clk_1x rise@0.000ns)
  Data Path Delay:        2.375ns  (logic 0.456ns (19.204%)  route 1.919ns (80.796%))
  Logic Levels:           0  
  Clock Path Skew:        -0.215ns (DCD - SCD + CPR)
    Destination Clock Delay (DCD):    -2.304ns = ( 1.696 - 4.000 ) 
    Source Clock Delay      (SCD):    -2.634ns
    Clock Pessimism Removal (CPR):    -0.544ns
  Clock Uncertainty:      0.069ns  ((TSJ^2 + DJ^2)^1/2) / 2 + PE
    Total System Jitter     (TSJ):    0.071ns
    Discrete Jitter          (DJ):    0.118ns
    Phase Error              (PE):    0.000ns

    Location             Delay type                Incr(ns)  Path(ns)    Netlist Resource(s)
  -------------------------------------------------------------------    -------------------
                         (clock pll_dac_clk_1x rise edge)
                                                      0.000     0.000 r  
    U18                                               0.000     0.000 r  adc_clk_p_i (IN)
                         net (fo=0)                   0.000     0.000    adc_clk_p_i
    U18                  IBUFDS (Prop_ibufds_I_O)     0.983     0.983 r  i_clk/O
                         net (fo=1, routed)           1.306     2.289    pll/adc_clk_in
    PLLE2_ADV_X0Y0       PLLE2_ADV (Prop_plle2_adv_CLKIN1_CLKOUT1)
                                                     -8.533    -6.244 r  pll/pll/CLKOUT1
                         net (fo=1, routed)           1.754    -4.490    pll_dac_clk_1x
    BUFGCTRL_X0Y3        BUFG (Prop_bufg_I_O)         0.101    -4.389 r  bufg_dac_clk_1x/O
                         net (fo=45, routed)          1.755    -2.634    dac_clk_1x
    SLICE_X43Y48         FDRE                                         r  dac_rst_reg/C
  -------------------------------------------------------------------    -------------------
    SLICE_X43Y48         FDRE (Prop_fdre_C_Q)         0.456    -2.178 r  dac_rst_reg/Q
                         net (fo=17, routed)          1.919    -0.259    dac_rst
    OLOGIC_X0Y63         ODDR                                         r  oddr_dac_dat[9]/R
  -------------------------------------------------------------------    -------------------

                         (clock pll_dac_clk_1x fall edge)
                                                      4.000     4.000 f  
    U18                                               0.000     4.000 f  adc_clk_p_i (IN)
                         net (fo=0)                   0.000     4.000    adc_clk_p_i
    U18                  IBUFDS (Prop_ibufds_I_O)     0.940     4.940 f  i_clk/O
                         net (fo=1, routed)           1.181     6.121    pll/adc_clk_in
    PLLE2_ADV_X0Y0       PLLE2_ADV (Prop_plle2_adv_CLKIN1_CLKOUT1)
                                                     -7.650    -1.530 f  pll/pll/CLKOUT1
                         net (fo=1, routed)           1.594     0.065    pll_dac_clk_1x
    BUFGCTRL_X0Y3        BUFG (Prop_bufg_I_O)         0.091     0.156 f  bufg_dac_clk_1x/O
                         net (fo=45, routed)          1.540     1.696    dac_clk_1x
    OLOGIC_X0Y63         ODDR                                         f  oddr_dac_dat[9]/C
                         clock pessimism             -0.544     1.151    
                         clock uncertainty           -0.069     1.082    
    OLOGIC_X0Y63         ODDR (Setup_oddr_C_R)       -0.798     0.284    oddr_dac_dat[9]
  -------------------------------------------------------------------
                         required time                          0.284    
                         arrival time                           0.259    
  -------------------------------------------------------------------
                         slack                                  0.544    

Slack (MET) :             0.550ns  (required time - arrival time)
  Source:                 dac_rst_reg/C
                            (rising edge-triggered cell FDRE clocked by pll_dac_clk_1x  {rise@0.000ns fall@4.000ns period=8.000ns})
  Destination:            oddr_dac_sel/R
                            (falling edge-triggered cell ODDR clocked by pll_dac_clk_1x  {rise@0.000ns fall@4.000ns period=8.000ns})
  Path Group:             pll_dac_clk_1x
  Path Type:              Setup (Max at Slow Process Corner)
  Requirement:            4.000ns  (pll_dac_clk_1x fall@4.000ns - pll_dac_clk_1x rise@0.000ns)
  Data Path Delay:        2.372ns  (logic 0.456ns (19.220%)  route 1.916ns (80.780%))
  Logic Levels:           0  
  Clock Path Skew:        -0.211ns (DCD - SCD + CPR)
    Destination Clock Delay (DCD):    -2.300ns = ( 1.700 - 4.000 ) 
    Source Clock Delay      (SCD):    -2.634ns
    Clock Pessimism Removal (CPR):    -0.544ns
  Clock Uncertainty:      0.069ns  ((TSJ^2 + DJ^2)^1/2) / 2 + PE
    Total System Jitter     (TSJ):    0.071ns
    Discrete Jitter          (DJ):    0.118ns
    Phase Error              (PE):    0.000ns

    Location             Delay type                Incr(ns)  Path(ns)    Netlist Resource(s)
  -------------------------------------------------------------------    -------------------
                         (clock pll_dac_clk_1x rise edge)
                                                      0.000     0.000 r  
    U18                                               0.000     0.000 r  adc_clk_p_i (IN)
                         net (fo=0)                   0.000     0.000    adc_clk_p_i
    U18                  IBUFDS (Prop_ibufds_I_O)     0.983     0.983 r  i_clk/O
                         net (fo=1, routed)           1.306     2.289    pll/adc_clk_in
    PLLE2_ADV_X0Y0       PLLE2_ADV (Prop_plle2_adv_CLKIN1_CLKOUT1)
                                                     -8.533    -6.244 r  pll/pll/CLKOUT1
                         net (fo=1, routed)           1.754    -4.490    pll_dac_clk_1x
    BUFGCTRL_X0Y3        BUFG (Prop_bufg_I_O)         0.101    -4.389 r  bufg_dac_clk_1x/O
                         net (fo=45, routed)          1.755    -2.634    dac_clk_1x
    SLICE_X43Y48         FDRE                                         r  dac_rst_reg/C
  -------------------------------------------------------------------    -------------------
    SLICE_X43Y48         FDRE (Prop_fdre_C_Q)         0.456    -2.178 r  dac_rst_reg/Q
                         net (fo=17, routed)          1.916    -0.261    dac_rst
    OLOGIC_X0Y57         ODDR                                         r  oddr_dac_sel/R
  -------------------------------------------------------------------    -------------------

                         (clock pll_dac_clk_1x fall edge)
                                                      4.000     4.000 f  
    U18                                               0.000     4.000 f  adc_clk_p_i (IN)
                         net (fo=0)                   0.000     4.000    adc_clk_p_i
    U18                  IBUFDS (Prop_ibufds_I_O)     0.940     4.940 f  i_clk/O
                         net (fo=1, routed)           1.181     6.121    pll/adc_clk_in
    PLLE2_ADV_X0Y0       PLLE2_ADV (Prop_plle2_adv_CLKIN1_CLKOUT1)
                                                     -7.650    -1.530 f  pll/pll/CLKOUT1
                         net (fo=1, routed)           1.594     0.065    pll_dac_clk_1x
    BUFGCTRL_X0Y3        BUFG (Prop_bufg_I_O)         0.091     0.156 f  bufg_dac_clk_1x/O
                         net (fo=45, routed)          1.544     1.700    dac_clk_1x
    OLOGIC_X0Y57         ODDR                                         f  oddr_dac_sel/C
                         clock pessimism             -0.544     1.155    
                         clock uncertainty           -0.069     1.086    
    OLOGIC_X0Y57         ODDR (Setup_oddr_C_R)       -0.798     0.288    oddr_dac_sel
  -------------------------------------------------------------------
                         required time                          0.288    
                         arrival time                           0.261    
  -------------------------------------------------------------------
                         slack                                  0.550    

Slack (MET) :             0.562ns  (required time - arrival time)
  Source:                 dac_rst_reg/C
                            (rising edge-triggered cell FDRE clocked by pll_dac_clk_1x  {rise@0.000ns fall@4.000ns period=8.000ns})
  Destination:            oddr_dac_dat[8]/R
                            (falling edge-triggered cell ODDR clocked by pll_dac_clk_1x  {rise@0.000ns fall@4.000ns period=8.000ns})
  Path Group:             pll_dac_clk_1x
  Path Type:              Setup (Max at Slow Process Corner)
  Requirement:            4.000ns  (pll_dac_clk_1x fall@4.000ns - pll_dac_clk_1x rise@0.000ns)
  Data Path Delay:        2.356ns  (logic 0.456ns (19.355%)  route 1.900ns (80.645%))
  Logic Levels:           0  
  Clock Path Skew:        -0.215ns (DCD - SCD + CPR)
    Destination Clock Delay (DCD):    -2.304ns = ( 1.696 - 4.000 ) 
    Source Clock Delay      (SCD):    -2.634ns
    Clock Pessimism Removal (CPR):    -0.544ns
  Clock Uncertainty:      0.069ns  ((TSJ^2 + DJ^2)^1/2) / 2 + PE
    Total System Jitter     (TSJ):    0.071ns
    Discrete Jitter          (DJ):    0.118ns
    Phase Error              (PE):    0.000ns

    Location             Delay type                Incr(ns)  Path(ns)    Netlist Resource(s)
  -------------------------------------------------------------------    -------------------
                         (clock pll_dac_clk_1x rise edge)
                                                      0.000     0.000 r  
    U18                                               0.000     0.000 r  adc_clk_p_i (IN)
                         net (fo=0)                   0.000     0.000    adc_clk_p_i
    U18                  IBUFDS (Prop_ibufds_I_O)     0.983     0.983 r  i_clk/O
                         net (fo=1, routed)           1.306     2.289    pll/adc_clk_in
    PLLE2_ADV_X0Y0       PLLE2_ADV (Prop_plle2_adv_CLKIN1_CLKOUT1)
                                                     -8.533    -6.244 r  pll/pll/CLKOUT1
                         net (fo=1, routed)           1.754    -4.490    pll_dac_clk_1x
    BUFGCTRL_X0Y3        BUFG (Prop_bufg_I_O)         0.101    -4.389 r  bufg_dac_clk_1x/O
                         net (fo=45, routed)          1.755    -2.634    dac_clk_1x
    SLICE_X43Y48         FDRE                                         r  dac_rst_reg/C
  -------------------------------------------------------------------    -------------------
    SLICE_X43Y48         FDRE (Prop_fdre_C_Q)         0.456    -2.178 r  dac_rst_reg/Q
                         net (fo=17, routed)          1.900    -0.278    dac_rst
    OLOGIC_X0Y64         ODDR                                         r  oddr_dac_dat[8]/R
  -------------------------------------------------------------------    -------------------

                         (clock pll_dac_clk_1x fall edge)
                                                      4.000     4.000 f  
    U18                                               0.000     4.000 f  adc_clk_p_i (IN)
                         net (fo=0)                   0.000     4.000    adc_clk_p_i
    U18                  IBUFDS (Prop_ibufds_I_O)     0.940     4.940 f  i_clk/O
                         net (fo=1, routed)           1.181     6.121    pll/adc_clk_in
    PLLE2_ADV_X0Y0       PLLE2_ADV (Prop_plle2_adv_CLKIN1_CLKOUT1)
                                                     -7.650    -1.530 f  pll/pll/CLKOUT1
                         net (fo=1, routed)           1.594     0.065    pll_dac_clk_1x
    BUFGCTRL_X0Y3        BUFG (Prop_bufg_I_O)         0.091     0.156 f  bufg_dac_clk_1x/O
                         net (fo=45, routed)          1.540     1.696    dac_clk_1x
    OLOGIC_X0Y64         ODDR                                         f  oddr_dac_dat[8]/C
                         clock pessimism             -0.544     1.151    
                         clock uncertainty           -0.069     1.082    
    OLOGIC_X0Y64         ODDR (Setup_oddr_C_R)       -0.798     0.284    oddr_dac_dat[8]
  -------------------------------------------------------------------
                         required time                          0.284    
                         arrival time                           0.278    
  -------------------------------------------------------------------
                         slack                                  0.562    





Min Delay Paths
--------------------------------------------------------------------------------------
Slack (MET) :             0.203ns  (arrival time - required time)
  Source:                 dac_rst_reg/C
                            (rising edge-triggered cell FDRE clocked by pll_dac_clk_1x  {rise@0.000ns fall@4.000ns period=8.000ns})
  Destination:            oddr_dac_dat[1]/R
                            (rising edge-triggered cell ODDR clocked by pll_dac_clk_1x  {rise@0.000ns fall@4.000ns period=8.000ns})
  Path Group:             pll_dac_clk_1x
  Path Type:              Hold (Min at Fast Process Corner)
  Requirement:            0.000ns  (pll_dac_clk_1x rise@0.000ns - pll_dac_clk_1x rise@0.000ns)
  Data Path Delay:        0.938ns  (logic 0.141ns (15.038%)  route 0.797ns (84.962%))
  Logic Levels:           0  
  Clock Path Skew:        0.258ns (DCD - SCD - CPR)
    Destination Clock Delay (DCD):    -0.208ns
    Source Clock Delay      (SCD):    -0.277ns
    Clock Pessimism Removal (CPR):    -0.189ns

    Location             Delay type                Incr(ns)  Path(ns)    Netlist Resource(s)
  -------------------------------------------------------------------    -------------------
                         (clock pll_dac_clk_1x rise edge)
                                                      0.000     0.000 r  
    U18                                               0.000     0.000 r  adc_clk_p_i (IN)
                         net (fo=0)                   0.000     0.000    adc_clk_p_i
    U18                  IBUFDS (Prop_ibufds_I_O)     0.401     0.401 r  i_clk/O
                         net (fo=1, routed)           0.440     0.842    pll/adc_clk_in
    PLLE2_ADV_X0Y0       PLLE2_ADV (Prop_plle2_adv_CLKIN1_CLKOUT1)
                                                     -2.234    -1.393 r  pll/pll/CLKOUT1
                         net (fo=1, routed)           0.497    -0.896    pll_dac_clk_1x
    BUFGCTRL_X0Y3        BUFG (Prop_bufg_I_O)         0.026    -0.870 r  bufg_dac_clk_1x/O
                         net (fo=45, routed)          0.593    -0.277    dac_clk_1x
    SLICE_X43Y48         FDRE                                         r  dac_rst_reg/C
  -------------------------------------------------------------------    -------------------
    SLICE_X43Y48         FDRE (Prop_fdre_C_Q)         0.141    -0.136 r  dac_rst_reg/Q
                         net (fo=17, routed)          0.797     0.660    dac_rst
    OLOGIC_X0Y85         ODDR                                         r  oddr_dac_dat[1]/R
  -------------------------------------------------------------------    -------------------

                         (clock pll_dac_clk_1x rise edge)
                                                      0.000     0.000 r  
    U18                                               0.000     0.000 r  adc_clk_p_i (IN)
                         net (fo=0)                   0.000     0.000    adc_clk_p_i
    U18                  IBUFDS (Prop_ibufds_I_O)     0.433     0.433 r  i_clk/O
                         net (fo=1, routed)           0.481     0.914    pll/adc_clk_in
    PLLE2_ADV_X0Y0       PLLE2_ADV (Prop_plle2_adv_CLKIN1_CLKOUT1)
                                                     -2.546    -1.632 r  pll/pll/CLKOUT1
                         net (fo=1, routed)           0.544    -1.088    pll_dac_clk_1x
    BUFGCTRL_X0Y3        BUFG (Prop_bufg_I_O)         0.029    -1.059 r  bufg_dac_clk_1x/O
                         net (fo=45, routed)          0.851    -0.208    dac_clk_1x
    OLOGIC_X0Y85         ODDR                                         r  oddr_dac_dat[1]/C
                         clock pessimism              0.189    -0.019    
    OLOGIC_X0Y85         ODDR (Hold_oddr_C_R)         0.476     0.457    oddr_dac_dat[1]
  -------------------------------------------------------------------
                         required time                         -0.457    
                         arrival time                           0.660    
  -------------------------------------------------------------------
                         slack                                  0.203    

Slack (MET) :             0.231ns  (arrival time - required time)
  Source:                 dac_rst_reg/C
                            (rising edge-triggered cell FDRE clocked by pll_dac_clk_1x  {rise@0.000ns fall@4.000ns period=8.000ns})
  Destination:            oddr_dac_sel/R
                            (rising edge-triggered cell ODDR clocked by pll_dac_clk_1x  {rise@0.000ns fall@4.000ns period=8.000ns})
  Path Group:             pll_dac_clk_1x
  Path Type:              Hold (Min at Fast Process Corner)
  Requirement:            0.000ns  (pll_dac_clk_1x rise@0.000ns - pll_dac_clk_1x rise@0.000ns)
  Data Path Delay:        0.967ns  (logic 0.141ns (14.574%)  route 0.826ns (85.426%))
  Logic Levels:           0  
  Clock Path Skew:        0.260ns (DCD - SCD - CPR)
    Destination Clock Delay (DCD):    -0.206ns
    Source Clock Delay      (SCD):    -0.277ns
    Clock Pessimism Removal (CPR):    -0.189ns

    Location             Delay type                Incr(ns)  Path(ns)    Netlist Resource(s)
  -------------------------------------------------------------------    -------------------
                         (clock pll_dac_clk_1x rise edge)
                                                      0.000     0.000 r  
    U18                                               0.000     0.000 r  adc_clk_p_i (IN)
                         net (fo=0)                   0.000     0.000    adc_clk_p_i
    U18                  IBUFDS (Prop_ibufds_I_O)     0.401     0.401 r  i_clk/O
                         net (fo=1, routed)           0.440     0.842    pll/adc_clk_in
    PLLE2_ADV_X0Y0       PLLE2_ADV (Prop_plle2_adv_CLKIN1_CLKOUT1)
                                                     -2.234    -1.393 r  pll/pll/CLKOUT1
                         net (fo=1, routed)           0.497    -0.896    pll_dac_clk_1x
    BUFGCTRL_X0Y3        BUFG (Prop_bufg_I_O)         0.026    -0.870 r  bufg_dac_clk_1x/O
                         net (fo=45, routed)          0.593    -0.277    dac_clk_1x
    SLICE_X43Y48         FDRE                                         r  dac_rst_reg/C
  -------------------------------------------------------------------    -------------------
    SLICE_X43Y48         FDRE (Prop_fdre_C_Q)         0.141    -0.136 r  dac_rst_reg/Q
                         net (fo=17, routed)          0.826     0.690    dac_rst
    OLOGIC_X0Y57         ODDR                                         r  oddr_dac_sel/R
  -------------------------------------------------------------------    -------------------

                         (clock pll_dac_clk_1x rise edge)
                                                      0.000     0.000 r  
    U18                                               0.000     0.000 r  adc_clk_p_i (IN)
                         net (fo=0)                   0.000     0.000    adc_clk_p_i
    U18                  IBUFDS (Prop_ibufds_I_O)     0.433     0.433 r  i_clk/O
                         net (fo=1, routed)           0.481     0.914    pll/adc_clk_in
    PLLE2_ADV_X0Y0       PLLE2_ADV (Prop_plle2_adv_CLKIN1_CLKOUT1)
                                                     -2.546    -1.632 r  pll/pll/CLKOUT1
                         net (fo=1, routed)           0.544    -1.088    pll_dac_clk_1x
    BUFGCTRL_X0Y3        BUFG (Prop_bufg_I_O)         0.029    -1.059 r  bufg_dac_clk_1x/O
                         net (fo=45, routed)          0.853    -0.206    dac_clk_1x
    OLOGIC_X0Y57         ODDR                                         r  oddr_dac_sel/C
                         clock pessimism              0.189    -0.017    
    OLOGIC_X0Y57         ODDR (Hold_oddr_C_R)         0.476     0.459    oddr_dac_sel
  -------------------------------------------------------------------
                         required time                         -0.459    
                         arrival time                           0.690    
  -------------------------------------------------------------------
                         slack                                  0.231    

Slack (MET) :             0.245ns  (arrival time - required time)
  Source:                 dac_rst_reg/C
                            (rising edge-triggered cell FDRE clocked by pll_dac_clk_1x  {rise@0.000ns fall@4.000ns period=8.000ns})
  Destination:            oddr_dac_dat[5]/R
                            (rising edge-triggered cell ODDR clocked by pll_dac_clk_1x  {rise@0.000ns fall@4.000ns period=8.000ns})
  Path Group:             pll_dac_clk_1x
  Path Type:              Hold (Min at Fast Process Corner)
  Requirement:            0.000ns  (pll_dac_clk_1x rise@0.000ns - pll_dac_clk_1x rise@0.000ns)
  Data Path Delay:        0.975ns  (logic 0.141ns (14.456%)  route 0.834ns (85.544%))
  Logic Levels:           0  
  Clock Path Skew:        0.254ns (DCD - SCD - CPR)
    Destination Clock Delay (DCD):    -0.212ns
    Source Clock Delay      (SCD):    -0.277ns
    Clock Pessimism Removal (CPR):    -0.189ns

    Location             Delay type                Incr(ns)  Path(ns)    Netlist Resource(s)
  -------------------------------------------------------------------    -------------------
                         (clock pll_dac_clk_1x rise edge)
                                                      0.000     0.000 r  
    U18                                               0.000     0.000 r  adc_clk_p_i (IN)
                         net (fo=0)                   0.000     0.000    adc_clk_p_i
    U18                  IBUFDS (Prop_ibufds_I_O)     0.401     0.401 r  i_clk/O
                         net (fo=1, routed)           0.440     0.842    pll/adc_clk_in
    PLLE2_ADV_X0Y0       PLLE2_ADV (Prop_plle2_adv_CLKIN1_CLKOUT1)
                                                     -2.234    -1.393 r  pll/pll/CLKOUT1
                         net (fo=1, routed)           0.497    -0.896    pll_dac_clk_1x
    BUFGCTRL_X0Y3        BUFG (Prop_bufg_I_O)         0.026    -0.870 r  bufg_dac_clk_1x/O
                         net (fo=45, routed)          0.593    -0.277    dac_clk_1x
    SLICE_X43Y48         FDRE                                         r  dac_rst_reg/C
  -------------------------------------------------------------------    -------------------
    SLICE_X43Y48         FDRE (Prop_fdre_C_Q)         0.141    -0.136 r  dac_rst_reg/Q
                         net (fo=17, routed)          0.834     0.698    dac_rst
    OLOGIC_X0Y79         ODDR                                         r  oddr_dac_dat[5]/R
  -------------------------------------------------------------------    -------------------

                         (clock pll_dac_clk_1x rise edge)
                                                      0.000     0.000 r  
    U18                                               0.000     0.000 r  adc_clk_p_i (IN)
                         net (fo=0)                   0.000     0.000    adc_clk_p_i
    U18                  IBUFDS (Prop_ibufds_I_O)     0.433     0.433 r  i_clk/O
                         net (fo=1, routed)           0.481     0.914    pll/adc_clk_in
    PLLE2_ADV_X0Y0       PLLE2_ADV (Prop_plle2_adv_CLKIN1_CLKOUT1)
                                                     -2.546    -1.632 r  pll/pll/CLKOUT1
                         net (fo=1, routed)           0.544    -1.088    pll_dac_clk_1x
    BUFGCTRL_X0Y3        BUFG (Prop_bufg_I_O)         0.029    -1.059 r  bufg_dac_clk_1x/O
                         net (fo=45, routed)          0.847    -0.212    dac_clk_1x
    OLOGIC_X0Y79         ODDR                                         r  oddr_dac_dat[5]/C
                         clock pessimism              0.189    -0.023    
    OLOGIC_X0Y79         ODDR (Hold_oddr_C_R)         0.476     0.453    oddr_dac_dat[5]
  -------------------------------------------------------------------
                         required time                         -0.453    
                         arrival time                           0.698    
  -------------------------------------------------------------------
                         slack                                  0.245    

Slack (MET) :             0.249ns  (arrival time - required time)
  Source:                 dac_rst_reg/C
                            (rising edge-triggered cell FDRE clocked by pll_dac_clk_1x  {rise@0.000ns fall@4.000ns period=8.000ns})
  Destination:            oddr_dac_dat[10]/R
                            (rising edge-triggered cell ODDR clocked by pll_dac_clk_1x  {rise@0.000ns fall@4.000ns period=8.000ns})
  Path Group:             pll_dac_clk_1x
  Path Type:              Hold (Min at Fast Process Corner)
  Requirement:            0.000ns  (pll_dac_clk_1x rise@0.000ns - pll_dac_clk_1x rise@0.000ns)
  Data Path Delay:        0.979ns  (logic 0.141ns (14.400%)  route 0.838ns (85.600%))
  Logic Levels:           0  
  Clock Path Skew:        0.254ns (DCD - SCD - CPR)
    Destination Clock Delay (DCD):    -0.212ns
    Source Clock Delay      (SCD):    -0.277ns
    Clock Pessimism Removal (CPR):    -0.189ns

    Location             Delay type                Incr(ns)  Path(ns)    Netlist Resource(s)
  -------------------------------------------------------------------    -------------------
                         (clock pll_dac_clk_1x rise edge)
                                                      0.000     0.000 r  
    U18                                               0.000     0.000 r  adc_clk_p_i (IN)
                         net (fo=0)                   0.000     0.000    adc_clk_p_i
    U18                  IBUFDS (Prop_ibufds_I_O)     0.401     0.401 r  i_clk/O
                         net (fo=1, routed)           0.440     0.842    pll/adc_clk_in
    PLLE2_ADV_X0Y0       PLLE2_ADV (Prop_plle2_adv_CLKIN1_CLKOUT1)
                                                     -2.234    -1.393 r  pll/pll/CLKOUT1
                         net (fo=1, routed)           0.497    -0.896    pll_dac_clk_1x
    BUFGCTRL_X0Y3        BUFG (Prop_bufg_I_O)         0.026    -0.870 r  bufg_dac_clk_1x/O
                         net (fo=45, routed)          0.593    -0.277    dac_clk_1x
    SLICE_X43Y48         FDRE                                         r  dac_rst_reg/C
  -------------------------------------------------------------------    -------------------
    SLICE_X43Y48         FDRE (Prop_fdre_C_Q)         0.141    -0.136 r  dac_rst_reg/Q
                         net (fo=17, routed)          0.838     0.702    dac_rst
    OLOGIC_X0Y70         ODDR                                         r  oddr_dac_dat[10]/R
  -------------------------------------------------------------------    -------------------

                         (clock pll_dac_clk_1x rise edge)
                                                      0.000     0.000 r  
    U18                                               0.000     0.000 r  adc_clk_p_i (IN)
                         net (fo=0)                   0.000     0.000    adc_clk_p_i
    U18                  IBUFDS (Prop_ibufds_I_O)     0.433     0.433 r  i_clk/O
                         net (fo=1, routed)           0.481     0.914    pll/adc_clk_in
    PLLE2_ADV_X0Y0       PLLE2_ADV (Prop_plle2_adv_CLKIN1_CLKOUT1)
                                                     -2.546    -1.632 r  pll/pll/CLKOUT1
                         net (fo=1, routed)           0.544    -1.088    pll_dac_clk_1x
    BUFGCTRL_X0Y3        BUFG (Prop_bufg_I_O)         0.029    -1.059 r  bufg_dac_clk_1x/O
                         net (fo=45, routed)          0.847    -0.212    dac_clk_1x
    OLOGIC_X0Y70         ODDR                                         r  oddr_dac_dat[10]/C
                         clock pessimism              0.189    -0.023    
    OLOGIC_X0Y70         ODDR (Hold_oddr_C_R)         0.476     0.453    oddr_dac_dat[10]
  -------------------------------------------------------------------
                         required time                         -0.453    
                         arrival time                           0.702    
  -------------------------------------------------------------------
                         slack                                  0.249    

Slack (MET) :             0.249ns  (arrival time - required time)
  Source:                 dac_rst_reg/C
                            (rising edge-triggered cell FDRE clocked by pll_dac_clk_1x  {rise@0.000ns fall@4.000ns period=8.000ns})
  Destination:            oddr_dac_dat[12]/R
                            (rising edge-triggered cell ODDR clocked by pll_dac_clk_1x  {rise@0.000ns fall@4.000ns period=8.000ns})
  Path Group:             pll_dac_clk_1x
  Path Type:              Hold (Min at Fast Process Corner)
  Requirement:            0.000ns  (pll_dac_clk_1x rise@0.000ns - pll_dac_clk_1x rise@0.000ns)
  Data Path Delay:        0.985ns  (logic 0.141ns (14.309%)  route 0.844ns (85.691%))
  Logic Levels:           0  
  Clock Path Skew:        0.260ns (DCD - SCD - CPR)
    Destination Clock Delay (DCD):    -0.206ns
    Source Clock Delay      (SCD):    -0.277ns
    Clock Pessimism Removal (CPR):    -0.189ns

    Location             Delay type                Incr(ns)  Path(ns)    Netlist Resource(s)
  -------------------------------------------------------------------    -------------------
                         (clock pll_dac_clk_1x rise edge)
                                                      0.000     0.000 r  
    U18                                               0.000     0.000 r  adc_clk_p_i (IN)
                         net (fo=0)                   0.000     0.000    adc_clk_p_i
    U18                  IBUFDS (Prop_ibufds_I_O)     0.401     0.401 r  i_clk/O
                         net (fo=1, routed)           0.440     0.842    pll/adc_clk_in
    PLLE2_ADV_X0Y0       PLLE2_ADV (Prop_plle2_adv_CLKIN1_CLKOUT1)
                                                     -2.234    -1.393 r  pll/pll/CLKOUT1
                         net (fo=1, routed)           0.497    -0.896    pll_dac_clk_1x
    BUFGCTRL_X0Y3        BUFG (Prop_bufg_I_O)         0.026    -0.870 r  bufg_dac_clk_1x/O
                         net (fo=45, routed)          0.593    -0.277    dac_clk_1x
    SLICE_X43Y48         FDRE                                         r  dac_rst_reg/C
  -------------------------------------------------------------------    -------------------
    SLICE_X43Y48         FDRE (Prop_fdre_C_Q)         0.141    -0.136 r  dac_rst_reg/Q
                         net (fo=17, routed)          0.844     0.708    dac_rst
    OLOGIC_X0Y91         ODDR                                         r  oddr_dac_dat[12]/R
  -------------------------------------------------------------------    -------------------

                         (clock pll_dac_clk_1x rise edge)
                                                      0.000     0.000 r  
    U18                                               0.000     0.000 r  adc_clk_p_i (IN)
                         net (fo=0)                   0.000     0.000    adc_clk_p_i
    U18                  IBUFDS (Prop_ibufds_I_O)     0.433     0.433 r  i_clk/O
                         net (fo=1, routed)           0.481     0.914    pll/adc_clk_in
    PLLE2_ADV_X0Y0       PLLE2_ADV (Prop_plle2_adv_CLKIN1_CLKOUT1)
                                                     -2.546    -1.632 r  pll/pll/CLKOUT1
                         net (fo=1, routed)           0.544    -1.088    pll_dac_clk_1x
    BUFGCTRL_X0Y3        BUFG (Prop_bufg_I_O)         0.029    -1.059 r  bufg_dac_clk_1x/O
                         net (fo=45, routed)          0.853    -0.206    dac_clk_1x
    OLOGIC_X0Y91         ODDR                                         r  oddr_dac_dat[12]/C
                         clock pessimism              0.189    -0.017    
    OLOGIC_X0Y91         ODDR (Hold_oddr_C_R)         0.476     0.459    oddr_dac_dat[12]
  -------------------------------------------------------------------
                         required time                         -0.459    
                         arrival time                           0.708    
  -------------------------------------------------------------------
                         slack                                  0.249    

Slack (MET) :             0.252ns  (arrival time - required time)
  Source:                 dac_rst_reg/C
                            (rising edge-triggered cell FDRE clocked by pll_dac_clk_1x  {rise@0.000ns fall@4.000ns period=8.000ns})
  Destination:            oddr_dac_dat[6]/R
                            (rising edge-triggered cell ODDR clocked by pll_dac_clk_1x  {rise@0.000ns fall@4.000ns period=8.000ns})
  Path Group:             pll_dac_clk_1x
  Path Type:              Hold (Min at Fast Process Corner)
  Requirement:            0.000ns  (pll_dac_clk_1x rise@0.000ns - pll_dac_clk_1x rise@0.000ns)
  Data Path Delay:        0.986ns  (logic 0.141ns (14.298%)  route 0.845ns (85.702%))
  Logic Levels:           0  
  Clock Path Skew:        0.258ns (DCD - SCD - CPR)
    Destination Clock Delay (DCD):    -0.208ns
    Source Clock Delay      (SCD):    -0.277ns
    Clock Pessimism Removal (CPR):    -0.189ns

    Location             Delay type                Incr(ns)  Path(ns)    Netlist Resource(s)
  -------------------------------------------------------------------    -------------------
                         (clock pll_dac_clk_1x rise edge)
                                                      0.000     0.000 r  
    U18                                               0.000     0.000 r  adc_clk_p_i (IN)
                         net (fo=0)                   0.000     0.000    adc_clk_p_i
    U18                  IBUFDS (Prop_ibufds_I_O)     0.401     0.401 r  i_clk/O
                         net (fo=1, routed)           0.440     0.842    pll/adc_clk_in
    PLLE2_ADV_X0Y0       PLLE2_ADV (Prop_plle2_adv_CLKIN1_CLKOUT1)
                                                     -2.234    -1.393 r  pll/pll/CLKOUT1
                         net (fo=1, routed)           0.497    -0.896    pll_dac_clk_1x
    BUFGCTRL_X0Y3        BUFG (Prop_bufg_I_O)         0.026    -0.870 r  bufg_dac_clk_1x/O
                         net (fo=45, routed)          0.593    -0.277    dac_clk_1x
    SLICE_X43Y48         FDRE                                         r  dac_rst_reg/C
  -------------------------------------------------------------------    -------------------
    SLICE_X43Y48         FDRE (Prop_fdre_C_Q)         0.141    -0.136 r  dac_rst_reg/Q
                         net (fo=17, routed)          0.845     0.709    dac_rst
    OLOGIC_X0Y66         ODDR                                         r  oddr_dac_dat[6]/R
  -------------------------------------------------------------------    -------------------

                         (clock pll_dac_clk_1x rise edge)
                                                      0.000     0.000 r  
    U18                                               0.000     0.000 r  adc_clk_p_i (IN)
                         net (fo=0)                   0.000     0.000    adc_clk_p_i
    U18                  IBUFDS (Prop_ibufds_I_O)     0.433     0.433 r  i_clk/O
                         net (fo=1, routed)           0.481     0.914    pll/adc_clk_in
    PLLE2_ADV_X0Y0       PLLE2_ADV (Prop_plle2_adv_CLKIN1_CLKOUT1)
                                                     -2.546    -1.632 r  pll/pll/CLKOUT1
                         net (fo=1, routed)           0.544    -1.088    pll_dac_clk_1x
    BUFGCTRL_X0Y3        BUFG (Prop_bufg_I_O)         0.029    -1.059 r  bufg_dac_clk_1x/O
                         net (fo=45, routed)          0.851    -0.208    dac_clk_1x
    OLOGIC_X0Y66         ODDR                                         r  oddr_dac_dat[6]/C
                         clock pessimism              0.189    -0.019    
    OLOGIC_X0Y66         ODDR (Hold_oddr_C_R)         0.476     0.457    oddr_dac_dat[6]
  -------------------------------------------------------------------
                         required time                         -0.457    
                         arrival time                           0.709    
  -------------------------------------------------------------------
                         slack                                  0.252    

Slack (MET) :             0.252ns  (arrival time - required time)
  Source:                 dac_rst_reg/C
                            (rising edge-triggered cell FDRE clocked by pll_dac_clk_1x  {rise@0.000ns fall@4.000ns period=8.000ns})
  Destination:            oddr_dac_dat[7]/R
                            (rising edge-triggered cell ODDR clocked by pll_dac_clk_1x  {rise@0.000ns fall@4.000ns period=8.000ns})
  Path Group:             pll_dac_clk_1x
  Path Type:              Hold (Min at Fast Process Corner)
  Requirement:            0.000ns  (pll_dac_clk_1x rise@0.000ns - pll_dac_clk_1x rise@0.000ns)
  Data Path Delay:        0.987ns  (logic 0.141ns (14.287%)  route 0.846ns (85.713%))
  Logic Levels:           0  
  Clock Path Skew:        0.258ns (DCD - SCD - CPR)
    Destination Clock Delay (DCD):    -0.208ns
    Source Clock Delay      (SCD):    -0.277ns
    Clock Pessimism Removal (CPR):    -0.189ns

    Location             Delay type                Incr(ns)  Path(ns)    Netlist Resource(s)
  -------------------------------------------------------------------    -------------------
                         (clock pll_dac_clk_1x rise edge)
                                                      0.000     0.000 r  
    U18                                               0.000     0.000 r  adc_clk_p_i (IN)
                         net (fo=0)                   0.000     0.000    adc_clk_p_i
    U18                  IBUFDS (Prop_ibufds_I_O)     0.401     0.401 r  i_clk/O
                         net (fo=1, routed)           0.440     0.842    pll/adc_clk_in
    PLLE2_ADV_X0Y0       PLLE2_ADV (Prop_plle2_adv_CLKIN1_CLKOUT1)
                                                     -2.234    -1.393 r  pll/pll/CLKOUT1
                         net (fo=1, routed)           0.497    -0.896    pll_dac_clk_1x
    BUFGCTRL_X0Y3        BUFG (Prop_bufg_I_O)         0.026    -0.870 r  bufg_dac_clk_1x/O
                         net (fo=45, routed)          0.593    -0.277    dac_clk_1x
    SLICE_X43Y48         FDRE                                         r  dac_rst_reg/C
  -------------------------------------------------------------------    -------------------
    SLICE_X43Y48         FDRE (Prop_fdre_C_Q)         0.141    -0.136 r  dac_rst_reg/Q
                         net (fo=17, routed)          0.846     0.710    dac_rst
    OLOGIC_X0Y65         ODDR                                         r  oddr_dac_dat[7]/R
  -------------------------------------------------------------------    -------------------

                         (clock pll_dac_clk_1x rise edge)
                                                      0.000     0.000 r  
    U18                                               0.000     0.000 r  adc_clk_p_i (IN)
                         net (fo=0)                   0.000     0.000    adc_clk_p_i
    U18                  IBUFDS (Prop_ibufds_I_O)     0.433     0.433 r  i_clk/O
                         net (fo=1, routed)           0.481     0.914    pll/adc_clk_in
    PLLE2_ADV_X0Y0       PLLE2_ADV (Prop_plle2_adv_CLKIN1_CLKOUT1)
                                                     -2.546    -1.632 r  pll/pll/CLKOUT1
                         net (fo=1, routed)           0.544    -1.088    pll_dac_clk_1x
    BUFGCTRL_X0Y3        BUFG (Prop_bufg_I_O)         0.029    -1.059 r  bufg_dac_clk_1x/O
                         net (fo=45, routed)          0.851    -0.208    dac_clk_1x
    OLOGIC_X0Y65         ODDR                                         r  oddr_dac_dat[7]/C
                         clock pessimism              0.189    -0.019    
    OLOGIC_X0Y65         ODDR (Hold_oddr_C_R)         0.476     0.457    oddr_dac_dat[7]
  -------------------------------------------------------------------
                         required time                         -0.457    
                         arrival time                           0.710    
  -------------------------------------------------------------------
                         slack                                  0.252    

Slack (MET) :             0.253ns  (arrival time - required time)
  Source:                 dac_rst_reg/C
                            (rising edge-triggered cell FDRE clocked by pll_dac_clk_1x  {rise@0.000ns fall@4.000ns period=8.000ns})
  Destination:            oddr_dac_dat[13]/R
                            (rising edge-triggered cell ODDR clocked by pll_dac_clk_1x  {rise@0.000ns fall@4.000ns period=8.000ns})
  Path Group:             pll_dac_clk_1x
  Path Type:              Hold (Min at Fast Process Corner)
  Requirement:            0.000ns  (pll_dac_clk_1x rise@0.000ns - pll_dac_clk_1x rise@0.000ns)
  Data Path Delay:        0.990ns  (logic 0.141ns (14.249%)  route 0.849ns (85.751%))
  Logic Levels:           0  
  Clock Path Skew:        0.260ns (DCD - SCD - CPR)
    Destination Clock Delay (DCD):    -0.206ns
    Source Clock Delay      (SCD):    -0.277ns
    Clock Pessimism Removal (CPR):    -0.189ns

    Location             Delay type                Incr(ns)  Path(ns)    Netlist Resource(s)
  -------------------------------------------------------------------    -------------------
                         (clock pll_dac_clk_1x rise edge)
                                                      0.000     0.000 r  
    U18                                               0.000     0.000 r  adc_clk_p_i (IN)
                         net (fo=0)                   0.000     0.000    adc_clk_p_i
    U18                  IBUFDS (Prop_ibufds_I_O)     0.401     0.401 r  i_clk/O
                         net (fo=1, routed)           0.440     0.842    pll/adc_clk_in
    PLLE2_ADV_X0Y0       PLLE2_ADV (Prop_plle2_adv_CLKIN1_CLKOUT1)
                                                     -2.234    -1.393 r  pll/pll/CLKOUT1
                         net (fo=1, routed)           0.497    -0.896    pll_dac_clk_1x
    BUFGCTRL_X0Y3        BUFG (Prop_bufg_I_O)         0.026    -0.870 r  bufg_dac_clk_1x/O
                         net (fo=45, routed)          0.593    -0.277    dac_clk_1x
    SLICE_X43Y48         FDRE                                         r  dac_rst_reg/C
  -------------------------------------------------------------------    -------------------
    SLICE_X43Y48         FDRE (Prop_fdre_C_Q)         0.141    -0.136 r  dac_rst_reg/Q
                         net (fo=17, routed)          0.849     0.712    dac_rst
    OLOGIC_X0Y92         ODDR                                         r  oddr_dac_dat[13]/R
  -------------------------------------------------------------------    -------------------

                         (clock pll_dac_clk_1x rise edge)
                                                      0.000     0.000 r  
    U18                                               0.000     0.000 r  adc_clk_p_i (IN)
                         net (fo=0)                   0.000     0.000    adc_clk_p_i
    U18                  IBUFDS (Prop_ibufds_I_O)     0.433     0.433 r  i_clk/O
                         net (fo=1, routed)           0.481     0.914    pll/adc_clk_in
    PLLE2_ADV_X0Y0       PLLE2_ADV (Prop_plle2_adv_CLKIN1_CLKOUT1)
                                                     -2.546    -1.632 r  pll/pll/CLKOUT1
                         net (fo=1, routed)           0.544    -1.088    pll_dac_clk_1x
    BUFGCTRL_X0Y3        BUFG (Prop_bufg_I_O)         0.029    -1.059 r  bufg_dac_clk_1x/O
                         net (fo=45, routed)          0.853    -0.206    dac_clk_1x
    OLOGIC_X0Y92         ODDR                                         r  oddr_dac_dat[13]/C
                         clock pessimism              0.189    -0.017    
    OLOGIC_X0Y92         ODDR (Hold_oddr_C_R)         0.476     0.459    oddr_dac_dat[13]
  -------------------------------------------------------------------
                         required time                         -0.459    
                         arrival time                           0.712    
  -------------------------------------------------------------------
                         slack                                  0.253    

Slack (MET) :             0.255ns  (arrival time - required time)
  Source:                 dac_rst_reg/C
                            (rising edge-triggered cell FDRE clocked by pll_dac_clk_1x  {rise@0.000ns fall@4.000ns period=8.000ns})
  Destination:            oddr_dac_dat[11]/R
                            (rising edge-triggered cell ODDR clocked by pll_dac_clk_1x  {rise@0.000ns fall@4.000ns period=8.000ns})
  Path Group:             pll_dac_clk_1x
  Path Type:              Hold (Min at Fast Process Corner)
  Requirement:            0.000ns  (pll_dac_clk_1x rise@0.000ns - pll_dac_clk_1x rise@0.000ns)
  Data Path Delay:        0.986ns  (logic 0.141ns (14.307%)  route 0.845ns (85.693%))
  Logic Levels:           0  
  Clock Path Skew:        0.254ns (DCD - SCD - CPR)
    Destination Clock Delay (DCD):    -0.212ns
    Source Clock Delay      (SCD):    -0.277ns
    Clock Pessimism Removal (CPR):    -0.189ns

    Location             Delay type                Incr(ns)  Path(ns)    Netlist Resource(s)
  -------------------------------------------------------------------    -------------------
                         (clock pll_dac_clk_1x rise edge)
                                                      0.000     0.000 r  
    U18                                               0.000     0.000 r  adc_clk_p_i (IN)
                         net (fo=0)                   0.000     0.000    adc_clk_p_i
    U18                  IBUFDS (Prop_ibufds_I_O)     0.401     0.401 r  i_clk/O
                         net (fo=1, routed)           0.440     0.842    pll/adc_clk_in
    PLLE2_ADV_X0Y0       PLLE2_ADV (Prop_plle2_adv_CLKIN1_CLKOUT1)
                                                     -2.234    -1.393 r  pll/pll/CLKOUT1
                         net (fo=1, routed)           0.497    -0.896    pll_dac_clk_1x
    BUFGCTRL_X0Y3        BUFG (Prop_bufg_I_O)         0.026    -0.870 r  bufg_dac_clk_1x/O
                         net (fo=45, routed)          0.593    -0.277    dac_clk_1x
    SLICE_X43Y48         FDRE                                         r  dac_rst_reg/C
  -------------------------------------------------------------------    -------------------
    SLICE_X43Y48         FDRE (Prop_fdre_C_Q)         0.141    -0.136 r  dac_rst_reg/Q
                         net (fo=17, routed)          0.845     0.708    dac_rst
    OLOGIC_X0Y69         ODDR                                         r  oddr_dac_dat[11]/R
  -------------------------------------------------------------------    -------------------

                         (clock pll_dac_clk_1x rise edge)
                                                      0.000     0.000 r  
    U18                                               0.000     0.000 r  adc_clk_p_i (IN)
                         net (fo=0)                   0.000     0.000    adc_clk_p_i
    U18                  IBUFDS (Prop_ibufds_I_O)     0.433     0.433 r  i_clk/O
                         net (fo=1, routed)           0.481     0.914    pll/adc_clk_in
    PLLE2_ADV_X0Y0       PLLE2_ADV (Prop_plle2_adv_CLKIN1_CLKOUT1)
                                                     -2.546    -1.632 r  pll/pll/CLKOUT1
                         net (fo=1, routed)           0.544    -1.088    pll_dac_clk_1x
    BUFGCTRL_X0Y3        BUFG (Prop_bufg_I_O)         0.029    -1.059 r  bufg_dac_clk_1x/O
                         net (fo=45, routed)          0.847    -0.212    dac_clk_1x
    OLOGIC_X0Y69         ODDR                                         r  oddr_dac_dat[11]/C
                         clock pessimism              0.189    -0.023    
    OLOGIC_X0Y69         ODDR (Hold_oddr_C_R)         0.476     0.453    oddr_dac_dat[11]
  -------------------------------------------------------------------
                         required time                         -0.453    
                         arrival time                           0.708    
  -------------------------------------------------------------------
                         slack                                  0.255    

Slack (MET) :             0.266ns  (arrival time - required time)
  Source:                 dac_rst_reg/C
                            (rising edge-triggered cell FDRE clocked by pll_dac_clk_1x  {rise@0.000ns fall@4.000ns period=8.000ns})
  Destination:            oddr_dac_dat[4]/R
                            (rising edge-triggered cell ODDR clocked by pll_dac_clk_1x  {rise@0.000ns fall@4.000ns period=8.000ns})
  Path Group:             pll_dac_clk_1x
  Path Type:              Hold (Min at Fast Process Corner)
  Requirement:            0.000ns  (pll_dac_clk_1x rise@0.000ns - pll_dac_clk_1x rise@0.000ns)
  Data Path Delay:        0.996ns  (logic 0.141ns (14.154%)  route 0.855ns (85.846%))
  Logic Levels:           0  
  Clock Path Skew:        0.254ns (DCD - SCD - CPR)
    Destination Clock Delay (DCD):    -0.212ns
    Source Clock Delay      (SCD):    -0.277ns
    Clock Pessimism Removal (CPR):    -0.189ns

    Location             Delay type                Incr(ns)  Path(ns)    Netlist Resource(s)
  -------------------------------------------------------------------    -------------------
                         (clock pll_dac_clk_1x rise edge)
                                                      0.000     0.000 r  
    U18                                               0.000     0.000 r  adc_clk_p_i (IN)
                         net (fo=0)                   0.000     0.000    adc_clk_p_i
    U18                  IBUFDS (Prop_ibufds_I_O)     0.401     0.401 r  i_clk/O
                         net (fo=1, routed)           0.440     0.842    pll/adc_clk_in
    PLLE2_ADV_X0Y0       PLLE2_ADV (Prop_plle2_adv_CLKIN1_CLKOUT1)
                                                     -2.234    -1.393 r  pll/pll/CLKOUT1
                         net (fo=1, routed)           0.497    -0.896    pll_dac_clk_1x
    BUFGCTRL_X0Y3        BUFG (Prop_bufg_I_O)         0.026    -0.870 r  bufg_dac_clk_1x/O
                         net (fo=45, routed)          0.593    -0.277    dac_clk_1x
    SLICE_X43Y48         FDRE                                         r  dac_rst_reg/C
  -------------------------------------------------------------------    -------------------
    SLICE_X43Y48         FDRE (Prop_fdre_C_Q)         0.141    -0.136 r  dac_rst_reg/Q
                         net (fo=17, routed)          0.855     0.719    dac_rst
    OLOGIC_X0Y80         ODDR                                         r  oddr_dac_dat[4]/R
  -------------------------------------------------------------------    -------------------

                         (clock pll_dac_clk_1x rise edge)
                                                      0.000     0.000 r  
    U18                                               0.000     0.000 r  adc_clk_p_i (IN)
                         net (fo=0)                   0.000     0.000    adc_clk_p_i
    U18                  IBUFDS (Prop_ibufds_I_O)     0.433     0.433 r  i_clk/O
                         net (fo=1, routed)           0.481     0.914    pll/adc_clk_in
    PLLE2_ADV_X0Y0       PLLE2_ADV (Prop_plle2_adv_CLKIN1_CLKOUT1)
                                                     -2.546    -1.632 r  pll/pll/CLKOUT1
                         net (fo=1, routed)           0.544    -1.088    pll_dac_clk_1x
    BUFGCTRL_X0Y3        BUFG (Prop_bufg_I_O)         0.029    -1.059 r  bufg_dac_clk_1x/O
                         net (fo=45, routed)          0.847    -0.212    dac_clk_1x
    OLOGIC_X0Y80         ODDR                                         r  oddr_dac_dat[4]/C
                         clock pessimism              0.189    -0.023    
    OLOGIC_X0Y80         ODDR (Hold_oddr_C_R)         0.476     0.453    oddr_dac_dat[4]
  -------------------------------------------------------------------
                         required time                         -0.453    
                         arrival time                           0.719    
  -------------------------------------------------------------------
                         slack                                  0.266    





Pulse Width Checks
--------------------------------------------------------------------------------------
Clock Name:         pll_dac_clk_1x
Waveform(ns):       { 0.000 4.000 }
Period(ns):         8.000
Sources:            { pll/pll/CLKOUT1 }

Check Type        Corner  Lib Pin            Reference Pin  Required(ns)  Actual(ns)  Slack(ns)  Location        Pin
Min Period        n/a     BUFG/I             n/a            2.155         8.000       5.845      BUFGCTRL_X0Y3   bufg_dac_clk_1x/I
Min Period        n/a     ODDR/C             n/a            1.474         8.000       6.526      OLOGIC_X0Y86    oddr_dac_dat[0]/C
Min Period        n/a     ODDR/C             n/a            1.474         8.000       6.526      OLOGIC_X0Y70    oddr_dac_dat[10]/C
Min Period        n/a     ODDR/C             n/a            1.474         8.000       6.526      OLOGIC_X0Y69    oddr_dac_dat[11]/C
Min Period        n/a     ODDR/C             n/a            1.474         8.000       6.526      OLOGIC_X0Y91    oddr_dac_dat[12]/C
Min Period        n/a     ODDR/C             n/a            1.474         8.000       6.526      OLOGIC_X0Y92    oddr_dac_dat[13]/C
Min Period        n/a     ODDR/C             n/a            1.474         8.000       6.526      OLOGIC_X0Y85    oddr_dac_dat[1]/C
Min Period        n/a     ODDR/C             n/a            1.474         8.000       6.526      OLOGIC_X0Y82    oddr_dac_dat[2]/C
Min Period        n/a     ODDR/C             n/a            1.474         8.000       6.526      OLOGIC_X0Y81    oddr_dac_dat[3]/C
Min Period        n/a     ODDR/C             n/a            1.474         8.000       6.526      OLOGIC_X0Y80    oddr_dac_dat[4]/C
Max Period        n/a     PLLE2_ADV/CLKOUT1  n/a            160.000       8.000       152.000    PLLE2_ADV_X0Y0  pll/pll/CLKOUT1
Low Pulse Width   Fast    FDRE/C             n/a            0.500         4.000       3.500      SLICE_X43Y81    dac_dat_a_reg[3]/C
Low Pulse Width   Fast    FDRE/C             n/a            0.500         4.000       3.500      SLICE_X42Y81    dac_dat_a_reg[4]/C
Low Pulse Width   Fast    FDRE/C             n/a            0.500         4.000       3.500      SLICE_X42Y81    dac_dat_a_reg[5]/C
Low Pulse Width   Fast    FDRE/C             n/a            0.500         4.000       3.500      SLICE_X43Y81    dac_dat_b_reg[3]/C
Low Pulse Width   Fast    FDRE/C             n/a            0.500         4.000       3.500      SLICE_X43Y85    dac_dat_a_reg[0]/C
Low Pulse Width   Slow    FDRE/C             n/a            0.500         4.000       3.500      SLICE_X30Y83    dac_dat_a_reg[13]/C
Low Pulse Width   Fast    FDRE/C             n/a            0.500         4.000       3.500      SLICE_X43Y85    dac_dat_a_reg[1]/C
Low Pulse Width   Fast    FDRE/C             n/a            0.500         4.000       3.500      SLICE_X42Y82    dac_dat_a_reg[2]/C
Low Pulse Width   Fast    FDRE/C             n/a            0.500         4.000       3.500      SLICE_X42Y66    dac_dat_a_reg[7]/C
Low Pulse Width   Fast    FDRE/C             n/a            0.500         4.000       3.500      SLICE_X42Y66    dac_dat_a_reg[9]/C
High Pulse Width  Slow    FDRE/C             n/a            0.500         4.000       3.500      SLICE_X43Y85    dac_dat_a_reg[0]/C
High Pulse Width  Slow    FDRE/C             n/a            0.500         4.000       3.500      SLICE_X43Y70    dac_dat_a_reg[10]/C
High Pulse Width  Fast    FDRE/C             n/a            0.500         4.000       3.500      SLICE_X43Y70    dac_dat_a_reg[10]/C
High Pulse Width  Slow    FDRE/C             n/a            0.500         4.000       3.500      SLICE_X40Y71    dac_dat_a_reg[11]/C
High Pulse Width  Fast    FDRE/C             n/a            0.500         4.000       3.500      SLICE_X40Y71    dac_dat_a_reg[11]/C
High Pulse Width  Slow    FDRE/C             n/a            0.500         4.000       3.500      SLICE_X43Y95    dac_dat_a_reg[12]/C
High Pulse Width  Fast    FDRE/C             n/a            0.500         4.000       3.500      SLICE_X43Y95    dac_dat_a_reg[12]/C
High Pulse Width  Fast    FDRE/C             n/a            0.500         4.000       3.500      SLICE_X30Y83    dac_dat_a_reg[13]/C
High Pulse Width  Slow    FDRE/C             n/a            0.500         4.000       3.500      SLICE_X43Y85    dac_dat_a_reg[1]/C
High Pulse Width  Slow    FDRE/C             n/a            0.500         4.000       3.500      SLICE_X42Y82    dac_dat_a_reg[2]/C



---------------------------------------------------------------------------------------------------
From Clock:  pll_dac_clk_2p
  To Clock:  pll_dac_clk_2p

Setup :           NA  Failing Endpoints,  Worst Slack           NA  ,  Total Violation           NA
Hold  :           NA  Failing Endpoints,  Worst Slack           NA  ,  Total Violation           NA
PW    :            0  Failing Endpoints,  Worst Slack        1.845ns,  Total Violation        0.000ns
---------------------------------------------------------------------------------------------------


Pulse Width Checks
--------------------------------------------------------------------------------------
Clock Name:         pll_dac_clk_2p
Waveform(ns):       { -0.500 1.500 }
Period(ns):         4.000
Sources:            { pll/pll/CLKOUT3 }

Check Type  Corner  Lib Pin            Reference Pin  Required(ns)  Actual(ns)  Slack(ns)  Location        Pin
Min Period  n/a     BUFG/I             n/a            2.155         4.000       1.845      BUFGCTRL_X0Y5   bufg_dac_clk_2p/I
Min Period  n/a     ODDR/C             n/a            1.474         4.000       2.526      OLOGIC_X0Y83    oddr_dac_clk/C
Min Period  n/a     PLLE2_ADV/CLKOUT3  n/a            1.249         4.000       2.751      PLLE2_ADV_X0Y0  pll/pll/CLKOUT3
Max Period  n/a     PLLE2_ADV/CLKOUT3  n/a            160.000       4.000       156.000    PLLE2_ADV_X0Y0  pll/pll/CLKOUT3



---------------------------------------------------------------------------------------------------
From Clock:  pll_dac_clk_2x
  To Clock:  pll_dac_clk_2x

Setup :           NA  Failing Endpoints,  Worst Slack           NA  ,  Total Violation           NA
Hold  :           NA  Failing Endpoints,  Worst Slack           NA  ,  Total Violation           NA
PW    :            0  Failing Endpoints,  Worst Slack        1.845ns,  Total Violation        0.000ns
---------------------------------------------------------------------------------------------------


Pulse Width Checks
--------------------------------------------------------------------------------------
Clock Name:         pll_dac_clk_2x
Waveform(ns):       { 0.000 2.000 }
Period(ns):         4.000
Sources:            { pll/pll/CLKOUT2 }

Check Type  Corner  Lib Pin            Reference Pin  Required(ns)  Actual(ns)  Slack(ns)  Location        Pin
Min Period  n/a     BUFG/I             n/a            2.155         4.000       1.845      BUFGCTRL_X0Y6   bufg_dac_clk_2x/I
Min Period  n/a     ODDR/C             n/a            1.474         4.000       2.526      OLOGIC_X0Y84    oddr_dac_wrt/C
Min Period  n/a     PLLE2_ADV/CLKOUT2  n/a            1.249         4.000       2.751      PLLE2_ADV_X0Y0  pll/pll/CLKOUT2
Max Period  n/a     PLLE2_ADV/CLKOUT2  n/a            160.000       4.000       156.000    PLLE2_ADV_X0Y0  pll/pll/CLKOUT2



---------------------------------------------------------------------------------------------------
From Clock:  clk_fpga_3
  To Clock:  clk_fpga_3

Setup :            0  Failing Endpoints,  Worst Slack        1.968ns,  Total Violation        0.000ns
Hold  :            0  Failing Endpoints,  Worst Slack        0.067ns,  Total Violation        0.000ns
PW    :            0  Failing Endpoints,  Worst Slack        4.020ns,  Total Violation        0.000ns
---------------------------------------------------------------------------------------------------


Max Delay Paths
--------------------------------------------------------------------------------------
Slack (MET) :             1.968ns  (required time - arrival time)
  Source:                 i_ps/system_i/system_i/processing_system7_0/inst/PS7_i/MAXIGP1ACLK
                            (rising edge-triggered cell PS7 clocked by clk_fpga_3  {rise@0.000ns fall@5.000ns period=10.000ns})
  Destination:            i_ps/system_i/system_i/xadc_wiz_0/inst/INTR_CTRLR_GEN_I.INTERRUPT_CONTROL_I/GEN_IP_IRPT_STATUS_REG[2].GEN_REG_STATUS.ip_irpt_status_reg_reg[2]/D
                            (rising edge-triggered cell FDRE clocked by clk_fpga_3  {rise@0.000ns fall@5.000ns period=10.000ns})
  Path Group:             clk_fpga_3
  Path Type:              Setup (Max at Slow Process Corner)
  Requirement:            10.000ns  (clk_fpga_3 rise@10.000ns - clk_fpga_3 rise@0.000ns)
  Data Path Delay:        7.804ns  (logic 1.772ns (22.706%)  route 6.032ns (77.294%))
  Logic Levels:           3  (LUT2=1 LUT4=1 LUT5=1)
  Clock Path Skew:        -0.103ns (DCD - SCD + CPR)
    Destination Clock Delay (DCD):    2.729ns = ( 12.729 - 10.000 ) 
    Source Clock Delay      (SCD):    3.062ns
    Clock Pessimism Removal (CPR):    0.230ns
  Clock Uncertainty:      0.154ns  ((TSJ^2 + TIJ^2)^1/2 + DJ) / 2 + PE
    Total System Jitter     (TSJ):    0.071ns
    Total Input Jitter      (TIJ):    0.300ns
    Discrete Jitter          (DJ):    0.000ns
    Phase Error              (PE):    0.000ns

    Location             Delay type                Incr(ns)  Path(ns)    Netlist Resource(s)
  -------------------------------------------------------------------    -------------------
                         (clock clk_fpga_3 rise edge)
                                                      0.000     0.000 r  
    PS7_X0Y0             PS7                          0.000     0.000 r  i_ps/system_i/system_i/processing_system7_0/inst/PS7_i/FCLKCLK[3]
                         net (fo=1, routed)           1.207     1.207    i_ps/system_i/system_i/processing_system7_0/inst/FCLK_CLK_unbuffered[3]
    BUFGCTRL_X0Y2        BUFG (Prop_bufg_I_O)         0.101     1.308 r  i_ps/system_i/system_i/processing_system7_0/inst/buffer_fclk_clk_3.FCLK_CLK_3_BUFG/O
                         net (fo=769, routed)         1.754     3.062    i_ps/system_i/system_i/processing_system7_0/inst/M_AXI_GP1_ACLK
    PS7_X0Y0             PS7                                          r  i_ps/system_i/system_i/processing_system7_0/inst/PS7_i/MAXIGP1ACLK
  -------------------------------------------------------------------    -------------------
    PS7_X0Y0             PS7 (Prop_ps7_MAXIGP1ACLK_MAXIGP1WSTRB[3])
                                                      1.400     4.462 r  i_ps/system_i/system_i/processing_system7_0/inst/PS7_i/MAXIGP1WSTRB[3]
                         net (fo=8, routed)           2.191     6.653    i_ps/system_i/system_i/xadc_wiz_0/inst/INTR_CTRLR_GEN_I.INTERRUPT_CONTROL_I/s_axi_wstrb[0]
    SLICE_X13Y39         LUT2 (Prop_lut2_I1_O)        0.124     6.777 r  i_ps/system_i/system_i/xadc_wiz_0/inst/INTR_CTRLR_GEN_I.INTERRUPT_CONTROL_I/INTR_CTRLR_GEN_I.ip2bus_data_int[0]_i_2/O
                         net (fo=4, routed)           0.836     7.612    i_ps/system_i/system_i/xadc_wiz_0/inst/AXI_LITE_IPIF_I/I_SLAVE_ATTACHMENT/I_DECODER/bus2ip_be[0]
    SLICE_X17Y39         LUT4 (Prop_lut4_I2_O)        0.124     7.736 r  i_ps/system_i/system_i/xadc_wiz_0/inst/AXI_LITE_IPIF_I/I_SLAVE_ATTACHMENT/I_DECODER/GEN_IP_IRPT_STATUS_REG[0].GEN_REG_STATUS.ip_irpt_status_reg[0]_i_2/O
                         net (fo=17, routed)          3.006    10.742    i_ps/system_i/system_i/xadc_wiz_0/inst/INTR_CTRLR_GEN_I.INTERRUPT_CONTROL_I/p_48_out__0
    SLICE_X1Y94          LUT5 (Prop_lut5_I0_O)        0.124    10.866 r  i_ps/system_i/system_i/xadc_wiz_0/inst/INTR_CTRLR_GEN_I.INTERRUPT_CONTROL_I/GEN_IP_IRPT_STATUS_REG[2].GEN_REG_STATUS.ip_irpt_status_reg[2]_i_1/O
                         net (fo=1, routed)           0.000    10.866    i_ps/system_i/system_i/xadc_wiz_0/inst/INTR_CTRLR_GEN_I.INTERRUPT_CONTROL_I/GEN_IP_IRPT_STATUS_REG[2].GEN_REG_STATUS.ip_irpt_status_reg[2]_i_1_n_0
    SLICE_X1Y94          FDRE                                         r  i_ps/system_i/system_i/xadc_wiz_0/inst/INTR_CTRLR_GEN_I.INTERRUPT_CONTROL_I/GEN_IP_IRPT_STATUS_REG[2].GEN_REG_STATUS.ip_irpt_status_reg_reg[2]/D
  -------------------------------------------------------------------    -------------------

                         (clock clk_fpga_3 rise edge)
                                                     10.000    10.000 r  
    PS7_X0Y0             PS7                          0.000    10.000 r  i_ps/system_i/system_i/processing_system7_0/inst/PS7_i/FCLKCLK[3]
                         net (fo=1, routed)           1.101    11.101    i_ps/system_i/system_i/processing_system7_0/inst/FCLK_CLK_unbuffered[3]
    BUFGCTRL_X0Y2        BUFG (Prop_bufg_I_O)         0.091    11.192 r  i_ps/system_i/system_i/processing_system7_0/inst/buffer_fclk_clk_3.FCLK_CLK_3_BUFG/O
                         net (fo=769, routed)         1.537    12.729    i_ps/system_i/system_i/xadc_wiz_0/inst/INTR_CTRLR_GEN_I.INTERRUPT_CONTROL_I/s_axi_aclk
    SLICE_X1Y94          FDRE                                         r  i_ps/system_i/system_i/xadc_wiz_0/inst/INTR_CTRLR_GEN_I.INTERRUPT_CONTROL_I/GEN_IP_IRPT_STATUS_REG[2].GEN_REG_STATUS.ip_irpt_status_reg_reg[2]/C
                         clock pessimism              0.230    12.959    
                         clock uncertainty           -0.154    12.805    
    SLICE_X1Y94          FDRE (Setup_fdre_C_D)        0.029    12.834    i_ps/system_i/system_i/xadc_wiz_0/inst/INTR_CTRLR_GEN_I.INTERRUPT_CONTROL_I/GEN_IP_IRPT_STATUS_REG[2].GEN_REG_STATUS.ip_irpt_status_reg_reg[2]
  -------------------------------------------------------------------
                         required time                         12.834    
                         arrival time                         -10.866    
  -------------------------------------------------------------------
                         slack                                  1.968    

Slack (MET) :             2.174ns  (required time - arrival time)
  Source:                 i_ps/system_i/system_i/processing_system7_0/inst/PS7_i/MAXIGP1ACLK
                            (rising edge-triggered cell PS7 clocked by clk_fpga_3  {rise@0.000ns fall@5.000ns period=10.000ns})
  Destination:            i_ps/system_i/system_i/xadc_wiz_0/inst/INTR_CTRLR_GEN_I.INTERRUPT_CONTROL_I/GEN_IP_IRPT_STATUS_REG[6].GEN_REG_STATUS.ip_irpt_status_reg_reg[6]/D
                            (rising edge-triggered cell FDRE clocked by clk_fpga_3  {rise@0.000ns fall@5.000ns period=10.000ns})
  Path Group:             clk_fpga_3
  Path Type:              Setup (Max at Slow Process Corner)
  Requirement:            10.000ns  (clk_fpga_3 rise@10.000ns - clk_fpga_3 rise@0.000ns)
  Data Path Delay:        7.623ns  (logic 1.772ns (23.244%)  route 5.851ns (76.756%))
  Logic Levels:           3  (LUT2=1 LUT4=1 LUT5=1)
  Clock Path Skew:        -0.081ns (DCD - SCD + CPR)
    Destination Clock Delay (DCD):    2.715ns = ( 12.715 - 10.000 ) 
    Source Clock Delay      (SCD):    3.062ns
    Clock Pessimism Removal (CPR):    0.266ns
  Clock Uncertainty:      0.154ns  ((TSJ^2 + TIJ^2)^1/2 + DJ) / 2 + PE
    Total System Jitter     (TSJ):    0.071ns
    Total Input Jitter      (TIJ):    0.300ns
    Discrete Jitter          (DJ):    0.000ns
    Phase Error              (PE):    0.000ns

    Location             Delay type                Incr(ns)  Path(ns)    Netlist Resource(s)
  -------------------------------------------------------------------    -------------------
                         (clock clk_fpga_3 rise edge)
                                                      0.000     0.000 r  
    PS7_X0Y0             PS7                          0.000     0.000 r  i_ps/system_i/system_i/processing_system7_0/inst/PS7_i/FCLKCLK[3]
                         net (fo=1, routed)           1.207     1.207    i_ps/system_i/system_i/processing_system7_0/inst/FCLK_CLK_unbuffered[3]
    BUFGCTRL_X0Y2        BUFG (Prop_bufg_I_O)         0.101     1.308 r  i_ps/system_i/system_i/processing_system7_0/inst/buffer_fclk_clk_3.FCLK_CLK_3_BUFG/O
                         net (fo=769, routed)         1.754     3.062    i_ps/system_i/system_i/processing_system7_0/inst/M_AXI_GP1_ACLK
    PS7_X0Y0             PS7                                          r  i_ps/system_i/system_i/processing_system7_0/inst/PS7_i/MAXIGP1ACLK
  -------------------------------------------------------------------    -------------------
    PS7_X0Y0             PS7 (Prop_ps7_MAXIGP1ACLK_MAXIGP1WSTRB[3])
                                                      1.400     4.462 r  i_ps/system_i/system_i/processing_system7_0/inst/PS7_i/MAXIGP1WSTRB[3]
                         net (fo=8, routed)           2.191     6.653    i_ps/system_i/system_i/xadc_wiz_0/inst/INTR_CTRLR_GEN_I.INTERRUPT_CONTROL_I/s_axi_wstrb[0]
    SLICE_X13Y39         LUT2 (Prop_lut2_I1_O)        0.124     6.777 r  i_ps/system_i/system_i/xadc_wiz_0/inst/INTR_CTRLR_GEN_I.INTERRUPT_CONTROL_I/INTR_CTRLR_GEN_I.ip2bus_data_int[0]_i_2/O
                         net (fo=4, routed)           0.836     7.612    i_ps/system_i/system_i/xadc_wiz_0/inst/AXI_LITE_IPIF_I/I_SLAVE_ATTACHMENT/I_DECODER/bus2ip_be[0]
    SLICE_X17Y39         LUT4 (Prop_lut4_I2_O)        0.124     7.736 r  i_ps/system_i/system_i/xadc_wiz_0/inst/AXI_LITE_IPIF_I/I_SLAVE_ATTACHMENT/I_DECODER/GEN_IP_IRPT_STATUS_REG[0].GEN_REG_STATUS.ip_irpt_status_reg[0]_i_2/O
                         net (fo=17, routed)          2.825    10.561    i_ps/system_i/system_i/xadc_wiz_0/inst/INTR_CTRLR_GEN_I.INTERRUPT_CONTROL_I/p_48_out__0
    SLICE_X1Y72          LUT5 (Prop_lut5_I0_O)        0.124    10.685 r  i_ps/system_i/system_i/xadc_wiz_0/inst/INTR_CTRLR_GEN_I.INTERRUPT_CONTROL_I/GEN_IP_IRPT_STATUS_REG[6].GEN_REG_STATUS.ip_irpt_status_reg[6]_i_1/O
                         net (fo=1, routed)           0.000    10.685    i_ps/system_i/system_i/xadc_wiz_0/inst/INTR_CTRLR_GEN_I.INTERRUPT_CONTROL_I/GEN_IP_IRPT_STATUS_REG[6].GEN_REG_STATUS.ip_irpt_status_reg[6]_i_1_n_0
    SLICE_X1Y72          FDRE                                         r  i_ps/system_i/system_i/xadc_wiz_0/inst/INTR_CTRLR_GEN_I.INTERRUPT_CONTROL_I/GEN_IP_IRPT_STATUS_REG[6].GEN_REG_STATUS.ip_irpt_status_reg_reg[6]/D
  -------------------------------------------------------------------    -------------------

                         (clock clk_fpga_3 rise edge)
                                                     10.000    10.000 r  
    PS7_X0Y0             PS7                          0.000    10.000 r  i_ps/system_i/system_i/processing_system7_0/inst/PS7_i/FCLKCLK[3]
                         net (fo=1, routed)           1.101    11.101    i_ps/system_i/system_i/processing_system7_0/inst/FCLK_CLK_unbuffered[3]
    BUFGCTRL_X0Y2        BUFG (Prop_bufg_I_O)         0.091    11.192 r  i_ps/system_i/system_i/processing_system7_0/inst/buffer_fclk_clk_3.FCLK_CLK_3_BUFG/O
                         net (fo=769, routed)         1.523    12.715    i_ps/system_i/system_i/xadc_wiz_0/inst/INTR_CTRLR_GEN_I.INTERRUPT_CONTROL_I/s_axi_aclk
    SLICE_X1Y72          FDRE                                         r  i_ps/system_i/system_i/xadc_wiz_0/inst/INTR_CTRLR_GEN_I.INTERRUPT_CONTROL_I/GEN_IP_IRPT_STATUS_REG[6].GEN_REG_STATUS.ip_irpt_status_reg_reg[6]/C
                         clock pessimism              0.266    12.981    
                         clock uncertainty           -0.154    12.827    
    SLICE_X1Y72          FDRE (Setup_fdre_C_D)        0.032    12.859    i_ps/system_i/system_i/xadc_wiz_0/inst/INTR_CTRLR_GEN_I.INTERRUPT_CONTROL_I/GEN_IP_IRPT_STATUS_REG[6].GEN_REG_STATUS.ip_irpt_status_reg_reg[6]
  -------------------------------------------------------------------
                         required time                         12.859    
                         arrival time                         -10.685    
  -------------------------------------------------------------------
                         slack                                  2.174    

Slack (MET) :             2.295ns  (required time - arrival time)
  Source:                 i_ps/system_i/system_i/processing_system7_0/inst/PS7_i/MAXIGP1ACLK
                            (rising edge-triggered cell PS7 clocked by clk_fpga_3  {rise@0.000ns fall@5.000ns period=10.000ns})
  Destination:            i_ps/system_i/system_i/xadc_wiz_0/inst/INTR_CTRLR_GEN_I.INTERRUPT_CONTROL_I/GEN_IP_IRPT_STATUS_REG[4].GEN_REG_STATUS.ip_irpt_status_reg_reg[4]/D
                            (rising edge-triggered cell FDRE clocked by clk_fpga_3  {rise@0.000ns fall@5.000ns period=10.000ns})
  Path Group:             clk_fpga_3
  Path Type:              Setup (Max at Slow Process Corner)
  Requirement:            10.000ns  (clk_fpga_3 rise@10.000ns - clk_fpga_3 rise@0.000ns)
  Data Path Delay:        7.466ns  (logic 1.772ns (23.734%)  route 5.694ns (76.266%))
  Logic Levels:           3  (LUT2=1 LUT4=1 LUT5=1)
  Clock Path Skew:        -0.116ns (DCD - SCD + CPR)
    Destination Clock Delay (DCD):    2.716ns = ( 12.716 - 10.000 ) 
    Source Clock Delay      (SCD):    3.062ns
    Clock Pessimism Removal (CPR):    0.230ns
  Clock Uncertainty:      0.154ns  ((TSJ^2 + TIJ^2)^1/2 + DJ) / 2 + PE
    Total System Jitter     (TSJ):    0.071ns
    Total Input Jitter      (TIJ):    0.300ns
    Discrete Jitter          (DJ):    0.000ns
    Phase Error              (PE):    0.000ns

    Location             Delay type                Incr(ns)  Path(ns)    Netlist Resource(s)
  -------------------------------------------------------------------    -------------------
                         (clock clk_fpga_3 rise edge)
                                                      0.000     0.000 r  
    PS7_X0Y0             PS7                          0.000     0.000 r  i_ps/system_i/system_i/processing_system7_0/inst/PS7_i/FCLKCLK[3]
                         net (fo=1, routed)           1.207     1.207    i_ps/system_i/system_i/processing_system7_0/inst/FCLK_CLK_unbuffered[3]
    BUFGCTRL_X0Y2        BUFG (Prop_bufg_I_O)         0.101     1.308 r  i_ps/system_i/system_i/processing_system7_0/inst/buffer_fclk_clk_3.FCLK_CLK_3_BUFG/O
                         net (fo=769, routed)         1.754     3.062    i_ps/system_i/system_i/processing_system7_0/inst/M_AXI_GP1_ACLK
    PS7_X0Y0             PS7                                          r  i_ps/system_i/system_i/processing_system7_0/inst/PS7_i/MAXIGP1ACLK
  -------------------------------------------------------------------    -------------------
    PS7_X0Y0             PS7 (Prop_ps7_MAXIGP1ACLK_MAXIGP1WSTRB[3])
                                                      1.400     4.462 r  i_ps/system_i/system_i/processing_system7_0/inst/PS7_i/MAXIGP1WSTRB[3]
                         net (fo=8, routed)           2.191     6.653    i_ps/system_i/system_i/xadc_wiz_0/inst/INTR_CTRLR_GEN_I.INTERRUPT_CONTROL_I/s_axi_wstrb[0]
    SLICE_X13Y39         LUT2 (Prop_lut2_I1_O)        0.124     6.777 r  i_ps/system_i/system_i/xadc_wiz_0/inst/INTR_CTRLR_GEN_I.INTERRUPT_CONTROL_I/INTR_CTRLR_GEN_I.ip2bus_data_int[0]_i_2/O
                         net (fo=4, routed)           0.836     7.612    i_ps/system_i/system_i/xadc_wiz_0/inst/AXI_LITE_IPIF_I/I_SLAVE_ATTACHMENT/I_DECODER/bus2ip_be[0]
    SLICE_X17Y39         LUT4 (Prop_lut4_I2_O)        0.124     7.736 r  i_ps/system_i/system_i/xadc_wiz_0/inst/AXI_LITE_IPIF_I/I_SLAVE_ATTACHMENT/I_DECODER/GEN_IP_IRPT_STATUS_REG[0].GEN_REG_STATUS.ip_irpt_status_reg[0]_i_2/O
                         net (fo=17, routed)          2.668    10.404    i_ps/system_i/system_i/xadc_wiz_0/inst/INTR_CTRLR_GEN_I.INTERRUPT_CONTROL_I/p_48_out__0
    SLICE_X2Y74          LUT5 (Prop_lut5_I0_O)        0.124    10.528 r  i_ps/system_i/system_i/xadc_wiz_0/inst/INTR_CTRLR_GEN_I.INTERRUPT_CONTROL_I/GEN_IP_IRPT_STATUS_REG[4].GEN_REG_STATUS.ip_irpt_status_reg[4]_i_1/O
                         net (fo=1, routed)           0.000    10.528    i_ps/system_i/system_i/xadc_wiz_0/inst/INTR_CTRLR_GEN_I.INTERRUPT_CONTROL_I/GEN_IP_IRPT_STATUS_REG[4].GEN_REG_STATUS.ip_irpt_status_reg[4]_i_1_n_0
    SLICE_X2Y74          FDRE                                         r  i_ps/system_i/system_i/xadc_wiz_0/inst/INTR_CTRLR_GEN_I.INTERRUPT_CONTROL_I/GEN_IP_IRPT_STATUS_REG[4].GEN_REG_STATUS.ip_irpt_status_reg_reg[4]/D
  -------------------------------------------------------------------    -------------------

                         (clock clk_fpga_3 rise edge)
                                                     10.000    10.000 r  
    PS7_X0Y0             PS7                          0.000    10.000 r  i_ps/system_i/system_i/processing_system7_0/inst/PS7_i/FCLKCLK[3]
                         net (fo=1, routed)           1.101    11.101    i_ps/system_i/system_i/processing_system7_0/inst/FCLK_CLK_unbuffered[3]
    BUFGCTRL_X0Y2        BUFG (Prop_bufg_I_O)         0.091    11.192 r  i_ps/system_i/system_i/processing_system7_0/inst/buffer_fclk_clk_3.FCLK_CLK_3_BUFG/O
                         net (fo=769, routed)         1.524    12.716    i_ps/system_i/system_i/xadc_wiz_0/inst/INTR_CTRLR_GEN_I.INTERRUPT_CONTROL_I/s_axi_aclk
    SLICE_X2Y74          FDRE                                         r  i_ps/system_i/system_i/xadc_wiz_0/inst/INTR_CTRLR_GEN_I.INTERRUPT_CONTROL_I/GEN_IP_IRPT_STATUS_REG[4].GEN_REG_STATUS.ip_irpt_status_reg_reg[4]/C
                         clock pessimism              0.230    12.946    
                         clock uncertainty           -0.154    12.792    
    SLICE_X2Y74          FDRE (Setup_fdre_C_D)        0.031    12.823    i_ps/system_i/system_i/xadc_wiz_0/inst/INTR_CTRLR_GEN_I.INTERRUPT_CONTROL_I/GEN_IP_IRPT_STATUS_REG[4].GEN_REG_STATUS.ip_irpt_status_reg_reg[4]
  -------------------------------------------------------------------
                         required time                         12.823    
                         arrival time                         -10.528    
  -------------------------------------------------------------------
                         slack                                  2.295    

Slack (MET) :             2.331ns  (required time - arrival time)
  Source:                 i_ps/system_i/system_i/xadc_wiz_0/inst/AXI_LITE_IPIF_I/I_SLAVE_ATTACHMENT/rst_reg/C
                            (rising edge-triggered cell FDRE clocked by clk_fpga_3  {rise@0.000ns fall@5.000ns period=10.000ns})
  Destination:            i_ps/system_i/system_i/xadc_wiz_0/inst/INTR_CTRLR_GEN_I.ip2bus_data_int_reg[15]/R
                            (rising edge-triggered cell FDRE clocked by clk_fpga_3  {rise@0.000ns fall@5.000ns period=10.000ns})
  Path Group:             clk_fpga_3
  Path Type:              Setup (Max at Slow Process Corner)
  Requirement:            10.000ns  (clk_fpga_3 rise@10.000ns - clk_fpga_3 rise@0.000ns)
  Data Path Delay:        6.948ns  (logic 0.642ns (9.240%)  route 6.306ns (90.760%))
  Logic Levels:           1  (LUT2=1)
  Clock Path Skew:        -0.138ns (DCD - SCD + CPR)
    Destination Clock Delay (DCD):    2.727ns = ( 12.727 - 10.000 ) 
    Source Clock Delay      (SCD):    2.981ns
    Clock Pessimism Removal (CPR):    0.116ns
  Clock Uncertainty:      0.154ns  ((TSJ^2 + TIJ^2)^1/2 + DJ) / 2 + PE
    Total System Jitter     (TSJ):    0.071ns
    Total Input Jitter      (TIJ):    0.300ns
    Discrete Jitter          (DJ):    0.000ns
    Phase Error              (PE):    0.000ns

    Location             Delay type                Incr(ns)  Path(ns)    Netlist Resource(s)
  -------------------------------------------------------------------    -------------------
                         (clock clk_fpga_3 rise edge)
                                                      0.000     0.000 r  
    PS7_X0Y0             PS7                          0.000     0.000 r  i_ps/system_i/system_i/processing_system7_0/inst/PS7_i/FCLKCLK[3]
                         net (fo=1, routed)           1.207     1.207    i_ps/system_i/system_i/processing_system7_0/inst/FCLK_CLK_unbuffered[3]
    BUFGCTRL_X0Y2        BUFG (Prop_bufg_I_O)         0.101     1.308 r  i_ps/system_i/system_i/processing_system7_0/inst/buffer_fclk_clk_3.FCLK_CLK_3_BUFG/O
                         net (fo=769, routed)         1.673     2.981    i_ps/system_i/system_i/xadc_wiz_0/inst/AXI_LITE_IPIF_I/I_SLAVE_ATTACHMENT/s_axi_aclk
    SLICE_X12Y33         FDRE                                         r  i_ps/system_i/system_i/xadc_wiz_0/inst/AXI_LITE_IPIF_I/I_SLAVE_ATTACHMENT/rst_reg/C
  -------------------------------------------------------------------    -------------------
    SLICE_X12Y33         FDRE (Prop_fdre_C_Q)         0.518     3.499 r  i_ps/system_i/system_i/xadc_wiz_0/inst/AXI_LITE_IPIF_I/I_SLAVE_ATTACHMENT/rst_reg/Q
                         net (fo=50, routed)          2.086     5.585    i_ps/system_i/system_i/xadc_wiz_0/inst/AXI_LITE_IPIF_I/I_SLAVE_ATTACHMENT/SR[0]
    SLICE_X15Y44         LUT2 (Prop_lut2_I0_O)        0.124     5.709 r  i_ps/system_i/system_i/xadc_wiz_0/inst/AXI_LITE_IPIF_I/I_SLAVE_ATTACHMENT/alarm_reg[8]_i_1/O
                         net (fo=136, routed)         4.220     9.929    i_ps/system_i/system_i/xadc_wiz_0/inst/reset2ip_reset
    SLICE_X1Y59          FDRE                                         r  i_ps/system_i/system_i/xadc_wiz_0/inst/INTR_CTRLR_GEN_I.ip2bus_data_int_reg[15]/R
  -------------------------------------------------------------------    -------------------

                         (clock clk_fpga_3 rise edge)
                                                     10.000    10.000 r  
    PS7_X0Y0             PS7                          0.000    10.000 r  i_ps/system_i/system_i/processing_system7_0/inst/PS7_i/FCLKCLK[3]
                         net (fo=1, routed)           1.101    11.101    i_ps/system_i/system_i/processing_system7_0/inst/FCLK_CLK_unbuffered[3]
    BUFGCTRL_X0Y2        BUFG (Prop_bufg_I_O)         0.091    11.192 r  i_ps/system_i/system_i/processing_system7_0/inst/buffer_fclk_clk_3.FCLK_CLK_3_BUFG/O
                         net (fo=769, routed)         1.535    12.727    i_ps/system_i/system_i/xadc_wiz_0/inst/s_axi_aclk
    SLICE_X1Y59          FDRE                                         r  i_ps/system_i/system_i/xadc_wiz_0/inst/INTR_CTRLR_GEN_I.ip2bus_data_int_reg[15]/C
                         clock pessimism              0.116    12.843    
                         clock uncertainty           -0.154    12.689    
    SLICE_X1Y59          FDRE (Setup_fdre_C_R)       -0.429    12.260    i_ps/system_i/system_i/xadc_wiz_0/inst/INTR_CTRLR_GEN_I.ip2bus_data_int_reg[15]
  -------------------------------------------------------------------
                         required time                         12.260    
                         arrival time                          -9.929    
  -------------------------------------------------------------------
                         slack                                  2.331    

Slack (MET) :             2.366ns  (required time - arrival time)
  Source:                 i_ps/system_i/system_i/processing_system7_0/inst/PS7_i/MAXIGP1ACLK
                            (rising edge-triggered cell PS7 clocked by clk_fpga_3  {rise@0.000ns fall@5.000ns period=10.000ns})
  Destination:            i_ps/system_i/system_i/xadc_wiz_0/inst/INTR_CTRLR_GEN_I.INTERRUPT_CONTROL_I/GEN_IP_IRPT_STATUS_REG[7].GEN_REG_STATUS.ip_irpt_status_reg_reg[7]/D
                            (rising edge-triggered cell FDRE clocked by clk_fpga_3  {rise@0.000ns fall@5.000ns period=10.000ns})
  Path Group:             clk_fpga_3
  Path Type:              Setup (Max at Slow Process Corner)
  Requirement:            10.000ns  (clk_fpga_3 rise@10.000ns - clk_fpga_3 rise@0.000ns)
  Data Path Delay:        7.397ns  (logic 1.772ns (23.956%)  route 5.625ns (76.044%))
  Logic Levels:           3  (LUT2=1 LUT4=1 LUT5=1)
  Clock Path Skew:        -0.114ns (DCD - SCD + CPR)
    Destination Clock Delay (DCD):    2.718ns = ( 12.718 - 10.000 ) 
    Source Clock Delay      (SCD):    3.062ns
    Clock Pessimism Removal (CPR):    0.230ns
  Clock Uncertainty:      0.154ns  ((TSJ^2 + TIJ^2)^1/2 + DJ) / 2 + PE
    Total System Jitter     (TSJ):    0.071ns
    Total Input Jitter      (TIJ):    0.300ns
    Discrete Jitter          (DJ):    0.000ns
    Phase Error              (PE):    0.000ns

    Location             Delay type                Incr(ns)  Path(ns)    Netlist Resource(s)
  -------------------------------------------------------------------    -------------------
                         (clock clk_fpga_3 rise edge)
                                                      0.000     0.000 r  
    PS7_X0Y0             PS7                          0.000     0.000 r  i_ps/system_i/system_i/processing_system7_0/inst/PS7_i/FCLKCLK[3]
                         net (fo=1, routed)           1.207     1.207    i_ps/system_i/system_i/processing_system7_0/inst/FCLK_CLK_unbuffered[3]
    BUFGCTRL_X0Y2        BUFG (Prop_bufg_I_O)         0.101     1.308 r  i_ps/system_i/system_i/processing_system7_0/inst/buffer_fclk_clk_3.FCLK_CLK_3_BUFG/O
                         net (fo=769, routed)         1.754     3.062    i_ps/system_i/system_i/processing_system7_0/inst/M_AXI_GP1_ACLK
    PS7_X0Y0             PS7                                          r  i_ps/system_i/system_i/processing_system7_0/inst/PS7_i/MAXIGP1ACLK
  -------------------------------------------------------------------    -------------------
    PS7_X0Y0             PS7 (Prop_ps7_MAXIGP1ACLK_MAXIGP1WSTRB[3])
                                                      1.400     4.462 r  i_ps/system_i/system_i/processing_system7_0/inst/PS7_i/MAXIGP1WSTRB[3]
                         net (fo=8, routed)           2.191     6.653    i_ps/system_i/system_i/xadc_wiz_0/inst/INTR_CTRLR_GEN_I.INTERRUPT_CONTROL_I/s_axi_wstrb[0]
    SLICE_X13Y39         LUT2 (Prop_lut2_I1_O)        0.124     6.777 r  i_ps/system_i/system_i/xadc_wiz_0/inst/INTR_CTRLR_GEN_I.INTERRUPT_CONTROL_I/INTR_CTRLR_GEN_I.ip2bus_data_int[0]_i_2/O
                         net (fo=4, routed)           0.836     7.612    i_ps/system_i/system_i/xadc_wiz_0/inst/AXI_LITE_IPIF_I/I_SLAVE_ATTACHMENT/I_DECODER/bus2ip_be[0]
    SLICE_X17Y39         LUT4 (Prop_lut4_I2_O)        0.124     7.736 r  i_ps/system_i/system_i/xadc_wiz_0/inst/AXI_LITE_IPIF_I/I_SLAVE_ATTACHMENT/I_DECODER/GEN_IP_IRPT_STATUS_REG[0].GEN_REG_STATUS.ip_irpt_status_reg[0]_i_2/O
                         net (fo=17, routed)          2.598    10.335    i_ps/system_i/system_i/xadc_wiz_0/inst/INTR_CTRLR_GEN_I.INTERRUPT_CONTROL_I/p_48_out__0
    SLICE_X3Y73          LUT5 (Prop_lut5_I0_O)        0.124    10.459 r  i_ps/system_i/system_i/xadc_wiz_0/inst/INTR_CTRLR_GEN_I.INTERRUPT_CONTROL_I/GEN_IP_IRPT_STATUS_REG[7].GEN_REG_STATUS.ip_irpt_status_reg[7]_i_1/O
                         net (fo=1, routed)           0.000    10.459    i_ps/system_i/system_i/xadc_wiz_0/inst/INTR_CTRLR_GEN_I.INTERRUPT_CONTROL_I/GEN_IP_IRPT_STATUS_REG[7].GEN_REG_STATUS.ip_irpt_status_reg[7]_i_1_n_0
    SLICE_X3Y73          FDRE                                         r  i_ps/system_i/system_i/xadc_wiz_0/inst/INTR_CTRLR_GEN_I.INTERRUPT_CONTROL_I/GEN_IP_IRPT_STATUS_REG[7].GEN_REG_STATUS.ip_irpt_status_reg_reg[7]/D
  -------------------------------------------------------------------    -------------------

                         (clock clk_fpga_3 rise edge)
                                                     10.000    10.000 r  
    PS7_X0Y0             PS7                          0.000    10.000 r  i_ps/system_i/system_i/processing_system7_0/inst/PS7_i/FCLKCLK[3]
                         net (fo=1, routed)           1.101    11.101    i_ps/system_i/system_i/processing_system7_0/inst/FCLK_CLK_unbuffered[3]
    BUFGCTRL_X0Y2        BUFG (Prop_bufg_I_O)         0.091    11.192 r  i_ps/system_i/system_i/processing_system7_0/inst/buffer_fclk_clk_3.FCLK_CLK_3_BUFG/O
                         net (fo=769, routed)         1.526    12.718    i_ps/system_i/system_i/xadc_wiz_0/inst/INTR_CTRLR_GEN_I.INTERRUPT_CONTROL_I/s_axi_aclk
    SLICE_X3Y73          FDRE                                         r  i_ps/system_i/system_i/xadc_wiz_0/inst/INTR_CTRLR_GEN_I.INTERRUPT_CONTROL_I/GEN_IP_IRPT_STATUS_REG[7].GEN_REG_STATUS.ip_irpt_status_reg_reg[7]/C
                         clock pessimism              0.230    12.948    
                         clock uncertainty           -0.154    12.794    
    SLICE_X3Y73          FDRE (Setup_fdre_C_D)        0.031    12.825    i_ps/system_i/system_i/xadc_wiz_0/inst/INTR_CTRLR_GEN_I.INTERRUPT_CONTROL_I/GEN_IP_IRPT_STATUS_REG[7].GEN_REG_STATUS.ip_irpt_status_reg_reg[7]
  -------------------------------------------------------------------
                         required time                         12.825    
                         arrival time                         -10.459    
  -------------------------------------------------------------------
                         slack                                  2.366    

Slack (MET) :             2.370ns  (required time - arrival time)
  Source:                 i_ps/system_i/system_i/xadc_wiz_0/inst/AXI_LITE_IPIF_I/I_SLAVE_ATTACHMENT/rst_reg/C
                            (rising edge-triggered cell FDRE clocked by clk_fpga_3  {rise@0.000ns fall@5.000ns period=10.000ns})
  Destination:            i_ps/system_i/system_i/xadc_wiz_0/inst/AXI_XADC_CORE_I/alarm_reg_reg[1]/R
                            (rising edge-triggered cell FDRE clocked by clk_fpga_3  {rise@0.000ns fall@5.000ns period=10.000ns})
  Path Group:             clk_fpga_3
  Path Type:              Setup (Max at Slow Process Corner)
  Requirement:            10.000ns  (clk_fpga_3 rise@10.000ns - clk_fpga_3 rise@0.000ns)
  Data Path Delay:        6.806ns  (logic 0.642ns (9.433%)  route 6.164ns (90.567%))
  Logic Levels:           1  (LUT2=1)
  Clock Path Skew:        -0.146ns (DCD - SCD + CPR)
    Destination Clock Delay (DCD):    2.719ns = ( 12.719 - 10.000 ) 
    Source Clock Delay      (SCD):    2.981ns
    Clock Pessimism Removal (CPR):    0.116ns
  Clock Uncertainty:      0.154ns  ((TSJ^2 + TIJ^2)^1/2 + DJ) / 2 + PE
    Total System Jitter     (TSJ):    0.071ns
    Total Input Jitter      (TIJ):    0.300ns
    Discrete Jitter          (DJ):    0.000ns
    Phase Error              (PE):    0.000ns

    Location             Delay type                Incr(ns)  Path(ns)    Netlist Resource(s)
  -------------------------------------------------------------------    -------------------
                         (clock clk_fpga_3 rise edge)
                                                      0.000     0.000 r  
    PS7_X0Y0             PS7                          0.000     0.000 r  i_ps/system_i/system_i/processing_system7_0/inst/PS7_i/FCLKCLK[3]
                         net (fo=1, routed)           1.207     1.207    i_ps/system_i/system_i/processing_system7_0/inst/FCLK_CLK_unbuffered[3]
    BUFGCTRL_X0Y2        BUFG (Prop_bufg_I_O)         0.101     1.308 r  i_ps/system_i/system_i/processing_system7_0/inst/buffer_fclk_clk_3.FCLK_CLK_3_BUFG/O
                         net (fo=769, routed)         1.673     2.981    i_ps/system_i/system_i/xadc_wiz_0/inst/AXI_LITE_IPIF_I/I_SLAVE_ATTACHMENT/s_axi_aclk
    SLICE_X12Y33         FDRE                                         r  i_ps/system_i/system_i/xadc_wiz_0/inst/AXI_LITE_IPIF_I/I_SLAVE_ATTACHMENT/rst_reg/C
  -------------------------------------------------------------------    -------------------
    SLICE_X12Y33         FDRE (Prop_fdre_C_Q)         0.518     3.499 r  i_ps/system_i/system_i/xadc_wiz_0/inst/AXI_LITE_IPIF_I/I_SLAVE_ATTACHMENT/rst_reg/Q
                         net (fo=50, routed)          2.086     5.585    i_ps/system_i/system_i/xadc_wiz_0/inst/AXI_LITE_IPIF_I/I_SLAVE_ATTACHMENT/SR[0]
    SLICE_X15Y44         LUT2 (Prop_lut2_I0_O)        0.124     5.709 r  i_ps/system_i/system_i/xadc_wiz_0/inst/AXI_LITE_IPIF_I/I_SLAVE_ATTACHMENT/alarm_reg[8]_i_1/O
                         net (fo=136, routed)         4.078     9.787    i_ps/system_i/system_i/xadc_wiz_0/inst/AXI_XADC_CORE_I/reset2ip_reset
    SLICE_X4Y72          FDRE                                         r  i_ps/system_i/system_i/xadc_wiz_0/inst/AXI_XADC_CORE_I/alarm_reg_reg[1]/R
  -------------------------------------------------------------------    -------------------

                         (clock clk_fpga_3 rise edge)
                                                     10.000    10.000 r  
    PS7_X0Y0             PS7                          0.000    10.000 r  i_ps/system_i/system_i/processing_system7_0/inst/PS7_i/FCLKCLK[3]
                         net (fo=1, routed)           1.101    11.101    i_ps/system_i/system_i/processing_system7_0/inst/FCLK_CLK_unbuffered[3]
    BUFGCTRL_X0Y2        BUFG (Prop_bufg_I_O)         0.091    11.192 r  i_ps/system_i/system_i/processing_system7_0/inst/buffer_fclk_clk_3.FCLK_CLK_3_BUFG/O
                         net (fo=769, routed)         1.527    12.719    i_ps/system_i/system_i/xadc_wiz_0/inst/AXI_XADC_CORE_I/s_axi_aclk
    SLICE_X4Y72          FDRE                                         r  i_ps/system_i/system_i/xadc_wiz_0/inst/AXI_XADC_CORE_I/alarm_reg_reg[1]/C
                         clock pessimism              0.116    12.835    
                         clock uncertainty           -0.154    12.681    
    SLICE_X4Y72          FDRE (Setup_fdre_C_R)       -0.524    12.157    i_ps/system_i/system_i/xadc_wiz_0/inst/AXI_XADC_CORE_I/alarm_reg_reg[1]
  -------------------------------------------------------------------
                         required time                         12.157    
                         arrival time                          -9.787    
  -------------------------------------------------------------------
                         slack                                  2.370    

Slack (MET) :             2.370ns  (required time - arrival time)
  Source:                 i_ps/system_i/system_i/xadc_wiz_0/inst/AXI_LITE_IPIF_I/I_SLAVE_ATTACHMENT/rst_reg/C
                            (rising edge-triggered cell FDRE clocked by clk_fpga_3  {rise@0.000ns fall@5.000ns period=10.000ns})
  Destination:            i_ps/system_i/system_i/xadc_wiz_0/inst/AXI_XADC_CORE_I/alarm_reg_reg[4]/R
                            (rising edge-triggered cell FDRE clocked by clk_fpga_3  {rise@0.000ns fall@5.000ns period=10.000ns})
  Path Group:             clk_fpga_3
  Path Type:              Setup (Max at Slow Process Corner)
  Requirement:            10.000ns  (clk_fpga_3 rise@10.000ns - clk_fpga_3 rise@0.000ns)
  Data Path Delay:        6.806ns  (logic 0.642ns (9.433%)  route 6.164ns (90.567%))
  Logic Levels:           1  (LUT2=1)
  Clock Path Skew:        -0.146ns (DCD - SCD + CPR)
    Destination Clock Delay (DCD):    2.719ns = ( 12.719 - 10.000 ) 
    Source Clock Delay      (SCD):    2.981ns
    Clock Pessimism Removal (CPR):    0.116ns
  Clock Uncertainty:      0.154ns  ((TSJ^2 + TIJ^2)^1/2 + DJ) / 2 + PE
    Total System Jitter     (TSJ):    0.071ns
    Total Input Jitter      (TIJ):    0.300ns
    Discrete Jitter          (DJ):    0.000ns
    Phase Error              (PE):    0.000ns

    Location             Delay type                Incr(ns)  Path(ns)    Netlist Resource(s)
  -------------------------------------------------------------------    -------------------
                         (clock clk_fpga_3 rise edge)
                                                      0.000     0.000 r  
    PS7_X0Y0             PS7                          0.000     0.000 r  i_ps/system_i/system_i/processing_system7_0/inst/PS7_i/FCLKCLK[3]
                         net (fo=1, routed)           1.207     1.207    i_ps/system_i/system_i/processing_system7_0/inst/FCLK_CLK_unbuffered[3]
    BUFGCTRL_X0Y2        BUFG (Prop_bufg_I_O)         0.101     1.308 r  i_ps/system_i/system_i/processing_system7_0/inst/buffer_fclk_clk_3.FCLK_CLK_3_BUFG/O
                         net (fo=769, routed)         1.673     2.981    i_ps/system_i/system_i/xadc_wiz_0/inst/AXI_LITE_IPIF_I/I_SLAVE_ATTACHMENT/s_axi_aclk
    SLICE_X12Y33         FDRE                                         r  i_ps/system_i/system_i/xadc_wiz_0/inst/AXI_LITE_IPIF_I/I_SLAVE_ATTACHMENT/rst_reg/C
  -------------------------------------------------------------------    -------------------
    SLICE_X12Y33         FDRE (Prop_fdre_C_Q)         0.518     3.499 r  i_ps/system_i/system_i/xadc_wiz_0/inst/AXI_LITE_IPIF_I/I_SLAVE_ATTACHMENT/rst_reg/Q
                         net (fo=50, routed)          2.086     5.585    i_ps/system_i/system_i/xadc_wiz_0/inst/AXI_LITE_IPIF_I/I_SLAVE_ATTACHMENT/SR[0]
    SLICE_X15Y44         LUT2 (Prop_lut2_I0_O)        0.124     5.709 r  i_ps/system_i/system_i/xadc_wiz_0/inst/AXI_LITE_IPIF_I/I_SLAVE_ATTACHMENT/alarm_reg[8]_i_1/O
                         net (fo=136, routed)         4.078     9.787    i_ps/system_i/system_i/xadc_wiz_0/inst/AXI_XADC_CORE_I/reset2ip_reset
    SLICE_X4Y72          FDRE                                         r  i_ps/system_i/system_i/xadc_wiz_0/inst/AXI_XADC_CORE_I/alarm_reg_reg[4]/R
  -------------------------------------------------------------------    -------------------

                         (clock clk_fpga_3 rise edge)
                                                     10.000    10.000 r  
    PS7_X0Y0             PS7                          0.000    10.000 r  i_ps/system_i/system_i/processing_system7_0/inst/PS7_i/FCLKCLK[3]
                         net (fo=1, routed)           1.101    11.101    i_ps/system_i/system_i/processing_system7_0/inst/FCLK_CLK_unbuffered[3]
    BUFGCTRL_X0Y2        BUFG (Prop_bufg_I_O)         0.091    11.192 r  i_ps/system_i/system_i/processing_system7_0/inst/buffer_fclk_clk_3.FCLK_CLK_3_BUFG/O
                         net (fo=769, routed)         1.527    12.719    i_ps/system_i/system_i/xadc_wiz_0/inst/AXI_XADC_CORE_I/s_axi_aclk
    SLICE_X4Y72          FDRE                                         r  i_ps/system_i/system_i/xadc_wiz_0/inst/AXI_XADC_CORE_I/alarm_reg_reg[4]/C
                         clock pessimism              0.116    12.835    
                         clock uncertainty           -0.154    12.681    
    SLICE_X4Y72          FDRE (Setup_fdre_C_R)       -0.524    12.157    i_ps/system_i/system_i/xadc_wiz_0/inst/AXI_XADC_CORE_I/alarm_reg_reg[4]
  -------------------------------------------------------------------
                         required time                         12.157    
                         arrival time                          -9.787    
  -------------------------------------------------------------------
                         slack                                  2.370    

Slack (MET) :             2.370ns  (required time - arrival time)
  Source:                 i_ps/system_i/system_i/xadc_wiz_0/inst/AXI_LITE_IPIF_I/I_SLAVE_ATTACHMENT/rst_reg/C
                            (rising edge-triggered cell FDRE clocked by clk_fpga_3  {rise@0.000ns fall@5.000ns period=10.000ns})
  Destination:            i_ps/system_i/system_i/xadc_wiz_0/inst/AXI_XADC_CORE_I/status_reg_reg[1]/R
                            (rising edge-triggered cell FDRE clocked by clk_fpga_3  {rise@0.000ns fall@5.000ns period=10.000ns})
  Path Group:             clk_fpga_3
  Path Type:              Setup (Max at Slow Process Corner)
  Requirement:            10.000ns  (clk_fpga_3 rise@10.000ns - clk_fpga_3 rise@0.000ns)
  Data Path Delay:        6.806ns  (logic 0.642ns (9.433%)  route 6.164ns (90.567%))
  Logic Levels:           1  (LUT2=1)
  Clock Path Skew:        -0.146ns (DCD - SCD + CPR)
    Destination Clock Delay (DCD):    2.719ns = ( 12.719 - 10.000 ) 
    Source Clock Delay      (SCD):    2.981ns
    Clock Pessimism Removal (CPR):    0.116ns
  Clock Uncertainty:      0.154ns  ((TSJ^2 + TIJ^2)^1/2 + DJ) / 2 + PE
    Total System Jitter     (TSJ):    0.071ns
    Total Input Jitter      (TIJ):    0.300ns
    Discrete Jitter          (DJ):    0.000ns
    Phase Error              (PE):    0.000ns

    Location             Delay type                Incr(ns)  Path(ns)    Netlist Resource(s)
  -------------------------------------------------------------------    -------------------
                         (clock clk_fpga_3 rise edge)
                                                      0.000     0.000 r  
    PS7_X0Y0             PS7                          0.000     0.000 r  i_ps/system_i/system_i/processing_system7_0/inst/PS7_i/FCLKCLK[3]
                         net (fo=1, routed)           1.207     1.207    i_ps/system_i/system_i/processing_system7_0/inst/FCLK_CLK_unbuffered[3]
    BUFGCTRL_X0Y2        BUFG (Prop_bufg_I_O)         0.101     1.308 r  i_ps/system_i/system_i/processing_system7_0/inst/buffer_fclk_clk_3.FCLK_CLK_3_BUFG/O
                         net (fo=769, routed)         1.673     2.981    i_ps/system_i/system_i/xadc_wiz_0/inst/AXI_LITE_IPIF_I/I_SLAVE_ATTACHMENT/s_axi_aclk
    SLICE_X12Y33         FDRE                                         r  i_ps/system_i/system_i/xadc_wiz_0/inst/AXI_LITE_IPIF_I/I_SLAVE_ATTACHMENT/rst_reg/C
  -------------------------------------------------------------------    -------------------
    SLICE_X12Y33         FDRE (Prop_fdre_C_Q)         0.518     3.499 r  i_ps/system_i/system_i/xadc_wiz_0/inst/AXI_LITE_IPIF_I/I_SLAVE_ATTACHMENT/rst_reg/Q
                         net (fo=50, routed)          2.086     5.585    i_ps/system_i/system_i/xadc_wiz_0/inst/AXI_LITE_IPIF_I/I_SLAVE_ATTACHMENT/SR[0]
    SLICE_X15Y44         LUT2 (Prop_lut2_I0_O)        0.124     5.709 r  i_ps/system_i/system_i/xadc_wiz_0/inst/AXI_LITE_IPIF_I/I_SLAVE_ATTACHMENT/alarm_reg[8]_i_1/O
                         net (fo=136, routed)         4.078     9.787    i_ps/system_i/system_i/xadc_wiz_0/inst/AXI_XADC_CORE_I/reset2ip_reset
    SLICE_X4Y72          FDRE                                         r  i_ps/system_i/system_i/xadc_wiz_0/inst/AXI_XADC_CORE_I/status_reg_reg[1]/R
  -------------------------------------------------------------------    -------------------

                         (clock clk_fpga_3 rise edge)
                                                     10.000    10.000 r  
    PS7_X0Y0             PS7                          0.000    10.000 r  i_ps/system_i/system_i/processing_system7_0/inst/PS7_i/FCLKCLK[3]
                         net (fo=1, routed)           1.101    11.101    i_ps/system_i/system_i/processing_system7_0/inst/FCLK_CLK_unbuffered[3]
    BUFGCTRL_X0Y2        BUFG (Prop_bufg_I_O)         0.091    11.192 r  i_ps/system_i/system_i/processing_system7_0/inst/buffer_fclk_clk_3.FCLK_CLK_3_BUFG/O
                         net (fo=769, routed)         1.527    12.719    i_ps/system_i/system_i/xadc_wiz_0/inst/AXI_XADC_CORE_I/s_axi_aclk
    SLICE_X4Y72          FDRE                                         r  i_ps/system_i/system_i/xadc_wiz_0/inst/AXI_XADC_CORE_I/status_reg_reg[1]/C
                         clock pessimism              0.116    12.835    
                         clock uncertainty           -0.154    12.681    
    SLICE_X4Y72          FDRE (Setup_fdre_C_R)       -0.524    12.157    i_ps/system_i/system_i/xadc_wiz_0/inst/AXI_XADC_CORE_I/status_reg_reg[1]
  -------------------------------------------------------------------
                         required time                         12.157    
                         arrival time                          -9.787    
  -------------------------------------------------------------------
                         slack                                  2.370    

Slack (MET) :             2.370ns  (required time - arrival time)
  Source:                 i_ps/system_i/system_i/xadc_wiz_0/inst/AXI_LITE_IPIF_I/I_SLAVE_ATTACHMENT/rst_reg/C
                            (rising edge-triggered cell FDRE clocked by clk_fpga_3  {rise@0.000ns fall@5.000ns period=10.000ns})
  Destination:            i_ps/system_i/system_i/xadc_wiz_0/inst/INTR_CTRLR_GEN_I.ip2bus_data_int_reg[27]/R
                            (rising edge-triggered cell FDRE clocked by clk_fpga_3  {rise@0.000ns fall@5.000ns period=10.000ns})
  Path Group:             clk_fpga_3
  Path Type:              Setup (Max at Slow Process Corner)
  Requirement:            10.000ns  (clk_fpga_3 rise@10.000ns - clk_fpga_3 rise@0.000ns)
  Data Path Delay:        6.806ns  (logic 0.642ns (9.433%)  route 6.164ns (90.567%))
  Logic Levels:           1  (LUT2=1)
  Clock Path Skew:        -0.146ns (DCD - SCD + CPR)
    Destination Clock Delay (DCD):    2.719ns = ( 12.719 - 10.000 ) 
    Source Clock Delay      (SCD):    2.981ns
    Clock Pessimism Removal (CPR):    0.116ns
  Clock Uncertainty:      0.154ns  ((TSJ^2 + TIJ^2)^1/2 + DJ) / 2 + PE
    Total System Jitter     (TSJ):    0.071ns
    Total Input Jitter      (TIJ):    0.300ns
    Discrete Jitter          (DJ):    0.000ns
    Phase Error              (PE):    0.000ns

    Location             Delay type                Incr(ns)  Path(ns)    Netlist Resource(s)
  -------------------------------------------------------------------    -------------------
                         (clock clk_fpga_3 rise edge)
                                                      0.000     0.000 r  
    PS7_X0Y0             PS7                          0.000     0.000 r  i_ps/system_i/system_i/processing_system7_0/inst/PS7_i/FCLKCLK[3]
                         net (fo=1, routed)           1.207     1.207    i_ps/system_i/system_i/processing_system7_0/inst/FCLK_CLK_unbuffered[3]
    BUFGCTRL_X0Y2        BUFG (Prop_bufg_I_O)         0.101     1.308 r  i_ps/system_i/system_i/processing_system7_0/inst/buffer_fclk_clk_3.FCLK_CLK_3_BUFG/O
                         net (fo=769, routed)         1.673     2.981    i_ps/system_i/system_i/xadc_wiz_0/inst/AXI_LITE_IPIF_I/I_SLAVE_ATTACHMENT/s_axi_aclk
    SLICE_X12Y33         FDRE                                         r  i_ps/system_i/system_i/xadc_wiz_0/inst/AXI_LITE_IPIF_I/I_SLAVE_ATTACHMENT/rst_reg/C
  -------------------------------------------------------------------    -------------------
    SLICE_X12Y33         FDRE (Prop_fdre_C_Q)         0.518     3.499 r  i_ps/system_i/system_i/xadc_wiz_0/inst/AXI_LITE_IPIF_I/I_SLAVE_ATTACHMENT/rst_reg/Q
                         net (fo=50, routed)          2.086     5.585    i_ps/system_i/system_i/xadc_wiz_0/inst/AXI_LITE_IPIF_I/I_SLAVE_ATTACHMENT/SR[0]
    SLICE_X15Y44         LUT2 (Prop_lut2_I0_O)        0.124     5.709 r  i_ps/system_i/system_i/xadc_wiz_0/inst/AXI_LITE_IPIF_I/I_SLAVE_ATTACHMENT/alarm_reg[8]_i_1/O
                         net (fo=136, routed)         4.078     9.787    i_ps/system_i/system_i/xadc_wiz_0/inst/reset2ip_reset
    SLICE_X4Y72          FDRE                                         r  i_ps/system_i/system_i/xadc_wiz_0/inst/INTR_CTRLR_GEN_I.ip2bus_data_int_reg[27]/R
  -------------------------------------------------------------------    -------------------

                         (clock clk_fpga_3 rise edge)
                                                     10.000    10.000 r  
    PS7_X0Y0             PS7                          0.000    10.000 r  i_ps/system_i/system_i/processing_system7_0/inst/PS7_i/FCLKCLK[3]
                         net (fo=1, routed)           1.101    11.101    i_ps/system_i/system_i/processing_system7_0/inst/FCLK_CLK_unbuffered[3]
    BUFGCTRL_X0Y2        BUFG (Prop_bufg_I_O)         0.091    11.192 r  i_ps/system_i/system_i/processing_system7_0/inst/buffer_fclk_clk_3.FCLK_CLK_3_BUFG/O
                         net (fo=769, routed)         1.527    12.719    i_ps/system_i/system_i/xadc_wiz_0/inst/s_axi_aclk
    SLICE_X4Y72          FDRE                                         r  i_ps/system_i/system_i/xadc_wiz_0/inst/INTR_CTRLR_GEN_I.ip2bus_data_int_reg[27]/C
                         clock pessimism              0.116    12.835    
                         clock uncertainty           -0.154    12.681    
    SLICE_X4Y72          FDRE (Setup_fdre_C_R)       -0.524    12.157    i_ps/system_i/system_i/xadc_wiz_0/inst/INTR_CTRLR_GEN_I.ip2bus_data_int_reg[27]
  -------------------------------------------------------------------
                         required time                         12.157    
                         arrival time                          -9.787    
  -------------------------------------------------------------------
                         slack                                  2.370    

Slack (MET) :             2.370ns  (required time - arrival time)
  Source:                 i_ps/system_i/system_i/xadc_wiz_0/inst/AXI_LITE_IPIF_I/I_SLAVE_ATTACHMENT/rst_reg/C
                            (rising edge-triggered cell FDRE clocked by clk_fpga_3  {rise@0.000ns fall@5.000ns period=10.000ns})
  Destination:            i_ps/system_i/system_i/xadc_wiz_0/inst/INTR_CTRLR_GEN_I.ip2bus_data_int_reg[30]/R
                            (rising edge-triggered cell FDRE clocked by clk_fpga_3  {rise@0.000ns fall@5.000ns period=10.000ns})
  Path Group:             clk_fpga_3
  Path Type:              Setup (Max at Slow Process Corner)
  Requirement:            10.000ns  (clk_fpga_3 rise@10.000ns - clk_fpga_3 rise@0.000ns)
  Data Path Delay:        6.806ns  (logic 0.642ns (9.433%)  route 6.164ns (90.567%))
  Logic Levels:           1  (LUT2=1)
  Clock Path Skew:        -0.146ns (DCD - SCD + CPR)
    Destination Clock Delay (DCD):    2.719ns = ( 12.719 - 10.000 ) 
    Source Clock Delay      (SCD):    2.981ns
    Clock Pessimism Removal (CPR):    0.116ns
  Clock Uncertainty:      0.154ns  ((TSJ^2 + TIJ^2)^1/2 + DJ) / 2 + PE
    Total System Jitter     (TSJ):    0.071ns
    Total Input Jitter      (TIJ):    0.300ns
    Discrete Jitter          (DJ):    0.000ns
    Phase Error              (PE):    0.000ns

    Location             Delay type                Incr(ns)  Path(ns)    Netlist Resource(s)
  -------------------------------------------------------------------    -------------------
                         (clock clk_fpga_3 rise edge)
                                                      0.000     0.000 r  
    PS7_X0Y0             PS7                          0.000     0.000 r  i_ps/system_i/system_i/processing_system7_0/inst/PS7_i/FCLKCLK[3]
                         net (fo=1, routed)           1.207     1.207    i_ps/system_i/system_i/processing_system7_0/inst/FCLK_CLK_unbuffered[3]
    BUFGCTRL_X0Y2        BUFG (Prop_bufg_I_O)         0.101     1.308 r  i_ps/system_i/system_i/processing_system7_0/inst/buffer_fclk_clk_3.FCLK_CLK_3_BUFG/O
                         net (fo=769, routed)         1.673     2.981    i_ps/system_i/system_i/xadc_wiz_0/inst/AXI_LITE_IPIF_I/I_SLAVE_ATTACHMENT/s_axi_aclk
    SLICE_X12Y33         FDRE                                         r  i_ps/system_i/system_i/xadc_wiz_0/inst/AXI_LITE_IPIF_I/I_SLAVE_ATTACHMENT/rst_reg/C
  -------------------------------------------------------------------    -------------------
    SLICE_X12Y33         FDRE (Prop_fdre_C_Q)         0.518     3.499 r  i_ps/system_i/system_i/xadc_wiz_0/inst/AXI_LITE_IPIF_I/I_SLAVE_ATTACHMENT/rst_reg/Q
                         net (fo=50, routed)          2.086     5.585    i_ps/system_i/system_i/xadc_wiz_0/inst/AXI_LITE_IPIF_I/I_SLAVE_ATTACHMENT/SR[0]
    SLICE_X15Y44         LUT2 (Prop_lut2_I0_O)        0.124     5.709 r  i_ps/system_i/system_i/xadc_wiz_0/inst/AXI_LITE_IPIF_I/I_SLAVE_ATTACHMENT/alarm_reg[8]_i_1/O
                         net (fo=136, routed)         4.078     9.787    i_ps/system_i/system_i/xadc_wiz_0/inst/reset2ip_reset
    SLICE_X4Y72          FDRE                                         r  i_ps/system_i/system_i/xadc_wiz_0/inst/INTR_CTRLR_GEN_I.ip2bus_data_int_reg[30]/R
  -------------------------------------------------------------------    -------------------

                         (clock clk_fpga_3 rise edge)
                                                     10.000    10.000 r  
    PS7_X0Y0             PS7                          0.000    10.000 r  i_ps/system_i/system_i/processing_system7_0/inst/PS7_i/FCLKCLK[3]
                         net (fo=1, routed)           1.101    11.101    i_ps/system_i/system_i/processing_system7_0/inst/FCLK_CLK_unbuffered[3]
    BUFGCTRL_X0Y2        BUFG (Prop_bufg_I_O)         0.091    11.192 r  i_ps/system_i/system_i/processing_system7_0/inst/buffer_fclk_clk_3.FCLK_CLK_3_BUFG/O
                         net (fo=769, routed)         1.527    12.719    i_ps/system_i/system_i/xadc_wiz_0/inst/s_axi_aclk
    SLICE_X4Y72          FDRE                                         r  i_ps/system_i/system_i/xadc_wiz_0/inst/INTR_CTRLR_GEN_I.ip2bus_data_int_reg[30]/C
                         clock pessimism              0.116    12.835    
                         clock uncertainty           -0.154    12.681    
    SLICE_X4Y72          FDRE (Setup_fdre_C_R)       -0.524    12.157    i_ps/system_i/system_i/xadc_wiz_0/inst/INTR_CTRLR_GEN_I.ip2bus_data_int_reg[30]
  -------------------------------------------------------------------
                         required time                         12.157    
                         arrival time                          -9.787    
  -------------------------------------------------------------------
                         slack                                  2.370    





Min Delay Paths
--------------------------------------------------------------------------------------
Slack (MET) :             0.067ns  (arrival time - required time)
  Source:                 i_ps/system_i/system_i/xadc_wiz_0/inst/AXI_LITE_IPIF_I/I_SLAVE_ATTACHMENT/s_axi_rdata_i_reg[10]/C
                            (rising edge-triggered cell FDRE clocked by clk_fpga_3  {rise@0.000ns fall@5.000ns period=10.000ns})
  Destination:            i_ps/system_i/system_i/axi_protocol_convert_0/inst/gen_axilite.gen_b2s_conv.axilite_b2s/RD.r_channel_0/rd_data_fifo_0/memory_reg[31][10]_srl32/D
                            (rising edge-triggered cell SRLC32E clocked by clk_fpga_3  {rise@0.000ns fall@5.000ns period=10.000ns})
  Path Group:             clk_fpga_3
  Path Type:              Hold (Min at Fast Process Corner)
  Requirement:            0.000ns  (clk_fpga_3 rise@0.000ns - clk_fpga_3 rise@0.000ns)
  Data Path Delay:        0.197ns  (logic 0.141ns (71.611%)  route 0.056ns (28.389%))
  Logic Levels:           0  
  Clock Path Skew:        0.013ns (DCD - SCD - CPR)
    Destination Clock Delay (DCD):    1.221ns
    Source Clock Delay      (SCD):    0.924ns
    Clock Pessimism Removal (CPR):    0.284ns

    Location             Delay type                Incr(ns)  Path(ns)    Netlist Resource(s)
  -------------------------------------------------------------------    -------------------
                         (clock clk_fpga_3 rise edge)
                                                      0.000     0.000 r  
    PS7_X0Y0             PS7                          0.000     0.000 r  i_ps/system_i/system_i/processing_system7_0/inst/PS7_i/FCLKCLK[3]
                         net (fo=1, routed)           0.315     0.315    i_ps/system_i/system_i/processing_system7_0/inst/FCLK_CLK_unbuffered[3]
    BUFGCTRL_X0Y2        BUFG (Prop_bufg_I_O)         0.026     0.341 r  i_ps/system_i/system_i/processing_system7_0/inst/buffer_fclk_clk_3.FCLK_CLK_3_BUFG/O
                         net (fo=769, routed)         0.583     0.924    i_ps/system_i/system_i/xadc_wiz_0/inst/AXI_LITE_IPIF_I/I_SLAVE_ATTACHMENT/s_axi_aclk
    SLICE_X1Y44          FDRE                                         r  i_ps/system_i/system_i/xadc_wiz_0/inst/AXI_LITE_IPIF_I/I_SLAVE_ATTACHMENT/s_axi_rdata_i_reg[10]/C
  -------------------------------------------------------------------    -------------------
    SLICE_X1Y44          FDRE (Prop_fdre_C_Q)         0.141     1.064 r  i_ps/system_i/system_i/xadc_wiz_0/inst/AXI_LITE_IPIF_I/I_SLAVE_ATTACHMENT/s_axi_rdata_i_reg[10]/Q
                         net (fo=1, routed)           0.056     1.120    i_ps/system_i/system_i/axi_protocol_convert_0/inst/gen_axilite.gen_b2s_conv.axilite_b2s/RD.r_channel_0/rd_data_fifo_0/in[10]
    SLICE_X0Y44          SRLC32E                                      r  i_ps/system_i/system_i/axi_protocol_convert_0/inst/gen_axilite.gen_b2s_conv.axilite_b2s/RD.r_channel_0/rd_data_fifo_0/memory_reg[31][10]_srl32/D
  -------------------------------------------------------------------    -------------------

                         (clock clk_fpga_3 rise edge)
                                                      0.000     0.000 r  
    PS7_X0Y0             PS7                          0.000     0.000 r  i_ps/system_i/system_i/processing_system7_0/inst/PS7_i/FCLKCLK[3]
                         net (fo=1, routed)           0.341     0.341    i_ps/system_i/system_i/processing_system7_0/inst/FCLK_CLK_unbuffered[3]
    BUFGCTRL_X0Y2        BUFG (Prop_bufg_I_O)         0.029     0.370 r  i_ps/system_i/system_i/processing_system7_0/inst/buffer_fclk_clk_3.FCLK_CLK_3_BUFG/O
                         net (fo=769, routed)         0.851     1.221    i_ps/system_i/system_i/axi_protocol_convert_0/inst/gen_axilite.gen_b2s_conv.axilite_b2s/RD.r_channel_0/rd_data_fifo_0/aclk
    SLICE_X0Y44          SRLC32E                                      r  i_ps/system_i/system_i/axi_protocol_convert_0/inst/gen_axilite.gen_b2s_conv.axilite_b2s/RD.r_channel_0/rd_data_fifo_0/memory_reg[31][10]_srl32/CLK
                         clock pessimism             -0.284     0.937    
    SLICE_X0Y44          SRLC32E (Hold_srlc32e_CLK_D)
                                                      0.117     1.054    i_ps/system_i/system_i/axi_protocol_convert_0/inst/gen_axilite.gen_b2s_conv.axilite_b2s/RD.r_channel_0/rd_data_fifo_0/memory_reg[31][10]_srl32
  -------------------------------------------------------------------
                         required time                         -1.054    
                         arrival time                           1.120    
  -------------------------------------------------------------------
                         slack                                  0.067    

Slack (MET) :             0.067ns  (arrival time - required time)
  Source:                 i_ps/system_i/system_i/xadc_wiz_0/inst/AXI_LITE_IPIF_I/I_SLAVE_ATTACHMENT/s_axi_rdata_i_reg[12]/C
                            (rising edge-triggered cell FDRE clocked by clk_fpga_3  {rise@0.000ns fall@5.000ns period=10.000ns})
  Destination:            i_ps/system_i/system_i/axi_protocol_convert_0/inst/gen_axilite.gen_b2s_conv.axilite_b2s/RD.r_channel_0/rd_data_fifo_0/memory_reg[31][12]_srl32/D
                            (rising edge-triggered cell SRLC32E clocked by clk_fpga_3  {rise@0.000ns fall@5.000ns period=10.000ns})
  Path Group:             clk_fpga_3
  Path Type:              Hold (Min at Fast Process Corner)
  Requirement:            0.000ns  (clk_fpga_3 rise@0.000ns - clk_fpga_3 rise@0.000ns)
  Data Path Delay:        0.197ns  (logic 0.141ns (71.611%)  route 0.056ns (28.389%))
  Logic Levels:           0  
  Clock Path Skew:        0.013ns (DCD - SCD - CPR)
    Destination Clock Delay (DCD):    1.221ns
    Source Clock Delay      (SCD):    0.924ns
    Clock Pessimism Removal (CPR):    0.284ns

    Location             Delay type                Incr(ns)  Path(ns)    Netlist Resource(s)
  -------------------------------------------------------------------    -------------------
                         (clock clk_fpga_3 rise edge)
                                                      0.000     0.000 r  
    PS7_X0Y0             PS7                          0.000     0.000 r  i_ps/system_i/system_i/processing_system7_0/inst/PS7_i/FCLKCLK[3]
                         net (fo=1, routed)           0.315     0.315    i_ps/system_i/system_i/processing_system7_0/inst/FCLK_CLK_unbuffered[3]
    BUFGCTRL_X0Y2        BUFG (Prop_bufg_I_O)         0.026     0.341 r  i_ps/system_i/system_i/processing_system7_0/inst/buffer_fclk_clk_3.FCLK_CLK_3_BUFG/O
                         net (fo=769, routed)         0.583     0.924    i_ps/system_i/system_i/xadc_wiz_0/inst/AXI_LITE_IPIF_I/I_SLAVE_ATTACHMENT/s_axi_aclk
    SLICE_X1Y45          FDRE                                         r  i_ps/system_i/system_i/xadc_wiz_0/inst/AXI_LITE_IPIF_I/I_SLAVE_ATTACHMENT/s_axi_rdata_i_reg[12]/C
  -------------------------------------------------------------------    -------------------
    SLICE_X1Y45          FDRE (Prop_fdre_C_Q)         0.141     1.064 r  i_ps/system_i/system_i/xadc_wiz_0/inst/AXI_LITE_IPIF_I/I_SLAVE_ATTACHMENT/s_axi_rdata_i_reg[12]/Q
                         net (fo=1, routed)           0.056     1.120    i_ps/system_i/system_i/axi_protocol_convert_0/inst/gen_axilite.gen_b2s_conv.axilite_b2s/RD.r_channel_0/rd_data_fifo_0/in[12]
    SLICE_X0Y45          SRLC32E                                      r  i_ps/system_i/system_i/axi_protocol_convert_0/inst/gen_axilite.gen_b2s_conv.axilite_b2s/RD.r_channel_0/rd_data_fifo_0/memory_reg[31][12]_srl32/D
  -------------------------------------------------------------------    -------------------

                         (clock clk_fpga_3 rise edge)
                                                      0.000     0.000 r  
    PS7_X0Y0             PS7                          0.000     0.000 r  i_ps/system_i/system_i/processing_system7_0/inst/PS7_i/FCLKCLK[3]
                         net (fo=1, routed)           0.341     0.341    i_ps/system_i/system_i/processing_system7_0/inst/FCLK_CLK_unbuffered[3]
    BUFGCTRL_X0Y2        BUFG (Prop_bufg_I_O)         0.029     0.370 r  i_ps/system_i/system_i/processing_system7_0/inst/buffer_fclk_clk_3.FCLK_CLK_3_BUFG/O
                         net (fo=769, routed)         0.851     1.221    i_ps/system_i/system_i/axi_protocol_convert_0/inst/gen_axilite.gen_b2s_conv.axilite_b2s/RD.r_channel_0/rd_data_fifo_0/aclk
    SLICE_X0Y45          SRLC32E                                      r  i_ps/system_i/system_i/axi_protocol_convert_0/inst/gen_axilite.gen_b2s_conv.axilite_b2s/RD.r_channel_0/rd_data_fifo_0/memory_reg[31][12]_srl32/CLK
                         clock pessimism             -0.284     0.937    
    SLICE_X0Y45          SRLC32E (Hold_srlc32e_CLK_D)
                                                      0.117     1.054    i_ps/system_i/system_i/axi_protocol_convert_0/inst/gen_axilite.gen_b2s_conv.axilite_b2s/RD.r_channel_0/rd_data_fifo_0/memory_reg[31][12]_srl32
  -------------------------------------------------------------------
                         required time                         -1.054    
                         arrival time                           1.120    
  -------------------------------------------------------------------
                         slack                                  0.067    

Slack (MET) :             0.084ns  (arrival time - required time)
  Source:                 i_ps/system_i/system_i/xadc_wiz_0/inst/INTR_CTRLR_GEN_I.ip2bus_data_int_reg[15]/C
                            (rising edge-triggered cell FDRE clocked by clk_fpga_3  {rise@0.000ns fall@5.000ns period=10.000ns})
  Destination:            i_ps/system_i/system_i/xadc_wiz_0/inst/AXI_LITE_IPIF_I/I_SLAVE_ATTACHMENT/s_axi_rdata_i_reg[16]/D
                            (rising edge-triggered cell FDRE clocked by clk_fpga_3  {rise@0.000ns fall@5.000ns period=10.000ns})
  Path Group:             clk_fpga_3
  Path Type:              Hold (Min at Fast Process Corner)
  Requirement:            0.000ns  (clk_fpga_3 rise@0.000ns - clk_fpga_3 rise@0.000ns)
  Data Path Delay:        0.431ns  (logic 0.141ns (32.751%)  route 0.290ns (67.249%))
  Logic Levels:           0  
  Clock Path Skew:        0.271ns (DCD - SCD - CPR)
    Destination Clock Delay (DCD):    1.221ns
    Source Clock Delay      (SCD):    0.921ns
    Clock Pessimism Removal (CPR):    0.029ns

    Location             Delay type                Incr(ns)  Path(ns)    Netlist Resource(s)
  -------------------------------------------------------------------    -------------------
                         (clock clk_fpga_3 rise edge)
                                                      0.000     0.000 r  
    PS7_X0Y0             PS7                          0.000     0.000 r  i_ps/system_i/system_i/processing_system7_0/inst/PS7_i/FCLKCLK[3]
                         net (fo=1, routed)           0.315     0.315    i_ps/system_i/system_i/processing_system7_0/inst/FCLK_CLK_unbuffered[3]
    BUFGCTRL_X0Y2        BUFG (Prop_bufg_I_O)         0.026     0.341 r  i_ps/system_i/system_i/processing_system7_0/inst/buffer_fclk_clk_3.FCLK_CLK_3_BUFG/O
                         net (fo=769, routed)         0.580     0.921    i_ps/system_i/system_i/xadc_wiz_0/inst/s_axi_aclk
    SLICE_X1Y59          FDRE                                         r  i_ps/system_i/system_i/xadc_wiz_0/inst/INTR_CTRLR_GEN_I.ip2bus_data_int_reg[15]/C
  -------------------------------------------------------------------    -------------------
    SLICE_X1Y59          FDRE (Prop_fdre_C_Q)         0.141     1.062 r  i_ps/system_i/system_i/xadc_wiz_0/inst/INTR_CTRLR_GEN_I.ip2bus_data_int_reg[15]/Q
                         net (fo=1, routed)           0.290     1.351    i_ps/system_i/system_i/xadc_wiz_0/inst/AXI_LITE_IPIF_I/I_SLAVE_ATTACHMENT/s_axi_rdata_i_reg[31]_0[16]
    SLICE_X1Y45          FDRE                                         r  i_ps/system_i/system_i/xadc_wiz_0/inst/AXI_LITE_IPIF_I/I_SLAVE_ATTACHMENT/s_axi_rdata_i_reg[16]/D
  -------------------------------------------------------------------    -------------------

                         (clock clk_fpga_3 rise edge)
                                                      0.000     0.000 r  
    PS7_X0Y0             PS7                          0.000     0.000 r  i_ps/system_i/system_i/processing_system7_0/inst/PS7_i/FCLKCLK[3]
                         net (fo=1, routed)           0.341     0.341    i_ps/system_i/system_i/processing_system7_0/inst/FCLK_CLK_unbuffered[3]
    BUFGCTRL_X0Y2        BUFG (Prop_bufg_I_O)         0.029     0.370 r  i_ps/system_i/system_i/processing_system7_0/inst/buffer_fclk_clk_3.FCLK_CLK_3_BUFG/O
                         net (fo=769, routed)         0.851     1.221    i_ps/system_i/system_i/xadc_wiz_0/inst/AXI_LITE_IPIF_I/I_SLAVE_ATTACHMENT/s_axi_aclk
    SLICE_X1Y45          FDRE                                         r  i_ps/system_i/system_i/xadc_wiz_0/inst/AXI_LITE_IPIF_I/I_SLAVE_ATTACHMENT/s_axi_rdata_i_reg[16]/C
                         clock pessimism             -0.029     1.192    
    SLICE_X1Y45          FDRE (Hold_fdre_C_D)         0.075     1.267    i_ps/system_i/system_i/xadc_wiz_0/inst/AXI_LITE_IPIF_I/I_SLAVE_ATTACHMENT/s_axi_rdata_i_reg[16]
  -------------------------------------------------------------------
                         required time                         -1.267    
                         arrival time                           1.351    
  -------------------------------------------------------------------
                         slack                                  0.084    

Slack (MET) :             0.098ns  (arrival time - required time)
  Source:                 i_ps/system_i/system_i/axi_protocol_convert_0/inst/gen_axilite.gen_b2s_conv.axilite_b2s/WR.aw_channel_0/s_awid_r_reg[7]/C
                            (rising edge-triggered cell FDRE clocked by clk_fpga_3  {rise@0.000ns fall@5.000ns period=10.000ns})
  Destination:            i_ps/system_i/system_i/axi_protocol_convert_0/inst/gen_axilite.gen_b2s_conv.axilite_b2s/WR.b_channel_0/bid_fifo_0/memory_reg[3][15]_srl4/D
                            (rising edge-triggered cell SRL16E clocked by clk_fpga_3  {rise@0.000ns fall@5.000ns period=10.000ns})
  Path Group:             clk_fpga_3
  Path Type:              Hold (Min at Fast Process Corner)
  Requirement:            0.000ns  (clk_fpga_3 rise@0.000ns - clk_fpga_3 rise@0.000ns)
  Data Path Delay:        0.241ns  (logic 0.128ns (53.025%)  route 0.113ns (46.975%))
  Logic Levels:           0  
  Clock Path Skew:        0.013ns (DCD - SCD - CPR)
    Destination Clock Delay (DCD):    1.222ns
    Source Clock Delay      (SCD):    0.925ns
    Clock Pessimism Removal (CPR):    0.284ns

    Location             Delay type                Incr(ns)  Path(ns)    Netlist Resource(s)
  -------------------------------------------------------------------    -------------------
                         (clock clk_fpga_3 rise edge)
                                                      0.000     0.000 r  
    PS7_X0Y0             PS7                          0.000     0.000 r  i_ps/system_i/system_i/processing_system7_0/inst/PS7_i/FCLKCLK[3]
                         net (fo=1, routed)           0.315     0.315    i_ps/system_i/system_i/processing_system7_0/inst/FCLK_CLK_unbuffered[3]
    BUFGCTRL_X0Y2        BUFG (Prop_bufg_I_O)         0.026     0.341 r  i_ps/system_i/system_i/processing_system7_0/inst/buffer_fclk_clk_3.FCLK_CLK_3_BUFG/O
                         net (fo=769, routed)         0.584     0.925    i_ps/system_i/system_i/axi_protocol_convert_0/inst/gen_axilite.gen_b2s_conv.axilite_b2s/WR.aw_channel_0/aclk
    SLICE_X5Y41          FDRE                                         r  i_ps/system_i/system_i/axi_protocol_convert_0/inst/gen_axilite.gen_b2s_conv.axilite_b2s/WR.aw_channel_0/s_awid_r_reg[7]/C
  -------------------------------------------------------------------    -------------------
    SLICE_X5Y41          FDRE (Prop_fdre_C_Q)         0.128     1.053 r  i_ps/system_i/system_i/axi_protocol_convert_0/inst/gen_axilite.gen_b2s_conv.axilite_b2s/WR.aw_channel_0/s_awid_r_reg[7]/Q
                         net (fo=1, routed)           0.113     1.166    i_ps/system_i/system_i/axi_protocol_convert_0/inst/gen_axilite.gen_b2s_conv.axilite_b2s/WR.b_channel_0/bid_fifo_0/in[11]
    SLICE_X4Y41          SRL16E                                       r  i_ps/system_i/system_i/axi_protocol_convert_0/inst/gen_axilite.gen_b2s_conv.axilite_b2s/WR.b_channel_0/bid_fifo_0/memory_reg[3][15]_srl4/D
  -------------------------------------------------------------------    -------------------

                         (clock clk_fpga_3 rise edge)
                                                      0.000     0.000 r  
    PS7_X0Y0             PS7                          0.000     0.000 r  i_ps/system_i/system_i/processing_system7_0/inst/PS7_i/FCLKCLK[3]
                         net (fo=1, routed)           0.341     0.341    i_ps/system_i/system_i/processing_system7_0/inst/FCLK_CLK_unbuffered[3]
    BUFGCTRL_X0Y2        BUFG (Prop_bufg_I_O)         0.029     0.370 r  i_ps/system_i/system_i/processing_system7_0/inst/buffer_fclk_clk_3.FCLK_CLK_3_BUFG/O
                         net (fo=769, routed)         0.852     1.222    i_ps/system_i/system_i/axi_protocol_convert_0/inst/gen_axilite.gen_b2s_conv.axilite_b2s/WR.b_channel_0/bid_fifo_0/aclk
    SLICE_X4Y41          SRL16E                                       r  i_ps/system_i/system_i/axi_protocol_convert_0/inst/gen_axilite.gen_b2s_conv.axilite_b2s/WR.b_channel_0/bid_fifo_0/memory_reg[3][15]_srl4/CLK
                         clock pessimism             -0.284     0.938    
    SLICE_X4Y41          SRL16E (Hold_srl16e_CLK_D)
                                                      0.130     1.068    i_ps/system_i/system_i/axi_protocol_convert_0/inst/gen_axilite.gen_b2s_conv.axilite_b2s/WR.b_channel_0/bid_fifo_0/memory_reg[3][15]_srl4
  -------------------------------------------------------------------
                         required time                         -1.068    
                         arrival time                           1.166    
  -------------------------------------------------------------------
                         slack                                  0.098    

Slack (MET) :             0.109ns  (arrival time - required time)
  Source:                 i_ps/system_i/system_i/axi_protocol_convert_0/inst/gen_axilite.gen_b2s_conv.axilite_b2s/RD.r_channel_0/r_arid_r_reg[3]/C
                            (rising edge-triggered cell FDRE clocked by clk_fpga_3  {rise@0.000ns fall@5.000ns period=10.000ns})
  Destination:            i_ps/system_i/system_i/axi_protocol_convert_0/inst/gen_axilite.gen_b2s_conv.axilite_b2s/RD.r_channel_0/transaction_fifo_0/memory_reg[31][4]_srl32/D
                            (rising edge-triggered cell SRLC32E clocked by clk_fpga_3  {rise@0.000ns fall@5.000ns period=10.000ns})
  Path Group:             clk_fpga_3
  Path Type:              Hold (Min at Fast Process Corner)
  Requirement:            0.000ns  (clk_fpga_3 rise@0.000ns - clk_fpga_3 rise@0.000ns)
  Data Path Delay:        0.243ns  (logic 0.141ns (58.024%)  route 0.102ns (41.976%))
  Logic Levels:           0  
  Clock Path Skew:        0.017ns (DCD - SCD - CPR)
    Destination Clock Delay (DCD):    1.203ns
    Source Clock Delay      (SCD):    0.905ns
    Clock Pessimism Removal (CPR):    0.281ns

    Location             Delay type                Incr(ns)  Path(ns)    Netlist Resource(s)
  -------------------------------------------------------------------    -------------------
                         (clock clk_fpga_3 rise edge)
                                                      0.000     0.000 r  
    PS7_X0Y0             PS7                          0.000     0.000 r  i_ps/system_i/system_i/processing_system7_0/inst/PS7_i/FCLKCLK[3]
                         net (fo=1, routed)           0.315     0.315    i_ps/system_i/system_i/processing_system7_0/inst/FCLK_CLK_unbuffered[3]
    BUFGCTRL_X0Y2        BUFG (Prop_bufg_I_O)         0.026     0.341 r  i_ps/system_i/system_i/processing_system7_0/inst/buffer_fclk_clk_3.FCLK_CLK_3_BUFG/O
                         net (fo=769, routed)         0.564     0.905    i_ps/system_i/system_i/axi_protocol_convert_0/inst/gen_axilite.gen_b2s_conv.axilite_b2s/RD.r_channel_0/aclk
    SLICE_X11Y39         FDRE                                         r  i_ps/system_i/system_i/axi_protocol_convert_0/inst/gen_axilite.gen_b2s_conv.axilite_b2s/RD.r_channel_0/r_arid_r_reg[3]/C
  -------------------------------------------------------------------    -------------------
    SLICE_X11Y39         FDRE (Prop_fdre_C_Q)         0.141     1.046 r  i_ps/system_i/system_i/axi_protocol_convert_0/inst/gen_axilite.gen_b2s_conv.axilite_b2s/RD.r_channel_0/r_arid_r_reg[3]/Q
                         net (fo=1, routed)           0.102     1.148    i_ps/system_i/system_i/axi_protocol_convert_0/inst/gen_axilite.gen_b2s_conv.axilite_b2s/RD.r_channel_0/transaction_fifo_0/in[4]
    SLICE_X12Y40         SRLC32E                                      r  i_ps/system_i/system_i/axi_protocol_convert_0/inst/gen_axilite.gen_b2s_conv.axilite_b2s/RD.r_channel_0/transaction_fifo_0/memory_reg[31][4]_srl32/D
  -------------------------------------------------------------------    -------------------

                         (clock clk_fpga_3 rise edge)
                                                      0.000     0.000 r  
    PS7_X0Y0             PS7                          0.000     0.000 r  i_ps/system_i/system_i/processing_system7_0/inst/PS7_i/FCLKCLK[3]
                         net (fo=1, routed)           0.341     0.341    i_ps/system_i/system_i/processing_system7_0/inst/FCLK_CLK_unbuffered[3]
    BUFGCTRL_X0Y2        BUFG (Prop_bufg_I_O)         0.029     0.370 r  i_ps/system_i/system_i/processing_system7_0/inst/buffer_fclk_clk_3.FCLK_CLK_3_BUFG/O
                         net (fo=769, routed)         0.833     1.203    i_ps/system_i/system_i/axi_protocol_convert_0/inst/gen_axilite.gen_b2s_conv.axilite_b2s/RD.r_channel_0/transaction_fifo_0/aclk
    SLICE_X12Y40         SRLC32E                                      r  i_ps/system_i/system_i/axi_protocol_convert_0/inst/gen_axilite.gen_b2s_conv.axilite_b2s/RD.r_channel_0/transaction_fifo_0/memory_reg[31][4]_srl32/CLK
                         clock pessimism             -0.281     0.922    
    SLICE_X12Y40         SRLC32E (Hold_srlc32e_CLK_D)
                                                      0.117     1.039    i_ps/system_i/system_i/axi_protocol_convert_0/inst/gen_axilite.gen_b2s_conv.axilite_b2s/RD.r_channel_0/transaction_fifo_0/memory_reg[31][4]_srl32
  -------------------------------------------------------------------
                         required time                         -1.039    
                         arrival time                           1.148    
  -------------------------------------------------------------------
                         slack                                  0.109    

Slack (MET) :             0.116ns  (arrival time - required time)
  Source:                 i_ps/system_i/system_i/axi_protocol_convert_0/inst/gen_axilite.gen_b2s_conv.axilite_b2s/SI_REG/r.r_pipe/m_payload_i_reg[5]/C
                            (rising edge-triggered cell FDRE clocked by clk_fpga_3  {rise@0.000ns fall@5.000ns period=10.000ns})
  Destination:            i_ps/system_i/system_i/processing_system7_0/inst/PS7_i/MAXIGP1RDATA[5]
                            (rising edge-triggered cell PS7 clocked by clk_fpga_3  {rise@0.000ns fall@5.000ns period=10.000ns})
  Path Group:             clk_fpga_3
  Path Type:              Hold (Min at Fast Process Corner)
  Requirement:            0.000ns  (clk_fpga_3 rise@0.000ns - clk_fpga_3 rise@0.000ns)
  Data Path Delay:        0.423ns  (logic 0.141ns (33.316%)  route 0.282ns (66.684%))
  Logic Levels:           0  
  Clock Path Skew:        0.307ns (DCD - SCD - CPR)
    Destination Clock Delay (DCD):    1.262ns
    Source Clock Delay      (SCD):    0.926ns
    Clock Pessimism Removal (CPR):    0.029ns

    Location             Delay type                Incr(ns)  Path(ns)    Netlist Resource(s)
  -------------------------------------------------------------------    -------------------
                         (clock clk_fpga_3 rise edge)
                                                      0.000     0.000 r  
    PS7_X0Y0             PS7                          0.000     0.000 r  i_ps/system_i/system_i/processing_system7_0/inst/PS7_i/FCLKCLK[3]
                         net (fo=1, routed)           0.315     0.315    i_ps/system_i/system_i/processing_system7_0/inst/FCLK_CLK_unbuffered[3]
    BUFGCTRL_X0Y2        BUFG (Prop_bufg_I_O)         0.026     0.341 r  i_ps/system_i/system_i/processing_system7_0/inst/buffer_fclk_clk_3.FCLK_CLK_3_BUFG/O
                         net (fo=769, routed)         0.585     0.926    i_ps/system_i/system_i/axi_protocol_convert_0/inst/gen_axilite.gen_b2s_conv.axilite_b2s/SI_REG/r.r_pipe/aclk
    SLICE_X2Y44          FDRE                                         r  i_ps/system_i/system_i/axi_protocol_convert_0/inst/gen_axilite.gen_b2s_conv.axilite_b2s/SI_REG/r.r_pipe/m_payload_i_reg[5]/C
  -------------------------------------------------------------------    -------------------
    SLICE_X2Y44          FDRE (Prop_fdre_C_Q)         0.141     1.067 r  i_ps/system_i/system_i/axi_protocol_convert_0/inst/gen_axilite.gen_b2s_conv.axilite_b2s/SI_REG/r.r_pipe/m_payload_i_reg[5]/Q
                         net (fo=1, routed)           0.282     1.349    i_ps/system_i/system_i/processing_system7_0/inst/M_AXI_GP1_RDATA[5]
    PS7_X0Y0             PS7                                          r  i_ps/system_i/system_i/processing_system7_0/inst/PS7_i/MAXIGP1RDATA[5]
  -------------------------------------------------------------------    -------------------

                         (clock clk_fpga_3 rise edge)
                                                      0.000     0.000 r  
    PS7_X0Y0             PS7                          0.000     0.000 r  i_ps/system_i/system_i/processing_system7_0/inst/PS7_i/FCLKCLK[3]
                         net (fo=1, routed)           0.341     0.341    i_ps/system_i/system_i/processing_system7_0/inst/FCLK_CLK_unbuffered[3]
    BUFGCTRL_X0Y2        BUFG (Prop_bufg_I_O)         0.029     0.370 r  i_ps/system_i/system_i/processing_system7_0/inst/buffer_fclk_clk_3.FCLK_CLK_3_BUFG/O
                         net (fo=769, routed)         0.892     1.262    i_ps/system_i/system_i/processing_system7_0/inst/M_AXI_GP1_ACLK
    PS7_X0Y0             PS7                                          r  i_ps/system_i/system_i/processing_system7_0/inst/PS7_i/MAXIGP1ACLK
                         clock pessimism             -0.029     1.233    
    PS7_X0Y0             PS7 (Hold_ps7_MAXIGP1ACLK_MAXIGP1RDATA[5])
                                                      0.000     1.233    i_ps/system_i/system_i/processing_system7_0/inst/PS7_i
  -------------------------------------------------------------------
                         required time                         -1.233    
                         arrival time                           1.349    
  -------------------------------------------------------------------
                         slack                                  0.116    

Slack (MET) :             0.119ns  (arrival time - required time)
  Source:                 i_ps/system_i/system_i/axi_protocol_convert_0/inst/gen_axilite.gen_b2s_conv.axilite_b2s/WR.aw_channel_0/s_awid_r_reg[3]/C
                            (rising edge-triggered cell FDRE clocked by clk_fpga_3  {rise@0.000ns fall@5.000ns period=10.000ns})
  Destination:            i_ps/system_i/system_i/axi_protocol_convert_0/inst/gen_axilite.gen_b2s_conv.axilite_b2s/WR.b_channel_0/bid_fifo_0/memory_reg[3][11]_srl4/D
                            (rising edge-triggered cell SRL16E clocked by clk_fpga_3  {rise@0.000ns fall@5.000ns period=10.000ns})
  Path Group:             clk_fpga_3
  Path Type:              Hold (Min at Fast Process Corner)
  Requirement:            0.000ns  (clk_fpga_3 rise@0.000ns - clk_fpga_3 rise@0.000ns)
  Data Path Delay:        0.187ns  (logic 0.128ns (68.352%)  route 0.059ns (31.648%))
  Logic Levels:           0  
  Clock Path Skew:        0.013ns (DCD - SCD - CPR)
    Destination Clock Delay (DCD):    1.222ns
    Source Clock Delay      (SCD):    0.925ns
    Clock Pessimism Removal (CPR):    0.284ns

    Location             Delay type                Incr(ns)  Path(ns)    Netlist Resource(s)
  -------------------------------------------------------------------    -------------------
                         (clock clk_fpga_3 rise edge)
                                                      0.000     0.000 r  
    PS7_X0Y0             PS7                          0.000     0.000 r  i_ps/system_i/system_i/processing_system7_0/inst/PS7_i/FCLKCLK[3]
                         net (fo=1, routed)           0.315     0.315    i_ps/system_i/system_i/processing_system7_0/inst/FCLK_CLK_unbuffered[3]
    BUFGCTRL_X0Y2        BUFG (Prop_bufg_I_O)         0.026     0.341 r  i_ps/system_i/system_i/processing_system7_0/inst/buffer_fclk_clk_3.FCLK_CLK_3_BUFG/O
                         net (fo=769, routed)         0.584     0.925    i_ps/system_i/system_i/axi_protocol_convert_0/inst/gen_axilite.gen_b2s_conv.axilite_b2s/WR.aw_channel_0/aclk
    SLICE_X5Y41          FDRE                                         r  i_ps/system_i/system_i/axi_protocol_convert_0/inst/gen_axilite.gen_b2s_conv.axilite_b2s/WR.aw_channel_0/s_awid_r_reg[3]/C
  -------------------------------------------------------------------    -------------------
    SLICE_X5Y41          FDRE (Prop_fdre_C_Q)         0.128     1.053 r  i_ps/system_i/system_i/axi_protocol_convert_0/inst/gen_axilite.gen_b2s_conv.axilite_b2s/WR.aw_channel_0/s_awid_r_reg[3]/Q
                         net (fo=1, routed)           0.059     1.112    i_ps/system_i/system_i/axi_protocol_convert_0/inst/gen_axilite.gen_b2s_conv.axilite_b2s/WR.b_channel_0/bid_fifo_0/in[7]
    SLICE_X4Y41          SRL16E                                       r  i_ps/system_i/system_i/axi_protocol_convert_0/inst/gen_axilite.gen_b2s_conv.axilite_b2s/WR.b_channel_0/bid_fifo_0/memory_reg[3][11]_srl4/D
  -------------------------------------------------------------------    -------------------

                         (clock clk_fpga_3 rise edge)
                                                      0.000     0.000 r  
    PS7_X0Y0             PS7                          0.000     0.000 r  i_ps/system_i/system_i/processing_system7_0/inst/PS7_i/FCLKCLK[3]
                         net (fo=1, routed)           0.341     0.341    i_ps/system_i/system_i/processing_system7_0/inst/FCLK_CLK_unbuffered[3]
    BUFGCTRL_X0Y2        BUFG (Prop_bufg_I_O)         0.029     0.370 r  i_ps/system_i/system_i/processing_system7_0/inst/buffer_fclk_clk_3.FCLK_CLK_3_BUFG/O
                         net (fo=769, routed)         0.852     1.222    i_ps/system_i/system_i/axi_protocol_convert_0/inst/gen_axilite.gen_b2s_conv.axilite_b2s/WR.b_channel_0/bid_fifo_0/aclk
    SLICE_X4Y41          SRL16E                                       r  i_ps/system_i/system_i/axi_protocol_convert_0/inst/gen_axilite.gen_b2s_conv.axilite_b2s/WR.b_channel_0/bid_fifo_0/memory_reg[3][11]_srl4/CLK
                         clock pessimism             -0.284     0.938    
    SLICE_X4Y41          SRL16E (Hold_srl16e_CLK_D)
                                                      0.055     0.993    i_ps/system_i/system_i/axi_protocol_convert_0/inst/gen_axilite.gen_b2s_conv.axilite_b2s/WR.b_channel_0/bid_fifo_0/memory_reg[3][11]_srl4
  -------------------------------------------------------------------
                         required time                         -0.993    
                         arrival time                           1.112    
  -------------------------------------------------------------------
                         slack                                  0.119    

Slack (MET) :             0.121ns  (arrival time - required time)
  Source:                 i_ps/system_i/system_i/axi_protocol_convert_0/inst/gen_axilite.gen_b2s_conv.axilite_b2s/RD.ar_channel_0/s_arid_r_reg[7]/C
                            (rising edge-triggered cell FDRE clocked by clk_fpga_3  {rise@0.000ns fall@5.000ns period=10.000ns})
  Destination:            i_ps/system_i/system_i/axi_protocol_convert_0/inst/gen_axilite.gen_b2s_conv.axilite_b2s/RD.r_channel_0/r_arid_r_reg[7]/D
                            (rising edge-triggered cell FDRE clocked by clk_fpga_3  {rise@0.000ns fall@5.000ns period=10.000ns})
  Path Group:             clk_fpga_3
  Path Type:              Hold (Min at Fast Process Corner)
  Requirement:            0.000ns  (clk_fpga_3 rise@0.000ns - clk_fpga_3 rise@0.000ns)
  Data Path Delay:        0.197ns  (logic 0.141ns (71.611%)  route 0.056ns (28.389%))
  Logic Levels:           0  
  Clock Path Skew:        0.000ns (DCD - SCD - CPR)
    Destination Clock Delay (DCD):    1.200ns
    Source Clock Delay      (SCD):    0.903ns
    Clock Pessimism Removal (CPR):    0.297ns

    Location             Delay type                Incr(ns)  Path(ns)    Netlist Resource(s)
  -------------------------------------------------------------------    -------------------
                         (clock clk_fpga_3 rise edge)
                                                      0.000     0.000 r  
    PS7_X0Y0             PS7                          0.000     0.000 r  i_ps/system_i/system_i/processing_system7_0/inst/PS7_i/FCLKCLK[3]
                         net (fo=1, routed)           0.315     0.315    i_ps/system_i/system_i/processing_system7_0/inst/FCLK_CLK_unbuffered[3]
    BUFGCTRL_X0Y2        BUFG (Prop_bufg_I_O)         0.026     0.341 r  i_ps/system_i/system_i/processing_system7_0/inst/buffer_fclk_clk_3.FCLK_CLK_3_BUFG/O
                         net (fo=769, routed)         0.562     0.903    i_ps/system_i/system_i/axi_protocol_convert_0/inst/gen_axilite.gen_b2s_conv.axilite_b2s/RD.ar_channel_0/aclk
    SLICE_X17Y41         FDRE                                         r  i_ps/system_i/system_i/axi_protocol_convert_0/inst/gen_axilite.gen_b2s_conv.axilite_b2s/RD.ar_channel_0/s_arid_r_reg[7]/C
  -------------------------------------------------------------------    -------------------
    SLICE_X17Y41         FDRE (Prop_fdre_C_Q)         0.141     1.044 r  i_ps/system_i/system_i/axi_protocol_convert_0/inst/gen_axilite.gen_b2s_conv.axilite_b2s/RD.ar_channel_0/s_arid_r_reg[7]/Q
                         net (fo=1, routed)           0.056     1.099    i_ps/system_i/system_i/axi_protocol_convert_0/inst/gen_axilite.gen_b2s_conv.axilite_b2s/RD.r_channel_0/D[7]
    SLICE_X17Y41         FDRE                                         r  i_ps/system_i/system_i/axi_protocol_convert_0/inst/gen_axilite.gen_b2s_conv.axilite_b2s/RD.r_channel_0/r_arid_r_reg[7]/D
  -------------------------------------------------------------------    -------------------

                         (clock clk_fpga_3 rise edge)
                                                      0.000     0.000 r  
    PS7_X0Y0             PS7                          0.000     0.000 r  i_ps/system_i/system_i/processing_system7_0/inst/PS7_i/FCLKCLK[3]
                         net (fo=1, routed)           0.341     0.341    i_ps/system_i/system_i/processing_system7_0/inst/FCLK_CLK_unbuffered[3]
    BUFGCTRL_X0Y2        BUFG (Prop_bufg_I_O)         0.029     0.370 r  i_ps/system_i/system_i/processing_system7_0/inst/buffer_fclk_clk_3.FCLK_CLK_3_BUFG/O
                         net (fo=769, routed)         0.830     1.200    i_ps/system_i/system_i/axi_protocol_convert_0/inst/gen_axilite.gen_b2s_conv.axilite_b2s/RD.r_channel_0/aclk
    SLICE_X17Y41         FDRE                                         r  i_ps/system_i/system_i/axi_protocol_convert_0/inst/gen_axilite.gen_b2s_conv.axilite_b2s/RD.r_channel_0/r_arid_r_reg[7]/C
                         clock pessimism             -0.297     0.903    
    SLICE_X17Y41         FDRE (Hold_fdre_C_D)         0.076     0.979    i_ps/system_i/system_i/axi_protocol_convert_0/inst/gen_axilite.gen_b2s_conv.axilite_b2s/RD.r_channel_0/r_arid_r_reg[7]
  -------------------------------------------------------------------
                         required time                         -0.979    
                         arrival time                           1.099    
  -------------------------------------------------------------------
                         slack                                  0.121    

Slack (MET) :             0.126ns  (arrival time - required time)
  Source:                 i_ps/system_i/system_i/axi_protocol_convert_0/inst/gen_axilite.gen_b2s_conv.axilite_b2s/RD.ar_channel_0/s_arid_r_reg[6]/C
                            (rising edge-triggered cell FDRE clocked by clk_fpga_3  {rise@0.000ns fall@5.000ns period=10.000ns})
  Destination:            i_ps/system_i/system_i/axi_protocol_convert_0/inst/gen_axilite.gen_b2s_conv.axilite_b2s/RD.r_channel_0/r_arid_r_reg[6]/D
                            (rising edge-triggered cell FDRE clocked by clk_fpga_3  {rise@0.000ns fall@5.000ns period=10.000ns})
  Path Group:             clk_fpga_3
  Path Type:              Hold (Min at Fast Process Corner)
  Requirement:            0.000ns  (clk_fpga_3 rise@0.000ns - clk_fpga_3 rise@0.000ns)
  Data Path Delay:        0.197ns  (logic 0.141ns (71.611%)  route 0.056ns (28.389%))
  Logic Levels:           0  
  Clock Path Skew:        0.000ns (DCD - SCD - CPR)
    Destination Clock Delay (DCD):    1.200ns
    Source Clock Delay      (SCD):    0.903ns
    Clock Pessimism Removal (CPR):    0.297ns

    Location             Delay type                Incr(ns)  Path(ns)    Netlist Resource(s)
  -------------------------------------------------------------------    -------------------
                         (clock clk_fpga_3 rise edge)
                                                      0.000     0.000 r  
    PS7_X0Y0             PS7                          0.000     0.000 r  i_ps/system_i/system_i/processing_system7_0/inst/PS7_i/FCLKCLK[3]
                         net (fo=1, routed)           0.315     0.315    i_ps/system_i/system_i/processing_system7_0/inst/FCLK_CLK_unbuffered[3]
    BUFGCTRL_X0Y2        BUFG (Prop_bufg_I_O)         0.026     0.341 r  i_ps/system_i/system_i/processing_system7_0/inst/buffer_fclk_clk_3.FCLK_CLK_3_BUFG/O
                         net (fo=769, routed)         0.562     0.903    i_ps/system_i/system_i/axi_protocol_convert_0/inst/gen_axilite.gen_b2s_conv.axilite_b2s/RD.ar_channel_0/aclk
    SLICE_X17Y41         FDRE                                         r  i_ps/system_i/system_i/axi_protocol_convert_0/inst/gen_axilite.gen_b2s_conv.axilite_b2s/RD.ar_channel_0/s_arid_r_reg[6]/C
  -------------------------------------------------------------------    -------------------
    SLICE_X17Y41         FDRE (Prop_fdre_C_Q)         0.141     1.044 r  i_ps/system_i/system_i/axi_protocol_convert_0/inst/gen_axilite.gen_b2s_conv.axilite_b2s/RD.ar_channel_0/s_arid_r_reg[6]/Q
                         net (fo=1, routed)           0.056     1.099    i_ps/system_i/system_i/axi_protocol_convert_0/inst/gen_axilite.gen_b2s_conv.axilite_b2s/RD.r_channel_0/D[6]
    SLICE_X17Y41         FDRE                                         r  i_ps/system_i/system_i/axi_protocol_convert_0/inst/gen_axilite.gen_b2s_conv.axilite_b2s/RD.r_channel_0/r_arid_r_reg[6]/D
  -------------------------------------------------------------------    -------------------

                         (clock clk_fpga_3 rise edge)
                                                      0.000     0.000 r  
    PS7_X0Y0             PS7                          0.000     0.000 r  i_ps/system_i/system_i/processing_system7_0/inst/PS7_i/FCLKCLK[3]
                         net (fo=1, routed)           0.341     0.341    i_ps/system_i/system_i/processing_system7_0/inst/FCLK_CLK_unbuffered[3]
    BUFGCTRL_X0Y2        BUFG (Prop_bufg_I_O)         0.029     0.370 r  i_ps/system_i/system_i/processing_system7_0/inst/buffer_fclk_clk_3.FCLK_CLK_3_BUFG/O
                         net (fo=769, routed)         0.830     1.200    i_ps/system_i/system_i/axi_protocol_convert_0/inst/gen_axilite.gen_b2s_conv.axilite_b2s/RD.r_channel_0/aclk
    SLICE_X17Y41         FDRE                                         r  i_ps/system_i/system_i/axi_protocol_convert_0/inst/gen_axilite.gen_b2s_conv.axilite_b2s/RD.r_channel_0/r_arid_r_reg[6]/C
                         clock pessimism             -0.297     0.903    
    SLICE_X17Y41         FDRE (Hold_fdre_C_D)         0.071     0.974    i_ps/system_i/system_i/axi_protocol_convert_0/inst/gen_axilite.gen_b2s_conv.axilite_b2s/RD.r_channel_0/r_arid_r_reg[6]
  -------------------------------------------------------------------
                         required time                         -0.974    
                         arrival time                           1.099    
  -------------------------------------------------------------------
                         slack                                  0.126    

Slack (MET) :             0.134ns  (arrival time - required time)
  Source:                 i_ps/system_i/system_i/axi_protocol_convert_0/inst/gen_axilite.gen_b2s_conv.axilite_b2s/WR.aw_channel_0/s_awid_r_reg[2]/C
                            (rising edge-triggered cell FDRE clocked by clk_fpga_3  {rise@0.000ns fall@5.000ns period=10.000ns})
  Destination:            i_ps/system_i/system_i/axi_protocol_convert_0/inst/gen_axilite.gen_b2s_conv.axilite_b2s/WR.b_channel_0/bid_fifo_0/memory_reg[3][10]_srl4/D
                            (rising edge-triggered cell SRL16E clocked by clk_fpga_3  {rise@0.000ns fall@5.000ns period=10.000ns})
  Path Group:             clk_fpga_3
  Path Type:              Hold (Min at Fast Process Corner)
  Requirement:            0.000ns  (clk_fpga_3 rise@0.000ns - clk_fpga_3 rise@0.000ns)
  Data Path Delay:        0.187ns  (logic 0.128ns (68.397%)  route 0.059ns (31.603%))
  Logic Levels:           0  
  Clock Path Skew:        0.013ns (DCD - SCD - CPR)
    Destination Clock Delay (DCD):    1.222ns
    Source Clock Delay      (SCD):    0.925ns
    Clock Pessimism Removal (CPR):    0.284ns

    Location             Delay type                Incr(ns)  Path(ns)    Netlist Resource(s)
  -------------------------------------------------------------------    -------------------
                         (clock clk_fpga_3 rise edge)
                                                      0.000     0.000 r  
    PS7_X0Y0             PS7                          0.000     0.000 r  i_ps/system_i/system_i/processing_system7_0/inst/PS7_i/FCLKCLK[3]
                         net (fo=1, routed)           0.315     0.315    i_ps/system_i/system_i/processing_system7_0/inst/FCLK_CLK_unbuffered[3]
    BUFGCTRL_X0Y2        BUFG (Prop_bufg_I_O)         0.026     0.341 r  i_ps/system_i/system_i/processing_system7_0/inst/buffer_fclk_clk_3.FCLK_CLK_3_BUFG/O
                         net (fo=769, routed)         0.584     0.925    i_ps/system_i/system_i/axi_protocol_convert_0/inst/gen_axilite.gen_b2s_conv.axilite_b2s/WR.aw_channel_0/aclk
    SLICE_X5Y41          FDRE                                         r  i_ps/system_i/system_i/axi_protocol_convert_0/inst/gen_axilite.gen_b2s_conv.axilite_b2s/WR.aw_channel_0/s_awid_r_reg[2]/C
  -------------------------------------------------------------------    -------------------
    SLICE_X5Y41          FDRE (Prop_fdre_C_Q)         0.128     1.053 r  i_ps/system_i/system_i/axi_protocol_convert_0/inst/gen_axilite.gen_b2s_conv.axilite_b2s/WR.aw_channel_0/s_awid_r_reg[2]/Q
                         net (fo=1, routed)           0.059     1.112    i_ps/system_i/system_i/axi_protocol_convert_0/inst/gen_axilite.gen_b2s_conv.axilite_b2s/WR.b_channel_0/bid_fifo_0/in[6]
    SLICE_X4Y41          SRL16E                                       r  i_ps/system_i/system_i/axi_protocol_convert_0/inst/gen_axilite.gen_b2s_conv.axilite_b2s/WR.b_channel_0/bid_fifo_0/memory_reg[3][10]_srl4/D
  -------------------------------------------------------------------    -------------------

                         (clock clk_fpga_3 rise edge)
                                                      0.000     0.000 r  
    PS7_X0Y0             PS7                          0.000     0.000 r  i_ps/system_i/system_i/processing_system7_0/inst/PS7_i/FCLKCLK[3]
                         net (fo=1, routed)           0.341     0.341    i_ps/system_i/system_i/processing_system7_0/inst/FCLK_CLK_unbuffered[3]
    BUFGCTRL_X0Y2        BUFG (Prop_bufg_I_O)         0.029     0.370 r  i_ps/system_i/system_i/processing_system7_0/inst/buffer_fclk_clk_3.FCLK_CLK_3_BUFG/O
                         net (fo=769, routed)         0.852     1.222    i_ps/system_i/system_i/axi_protocol_convert_0/inst/gen_axilite.gen_b2s_conv.axilite_b2s/WR.b_channel_0/bid_fifo_0/aclk
    SLICE_X4Y41          SRL16E                                       r  i_ps/system_i/system_i/axi_protocol_convert_0/inst/gen_axilite.gen_b2s_conv.axilite_b2s/WR.b_channel_0/bid_fifo_0/memory_reg[3][10]_srl4/CLK
                         clock pessimism             -0.284     0.938    
    SLICE_X4Y41          SRL16E (Hold_srl16e_CLK_D)
                                                      0.040     0.978    i_ps/system_i/system_i/axi_protocol_convert_0/inst/gen_axilite.gen_b2s_conv.axilite_b2s/WR.b_channel_0/bid_fifo_0/memory_reg[3][10]_srl4
  -------------------------------------------------------------------
                         required time                         -0.978    
                         arrival time                           1.112    
  -------------------------------------------------------------------
                         slack                                  0.134    





Pulse Width Checks
--------------------------------------------------------------------------------------
Clock Name:         clk_fpga_3
Waveform(ns):       { 0.000 5.000 }
Period(ns):         10.000
Sources:            { i_ps/system_i/system_i/processing_system7_0/inst/PS7_i/FCLKCLK[3] }

Check Type        Corner  Lib Pin      Reference Pin  Required(ns)  Actual(ns)  Slack(ns)  Location       Pin
Min Period        n/a     XADC/DCLK    n/a            4.000         10.000      6.000      XADC_X0Y0      i_ps/system_i/system_i/xadc_wiz_0/inst/AXI_XADC_CORE_I/XADC_INST/DCLK
Min Period        n/a     BUFG/I       n/a            2.155         10.000      7.845      BUFGCTRL_X0Y2  i_ps/system_i/system_i/processing_system7_0/inst/buffer_fclk_clk_3.FCLK_CLK_3_BUFG/I
Min Period        n/a     FDSE/C       n/a            1.000         10.000      9.000      SLICE_X3Y30    i_ps/system_i/system_i/axi_protocol_convert_0/inst/gen_axilite.gen_b2s_conv.axilite_b2s/RD.ar_channel_0/ar_cmd_fsm_0/FSM_sequential_state_reg[0]/C
Min Period        n/a     FDRE/C       n/a            1.000         10.000      9.000      SLICE_X3Y30    i_ps/system_i/system_i/axi_protocol_convert_0/inst/gen_axilite.gen_b2s_conv.axilite_b2s/RD.ar_channel_0/ar_cmd_fsm_0/FSM_sequential_state_reg[1]/C
Min Period        n/a     FDRE/C       n/a            1.000         10.000      9.000      SLICE_X3Y32    i_ps/system_i/system_i/axi_protocol_convert_0/inst/gen_axilite.gen_b2s_conv.axilite_b2s/RD.ar_channel_0/cmd_translator_0/incr_cmd_0/axaddr_incr_reg[0]/C
Min Period        n/a     FDRE/C       n/a            1.000         10.000      9.000      SLICE_X5Y34    i_ps/system_i/system_i/axi_protocol_convert_0/inst/gen_axilite.gen_b2s_conv.axilite_b2s/RD.ar_channel_0/cmd_translator_0/incr_cmd_0/axaddr_incr_reg[10]/C
Min Period        n/a     FDRE/C       n/a            1.000         10.000      9.000      SLICE_X5Y34    i_ps/system_i/system_i/axi_protocol_convert_0/inst/gen_axilite.gen_b2s_conv.axilite_b2s/RD.ar_channel_0/cmd_translator_0/incr_cmd_0/axaddr_incr_reg[11]/C
Min Period        n/a     FDRE/C       n/a            1.000         10.000      9.000      SLICE_X3Y32    i_ps/system_i/system_i/axi_protocol_convert_0/inst/gen_axilite.gen_b2s_conv.axilite_b2s/RD.ar_channel_0/cmd_translator_0/incr_cmd_0/axaddr_incr_reg[1]/C
Min Period        n/a     FDRE/C       n/a            1.000         10.000      9.000      SLICE_X5Y34    i_ps/system_i/system_i/axi_protocol_convert_0/inst/gen_axilite.gen_b2s_conv.axilite_b2s/RD.ar_channel_0/cmd_translator_0/incr_cmd_0/axaddr_incr_reg[2]/C
Min Period        n/a     FDRE/C       n/a            1.000         10.000      9.000      SLICE_X3Y32    i_ps/system_i/system_i/axi_protocol_convert_0/inst/gen_axilite.gen_b2s_conv.axilite_b2s/RD.ar_channel_0/cmd_translator_0/incr_cmd_0/axaddr_incr_reg[3]/C
Low Pulse Width   Slow    SRLC32E/CLK  n/a            0.980         5.000       4.020      SLICE_X4Y44    i_ps/system_i/system_i/axi_protocol_convert_0/inst/gen_axilite.gen_b2s_conv.axilite_b2s/RD.r_channel_0/rd_data_fifo_0/memory_reg[31][0]_srl32/CLK
Low Pulse Width   Fast    SRLC32E/CLK  n/a            0.980         5.000       4.020      SLICE_X4Y44    i_ps/system_i/system_i/axi_protocol_convert_0/inst/gen_axilite.gen_b2s_conv.axilite_b2s/RD.r_channel_0/rd_data_fifo_0/memory_reg[31][0]_srl32/CLK
Low Pulse Width   Fast    SRLC32E/CLK  n/a            0.980         5.000       4.020      SLICE_X8Y44    i_ps/system_i/system_i/axi_protocol_convert_0/inst/gen_axilite.gen_b2s_conv.axilite_b2s/RD.r_channel_0/rd_data_fifo_0/memory_reg[31][17]_srl32/CLK
Low Pulse Width   Slow    SRLC32E/CLK  n/a            0.980         5.000       4.020      SLICE_X4Y44    i_ps/system_i/system_i/axi_protocol_convert_0/inst/gen_axilite.gen_b2s_conv.axilite_b2s/RD.r_channel_0/rd_data_fifo_0/memory_reg[31][2]_srl32/CLK
Low Pulse Width   Fast    SRLC32E/CLK  n/a            0.980         5.000       4.020      SLICE_X4Y44    i_ps/system_i/system_i/axi_protocol_convert_0/inst/gen_axilite.gen_b2s_conv.axilite_b2s/RD.r_channel_0/rd_data_fifo_0/memory_reg[31][2]_srl32/CLK
Low Pulse Width   Slow    SRLC32E/CLK  n/a            0.980         5.000       4.020      SLICE_X4Y44    i_ps/system_i/system_i/axi_protocol_convert_0/inst/gen_axilite.gen_b2s_conv.axilite_b2s/RD.r_channel_0/rd_data_fifo_0/memory_reg[31][33]_srl32/CLK
Low Pulse Width   Fast    SRLC32E/CLK  n/a            0.980         5.000       4.020      SLICE_X4Y44    i_ps/system_i/system_i/axi_protocol_convert_0/inst/gen_axilite.gen_b2s_conv.axilite_b2s/RD.r_channel_0/rd_data_fifo_0/memory_reg[31][33]_srl32/CLK
Low Pulse Width   Slow    SRLC32E/CLK  n/a            0.980         5.000       4.020      SLICE_X4Y44    i_ps/system_i/system_i/axi_protocol_convert_0/inst/gen_axilite.gen_b2s_conv.axilite_b2s/RD.r_channel_0/rd_data_fifo_0/memory_reg[31][5]_srl32/CLK
Low Pulse Width   Fast    SRLC32E/CLK  n/a            0.980         5.000       4.020      SLICE_X4Y44    i_ps/system_i/system_i/axi_protocol_convert_0/inst/gen_axilite.gen_b2s_conv.axilite_b2s/RD.r_channel_0/rd_data_fifo_0/memory_reg[31][5]_srl32/CLK
Low Pulse Width   Fast    SRLC32E/CLK  n/a            0.980         5.000       4.020      SLICE_X8Y44    i_ps/system_i/system_i/axi_protocol_convert_0/inst/gen_axilite.gen_b2s_conv.axilite_b2s/RD.r_channel_0/rd_data_fifo_0/memory_reg[31][7]_srl32/CLK
High Pulse Width  Slow    SRLC32E/CLK  n/a            0.980         5.000       4.020      SLICE_X8Y44    i_ps/system_i/system_i/axi_protocol_convert_0/inst/gen_axilite.gen_b2s_conv.axilite_b2s/RD.r_channel_0/rd_data_fifo_0/memory_reg[31][17]_srl32/CLK
High Pulse Width  Fast    SRLC32E/CLK  n/a            0.980         5.000       4.020      SLICE_X4Y42    i_ps/system_i/system_i/axi_protocol_convert_0/inst/gen_axilite.gen_b2s_conv.axilite_b2s/RD.r_channel_0/rd_data_fifo_0/memory_reg[31][1]_srl32/CLK
High Pulse Width  Fast    SRLC32E/CLK  n/a            0.980         5.000       4.020      SLICE_X4Y42    i_ps/system_i/system_i/axi_protocol_convert_0/inst/gen_axilite.gen_b2s_conv.axilite_b2s/RD.r_channel_0/rd_data_fifo_0/memory_reg[31][31]_srl32/CLK
High Pulse Width  Fast    SRLC32E/CLK  n/a            0.980         5.000       4.020      SLICE_X4Y42    i_ps/system_i/system_i/axi_protocol_convert_0/inst/gen_axilite.gen_b2s_conv.axilite_b2s/RD.r_channel_0/rd_data_fifo_0/memory_reg[31][3]_srl32/CLK
High Pulse Width  Fast    SRLC32E/CLK  n/a            0.980         5.000       4.020      SLICE_X4Y42    i_ps/system_i/system_i/axi_protocol_convert_0/inst/gen_axilite.gen_b2s_conv.axilite_b2s/RD.r_channel_0/rd_data_fifo_0/memory_reg[31][4]_srl32/CLK
High Pulse Width  Slow    SRLC32E/CLK  n/a            0.980         5.000       4.020      SLICE_X8Y44    i_ps/system_i/system_i/axi_protocol_convert_0/inst/gen_axilite.gen_b2s_conv.axilite_b2s/RD.r_channel_0/rd_data_fifo_0/memory_reg[31][7]_srl32/CLK
High Pulse Width  Slow    SRLC32E/CLK  n/a            0.980         5.000       4.020      SLICE_X8Y44    i_ps/system_i/system_i/axi_protocol_convert_0/inst/gen_axilite.gen_b2s_conv.axilite_b2s/RD.r_channel_0/rd_data_fifo_0/memory_reg[31][8]_srl32/CLK
High Pulse Width  Slow    SRLC32E/CLK  n/a            0.980         5.000       4.020      SLICE_X6Y41    i_ps/system_i/system_i/axi_protocol_convert_0/inst/gen_axilite.gen_b2s_conv.axilite_b2s/RD.r_channel_0/transaction_fifo_0/memory_reg[31][0]_srl32/CLK
High Pulse Width  Slow    SRLC32E/CLK  n/a            0.980         5.000       4.020      SLICE_X8Y40    i_ps/system_i/system_i/axi_protocol_convert_0/inst/gen_axilite.gen_b2s_conv.axilite_b2s/RD.r_channel_0/transaction_fifo_0/memory_reg[31][10]_srl32/CLK
High Pulse Width  Slow    SRLC32E/CLK  n/a            0.980         5.000       4.020      SLICE_X8Y40    i_ps/system_i/system_i/axi_protocol_convert_0/inst/gen_axilite.gen_b2s_conv.axilite_b2s/RD.r_channel_0/transaction_fifo_0/memory_reg[31][11]_srl32/CLK



---------------------------------------------------------------------------------------------------
From Clock:  adc_clk
  To Clock:  pll_adc_clk

Setup :            0  Failing Endpoints,  Worst Slack        1.058ns,  Total Violation        0.000ns
Hold  :            0  Failing Endpoints,  Worst Slack        3.537ns,  Total Violation        0.000ns
---------------------------------------------------------------------------------------------------


Max Delay Paths
--------------------------------------------------------------------------------------
Slack (MET) :             1.058ns  (required time - arrival time)
  Source:                 adc_dat_a_i[7]
                            (input port clocked by adc_clk  {rise@0.000ns fall@4.000ns period=8.000ns})
  Destination:            adc_dat_a_reg[5]/D
                            (rising edge-triggered cell FDRE clocked by pll_adc_clk  {rise@0.000ns fall@4.000ns period=8.000ns})
  Path Group:             pll_adc_clk
  Path Type:              Setup (Max at Slow Process Corner)
  Requirement:            8.000ns  (pll_adc_clk rise@8.000ns - adc_clk rise@0.000ns)
  Data Path Delay:        1.070ns  (logic 1.070ns (100.000%)  route 0.000ns (0.000%))
  Logic Levels:           1  (IBUF=1)
  Input Delay:            3.400ns
  Clock Path Skew:        -2.295ns (DCD - SCD + CPR)
    Destination Clock Delay (DCD):    -2.295ns = ( 5.705 - 8.000 ) 
    Source Clock Delay      (SCD):    0.000ns
    Clock Pessimism Removal (CPR):    0.000ns
  Clock Uncertainty:      0.166ns  ((TSJ^2 + DJ^2)^1/2) / 2 + PE
    Total System Jitter     (TSJ):    0.071ns
    Discrete Jitter          (DJ):    0.118ns
    Phase Error              (PE):    0.097ns

    Location             Delay type                Incr(ns)  Path(ns)    Netlist Resource(s)
  -------------------------------------------------------------------    -------------------
                         (clock adc_clk rise edge)    0.000     0.000 r  
                         input delay                  3.400     3.400    
    Y14                                               0.000     3.400 r  adc_dat_a_i[7] (IN)
                         net (fo=0)                   0.000     3.400    adc_dat_a_i[7]
    Y14                  IBUF (Prop_ibuf_I_O)         1.070     4.470 r  adc_dat_a_i_IBUF[7]_inst/O
                         net (fo=1, routed)           0.000     4.470    adc_dat_a_i_IBUF[7]
    ILOGIC_X0Y33         FDRE                                         r  adc_dat_a_reg[5]/D
  -------------------------------------------------------------------    -------------------

                         (clock pll_adc_clk rise edge)
                                                      8.000     8.000 r  
    U18                                               0.000     8.000 r  adc_clk_p_i (IN)
                         net (fo=0)                   0.000     8.000    adc_clk_p_i
    U18                  IBUFDS (Prop_ibufds_I_O)     0.940     8.940 r  i_clk/O
                         net (fo=1, routed)           1.181    10.121    pll/adc_clk_in
    PLLE2_ADV_X0Y0       PLLE2_ADV (Prop_plle2_adv_CLKIN1_CLKOUT0)
                                                     -7.650     2.470 r  pll/pll/CLKOUT0
                         net (fo=1, routed)           1.594     4.065    lopt_2
    BUFGCTRL_X0Y0        BUFG (Prop_bufg_I_O)         0.091     4.156 r  bufg_adc_clk/O
                         net (fo=15663, routed)       1.550     5.705    ps_sys_clk
    ILOGIC_X0Y33         FDRE                                         r  adc_dat_a_reg[5]/C
                         clock pessimism              0.000     5.705    
                         clock uncertainty           -0.166     5.540    
    ILOGIC_X0Y33         FDRE (Setup_fdre_C_D)       -0.011     5.529    adc_dat_a_reg[5]
  -------------------------------------------------------------------
                         required time                          5.529    
                         arrival time                          -4.470    
  -------------------------------------------------------------------
                         slack                                  1.058    

Slack (MET) :             1.061ns  (required time - arrival time)
  Source:                 adc_dat_a_i[6]
                            (input port clocked by adc_clk  {rise@0.000ns fall@4.000ns period=8.000ns})
  Destination:            adc_dat_a_reg[4]/D
                            (rising edge-triggered cell FDRE clocked by pll_adc_clk  {rise@0.000ns fall@4.000ns period=8.000ns})
  Path Group:             pll_adc_clk
  Path Type:              Setup (Max at Slow Process Corner)
  Requirement:            8.000ns  (pll_adc_clk rise@8.000ns - adc_clk rise@0.000ns)
  Data Path Delay:        1.068ns  (logic 1.068ns (100.000%)  route 0.000ns (0.000%))
  Logic Levels:           1  (IBUF=1)
  Input Delay:            3.400ns
  Clock Path Skew:        -2.295ns (DCD - SCD + CPR)
    Destination Clock Delay (DCD):    -2.295ns = ( 5.705 - 8.000 ) 
    Source Clock Delay      (SCD):    0.000ns
    Clock Pessimism Removal (CPR):    0.000ns
  Clock Uncertainty:      0.166ns  ((TSJ^2 + DJ^2)^1/2) / 2 + PE
    Total System Jitter     (TSJ):    0.071ns
    Discrete Jitter          (DJ):    0.118ns
    Phase Error              (PE):    0.097ns

    Location             Delay type                Incr(ns)  Path(ns)    Netlist Resource(s)
  -------------------------------------------------------------------    -------------------
                         (clock adc_clk rise edge)    0.000     0.000 r  
                         input delay                  3.400     3.400    
    W14                                               0.000     3.400 r  adc_dat_a_i[6] (IN)
                         net (fo=0)                   0.000     3.400    adc_dat_a_i[6]
    W14                  IBUF (Prop_ibuf_I_O)         1.068     4.468 r  adc_dat_a_i_IBUF[6]_inst/O
                         net (fo=1, routed)           0.000     4.468    adc_dat_a_i_IBUF[6]
    ILOGIC_X0Y34         FDRE                                         r  adc_dat_a_reg[4]/D
  -------------------------------------------------------------------    -------------------

                         (clock pll_adc_clk rise edge)
                                                      8.000     8.000 r  
    U18                                               0.000     8.000 r  adc_clk_p_i (IN)
                         net (fo=0)                   0.000     8.000    adc_clk_p_i
    U18                  IBUFDS (Prop_ibufds_I_O)     0.940     8.940 r  i_clk/O
                         net (fo=1, routed)           1.181    10.121    pll/adc_clk_in
    PLLE2_ADV_X0Y0       PLLE2_ADV (Prop_plle2_adv_CLKIN1_CLKOUT0)
                                                     -7.650     2.470 r  pll/pll/CLKOUT0
                         net (fo=1, routed)           1.594     4.065    lopt_2
    BUFGCTRL_X0Y0        BUFG (Prop_bufg_I_O)         0.091     4.156 r  bufg_adc_clk/O
                         net (fo=15663, routed)       1.550     5.705    ps_sys_clk
    ILOGIC_X0Y34         FDRE                                         r  adc_dat_a_reg[4]/C
                         clock pessimism              0.000     5.705    
                         clock uncertainty           -0.166     5.540    
    ILOGIC_X0Y34         FDRE (Setup_fdre_C_D)       -0.011     5.529    adc_dat_a_reg[4]
  -------------------------------------------------------------------
                         required time                          5.529    
                         arrival time                          -4.468    
  -------------------------------------------------------------------
                         slack                                  1.061    

Slack (MET) :             1.070ns  (required time - arrival time)
  Source:                 adc_dat_a_i[13]
                            (input port clocked by adc_clk  {rise@0.000ns fall@4.000ns period=8.000ns})
  Destination:            adc_dat_a_reg[11]/D
                            (rising edge-triggered cell FDRE clocked by pll_adc_clk  {rise@0.000ns fall@4.000ns period=8.000ns})
  Path Group:             pll_adc_clk
  Path Type:              Setup (Max at Slow Process Corner)
  Requirement:            8.000ns  (pll_adc_clk rise@8.000ns - adc_clk rise@0.000ns)
  Data Path Delay:        1.054ns  (logic 1.054ns (100.000%)  route 0.000ns (0.000%))
  Logic Levels:           1  (IBUF=1)
  Input Delay:            3.400ns
  Clock Path Skew:        -2.299ns (DCD - SCD + CPR)
    Destination Clock Delay (DCD):    -2.299ns = ( 5.701 - 8.000 ) 
    Source Clock Delay      (SCD):    0.000ns
    Clock Pessimism Removal (CPR):    0.000ns
  Clock Uncertainty:      0.166ns  ((TSJ^2 + DJ^2)^1/2) / 2 + PE
    Total System Jitter     (TSJ):    0.071ns
    Discrete Jitter          (DJ):    0.118ns
    Phase Error              (PE):    0.097ns

    Location             Delay type                Incr(ns)  Path(ns)    Netlist Resource(s)
  -------------------------------------------------------------------    -------------------
                         (clock adc_clk rise edge)    0.000     0.000 r  
                         input delay                  3.400     3.400    
    V15                                               0.000     3.400 r  adc_dat_a_i[13] (IN)
                         net (fo=0)                   0.000     3.400    adc_dat_a_i[13]
    V15                  IBUF (Prop_ibuf_I_O)         1.054     4.454 r  adc_dat_a_i_IBUF[13]_inst/O
                         net (fo=1, routed)           0.000     4.454    adc_dat_a_i_IBUF[13]
    ILOGIC_X0Y30         FDRE                                         r  adc_dat_a_reg[11]/D
  -------------------------------------------------------------------    -------------------

                         (clock pll_adc_clk rise edge)
                                                      8.000     8.000 r  
    U18                                               0.000     8.000 r  adc_clk_p_i (IN)
                         net (fo=0)                   0.000     8.000    adc_clk_p_i
    U18                  IBUFDS (Prop_ibufds_I_O)     0.940     8.940 r  i_clk/O
                         net (fo=1, routed)           1.181    10.121    pll/adc_clk_in
    PLLE2_ADV_X0Y0       PLLE2_ADV (Prop_plle2_adv_CLKIN1_CLKOUT0)
                                                     -7.650     2.470 r  pll/pll/CLKOUT0
                         net (fo=1, routed)           1.594     4.065    lopt_2
    BUFGCTRL_X0Y0        BUFG (Prop_bufg_I_O)         0.091     4.156 r  bufg_adc_clk/O
                         net (fo=15663, routed)       1.546     5.701    ps_sys_clk
    ILOGIC_X0Y30         FDRE                                         r  adc_dat_a_reg[11]/C
                         clock pessimism              0.000     5.701    
                         clock uncertainty           -0.166     5.536    
    ILOGIC_X0Y30         FDRE (Setup_fdre_C_D)       -0.011     5.525    adc_dat_a_reg[11]
  -------------------------------------------------------------------
                         required time                          5.525    
                         arrival time                          -4.454    
  -------------------------------------------------------------------
                         slack                                  1.070    

Slack (MET) :             1.077ns  (required time - arrival time)
  Source:                 adc_dat_a_i[5]
                            (input port clocked by adc_clk  {rise@0.000ns fall@4.000ns period=8.000ns})
  Destination:            adc_dat_a_reg[3]/D
                            (rising edge-triggered cell FDRE clocked by pll_adc_clk  {rise@0.000ns fall@4.000ns period=8.000ns})
  Path Group:             pll_adc_clk
  Path Type:              Setup (Max at Slow Process Corner)
  Requirement:            8.000ns  (pll_adc_clk rise@8.000ns - adc_clk rise@0.000ns)
  Data Path Delay:        1.048ns  (logic 1.048ns (100.000%)  route 0.000ns (0.000%))
  Logic Levels:           1  (IBUF=1)
  Input Delay:            3.400ns
  Clock Path Skew:        -2.299ns (DCD - SCD + CPR)
    Destination Clock Delay (DCD):    -2.299ns = ( 5.701 - 8.000 ) 
    Source Clock Delay      (SCD):    0.000ns
    Clock Pessimism Removal (CPR):    0.000ns
  Clock Uncertainty:      0.166ns  ((TSJ^2 + DJ^2)^1/2) / 2 + PE
    Total System Jitter     (TSJ):    0.071ns
    Discrete Jitter          (DJ):    0.118ns
    Phase Error              (PE):    0.097ns

    Location             Delay type                Incr(ns)  Path(ns)    Netlist Resource(s)
  -------------------------------------------------------------------    -------------------
                         (clock adc_clk rise edge)    0.000     0.000 r  
                         input delay                  3.400     3.400    
    W15                                               0.000     3.400 r  adc_dat_a_i[5] (IN)
                         net (fo=0)                   0.000     3.400    adc_dat_a_i[5]
    W15                  IBUF (Prop_ibuf_I_O)         1.048     4.448 r  adc_dat_a_i_IBUF[5]_inst/O
                         net (fo=1, routed)           0.000     4.448    adc_dat_a_i_IBUF[5]
    ILOGIC_X0Y29         FDRE                                         r  adc_dat_a_reg[3]/D
  -------------------------------------------------------------------    -------------------

                         (clock pll_adc_clk rise edge)
                                                      8.000     8.000 r  
    U18                                               0.000     8.000 r  adc_clk_p_i (IN)
                         net (fo=0)                   0.000     8.000    adc_clk_p_i
    U18                  IBUFDS (Prop_ibufds_I_O)     0.940     8.940 r  i_clk/O
                         net (fo=1, routed)           1.181    10.121    pll/adc_clk_in
    PLLE2_ADV_X0Y0       PLLE2_ADV (Prop_plle2_adv_CLKIN1_CLKOUT0)
                                                     -7.650     2.470 r  pll/pll/CLKOUT0
                         net (fo=1, routed)           1.594     4.065    lopt_2
    BUFGCTRL_X0Y0        BUFG (Prop_bufg_I_O)         0.091     4.156 r  bufg_adc_clk/O
                         net (fo=15663, routed)       1.546     5.701    ps_sys_clk
    ILOGIC_X0Y29         FDRE                                         r  adc_dat_a_reg[3]/C
                         clock pessimism              0.000     5.701    
                         clock uncertainty           -0.166     5.536    
    ILOGIC_X0Y29         FDRE (Setup_fdre_C_D)       -0.011     5.525    adc_dat_a_reg[3]
  -------------------------------------------------------------------
                         required time                          5.525    
                         arrival time                          -4.448    
  -------------------------------------------------------------------
                         slack                                  1.077    

Slack (MET) :             1.078ns  (required time - arrival time)
  Source:                 adc_dat_a_i[4]
                            (input port clocked by adc_clk  {rise@0.000ns fall@4.000ns period=8.000ns})
  Destination:            adc_dat_a_reg[2]/D
                            (rising edge-triggered cell FDRE clocked by pll_adc_clk  {rise@0.000ns fall@4.000ns period=8.000ns})
  Path Group:             pll_adc_clk
  Path Type:              Setup (Max at Slow Process Corner)
  Requirement:            8.000ns  (pll_adc_clk rise@8.000ns - adc_clk rise@0.000ns)
  Data Path Delay:        1.052ns  (logic 1.052ns (100.000%)  route 0.000ns (0.000%))
  Logic Levels:           1  (IBUF=1)
  Input Delay:            3.400ns
  Clock Path Skew:        -2.294ns (DCD - SCD + CPR)
    Destination Clock Delay (DCD):    -2.294ns = ( 5.706 - 8.000 ) 
    Source Clock Delay      (SCD):    0.000ns
    Clock Pessimism Removal (CPR):    0.000ns
  Clock Uncertainty:      0.166ns  ((TSJ^2 + DJ^2)^1/2) / 2 + PE
    Total System Jitter     (TSJ):    0.071ns
    Discrete Jitter          (DJ):    0.118ns
    Phase Error              (PE):    0.097ns

    Location             Delay type                Incr(ns)  Path(ns)    Netlist Resource(s)
  -------------------------------------------------------------------    -------------------
                         (clock adc_clk rise edge)    0.000     0.000 r  
                         input delay                  3.400     3.400    
    Y16                                               0.000     3.400 r  adc_dat_a_i[4] (IN)
                         net (fo=0)                   0.000     3.400    adc_dat_a_i[4]
    Y16                  IBUF (Prop_ibuf_I_O)         1.052     4.452 r  adc_dat_a_i_IBUF[4]_inst/O
                         net (fo=1, routed)           0.000     4.452    adc_dat_a_i_IBUF[4]
    ILOGIC_X0Y36         FDRE                                         r  adc_dat_a_reg[2]/D
  -------------------------------------------------------------------    -------------------

                         (clock pll_adc_clk rise edge)
                                                      8.000     8.000 r  
    U18                                               0.000     8.000 r  adc_clk_p_i (IN)
                         net (fo=0)                   0.000     8.000    adc_clk_p_i
    U18                  IBUFDS (Prop_ibufds_I_O)     0.940     8.940 r  i_clk/O
                         net (fo=1, routed)           1.181    10.121    pll/adc_clk_in
    PLLE2_ADV_X0Y0       PLLE2_ADV (Prop_plle2_adv_CLKIN1_CLKOUT0)
                                                     -7.650     2.470 r  pll/pll/CLKOUT0
                         net (fo=1, routed)           1.594     4.065    lopt_2
    BUFGCTRL_X0Y0        BUFG (Prop_bufg_I_O)         0.091     4.156 r  bufg_adc_clk/O
                         net (fo=15663, routed)       1.551     5.706    ps_sys_clk
    ILOGIC_X0Y36         FDRE                                         r  adc_dat_a_reg[2]/C
                         clock pessimism              0.000     5.706    
                         clock uncertainty           -0.166     5.541    
    ILOGIC_X0Y36         FDRE (Setup_fdre_C_D)       -0.011     5.530    adc_dat_a_reg[2]
  -------------------------------------------------------------------
                         required time                          5.530    
                         arrival time                          -4.452    
  -------------------------------------------------------------------
                         slack                                  1.078    

Slack (MET) :             1.084ns  (required time - arrival time)
  Source:                 adc_dat_a_i[2]
                            (input port clocked by adc_clk  {rise@0.000ns fall@4.000ns period=8.000ns})
  Destination:            adc_dat_a_reg[0]/D
                            (rising edge-triggered cell FDRE clocked by pll_adc_clk  {rise@0.000ns fall@4.000ns period=8.000ns})
  Path Group:             pll_adc_clk
  Path Type:              Setup (Max at Slow Process Corner)
  Requirement:            8.000ns  (pll_adc_clk rise@8.000ns - adc_clk rise@0.000ns)
  Data Path Delay:        1.045ns  (logic 1.045ns (100.000%)  route 0.000ns (0.000%))
  Logic Levels:           1  (IBUF=1)
  Input Delay:            3.400ns
  Clock Path Skew:        -2.294ns (DCD - SCD + CPR)
    Destination Clock Delay (DCD):    -2.294ns = ( 5.706 - 8.000 ) 
    Source Clock Delay      (SCD):    0.000ns
    Clock Pessimism Removal (CPR):    0.000ns
  Clock Uncertainty:      0.166ns  ((TSJ^2 + DJ^2)^1/2) / 2 + PE
    Total System Jitter     (TSJ):    0.071ns
    Discrete Jitter          (DJ):    0.118ns
    Phase Error              (PE):    0.097ns

    Location             Delay type                Incr(ns)  Path(ns)    Netlist Resource(s)
  -------------------------------------------------------------------    -------------------
                         (clock adc_clk rise edge)    0.000     0.000 r  
                         input delay                  3.400     3.400    
    Y17                                               0.000     3.400 r  adc_dat_a_i[2] (IN)
                         net (fo=0)                   0.000     3.400    adc_dat_a_i[2]
    Y17                  IBUF (Prop_ibuf_I_O)         1.045     4.445 r  adc_dat_a_i_IBUF[2]_inst/O
                         net (fo=1, routed)           0.000     4.445    adc_dat_a_i_IBUF[2]
    ILOGIC_X0Y35         FDRE                                         r  adc_dat_a_reg[0]/D
  -------------------------------------------------------------------    -------------------

                         (clock pll_adc_clk rise edge)
                                                      8.000     8.000 r  
    U18                                               0.000     8.000 r  adc_clk_p_i (IN)
                         net (fo=0)                   0.000     8.000    adc_clk_p_i
    U18                  IBUFDS (Prop_ibufds_I_O)     0.940     8.940 r  i_clk/O
                         net (fo=1, routed)           1.181    10.121    pll/adc_clk_in
    PLLE2_ADV_X0Y0       PLLE2_ADV (Prop_plle2_adv_CLKIN1_CLKOUT0)
                                                     -7.650     2.470 r  pll/pll/CLKOUT0
                         net (fo=1, routed)           1.594     4.065    lopt_2
    BUFGCTRL_X0Y0        BUFG (Prop_bufg_I_O)         0.091     4.156 r  bufg_adc_clk/O
                         net (fo=15663, routed)       1.551     5.706    ps_sys_clk
    ILOGIC_X0Y35         FDRE                                         r  adc_dat_a_reg[0]/C
                         clock pessimism              0.000     5.706    
                         clock uncertainty           -0.166     5.541    
    ILOGIC_X0Y35         FDRE (Setup_fdre_C_D)       -0.011     5.530    adc_dat_a_reg[0]
  -------------------------------------------------------------------
                         required time                          5.530    
                         arrival time                          -4.445    
  -------------------------------------------------------------------
                         slack                                  1.084    

Slack (MET) :             1.109ns  (required time - arrival time)
  Source:                 adc_dat_a_i[8]
                            (input port clocked by adc_clk  {rise@0.000ns fall@4.000ns period=8.000ns})
  Destination:            adc_dat_a_reg[6]/D
                            (rising edge-triggered cell FDRE clocked by pll_adc_clk  {rise@0.000ns fall@4.000ns period=8.000ns})
  Path Group:             pll_adc_clk
  Path Type:              Setup (Max at Slow Process Corner)
  Requirement:            8.000ns  (pll_adc_clk rise@8.000ns - adc_clk rise@0.000ns)
  Data Path Delay:        1.024ns  (logic 1.024ns (100.000%)  route 0.000ns (0.000%))
  Logic Levels:           1  (IBUF=1)
  Input Delay:            3.400ns
  Clock Path Skew:        -2.290ns (DCD - SCD + CPR)
    Destination Clock Delay (DCD):    -2.290ns = ( 5.710 - 8.000 ) 
    Source Clock Delay      (SCD):    0.000ns
    Clock Pessimism Removal (CPR):    0.000ns
  Clock Uncertainty:      0.166ns  ((TSJ^2 + DJ^2)^1/2) / 2 + PE
    Total System Jitter     (TSJ):    0.071ns
    Discrete Jitter          (DJ):    0.118ns
    Phase Error              (PE):    0.097ns

    Location             Delay type                Incr(ns)  Path(ns)    Netlist Resource(s)
  -------------------------------------------------------------------    -------------------
                         (clock adc_clk rise edge)    0.000     0.000 r  
                         input delay                  3.400     3.400    
    W13                                               0.000     3.400 r  adc_dat_a_i[8] (IN)
                         net (fo=0)                   0.000     3.400    adc_dat_a_i[8]
    W13                  IBUF (Prop_ibuf_I_O)         1.024     4.424 r  adc_dat_a_i_IBUF[8]_inst/O
                         net (fo=1, routed)           0.000     4.424    adc_dat_a_i_IBUF[8]
    ILOGIC_X0Y41         FDRE                                         r  adc_dat_a_reg[6]/D
  -------------------------------------------------------------------    -------------------

                         (clock pll_adc_clk rise edge)
                                                      8.000     8.000 r  
    U18                                               0.000     8.000 r  adc_clk_p_i (IN)
                         net (fo=0)                   0.000     8.000    adc_clk_p_i
    U18                  IBUFDS (Prop_ibufds_I_O)     0.940     8.940 r  i_clk/O
                         net (fo=1, routed)           1.181    10.121    pll/adc_clk_in
    PLLE2_ADV_X0Y0       PLLE2_ADV (Prop_plle2_adv_CLKIN1_CLKOUT0)
                                                     -7.650     2.470 r  pll/pll/CLKOUT0
                         net (fo=1, routed)           1.594     4.065    lopt_2
    BUFGCTRL_X0Y0        BUFG (Prop_bufg_I_O)         0.091     4.156 r  bufg_adc_clk/O
                         net (fo=15663, routed)       1.555     5.710    ps_sys_clk
    ILOGIC_X0Y41         FDRE                                         r  adc_dat_a_reg[6]/C
                         clock pessimism              0.000     5.710    
                         clock uncertainty           -0.166     5.545    
    ILOGIC_X0Y41         FDRE (Setup_fdre_C_D)       -0.011     5.534    adc_dat_a_reg[6]
  -------------------------------------------------------------------
                         required time                          5.534    
                         arrival time                          -4.424    
  -------------------------------------------------------------------
                         slack                                  1.109    

Slack (MET) :             1.114ns  (required time - arrival time)
  Source:                 adc_dat_a_i[14]
                            (input port clocked by adc_clk  {rise@0.000ns fall@4.000ns period=8.000ns})
  Destination:            adc_dat_a_reg[12]/D
                            (rising edge-triggered cell FDRE clocked by pll_adc_clk  {rise@0.000ns fall@4.000ns period=8.000ns})
  Path Group:             pll_adc_clk
  Path Type:              Setup (Max at Slow Process Corner)
  Requirement:            8.000ns  (pll_adc_clk rise@8.000ns - adc_clk rise@0.000ns)
  Data Path Delay:        1.013ns  (logic 1.013ns (100.000%)  route 0.000ns (0.000%))
  Logic Levels:           1  (IBUF=1)
  Input Delay:            3.400ns
  Clock Path Skew:        -2.296ns (DCD - SCD + CPR)
    Destination Clock Delay (DCD):    -2.296ns = ( 5.704 - 8.000 ) 
    Source Clock Delay      (SCD):    0.000ns
    Clock Pessimism Removal (CPR):    0.000ns
  Clock Uncertainty:      0.166ns  ((TSJ^2 + DJ^2)^1/2) / 2 + PE
    Total System Jitter     (TSJ):    0.071ns
    Discrete Jitter          (DJ):    0.118ns
    Phase Error              (PE):    0.097ns

    Location             Delay type                Incr(ns)  Path(ns)    Netlist Resource(s)
  -------------------------------------------------------------------    -------------------
                         (clock adc_clk rise edge)    0.000     0.000 r  
                         input delay                  3.400     3.400    
    T16                                               0.000     3.400 r  adc_dat_a_i[14] (IN)
                         net (fo=0)                   0.000     3.400    adc_dat_a_i[14]
    T16                  IBUF (Prop_ibuf_I_O)         1.013     4.413 r  adc_dat_a_i_IBUF[14]_inst/O
                         net (fo=1, routed)           0.000     4.413    adc_dat_a_i_IBUF[14]
    ILOGIC_X0Y32         FDRE                                         r  adc_dat_a_reg[12]/D
  -------------------------------------------------------------------    -------------------

                         (clock pll_adc_clk rise edge)
                                                      8.000     8.000 r  
    U18                                               0.000     8.000 r  adc_clk_p_i (IN)
                         net (fo=0)                   0.000     8.000    adc_clk_p_i
    U18                  IBUFDS (Prop_ibufds_I_O)     0.940     8.940 r  i_clk/O
                         net (fo=1, routed)           1.181    10.121    pll/adc_clk_in
    PLLE2_ADV_X0Y0       PLLE2_ADV (Prop_plle2_adv_CLKIN1_CLKOUT0)
                                                     -7.650     2.470 r  pll/pll/CLKOUT0
                         net (fo=1, routed)           1.594     4.065    lopt_2
    BUFGCTRL_X0Y0        BUFG (Prop_bufg_I_O)         0.091     4.156 r  bufg_adc_clk/O
                         net (fo=15663, routed)       1.549     5.704    ps_sys_clk
    ILOGIC_X0Y32         FDRE                                         r  adc_dat_a_reg[12]/C
                         clock pessimism              0.000     5.704    
                         clock uncertainty           -0.166     5.539    
    ILOGIC_X0Y32         FDRE (Setup_fdre_C_D)       -0.011     5.528    adc_dat_a_reg[12]
  -------------------------------------------------------------------
                         required time                          5.528    
                         arrival time                          -4.413    
  -------------------------------------------------------------------
                         slack                                  1.114    

Slack (MET) :             1.116ns  (required time - arrival time)
  Source:                 adc_dat_a_i[9]
                            (input port clocked by adc_clk  {rise@0.000ns fall@4.000ns period=8.000ns})
  Destination:            adc_dat_a_reg[7]/D
                            (rising edge-triggered cell FDRE clocked by pll_adc_clk  {rise@0.000ns fall@4.000ns period=8.000ns})
  Path Group:             pll_adc_clk
  Path Type:              Setup (Max at Slow Process Corner)
  Requirement:            8.000ns  (pll_adc_clk rise@8.000ns - adc_clk rise@0.000ns)
  Data Path Delay:        1.018ns  (logic 1.018ns (100.000%)  route 0.000ns (0.000%))
  Logic Levels:           1  (IBUF=1)
  Input Delay:            3.400ns
  Clock Path Skew:        -2.290ns (DCD - SCD + CPR)
    Destination Clock Delay (DCD):    -2.290ns = ( 5.710 - 8.000 ) 
    Source Clock Delay      (SCD):    0.000ns
    Clock Pessimism Removal (CPR):    0.000ns
  Clock Uncertainty:      0.166ns  ((TSJ^2 + DJ^2)^1/2) / 2 + PE
    Total System Jitter     (TSJ):    0.071ns
    Discrete Jitter          (DJ):    0.118ns
    Phase Error              (PE):    0.097ns

    Location             Delay type                Incr(ns)  Path(ns)    Netlist Resource(s)
  -------------------------------------------------------------------    -------------------
                         (clock adc_clk rise edge)    0.000     0.000 r  
                         input delay                  3.400     3.400    
    V12                                               0.000     3.400 r  adc_dat_a_i[9] (IN)
                         net (fo=0)                   0.000     3.400    adc_dat_a_i[9]
    V12                  IBUF (Prop_ibuf_I_O)         1.018     4.418 r  adc_dat_a_i_IBUF[9]_inst/O
                         net (fo=1, routed)           0.000     4.418    adc_dat_a_i_IBUF[9]
    ILOGIC_X0Y42         FDRE                                         r  adc_dat_a_reg[7]/D
  -------------------------------------------------------------------    -------------------

                         (clock pll_adc_clk rise edge)
                                                      8.000     8.000 r  
    U18                                               0.000     8.000 r  adc_clk_p_i (IN)
                         net (fo=0)                   0.000     8.000    adc_clk_p_i
    U18                  IBUFDS (Prop_ibufds_I_O)     0.940     8.940 r  i_clk/O
                         net (fo=1, routed)           1.181    10.121    pll/adc_clk_in
    PLLE2_ADV_X0Y0       PLLE2_ADV (Prop_plle2_adv_CLKIN1_CLKOUT0)
                                                     -7.650     2.470 r  pll/pll/CLKOUT0
                         net (fo=1, routed)           1.594     4.065    lopt_2
    BUFGCTRL_X0Y0        BUFG (Prop_bufg_I_O)         0.091     4.156 r  bufg_adc_clk/O
                         net (fo=15663, routed)       1.555     5.710    ps_sys_clk
    ILOGIC_X0Y42         FDRE                                         r  adc_dat_a_reg[7]/C
                         clock pessimism              0.000     5.710    
                         clock uncertainty           -0.166     5.545    
    ILOGIC_X0Y42         FDRE (Setup_fdre_C_D)       -0.011     5.534    adc_dat_a_reg[7]
  -------------------------------------------------------------------
                         required time                          5.534    
                         arrival time                          -4.418    
  -------------------------------------------------------------------
                         slack                                  1.116    

Slack (MET) :             1.129ns  (required time - arrival time)
  Source:                 adc_dat_a_i[10]
                            (input port clocked by adc_clk  {rise@0.000ns fall@4.000ns period=8.000ns})
  Destination:            adc_dat_a_reg[8]/D
                            (rising edge-triggered cell FDRE clocked by pll_adc_clk  {rise@0.000ns fall@4.000ns period=8.000ns})
  Path Group:             pll_adc_clk
  Path Type:              Setup (Max at Slow Process Corner)
  Requirement:            8.000ns  (pll_adc_clk rise@8.000ns - adc_clk rise@0.000ns)
  Data Path Delay:        1.004ns  (logic 1.004ns (100.000%)  route 0.000ns (0.000%))
  Logic Levels:           1  (IBUF=1)
  Input Delay:            3.400ns
  Clock Path Skew:        -2.290ns (DCD - SCD + CPR)
    Destination Clock Delay (DCD):    -2.290ns = ( 5.710 - 8.000 ) 
    Source Clock Delay      (SCD):    0.000ns
    Clock Pessimism Removal (CPR):    0.000ns
  Clock Uncertainty:      0.166ns  ((TSJ^2 + DJ^2)^1/2) / 2 + PE
    Total System Jitter     (TSJ):    0.071ns
    Discrete Jitter          (DJ):    0.118ns
    Phase Error              (PE):    0.097ns

    Location             Delay type                Incr(ns)  Path(ns)    Netlist Resource(s)
  -------------------------------------------------------------------    -------------------
                         (clock adc_clk rise edge)    0.000     0.000 r  
                         input delay                  3.400     3.400    
    V13                                               0.000     3.400 r  adc_dat_a_i[10] (IN)
                         net (fo=0)                   0.000     3.400    adc_dat_a_i[10]
    V13                  IBUF (Prop_ibuf_I_O)         1.004     4.404 r  adc_dat_a_i_IBUF[10]_inst/O
                         net (fo=1, routed)           0.000     4.404    adc_dat_a_i_IBUF[10]
    ILOGIC_X0Y43         FDRE                                         r  adc_dat_a_reg[8]/D
  -------------------------------------------------------------------    -------------------

                         (clock pll_adc_clk rise edge)
                                                      8.000     8.000 r  
    U18                                               0.000     8.000 r  adc_clk_p_i (IN)
                         net (fo=0)                   0.000     8.000    adc_clk_p_i
    U18                  IBUFDS (Prop_ibufds_I_O)     0.940     8.940 r  i_clk/O
                         net (fo=1, routed)           1.181    10.121    pll/adc_clk_in
    PLLE2_ADV_X0Y0       PLLE2_ADV (Prop_plle2_adv_CLKIN1_CLKOUT0)
                                                     -7.650     2.470 r  pll/pll/CLKOUT0
                         net (fo=1, routed)           1.594     4.065    lopt_2
    BUFGCTRL_X0Y0        BUFG (Prop_bufg_I_O)         0.091     4.156 r  bufg_adc_clk/O
                         net (fo=15663, routed)       1.555     5.710    ps_sys_clk
    ILOGIC_X0Y43         FDRE                                         r  adc_dat_a_reg[8]/C
                         clock pessimism              0.000     5.710    
                         clock uncertainty           -0.166     5.545    
    ILOGIC_X0Y43         FDRE (Setup_fdre_C_D)       -0.011     5.534    adc_dat_a_reg[8]
  -------------------------------------------------------------------
                         required time                          5.534    
                         arrival time                          -4.404    
  -------------------------------------------------------------------
                         slack                                  1.129    





Min Delay Paths
--------------------------------------------------------------------------------------
Slack (MET) :             3.537ns  (arrival time - required time)
  Source:                 adc_dat_b_i[3]
                            (input port clocked by adc_clk  {rise@0.000ns fall@4.000ns period=8.000ns})
  Destination:            adc_dat_b_reg[1]/D
                            (rising edge-triggered cell FDRE clocked by pll_adc_clk  {rise@0.000ns fall@4.000ns period=8.000ns})
  Path Group:             pll_adc_clk
  Path Type:              Hold (Min at Fast Process Corner)
  Requirement:            0.000ns  (pll_adc_clk rise@0.000ns - adc_clk rise@0.000ns)
  Data Path Delay:        0.168ns  (logic 0.168ns (100.000%)  route 0.000ns (0.000%))
  Logic Levels:           1  (IBUF=1)
  Input Delay:            3.400ns
  Clock Path Skew:        -0.203ns (DCD - SCD - CPR)
    Destination Clock Delay (DCD):    -0.203ns
    Source Clock Delay      (SCD):    0.000ns
    Clock Pessimism Removal (CPR):    -0.000ns
  Clock Uncertainty:      0.166ns  ((TSJ^2 + DJ^2)^1/2) / 2 + PE
    Total System Jitter     (TSJ):    0.071ns
    Discrete Jitter          (DJ):    0.118ns
    Phase Error              (PE):    0.097ns

    Location             Delay type                Incr(ns)  Path(ns)    Netlist Resource(s)
  -------------------------------------------------------------------    -------------------
                         (clock adc_clk rise edge)    0.000     0.000 r  
                         input delay                  3.400     3.400    
    P16                                               0.000     3.400 r  adc_dat_b_i[3] (IN)
                         net (fo=0)                   0.000     3.400    adc_dat_b_i[3]
    P16                  IBUF (Prop_ibuf_I_O)         0.168     3.568 r  adc_dat_b_i_IBUF[3]_inst/O
                         net (fo=1, routed)           0.000     3.568    adc_dat_b_i_IBUF[3]
    ILOGIC_X0Y1          FDRE                                         r  adc_dat_b_reg[1]/D
  -------------------------------------------------------------------    -------------------

                         (clock pll_adc_clk rise edge)
                                                      0.000     0.000 r  
    U18                                               0.000     0.000 r  adc_clk_p_i (IN)
                         net (fo=0)                   0.000     0.000    adc_clk_p_i
    U18                  IBUFDS (Prop_ibufds_I_O)     0.433     0.433 r  i_clk/O
                         net (fo=1, routed)           0.481     0.914    pll/adc_clk_in
    PLLE2_ADV_X0Y0       PLLE2_ADV (Prop_plle2_adv_CLKIN1_CLKOUT0)
                                                     -2.546    -1.632 r  pll/pll/CLKOUT0
                         net (fo=1, routed)           0.544    -1.088    lopt_2
    BUFGCTRL_X0Y0        BUFG (Prop_bufg_I_O)         0.029    -1.059 r  bufg_adc_clk/O
                         net (fo=15663, routed)       0.856    -0.203    ps_sys_clk
    ILOGIC_X0Y1          FDRE                                         r  adc_dat_b_reg[1]/C
                         clock pessimism              0.000    -0.203    
                         clock uncertainty            0.166    -0.037    
    ILOGIC_X0Y1          FDRE (Hold_fdre_C_D)         0.068     0.031    adc_dat_b_reg[1]
  -------------------------------------------------------------------
                         required time                         -0.031    
                         arrival time                           3.568    
  -------------------------------------------------------------------
                         slack                                  3.537    

Slack (MET) :             3.544ns  (arrival time - required time)
  Source:                 adc_dat_b_i[2]
                            (input port clocked by adc_clk  {rise@0.000ns fall@4.000ns period=8.000ns})
  Destination:            adc_dat_b_reg[0]/D
                            (rising edge-triggered cell FDRE clocked by pll_adc_clk  {rise@0.000ns fall@4.000ns period=8.000ns})
  Path Group:             pll_adc_clk
  Path Type:              Hold (Min at Fast Process Corner)
  Requirement:            0.000ns  (pll_adc_clk rise@0.000ns - adc_clk rise@0.000ns)
  Data Path Delay:        0.173ns  (logic 0.173ns (100.000%)  route 0.000ns (0.000%))
  Logic Levels:           1  (IBUF=1)
  Input Delay:            3.400ns
  Clock Path Skew:        -0.205ns (DCD - SCD - CPR)
    Destination Clock Delay (DCD):    -0.205ns
    Source Clock Delay      (SCD):    0.000ns
    Clock Pessimism Removal (CPR):    -0.000ns
  Clock Uncertainty:      0.166ns  ((TSJ^2 + DJ^2)^1/2) / 2 + PE
    Total System Jitter     (TSJ):    0.071ns
    Discrete Jitter          (DJ):    0.118ns
    Phase Error              (PE):    0.097ns

    Location             Delay type                Incr(ns)  Path(ns)    Netlist Resource(s)
  -------------------------------------------------------------------    -------------------
                         (clock adc_clk rise edge)    0.000     0.000 r  
                         input delay                  3.400     3.400    
    R18                                               0.000     3.400 r  adc_dat_b_i[2] (IN)
                         net (fo=0)                   0.000     3.400    adc_dat_b_i[2]
    R18                  IBUF (Prop_ibuf_I_O)         0.173     3.573 r  adc_dat_b_i_IBUF[2]_inst/O
                         net (fo=1, routed)           0.000     3.573    adc_dat_b_i_IBUF[2]
    ILOGIC_X0Y9          FDRE                                         r  adc_dat_b_reg[0]/D
  -------------------------------------------------------------------    -------------------

                         (clock pll_adc_clk rise edge)
                                                      0.000     0.000 r  
    U18                                               0.000     0.000 r  adc_clk_p_i (IN)
                         net (fo=0)                   0.000     0.000    adc_clk_p_i
    U18                  IBUFDS (Prop_ibufds_I_O)     0.433     0.433 r  i_clk/O
                         net (fo=1, routed)           0.481     0.914    pll/adc_clk_in
    PLLE2_ADV_X0Y0       PLLE2_ADV (Prop_plle2_adv_CLKIN1_CLKOUT0)
                                                     -2.546    -1.632 r  pll/pll/CLKOUT0
                         net (fo=1, routed)           0.544    -1.088    lopt_2
    BUFGCTRL_X0Y0        BUFG (Prop_bufg_I_O)         0.029    -1.059 r  bufg_adc_clk/O
                         net (fo=15663, routed)       0.854    -0.205    ps_sys_clk
    ILOGIC_X0Y9          FDRE                                         r  adc_dat_b_reg[0]/C
                         clock pessimism              0.000    -0.205    
                         clock uncertainty            0.166    -0.039    
    ILOGIC_X0Y9          FDRE (Hold_fdre_C_D)         0.068     0.029    adc_dat_b_reg[0]
  -------------------------------------------------------------------
                         required time                         -0.029    
                         arrival time                           3.573    
  -------------------------------------------------------------------
                         slack                                  3.544    

Slack (MET) :             3.548ns  (arrival time - required time)
  Source:                 adc_dat_b_i[8]
                            (input port clocked by adc_clk  {rise@0.000ns fall@4.000ns period=8.000ns})
  Destination:            adc_dat_b_reg[6]/D
                            (rising edge-triggered cell FDRE clocked by pll_adc_clk  {rise@0.000ns fall@4.000ns period=8.000ns})
  Path Group:             pll_adc_clk
  Path Type:              Hold (Min at Fast Process Corner)
  Requirement:            0.000ns  (pll_adc_clk rise@0.000ns - adc_clk rise@0.000ns)
  Data Path Delay:        0.179ns  (logic 0.179ns (100.000%)  route 0.000ns (0.000%))
  Logic Levels:           1  (IBUF=1)
  Input Delay:            3.400ns
  Clock Path Skew:        -0.203ns (DCD - SCD - CPR)
    Destination Clock Delay (DCD):    -0.203ns
    Source Clock Delay      (SCD):    0.000ns
    Clock Pessimism Removal (CPR):    -0.000ns
  Clock Uncertainty:      0.166ns  ((TSJ^2 + DJ^2)^1/2) / 2 + PE
    Total System Jitter     (TSJ):    0.071ns
    Discrete Jitter          (DJ):    0.118ns
    Phase Error              (PE):    0.097ns

    Location             Delay type                Incr(ns)  Path(ns)    Netlist Resource(s)
  -------------------------------------------------------------------    -------------------
                         (clock adc_clk rise edge)    0.000     0.000 r  
                         input delay                  3.400     3.400    
    T19                                               0.000     3.400 r  adc_dat_b_i[8] (IN)
                         net (fo=0)                   0.000     3.400    adc_dat_b_i[8]
    T19                  IBUF (Prop_ibuf_I_O)         0.179     3.579 r  adc_dat_b_i_IBUF[8]_inst/O
                         net (fo=1, routed)           0.000     3.579    adc_dat_b_i_IBUF[8]
    ILOGIC_X0Y0          FDRE                                         r  adc_dat_b_reg[6]/D
  -------------------------------------------------------------------    -------------------

                         (clock pll_adc_clk rise edge)
                                                      0.000     0.000 r  
    U18                                               0.000     0.000 r  adc_clk_p_i (IN)
                         net (fo=0)                   0.000     0.000    adc_clk_p_i
    U18                  IBUFDS (Prop_ibufds_I_O)     0.433     0.433 r  i_clk/O
                         net (fo=1, routed)           0.481     0.914    pll/adc_clk_in
    PLLE2_ADV_X0Y0       PLLE2_ADV (Prop_plle2_adv_CLKIN1_CLKOUT0)
                                                     -2.546    -1.632 r  pll/pll/CLKOUT0
                         net (fo=1, routed)           0.544    -1.088    lopt_2
    BUFGCTRL_X0Y0        BUFG (Prop_bufg_I_O)         0.029    -1.059 r  bufg_adc_clk/O
                         net (fo=15663, routed)       0.856    -0.203    ps_sys_clk
    ILOGIC_X0Y0          FDRE                                         r  adc_dat_b_reg[6]/C
                         clock pessimism              0.000    -0.203    
                         clock uncertainty            0.166    -0.037    
    ILOGIC_X0Y0          FDRE (Hold_fdre_C_D)         0.068     0.031    adc_dat_b_reg[6]
  -------------------------------------------------------------------
                         required time                         -0.031    
                         arrival time                           3.579    
  -------------------------------------------------------------------
                         slack                                  3.548    

Slack (MET) :             3.557ns  (arrival time - required time)
  Source:                 adc_dat_b_i[12]
                            (input port clocked by adc_clk  {rise@0.000ns fall@4.000ns period=8.000ns})
  Destination:            adc_dat_b_reg[10]/D
                            (rising edge-triggered cell FDRE clocked by pll_adc_clk  {rise@0.000ns fall@4.000ns period=8.000ns})
  Path Group:             pll_adc_clk
  Path Type:              Hold (Min at Fast Process Corner)
  Requirement:            0.000ns  (pll_adc_clk rise@0.000ns - adc_clk rise@0.000ns)
  Data Path Delay:        0.185ns  (logic 0.185ns (100.000%)  route 0.000ns (0.000%))
  Logic Levels:           1  (IBUF=1)
  Input Delay:            3.400ns
  Clock Path Skew:        -0.205ns (DCD - SCD - CPR)
    Destination Clock Delay (DCD):    -0.205ns
    Source Clock Delay      (SCD):    0.000ns
    Clock Pessimism Removal (CPR):    -0.000ns
  Clock Uncertainty:      0.166ns  ((TSJ^2 + DJ^2)^1/2) / 2 + PE
    Total System Jitter     (TSJ):    0.071ns
    Discrete Jitter          (DJ):    0.118ns
    Phase Error              (PE):    0.097ns

    Location             Delay type                Incr(ns)  Path(ns)    Netlist Resource(s)
  -------------------------------------------------------------------    -------------------
                         (clock adc_clk rise edge)    0.000     0.000 r  
                         input delay                  3.400     3.400    
    W19                                               0.000     3.400 r  adc_dat_b_i[12] (IN)
                         net (fo=0)                   0.000     3.400    adc_dat_b_i[12]
    W19                  IBUF (Prop_ibuf_I_O)         0.185     3.585 r  adc_dat_b_i_IBUF[12]_inst/O
                         net (fo=1, routed)           0.000     3.585    adc_dat_b_i_IBUF[12]
    ILOGIC_X0Y5          FDRE                                         r  adc_dat_b_reg[10]/D
  -------------------------------------------------------------------    -------------------

                         (clock pll_adc_clk rise edge)
                                                      0.000     0.000 r  
    U18                                               0.000     0.000 r  adc_clk_p_i (IN)
                         net (fo=0)                   0.000     0.000    adc_clk_p_i
    U18                  IBUFDS (Prop_ibufds_I_O)     0.433     0.433 r  i_clk/O
                         net (fo=1, routed)           0.481     0.914    pll/adc_clk_in
    PLLE2_ADV_X0Y0       PLLE2_ADV (Prop_plle2_adv_CLKIN1_CLKOUT0)
                                                     -2.546    -1.632 r  pll/pll/CLKOUT0
                         net (fo=1, routed)           0.544    -1.088    lopt_2
    BUFGCTRL_X0Y0        BUFG (Prop_bufg_I_O)         0.029    -1.059 r  bufg_adc_clk/O
                         net (fo=15663, routed)       0.854    -0.205    ps_sys_clk
    ILOGIC_X0Y5          FDRE                                         r  adc_dat_b_reg[10]/C
                         clock pessimism              0.000    -0.205    
                         clock uncertainty            0.166    -0.039    
    ILOGIC_X0Y5          FDRE (Hold_fdre_C_D)         0.068     0.029    adc_dat_b_reg[10]
  -------------------------------------------------------------------
                         required time                         -0.029    
                         arrival time                           3.585    
  -------------------------------------------------------------------
                         slack                                  3.557    

Slack (MET) :             3.558ns  (arrival time - required time)
  Source:                 adc_dat_b_i[14]
                            (input port clocked by adc_clk  {rise@0.000ns fall@4.000ns period=8.000ns})
  Destination:            adc_dat_b_reg[12]/D
                            (rising edge-triggered cell FDRE clocked by pll_adc_clk  {rise@0.000ns fall@4.000ns period=8.000ns})
  Path Group:             pll_adc_clk
  Path Type:              Hold (Min at Fast Process Corner)
  Requirement:            0.000ns  (pll_adc_clk rise@0.000ns - adc_clk rise@0.000ns)
  Data Path Delay:        0.187ns  (logic 0.187ns (100.000%)  route 0.000ns (0.000%))
  Logic Levels:           1  (IBUF=1)
  Input Delay:            3.400ns
  Clock Path Skew:        -0.205ns (DCD - SCD - CPR)
    Destination Clock Delay (DCD):    -0.205ns
    Source Clock Delay      (SCD):    0.000ns
    Clock Pessimism Removal (CPR):    -0.000ns
  Clock Uncertainty:      0.166ns  ((TSJ^2 + DJ^2)^1/2) / 2 + PE
    Total System Jitter     (TSJ):    0.071ns
    Discrete Jitter          (DJ):    0.118ns
    Phase Error              (PE):    0.097ns

    Location             Delay type                Incr(ns)  Path(ns)    Netlist Resource(s)
  -------------------------------------------------------------------    -------------------
                         (clock adc_clk rise edge)    0.000     0.000 r  
                         input delay                  3.400     3.400    
    W18                                               0.000     3.400 r  adc_dat_b_i[14] (IN)
                         net (fo=0)                   0.000     3.400    adc_dat_b_i[14]
    W18                  IBUF (Prop_ibuf_I_O)         0.187     3.587 r  adc_dat_b_i_IBUF[14]_inst/O
                         net (fo=1, routed)           0.000     3.587    adc_dat_b_i_IBUF[14]
    ILOGIC_X0Y6          FDRE                                         r  adc_dat_b_reg[12]/D
  -------------------------------------------------------------------    -------------------

                         (clock pll_adc_clk rise edge)
                                                      0.000     0.000 r  
    U18                                               0.000     0.000 r  adc_clk_p_i (IN)
                         net (fo=0)                   0.000     0.000    adc_clk_p_i
    U18                  IBUFDS (Prop_ibufds_I_O)     0.433     0.433 r  i_clk/O
                         net (fo=1, routed)           0.481     0.914    pll/adc_clk_in
    PLLE2_ADV_X0Y0       PLLE2_ADV (Prop_plle2_adv_CLKIN1_CLKOUT0)
                                                     -2.546    -1.632 r  pll/pll/CLKOUT0
                         net (fo=1, routed)           0.544    -1.088    lopt_2
    BUFGCTRL_X0Y0        BUFG (Prop_bufg_I_O)         0.029    -1.059 r  bufg_adc_clk/O
                         net (fo=15663, routed)       0.854    -0.205    ps_sys_clk
    ILOGIC_X0Y6          FDRE                                         r  adc_dat_b_reg[12]/C
                         clock pessimism              0.000    -0.205    
                         clock uncertainty            0.166    -0.039    
    ILOGIC_X0Y6          FDRE (Hold_fdre_C_D)         0.068     0.029    adc_dat_b_reg[12]
  -------------------------------------------------------------------
                         required time                         -0.029    
                         arrival time                           3.587    
  -------------------------------------------------------------------
                         slack                                  3.558    

Slack (MET) :             3.558ns  (arrival time - required time)
  Source:                 adc_dat_a_i[15]
                            (input port clocked by adc_clk  {rise@0.000ns fall@4.000ns period=8.000ns})
  Destination:            adc_dat_a_reg[13]/D
                            (rising edge-triggered cell FDRE clocked by pll_adc_clk  {rise@0.000ns fall@4.000ns period=8.000ns})
  Path Group:             pll_adc_clk
  Path Type:              Hold (Min at Fast Process Corner)
  Requirement:            0.000ns  (pll_adc_clk rise@0.000ns - adc_clk rise@0.000ns)
  Data Path Delay:        0.185ns  (logic 0.185ns (100.000%)  route 0.000ns (0.000%))
  Logic Levels:           1  (IBUF=1)
  Input Delay:            3.400ns
  Clock Path Skew:        -0.207ns (DCD - SCD - CPR)
    Destination Clock Delay (DCD):    -0.207ns
    Source Clock Delay      (SCD):    0.000ns
    Clock Pessimism Removal (CPR):    -0.000ns
  Clock Uncertainty:      0.166ns  ((TSJ^2 + DJ^2)^1/2) / 2 + PE
    Total System Jitter     (TSJ):    0.071ns
    Discrete Jitter          (DJ):    0.118ns
    Phase Error              (PE):    0.097ns

    Location             Delay type                Incr(ns)  Path(ns)    Netlist Resource(s)
  -------------------------------------------------------------------    -------------------
                         (clock adc_clk rise edge)    0.000     0.000 r  
                         input delay                  3.400     3.400    
    V16                                               0.000     3.400 r  adc_dat_a_i[15] (IN)
                         net (fo=0)                   0.000     3.400    adc_dat_a_i[15]
    V16                  IBUF (Prop_ibuf_I_O)         0.185     3.585 r  adc_dat_a_i_IBUF[15]_inst/O
                         net (fo=1, routed)           0.000     3.585    adc_dat_a_i_IBUF[15]
    ILOGIC_X0Y14         FDRE                                         r  adc_dat_a_reg[13]/D
  -------------------------------------------------------------------    -------------------

                         (clock pll_adc_clk rise edge)
                                                      0.000     0.000 r  
    U18                                               0.000     0.000 r  adc_clk_p_i (IN)
                         net (fo=0)                   0.000     0.000    adc_clk_p_i
    U18                  IBUFDS (Prop_ibufds_I_O)     0.433     0.433 r  i_clk/O
                         net (fo=1, routed)           0.481     0.914    pll/adc_clk_in
    PLLE2_ADV_X0Y0       PLLE2_ADV (Prop_plle2_adv_CLKIN1_CLKOUT0)
                                                     -2.546    -1.632 r  pll/pll/CLKOUT0
                         net (fo=1, routed)           0.544    -1.088    lopt_2
    BUFGCTRL_X0Y0        BUFG (Prop_bufg_I_O)         0.029    -1.059 r  bufg_adc_clk/O
                         net (fo=15663, routed)       0.852    -0.207    ps_sys_clk
    ILOGIC_X0Y14         FDRE                                         r  adc_dat_a_reg[13]/C
                         clock pessimism              0.000    -0.207    
                         clock uncertainty            0.166    -0.041    
    ILOGIC_X0Y14         FDRE (Hold_fdre_C_D)         0.068     0.027    adc_dat_a_reg[13]
  -------------------------------------------------------------------
                         required time                         -0.027    
                         arrival time                           3.585    
  -------------------------------------------------------------------
                         slack                                  3.558    

Slack (MET) :             3.563ns  (arrival time - required time)
  Source:                 adc_dat_a_i[3]
                            (input port clocked by adc_clk  {rise@0.000ns fall@4.000ns period=8.000ns})
  Destination:            adc_dat_a_reg[1]/D
                            (rising edge-triggered cell FDRE clocked by pll_adc_clk  {rise@0.000ns fall@4.000ns period=8.000ns})
  Path Group:             pll_adc_clk
  Path Type:              Hold (Min at Fast Process Corner)
  Requirement:            0.000ns  (pll_adc_clk rise@0.000ns - adc_clk rise@0.000ns)
  Data Path Delay:        0.190ns  (logic 0.190ns (100.000%)  route 0.000ns (0.000%))
  Logic Levels:           1  (IBUF=1)
  Input Delay:            3.400ns
  Clock Path Skew:        -0.207ns (DCD - SCD - CPR)
    Destination Clock Delay (DCD):    -0.207ns
    Source Clock Delay      (SCD):    0.000ns
    Clock Pessimism Removal (CPR):    -0.000ns
  Clock Uncertainty:      0.166ns  ((TSJ^2 + DJ^2)^1/2) / 2 + PE
    Total System Jitter     (TSJ):    0.071ns
    Discrete Jitter          (DJ):    0.118ns
    Phase Error              (PE):    0.097ns

    Location             Delay type                Incr(ns)  Path(ns)    Netlist Resource(s)
  -------------------------------------------------------------------    -------------------
                         (clock adc_clk rise edge)    0.000     0.000 r  
                         input delay                  3.400     3.400    
    W16                                               0.000     3.400 r  adc_dat_a_i[3] (IN)
                         net (fo=0)                   0.000     3.400    adc_dat_a_i[3]
    W16                  IBUF (Prop_ibuf_I_O)         0.190     3.590 r  adc_dat_a_i_IBUF[3]_inst/O
                         net (fo=1, routed)           0.000     3.590    adc_dat_a_i_IBUF[3]
    ILOGIC_X0Y13         FDRE                                         r  adc_dat_a_reg[1]/D
  -------------------------------------------------------------------    -------------------

                         (clock pll_adc_clk rise edge)
                                                      0.000     0.000 r  
    U18                                               0.000     0.000 r  adc_clk_p_i (IN)
                         net (fo=0)                   0.000     0.000    adc_clk_p_i
    U18                  IBUFDS (Prop_ibufds_I_O)     0.433     0.433 r  i_clk/O
                         net (fo=1, routed)           0.481     0.914    pll/adc_clk_in
    PLLE2_ADV_X0Y0       PLLE2_ADV (Prop_plle2_adv_CLKIN1_CLKOUT0)
                                                     -2.546    -1.632 r  pll/pll/CLKOUT0
                         net (fo=1, routed)           0.544    -1.088    lopt_2
    BUFGCTRL_X0Y0        BUFG (Prop_bufg_I_O)         0.029    -1.059 r  bufg_adc_clk/O
                         net (fo=15663, routed)       0.852    -0.207    ps_sys_clk
    ILOGIC_X0Y13         FDRE                                         r  adc_dat_a_reg[1]/C
                         clock pessimism              0.000    -0.207    
                         clock uncertainty            0.166    -0.041    
    ILOGIC_X0Y13         FDRE (Hold_fdre_C_D)         0.068     0.027    adc_dat_a_reg[1]
  -------------------------------------------------------------------
                         required time                         -0.027    
                         arrival time                           3.590    
  -------------------------------------------------------------------
                         slack                                  3.563    

Slack (MET) :             3.570ns  (arrival time - required time)
  Source:                 adc_dat_b_i[9]
                            (input port clocked by adc_clk  {rise@0.000ns fall@4.000ns period=8.000ns})
  Destination:            adc_dat_b_reg[7]/D
                            (rising edge-triggered cell FDRE clocked by pll_adc_clk  {rise@0.000ns fall@4.000ns period=8.000ns})
  Path Group:             pll_adc_clk
  Path Type:              Hold (Min at Fast Process Corner)
  Requirement:            0.000ns  (pll_adc_clk rise@0.000ns - adc_clk rise@0.000ns)
  Data Path Delay:        0.193ns  (logic 0.193ns (100.000%)  route 0.000ns (0.000%))
  Logic Levels:           1  (IBUF=1)
  Input Delay:            3.400ns
  Clock Path Skew:        -0.211ns (DCD - SCD - CPR)
    Destination Clock Delay (DCD):    -0.211ns
    Source Clock Delay      (SCD):    0.000ns
    Clock Pessimism Removal (CPR):    -0.000ns
  Clock Uncertainty:      0.166ns  ((TSJ^2 + DJ^2)^1/2) / 2 + PE
    Total System Jitter     (TSJ):    0.071ns
    Discrete Jitter          (DJ):    0.118ns
    Phase Error              (PE):    0.097ns

    Location             Delay type                Incr(ns)  Path(ns)    Netlist Resource(s)
  -------------------------------------------------------------------    -------------------
                         (clock adc_clk rise edge)    0.000     0.000 r  
                         input delay                  3.400     3.400    
    U20                                               0.000     3.400 r  adc_dat_b_i[9] (IN)
                         net (fo=0)                   0.000     3.400    adc_dat_b_i[9]
    U20                  IBUF (Prop_ibuf_I_O)         0.193     3.593 r  adc_dat_b_i_IBUF[9]_inst/O
                         net (fo=1, routed)           0.000     3.593    adc_dat_b_i_IBUF[9]
    ILOGIC_X0Y19         FDRE                                         r  adc_dat_b_reg[7]/D
  -------------------------------------------------------------------    -------------------

                         (clock pll_adc_clk rise edge)
                                                      0.000     0.000 r  
    U18                                               0.000     0.000 r  adc_clk_p_i (IN)
                         net (fo=0)                   0.000     0.000    adc_clk_p_i
    U18                  IBUFDS (Prop_ibufds_I_O)     0.433     0.433 r  i_clk/O
                         net (fo=1, routed)           0.481     0.914    pll/adc_clk_in
    PLLE2_ADV_X0Y0       PLLE2_ADV (Prop_plle2_adv_CLKIN1_CLKOUT0)
                                                     -2.546    -1.632 r  pll/pll/CLKOUT0
                         net (fo=1, routed)           0.544    -1.088    lopt_2
    BUFGCTRL_X0Y0        BUFG (Prop_bufg_I_O)         0.029    -1.059 r  bufg_adc_clk/O
                         net (fo=15663, routed)       0.848    -0.211    ps_sys_clk
    ILOGIC_X0Y19         FDRE                                         r  adc_dat_b_reg[7]/C
                         clock pessimism              0.000    -0.211    
                         clock uncertainty            0.166    -0.045    
    ILOGIC_X0Y19         FDRE (Hold_fdre_C_D)         0.068     0.023    adc_dat_b_reg[7]
  -------------------------------------------------------------------
                         required time                         -0.023    
                         arrival time                           3.593    
  -------------------------------------------------------------------
                         slack                                  3.570    

Slack (MET) :             3.571ns  (arrival time - required time)
  Source:                 adc_dat_b_i[4]
                            (input port clocked by adc_clk  {rise@0.000ns fall@4.000ns period=8.000ns})
  Destination:            adc_dat_b_reg[2]/D
                            (rising edge-triggered cell FDRE clocked by pll_adc_clk  {rise@0.000ns fall@4.000ns period=8.000ns})
  Path Group:             pll_adc_clk
  Path Type:              Hold (Min at Fast Process Corner)
  Requirement:            0.000ns  (pll_adc_clk rise@0.000ns - adc_clk rise@0.000ns)
  Data Path Delay:        0.201ns  (logic 0.201ns (100.000%)  route 0.000ns (0.000%))
  Logic Levels:           1  (IBUF=1)
  Input Delay:            3.400ns
  Clock Path Skew:        -0.204ns (DCD - SCD - CPR)
    Destination Clock Delay (DCD):    -0.204ns
    Source Clock Delay      (SCD):    0.000ns
    Clock Pessimism Removal (CPR):    -0.000ns
  Clock Uncertainty:      0.166ns  ((TSJ^2 + DJ^2)^1/2) / 2 + PE
    Total System Jitter     (TSJ):    0.071ns
    Discrete Jitter          (DJ):    0.118ns
    Phase Error              (PE):    0.097ns

    Location             Delay type                Incr(ns)  Path(ns)    Netlist Resource(s)
  -------------------------------------------------------------------    -------------------
                         (clock adc_clk rise edge)    0.000     0.000 r  
                         input delay                  3.400     3.400    
    P18                                               0.000     3.400 r  adc_dat_b_i[4] (IN)
                         net (fo=0)                   0.000     3.400    adc_dat_b_i[4]
    P18                  IBUF (Prop_ibuf_I_O)         0.201     3.601 r  adc_dat_b_i_IBUF[4]_inst/O
                         net (fo=1, routed)           0.000     3.601    adc_dat_b_i_IBUF[4]
    ILOGIC_X0Y3          FDRE                                         r  adc_dat_b_reg[2]/D
  -------------------------------------------------------------------    -------------------

                         (clock pll_adc_clk rise edge)
                                                      0.000     0.000 r  
    U18                                               0.000     0.000 r  adc_clk_p_i (IN)
                         net (fo=0)                   0.000     0.000    adc_clk_p_i
    U18                  IBUFDS (Prop_ibufds_I_O)     0.433     0.433 r  i_clk/O
                         net (fo=1, routed)           0.481     0.914    pll/adc_clk_in
    PLLE2_ADV_X0Y0       PLLE2_ADV (Prop_plle2_adv_CLKIN1_CLKOUT0)
                                                     -2.546    -1.632 r  pll/pll/CLKOUT0
                         net (fo=1, routed)           0.544    -1.088    lopt_2
    BUFGCTRL_X0Y0        BUFG (Prop_bufg_I_O)         0.029    -1.059 r  bufg_adc_clk/O
                         net (fo=15663, routed)       0.855    -0.204    ps_sys_clk
    ILOGIC_X0Y3          FDRE                                         r  adc_dat_b_reg[2]/C
                         clock pessimism              0.000    -0.204    
                         clock uncertainty            0.166    -0.038    
    ILOGIC_X0Y3          FDRE (Hold_fdre_C_D)         0.068     0.030    adc_dat_b_reg[2]
  -------------------------------------------------------------------
                         required time                         -0.030    
                         arrival time                           3.601    
  -------------------------------------------------------------------
                         slack                                  3.571    

Slack (MET) :             3.574ns  (arrival time - required time)
  Source:                 adc_dat_b_i[7]
                            (input port clocked by adc_clk  {rise@0.000ns fall@4.000ns period=8.000ns})
  Destination:            adc_dat_b_reg[5]/D
                            (rising edge-triggered cell FDRE clocked by pll_adc_clk  {rise@0.000ns fall@4.000ns period=8.000ns})
  Path Group:             pll_adc_clk
  Path Type:              Hold (Min at Fast Process Corner)
  Requirement:            0.000ns  (pll_adc_clk rise@0.000ns - adc_clk rise@0.000ns)
  Data Path Delay:        0.196ns  (logic 0.196ns (100.000%)  route 0.000ns (0.000%))
  Logic Levels:           1  (IBUF=1)
  Input Delay:            3.400ns
  Clock Path Skew:        -0.211ns (DCD - SCD - CPR)
    Destination Clock Delay (DCD):    -0.211ns
    Source Clock Delay      (SCD):    0.000ns
    Clock Pessimism Removal (CPR):    -0.000ns
  Clock Uncertainty:      0.166ns  ((TSJ^2 + DJ^2)^1/2) / 2 + PE
    Total System Jitter     (TSJ):    0.071ns
    Discrete Jitter          (DJ):    0.118ns
    Phase Error              (PE):    0.097ns

    Location             Delay type                Incr(ns)  Path(ns)    Netlist Resource(s)
  -------------------------------------------------------------------    -------------------
                         (clock adc_clk rise edge)    0.000     0.000 r  
                         input delay                  3.400     3.400    
    T20                                               0.000     3.400 r  adc_dat_b_i[7] (IN)
                         net (fo=0)                   0.000     3.400    adc_dat_b_i[7]
    T20                  IBUF (Prop_ibuf_I_O)         0.196     3.596 r  adc_dat_b_i_IBUF[7]_inst/O
                         net (fo=1, routed)           0.000     3.596    adc_dat_b_i_IBUF[7]
    ILOGIC_X0Y20         FDRE                                         r  adc_dat_b_reg[5]/D
  -------------------------------------------------------------------    -------------------

                         (clock pll_adc_clk rise edge)
                                                      0.000     0.000 r  
    U18                                               0.000     0.000 r  adc_clk_p_i (IN)
                         net (fo=0)                   0.000     0.000    adc_clk_p_i
    U18                  IBUFDS (Prop_ibufds_I_O)     0.433     0.433 r  i_clk/O
                         net (fo=1, routed)           0.481     0.914    pll/adc_clk_in
    PLLE2_ADV_X0Y0       PLLE2_ADV (Prop_plle2_adv_CLKIN1_CLKOUT0)
                                                     -2.546    -1.632 r  pll/pll/CLKOUT0
                         net (fo=1, routed)           0.544    -1.088    lopt_2
    BUFGCTRL_X0Y0        BUFG (Prop_bufg_I_O)         0.029    -1.059 r  bufg_adc_clk/O
                         net (fo=15663, routed)       0.848    -0.211    ps_sys_clk
    ILOGIC_X0Y20         FDRE                                         r  adc_dat_b_reg[5]/C
                         clock pessimism              0.000    -0.211    
                         clock uncertainty            0.166    -0.045    
    ILOGIC_X0Y20         FDRE (Hold_fdre_C_D)         0.068     0.023    adc_dat_b_reg[5]
  -------------------------------------------------------------------
                         required time                         -0.023    
                         arrival time                           3.596    
  -------------------------------------------------------------------
                         slack                                  3.574    





---------------------------------------------------------------------------------------------------
From Clock:  dna_clk
  To Clock:  pll_adc_clk

Setup :            0  Failing Endpoints,  Worst Slack        1.504ns,  Total Violation        0.000ns
Hold  :            0  Failing Endpoints,  Worst Slack        2.815ns,  Total Violation        0.000ns
---------------------------------------------------------------------------------------------------


Max Delay Paths
--------------------------------------------------------------------------------------
Slack (MET) :             1.504ns  (required time - arrival time)
  Source:                 i_hk/i_DNA/CLK
                            (rising edge-triggered cell DNA_PORT clocked by dna_clk  {rise@0.000ns fall@32.000ns period=64.000ns})
  Destination:            i_hk/dna_value_reg[0]/D
                            (rising edge-triggered cell FDRE clocked by pll_adc_clk  {rise@0.000ns fall@4.000ns period=8.000ns})
  Path Group:             pll_adc_clk
  Path Type:              Setup (Max at Slow Process Corner)
  Requirement:            8.000ns  (pll_adc_clk rise@8.000ns - dna_clk rise@0.000ns)
  Data Path Delay:        4.339ns  (logic 3.214ns (74.075%)  route 1.125ns (25.925%))
  Logic Levels:           0  
  Clock Path Skew:        -2.021ns (DCD - SCD + CPR)
    Destination Clock Delay (DCD):    -2.351ns = ( 5.649 - 8.000 ) 
    Source Clock Delay      (SCD):    -0.874ns
    Clock Pessimism Removal (CPR):    -0.544ns
  Clock Uncertainty:      0.069ns  ((TSJ^2 + DJ^2)^1/2) / 2 + PE
    Total System Jitter     (TSJ):    0.071ns
    Discrete Jitter          (DJ):    0.118ns
    Phase Error              (PE):    0.000ns

    Location             Delay type                Incr(ns)  Path(ns)    Netlist Resource(s)
  -------------------------------------------------------------------    -------------------
                         (clock dna_clk rise edge)    0.000     0.000 r  
    U18                                               0.000     0.000 r  adc_clk_p_i (IN)
                         net (fo=0)                   0.000     0.000    adc_clk_p_i
    U18                  IBUFDS (Prop_ibufds_I_O)     0.983     0.983 r  i_clk/O
                         net (fo=1, routed)           1.306     2.289    pll/adc_clk_in
    PLLE2_ADV_X0Y0       PLLE2_ADV (Prop_plle2_adv_CLKIN1_CLKOUT0)
                                                     -8.533    -6.244 r  pll/pll/CLKOUT0
                         net (fo=1, routed)           1.754    -4.490    lopt_2
    BUFGCTRL_X0Y0        BUFG (Prop_bufg_I_O)         0.101    -4.389 r  bufg_adc_clk/O
                         net (fo=15663, routed)       1.710    -2.679    i_hk/ps_sys_clk
    SLICE_X4Y23          FDRE (Prop_fdre_C_Q)         0.518    -2.161 r  i_hk/dna_clk_reg/Q
                         net (fo=1, routed)           1.287    -0.874    i_hk/dna_clk
    DNA_PORT_X0Y0        DNA_PORT                                     r  i_hk/i_DNA/CLK
  -------------------------------------------------------------------    -------------------
    DNA_PORT_X0Y0        DNA_PORT (Prop_dna_port_CLK_DOUT)
                                                      3.214     2.340 r  i_hk/i_DNA/DOUT
                         net (fo=1, routed)           1.125     3.465    i_hk/dna_dout
    SLICE_X19Y33         FDRE                                         r  i_hk/dna_value_reg[0]/D
  -------------------------------------------------------------------    -------------------

                         (clock pll_adc_clk rise edge)
                                                      8.000     8.000 r  
    U18                                               0.000     8.000 r  adc_clk_p_i (IN)
                         net (fo=0)                   0.000     8.000    adc_clk_p_i
    U18                  IBUFDS (Prop_ibufds_I_O)     0.940     8.940 r  i_clk/O
                         net (fo=1, routed)           1.181    10.121    pll/adc_clk_in
    PLLE2_ADV_X0Y0       PLLE2_ADV (Prop_plle2_adv_CLKIN1_CLKOUT0)
                                                     -7.650     2.470 r  pll/pll/CLKOUT0
                         net (fo=1, routed)           1.594     4.065    lopt_2
    BUFGCTRL_X0Y0        BUFG (Prop_bufg_I_O)         0.091     4.156 r  bufg_adc_clk/O
                         net (fo=15663, routed)       1.493     5.649    i_hk/ps_sys_clk
    SLICE_X19Y33         FDRE                                         r  i_hk/dna_value_reg[0]/C
                         clock pessimism             -0.544     5.105    
                         clock uncertainty           -0.069     5.036    
    SLICE_X19Y33         FDRE (Setup_fdre_C_D)       -0.067     4.969    i_hk/dna_value_reg[0]
  -------------------------------------------------------------------
                         required time                          4.969    
                         arrival time                          -3.465    
  -------------------------------------------------------------------
                         slack                                  1.504    





Min Delay Paths
--------------------------------------------------------------------------------------
Slack (MET) :             2.815ns  (arrival time - required time)
  Source:                 i_hk/i_DNA/CLK
                            (rising edge-triggered cell DNA_PORT clocked by dna_clk  {rise@0.000ns fall@32.000ns period=64.000ns})
  Destination:            i_hk/dna_value_reg[0]/D
                            (rising edge-triggered cell FDRE clocked by pll_adc_clk  {rise@0.000ns fall@4.000ns period=8.000ns})
  Path Group:             pll_adc_clk
  Path Type:              Hold (Min at Fast Process Corner)
  Requirement:            0.000ns  (pll_adc_clk rise@0.000ns - dna_clk rise@0.000ns)
  Data Path Delay:        2.279ns  (logic 1.862ns (81.709%)  route 0.417ns (18.291%))
  Logic Levels:           0  
  Clock Path Skew:        -0.606ns (DCD - SCD - CPR)
    Destination Clock Delay (DCD):    -0.235ns
    Source Clock Delay      (SCD):    0.560ns
    Clock Pessimism Removal (CPR):    -0.189ns

    Location             Delay type                Incr(ns)  Path(ns)    Netlist Resource(s)
  -------------------------------------------------------------------    -------------------
                         (clock dna_clk rise edge)    0.000     0.000 r  
    U18                                               0.000     0.000 r  adc_clk_p_i (IN)
                         net (fo=0)                   0.000     0.000    adc_clk_p_i
    U18                  IBUFDS (Prop_ibufds_I_O)     0.401     0.401 r  i_clk/O
                         net (fo=1, routed)           0.440     0.842    pll/adc_clk_in
    PLLE2_ADV_X0Y0       PLLE2_ADV (Prop_plle2_adv_CLKIN1_CLKOUT0)
                                                     -2.234    -1.393 r  pll/pll/CLKOUT0
                         net (fo=1, routed)           0.497    -0.896    lopt_2
    BUFGCTRL_X0Y0        BUFG (Prop_bufg_I_O)         0.026    -0.870 r  bufg_adc_clk/O
                         net (fo=15663, routed)       0.573    -0.297    i_hk/ps_sys_clk
    SLICE_X4Y23          FDRE (Prop_fdre_C_Q)         0.164    -0.133 r  i_hk/dna_clk_reg/Q
                         net (fo=1, routed)           0.694     0.560    i_hk/dna_clk
    DNA_PORT_X0Y0        DNA_PORT                                     r  i_hk/i_DNA/CLK
  -------------------------------------------------------------------    -------------------
    DNA_PORT_X0Y0        DNA_PORT (Prop_dna_port_CLK_DOUT)
                                                      1.862     2.422 r  i_hk/i_DNA/DOUT
                         net (fo=1, routed)           0.417     2.839    i_hk/dna_dout
    SLICE_X19Y33         FDRE                                         r  i_hk/dna_value_reg[0]/D
  -------------------------------------------------------------------    -------------------

                         (clock pll_adc_clk rise edge)
                                                      0.000     0.000 r  
    U18                                               0.000     0.000 r  adc_clk_p_i (IN)
                         net (fo=0)                   0.000     0.000    adc_clk_p_i
    U18                  IBUFDS (Prop_ibufds_I_O)     0.433     0.433 r  i_clk/O
                         net (fo=1, routed)           0.481     0.914    pll/adc_clk_in
    PLLE2_ADV_X0Y0       PLLE2_ADV (Prop_plle2_adv_CLKIN1_CLKOUT0)
                                                     -2.546    -1.632 r  pll/pll/CLKOUT0
                         net (fo=1, routed)           0.544    -1.088    lopt_2
    BUFGCTRL_X0Y0        BUFG (Prop_bufg_I_O)         0.029    -1.059 r  bufg_adc_clk/O
                         net (fo=15663, routed)       0.824    -0.235    i_hk/ps_sys_clk
    SLICE_X19Y33         FDRE                                         r  i_hk/dna_value_reg[0]/C
                         clock pessimism              0.189    -0.046    
    SLICE_X19Y33         FDRE (Hold_fdre_C_D)         0.070     0.024    i_hk/dna_value_reg[0]
  -------------------------------------------------------------------
                         required time                         -0.024    
                         arrival time                           2.839    
  -------------------------------------------------------------------
                         slack                                  2.815    





---------------------------------------------------------------------------------------------------
From Clock:  pll_clk_adc_2x
  To Clock:  pll_adc_clk

Setup :            0  Failing Endpoints,  Worst Slack        1.152ns,  Total Violation        0.000ns
Hold  :            0  Failing Endpoints,  Worst Slack        0.128ns,  Total Violation        0.000ns
---------------------------------------------------------------------------------------------------


Max Delay Paths
--------------------------------------------------------------------------------------
Slack (MET) :             1.152ns  (required time - arrival time)
  Source:                 Digital_Freq_Meter_inst/DDC1_inst/ddc_frontend_lowpass_filter_inst_Q/N_times_clk_FIR_wrapper_H_inst/data_out_times_N_reg_reg[11]/C
                            (rising edge-triggered cell FDRE clocked by pll_clk_adc_2x  {rise@0.000ns fall@2.000ns period=4.000ns})
  Destination:            Digital_Freq_Meter_inst/DDC1_inst/ddc_frontend_lowpass_filter_inst_Q/N_times_clk_FIR_wrapper_H_inst/data_out_times_1_reg[11]/D
                            (rising edge-triggered cell FDRE clocked by pll_adc_clk  {rise@0.000ns fall@4.000ns period=8.000ns})
  Path Group:             pll_adc_clk
  Path Type:              Setup (Max at Slow Process Corner)
  Requirement:            4.000ns  (pll_adc_clk rise@8.000ns - pll_clk_adc_2x rise@4.000ns)
  Data Path Delay:        2.252ns  (logic 0.518ns (23.005%)  route 1.734ns (76.995%))
  Logic Levels:           0  
  Clock Path Skew:        -0.347ns (DCD - SCD + CPR)
    Destination Clock Delay (DCD):    -2.271ns = ( 5.729 - 8.000 ) 
    Source Clock Delay      (SCD):    -2.639ns = ( 1.361 - 4.000 ) 
    Clock Pessimism Removal (CPR):    -0.714ns
  Clock Uncertainty:      0.189ns  ((TSJ^2 + DJ^2)^1/2) / 2 + PE
    Total System Jitter     (TSJ):    0.071ns
    Discrete Jitter          (DJ):    0.118ns
    Phase Error              (PE):    0.120ns

    Location             Delay type                Incr(ns)  Path(ns)    Netlist Resource(s)
  -------------------------------------------------------------------    -------------------
                         (clock pll_clk_adc_2x rise edge)
                                                      4.000     4.000 r  
    U18                                               0.000     4.000 r  adc_clk_p_i (IN)
                         net (fo=0)                   0.000     4.000    adc_clk_p_i
    U18                  IBUFDS (Prop_ibufds_I_O)     0.983     4.983 r  i_clk/O
                         net (fo=1, routed)           1.306     6.289    pll/adc_clk_in
    PLLE2_ADV_X0Y0       PLLE2_ADV (Prop_plle2_adv_CLKIN1_CLKOUT4)
                                                     -8.533    -2.244 r  pll/pll/CLKOUT4
                         net (fo=1, routed)           1.754    -0.490    pll_clk_adc_2x
    BUFGCTRL_X0Y1        BUFG (Prop_bufg_I_O)         0.101    -0.389 r  bufg_ser_clk/O
                         net (fo=1629, routed)        1.750     1.361    Digital_Freq_Meter_inst/DDC1_inst/ddc_frontend_lowpass_filter_inst_Q/N_times_clk_FIR_wrapper_H_inst/CLK
    SLICE_X38Y10         FDRE                                         r  Digital_Freq_Meter_inst/DDC1_inst/ddc_frontend_lowpass_filter_inst_Q/N_times_clk_FIR_wrapper_H_inst/data_out_times_N_reg_reg[11]/C
  -------------------------------------------------------------------    -------------------
    SLICE_X38Y10         FDRE (Prop_fdre_C_Q)         0.518     1.879 r  Digital_Freq_Meter_inst/DDC1_inst/ddc_frontend_lowpass_filter_inst_Q/N_times_clk_FIR_wrapper_H_inst/data_out_times_N_reg_reg[11]/Q
                         net (fo=1, routed)           1.734     3.613    Digital_Freq_Meter_inst/DDC1_inst/ddc_frontend_lowpass_filter_inst_Q/N_times_clk_FIR_wrapper_H_inst/data_out_times_N_reg_reg_n_0_[11]
    SLICE_X38Y9          FDRE                                         r  Digital_Freq_Meter_inst/DDC1_inst/ddc_frontend_lowpass_filter_inst_Q/N_times_clk_FIR_wrapper_H_inst/data_out_times_1_reg[11]/D
  -------------------------------------------------------------------    -------------------

                         (clock pll_adc_clk rise edge)
                                                      8.000     8.000 r  
    U18                                               0.000     8.000 r  adc_clk_p_i (IN)
                         net (fo=0)                   0.000     8.000    adc_clk_p_i
    U18                  IBUFDS (Prop_ibufds_I_O)     0.940     8.940 r  i_clk/O
                         net (fo=1, routed)           1.181    10.121    pll/adc_clk_in
    PLLE2_ADV_X0Y0       PLLE2_ADV (Prop_plle2_adv_CLKIN1_CLKOUT0)
                                                     -7.650     2.470 r  pll/pll/CLKOUT0
                         net (fo=1, routed)           1.594     4.065    lopt_2
    BUFGCTRL_X0Y0        BUFG (Prop_bufg_I_O)         0.091     4.156 r  bufg_adc_clk/O
                         net (fo=15663, routed)       1.573     5.729    Digital_Freq_Meter_inst/DDC1_inst/ddc_frontend_lowpass_filter_inst_Q/N_times_clk_FIR_wrapper_H_inst/ps_sys_clk
    SLICE_X38Y9          FDRE                                         r  Digital_Freq_Meter_inst/DDC1_inst/ddc_frontend_lowpass_filter_inst_Q/N_times_clk_FIR_wrapper_H_inst/data_out_times_1_reg[11]/C
                         clock pessimism             -0.714     5.015    
                         clock uncertainty           -0.189     4.826    
    SLICE_X38Y9          FDRE (Setup_fdre_C_D)       -0.061     4.765    Digital_Freq_Meter_inst/DDC1_inst/ddc_frontend_lowpass_filter_inst_Q/N_times_clk_FIR_wrapper_H_inst/data_out_times_1_reg[11]
  -------------------------------------------------------------------
                         required time                          4.765    
                         arrival time                          -3.613    
  -------------------------------------------------------------------
                         slack                                  1.152    

Slack (MET) :             1.223ns  (required time - arrival time)
  Source:                 Digital_Freq_Meter_inst/DDC1_inst/ddc_frontend_lowpass_filter_inst_Q/N_times_clk_FIR_wrapper_H_inst/data_out_times_N_reg_reg[4]/C
                            (rising edge-triggered cell FDRE clocked by pll_clk_adc_2x  {rise@0.000ns fall@2.000ns period=4.000ns})
  Destination:            Digital_Freq_Meter_inst/DDC1_inst/ddc_frontend_lowpass_filter_inst_Q/N_times_clk_FIR_wrapper_H_inst/data_out_times_1_reg[4]/D
                            (rising edge-triggered cell FDRE clocked by pll_adc_clk  {rise@0.000ns fall@4.000ns period=8.000ns})
  Path Group:             pll_adc_clk
  Path Type:              Setup (Max at Slow Process Corner)
  Requirement:            4.000ns  (pll_adc_clk rise@8.000ns - pll_clk_adc_2x rise@4.000ns)
  Data Path Delay:        2.177ns  (logic 0.518ns (23.792%)  route 1.659ns (76.208%))
  Logic Levels:           0  
  Clock Path Skew:        -0.347ns (DCD - SCD + CPR)
    Destination Clock Delay (DCD):    -2.271ns = ( 5.729 - 8.000 ) 
    Source Clock Delay      (SCD):    -2.639ns = ( 1.361 - 4.000 ) 
    Clock Pessimism Removal (CPR):    -0.714ns
  Clock Uncertainty:      0.189ns  ((TSJ^2 + DJ^2)^1/2) / 2 + PE
    Total System Jitter     (TSJ):    0.071ns
    Discrete Jitter          (DJ):    0.118ns
    Phase Error              (PE):    0.120ns

    Location             Delay type                Incr(ns)  Path(ns)    Netlist Resource(s)
  -------------------------------------------------------------------    -------------------
                         (clock pll_clk_adc_2x rise edge)
                                                      4.000     4.000 r  
    U18                                               0.000     4.000 r  adc_clk_p_i (IN)
                         net (fo=0)                   0.000     4.000    adc_clk_p_i
    U18                  IBUFDS (Prop_ibufds_I_O)     0.983     4.983 r  i_clk/O
                         net (fo=1, routed)           1.306     6.289    pll/adc_clk_in
    PLLE2_ADV_X0Y0       PLLE2_ADV (Prop_plle2_adv_CLKIN1_CLKOUT4)
                                                     -8.533    -2.244 r  pll/pll/CLKOUT4
                         net (fo=1, routed)           1.754    -0.490    pll_clk_adc_2x
    BUFGCTRL_X0Y1        BUFG (Prop_bufg_I_O)         0.101    -0.389 r  bufg_ser_clk/O
                         net (fo=1629, routed)        1.750     1.361    Digital_Freq_Meter_inst/DDC1_inst/ddc_frontend_lowpass_filter_inst_Q/N_times_clk_FIR_wrapper_H_inst/CLK
    SLICE_X38Y10         FDRE                                         r  Digital_Freq_Meter_inst/DDC1_inst/ddc_frontend_lowpass_filter_inst_Q/N_times_clk_FIR_wrapper_H_inst/data_out_times_N_reg_reg[4]/C
  -------------------------------------------------------------------    -------------------
    SLICE_X38Y10         FDRE (Prop_fdre_C_Q)         0.518     1.879 r  Digital_Freq_Meter_inst/DDC1_inst/ddc_frontend_lowpass_filter_inst_Q/N_times_clk_FIR_wrapper_H_inst/data_out_times_N_reg_reg[4]/Q
                         net (fo=1, routed)           1.659     3.538    Digital_Freq_Meter_inst/DDC1_inst/ddc_frontend_lowpass_filter_inst_Q/N_times_clk_FIR_wrapper_H_inst/data_out_times_N_reg_reg_n_0_[4]
    SLICE_X38Y9          FDRE                                         r  Digital_Freq_Meter_inst/DDC1_inst/ddc_frontend_lowpass_filter_inst_Q/N_times_clk_FIR_wrapper_H_inst/data_out_times_1_reg[4]/D
  -------------------------------------------------------------------    -------------------

                         (clock pll_adc_clk rise edge)
                                                      8.000     8.000 r  
    U18                                               0.000     8.000 r  adc_clk_p_i (IN)
                         net (fo=0)                   0.000     8.000    adc_clk_p_i
    U18                  IBUFDS (Prop_ibufds_I_O)     0.940     8.940 r  i_clk/O
                         net (fo=1, routed)           1.181    10.121    pll/adc_clk_in
    PLLE2_ADV_X0Y0       PLLE2_ADV (Prop_plle2_adv_CLKIN1_CLKOUT0)
                                                     -7.650     2.470 r  pll/pll/CLKOUT0
                         net (fo=1, routed)           1.594     4.065    lopt_2
    BUFGCTRL_X0Y0        BUFG (Prop_bufg_I_O)         0.091     4.156 r  bufg_adc_clk/O
                         net (fo=15663, routed)       1.573     5.729    Digital_Freq_Meter_inst/DDC1_inst/ddc_frontend_lowpass_filter_inst_Q/N_times_clk_FIR_wrapper_H_inst/ps_sys_clk
    SLICE_X38Y9          FDRE                                         r  Digital_Freq_Meter_inst/DDC1_inst/ddc_frontend_lowpass_filter_inst_Q/N_times_clk_FIR_wrapper_H_inst/data_out_times_1_reg[4]/C
                         clock pessimism             -0.714     5.015    
                         clock uncertainty           -0.189     4.826    
    SLICE_X38Y9          FDRE (Setup_fdre_C_D)       -0.064     4.762    Digital_Freq_Meter_inst/DDC1_inst/ddc_frontend_lowpass_filter_inst_Q/N_times_clk_FIR_wrapper_H_inst/data_out_times_1_reg[4]
  -------------------------------------------------------------------
                         required time                          4.762    
                         arrival time                          -3.538    
  -------------------------------------------------------------------
                         slack                                  1.223    

Slack (MET) :             1.245ns  (required time - arrival time)
  Source:                 Digital_Freq_Meter_inst/DDC1_inst/ddc_frontend_lowpass_filter_inst_Q/N_times_clk_FIR_wrapper_H_inst/data_out_times_N_reg_reg[5]/C
                            (rising edge-triggered cell FDRE clocked by pll_clk_adc_2x  {rise@0.000ns fall@2.000ns period=4.000ns})
  Destination:            Digital_Freq_Meter_inst/DDC1_inst/ddc_frontend_lowpass_filter_inst_Q/N_times_clk_FIR_wrapper_H_inst/data_out_times_1_reg[5]/D
                            (rising edge-triggered cell FDRE clocked by pll_adc_clk  {rise@0.000ns fall@4.000ns period=8.000ns})
  Path Group:             pll_adc_clk
  Path Type:              Setup (Max at Slow Process Corner)
  Requirement:            4.000ns  (pll_adc_clk rise@8.000ns - pll_clk_adc_2x rise@4.000ns)
  Data Path Delay:        2.112ns  (logic 0.518ns (24.525%)  route 1.594ns (75.475%))
  Logic Levels:           0  
  Clock Path Skew:        -0.346ns (DCD - SCD + CPR)
    Destination Clock Delay (DCD):    -2.270ns = ( 5.730 - 8.000 ) 
    Source Clock Delay      (SCD):    -2.639ns = ( 1.361 - 4.000 ) 
    Clock Pessimism Removal (CPR):    -0.714ns
  Clock Uncertainty:      0.189ns  ((TSJ^2 + DJ^2)^1/2) / 2 + PE
    Total System Jitter     (TSJ):    0.071ns
    Discrete Jitter          (DJ):    0.118ns
    Phase Error              (PE):    0.120ns

    Location             Delay type                Incr(ns)  Path(ns)    Netlist Resource(s)
  -------------------------------------------------------------------    -------------------
                         (clock pll_clk_adc_2x rise edge)
                                                      4.000     4.000 r  
    U18                                               0.000     4.000 r  adc_clk_p_i (IN)
                         net (fo=0)                   0.000     4.000    adc_clk_p_i
    U18                  IBUFDS (Prop_ibufds_I_O)     0.983     4.983 r  i_clk/O
                         net (fo=1, routed)           1.306     6.289    pll/adc_clk_in
    PLLE2_ADV_X0Y0       PLLE2_ADV (Prop_plle2_adv_CLKIN1_CLKOUT4)
                                                     -8.533    -2.244 r  pll/pll/CLKOUT4
                         net (fo=1, routed)           1.754    -0.490    pll_clk_adc_2x
    BUFGCTRL_X0Y1        BUFG (Prop_bufg_I_O)         0.101    -0.389 r  bufg_ser_clk/O
                         net (fo=1629, routed)        1.750     1.361    Digital_Freq_Meter_inst/DDC1_inst/ddc_frontend_lowpass_filter_inst_Q/N_times_clk_FIR_wrapper_H_inst/CLK
    SLICE_X38Y10         FDRE                                         r  Digital_Freq_Meter_inst/DDC1_inst/ddc_frontend_lowpass_filter_inst_Q/N_times_clk_FIR_wrapper_H_inst/data_out_times_N_reg_reg[5]/C
  -------------------------------------------------------------------    -------------------
    SLICE_X38Y10         FDRE (Prop_fdre_C_Q)         0.518     1.879 r  Digital_Freq_Meter_inst/DDC1_inst/ddc_frontend_lowpass_filter_inst_Q/N_times_clk_FIR_wrapper_H_inst/data_out_times_N_reg_reg[5]/Q
                         net (fo=1, routed)           1.594     3.473    Digital_Freq_Meter_inst/DDC1_inst/ddc_frontend_lowpass_filter_inst_Q/N_times_clk_FIR_wrapper_H_inst/data_out_times_N_reg_reg_n_0_[5]
    SLICE_X39Y8          FDRE                                         r  Digital_Freq_Meter_inst/DDC1_inst/ddc_frontend_lowpass_filter_inst_Q/N_times_clk_FIR_wrapper_H_inst/data_out_times_1_reg[5]/D
  -------------------------------------------------------------------    -------------------

                         (clock pll_adc_clk rise edge)
                                                      8.000     8.000 r  
    U18                                               0.000     8.000 r  adc_clk_p_i (IN)
                         net (fo=0)                   0.000     8.000    adc_clk_p_i
    U18                  IBUFDS (Prop_ibufds_I_O)     0.940     8.940 r  i_clk/O
                         net (fo=1, routed)           1.181    10.121    pll/adc_clk_in
    PLLE2_ADV_X0Y0       PLLE2_ADV (Prop_plle2_adv_CLKIN1_CLKOUT0)
                                                     -7.650     2.470 r  pll/pll/CLKOUT0
                         net (fo=1, routed)           1.594     4.065    lopt_2
    BUFGCTRL_X0Y0        BUFG (Prop_bufg_I_O)         0.091     4.156 r  bufg_adc_clk/O
                         net (fo=15663, routed)       1.574     5.730    Digital_Freq_Meter_inst/DDC1_inst/ddc_frontend_lowpass_filter_inst_Q/N_times_clk_FIR_wrapper_H_inst/ps_sys_clk
    SLICE_X39Y8          FDRE                                         r  Digital_Freq_Meter_inst/DDC1_inst/ddc_frontend_lowpass_filter_inst_Q/N_times_clk_FIR_wrapper_H_inst/data_out_times_1_reg[5]/C
                         clock pessimism             -0.714     5.016    
                         clock uncertainty           -0.189     4.827    
    SLICE_X39Y8          FDRE (Setup_fdre_C_D)       -0.108     4.719    Digital_Freq_Meter_inst/DDC1_inst/ddc_frontend_lowpass_filter_inst_Q/N_times_clk_FIR_wrapper_H_inst/data_out_times_1_reg[5]
  -------------------------------------------------------------------
                         required time                          4.719    
                         arrival time                          -3.473    
  -------------------------------------------------------------------
                         slack                                  1.245    

Slack (MET) :             1.255ns  (required time - arrival time)
  Source:                 Digital_Freq_Meter_inst/DDC1_inst/ddc_frontend_lowpass_filter_inst_I/N_times_clk_FIR_wrapper_H_inst/data_out_times_N_reg_reg[10]/C
                            (rising edge-triggered cell FDRE clocked by pll_clk_adc_2x  {rise@0.000ns fall@2.000ns period=4.000ns})
  Destination:            Digital_Freq_Meter_inst/DDC1_inst/ddc_frontend_lowpass_filter_inst_I/N_times_clk_FIR_wrapper_H_inst/data_out_times_1_reg[10]/D
                            (rising edge-triggered cell FDRE clocked by pll_adc_clk  {rise@0.000ns fall@4.000ns period=8.000ns})
  Path Group:             pll_adc_clk
  Path Type:              Setup (Max at Slow Process Corner)
  Requirement:            4.000ns  (pll_adc_clk rise@8.000ns - pll_clk_adc_2x rise@4.000ns)
  Data Path Delay:        2.150ns  (logic 0.518ns (24.089%)  route 1.632ns (75.911%))
  Logic Levels:           0  
  Clock Path Skew:        -0.344ns (DCD - SCD + CPR)
    Destination Clock Delay (DCD):    -2.347ns = ( 5.653 - 8.000 ) 
    Source Clock Delay      (SCD):    -2.718ns = ( 1.282 - 4.000 ) 
    Clock Pessimism Removal (CPR):    -0.714ns
  Clock Uncertainty:      0.189ns  ((TSJ^2 + DJ^2)^1/2) / 2 + PE
    Total System Jitter     (TSJ):    0.071ns
    Discrete Jitter          (DJ):    0.118ns
    Phase Error              (PE):    0.120ns

    Location             Delay type                Incr(ns)  Path(ns)    Netlist Resource(s)
  -------------------------------------------------------------------    -------------------
                         (clock pll_clk_adc_2x rise edge)
                                                      4.000     4.000 r  
    U18                                               0.000     4.000 r  adc_clk_p_i (IN)
                         net (fo=0)                   0.000     4.000    adc_clk_p_i
    U18                  IBUFDS (Prop_ibufds_I_O)     0.983     4.983 r  i_clk/O
                         net (fo=1, routed)           1.306     6.289    pll/adc_clk_in
    PLLE2_ADV_X0Y0       PLLE2_ADV (Prop_plle2_adv_CLKIN1_CLKOUT4)
                                                     -8.533    -2.244 r  pll/pll/CLKOUT4
                         net (fo=1, routed)           1.754    -0.490    pll_clk_adc_2x
    BUFGCTRL_X0Y1        BUFG (Prop_bufg_I_O)         0.101    -0.389 r  bufg_ser_clk/O
                         net (fo=1629, routed)        1.671     1.282    Digital_Freq_Meter_inst/DDC1_inst/ddc_frontend_lowpass_filter_inst_I/N_times_clk_FIR_wrapper_H_inst/CLK
    SLICE_X20Y9          FDRE                                         r  Digital_Freq_Meter_inst/DDC1_inst/ddc_frontend_lowpass_filter_inst_I/N_times_clk_FIR_wrapper_H_inst/data_out_times_N_reg_reg[10]/C
  -------------------------------------------------------------------    -------------------
    SLICE_X20Y9          FDRE (Prop_fdre_C_Q)         0.518     1.800 r  Digital_Freq_Meter_inst/DDC1_inst/ddc_frontend_lowpass_filter_inst_I/N_times_clk_FIR_wrapper_H_inst/data_out_times_N_reg_reg[10]/Q
                         net (fo=1, routed)           1.632     3.432    Digital_Freq_Meter_inst/DDC1_inst/ddc_frontend_lowpass_filter_inst_I/N_times_clk_FIR_wrapper_H_inst/data_out_times_N_reg[10]
    SLICE_X27Y9          FDRE                                         r  Digital_Freq_Meter_inst/DDC1_inst/ddc_frontend_lowpass_filter_inst_I/N_times_clk_FIR_wrapper_H_inst/data_out_times_1_reg[10]/D
  -------------------------------------------------------------------    -------------------

                         (clock pll_adc_clk rise edge)
                                                      8.000     8.000 r  
    U18                                               0.000     8.000 r  adc_clk_p_i (IN)
                         net (fo=0)                   0.000     8.000    adc_clk_p_i
    U18                  IBUFDS (Prop_ibufds_I_O)     0.940     8.940 r  i_clk/O
                         net (fo=1, routed)           1.181    10.121    pll/adc_clk_in
    PLLE2_ADV_X0Y0       PLLE2_ADV (Prop_plle2_adv_CLKIN1_CLKOUT0)
                                                     -7.650     2.470 r  pll/pll/CLKOUT0
                         net (fo=1, routed)           1.594     4.065    lopt_2
    BUFGCTRL_X0Y0        BUFG (Prop_bufg_I_O)         0.091     4.156 r  bufg_adc_clk/O
                         net (fo=15663, routed)       1.497     5.653    Digital_Freq_Meter_inst/DDC1_inst/ddc_frontend_lowpass_filter_inst_I/N_times_clk_FIR_wrapper_H_inst/ps_sys_clk
    SLICE_X27Y9          FDRE                                         r  Digital_Freq_Meter_inst/DDC1_inst/ddc_frontend_lowpass_filter_inst_I/N_times_clk_FIR_wrapper_H_inst/data_out_times_1_reg[10]/C
                         clock pessimism             -0.714     4.939    
                         clock uncertainty           -0.189     4.750    
    SLICE_X27Y9          FDRE (Setup_fdre_C_D)       -0.062     4.688    Digital_Freq_Meter_inst/DDC1_inst/ddc_frontend_lowpass_filter_inst_I/N_times_clk_FIR_wrapper_H_inst/data_out_times_1_reg[10]
  -------------------------------------------------------------------
                         required time                          4.688    
                         arrival time                          -3.432    
  -------------------------------------------------------------------
                         slack                                  1.255    

Slack (MET) :             1.276ns  (required time - arrival time)
  Source:                 Digital_Freq_Meter_inst/DDC1_inst/ddc_frontend_lowpass_filter_inst_Q/N_times_clk_FIR_wrapper_H_inst/data_out_times_N_reg_reg[9]/C
                            (rising edge-triggered cell FDRE clocked by pll_clk_adc_2x  {rise@0.000ns fall@2.000ns period=4.000ns})
  Destination:            Digital_Freq_Meter_inst/DDC1_inst/ddc_frontend_lowpass_filter_inst_Q/N_times_clk_FIR_wrapper_H_inst/data_out_times_1_reg[9]/D
                            (rising edge-triggered cell FDRE clocked by pll_adc_clk  {rise@0.000ns fall@4.000ns period=8.000ns})
  Path Group:             pll_adc_clk
  Path Type:              Setup (Max at Slow Process Corner)
  Requirement:            4.000ns  (pll_adc_clk rise@8.000ns - pll_clk_adc_2x rise@4.000ns)
  Data Path Delay:        2.129ns  (logic 0.456ns (21.419%)  route 1.673ns (78.581%))
  Logic Levels:           0  
  Clock Path Skew:        -0.346ns (DCD - SCD + CPR)
    Destination Clock Delay (DCD):    -2.272ns = ( 5.728 - 8.000 ) 
    Source Clock Delay      (SCD):    -2.641ns = ( 1.359 - 4.000 ) 
    Clock Pessimism Removal (CPR):    -0.714ns
  Clock Uncertainty:      0.189ns  ((TSJ^2 + DJ^2)^1/2) / 2 + PE
    Total System Jitter     (TSJ):    0.071ns
    Discrete Jitter          (DJ):    0.118ns
    Phase Error              (PE):    0.120ns

    Location             Delay type                Incr(ns)  Path(ns)    Netlist Resource(s)
  -------------------------------------------------------------------    -------------------
                         (clock pll_clk_adc_2x rise edge)
                                                      4.000     4.000 r  
    U18                                               0.000     4.000 r  adc_clk_p_i (IN)
                         net (fo=0)                   0.000     4.000    adc_clk_p_i
    U18                  IBUFDS (Prop_ibufds_I_O)     0.983     4.983 r  i_clk/O
                         net (fo=1, routed)           1.306     6.289    pll/adc_clk_in
    PLLE2_ADV_X0Y0       PLLE2_ADV (Prop_plle2_adv_CLKIN1_CLKOUT4)
                                                     -8.533    -2.244 r  pll/pll/CLKOUT4
                         net (fo=1, routed)           1.754    -0.490    pll_clk_adc_2x
    BUFGCTRL_X0Y1        BUFG (Prop_bufg_I_O)         0.101    -0.389 r  bufg_ser_clk/O
                         net (fo=1629, routed)        1.748     1.359    Digital_Freq_Meter_inst/DDC1_inst/ddc_frontend_lowpass_filter_inst_Q/N_times_clk_FIR_wrapper_H_inst/CLK
    SLICE_X39Y12         FDRE                                         r  Digital_Freq_Meter_inst/DDC1_inst/ddc_frontend_lowpass_filter_inst_Q/N_times_clk_FIR_wrapper_H_inst/data_out_times_N_reg_reg[9]/C
  -------------------------------------------------------------------    -------------------
    SLICE_X39Y12         FDRE (Prop_fdre_C_Q)         0.456     1.815 r  Digital_Freq_Meter_inst/DDC1_inst/ddc_frontend_lowpass_filter_inst_Q/N_times_clk_FIR_wrapper_H_inst/data_out_times_N_reg_reg[9]/Q
                         net (fo=1, routed)           1.673     3.488    Digital_Freq_Meter_inst/DDC1_inst/ddc_frontend_lowpass_filter_inst_Q/N_times_clk_FIR_wrapper_H_inst/data_out_times_N_reg_reg_n_0_[9]
    SLICE_X39Y11         FDRE                                         r  Digital_Freq_Meter_inst/DDC1_inst/ddc_frontend_lowpass_filter_inst_Q/N_times_clk_FIR_wrapper_H_inst/data_out_times_1_reg[9]/D
  -------------------------------------------------------------------    -------------------

                         (clock pll_adc_clk rise edge)
                                                      8.000     8.000 r  
    U18                                               0.000     8.000 r  adc_clk_p_i (IN)
                         net (fo=0)                   0.000     8.000    adc_clk_p_i
    U18                  IBUFDS (Prop_ibufds_I_O)     0.940     8.940 r  i_clk/O
                         net (fo=1, routed)           1.181    10.121    pll/adc_clk_in
    PLLE2_ADV_X0Y0       PLLE2_ADV (Prop_plle2_adv_CLKIN1_CLKOUT0)
                                                     -7.650     2.470 r  pll/pll/CLKOUT0
                         net (fo=1, routed)           1.594     4.065    lopt_2
    BUFGCTRL_X0Y0        BUFG (Prop_bufg_I_O)         0.091     4.156 r  bufg_adc_clk/O
                         net (fo=15663, routed)       1.572     5.728    Digital_Freq_Meter_inst/DDC1_inst/ddc_frontend_lowpass_filter_inst_Q/N_times_clk_FIR_wrapper_H_inst/ps_sys_clk
    SLICE_X39Y11         FDRE                                         r  Digital_Freq_Meter_inst/DDC1_inst/ddc_frontend_lowpass_filter_inst_Q/N_times_clk_FIR_wrapper_H_inst/data_out_times_1_reg[9]/C
                         clock pessimism             -0.714     5.014    
                         clock uncertainty           -0.189     4.825    
    SLICE_X39Y11         FDRE (Setup_fdre_C_D)       -0.061     4.764    Digital_Freq_Meter_inst/DDC1_inst/ddc_frontend_lowpass_filter_inst_Q/N_times_clk_FIR_wrapper_H_inst/data_out_times_1_reg[9]
  -------------------------------------------------------------------
                         required time                          4.764    
                         arrival time                          -3.488    
  -------------------------------------------------------------------
                         slack                                  1.276    

Slack (MET) :             1.328ns  (required time - arrival time)
  Source:                 Digital_Freq_Meter_inst/DDC1_inst/ddc_frontend_lowpass_filter_inst_I/N_times_clk_FIR_wrapper_H_inst/data_out_times_N_reg_reg[3]/C
                            (rising edge-triggered cell FDRE clocked by pll_clk_adc_2x  {rise@0.000ns fall@2.000ns period=4.000ns})
  Destination:            Digital_Freq_Meter_inst/DDC1_inst/ddc_frontend_lowpass_filter_inst_I/N_times_clk_FIR_wrapper_H_inst/data_out_times_1_reg[3]/D
                            (rising edge-triggered cell FDRE clocked by pll_adc_clk  {rise@0.000ns fall@4.000ns period=8.000ns})
  Path Group:             pll_adc_clk
  Path Type:              Setup (Max at Slow Process Corner)
  Requirement:            4.000ns  (pll_adc_clk rise@8.000ns - pll_clk_adc_2x rise@4.000ns)
  Data Path Delay:        2.114ns  (logic 0.456ns (21.574%)  route 1.658ns (78.426%))
  Logic Levels:           0  
  Clock Path Skew:        -0.340ns (DCD - SCD + CPR)
    Destination Clock Delay (DCD):    -2.345ns = ( 5.655 - 8.000 ) 
    Source Clock Delay      (SCD):    -2.720ns = ( 1.280 - 4.000 ) 
    Clock Pessimism Removal (CPR):    -0.714ns
  Clock Uncertainty:      0.189ns  ((TSJ^2 + DJ^2)^1/2) / 2 + PE
    Total System Jitter     (TSJ):    0.071ns
    Discrete Jitter          (DJ):    0.118ns
    Phase Error              (PE):    0.120ns

    Location             Delay type                Incr(ns)  Path(ns)    Netlist Resource(s)
  -------------------------------------------------------------------    -------------------
                         (clock pll_clk_adc_2x rise edge)
                                                      4.000     4.000 r  
    U18                                               0.000     4.000 r  adc_clk_p_i (IN)
                         net (fo=0)                   0.000     4.000    adc_clk_p_i
    U18                  IBUFDS (Prop_ibufds_I_O)     0.983     4.983 r  i_clk/O
                         net (fo=1, routed)           1.306     6.289    pll/adc_clk_in
    PLLE2_ADV_X0Y0       PLLE2_ADV (Prop_plle2_adv_CLKIN1_CLKOUT4)
                                                     -8.533    -2.244 r  pll/pll/CLKOUT4
                         net (fo=1, routed)           1.754    -0.490    pll_clk_adc_2x
    BUFGCTRL_X0Y1        BUFG (Prop_bufg_I_O)         0.101    -0.389 r  bufg_ser_clk/O
                         net (fo=1629, routed)        1.669     1.280    Digital_Freq_Meter_inst/DDC1_inst/ddc_frontend_lowpass_filter_inst_I/N_times_clk_FIR_wrapper_H_inst/CLK
    SLICE_X22Y5          FDRE                                         r  Digital_Freq_Meter_inst/DDC1_inst/ddc_frontend_lowpass_filter_inst_I/N_times_clk_FIR_wrapper_H_inst/data_out_times_N_reg_reg[3]/C
  -------------------------------------------------------------------    -------------------
    SLICE_X22Y5          FDRE (Prop_fdre_C_Q)         0.456     1.736 r  Digital_Freq_Meter_inst/DDC1_inst/ddc_frontend_lowpass_filter_inst_I/N_times_clk_FIR_wrapper_H_inst/data_out_times_N_reg_reg[3]/Q
                         net (fo=1, routed)           1.658     3.394    Digital_Freq_Meter_inst/DDC1_inst/ddc_frontend_lowpass_filter_inst_I/N_times_clk_FIR_wrapper_H_inst/data_out_times_N_reg[3]
    SLICE_X28Y5          FDRE                                         r  Digital_Freq_Meter_inst/DDC1_inst/ddc_frontend_lowpass_filter_inst_I/N_times_clk_FIR_wrapper_H_inst/data_out_times_1_reg[3]/D
  -------------------------------------------------------------------    -------------------

                         (clock pll_adc_clk rise edge)
                                                      8.000     8.000 r  
    U18                                               0.000     8.000 r  adc_clk_p_i (IN)
                         net (fo=0)                   0.000     8.000    adc_clk_p_i
    U18                  IBUFDS (Prop_ibufds_I_O)     0.940     8.940 r  i_clk/O
                         net (fo=1, routed)           1.181    10.121    pll/adc_clk_in
    PLLE2_ADV_X0Y0       PLLE2_ADV (Prop_plle2_adv_CLKIN1_CLKOUT0)
                                                     -7.650     2.470 r  pll/pll/CLKOUT0
                         net (fo=1, routed)           1.594     4.065    lopt_2
    BUFGCTRL_X0Y0        BUFG (Prop_bufg_I_O)         0.091     4.156 r  bufg_adc_clk/O
                         net (fo=15663, routed)       1.499     5.655    Digital_Freq_Meter_inst/DDC1_inst/ddc_frontend_lowpass_filter_inst_I/N_times_clk_FIR_wrapper_H_inst/ps_sys_clk
    SLICE_X28Y5          FDRE                                         r  Digital_Freq_Meter_inst/DDC1_inst/ddc_frontend_lowpass_filter_inst_I/N_times_clk_FIR_wrapper_H_inst/data_out_times_1_reg[3]/C
                         clock pessimism             -0.714     4.941    
                         clock uncertainty           -0.189     4.752    
    SLICE_X28Y5          FDRE (Setup_fdre_C_D)       -0.030     4.722    Digital_Freq_Meter_inst/DDC1_inst/ddc_frontend_lowpass_filter_inst_I/N_times_clk_FIR_wrapper_H_inst/data_out_times_1_reg[3]
  -------------------------------------------------------------------
                         required time                          4.722    
                         arrival time                          -3.394    
  -------------------------------------------------------------------
                         slack                                  1.328    

Slack (MET) :             1.329ns  (required time - arrival time)
  Source:                 Digital_Freq_Meter_inst/DDC1_inst/ddc_frontend_lowpass_filter_inst_Q/N_times_clk_FIR_wrapper_H_inst/data_out_times_N_reg_reg[1]/C
                            (rising edge-triggered cell FDRE clocked by pll_clk_adc_2x  {rise@0.000ns fall@2.000ns period=4.000ns})
  Destination:            Digital_Freq_Meter_inst/DDC1_inst/ddc_frontend_lowpass_filter_inst_Q/N_times_clk_FIR_wrapper_H_inst/data_out_times_1_reg[1]/D
                            (rising edge-triggered cell FDRE clocked by pll_adc_clk  {rise@0.000ns fall@4.000ns period=8.000ns})
  Path Group:             pll_adc_clk
  Path Type:              Setup (Max at Slow Process Corner)
  Requirement:            4.000ns  (pll_adc_clk rise@8.000ns - pll_clk_adc_2x rise@4.000ns)
  Data Path Delay:        2.175ns  (logic 0.518ns (23.818%)  route 1.657ns (76.182%))
  Logic Levels:           0  
  Clock Path Skew:        -0.268ns (DCD - SCD + CPR)
    Destination Clock Delay (DCD):    -2.270ns = ( 5.730 - 8.000 ) 
    Source Clock Delay      (SCD):    -2.717ns = ( 1.283 - 4.000 ) 
    Clock Pessimism Removal (CPR):    -0.714ns
  Clock Uncertainty:      0.189ns  ((TSJ^2 + DJ^2)^1/2) / 2 + PE
    Total System Jitter     (TSJ):    0.071ns
    Discrete Jitter          (DJ):    0.118ns
    Phase Error              (PE):    0.120ns

    Location             Delay type                Incr(ns)  Path(ns)    Netlist Resource(s)
  -------------------------------------------------------------------    -------------------
                         (clock pll_clk_adc_2x rise edge)
                                                      4.000     4.000 r  
    U18                                               0.000     4.000 r  adc_clk_p_i (IN)
                         net (fo=0)                   0.000     4.000    adc_clk_p_i
    U18                  IBUFDS (Prop_ibufds_I_O)     0.983     4.983 r  i_clk/O
                         net (fo=1, routed)           1.306     6.289    pll/adc_clk_in
    PLLE2_ADV_X0Y0       PLLE2_ADV (Prop_plle2_adv_CLKIN1_CLKOUT4)
                                                     -8.533    -2.244 r  pll/pll/CLKOUT4
                         net (fo=1, routed)           1.754    -0.490    pll_clk_adc_2x
    BUFGCTRL_X0Y1        BUFG (Prop_bufg_I_O)         0.101    -0.389 r  bufg_ser_clk/O
                         net (fo=1629, routed)        1.672     1.283    Digital_Freq_Meter_inst/DDC1_inst/ddc_frontend_lowpass_filter_inst_Q/N_times_clk_FIR_wrapper_H_inst/CLK
    SLICE_X34Y9          FDRE                                         r  Digital_Freq_Meter_inst/DDC1_inst/ddc_frontend_lowpass_filter_inst_Q/N_times_clk_FIR_wrapper_H_inst/data_out_times_N_reg_reg[1]/C
  -------------------------------------------------------------------    -------------------
    SLICE_X34Y9          FDRE (Prop_fdre_C_Q)         0.518     1.801 r  Digital_Freq_Meter_inst/DDC1_inst/ddc_frontend_lowpass_filter_inst_Q/N_times_clk_FIR_wrapper_H_inst/data_out_times_N_reg_reg[1]/Q
                         net (fo=1, routed)           1.657     3.458    Digital_Freq_Meter_inst/DDC1_inst/ddc_frontend_lowpass_filter_inst_Q/N_times_clk_FIR_wrapper_H_inst/data_out_times_N_reg_reg_n_0_[1]
    SLICE_X36Y8          FDRE                                         r  Digital_Freq_Meter_inst/DDC1_inst/ddc_frontend_lowpass_filter_inst_Q/N_times_clk_FIR_wrapper_H_inst/data_out_times_1_reg[1]/D
  -------------------------------------------------------------------    -------------------

                         (clock pll_adc_clk rise edge)
                                                      8.000     8.000 r  
    U18                                               0.000     8.000 r  adc_clk_p_i (IN)
                         net (fo=0)                   0.000     8.000    adc_clk_p_i
    U18                  IBUFDS (Prop_ibufds_I_O)     0.940     8.940 r  i_clk/O
                         net (fo=1, routed)           1.181    10.121    pll/adc_clk_in
    PLLE2_ADV_X0Y0       PLLE2_ADV (Prop_plle2_adv_CLKIN1_CLKOUT0)
                                                     -7.650     2.470 r  pll/pll/CLKOUT0
                         net (fo=1, routed)           1.594     4.065    lopt_2
    BUFGCTRL_X0Y0        BUFG (Prop_bufg_I_O)         0.091     4.156 r  bufg_adc_clk/O
                         net (fo=15663, routed)       1.574     5.730    Digital_Freq_Meter_inst/DDC1_inst/ddc_frontend_lowpass_filter_inst_Q/N_times_clk_FIR_wrapper_H_inst/ps_sys_clk
    SLICE_X36Y8          FDRE                                         r  Digital_Freq_Meter_inst/DDC1_inst/ddc_frontend_lowpass_filter_inst_Q/N_times_clk_FIR_wrapper_H_inst/data_out_times_1_reg[1]/C
                         clock pessimism             -0.714     5.016    
                         clock uncertainty           -0.189     4.827    
    SLICE_X36Y8          FDRE (Setup_fdre_C_D)       -0.040     4.787    Digital_Freq_Meter_inst/DDC1_inst/ddc_frontend_lowpass_filter_inst_Q/N_times_clk_FIR_wrapper_H_inst/data_out_times_1_reg[1]
  -------------------------------------------------------------------
                         required time                          4.787    
                         arrival time                          -3.458    
  -------------------------------------------------------------------
                         slack                                  1.329    

Slack (MET) :             1.330ns  (required time - arrival time)
  Source:                 Digital_Freq_Meter_inst/DDC1_inst/ddc_frontend_lowpass_filter_inst_I/N_times_clk_FIR_wrapper_H_inst/data_out_times_N_reg_reg[4]/C
                            (rising edge-triggered cell FDRE clocked by pll_clk_adc_2x  {rise@0.000ns fall@2.000ns period=4.000ns})
  Destination:            Digital_Freq_Meter_inst/DDC1_inst/ddc_frontend_lowpass_filter_inst_I/N_times_clk_FIR_wrapper_H_inst/data_out_times_1_reg[4]/D
                            (rising edge-triggered cell FDRE clocked by pll_adc_clk  {rise@0.000ns fall@4.000ns period=8.000ns})
  Path Group:             pll_adc_clk
  Path Type:              Setup (Max at Slow Process Corner)
  Requirement:            4.000ns  (pll_adc_clk rise@8.000ns - pll_clk_adc_2x rise@4.000ns)
  Data Path Delay:        2.060ns  (logic 0.456ns (22.132%)  route 1.604ns (77.868%))
  Logic Levels:           0  
  Clock Path Skew:        -0.340ns (DCD - SCD + CPR)
    Destination Clock Delay (DCD):    -2.346ns = ( 5.654 - 8.000 ) 
    Source Clock Delay      (SCD):    -2.721ns = ( 1.279 - 4.000 ) 
    Clock Pessimism Removal (CPR):    -0.714ns
  Clock Uncertainty:      0.189ns  ((TSJ^2 + DJ^2)^1/2) / 2 + PE
    Total System Jitter     (TSJ):    0.071ns
    Discrete Jitter          (DJ):    0.118ns
    Phase Error              (PE):    0.120ns

    Location             Delay type                Incr(ns)  Path(ns)    Netlist Resource(s)
  -------------------------------------------------------------------    -------------------
                         (clock pll_clk_adc_2x rise edge)
                                                      4.000     4.000 r  
    U18                                               0.000     4.000 r  adc_clk_p_i (IN)
                         net (fo=0)                   0.000     4.000    adc_clk_p_i
    U18                  IBUFDS (Prop_ibufds_I_O)     0.983     4.983 r  i_clk/O
                         net (fo=1, routed)           1.306     6.289    pll/adc_clk_in
    PLLE2_ADV_X0Y0       PLLE2_ADV (Prop_plle2_adv_CLKIN1_CLKOUT4)
                                                     -8.533    -2.244 r  pll/pll/CLKOUT4
                         net (fo=1, routed)           1.754    -0.490    pll_clk_adc_2x
    BUFGCTRL_X0Y1        BUFG (Prop_bufg_I_O)         0.101    -0.389 r  bufg_ser_clk/O
                         net (fo=1629, routed)        1.668     1.279    Digital_Freq_Meter_inst/DDC1_inst/ddc_frontend_lowpass_filter_inst_I/N_times_clk_FIR_wrapper_H_inst/CLK
    SLICE_X25Y8          FDRE                                         r  Digital_Freq_Meter_inst/DDC1_inst/ddc_frontend_lowpass_filter_inst_I/N_times_clk_FIR_wrapper_H_inst/data_out_times_N_reg_reg[4]/C
  -------------------------------------------------------------------    -------------------
    SLICE_X25Y8          FDRE (Prop_fdre_C_Q)         0.456     1.735 r  Digital_Freq_Meter_inst/DDC1_inst/ddc_frontend_lowpass_filter_inst_I/N_times_clk_FIR_wrapper_H_inst/data_out_times_N_reg_reg[4]/Q
                         net (fo=1, routed)           1.604     3.339    Digital_Freq_Meter_inst/DDC1_inst/ddc_frontend_lowpass_filter_inst_I/N_times_clk_FIR_wrapper_H_inst/data_out_times_N_reg[4]
    SLICE_X29Y8          FDRE                                         r  Digital_Freq_Meter_inst/DDC1_inst/ddc_frontend_lowpass_filter_inst_I/N_times_clk_FIR_wrapper_H_inst/data_out_times_1_reg[4]/D
  -------------------------------------------------------------------    -------------------

                         (clock pll_adc_clk rise edge)
                                                      8.000     8.000 r  
    U18                                               0.000     8.000 r  adc_clk_p_i (IN)
                         net (fo=0)                   0.000     8.000    adc_clk_p_i
    U18                  IBUFDS (Prop_ibufds_I_O)     0.940     8.940 r  i_clk/O
                         net (fo=1, routed)           1.181    10.121    pll/adc_clk_in
    PLLE2_ADV_X0Y0       PLLE2_ADV (Prop_plle2_adv_CLKIN1_CLKOUT0)
                                                     -7.650     2.470 r  pll/pll/CLKOUT0
                         net (fo=1, routed)           1.594     4.065    lopt_2
    BUFGCTRL_X0Y0        BUFG (Prop_bufg_I_O)         0.091     4.156 r  bufg_adc_clk/O
                         net (fo=15663, routed)       1.498     5.654    Digital_Freq_Meter_inst/DDC1_inst/ddc_frontend_lowpass_filter_inst_I/N_times_clk_FIR_wrapper_H_inst/ps_sys_clk
    SLICE_X29Y8          FDRE                                         r  Digital_Freq_Meter_inst/DDC1_inst/ddc_frontend_lowpass_filter_inst_I/N_times_clk_FIR_wrapper_H_inst/data_out_times_1_reg[4]/C
                         clock pessimism             -0.714     4.940    
                         clock uncertainty           -0.189     4.751    
    SLICE_X29Y8          FDRE (Setup_fdre_C_D)       -0.081     4.670    Digital_Freq_Meter_inst/DDC1_inst/ddc_frontend_lowpass_filter_inst_I/N_times_clk_FIR_wrapper_H_inst/data_out_times_1_reg[4]
  -------------------------------------------------------------------
                         required time                          4.670    
                         arrival time                          -3.339    
  -------------------------------------------------------------------
                         slack                                  1.330    

Slack (MET) :             1.346ns  (required time - arrival time)
  Source:                 Digital_Freq_Meter_inst/DDC1_inst/ddc_frontend_lowpass_filter_inst_I/N_times_clk_FIR_wrapper_H_inst/data_out_times_N_reg_reg[15]/C
                            (rising edge-triggered cell FDRE clocked by pll_clk_adc_2x  {rise@0.000ns fall@2.000ns period=4.000ns})
  Destination:            Digital_Freq_Meter_inst/DDC1_inst/ddc_frontend_lowpass_filter_inst_I/N_times_clk_FIR_wrapper_H_inst/data_out_times_1_reg[15]/D
                            (rising edge-triggered cell FDRE clocked by pll_adc_clk  {rise@0.000ns fall@4.000ns period=8.000ns})
  Path Group:             pll_adc_clk
  Path Type:              Setup (Max at Slow Process Corner)
  Requirement:            4.000ns  (pll_adc_clk rise@8.000ns - pll_clk_adc_2x rise@4.000ns)
  Data Path Delay:        2.092ns  (logic 0.518ns (24.763%)  route 1.574ns (75.237%))
  Logic Levels:           0  
  Clock Path Skew:        -0.344ns (DCD - SCD + CPR)
    Destination Clock Delay (DCD):    -2.347ns = ( 5.653 - 8.000 ) 
    Source Clock Delay      (SCD):    -2.718ns = ( 1.282 - 4.000 ) 
    Clock Pessimism Removal (CPR):    -0.714ns
  Clock Uncertainty:      0.189ns  ((TSJ^2 + DJ^2)^1/2) / 2 + PE
    Total System Jitter     (TSJ):    0.071ns
    Discrete Jitter          (DJ):    0.118ns
    Phase Error              (PE):    0.120ns

    Location             Delay type                Incr(ns)  Path(ns)    Netlist Resource(s)
  -------------------------------------------------------------------    -------------------
                         (clock pll_clk_adc_2x rise edge)
                                                      4.000     4.000 r  
    U18                                               0.000     4.000 r  adc_clk_p_i (IN)
                         net (fo=0)                   0.000     4.000    adc_clk_p_i
    U18                  IBUFDS (Prop_ibufds_I_O)     0.983     4.983 r  i_clk/O
                         net (fo=1, routed)           1.306     6.289    pll/adc_clk_in
    PLLE2_ADV_X0Y0       PLLE2_ADV (Prop_plle2_adv_CLKIN1_CLKOUT4)
                                                     -8.533    -2.244 r  pll/pll/CLKOUT4
                         net (fo=1, routed)           1.754    -0.490    pll_clk_adc_2x
    BUFGCTRL_X0Y1        BUFG (Prop_bufg_I_O)         0.101    -0.389 r  bufg_ser_clk/O
                         net (fo=1629, routed)        1.671     1.282    Digital_Freq_Meter_inst/DDC1_inst/ddc_frontend_lowpass_filter_inst_I/N_times_clk_FIR_wrapper_H_inst/CLK
    SLICE_X20Y9          FDRE                                         r  Digital_Freq_Meter_inst/DDC1_inst/ddc_frontend_lowpass_filter_inst_I/N_times_clk_FIR_wrapper_H_inst/data_out_times_N_reg_reg[15]/C
  -------------------------------------------------------------------    -------------------
    SLICE_X20Y9          FDRE (Prop_fdre_C_Q)         0.518     1.800 r  Digital_Freq_Meter_inst/DDC1_inst/ddc_frontend_lowpass_filter_inst_I/N_times_clk_FIR_wrapper_H_inst/data_out_times_N_reg_reg[15]/Q
                         net (fo=1, routed)           1.574     3.374    Digital_Freq_Meter_inst/DDC1_inst/ddc_frontend_lowpass_filter_inst_I/N_times_clk_FIR_wrapper_H_inst/data_out_times_N_reg[15]
    SLICE_X30Y10         FDRE                                         r  Digital_Freq_Meter_inst/DDC1_inst/ddc_frontend_lowpass_filter_inst_I/N_times_clk_FIR_wrapper_H_inst/data_out_times_1_reg[15]/D
  -------------------------------------------------------------------    -------------------

                         (clock pll_adc_clk rise edge)
                                                      8.000     8.000 r  
    U18                                               0.000     8.000 r  adc_clk_p_i (IN)
                         net (fo=0)                   0.000     8.000    adc_clk_p_i
    U18                  IBUFDS (Prop_ibufds_I_O)     0.940     8.940 r  i_clk/O
                         net (fo=1, routed)           1.181    10.121    pll/adc_clk_in
    PLLE2_ADV_X0Y0       PLLE2_ADV (Prop_plle2_adv_CLKIN1_CLKOUT0)
                                                     -7.650     2.470 r  pll/pll/CLKOUT0
                         net (fo=1, routed)           1.594     4.065    lopt_2
    BUFGCTRL_X0Y0        BUFG (Prop_bufg_I_O)         0.091     4.156 r  bufg_adc_clk/O
                         net (fo=15663, routed)       1.497     5.653    Digital_Freq_Meter_inst/DDC1_inst/ddc_frontend_lowpass_filter_inst_I/N_times_clk_FIR_wrapper_H_inst/ps_sys_clk
    SLICE_X30Y10         FDRE                                         r  Digital_Freq_Meter_inst/DDC1_inst/ddc_frontend_lowpass_filter_inst_I/N_times_clk_FIR_wrapper_H_inst/data_out_times_1_reg[15]/C
                         clock pessimism             -0.714     4.939    
                         clock uncertainty           -0.189     4.750    
    SLICE_X30Y10         FDRE (Setup_fdre_C_D)       -0.030     4.720    Digital_Freq_Meter_inst/DDC1_inst/ddc_frontend_lowpass_filter_inst_I/N_times_clk_FIR_wrapper_H_inst/data_out_times_1_reg[15]
  -------------------------------------------------------------------
                         required time                          4.720    
                         arrival time                          -3.374    
  -------------------------------------------------------------------
                         slack                                  1.346    

Slack (MET) :             1.383ns  (required time - arrival time)
  Source:                 Digital_Freq_Meter_inst/DDC1_inst/ddc_frontend_lowpass_filter_inst_Q/N_times_clk_FIR_wrapper_H_inst/data_out_times_N_reg_reg[7]/C
                            (rising edge-triggered cell FDRE clocked by pll_clk_adc_2x  {rise@0.000ns fall@2.000ns period=4.000ns})
  Destination:            Digital_Freq_Meter_inst/DDC1_inst/ddc_frontend_lowpass_filter_inst_Q/N_times_clk_FIR_wrapper_H_inst/data_out_times_1_reg[7]/D
                            (rising edge-triggered cell FDRE clocked by pll_adc_clk  {rise@0.000ns fall@4.000ns period=8.000ns})
  Path Group:             pll_adc_clk
  Path Type:              Setup (Max at Slow Process Corner)
  Requirement:            4.000ns  (pll_adc_clk rise@8.000ns - pll_clk_adc_2x rise@4.000ns)
  Data Path Delay:        1.980ns  (logic 0.456ns (23.035%)  route 1.524ns (76.965%))
  Logic Levels:           0  
  Clock Path Skew:        -0.348ns (DCD - SCD + CPR)
    Destination Clock Delay (DCD):    -2.270ns = ( 5.730 - 8.000 ) 
    Source Clock Delay      (SCD):    -2.637ns = ( 1.363 - 4.000 ) 
    Clock Pessimism Removal (CPR):    -0.714ns
  Clock Uncertainty:      0.189ns  ((TSJ^2 + DJ^2)^1/2) / 2 + PE
    Total System Jitter     (TSJ):    0.071ns
    Discrete Jitter          (DJ):    0.118ns
    Phase Error              (PE):    0.120ns

    Location             Delay type                Incr(ns)  Path(ns)    Netlist Resource(s)
  -------------------------------------------------------------------    -------------------
                         (clock pll_clk_adc_2x rise edge)
                                                      4.000     4.000 r  
    U18                                               0.000     4.000 r  adc_clk_p_i (IN)
                         net (fo=0)                   0.000     4.000    adc_clk_p_i
    U18                  IBUFDS (Prop_ibufds_I_O)     0.983     4.983 r  i_clk/O
                         net (fo=1, routed)           1.306     6.289    pll/adc_clk_in
    PLLE2_ADV_X0Y0       PLLE2_ADV (Prop_plle2_adv_CLKIN1_CLKOUT4)
                                                     -8.533    -2.244 r  pll/pll/CLKOUT4
                         net (fo=1, routed)           1.754    -0.490    pll_clk_adc_2x
    BUFGCTRL_X0Y1        BUFG (Prop_bufg_I_O)         0.101    -0.389 r  bufg_ser_clk/O
                         net (fo=1629, routed)        1.752     1.363    Digital_Freq_Meter_inst/DDC1_inst/ddc_frontend_lowpass_filter_inst_Q/N_times_clk_FIR_wrapper_H_inst/CLK
    SLICE_X40Y9          FDRE                                         r  Digital_Freq_Meter_inst/DDC1_inst/ddc_frontend_lowpass_filter_inst_Q/N_times_clk_FIR_wrapper_H_inst/data_out_times_N_reg_reg[7]/C
  -------------------------------------------------------------------    -------------------
    SLICE_X40Y9          FDRE (Prop_fdre_C_Q)         0.456     1.819 r  Digital_Freq_Meter_inst/DDC1_inst/ddc_frontend_lowpass_filter_inst_Q/N_times_clk_FIR_wrapper_H_inst/data_out_times_N_reg_reg[7]/Q
                         net (fo=1, routed)           1.524     3.343    Digital_Freq_Meter_inst/DDC1_inst/ddc_frontend_lowpass_filter_inst_Q/N_times_clk_FIR_wrapper_H_inst/data_out_times_N_reg_reg_n_0_[7]
    SLICE_X39Y8          FDRE                                         r  Digital_Freq_Meter_inst/DDC1_inst/ddc_frontend_lowpass_filter_inst_Q/N_times_clk_FIR_wrapper_H_inst/data_out_times_1_reg[7]/D
  -------------------------------------------------------------------    -------------------

                         (clock pll_adc_clk rise edge)
                                                      8.000     8.000 r  
    U18                                               0.000     8.000 r  adc_clk_p_i (IN)
                         net (fo=0)                   0.000     8.000    adc_clk_p_i
    U18                  IBUFDS (Prop_ibufds_I_O)     0.940     8.940 r  i_clk/O
                         net (fo=1, routed)           1.181    10.121    pll/adc_clk_in
    PLLE2_ADV_X0Y0       PLLE2_ADV (Prop_plle2_adv_CLKIN1_CLKOUT0)
                                                     -7.650     2.470 r  pll/pll/CLKOUT0
                         net (fo=1, routed)           1.594     4.065    lopt_2
    BUFGCTRL_X0Y0        BUFG (Prop_bufg_I_O)         0.091     4.156 r  bufg_adc_clk/O
                         net (fo=15663, routed)       1.574     5.730    Digital_Freq_Meter_inst/DDC1_inst/ddc_frontend_lowpass_filter_inst_Q/N_times_clk_FIR_wrapper_H_inst/ps_sys_clk
    SLICE_X39Y8          FDRE                                         r  Digital_Freq_Meter_inst/DDC1_inst/ddc_frontend_lowpass_filter_inst_Q/N_times_clk_FIR_wrapper_H_inst/data_out_times_1_reg[7]/C
                         clock pessimism             -0.714     5.016    
                         clock uncertainty           -0.189     4.827    
    SLICE_X39Y8          FDRE (Setup_fdre_C_D)       -0.101     4.726    Digital_Freq_Meter_inst/DDC1_inst/ddc_frontend_lowpass_filter_inst_Q/N_times_clk_FIR_wrapper_H_inst/data_out_times_1_reg[7]
  -------------------------------------------------------------------
                         required time                          4.726    
                         arrival time                          -3.343    
  -------------------------------------------------------------------
                         slack                                  1.383    





Min Delay Paths
--------------------------------------------------------------------------------------
Slack (MET) :             0.128ns  (arrival time - required time)
  Source:                 Digital_Freq_Meter_inst/DDC1_inst/ddc_frontend_lowpass_filter_inst_Q/N_times_clk_FIR_wrapper_H_inst/data_out_times_N_reg_reg[13]/C
                            (rising edge-triggered cell FDRE clocked by pll_clk_adc_2x  {rise@0.000ns fall@2.000ns period=4.000ns})
  Destination:            Digital_Freq_Meter_inst/DDC1_inst/ddc_frontend_lowpass_filter_inst_Q/N_times_clk_FIR_wrapper_H_inst/data_out_times_1_reg[13]/D
                            (rising edge-triggered cell FDRE clocked by pll_adc_clk  {rise@0.000ns fall@4.000ns period=8.000ns})
  Path Group:             pll_adc_clk
  Path Type:              Hold (Min at Fast Process Corner)
  Requirement:            0.000ns  (pll_adc_clk rise@0.000ns - pll_clk_adc_2x rise@0.000ns)
  Data Path Delay:        0.697ns  (logic 0.141ns (20.225%)  route 0.556ns (79.775%))
  Logic Levels:           0  
  Clock Path Skew:        0.318ns (DCD - SCD - CPR)
    Destination Clock Delay (DCD):    -0.202ns
    Source Clock Delay      (SCD):    -0.280ns
    Clock Pessimism Removal (CPR):    -0.239ns
  Clock Uncertainty:      0.189ns  ((TSJ^2 + DJ^2)^1/2) / 2 + PE
    Total System Jitter     (TSJ):    0.071ns
    Discrete Jitter          (DJ):    0.118ns
    Phase Error              (PE):    0.120ns

    Location             Delay type                Incr(ns)  Path(ns)    Netlist Resource(s)
  -------------------------------------------------------------------    -------------------
                         (clock pll_clk_adc_2x rise edge)
                                                      0.000     0.000 r  
    U18                                               0.000     0.000 r  adc_clk_p_i (IN)
                         net (fo=0)                   0.000     0.000    adc_clk_p_i
    U18                  IBUFDS (Prop_ibufds_I_O)     0.401     0.401 r  i_clk/O
                         net (fo=1, routed)           0.440     0.842    pll/adc_clk_in
    PLLE2_ADV_X0Y0       PLLE2_ADV (Prop_plle2_adv_CLKIN1_CLKOUT4)
                                                     -2.234    -1.393 r  pll/pll/CLKOUT4
                         net (fo=1, routed)           0.497    -0.896    pll_clk_adc_2x
    BUFGCTRL_X0Y1        BUFG (Prop_bufg_I_O)         0.026    -0.870 r  bufg_ser_clk/O
                         net (fo=1629, routed)        0.590    -0.280    Digital_Freq_Meter_inst/DDC1_inst/ddc_frontend_lowpass_filter_inst_Q/N_times_clk_FIR_wrapper_H_inst/CLK
    SLICE_X40Y10         FDRE                                         r  Digital_Freq_Meter_inst/DDC1_inst/ddc_frontend_lowpass_filter_inst_Q/N_times_clk_FIR_wrapper_H_inst/data_out_times_N_reg_reg[13]/C
  -------------------------------------------------------------------    -------------------
    SLICE_X40Y10         FDRE (Prop_fdre_C_Q)         0.141    -0.139 r  Digital_Freq_Meter_inst/DDC1_inst/ddc_frontend_lowpass_filter_inst_Q/N_times_clk_FIR_wrapper_H_inst/data_out_times_N_reg_reg[13]/Q
                         net (fo=1, routed)           0.556     0.417    Digital_Freq_Meter_inst/DDC1_inst/ddc_frontend_lowpass_filter_inst_Q/N_times_clk_FIR_wrapper_H_inst/data_out_times_N_reg_reg_n_0_[13]
    SLICE_X39Y10         FDRE                                         r  Digital_Freq_Meter_inst/DDC1_inst/ddc_frontend_lowpass_filter_inst_Q/N_times_clk_FIR_wrapper_H_inst/data_out_times_1_reg[13]/D
  -------------------------------------------------------------------    -------------------

                         (clock pll_adc_clk rise edge)
                                                      0.000     0.000 r  
    U18                                               0.000     0.000 r  adc_clk_p_i (IN)
                         net (fo=0)                   0.000     0.000    adc_clk_p_i
    U18                  IBUFDS (Prop_ibufds_I_O)     0.433     0.433 r  i_clk/O
                         net (fo=1, routed)           0.481     0.914    pll/adc_clk_in
    PLLE2_ADV_X0Y0       PLLE2_ADV (Prop_plle2_adv_CLKIN1_CLKOUT0)
                                                     -2.546    -1.632 r  pll/pll/CLKOUT0
                         net (fo=1, routed)           0.544    -1.088    lopt_2
    BUFGCTRL_X0Y0        BUFG (Prop_bufg_I_O)         0.029    -1.059 r  bufg_adc_clk/O
                         net (fo=15663, routed)       0.857    -0.202    Digital_Freq_Meter_inst/DDC1_inst/ddc_frontend_lowpass_filter_inst_Q/N_times_clk_FIR_wrapper_H_inst/ps_sys_clk
    SLICE_X39Y10         FDRE                                         r  Digital_Freq_Meter_inst/DDC1_inst/ddc_frontend_lowpass_filter_inst_Q/N_times_clk_FIR_wrapper_H_inst/data_out_times_1_reg[13]/C
                         clock pessimism              0.239     0.037    
                         clock uncertainty            0.189     0.226    
    SLICE_X39Y10         FDRE (Hold_fdre_C_D)         0.063     0.289    Digital_Freq_Meter_inst/DDC1_inst/ddc_frontend_lowpass_filter_inst_Q/N_times_clk_FIR_wrapper_H_inst/data_out_times_1_reg[13]
  -------------------------------------------------------------------
                         required time                         -0.289    
                         arrival time                           0.417    
  -------------------------------------------------------------------
                         slack                                  0.128    

Slack (MET) :             0.165ns  (arrival time - required time)
  Source:                 Digital_Freq_Meter_inst/DDC1_inst/ddc_frontend_lowpass_filter_inst_Q/N_times_clk_FIR_wrapper_H_inst/data_out_times_N_reg_reg[8]/C
                            (rising edge-triggered cell FDRE clocked by pll_clk_adc_2x  {rise@0.000ns fall@2.000ns period=4.000ns})
  Destination:            Digital_Freq_Meter_inst/DDC1_inst/ddc_frontend_lowpass_filter_inst_Q/N_times_clk_FIR_wrapper_H_inst/data_out_times_1_reg[8]/D
                            (rising edge-triggered cell FDRE clocked by pll_adc_clk  {rise@0.000ns fall@4.000ns period=8.000ns})
  Path Group:             pll_adc_clk
  Path Type:              Hold (Min at Fast Process Corner)
  Requirement:            0.000ns  (pll_adc_clk rise@0.000ns - pll_clk_adc_2x rise@0.000ns)
  Data Path Delay:        0.727ns  (logic 0.141ns (19.401%)  route 0.586ns (80.599%))
  Logic Levels:           0  
  Clock Path Skew:        0.318ns (DCD - SCD - CPR)
    Destination Clock Delay (DCD):    -0.202ns
    Source Clock Delay      (SCD):    -0.280ns
    Clock Pessimism Removal (CPR):    -0.239ns
  Clock Uncertainty:      0.189ns  ((TSJ^2 + DJ^2)^1/2) / 2 + PE
    Total System Jitter     (TSJ):    0.071ns
    Discrete Jitter          (DJ):    0.118ns
    Phase Error              (PE):    0.120ns

    Location             Delay type                Incr(ns)  Path(ns)    Netlist Resource(s)
  -------------------------------------------------------------------    -------------------
                         (clock pll_clk_adc_2x rise edge)
                                                      0.000     0.000 r  
    U18                                               0.000     0.000 r  adc_clk_p_i (IN)
                         net (fo=0)                   0.000     0.000    adc_clk_p_i
    U18                  IBUFDS (Prop_ibufds_I_O)     0.401     0.401 r  i_clk/O
                         net (fo=1, routed)           0.440     0.842    pll/adc_clk_in
    PLLE2_ADV_X0Y0       PLLE2_ADV (Prop_plle2_adv_CLKIN1_CLKOUT4)
                                                     -2.234    -1.393 r  pll/pll/CLKOUT4
                         net (fo=1, routed)           0.497    -0.896    pll_clk_adc_2x
    BUFGCTRL_X0Y1        BUFG (Prop_bufg_I_O)         0.026    -0.870 r  bufg_ser_clk/O
                         net (fo=1629, routed)        0.590    -0.280    Digital_Freq_Meter_inst/DDC1_inst/ddc_frontend_lowpass_filter_inst_Q/N_times_clk_FIR_wrapper_H_inst/CLK
    SLICE_X40Y10         FDRE                                         r  Digital_Freq_Meter_inst/DDC1_inst/ddc_frontend_lowpass_filter_inst_Q/N_times_clk_FIR_wrapper_H_inst/data_out_times_N_reg_reg[8]/C
  -------------------------------------------------------------------    -------------------
    SLICE_X40Y10         FDRE (Prop_fdre_C_Q)         0.141    -0.139 r  Digital_Freq_Meter_inst/DDC1_inst/ddc_frontend_lowpass_filter_inst_Q/N_times_clk_FIR_wrapper_H_inst/data_out_times_N_reg_reg[8]/Q
                         net (fo=1, routed)           0.586     0.446    Digital_Freq_Meter_inst/DDC1_inst/ddc_frontend_lowpass_filter_inst_Q/N_times_clk_FIR_wrapper_H_inst/data_out_times_N_reg_reg_n_0_[8]
    SLICE_X39Y10         FDRE                                         r  Digital_Freq_Meter_inst/DDC1_inst/ddc_frontend_lowpass_filter_inst_Q/N_times_clk_FIR_wrapper_H_inst/data_out_times_1_reg[8]/D
  -------------------------------------------------------------------    -------------------

                         (clock pll_adc_clk rise edge)
                                                      0.000     0.000 r  
    U18                                               0.000     0.000 r  adc_clk_p_i (IN)
                         net (fo=0)                   0.000     0.000    adc_clk_p_i
    U18                  IBUFDS (Prop_ibufds_I_O)     0.433     0.433 r  i_clk/O
                         net (fo=1, routed)           0.481     0.914    pll/adc_clk_in
    PLLE2_ADV_X0Y0       PLLE2_ADV (Prop_plle2_adv_CLKIN1_CLKOUT0)
                                                     -2.546    -1.632 r  pll/pll/CLKOUT0
                         net (fo=1, routed)           0.544    -1.088    lopt_2
    BUFGCTRL_X0Y0        BUFG (Prop_bufg_I_O)         0.029    -1.059 r  bufg_adc_clk/O
                         net (fo=15663, routed)       0.857    -0.202    Digital_Freq_Meter_inst/DDC1_inst/ddc_frontend_lowpass_filter_inst_Q/N_times_clk_FIR_wrapper_H_inst/ps_sys_clk
    SLICE_X39Y10         FDRE                                         r  Digital_Freq_Meter_inst/DDC1_inst/ddc_frontend_lowpass_filter_inst_Q/N_times_clk_FIR_wrapper_H_inst/data_out_times_1_reg[8]/C
                         clock pessimism              0.239     0.037    
                         clock uncertainty            0.189     0.226    
    SLICE_X39Y10         FDRE (Hold_fdre_C_D)         0.055     0.281    Digital_Freq_Meter_inst/DDC1_inst/ddc_frontend_lowpass_filter_inst_Q/N_times_clk_FIR_wrapper_H_inst/data_out_times_1_reg[8]
  -------------------------------------------------------------------
                         required time                         -0.281    
                         arrival time                           0.446    
  -------------------------------------------------------------------
                         slack                                  0.165    

Slack (MET) :             0.167ns  (arrival time - required time)
  Source:                 Digital_Freq_Meter_inst/DDC1_inst/ddc_frontend_lowpass_filter_inst_I/N_times_clk_FIR_wrapper_H_inst/data_out_times_N_reg_reg[5]/C
                            (rising edge-triggered cell FDRE clocked by pll_clk_adc_2x  {rise@0.000ns fall@2.000ns period=4.000ns})
  Destination:            Digital_Freq_Meter_inst/DDC1_inst/ddc_frontend_lowpass_filter_inst_I/N_times_clk_FIR_wrapper_H_inst/data_out_times_1_reg[5]/D
                            (rising edge-triggered cell FDRE clocked by pll_adc_clk  {rise@0.000ns fall@4.000ns period=8.000ns})
  Path Group:             pll_adc_clk
  Path Type:              Hold (Min at Fast Process Corner)
  Requirement:            0.000ns  (pll_adc_clk rise@0.000ns - pll_clk_adc_2x rise@0.000ns)
  Data Path Delay:        0.754ns  (logic 0.164ns (21.754%)  route 0.590ns (78.246%))
  Logic Levels:           0  
  Clock Path Skew:        0.323ns (DCD - SCD - CPR)
    Destination Clock Delay (DCD):    -0.229ns
    Source Clock Delay      (SCD):    -0.312ns
    Clock Pessimism Removal (CPR):    -0.239ns
  Clock Uncertainty:      0.189ns  ((TSJ^2 + DJ^2)^1/2) / 2 + PE
    Total System Jitter     (TSJ):    0.071ns
    Discrete Jitter          (DJ):    0.118ns
    Phase Error              (PE):    0.120ns

    Location             Delay type                Incr(ns)  Path(ns)    Netlist Resource(s)
  -------------------------------------------------------------------    -------------------
                         (clock pll_clk_adc_2x rise edge)
                                                      0.000     0.000 r  
    U18                                               0.000     0.000 r  adc_clk_p_i (IN)
                         net (fo=0)                   0.000     0.000    adc_clk_p_i
    U18                  IBUFDS (Prop_ibufds_I_O)     0.401     0.401 r  i_clk/O
                         net (fo=1, routed)           0.440     0.842    pll/adc_clk_in
    PLLE2_ADV_X0Y0       PLLE2_ADV (Prop_plle2_adv_CLKIN1_CLKOUT4)
                                                     -2.234    -1.393 r  pll/pll/CLKOUT4
                         net (fo=1, routed)           0.497    -0.896    pll_clk_adc_2x
    BUFGCTRL_X0Y1        BUFG (Prop_bufg_I_O)         0.026    -0.870 r  bufg_ser_clk/O
                         net (fo=1629, routed)        0.558    -0.312    Digital_Freq_Meter_inst/DDC1_inst/ddc_frontend_lowpass_filter_inst_I/N_times_clk_FIR_wrapper_H_inst/CLK
    SLICE_X24Y11         FDRE                                         r  Digital_Freq_Meter_inst/DDC1_inst/ddc_frontend_lowpass_filter_inst_I/N_times_clk_FIR_wrapper_H_inst/data_out_times_N_reg_reg[5]/C
  -------------------------------------------------------------------    -------------------
    SLICE_X24Y11         FDRE (Prop_fdre_C_Q)         0.164    -0.148 r  Digital_Freq_Meter_inst/DDC1_inst/ddc_frontend_lowpass_filter_inst_I/N_times_clk_FIR_wrapper_H_inst/data_out_times_N_reg_reg[5]/Q
                         net (fo=1, routed)           0.590     0.442    Digital_Freq_Meter_inst/DDC1_inst/ddc_frontend_lowpass_filter_inst_I/N_times_clk_FIR_wrapper_H_inst/data_out_times_N_reg[5]
    SLICE_X33Y8          FDRE                                         r  Digital_Freq_Meter_inst/DDC1_inst/ddc_frontend_lowpass_filter_inst_I/N_times_clk_FIR_wrapper_H_inst/data_out_times_1_reg[5]/D
  -------------------------------------------------------------------    -------------------

                         (clock pll_adc_clk rise edge)
                                                      0.000     0.000 r  
    U18                                               0.000     0.000 r  adc_clk_p_i (IN)
                         net (fo=0)                   0.000     0.000    adc_clk_p_i
    U18                  IBUFDS (Prop_ibufds_I_O)     0.433     0.433 r  i_clk/O
                         net (fo=1, routed)           0.481     0.914    pll/adc_clk_in
    PLLE2_ADV_X0Y0       PLLE2_ADV (Prop_plle2_adv_CLKIN1_CLKOUT0)
                                                     -2.546    -1.632 r  pll/pll/CLKOUT0
                         net (fo=1, routed)           0.544    -1.088    lopt_2
    BUFGCTRL_X0Y0        BUFG (Prop_bufg_I_O)         0.029    -1.059 r  bufg_adc_clk/O
                         net (fo=15663, routed)       0.830    -0.229    Digital_Freq_Meter_inst/DDC1_inst/ddc_frontend_lowpass_filter_inst_I/N_times_clk_FIR_wrapper_H_inst/ps_sys_clk
    SLICE_X33Y8          FDRE                                         r  Digital_Freq_Meter_inst/DDC1_inst/ddc_frontend_lowpass_filter_inst_I/N_times_clk_FIR_wrapper_H_inst/data_out_times_1_reg[5]/C
                         clock pessimism              0.239     0.010    
                         clock uncertainty            0.189     0.199    
    SLICE_X33Y8          FDRE (Hold_fdre_C_D)         0.075     0.274    Digital_Freq_Meter_inst/DDC1_inst/ddc_frontend_lowpass_filter_inst_I/N_times_clk_FIR_wrapper_H_inst/data_out_times_1_reg[5]
  -------------------------------------------------------------------
                         required time                         -0.274    
                         arrival time                           0.442    
  -------------------------------------------------------------------
                         slack                                  0.167    

Slack (MET) :             0.171ns  (arrival time - required time)
  Source:                 Digital_Freq_Meter_inst/DDC1_inst/ddc_frontend_lowpass_filter_inst_Q/N_times_clk_FIR_wrapper_H_inst/data_out_times_N_reg_reg[2]/C
                            (rising edge-triggered cell FDRE clocked by pll_clk_adc_2x  {rise@0.000ns fall@2.000ns period=4.000ns})
  Destination:            Digital_Freq_Meter_inst/DDC1_inst/ddc_frontend_lowpass_filter_inst_Q/N_times_clk_FIR_wrapper_H_inst/data_out_times_1_reg[2]/D
                            (rising edge-triggered cell FDRE clocked by pll_adc_clk  {rise@0.000ns fall@4.000ns period=8.000ns})
  Path Group:             pll_adc_clk
  Path Type:              Hold (Min at Fast Process Corner)
  Requirement:            0.000ns  (pll_adc_clk rise@0.000ns - pll_clk_adc_2x rise@0.000ns)
  Data Path Delay:        0.763ns  (logic 0.164ns (21.486%)  route 0.599ns (78.514%))
  Logic Levels:           0  
  Clock Path Skew:        0.321ns (DCD - SCD - CPR)
    Destination Clock Delay (DCD):    -0.201ns
    Source Clock Delay      (SCD):    -0.282ns
    Clock Pessimism Removal (CPR):    -0.239ns
  Clock Uncertainty:      0.189ns  ((TSJ^2 + DJ^2)^1/2) / 2 + PE
    Total System Jitter     (TSJ):    0.071ns
    Discrete Jitter          (DJ):    0.118ns
    Phase Error              (PE):    0.120ns

    Location             Delay type                Incr(ns)  Path(ns)    Netlist Resource(s)
  -------------------------------------------------------------------    -------------------
                         (clock pll_clk_adc_2x rise edge)
                                                      0.000     0.000 r  
    U18                                               0.000     0.000 r  adc_clk_p_i (IN)
                         net (fo=0)                   0.000     0.000    adc_clk_p_i
    U18                  IBUFDS (Prop_ibufds_I_O)     0.401     0.401 r  i_clk/O
                         net (fo=1, routed)           0.440     0.842    pll/adc_clk_in
    PLLE2_ADV_X0Y0       PLLE2_ADV (Prop_plle2_adv_CLKIN1_CLKOUT4)
                                                     -2.234    -1.393 r  pll/pll/CLKOUT4
                         net (fo=1, routed)           0.497    -0.896    pll_clk_adc_2x
    BUFGCTRL_X0Y1        BUFG (Prop_bufg_I_O)         0.026    -0.870 r  bufg_ser_clk/O
                         net (fo=1629, routed)        0.588    -0.282    Digital_Freq_Meter_inst/DDC1_inst/ddc_frontend_lowpass_filter_inst_Q/N_times_clk_FIR_wrapper_H_inst/CLK
    SLICE_X38Y10         FDRE                                         r  Digital_Freq_Meter_inst/DDC1_inst/ddc_frontend_lowpass_filter_inst_Q/N_times_clk_FIR_wrapper_H_inst/data_out_times_N_reg_reg[2]/C
  -------------------------------------------------------------------    -------------------
    SLICE_X38Y10         FDRE (Prop_fdre_C_Q)         0.164    -0.118 r  Digital_Freq_Meter_inst/DDC1_inst/ddc_frontend_lowpass_filter_inst_Q/N_times_clk_FIR_wrapper_H_inst/data_out_times_N_reg_reg[2]/Q
                         net (fo=1, routed)           0.599     0.481    Digital_Freq_Meter_inst/DDC1_inst/ddc_frontend_lowpass_filter_inst_Q/N_times_clk_FIR_wrapper_H_inst/data_out_times_N_reg_reg_n_0_[2]
    SLICE_X38Y9          FDRE                                         r  Digital_Freq_Meter_inst/DDC1_inst/ddc_frontend_lowpass_filter_inst_Q/N_times_clk_FIR_wrapper_H_inst/data_out_times_1_reg[2]/D
  -------------------------------------------------------------------    -------------------

                         (clock pll_adc_clk rise edge)
                                                      0.000     0.000 r  
    U18                                               0.000     0.000 r  adc_clk_p_i (IN)
                         net (fo=0)                   0.000     0.000    adc_clk_p_i
    U18                  IBUFDS (Prop_ibufds_I_O)     0.433     0.433 r  i_clk/O
                         net (fo=1, routed)           0.481     0.914    pll/adc_clk_in
    PLLE2_ADV_X0Y0       PLLE2_ADV (Prop_plle2_adv_CLKIN1_CLKOUT0)
                                                     -2.546    -1.632 r  pll/pll/CLKOUT0
                         net (fo=1, routed)           0.544    -1.088    lopt_2
    BUFGCTRL_X0Y0        BUFG (Prop_bufg_I_O)         0.029    -1.059 r  bufg_adc_clk/O
                         net (fo=15663, routed)       0.858    -0.201    Digital_Freq_Meter_inst/DDC1_inst/ddc_frontend_lowpass_filter_inst_Q/N_times_clk_FIR_wrapper_H_inst/ps_sys_clk
    SLICE_X38Y9          FDRE                                         r  Digital_Freq_Meter_inst/DDC1_inst/ddc_frontend_lowpass_filter_inst_Q/N_times_clk_FIR_wrapper_H_inst/data_out_times_1_reg[2]/C
                         clock pessimism              0.239     0.038    
                         clock uncertainty            0.189     0.227    
    SLICE_X38Y9          FDRE (Hold_fdre_C_D)         0.083     0.310    Digital_Freq_Meter_inst/DDC1_inst/ddc_frontend_lowpass_filter_inst_Q/N_times_clk_FIR_wrapper_H_inst/data_out_times_1_reg[2]
  -------------------------------------------------------------------
                         required time                         -0.310    
                         arrival time                           0.481    
  -------------------------------------------------------------------
                         slack                                  0.171    

Slack (MET) :             0.182ns  (arrival time - required time)
  Source:                 Digital_Freq_Meter_inst/DDC1_inst/ddc_frontend_lowpass_filter_inst_I/N_times_clk_FIR_wrapper_H_inst/data_out_times_N_reg_reg[11]/C
                            (rising edge-triggered cell FDRE clocked by pll_clk_adc_2x  {rise@0.000ns fall@2.000ns period=4.000ns})
  Destination:            Digital_Freq_Meter_inst/DDC1_inst/ddc_frontend_lowpass_filter_inst_I/N_times_clk_FIR_wrapper_H_inst/data_out_times_1_reg[11]/D
                            (rising edge-triggered cell FDRE clocked by pll_adc_clk  {rise@0.000ns fall@4.000ns period=8.000ns})
  Path Group:             pll_adc_clk
  Path Type:              Hold (Min at Fast Process Corner)
  Requirement:            0.000ns  (pll_adc_clk rise@0.000ns - pll_clk_adc_2x rise@0.000ns)
  Data Path Delay:        0.741ns  (logic 0.141ns (19.019%)  route 0.600ns (80.981%))
  Logic Levels:           0  
  Clock Path Skew:        0.318ns (DCD - SCD - CPR)
    Destination Clock Delay (DCD):    -0.229ns
    Source Clock Delay      (SCD):    -0.308ns
    Clock Pessimism Removal (CPR):    -0.239ns
  Clock Uncertainty:      0.189ns  ((TSJ^2 + DJ^2)^1/2) / 2 + PE
    Total System Jitter     (TSJ):    0.071ns
    Discrete Jitter          (DJ):    0.118ns
    Phase Error              (PE):    0.120ns

    Location             Delay type                Incr(ns)  Path(ns)    Netlist Resource(s)
  -------------------------------------------------------------------    -------------------
                         (clock pll_clk_adc_2x rise edge)
                                                      0.000     0.000 r  
    U18                                               0.000     0.000 r  adc_clk_p_i (IN)
                         net (fo=0)                   0.000     0.000    adc_clk_p_i
    U18                  IBUFDS (Prop_ibufds_I_O)     0.401     0.401 r  i_clk/O
                         net (fo=1, routed)           0.440     0.842    pll/adc_clk_in
    PLLE2_ADV_X0Y0       PLLE2_ADV (Prop_plle2_adv_CLKIN1_CLKOUT4)
                                                     -2.234    -1.393 r  pll/pll/CLKOUT4
                         net (fo=1, routed)           0.497    -0.896    pll_clk_adc_2x
    BUFGCTRL_X0Y1        BUFG (Prop_bufg_I_O)         0.026    -0.870 r  bufg_ser_clk/O
                         net (fo=1629, routed)        0.562    -0.308    Digital_Freq_Meter_inst/DDC1_inst/ddc_frontend_lowpass_filter_inst_I/N_times_clk_FIR_wrapper_H_inst/CLK
    SLICE_X29Y9          FDRE                                         r  Digital_Freq_Meter_inst/DDC1_inst/ddc_frontend_lowpass_filter_inst_I/N_times_clk_FIR_wrapper_H_inst/data_out_times_N_reg_reg[11]/C
  -------------------------------------------------------------------    -------------------
    SLICE_X29Y9          FDRE (Prop_fdre_C_Q)         0.141    -0.167 r  Digital_Freq_Meter_inst/DDC1_inst/ddc_frontend_lowpass_filter_inst_I/N_times_clk_FIR_wrapper_H_inst/data_out_times_N_reg_reg[11]/Q
                         net (fo=1, routed)           0.600     0.433    Digital_Freq_Meter_inst/DDC1_inst/ddc_frontend_lowpass_filter_inst_I/N_times_clk_FIR_wrapper_H_inst/data_out_times_N_reg[11]
    SLICE_X32Y9          FDRE                                         r  Digital_Freq_Meter_inst/DDC1_inst/ddc_frontend_lowpass_filter_inst_I/N_times_clk_FIR_wrapper_H_inst/data_out_times_1_reg[11]/D
  -------------------------------------------------------------------    -------------------

                         (clock pll_adc_clk rise edge)
                                                      0.000     0.000 r  
    U18                                               0.000     0.000 r  adc_clk_p_i (IN)
                         net (fo=0)                   0.000     0.000    adc_clk_p_i
    U18                  IBUFDS (Prop_ibufds_I_O)     0.433     0.433 r  i_clk/O
                         net (fo=1, routed)           0.481     0.914    pll/adc_clk_in
    PLLE2_ADV_X0Y0       PLLE2_ADV (Prop_plle2_adv_CLKIN1_CLKOUT0)
                                                     -2.546    -1.632 r  pll/pll/CLKOUT0
                         net (fo=1, routed)           0.544    -1.088    lopt_2
    BUFGCTRL_X0Y0        BUFG (Prop_bufg_I_O)         0.029    -1.059 r  bufg_adc_clk/O
                         net (fo=15663, routed)       0.830    -0.229    Digital_Freq_Meter_inst/DDC1_inst/ddc_frontend_lowpass_filter_inst_I/N_times_clk_FIR_wrapper_H_inst/ps_sys_clk
    SLICE_X32Y9          FDRE                                         r  Digital_Freq_Meter_inst/DDC1_inst/ddc_frontend_lowpass_filter_inst_I/N_times_clk_FIR_wrapper_H_inst/data_out_times_1_reg[11]/C
                         clock pessimism              0.239     0.010    
                         clock uncertainty            0.189     0.199    
    SLICE_X32Y9          FDRE (Hold_fdre_C_D)         0.052     0.251    Digital_Freq_Meter_inst/DDC1_inst/ddc_frontend_lowpass_filter_inst_I/N_times_clk_FIR_wrapper_H_inst/data_out_times_1_reg[11]
  -------------------------------------------------------------------
                         required time                         -0.251    
                         arrival time                           0.433    
  -------------------------------------------------------------------
                         slack                                  0.182    

Slack (MET) :             0.184ns  (arrival time - required time)
  Source:                 Digital_Freq_Meter_inst/DDC1_inst/ddc_frontend_lowpass_filter_inst_Q/N_times_clk_FIR_wrapper_H_inst/data_out_times_N_reg_reg[7]/C
                            (rising edge-triggered cell FDRE clocked by pll_clk_adc_2x  {rise@0.000ns fall@2.000ns period=4.000ns})
  Destination:            Digital_Freq_Meter_inst/DDC1_inst/ddc_frontend_lowpass_filter_inst_Q/N_times_clk_FIR_wrapper_H_inst/data_out_times_1_reg[7]/D
                            (rising edge-triggered cell FDRE clocked by pll_adc_clk  {rise@0.000ns fall@4.000ns period=8.000ns})
  Path Group:             pll_adc_clk
  Path Type:              Hold (Min at Fast Process Corner)
  Requirement:            0.000ns  (pll_adc_clk rise@0.000ns - pll_clk_adc_2x rise@0.000ns)
  Data Path Delay:        0.753ns  (logic 0.141ns (18.734%)  route 0.612ns (81.266%))
  Logic Levels:           0  
  Clock Path Skew:        0.318ns (DCD - SCD - CPR)
    Destination Clock Delay (DCD):    -0.201ns
    Source Clock Delay      (SCD):    -0.279ns
    Clock Pessimism Removal (CPR):    -0.239ns
  Clock Uncertainty:      0.189ns  ((TSJ^2 + DJ^2)^1/2) / 2 + PE
    Total System Jitter     (TSJ):    0.071ns
    Discrete Jitter          (DJ):    0.118ns
    Phase Error              (PE):    0.120ns

    Location             Delay type                Incr(ns)  Path(ns)    Netlist Resource(s)
  -------------------------------------------------------------------    -------------------
                         (clock pll_clk_adc_2x rise edge)
                                                      0.000     0.000 r  
    U18                                               0.000     0.000 r  adc_clk_p_i (IN)
                         net (fo=0)                   0.000     0.000    adc_clk_p_i
    U18                  IBUFDS (Prop_ibufds_I_O)     0.401     0.401 r  i_clk/O
                         net (fo=1, routed)           0.440     0.842    pll/adc_clk_in
    PLLE2_ADV_X0Y0       PLLE2_ADV (Prop_plle2_adv_CLKIN1_CLKOUT4)
                                                     -2.234    -1.393 r  pll/pll/CLKOUT4
                         net (fo=1, routed)           0.497    -0.896    pll_clk_adc_2x
    BUFGCTRL_X0Y1        BUFG (Prop_bufg_I_O)         0.026    -0.870 r  bufg_ser_clk/O
                         net (fo=1629, routed)        0.591    -0.279    Digital_Freq_Meter_inst/DDC1_inst/ddc_frontend_lowpass_filter_inst_Q/N_times_clk_FIR_wrapper_H_inst/CLK
    SLICE_X40Y9          FDRE                                         r  Digital_Freq_Meter_inst/DDC1_inst/ddc_frontend_lowpass_filter_inst_Q/N_times_clk_FIR_wrapper_H_inst/data_out_times_N_reg_reg[7]/C
  -------------------------------------------------------------------    -------------------
    SLICE_X40Y9          FDRE (Prop_fdre_C_Q)         0.141    -0.138 r  Digital_Freq_Meter_inst/DDC1_inst/ddc_frontend_lowpass_filter_inst_Q/N_times_clk_FIR_wrapper_H_inst/data_out_times_N_reg_reg[7]/Q
                         net (fo=1, routed)           0.612     0.473    Digital_Freq_Meter_inst/DDC1_inst/ddc_frontend_lowpass_filter_inst_Q/N_times_clk_FIR_wrapper_H_inst/data_out_times_N_reg_reg_n_0_[7]
    SLICE_X39Y8          FDRE                                         r  Digital_Freq_Meter_inst/DDC1_inst/ddc_frontend_lowpass_filter_inst_Q/N_times_clk_FIR_wrapper_H_inst/data_out_times_1_reg[7]/D
  -------------------------------------------------------------------    -------------------

                         (clock pll_adc_clk rise edge)
                                                      0.000     0.000 r  
    U18                                               0.000     0.000 r  adc_clk_p_i (IN)
                         net (fo=0)                   0.000     0.000    adc_clk_p_i
    U18                  IBUFDS (Prop_ibufds_I_O)     0.433     0.433 r  i_clk/O
                         net (fo=1, routed)           0.481     0.914    pll/adc_clk_in
    PLLE2_ADV_X0Y0       PLLE2_ADV (Prop_plle2_adv_CLKIN1_CLKOUT0)
                                                     -2.546    -1.632 r  pll/pll/CLKOUT0
                         net (fo=1, routed)           0.544    -1.088    lopt_2
    BUFGCTRL_X0Y0        BUFG (Prop_bufg_I_O)         0.029    -1.059 r  bufg_adc_clk/O
                         net (fo=15663, routed)       0.858    -0.201    Digital_Freq_Meter_inst/DDC1_inst/ddc_frontend_lowpass_filter_inst_Q/N_times_clk_FIR_wrapper_H_inst/ps_sys_clk
    SLICE_X39Y8          FDRE                                         r  Digital_Freq_Meter_inst/DDC1_inst/ddc_frontend_lowpass_filter_inst_Q/N_times_clk_FIR_wrapper_H_inst/data_out_times_1_reg[7]/C
                         clock pessimism              0.239     0.038    
                         clock uncertainty            0.189     0.227    
    SLICE_X39Y8          FDRE (Hold_fdre_C_D)         0.062     0.289    Digital_Freq_Meter_inst/DDC1_inst/ddc_frontend_lowpass_filter_inst_Q/N_times_clk_FIR_wrapper_H_inst/data_out_times_1_reg[7]
  -------------------------------------------------------------------
                         required time                         -0.289    
                         arrival time                           0.473    
  -------------------------------------------------------------------
                         slack                                  0.184    

Slack (MET) :             0.185ns  (arrival time - required time)
  Source:                 Digital_Freq_Meter_inst/DDC1_inst/ddc_frontend_lowpass_filter_inst_I/N_times_clk_FIR_wrapper_H_inst/data_out_times_N_reg_reg[7]/C
                            (rising edge-triggered cell FDRE clocked by pll_clk_adc_2x  {rise@0.000ns fall@2.000ns period=4.000ns})
  Destination:            Digital_Freq_Meter_inst/DDC1_inst/ddc_frontend_lowpass_filter_inst_I/N_times_clk_FIR_wrapper_H_inst/data_out_times_1_reg[7]/D
                            (rising edge-triggered cell FDRE clocked by pll_adc_clk  {rise@0.000ns fall@4.000ns period=8.000ns})
  Path Group:             pll_adc_clk
  Path Type:              Hold (Min at Fast Process Corner)
  Requirement:            0.000ns  (pll_adc_clk rise@0.000ns - pll_clk_adc_2x rise@0.000ns)
  Data Path Delay:        0.769ns  (logic 0.141ns (18.325%)  route 0.628ns (81.675%))
  Logic Levels:           0  
  Clock Path Skew:        0.318ns (DCD - SCD - CPR)
    Destination Clock Delay (DCD):    -0.229ns
    Source Clock Delay      (SCD):    -0.307ns
    Clock Pessimism Removal (CPR):    -0.239ns
  Clock Uncertainty:      0.189ns  ((TSJ^2 + DJ^2)^1/2) / 2 + PE
    Total System Jitter     (TSJ):    0.071ns
    Discrete Jitter          (DJ):    0.118ns
    Phase Error              (PE):    0.120ns

    Location             Delay type                Incr(ns)  Path(ns)    Netlist Resource(s)
  -------------------------------------------------------------------    -------------------
                         (clock pll_clk_adc_2x rise edge)
                                                      0.000     0.000 r  
    U18                                               0.000     0.000 r  adc_clk_p_i (IN)
                         net (fo=0)                   0.000     0.000    adc_clk_p_i
    U18                  IBUFDS (Prop_ibufds_I_O)     0.401     0.401 r  i_clk/O
                         net (fo=1, routed)           0.440     0.842    pll/adc_clk_in
    PLLE2_ADV_X0Y0       PLLE2_ADV (Prop_plle2_adv_CLKIN1_CLKOUT4)
                                                     -2.234    -1.393 r  pll/pll/CLKOUT4
                         net (fo=1, routed)           0.497    -0.896    pll_clk_adc_2x
    BUFGCTRL_X0Y1        BUFG (Prop_bufg_I_O)         0.026    -0.870 r  bufg_ser_clk/O
                         net (fo=1629, routed)        0.563    -0.307    Digital_Freq_Meter_inst/DDC1_inst/ddc_frontend_lowpass_filter_inst_I/N_times_clk_FIR_wrapper_H_inst/CLK
    SLICE_X27Y6          FDRE                                         r  Digital_Freq_Meter_inst/DDC1_inst/ddc_frontend_lowpass_filter_inst_I/N_times_clk_FIR_wrapper_H_inst/data_out_times_N_reg_reg[7]/C
  -------------------------------------------------------------------    -------------------
    SLICE_X27Y6          FDRE (Prop_fdre_C_Q)         0.141    -0.166 r  Digital_Freq_Meter_inst/DDC1_inst/ddc_frontend_lowpass_filter_inst_I/N_times_clk_FIR_wrapper_H_inst/data_out_times_N_reg_reg[7]/Q
                         net (fo=1, routed)           0.628     0.462    Digital_Freq_Meter_inst/DDC1_inst/ddc_frontend_lowpass_filter_inst_I/N_times_clk_FIR_wrapper_H_inst/data_out_times_N_reg[7]
    SLICE_X29Y7          FDRE                                         r  Digital_Freq_Meter_inst/DDC1_inst/ddc_frontend_lowpass_filter_inst_I/N_times_clk_FIR_wrapper_H_inst/data_out_times_1_reg[7]/D
  -------------------------------------------------------------------    -------------------

                         (clock pll_adc_clk rise edge)
                                                      0.000     0.000 r  
    U18                                               0.000     0.000 r  adc_clk_p_i (IN)
                         net (fo=0)                   0.000     0.000    adc_clk_p_i
    U18                  IBUFDS (Prop_ibufds_I_O)     0.433     0.433 r  i_clk/O
                         net (fo=1, routed)           0.481     0.914    pll/adc_clk_in
    PLLE2_ADV_X0Y0       PLLE2_ADV (Prop_plle2_adv_CLKIN1_CLKOUT0)
                                                     -2.546    -1.632 r  pll/pll/CLKOUT0
                         net (fo=1, routed)           0.544    -1.088    lopt_2
    BUFGCTRL_X0Y0        BUFG (Prop_bufg_I_O)         0.029    -1.059 r  bufg_adc_clk/O
                         net (fo=15663, routed)       0.830    -0.229    Digital_Freq_Meter_inst/DDC1_inst/ddc_frontend_lowpass_filter_inst_I/N_times_clk_FIR_wrapper_H_inst/ps_sys_clk
    SLICE_X29Y7          FDRE                                         r  Digital_Freq_Meter_inst/DDC1_inst/ddc_frontend_lowpass_filter_inst_I/N_times_clk_FIR_wrapper_H_inst/data_out_times_1_reg[7]/C
                         clock pessimism              0.239     0.010    
                         clock uncertainty            0.189     0.199    
    SLICE_X29Y7          FDRE (Hold_fdre_C_D)         0.078     0.277    Digital_Freq_Meter_inst/DDC1_inst/ddc_frontend_lowpass_filter_inst_I/N_times_clk_FIR_wrapper_H_inst/data_out_times_1_reg[7]
  -------------------------------------------------------------------
                         required time                         -0.277    
                         arrival time                           0.462    
  -------------------------------------------------------------------
                         slack                                  0.185    

Slack (MET) :             0.191ns  (arrival time - required time)
  Source:                 Digital_Freq_Meter_inst/DDC1_inst/ddc_frontend_lowpass_filter_inst_Q/N_times_clk_FIR_wrapper_H_inst/data_out_times_N_reg_reg[15]/C
                            (rising edge-triggered cell FDRE clocked by pll_clk_adc_2x  {rise@0.000ns fall@2.000ns period=4.000ns})
  Destination:            Digital_Freq_Meter_inst/DDC1_inst/ddc_frontend_lowpass_filter_inst_Q/N_times_clk_FIR_wrapper_H_inst/data_out_times_1_reg[15]/D
                            (rising edge-triggered cell FDRE clocked by pll_adc_clk  {rise@0.000ns fall@4.000ns period=8.000ns})
  Path Group:             pll_adc_clk
  Path Type:              Hold (Min at Fast Process Corner)
  Requirement:            0.000ns  (pll_adc_clk rise@0.000ns - pll_clk_adc_2x rise@0.000ns)
  Data Path Delay:        0.766ns  (logic 0.141ns (18.404%)  route 0.625ns (81.596%))
  Logic Levels:           0  
  Clock Path Skew:        0.320ns (DCD - SCD - CPR)
    Destination Clock Delay (DCD):    -0.202ns
    Source Clock Delay      (SCD):    -0.283ns
    Clock Pessimism Removal (CPR):    -0.239ns
  Clock Uncertainty:      0.189ns  ((TSJ^2 + DJ^2)^1/2) / 2 + PE
    Total System Jitter     (TSJ):    0.071ns
    Discrete Jitter          (DJ):    0.118ns
    Phase Error              (PE):    0.120ns

    Location             Delay type                Incr(ns)  Path(ns)    Netlist Resource(s)
  -------------------------------------------------------------------    -------------------
                         (clock pll_clk_adc_2x rise edge)
                                                      0.000     0.000 r  
    U18                                               0.000     0.000 r  adc_clk_p_i (IN)
                         net (fo=0)                   0.000     0.000    adc_clk_p_i
    U18                  IBUFDS (Prop_ibufds_I_O)     0.401     0.401 r  i_clk/O
                         net (fo=1, routed)           0.440     0.842    pll/adc_clk_in
    PLLE2_ADV_X0Y0       PLLE2_ADV (Prop_plle2_adv_CLKIN1_CLKOUT4)
                                                     -2.234    -1.393 r  pll/pll/CLKOUT4
                         net (fo=1, routed)           0.497    -0.896    pll_clk_adc_2x
    BUFGCTRL_X0Y1        BUFG (Prop_bufg_I_O)         0.026    -0.870 r  bufg_ser_clk/O
                         net (fo=1629, routed)        0.587    -0.283    Digital_Freq_Meter_inst/DDC1_inst/ddc_frontend_lowpass_filter_inst_Q/N_times_clk_FIR_wrapper_H_inst/CLK
    SLICE_X39Y12         FDRE                                         r  Digital_Freq_Meter_inst/DDC1_inst/ddc_frontend_lowpass_filter_inst_Q/N_times_clk_FIR_wrapper_H_inst/data_out_times_N_reg_reg[15]/C
  -------------------------------------------------------------------    -------------------
    SLICE_X39Y12         FDRE (Prop_fdre_C_Q)         0.141    -0.142 r  Digital_Freq_Meter_inst/DDC1_inst/ddc_frontend_lowpass_filter_inst_Q/N_times_clk_FIR_wrapper_H_inst/data_out_times_N_reg_reg[15]/Q
                         net (fo=1, routed)           0.625     0.483    Digital_Freq_Meter_inst/DDC1_inst/ddc_frontend_lowpass_filter_inst_Q/N_times_clk_FIR_wrapper_H_inst/data_out_times_N_reg_reg_n_0_[15]
    SLICE_X39Y11         FDRE                                         r  Digital_Freq_Meter_inst/DDC1_inst/ddc_frontend_lowpass_filter_inst_Q/N_times_clk_FIR_wrapper_H_inst/data_out_times_1_reg[15]/D
  -------------------------------------------------------------------    -------------------

                         (clock pll_adc_clk rise edge)
                                                      0.000     0.000 r  
    U18                                               0.000     0.000 r  adc_clk_p_i (IN)
                         net (fo=0)                   0.000     0.000    adc_clk_p_i
    U18                  IBUFDS (Prop_ibufds_I_O)     0.433     0.433 r  i_clk/O
                         net (fo=1, routed)           0.481     0.914    pll/adc_clk_in
    PLLE2_ADV_X0Y0       PLLE2_ADV (Prop_plle2_adv_CLKIN1_CLKOUT0)
                                                     -2.546    -1.632 r  pll/pll/CLKOUT0
                         net (fo=1, routed)           0.544    -1.088    lopt_2
    BUFGCTRL_X0Y0        BUFG (Prop_bufg_I_O)         0.029    -1.059 r  bufg_adc_clk/O
                         net (fo=15663, routed)       0.857    -0.202    Digital_Freq_Meter_inst/DDC1_inst/ddc_frontend_lowpass_filter_inst_Q/N_times_clk_FIR_wrapper_H_inst/ps_sys_clk
    SLICE_X39Y11         FDRE                                         r  Digital_Freq_Meter_inst/DDC1_inst/ddc_frontend_lowpass_filter_inst_Q/N_times_clk_FIR_wrapper_H_inst/data_out_times_1_reg[15]/C
                         clock pessimism              0.239     0.037    
                         clock uncertainty            0.189     0.226    
    SLICE_X39Y11         FDRE (Hold_fdre_C_D)         0.066     0.292    Digital_Freq_Meter_inst/DDC1_inst/ddc_frontend_lowpass_filter_inst_Q/N_times_clk_FIR_wrapper_H_inst/data_out_times_1_reg[15]
  -------------------------------------------------------------------
                         required time                         -0.292    
                         arrival time                           0.483    
  -------------------------------------------------------------------
                         slack                                  0.191    

Slack (MET) :             0.191ns  (arrival time - required time)
  Source:                 Digital_Freq_Meter_inst/DDC1_inst/ddc_frontend_lowpass_filter_inst_I/N_times_clk_FIR_wrapper_H_inst/data_out_times_N_reg_reg[6]/C
                            (rising edge-triggered cell FDRE clocked by pll_clk_adc_2x  {rise@0.000ns fall@2.000ns period=4.000ns})
  Destination:            Digital_Freq_Meter_inst/DDC1_inst/ddc_frontend_lowpass_filter_inst_I/N_times_clk_FIR_wrapper_H_inst/data_out_times_1_reg[6]/D
                            (rising edge-triggered cell FDRE clocked by pll_adc_clk  {rise@0.000ns fall@4.000ns period=8.000ns})
  Path Group:             pll_adc_clk
  Path Type:              Hold (Min at Fast Process Corner)
  Requirement:            0.000ns  (pll_adc_clk rise@0.000ns - pll_clk_adc_2x rise@0.000ns)
  Data Path Delay:        0.762ns  (logic 0.141ns (18.492%)  route 0.621ns (81.508%))
  Logic Levels:           0  
  Clock Path Skew:        0.319ns (DCD - SCD - CPR)
    Destination Clock Delay (DCD):    -0.229ns
    Source Clock Delay      (SCD):    -0.309ns
    Clock Pessimism Removal (CPR):    -0.239ns
  Clock Uncertainty:      0.189ns  ((TSJ^2 + DJ^2)^1/2) / 2 + PE
    Total System Jitter     (TSJ):    0.071ns
    Discrete Jitter          (DJ):    0.118ns
    Phase Error              (PE):    0.120ns

    Location             Delay type                Incr(ns)  Path(ns)    Netlist Resource(s)
  -------------------------------------------------------------------    -------------------
                         (clock pll_clk_adc_2x rise edge)
                                                      0.000     0.000 r  
    U18                                               0.000     0.000 r  adc_clk_p_i (IN)
                         net (fo=0)                   0.000     0.000    adc_clk_p_i
    U18                  IBUFDS (Prop_ibufds_I_O)     0.401     0.401 r  i_clk/O
                         net (fo=1, routed)           0.440     0.842    pll/adc_clk_in
    PLLE2_ADV_X0Y0       PLLE2_ADV (Prop_plle2_adv_CLKIN1_CLKOUT4)
                                                     -2.234    -1.393 r  pll/pll/CLKOUT4
                         net (fo=1, routed)           0.497    -0.896    pll_clk_adc_2x
    BUFGCTRL_X0Y1        BUFG (Prop_bufg_I_O)         0.026    -0.870 r  bufg_ser_clk/O
                         net (fo=1629, routed)        0.561    -0.309    Digital_Freq_Meter_inst/DDC1_inst/ddc_frontend_lowpass_filter_inst_I/N_times_clk_FIR_wrapper_H_inst/CLK
    SLICE_X29Y11         FDRE                                         r  Digital_Freq_Meter_inst/DDC1_inst/ddc_frontend_lowpass_filter_inst_I/N_times_clk_FIR_wrapper_H_inst/data_out_times_N_reg_reg[6]/C
  -------------------------------------------------------------------    -------------------
    SLICE_X29Y11         FDRE (Prop_fdre_C_Q)         0.141    -0.168 r  Digital_Freq_Meter_inst/DDC1_inst/ddc_frontend_lowpass_filter_inst_I/N_times_clk_FIR_wrapper_H_inst/data_out_times_N_reg_reg[6]/Q
                         net (fo=1, routed)           0.621     0.453    Digital_Freq_Meter_inst/DDC1_inst/ddc_frontend_lowpass_filter_inst_I/N_times_clk_FIR_wrapper_H_inst/data_out_times_N_reg[6]
    SLICE_X32Y9          FDRE                                         r  Digital_Freq_Meter_inst/DDC1_inst/ddc_frontend_lowpass_filter_inst_I/N_times_clk_FIR_wrapper_H_inst/data_out_times_1_reg[6]/D
  -------------------------------------------------------------------    -------------------

                         (clock pll_adc_clk rise edge)
                                                      0.000     0.000 r  
    U18                                               0.000     0.000 r  adc_clk_p_i (IN)
                         net (fo=0)                   0.000     0.000    adc_clk_p_i
    U18                  IBUFDS (Prop_ibufds_I_O)     0.433     0.433 r  i_clk/O
                         net (fo=1, routed)           0.481     0.914    pll/adc_clk_in
    PLLE2_ADV_X0Y0       PLLE2_ADV (Prop_plle2_adv_CLKIN1_CLKOUT0)
                                                     -2.546    -1.632 r  pll/pll/CLKOUT0
                         net (fo=1, routed)           0.544    -1.088    lopt_2
    BUFGCTRL_X0Y0        BUFG (Prop_bufg_I_O)         0.029    -1.059 r  bufg_adc_clk/O
                         net (fo=15663, routed)       0.830    -0.229    Digital_Freq_Meter_inst/DDC1_inst/ddc_frontend_lowpass_filter_inst_I/N_times_clk_FIR_wrapper_H_inst/ps_sys_clk
    SLICE_X32Y9          FDRE                                         r  Digital_Freq_Meter_inst/DDC1_inst/ddc_frontend_lowpass_filter_inst_I/N_times_clk_FIR_wrapper_H_inst/data_out_times_1_reg[6]/C
                         clock pessimism              0.239     0.010    
                         clock uncertainty            0.189     0.199    
    SLICE_X32Y9          FDRE (Hold_fdre_C_D)         0.063     0.262    Digital_Freq_Meter_inst/DDC1_inst/ddc_frontend_lowpass_filter_inst_I/N_times_clk_FIR_wrapper_H_inst/data_out_times_1_reg[6]
  -------------------------------------------------------------------
                         required time                         -0.262    
                         arrival time                           0.453    
  -------------------------------------------------------------------
                         slack                                  0.191    

Slack (MET) :             0.198ns  (arrival time - required time)
  Source:                 Digital_Freq_Meter_inst/DDC1_inst/ddc_frontend_lowpass_filter_inst_I/N_times_clk_FIR_wrapper_H_inst/data_out_times_N_reg_reg[1]/C
                            (rising edge-triggered cell FDRE clocked by pll_clk_adc_2x  {rise@0.000ns fall@2.000ns period=4.000ns})
  Destination:            Digital_Freq_Meter_inst/DDC1_inst/ddc_frontend_lowpass_filter_inst_I/N_times_clk_FIR_wrapper_H_inst/data_out_times_1_reg[1]/D
                            (rising edge-triggered cell FDRE clocked by pll_adc_clk  {rise@0.000ns fall@4.000ns period=8.000ns})
  Path Group:             pll_adc_clk
  Path Type:              Hold (Min at Fast Process Corner)
  Requirement:            0.000ns  (pll_adc_clk rise@0.000ns - pll_clk_adc_2x rise@0.000ns)
  Data Path Delay:        0.781ns  (logic 0.141ns (18.042%)  route 0.640ns (81.958%))
  Logic Levels:           0  
  Clock Path Skew:        0.318ns (DCD - SCD - CPR)
    Destination Clock Delay (DCD):    -0.229ns
    Source Clock Delay      (SCD):    -0.308ns
    Clock Pessimism Removal (CPR):    -0.239ns
  Clock Uncertainty:      0.189ns  ((TSJ^2 + DJ^2)^1/2) / 2 + PE
    Total System Jitter     (TSJ):    0.071ns
    Discrete Jitter          (DJ):    0.118ns
    Phase Error              (PE):    0.120ns

    Location             Delay type                Incr(ns)  Path(ns)    Netlist Resource(s)
  -------------------------------------------------------------------    -------------------
                         (clock pll_clk_adc_2x rise edge)
                                                      0.000     0.000 r  
    U18                                               0.000     0.000 r  adc_clk_p_i (IN)
                         net (fo=0)                   0.000     0.000    adc_clk_p_i
    U18                  IBUFDS (Prop_ibufds_I_O)     0.401     0.401 r  i_clk/O
                         net (fo=1, routed)           0.440     0.842    pll/adc_clk_in
    PLLE2_ADV_X0Y0       PLLE2_ADV (Prop_plle2_adv_CLKIN1_CLKOUT4)
                                                     -2.234    -1.393 r  pll/pll/CLKOUT4
                         net (fo=1, routed)           0.497    -0.896    pll_clk_adc_2x
    BUFGCTRL_X0Y1        BUFG (Prop_bufg_I_O)         0.026    -0.870 r  bufg_ser_clk/O
                         net (fo=1629, routed)        0.562    -0.308    Digital_Freq_Meter_inst/DDC1_inst/ddc_frontend_lowpass_filter_inst_I/N_times_clk_FIR_wrapper_H_inst/CLK
    SLICE_X29Y9          FDRE                                         r  Digital_Freq_Meter_inst/DDC1_inst/ddc_frontend_lowpass_filter_inst_I/N_times_clk_FIR_wrapper_H_inst/data_out_times_N_reg_reg[1]/C
  -------------------------------------------------------------------    -------------------
    SLICE_X29Y9          FDRE (Prop_fdre_C_Q)         0.141    -0.167 r  Digital_Freq_Meter_inst/DDC1_inst/ddc_frontend_lowpass_filter_inst_I/N_times_clk_FIR_wrapper_H_inst/data_out_times_N_reg_reg[1]/Q
                         net (fo=1, routed)           0.640     0.473    Digital_Freq_Meter_inst/DDC1_inst/ddc_frontend_lowpass_filter_inst_I/N_times_clk_FIR_wrapper_H_inst/data_out_times_N_reg[1]
    SLICE_X32Y9          FDRE                                         r  Digital_Freq_Meter_inst/DDC1_inst/ddc_frontend_lowpass_filter_inst_I/N_times_clk_FIR_wrapper_H_inst/data_out_times_1_reg[1]/D
  -------------------------------------------------------------------    -------------------

                         (clock pll_adc_clk rise edge)
                                                      0.000     0.000 r  
    U18                                               0.000     0.000 r  adc_clk_p_i (IN)
                         net (fo=0)                   0.000     0.000    adc_clk_p_i
    U18                  IBUFDS (Prop_ibufds_I_O)     0.433     0.433 r  i_clk/O
                         net (fo=1, routed)           0.481     0.914    pll/adc_clk_in
    PLLE2_ADV_X0Y0       PLLE2_ADV (Prop_plle2_adv_CLKIN1_CLKOUT0)
                                                     -2.546    -1.632 r  pll/pll/CLKOUT0
                         net (fo=1, routed)           0.544    -1.088    lopt_2
    BUFGCTRL_X0Y0        BUFG (Prop_bufg_I_O)         0.029    -1.059 r  bufg_adc_clk/O
                         net (fo=15663, routed)       0.830    -0.229    Digital_Freq_Meter_inst/DDC1_inst/ddc_frontend_lowpass_filter_inst_I/N_times_clk_FIR_wrapper_H_inst/ps_sys_clk
    SLICE_X32Y9          FDRE                                         r  Digital_Freq_Meter_inst/DDC1_inst/ddc_frontend_lowpass_filter_inst_I/N_times_clk_FIR_wrapper_H_inst/data_out_times_1_reg[1]/C
                         clock pessimism              0.239     0.010    
                         clock uncertainty            0.189     0.199    
    SLICE_X32Y9          FDRE (Hold_fdre_C_D)         0.076     0.275    Digital_Freq_Meter_inst/DDC1_inst/ddc_frontend_lowpass_filter_inst_I/N_times_clk_FIR_wrapper_H_inst/data_out_times_1_reg[1]
  -------------------------------------------------------------------
                         required time                         -0.275    
                         arrival time                           0.473    
  -------------------------------------------------------------------
                         slack                                  0.198    





---------------------------------------------------------------------------------------------------
From Clock:  pll_adc_clk
  To Clock:  dna_clk

Setup :            0  Failing Endpoints,  Worst Slack        0.515ns,  Total Violation        0.000ns
Hold  :            0  Failing Endpoints,  Worst Slack        0.236ns,  Total Violation        0.000ns
---------------------------------------------------------------------------------------------------


Max Delay Paths
--------------------------------------------------------------------------------------
Slack (MET) :             0.515ns  (required time - arrival time)
  Source:                 i_hk/dna_read_reg/C
                            (rising edge-triggered cell FDRE clocked by pll_adc_clk  {rise@0.000ns fall@4.000ns period=8.000ns})
  Destination:            i_hk/i_DNA/READ
                            (rising edge-triggered cell DNA_PORT clocked by dna_clk  {rise@0.000ns fall@32.000ns period=64.000ns})
  Path Group:             dna_clk
  Path Type:              Setup (Max at Slow Process Corner)
  Requirement:            8.000ns  (dna_clk rise@64.000ns - pll_adc_clk rise@56.000ns)
  Data Path Delay:        3.444ns  (logic 0.456ns (13.239%)  route 2.988ns (86.761%))
  Logic Levels:           0  
  Clock Path Skew:        1.384ns (DCD - SCD + CPR)
    Destination Clock Delay (DCD):    -0.749ns = ( 63.251 - 64.000 ) 
    Source Clock Delay      (SCD):    -2.678ns = ( 53.322 - 56.000 ) 
    Clock Pessimism Removal (CPR):    -0.544ns
  Clock Uncertainty:      0.069ns  ((TSJ^2 + DJ^2)^1/2) / 2 + PE
    Total System Jitter     (TSJ):    0.071ns
    Discrete Jitter          (DJ):    0.118ns
    Phase Error              (PE):    0.000ns

    Location             Delay type                Incr(ns)  Path(ns)    Netlist Resource(s)
  -------------------------------------------------------------------    -------------------
                         (clock pll_adc_clk rise edge)
                                                     56.000    56.000 r  
    U18                                               0.000    56.000 r  adc_clk_p_i (IN)
                         net (fo=0)                   0.000    56.000    adc_clk_p_i
    U18                  IBUFDS (Prop_ibufds_I_O)     0.983    56.983 r  i_clk/O
                         net (fo=1, routed)           1.306    58.289    pll/adc_clk_in
    PLLE2_ADV_X0Y0       PLLE2_ADV (Prop_plle2_adv_CLKIN1_CLKOUT0)
                                                     -8.533    49.756 r  pll/pll/CLKOUT0
                         net (fo=1, routed)           1.754    51.510    lopt_2
    BUFGCTRL_X0Y0        BUFG (Prop_bufg_I_O)         0.101    51.611 r  bufg_adc_clk/O
                         net (fo=15663, routed)       1.711    53.322    i_hk/ps_sys_clk
    SLICE_X3Y22          FDRE                                         r  i_hk/dna_read_reg/C
  -------------------------------------------------------------------    -------------------
    SLICE_X3Y22          FDRE (Prop_fdre_C_Q)         0.456    53.778 r  i_hk/dna_read_reg/Q
                         net (fo=1, routed)           2.988    56.766    i_hk/dna_read
    DNA_PORT_X0Y0        DNA_PORT                                     r  i_hk/i_DNA/READ
  -------------------------------------------------------------------    -------------------

                         (clock dna_clk rise edge)   64.000    64.000 r  
    U18                                               0.000    64.000 r  adc_clk_p_i (IN)
                         net (fo=0)                   0.000    64.000    adc_clk_p_i
    U18                  IBUFDS (Prop_ibufds_I_O)     0.940    64.940 r  i_clk/O
                         net (fo=1, routed)           1.181    66.121    pll/adc_clk_in
    PLLE2_ADV_X0Y0       PLLE2_ADV (Prop_plle2_adv_CLKIN1_CLKOUT0)
                                                     -7.650    58.470 r  pll/pll/CLKOUT0
                         net (fo=1, routed)           1.594    60.065    lopt_2
    BUFGCTRL_X0Y0        BUFG (Prop_bufg_I_O)         0.091    60.156 r  bufg_adc_clk/O
                         net (fo=15663, routed)       1.536    61.692    i_hk/ps_sys_clk
    SLICE_X4Y23          FDRE (Prop_fdre_C_Q)         0.418    62.110 r  i_hk/dna_clk_reg/Q
                         net (fo=1, routed)           1.141    63.251    i_hk/dna_clk
    DNA_PORT_X0Y0        DNA_PORT                                     r  i_hk/i_DNA/CLK
                         clock pessimism             -0.544    62.706    
                         clock uncertainty           -0.069    62.637    
    DNA_PORT_X0Y0        DNA_PORT (Setup_dna_port_CLK_READ)
                                                     -5.356    57.281    i_hk/i_DNA
  -------------------------------------------------------------------
                         required time                         57.281    
                         arrival time                         -56.766    
  -------------------------------------------------------------------
                         slack                                  0.515    

Slack (MET) :             0.525ns  (required time - arrival time)
  Source:                 i_hk/dna_shift_reg/C
                            (rising edge-triggered cell FDRE clocked by pll_adc_clk  {rise@0.000ns fall@4.000ns period=8.000ns})
  Destination:            i_hk/i_DNA/SHIFT
                            (rising edge-triggered cell DNA_PORT clocked by dna_clk  {rise@0.000ns fall@32.000ns period=64.000ns})
  Path Group:             dna_clk
  Path Type:              Setup (Max at Slow Process Corner)
  Requirement:            8.000ns  (dna_clk rise@64.000ns - pll_adc_clk rise@56.000ns)
  Data Path Delay:        3.434ns  (logic 0.456ns (13.277%)  route 2.978ns (86.723%))
  Logic Levels:           0  
  Clock Path Skew:        1.384ns (DCD - SCD + CPR)
    Destination Clock Delay (DCD):    -0.749ns = ( 63.251 - 64.000 ) 
    Source Clock Delay      (SCD):    -2.678ns = ( 53.322 - 56.000 ) 
    Clock Pessimism Removal (CPR):    -0.544ns
  Clock Uncertainty:      0.069ns  ((TSJ^2 + DJ^2)^1/2) / 2 + PE
    Total System Jitter     (TSJ):    0.071ns
    Discrete Jitter          (DJ):    0.118ns
    Phase Error              (PE):    0.000ns

    Location             Delay type                Incr(ns)  Path(ns)    Netlist Resource(s)
  -------------------------------------------------------------------    -------------------
                         (clock pll_adc_clk rise edge)
                                                     56.000    56.000 r  
    U18                                               0.000    56.000 r  adc_clk_p_i (IN)
                         net (fo=0)                   0.000    56.000    adc_clk_p_i
    U18                  IBUFDS (Prop_ibufds_I_O)     0.983    56.983 r  i_clk/O
                         net (fo=1, routed)           1.306    58.289    pll/adc_clk_in
    PLLE2_ADV_X0Y0       PLLE2_ADV (Prop_plle2_adv_CLKIN1_CLKOUT0)
                                                     -8.533    49.756 r  pll/pll/CLKOUT0
                         net (fo=1, routed)           1.754    51.510    lopt_2
    BUFGCTRL_X0Y0        BUFG (Prop_bufg_I_O)         0.101    51.611 r  bufg_adc_clk/O
                         net (fo=15663, routed)       1.711    53.322    i_hk/ps_sys_clk
    SLICE_X3Y22          FDRE                                         r  i_hk/dna_shift_reg/C
  -------------------------------------------------------------------    -------------------
    SLICE_X3Y22          FDRE (Prop_fdre_C_Q)         0.456    53.778 r  i_hk/dna_shift_reg/Q
                         net (fo=1, routed)           2.978    56.757    i_hk/dna_shift
    DNA_PORT_X0Y0        DNA_PORT                                     r  i_hk/i_DNA/SHIFT
  -------------------------------------------------------------------    -------------------

                         (clock dna_clk rise edge)   64.000    64.000 r  
    U18                                               0.000    64.000 r  adc_clk_p_i (IN)
                         net (fo=0)                   0.000    64.000    adc_clk_p_i
    U18                  IBUFDS (Prop_ibufds_I_O)     0.940    64.940 r  i_clk/O
                         net (fo=1, routed)           1.181    66.121    pll/adc_clk_in
    PLLE2_ADV_X0Y0       PLLE2_ADV (Prop_plle2_adv_CLKIN1_CLKOUT0)
                                                     -7.650    58.470 r  pll/pll/CLKOUT0
                         net (fo=1, routed)           1.594    60.065    lopt_2
    BUFGCTRL_X0Y0        BUFG (Prop_bufg_I_O)         0.091    60.156 r  bufg_adc_clk/O
                         net (fo=15663, routed)       1.536    61.692    i_hk/ps_sys_clk
    SLICE_X4Y23          FDRE (Prop_fdre_C_Q)         0.418    62.110 r  i_hk/dna_clk_reg/Q
                         net (fo=1, routed)           1.141    63.251    i_hk/dna_clk
    DNA_PORT_X0Y0        DNA_PORT                                     r  i_hk/i_DNA/CLK
                         clock pessimism             -0.544    62.706    
                         clock uncertainty           -0.069    62.637    
    DNA_PORT_X0Y0        DNA_PORT (Setup_dna_port_CLK_SHIFT)
                                                     -5.356    57.281    i_hk/i_DNA
  -------------------------------------------------------------------
                         required time                         57.281    
                         arrival time                         -56.757    
  -------------------------------------------------------------------
                         slack                                  0.525    





Min Delay Paths
--------------------------------------------------------------------------------------
Slack (MET) :             0.236ns  (arrival time - required time)
  Source:                 i_hk/dna_read_reg/C
                            (rising edge-triggered cell FDRE clocked by pll_adc_clk  {rise@0.000ns fall@4.000ns period=8.000ns})
  Destination:            i_hk/i_DNA/READ
                            (rising edge-triggered cell DNA_PORT clocked by dna_clk  {rise@0.000ns fall@32.000ns period=64.000ns})
  Path Group:             dna_clk
  Path Type:              Hold (Min at Fast Process Corner)
  Requirement:            0.000ns  (dna_clk rise@0.000ns - pll_adc_clk rise@0.000ns)
  Data Path Delay:        1.464ns  (logic 0.141ns (9.629%)  route 1.323ns (90.371%))
  Logic Levels:           0  
  Clock Path Skew:        1.228ns (DCD - SCD - CPR)
    Destination Clock Delay (DCD):    0.744ns
    Source Clock Delay      (SCD):    -0.295ns
    Clock Pessimism Removal (CPR):    -0.189ns

    Location             Delay type                Incr(ns)  Path(ns)    Netlist Resource(s)
  -------------------------------------------------------------------    -------------------
                         (clock pll_adc_clk rise edge)
                                                      0.000     0.000 r  
    U18                                               0.000     0.000 r  adc_clk_p_i (IN)
                         net (fo=0)                   0.000     0.000    adc_clk_p_i
    U18                  IBUFDS (Prop_ibufds_I_O)     0.401     0.401 r  i_clk/O
                         net (fo=1, routed)           0.440     0.842    pll/adc_clk_in
    PLLE2_ADV_X0Y0       PLLE2_ADV (Prop_plle2_adv_CLKIN1_CLKOUT0)
                                                     -2.234    -1.393 r  pll/pll/CLKOUT0
                         net (fo=1, routed)           0.497    -0.896    lopt_2
    BUFGCTRL_X0Y0        BUFG (Prop_bufg_I_O)         0.026    -0.870 r  bufg_adc_clk/O
                         net (fo=15663, routed)       0.575    -0.295    i_hk/ps_sys_clk
    SLICE_X3Y22          FDRE                                         r  i_hk/dna_read_reg/C
  -------------------------------------------------------------------    -------------------
    SLICE_X3Y22          FDRE (Prop_fdre_C_Q)         0.141    -0.154 r  i_hk/dna_read_reg/Q
                         net (fo=1, routed)           1.323     1.169    i_hk/dna_read
    DNA_PORT_X0Y0        DNA_PORT                                     r  i_hk/i_DNA/READ
  -------------------------------------------------------------------    -------------------

                         (clock dna_clk rise edge)    0.000     0.000 r  
    U18                                               0.000     0.000 r  adc_clk_p_i (IN)
                         net (fo=0)                   0.000     0.000    adc_clk_p_i
    U18                  IBUFDS (Prop_ibufds_I_O)     0.433     0.433 r  i_clk/O
                         net (fo=1, routed)           0.481     0.914    pll/adc_clk_in
    PLLE2_ADV_X0Y0       PLLE2_ADV (Prop_plle2_adv_CLKIN1_CLKOUT0)
                                                     -2.546    -1.632 r  pll/pll/CLKOUT0
                         net (fo=1, routed)           0.544    -1.088    lopt_2
    BUFGCTRL_X0Y0        BUFG (Prop_bufg_I_O)         0.029    -1.059 r  bufg_adc_clk/O
                         net (fo=15663, routed)       0.838    -0.221    i_hk/ps_sys_clk
    SLICE_X4Y23          FDRE (Prop_fdre_C_Q)         0.204    -0.017 r  i_hk/dna_clk_reg/Q
                         net (fo=1, routed)           0.761     0.744    i_hk/dna_clk
    DNA_PORT_X0Y0        DNA_PORT                                     r  i_hk/i_DNA/CLK
                         clock pessimism              0.189     0.933    
    DNA_PORT_X0Y0        DNA_PORT (Hold_dna_port_CLK_READ)
                                                      0.000     0.933    i_hk/i_DNA
  -------------------------------------------------------------------
                         required time                         -0.933    
                         arrival time                           1.169    
  -------------------------------------------------------------------
                         slack                                  0.236    

Slack (MET) :             0.285ns  (arrival time - required time)
  Source:                 i_hk/dna_shift_reg/C
                            (rising edge-triggered cell FDRE clocked by pll_adc_clk  {rise@0.000ns fall@4.000ns period=8.000ns})
  Destination:            i_hk/i_DNA/SHIFT
                            (rising edge-triggered cell DNA_PORT clocked by dna_clk  {rise@0.000ns fall@32.000ns period=64.000ns})
  Path Group:             dna_clk
  Path Type:              Hold (Min at Fast Process Corner)
  Requirement:            0.000ns  (dna_clk rise@0.000ns - pll_adc_clk rise@0.000ns)
  Data Path Delay:        1.513ns  (logic 0.141ns (9.316%)  route 1.372ns (90.684%))
  Logic Levels:           0  
  Clock Path Skew:        1.228ns (DCD - SCD - CPR)
    Destination Clock Delay (DCD):    0.744ns
    Source Clock Delay      (SCD):    -0.295ns
    Clock Pessimism Removal (CPR):    -0.189ns

    Location             Delay type                Incr(ns)  Path(ns)    Netlist Resource(s)
  -------------------------------------------------------------------    -------------------
                         (clock pll_adc_clk rise edge)
                                                      0.000     0.000 r  
    U18                                               0.000     0.000 r  adc_clk_p_i (IN)
                         net (fo=0)                   0.000     0.000    adc_clk_p_i
    U18                  IBUFDS (Prop_ibufds_I_O)     0.401     0.401 r  i_clk/O
                         net (fo=1, routed)           0.440     0.842    pll/adc_clk_in
    PLLE2_ADV_X0Y0       PLLE2_ADV (Prop_plle2_adv_CLKIN1_CLKOUT0)
                                                     -2.234    -1.393 r  pll/pll/CLKOUT0
                         net (fo=1, routed)           0.497    -0.896    lopt_2
    BUFGCTRL_X0Y0        BUFG (Prop_bufg_I_O)         0.026    -0.870 r  bufg_adc_clk/O
                         net (fo=15663, routed)       0.575    -0.295    i_hk/ps_sys_clk
    SLICE_X3Y22          FDRE                                         r  i_hk/dna_shift_reg/C
  -------------------------------------------------------------------    -------------------
    SLICE_X3Y22          FDRE (Prop_fdre_C_Q)         0.141    -0.154 r  i_hk/dna_shift_reg/Q
                         net (fo=1, routed)           1.372     1.218    i_hk/dna_shift
    DNA_PORT_X0Y0        DNA_PORT                                     r  i_hk/i_DNA/SHIFT
  -------------------------------------------------------------------    -------------------

                         (clock dna_clk rise edge)    0.000     0.000 r  
    U18                                               0.000     0.000 r  adc_clk_p_i (IN)
                         net (fo=0)                   0.000     0.000    adc_clk_p_i
    U18                  IBUFDS (Prop_ibufds_I_O)     0.433     0.433 r  i_clk/O
                         net (fo=1, routed)           0.481     0.914    pll/adc_clk_in
    PLLE2_ADV_X0Y0       PLLE2_ADV (Prop_plle2_adv_CLKIN1_CLKOUT0)
                                                     -2.546    -1.632 r  pll/pll/CLKOUT0
                         net (fo=1, routed)           0.544    -1.088    lopt_2
    BUFGCTRL_X0Y0        BUFG (Prop_bufg_I_O)         0.029    -1.059 r  bufg_adc_clk/O
                         net (fo=15663, routed)       0.838    -0.221    i_hk/ps_sys_clk
    SLICE_X4Y23          FDRE (Prop_fdre_C_Q)         0.204    -0.017 r  i_hk/dna_clk_reg/Q
                         net (fo=1, routed)           0.761     0.744    i_hk/dna_clk
    DNA_PORT_X0Y0        DNA_PORT                                     r  i_hk/i_DNA/CLK
                         clock pessimism              0.189     0.933    
    DNA_PORT_X0Y0        DNA_PORT (Hold_dna_port_CLK_SHIFT)
                                                      0.000     0.933    i_hk/i_DNA
  -------------------------------------------------------------------
                         required time                         -0.933    
                         arrival time                           1.218    
  -------------------------------------------------------------------
                         slack                                  0.285    





---------------------------------------------------------------------------------------------------
From Clock:  pll_adc_clk
  To Clock:  pll_clk_adc_2x

Setup :            0  Failing Endpoints,  Worst Slack        0.451ns,  Total Violation        0.000ns
Hold  :            0  Failing Endpoints,  Worst Slack        0.114ns,  Total Violation        0.000ns
---------------------------------------------------------------------------------------------------


Max Delay Paths
--------------------------------------------------------------------------------------
Slack (MET) :             0.451ns  (required time - arrival time)
  Source:                 Digital_Freq_Meter_inst/DDC1_inst/ddc_frontend_lowpass_filter_inst_I/N_times_clk_FIR_wrapper_H_inst/flag_times_1_reg/C
                            (rising edge-triggered cell FDRE clocked by pll_adc_clk  {rise@0.000ns fall@4.000ns period=8.000ns})
  Destination:            Digital_Freq_Meter_inst/DDC1_inst/ddc_frontend_lowpass_filter_inst_I/N_times_clk_FIR_wrapper_H_inst/data_times_N_reg[10]/CE
                            (rising edge-triggered cell FDRE clocked by pll_clk_adc_2x  {rise@0.000ns fall@2.000ns period=4.000ns})
  Path Group:             pll_clk_adc_2x
  Path Type:              Setup (Max at Slow Process Corner)
  Requirement:            4.000ns  (pll_clk_adc_2x rise@4.000ns - pll_adc_clk rise@0.000ns)
  Data Path Delay:        2.758ns  (logic 0.716ns (25.957%)  route 2.042ns (74.043%))
  Logic Levels:           1  (LUT2=1)
  Clock Path Skew:        -0.397ns (DCD - SCD + CPR)
    Destination Clock Delay (DCD):    -2.347ns = ( 1.653 - 4.000 ) 
    Source Clock Delay      (SCD):    -2.665ns
    Clock Pessimism Removal (CPR):    -0.714ns
  Clock Uncertainty:      0.189ns  ((TSJ^2 + DJ^2)^1/2) / 2 + PE
    Total System Jitter     (TSJ):    0.071ns
    Discrete Jitter          (DJ):    0.118ns
    Phase Error              (PE):    0.120ns

    Location             Delay type                Incr(ns)  Path(ns)    Netlist Resource(s)
  -------------------------------------------------------------------    -------------------
                         (clock pll_adc_clk rise edge)
                                                      0.000     0.000 r  
    U18                                               0.000     0.000 r  adc_clk_p_i (IN)
                         net (fo=0)                   0.000     0.000    adc_clk_p_i
    U18                  IBUFDS (Prop_ibufds_I_O)     0.983     0.983 r  i_clk/O
                         net (fo=1, routed)           1.306     2.289    pll/adc_clk_in
    PLLE2_ADV_X0Y0       PLLE2_ADV (Prop_plle2_adv_CLKIN1_CLKOUT0)
                                                     -8.533    -6.244 r  pll/pll/CLKOUT0
                         net (fo=1, routed)           1.754    -4.490    lopt_2
    BUFGCTRL_X0Y0        BUFG (Prop_bufg_I_O)         0.101    -4.389 r  bufg_adc_clk/O
                         net (fo=15663, routed)       1.724    -2.665    Digital_Freq_Meter_inst/DDC1_inst/ddc_frontend_lowpass_filter_inst_I/N_times_clk_FIR_wrapper_H_inst/ps_sys_clk
    SLICE_X1Y2           FDRE                                         r  Digital_Freq_Meter_inst/DDC1_inst/ddc_frontend_lowpass_filter_inst_I/N_times_clk_FIR_wrapper_H_inst/flag_times_1_reg/C
  -------------------------------------------------------------------    -------------------
    SLICE_X1Y2           FDRE (Prop_fdre_C_Q)         0.419    -2.246 r  Digital_Freq_Meter_inst/DDC1_inst/ddc_frontend_lowpass_filter_inst_I/N_times_clk_FIR_wrapper_H_inst/flag_times_1_reg/Q
                         net (fo=3, routed)           0.287    -1.959    Digital_Freq_Meter_inst/DDC1_inst/ddc_frontend_lowpass_filter_inst_I/N_times_clk_FIR_wrapper_H_inst/flag_times_1
    SLICE_X1Y2           LUT2 (Prop_lut2_I0_O)        0.297    -1.662 r  Digital_Freq_Meter_inst/DDC1_inst/ddc_frontend_lowpass_filter_inst_I/N_times_clk_FIR_wrapper_H_inst/data_times_N_clk_enable_i_1/O
                         net (fo=17, routed)          1.756     0.094    Digital_Freq_Meter_inst/DDC1_inst/ddc_frontend_lowpass_filter_inst_I/N_times_clk_FIR_wrapper_H_inst/data_times_N_clk_enable_i_1_n_0
    SLICE_X29Y10         FDRE                                         r  Digital_Freq_Meter_inst/DDC1_inst/ddc_frontend_lowpass_filter_inst_I/N_times_clk_FIR_wrapper_H_inst/data_times_N_reg[10]/CE
  -------------------------------------------------------------------    -------------------

                         (clock pll_clk_adc_2x rise edge)
                                                      4.000     4.000 r  
    U18                                               0.000     4.000 r  adc_clk_p_i (IN)
                         net (fo=0)                   0.000     4.000    adc_clk_p_i
    U18                  IBUFDS (Prop_ibufds_I_O)     0.940     4.940 r  i_clk/O
                         net (fo=1, routed)           1.181     6.121    pll/adc_clk_in
    PLLE2_ADV_X0Y0       PLLE2_ADV (Prop_plle2_adv_CLKIN1_CLKOUT4)
                                                     -7.650    -1.530 r  pll/pll/CLKOUT4
                         net (fo=1, routed)           1.594     0.065    pll_clk_adc_2x
    BUFGCTRL_X0Y1        BUFG (Prop_bufg_I_O)         0.091     0.156 r  bufg_ser_clk/O
                         net (fo=1629, routed)        1.497     1.653    Digital_Freq_Meter_inst/DDC1_inst/ddc_frontend_lowpass_filter_inst_I/N_times_clk_FIR_wrapper_H_inst/CLK
    SLICE_X29Y10         FDRE                                         r  Digital_Freq_Meter_inst/DDC1_inst/ddc_frontend_lowpass_filter_inst_I/N_times_clk_FIR_wrapper_H_inst/data_times_N_reg[10]/C
                         clock pessimism             -0.714     0.939    
                         clock uncertainty           -0.189     0.750    
    SLICE_X29Y10         FDRE (Setup_fdre_C_CE)      -0.205     0.545    Digital_Freq_Meter_inst/DDC1_inst/ddc_frontend_lowpass_filter_inst_I/N_times_clk_FIR_wrapper_H_inst/data_times_N_reg[10]
  -------------------------------------------------------------------
                         required time                          0.545    
                         arrival time                          -0.094    
  -------------------------------------------------------------------
                         slack                                  0.451    

Slack (MET) :             0.451ns  (required time - arrival time)
  Source:                 Digital_Freq_Meter_inst/DDC1_inst/ddc_frontend_lowpass_filter_inst_I/N_times_clk_FIR_wrapper_H_inst/flag_times_1_reg/C
                            (rising edge-triggered cell FDRE clocked by pll_adc_clk  {rise@0.000ns fall@4.000ns period=8.000ns})
  Destination:            Digital_Freq_Meter_inst/DDC1_inst/ddc_frontend_lowpass_filter_inst_I/N_times_clk_FIR_wrapper_H_inst/data_times_N_reg[11]/CE
                            (rising edge-triggered cell FDRE clocked by pll_clk_adc_2x  {rise@0.000ns fall@2.000ns period=4.000ns})
  Path Group:             pll_clk_adc_2x
  Path Type:              Setup (Max at Slow Process Corner)
  Requirement:            4.000ns  (pll_clk_adc_2x rise@4.000ns - pll_adc_clk rise@0.000ns)
  Data Path Delay:        2.758ns  (logic 0.716ns (25.957%)  route 2.042ns (74.043%))
  Logic Levels:           1  (LUT2=1)
  Clock Path Skew:        -0.397ns (DCD - SCD + CPR)
    Destination Clock Delay (DCD):    -2.347ns = ( 1.653 - 4.000 ) 
    Source Clock Delay      (SCD):    -2.665ns
    Clock Pessimism Removal (CPR):    -0.714ns
  Clock Uncertainty:      0.189ns  ((TSJ^2 + DJ^2)^1/2) / 2 + PE
    Total System Jitter     (TSJ):    0.071ns
    Discrete Jitter          (DJ):    0.118ns
    Phase Error              (PE):    0.120ns

    Location             Delay type                Incr(ns)  Path(ns)    Netlist Resource(s)
  -------------------------------------------------------------------    -------------------
                         (clock pll_adc_clk rise edge)
                                                      0.000     0.000 r  
    U18                                               0.000     0.000 r  adc_clk_p_i (IN)
                         net (fo=0)                   0.000     0.000    adc_clk_p_i
    U18                  IBUFDS (Prop_ibufds_I_O)     0.983     0.983 r  i_clk/O
                         net (fo=1, routed)           1.306     2.289    pll/adc_clk_in
    PLLE2_ADV_X0Y0       PLLE2_ADV (Prop_plle2_adv_CLKIN1_CLKOUT0)
                                                     -8.533    -6.244 r  pll/pll/CLKOUT0
                         net (fo=1, routed)           1.754    -4.490    lopt_2
    BUFGCTRL_X0Y0        BUFG (Prop_bufg_I_O)         0.101    -4.389 r  bufg_adc_clk/O
                         net (fo=15663, routed)       1.724    -2.665    Digital_Freq_Meter_inst/DDC1_inst/ddc_frontend_lowpass_filter_inst_I/N_times_clk_FIR_wrapper_H_inst/ps_sys_clk
    SLICE_X1Y2           FDRE                                         r  Digital_Freq_Meter_inst/DDC1_inst/ddc_frontend_lowpass_filter_inst_I/N_times_clk_FIR_wrapper_H_inst/flag_times_1_reg/C
  -------------------------------------------------------------------    -------------------
    SLICE_X1Y2           FDRE (Prop_fdre_C_Q)         0.419    -2.246 r  Digital_Freq_Meter_inst/DDC1_inst/ddc_frontend_lowpass_filter_inst_I/N_times_clk_FIR_wrapper_H_inst/flag_times_1_reg/Q
                         net (fo=3, routed)           0.287    -1.959    Digital_Freq_Meter_inst/DDC1_inst/ddc_frontend_lowpass_filter_inst_I/N_times_clk_FIR_wrapper_H_inst/flag_times_1
    SLICE_X1Y2           LUT2 (Prop_lut2_I0_O)        0.297    -1.662 r  Digital_Freq_Meter_inst/DDC1_inst/ddc_frontend_lowpass_filter_inst_I/N_times_clk_FIR_wrapper_H_inst/data_times_N_clk_enable_i_1/O
                         net (fo=17, routed)          1.756     0.094    Digital_Freq_Meter_inst/DDC1_inst/ddc_frontend_lowpass_filter_inst_I/N_times_clk_FIR_wrapper_H_inst/data_times_N_clk_enable_i_1_n_0
    SLICE_X29Y10         FDRE                                         r  Digital_Freq_Meter_inst/DDC1_inst/ddc_frontend_lowpass_filter_inst_I/N_times_clk_FIR_wrapper_H_inst/data_times_N_reg[11]/CE
  -------------------------------------------------------------------    -------------------

                         (clock pll_clk_adc_2x rise edge)
                                                      4.000     4.000 r  
    U18                                               0.000     4.000 r  adc_clk_p_i (IN)
                         net (fo=0)                   0.000     4.000    adc_clk_p_i
    U18                  IBUFDS (Prop_ibufds_I_O)     0.940     4.940 r  i_clk/O
                         net (fo=1, routed)           1.181     6.121    pll/adc_clk_in
    PLLE2_ADV_X0Y0       PLLE2_ADV (Prop_plle2_adv_CLKIN1_CLKOUT4)
                                                     -7.650    -1.530 r  pll/pll/CLKOUT4
                         net (fo=1, routed)           1.594     0.065    pll_clk_adc_2x
    BUFGCTRL_X0Y1        BUFG (Prop_bufg_I_O)         0.091     0.156 r  bufg_ser_clk/O
                         net (fo=1629, routed)        1.497     1.653    Digital_Freq_Meter_inst/DDC1_inst/ddc_frontend_lowpass_filter_inst_I/N_times_clk_FIR_wrapper_H_inst/CLK
    SLICE_X29Y10         FDRE                                         r  Digital_Freq_Meter_inst/DDC1_inst/ddc_frontend_lowpass_filter_inst_I/N_times_clk_FIR_wrapper_H_inst/data_times_N_reg[11]/C
                         clock pessimism             -0.714     0.939    
                         clock uncertainty           -0.189     0.750    
    SLICE_X29Y10         FDRE (Setup_fdre_C_CE)      -0.205     0.545    Digital_Freq_Meter_inst/DDC1_inst/ddc_frontend_lowpass_filter_inst_I/N_times_clk_FIR_wrapper_H_inst/data_times_N_reg[11]
  -------------------------------------------------------------------
                         required time                          0.545    
                         arrival time                          -0.094    
  -------------------------------------------------------------------
                         slack                                  0.451    

Slack (MET) :             0.451ns  (required time - arrival time)
  Source:                 Digital_Freq_Meter_inst/DDC1_inst/ddc_frontend_lowpass_filter_inst_I/N_times_clk_FIR_wrapper_H_inst/flag_times_1_reg/C
                            (rising edge-triggered cell FDRE clocked by pll_adc_clk  {rise@0.000ns fall@4.000ns period=8.000ns})
  Destination:            Digital_Freq_Meter_inst/DDC1_inst/ddc_frontend_lowpass_filter_inst_I/N_times_clk_FIR_wrapper_H_inst/data_times_N_reg[9]/CE
                            (rising edge-triggered cell FDRE clocked by pll_clk_adc_2x  {rise@0.000ns fall@2.000ns period=4.000ns})
  Path Group:             pll_clk_adc_2x
  Path Type:              Setup (Max at Slow Process Corner)
  Requirement:            4.000ns  (pll_clk_adc_2x rise@4.000ns - pll_adc_clk rise@0.000ns)
  Data Path Delay:        2.758ns  (logic 0.716ns (25.957%)  route 2.042ns (74.043%))
  Logic Levels:           1  (LUT2=1)
  Clock Path Skew:        -0.397ns (DCD - SCD + CPR)
    Destination Clock Delay (DCD):    -2.347ns = ( 1.653 - 4.000 ) 
    Source Clock Delay      (SCD):    -2.665ns
    Clock Pessimism Removal (CPR):    -0.714ns
  Clock Uncertainty:      0.189ns  ((TSJ^2 + DJ^2)^1/2) / 2 + PE
    Total System Jitter     (TSJ):    0.071ns
    Discrete Jitter          (DJ):    0.118ns
    Phase Error              (PE):    0.120ns

    Location             Delay type                Incr(ns)  Path(ns)    Netlist Resource(s)
  -------------------------------------------------------------------    -------------------
                         (clock pll_adc_clk rise edge)
                                                      0.000     0.000 r  
    U18                                               0.000     0.000 r  adc_clk_p_i (IN)
                         net (fo=0)                   0.000     0.000    adc_clk_p_i
    U18                  IBUFDS (Prop_ibufds_I_O)     0.983     0.983 r  i_clk/O
                         net (fo=1, routed)           1.306     2.289    pll/adc_clk_in
    PLLE2_ADV_X0Y0       PLLE2_ADV (Prop_plle2_adv_CLKIN1_CLKOUT0)
                                                     -8.533    -6.244 r  pll/pll/CLKOUT0
                         net (fo=1, routed)           1.754    -4.490    lopt_2
    BUFGCTRL_X0Y0        BUFG (Prop_bufg_I_O)         0.101    -4.389 r  bufg_adc_clk/O
                         net (fo=15663, routed)       1.724    -2.665    Digital_Freq_Meter_inst/DDC1_inst/ddc_frontend_lowpass_filter_inst_I/N_times_clk_FIR_wrapper_H_inst/ps_sys_clk
    SLICE_X1Y2           FDRE                                         r  Digital_Freq_Meter_inst/DDC1_inst/ddc_frontend_lowpass_filter_inst_I/N_times_clk_FIR_wrapper_H_inst/flag_times_1_reg/C
  -------------------------------------------------------------------    -------------------
    SLICE_X1Y2           FDRE (Prop_fdre_C_Q)         0.419    -2.246 r  Digital_Freq_Meter_inst/DDC1_inst/ddc_frontend_lowpass_filter_inst_I/N_times_clk_FIR_wrapper_H_inst/flag_times_1_reg/Q
                         net (fo=3, routed)           0.287    -1.959    Digital_Freq_Meter_inst/DDC1_inst/ddc_frontend_lowpass_filter_inst_I/N_times_clk_FIR_wrapper_H_inst/flag_times_1
    SLICE_X1Y2           LUT2 (Prop_lut2_I0_O)        0.297    -1.662 r  Digital_Freq_Meter_inst/DDC1_inst/ddc_frontend_lowpass_filter_inst_I/N_times_clk_FIR_wrapper_H_inst/data_times_N_clk_enable_i_1/O
                         net (fo=17, routed)          1.756     0.094    Digital_Freq_Meter_inst/DDC1_inst/ddc_frontend_lowpass_filter_inst_I/N_times_clk_FIR_wrapper_H_inst/data_times_N_clk_enable_i_1_n_0
    SLICE_X29Y10         FDRE                                         r  Digital_Freq_Meter_inst/DDC1_inst/ddc_frontend_lowpass_filter_inst_I/N_times_clk_FIR_wrapper_H_inst/data_times_N_reg[9]/CE
  -------------------------------------------------------------------    -------------------

                         (clock pll_clk_adc_2x rise edge)
                                                      4.000     4.000 r  
    U18                                               0.000     4.000 r  adc_clk_p_i (IN)
                         net (fo=0)                   0.000     4.000    adc_clk_p_i
    U18                  IBUFDS (Prop_ibufds_I_O)     0.940     4.940 r  i_clk/O
                         net (fo=1, routed)           1.181     6.121    pll/adc_clk_in
    PLLE2_ADV_X0Y0       PLLE2_ADV (Prop_plle2_adv_CLKIN1_CLKOUT4)
                                                     -7.650    -1.530 r  pll/pll/CLKOUT4
                         net (fo=1, routed)           1.594     0.065    pll_clk_adc_2x
    BUFGCTRL_X0Y1        BUFG (Prop_bufg_I_O)         0.091     0.156 r  bufg_ser_clk/O
                         net (fo=1629, routed)        1.497     1.653    Digital_Freq_Meter_inst/DDC1_inst/ddc_frontend_lowpass_filter_inst_I/N_times_clk_FIR_wrapper_H_inst/CLK
    SLICE_X29Y10         FDRE                                         r  Digital_Freq_Meter_inst/DDC1_inst/ddc_frontend_lowpass_filter_inst_I/N_times_clk_FIR_wrapper_H_inst/data_times_N_reg[9]/C
                         clock pessimism             -0.714     0.939    
                         clock uncertainty           -0.189     0.750    
    SLICE_X29Y10         FDRE (Setup_fdre_C_CE)      -0.205     0.545    Digital_Freq_Meter_inst/DDC1_inst/ddc_frontend_lowpass_filter_inst_I/N_times_clk_FIR_wrapper_H_inst/data_times_N_reg[9]
  -------------------------------------------------------------------
                         required time                          0.545    
                         arrival time                          -0.094    
  -------------------------------------------------------------------
                         slack                                  0.451    

Slack (MET) :             0.473ns  (required time - arrival time)
  Source:                 Digital_Freq_Meter_inst/DDC1_inst/ddc_frontend_lowpass_filter_inst_I/N_times_clk_FIR_wrapper_H_inst/flag_times_1_reg/C
                            (rising edge-triggered cell FDRE clocked by pll_adc_clk  {rise@0.000ns fall@4.000ns period=8.000ns})
  Destination:            Digital_Freq_Meter_inst/DDC1_inst/ddc_frontend_lowpass_filter_inst_I/N_times_clk_FIR_wrapper_H_inst/data_times_N_reg[0]/CE
                            (rising edge-triggered cell FDRE clocked by pll_clk_adc_2x  {rise@0.000ns fall@2.000ns period=4.000ns})
  Path Group:             pll_clk_adc_2x
  Path Type:              Setup (Max at Slow Process Corner)
  Requirement:            4.000ns  (pll_clk_adc_2x rise@4.000ns - pll_adc_clk rise@0.000ns)
  Data Path Delay:        2.737ns  (logic 0.716ns (26.156%)  route 2.021ns (73.844%))
  Logic Levels:           1  (LUT2=1)
  Clock Path Skew:        -0.396ns (DCD - SCD + CPR)
    Destination Clock Delay (DCD):    -2.346ns = ( 1.654 - 4.000 ) 
    Source Clock Delay      (SCD):    -2.665ns
    Clock Pessimism Removal (CPR):    -0.714ns
  Clock Uncertainty:      0.189ns  ((TSJ^2 + DJ^2)^1/2) / 2 + PE
    Total System Jitter     (TSJ):    0.071ns
    Discrete Jitter          (DJ):    0.118ns
    Phase Error              (PE):    0.120ns

    Location             Delay type                Incr(ns)  Path(ns)    Netlist Resource(s)
  -------------------------------------------------------------------    -------------------
                         (clock pll_adc_clk rise edge)
                                                      0.000     0.000 r  
    U18                                               0.000     0.000 r  adc_clk_p_i (IN)
                         net (fo=0)                   0.000     0.000    adc_clk_p_i
    U18                  IBUFDS (Prop_ibufds_I_O)     0.983     0.983 r  i_clk/O
                         net (fo=1, routed)           1.306     2.289    pll/adc_clk_in
    PLLE2_ADV_X0Y0       PLLE2_ADV (Prop_plle2_adv_CLKIN1_CLKOUT0)
                                                     -8.533    -6.244 r  pll/pll/CLKOUT0
                         net (fo=1, routed)           1.754    -4.490    lopt_2
    BUFGCTRL_X0Y0        BUFG (Prop_bufg_I_O)         0.101    -4.389 r  bufg_adc_clk/O
                         net (fo=15663, routed)       1.724    -2.665    Digital_Freq_Meter_inst/DDC1_inst/ddc_frontend_lowpass_filter_inst_I/N_times_clk_FIR_wrapper_H_inst/ps_sys_clk
    SLICE_X1Y2           FDRE                                         r  Digital_Freq_Meter_inst/DDC1_inst/ddc_frontend_lowpass_filter_inst_I/N_times_clk_FIR_wrapper_H_inst/flag_times_1_reg/C
  -------------------------------------------------------------------    -------------------
    SLICE_X1Y2           FDRE (Prop_fdre_C_Q)         0.419    -2.246 r  Digital_Freq_Meter_inst/DDC1_inst/ddc_frontend_lowpass_filter_inst_I/N_times_clk_FIR_wrapper_H_inst/flag_times_1_reg/Q
                         net (fo=3, routed)           0.287    -1.959    Digital_Freq_Meter_inst/DDC1_inst/ddc_frontend_lowpass_filter_inst_I/N_times_clk_FIR_wrapper_H_inst/flag_times_1
    SLICE_X1Y2           LUT2 (Prop_lut2_I0_O)        0.297    -1.662 r  Digital_Freq_Meter_inst/DDC1_inst/ddc_frontend_lowpass_filter_inst_I/N_times_clk_FIR_wrapper_H_inst/data_times_N_clk_enable_i_1/O
                         net (fo=17, routed)          1.735     0.073    Digital_Freq_Meter_inst/DDC1_inst/ddc_frontend_lowpass_filter_inst_I/N_times_clk_FIR_wrapper_H_inst/data_times_N_clk_enable_i_1_n_0
    SLICE_X31Y8          FDRE                                         r  Digital_Freq_Meter_inst/DDC1_inst/ddc_frontend_lowpass_filter_inst_I/N_times_clk_FIR_wrapper_H_inst/data_times_N_reg[0]/CE
  -------------------------------------------------------------------    -------------------

                         (clock pll_clk_adc_2x rise edge)
                                                      4.000     4.000 r  
    U18                                               0.000     4.000 r  adc_clk_p_i (IN)
                         net (fo=0)                   0.000     4.000    adc_clk_p_i
    U18                  IBUFDS (Prop_ibufds_I_O)     0.940     4.940 r  i_clk/O
                         net (fo=1, routed)           1.181     6.121    pll/adc_clk_in
    PLLE2_ADV_X0Y0       PLLE2_ADV (Prop_plle2_adv_CLKIN1_CLKOUT4)
                                                     -7.650    -1.530 r  pll/pll/CLKOUT4
                         net (fo=1, routed)           1.594     0.065    pll_clk_adc_2x
    BUFGCTRL_X0Y1        BUFG (Prop_bufg_I_O)         0.091     0.156 r  bufg_ser_clk/O
                         net (fo=1629, routed)        1.498     1.654    Digital_Freq_Meter_inst/DDC1_inst/ddc_frontend_lowpass_filter_inst_I/N_times_clk_FIR_wrapper_H_inst/CLK
    SLICE_X31Y8          FDRE                                         r  Digital_Freq_Meter_inst/DDC1_inst/ddc_frontend_lowpass_filter_inst_I/N_times_clk_FIR_wrapper_H_inst/data_times_N_reg[0]/C
                         clock pessimism             -0.714     0.940    
                         clock uncertainty           -0.189     0.751    
    SLICE_X31Y8          FDRE (Setup_fdre_C_CE)      -0.205     0.546    Digital_Freq_Meter_inst/DDC1_inst/ddc_frontend_lowpass_filter_inst_I/N_times_clk_FIR_wrapper_H_inst/data_times_N_reg[0]
  -------------------------------------------------------------------
                         required time                          0.546    
                         arrival time                          -0.073    
  -------------------------------------------------------------------
                         slack                                  0.473    

Slack (MET) :             0.473ns  (required time - arrival time)
  Source:                 Digital_Freq_Meter_inst/DDC1_inst/ddc_frontend_lowpass_filter_inst_I/N_times_clk_FIR_wrapper_H_inst/flag_times_1_reg/C
                            (rising edge-triggered cell FDRE clocked by pll_adc_clk  {rise@0.000ns fall@4.000ns period=8.000ns})
  Destination:            Digital_Freq_Meter_inst/DDC1_inst/ddc_frontend_lowpass_filter_inst_I/N_times_clk_FIR_wrapper_H_inst/data_times_N_reg[1]/CE
                            (rising edge-triggered cell FDRE clocked by pll_clk_adc_2x  {rise@0.000ns fall@2.000ns period=4.000ns})
  Path Group:             pll_clk_adc_2x
  Path Type:              Setup (Max at Slow Process Corner)
  Requirement:            4.000ns  (pll_clk_adc_2x rise@4.000ns - pll_adc_clk rise@0.000ns)
  Data Path Delay:        2.737ns  (logic 0.716ns (26.156%)  route 2.021ns (73.844%))
  Logic Levels:           1  (LUT2=1)
  Clock Path Skew:        -0.396ns (DCD - SCD + CPR)
    Destination Clock Delay (DCD):    -2.346ns = ( 1.654 - 4.000 ) 
    Source Clock Delay      (SCD):    -2.665ns
    Clock Pessimism Removal (CPR):    -0.714ns
  Clock Uncertainty:      0.189ns  ((TSJ^2 + DJ^2)^1/2) / 2 + PE
    Total System Jitter     (TSJ):    0.071ns
    Discrete Jitter          (DJ):    0.118ns
    Phase Error              (PE):    0.120ns

    Location             Delay type                Incr(ns)  Path(ns)    Netlist Resource(s)
  -------------------------------------------------------------------    -------------------
                         (clock pll_adc_clk rise edge)
                                                      0.000     0.000 r  
    U18                                               0.000     0.000 r  adc_clk_p_i (IN)
                         net (fo=0)                   0.000     0.000    adc_clk_p_i
    U18                  IBUFDS (Prop_ibufds_I_O)     0.983     0.983 r  i_clk/O
                         net (fo=1, routed)           1.306     2.289    pll/adc_clk_in
    PLLE2_ADV_X0Y0       PLLE2_ADV (Prop_plle2_adv_CLKIN1_CLKOUT0)
                                                     -8.533    -6.244 r  pll/pll/CLKOUT0
                         net (fo=1, routed)           1.754    -4.490    lopt_2
    BUFGCTRL_X0Y0        BUFG (Prop_bufg_I_O)         0.101    -4.389 r  bufg_adc_clk/O
                         net (fo=15663, routed)       1.724    -2.665    Digital_Freq_Meter_inst/DDC1_inst/ddc_frontend_lowpass_filter_inst_I/N_times_clk_FIR_wrapper_H_inst/ps_sys_clk
    SLICE_X1Y2           FDRE                                         r  Digital_Freq_Meter_inst/DDC1_inst/ddc_frontend_lowpass_filter_inst_I/N_times_clk_FIR_wrapper_H_inst/flag_times_1_reg/C
  -------------------------------------------------------------------    -------------------
    SLICE_X1Y2           FDRE (Prop_fdre_C_Q)         0.419    -2.246 r  Digital_Freq_Meter_inst/DDC1_inst/ddc_frontend_lowpass_filter_inst_I/N_times_clk_FIR_wrapper_H_inst/flag_times_1_reg/Q
                         net (fo=3, routed)           0.287    -1.959    Digital_Freq_Meter_inst/DDC1_inst/ddc_frontend_lowpass_filter_inst_I/N_times_clk_FIR_wrapper_H_inst/flag_times_1
    SLICE_X1Y2           LUT2 (Prop_lut2_I0_O)        0.297    -1.662 r  Digital_Freq_Meter_inst/DDC1_inst/ddc_frontend_lowpass_filter_inst_I/N_times_clk_FIR_wrapper_H_inst/data_times_N_clk_enable_i_1/O
                         net (fo=17, routed)          1.735     0.073    Digital_Freq_Meter_inst/DDC1_inst/ddc_frontend_lowpass_filter_inst_I/N_times_clk_FIR_wrapper_H_inst/data_times_N_clk_enable_i_1_n_0
    SLICE_X31Y8          FDRE                                         r  Digital_Freq_Meter_inst/DDC1_inst/ddc_frontend_lowpass_filter_inst_I/N_times_clk_FIR_wrapper_H_inst/data_times_N_reg[1]/CE
  -------------------------------------------------------------------    -------------------

                         (clock pll_clk_adc_2x rise edge)
                                                      4.000     4.000 r  
    U18                                               0.000     4.000 r  adc_clk_p_i (IN)
                         net (fo=0)                   0.000     4.000    adc_clk_p_i
    U18                  IBUFDS (Prop_ibufds_I_O)     0.940     4.940 r  i_clk/O
                         net (fo=1, routed)           1.181     6.121    pll/adc_clk_in
    PLLE2_ADV_X0Y0       PLLE2_ADV (Prop_plle2_adv_CLKIN1_CLKOUT4)
                                                     -7.650    -1.530 r  pll/pll/CLKOUT4
                         net (fo=1, routed)           1.594     0.065    pll_clk_adc_2x
    BUFGCTRL_X0Y1        BUFG (Prop_bufg_I_O)         0.091     0.156 r  bufg_ser_clk/O
                         net (fo=1629, routed)        1.498     1.654    Digital_Freq_Meter_inst/DDC1_inst/ddc_frontend_lowpass_filter_inst_I/N_times_clk_FIR_wrapper_H_inst/CLK
    SLICE_X31Y8          FDRE                                         r  Digital_Freq_Meter_inst/DDC1_inst/ddc_frontend_lowpass_filter_inst_I/N_times_clk_FIR_wrapper_H_inst/data_times_N_reg[1]/C
                         clock pessimism             -0.714     0.940    
                         clock uncertainty           -0.189     0.751    
    SLICE_X31Y8          FDRE (Setup_fdre_C_CE)      -0.205     0.546    Digital_Freq_Meter_inst/DDC1_inst/ddc_frontend_lowpass_filter_inst_I/N_times_clk_FIR_wrapper_H_inst/data_times_N_reg[1]
  -------------------------------------------------------------------
                         required time                          0.546    
                         arrival time                          -0.073    
  -------------------------------------------------------------------
                         slack                                  0.473    

Slack (MET) :             0.648ns  (required time - arrival time)
  Source:                 Digital_Freq_Meter_inst/DDC1_inst/ddc_frontend_lowpass_filter_inst_I/N_times_clk_FIR_wrapper_H_inst/flag_times_1_reg/C
                            (rising edge-triggered cell FDRE clocked by pll_adc_clk  {rise@0.000ns fall@4.000ns period=8.000ns})
  Destination:            Digital_Freq_Meter_inst/DDC1_inst/ddc_frontend_lowpass_filter_inst_I/N_times_clk_FIR_wrapper_H_inst/data_times_N_reg[2]/CE
                            (rising edge-triggered cell FDRE clocked by pll_clk_adc_2x  {rise@0.000ns fall@2.000ns period=4.000ns})
  Path Group:             pll_clk_adc_2x
  Path Type:              Setup (Max at Slow Process Corner)
  Requirement:            4.000ns  (pll_clk_adc_2x rise@4.000ns - pll_adc_clk rise@0.000ns)
  Data Path Delay:        2.599ns  (logic 0.716ns (27.553%)  route 1.883ns (72.447%))
  Logic Levels:           1  (LUT2=1)
  Clock Path Skew:        -0.396ns (DCD - SCD + CPR)
    Destination Clock Delay (DCD):    -2.346ns = ( 1.654 - 4.000 ) 
    Source Clock Delay      (SCD):    -2.665ns
    Clock Pessimism Removal (CPR):    -0.714ns
  Clock Uncertainty:      0.189ns  ((TSJ^2 + DJ^2)^1/2) / 2 + PE
    Total System Jitter     (TSJ):    0.071ns
    Discrete Jitter          (DJ):    0.118ns
    Phase Error              (PE):    0.120ns

    Location             Delay type                Incr(ns)  Path(ns)    Netlist Resource(s)
  -------------------------------------------------------------------    -------------------
                         (clock pll_adc_clk rise edge)
                                                      0.000     0.000 r  
    U18                                               0.000     0.000 r  adc_clk_p_i (IN)
                         net (fo=0)                   0.000     0.000    adc_clk_p_i
    U18                  IBUFDS (Prop_ibufds_I_O)     0.983     0.983 r  i_clk/O
                         net (fo=1, routed)           1.306     2.289    pll/adc_clk_in
    PLLE2_ADV_X0Y0       PLLE2_ADV (Prop_plle2_adv_CLKIN1_CLKOUT0)
                                                     -8.533    -6.244 r  pll/pll/CLKOUT0
                         net (fo=1, routed)           1.754    -4.490    lopt_2
    BUFGCTRL_X0Y0        BUFG (Prop_bufg_I_O)         0.101    -4.389 r  bufg_adc_clk/O
                         net (fo=15663, routed)       1.724    -2.665    Digital_Freq_Meter_inst/DDC1_inst/ddc_frontend_lowpass_filter_inst_I/N_times_clk_FIR_wrapper_H_inst/ps_sys_clk
    SLICE_X1Y2           FDRE                                         r  Digital_Freq_Meter_inst/DDC1_inst/ddc_frontend_lowpass_filter_inst_I/N_times_clk_FIR_wrapper_H_inst/flag_times_1_reg/C
  -------------------------------------------------------------------    -------------------
    SLICE_X1Y2           FDRE (Prop_fdre_C_Q)         0.419    -2.246 r  Digital_Freq_Meter_inst/DDC1_inst/ddc_frontend_lowpass_filter_inst_I/N_times_clk_FIR_wrapper_H_inst/flag_times_1_reg/Q
                         net (fo=3, routed)           0.287    -1.959    Digital_Freq_Meter_inst/DDC1_inst/ddc_frontend_lowpass_filter_inst_I/N_times_clk_FIR_wrapper_H_inst/flag_times_1
    SLICE_X1Y2           LUT2 (Prop_lut2_I0_O)        0.297    -1.662 r  Digital_Freq_Meter_inst/DDC1_inst/ddc_frontend_lowpass_filter_inst_I/N_times_clk_FIR_wrapper_H_inst/data_times_N_clk_enable_i_1/O
                         net (fo=17, routed)          1.596    -0.066    Digital_Freq_Meter_inst/DDC1_inst/ddc_frontend_lowpass_filter_inst_I/N_times_clk_FIR_wrapper_H_inst/data_times_N_clk_enable_i_1_n_0
    SLICE_X28Y7          FDRE                                         r  Digital_Freq_Meter_inst/DDC1_inst/ddc_frontend_lowpass_filter_inst_I/N_times_clk_FIR_wrapper_H_inst/data_times_N_reg[2]/CE
  -------------------------------------------------------------------    -------------------

                         (clock pll_clk_adc_2x rise edge)
                                                      4.000     4.000 r  
    U18                                               0.000     4.000 r  adc_clk_p_i (IN)
                         net (fo=0)                   0.000     4.000    adc_clk_p_i
    U18                  IBUFDS (Prop_ibufds_I_O)     0.940     4.940 r  i_clk/O
                         net (fo=1, routed)           1.181     6.121    pll/adc_clk_in
    PLLE2_ADV_X0Y0       PLLE2_ADV (Prop_plle2_adv_CLKIN1_CLKOUT4)
                                                     -7.650    -1.530 r  pll/pll/CLKOUT4
                         net (fo=1, routed)           1.594     0.065    pll_clk_adc_2x
    BUFGCTRL_X0Y1        BUFG (Prop_bufg_I_O)         0.091     0.156 r  bufg_ser_clk/O
                         net (fo=1629, routed)        1.498     1.654    Digital_Freq_Meter_inst/DDC1_inst/ddc_frontend_lowpass_filter_inst_I/N_times_clk_FIR_wrapper_H_inst/CLK
    SLICE_X28Y7          FDRE                                         r  Digital_Freq_Meter_inst/DDC1_inst/ddc_frontend_lowpass_filter_inst_I/N_times_clk_FIR_wrapper_H_inst/data_times_N_reg[2]/C
                         clock pessimism             -0.714     0.940    
                         clock uncertainty           -0.189     0.751    
    SLICE_X28Y7          FDRE (Setup_fdre_C_CE)      -0.169     0.582    Digital_Freq_Meter_inst/DDC1_inst/ddc_frontend_lowpass_filter_inst_I/N_times_clk_FIR_wrapper_H_inst/data_times_N_reg[2]
  -------------------------------------------------------------------
                         required time                          0.582    
                         arrival time                           0.066    
  -------------------------------------------------------------------
                         slack                                  0.648    

Slack (MET) :             0.648ns  (required time - arrival time)
  Source:                 Digital_Freq_Meter_inst/DDC1_inst/ddc_frontend_lowpass_filter_inst_I/N_times_clk_FIR_wrapper_H_inst/flag_times_1_reg/C
                            (rising edge-triggered cell FDRE clocked by pll_adc_clk  {rise@0.000ns fall@4.000ns period=8.000ns})
  Destination:            Digital_Freq_Meter_inst/DDC1_inst/ddc_frontend_lowpass_filter_inst_I/N_times_clk_FIR_wrapper_H_inst/data_times_N_reg[3]/CE
                            (rising edge-triggered cell FDRE clocked by pll_clk_adc_2x  {rise@0.000ns fall@2.000ns period=4.000ns})
  Path Group:             pll_clk_adc_2x
  Path Type:              Setup (Max at Slow Process Corner)
  Requirement:            4.000ns  (pll_clk_adc_2x rise@4.000ns - pll_adc_clk rise@0.000ns)
  Data Path Delay:        2.599ns  (logic 0.716ns (27.553%)  route 1.883ns (72.447%))
  Logic Levels:           1  (LUT2=1)
  Clock Path Skew:        -0.396ns (DCD - SCD + CPR)
    Destination Clock Delay (DCD):    -2.346ns = ( 1.654 - 4.000 ) 
    Source Clock Delay      (SCD):    -2.665ns
    Clock Pessimism Removal (CPR):    -0.714ns
  Clock Uncertainty:      0.189ns  ((TSJ^2 + DJ^2)^1/2) / 2 + PE
    Total System Jitter     (TSJ):    0.071ns
    Discrete Jitter          (DJ):    0.118ns
    Phase Error              (PE):    0.120ns

    Location             Delay type                Incr(ns)  Path(ns)    Netlist Resource(s)
  -------------------------------------------------------------------    -------------------
                         (clock pll_adc_clk rise edge)
                                                      0.000     0.000 r  
    U18                                               0.000     0.000 r  adc_clk_p_i (IN)
                         net (fo=0)                   0.000     0.000    adc_clk_p_i
    U18                  IBUFDS (Prop_ibufds_I_O)     0.983     0.983 r  i_clk/O
                         net (fo=1, routed)           1.306     2.289    pll/adc_clk_in
    PLLE2_ADV_X0Y0       PLLE2_ADV (Prop_plle2_adv_CLKIN1_CLKOUT0)
                                                     -8.533    -6.244 r  pll/pll/CLKOUT0
                         net (fo=1, routed)           1.754    -4.490    lopt_2
    BUFGCTRL_X0Y0        BUFG (Prop_bufg_I_O)         0.101    -4.389 r  bufg_adc_clk/O
                         net (fo=15663, routed)       1.724    -2.665    Digital_Freq_Meter_inst/DDC1_inst/ddc_frontend_lowpass_filter_inst_I/N_times_clk_FIR_wrapper_H_inst/ps_sys_clk
    SLICE_X1Y2           FDRE                                         r  Digital_Freq_Meter_inst/DDC1_inst/ddc_frontend_lowpass_filter_inst_I/N_times_clk_FIR_wrapper_H_inst/flag_times_1_reg/C
  -------------------------------------------------------------------    -------------------
    SLICE_X1Y2           FDRE (Prop_fdre_C_Q)         0.419    -2.246 r  Digital_Freq_Meter_inst/DDC1_inst/ddc_frontend_lowpass_filter_inst_I/N_times_clk_FIR_wrapper_H_inst/flag_times_1_reg/Q
                         net (fo=3, routed)           0.287    -1.959    Digital_Freq_Meter_inst/DDC1_inst/ddc_frontend_lowpass_filter_inst_I/N_times_clk_FIR_wrapper_H_inst/flag_times_1
    SLICE_X1Y2           LUT2 (Prop_lut2_I0_O)        0.297    -1.662 r  Digital_Freq_Meter_inst/DDC1_inst/ddc_frontend_lowpass_filter_inst_I/N_times_clk_FIR_wrapper_H_inst/data_times_N_clk_enable_i_1/O
                         net (fo=17, routed)          1.596    -0.066    Digital_Freq_Meter_inst/DDC1_inst/ddc_frontend_lowpass_filter_inst_I/N_times_clk_FIR_wrapper_H_inst/data_times_N_clk_enable_i_1_n_0
    SLICE_X28Y7          FDRE                                         r  Digital_Freq_Meter_inst/DDC1_inst/ddc_frontend_lowpass_filter_inst_I/N_times_clk_FIR_wrapper_H_inst/data_times_N_reg[3]/CE
  -------------------------------------------------------------------    -------------------

                         (clock pll_clk_adc_2x rise edge)
                                                      4.000     4.000 r  
    U18                                               0.000     4.000 r  adc_clk_p_i (IN)
                         net (fo=0)                   0.000     4.000    adc_clk_p_i
    U18                  IBUFDS (Prop_ibufds_I_O)     0.940     4.940 r  i_clk/O
                         net (fo=1, routed)           1.181     6.121    pll/adc_clk_in
    PLLE2_ADV_X0Y0       PLLE2_ADV (Prop_plle2_adv_CLKIN1_CLKOUT4)
                                                     -7.650    -1.530 r  pll/pll/CLKOUT4
                         net (fo=1, routed)           1.594     0.065    pll_clk_adc_2x
    BUFGCTRL_X0Y1        BUFG (Prop_bufg_I_O)         0.091     0.156 r  bufg_ser_clk/O
                         net (fo=1629, routed)        1.498     1.654    Digital_Freq_Meter_inst/DDC1_inst/ddc_frontend_lowpass_filter_inst_I/N_times_clk_FIR_wrapper_H_inst/CLK
    SLICE_X28Y7          FDRE                                         r  Digital_Freq_Meter_inst/DDC1_inst/ddc_frontend_lowpass_filter_inst_I/N_times_clk_FIR_wrapper_H_inst/data_times_N_reg[3]/C
                         clock pessimism             -0.714     0.940    
                         clock uncertainty           -0.189     0.751    
    SLICE_X28Y7          FDRE (Setup_fdre_C_CE)      -0.169     0.582    Digital_Freq_Meter_inst/DDC1_inst/ddc_frontend_lowpass_filter_inst_I/N_times_clk_FIR_wrapper_H_inst/data_times_N_reg[3]
  -------------------------------------------------------------------
                         required time                          0.582    
                         arrival time                           0.066    
  -------------------------------------------------------------------
                         slack                                  0.648    

Slack (MET) :             0.851ns  (required time - arrival time)
  Source:                 Digital_Freq_Meter_inst/DDC1_inst/ddc_frontend_lowpass_filter_inst_I/N_times_clk_FIR_wrapper_H_inst/flag_times_1_reg/C
                            (rising edge-triggered cell FDRE clocked by pll_adc_clk  {rise@0.000ns fall@4.000ns period=8.000ns})
  Destination:            Digital_Freq_Meter_inst/DDC1_inst/ddc_frontend_lowpass_filter_inst_I/N_times_clk_FIR_wrapper_H_inst/data_times_N_reg[14]/CE
                            (rising edge-triggered cell FDRE clocked by pll_clk_adc_2x  {rise@0.000ns fall@2.000ns period=4.000ns})
  Path Group:             pll_clk_adc_2x
  Path Type:              Setup (Max at Slow Process Corner)
  Requirement:            4.000ns  (pll_clk_adc_2x rise@4.000ns - pll_adc_clk rise@0.000ns)
  Data Path Delay:        2.396ns  (logic 0.716ns (29.880%)  route 1.680ns (70.120%))
  Logic Levels:           1  (LUT2=1)
  Clock Path Skew:        -0.395ns (DCD - SCD + CPR)
    Destination Clock Delay (DCD):    -2.345ns = ( 1.655 - 4.000 ) 
    Source Clock Delay      (SCD):    -2.665ns
    Clock Pessimism Removal (CPR):    -0.714ns
  Clock Uncertainty:      0.189ns  ((TSJ^2 + DJ^2)^1/2) / 2 + PE
    Total System Jitter     (TSJ):    0.071ns
    Discrete Jitter          (DJ):    0.118ns
    Phase Error              (PE):    0.120ns

    Location             Delay type                Incr(ns)  Path(ns)    Netlist Resource(s)
  -------------------------------------------------------------------    -------------------
                         (clock pll_adc_clk rise edge)
                                                      0.000     0.000 r  
    U18                                               0.000     0.000 r  adc_clk_p_i (IN)
                         net (fo=0)                   0.000     0.000    adc_clk_p_i
    U18                  IBUFDS (Prop_ibufds_I_O)     0.983     0.983 r  i_clk/O
                         net (fo=1, routed)           1.306     2.289    pll/adc_clk_in
    PLLE2_ADV_X0Y0       PLLE2_ADV (Prop_plle2_adv_CLKIN1_CLKOUT0)
                                                     -8.533    -6.244 r  pll/pll/CLKOUT0
                         net (fo=1, routed)           1.754    -4.490    lopt_2
    BUFGCTRL_X0Y0        BUFG (Prop_bufg_I_O)         0.101    -4.389 r  bufg_adc_clk/O
                         net (fo=15663, routed)       1.724    -2.665    Digital_Freq_Meter_inst/DDC1_inst/ddc_frontend_lowpass_filter_inst_I/N_times_clk_FIR_wrapper_H_inst/ps_sys_clk
    SLICE_X1Y2           FDRE                                         r  Digital_Freq_Meter_inst/DDC1_inst/ddc_frontend_lowpass_filter_inst_I/N_times_clk_FIR_wrapper_H_inst/flag_times_1_reg/C
  -------------------------------------------------------------------    -------------------
    SLICE_X1Y2           FDRE (Prop_fdre_C_Q)         0.419    -2.246 r  Digital_Freq_Meter_inst/DDC1_inst/ddc_frontend_lowpass_filter_inst_I/N_times_clk_FIR_wrapper_H_inst/flag_times_1_reg/Q
                         net (fo=3, routed)           0.287    -1.959    Digital_Freq_Meter_inst/DDC1_inst/ddc_frontend_lowpass_filter_inst_I/N_times_clk_FIR_wrapper_H_inst/flag_times_1
    SLICE_X1Y2           LUT2 (Prop_lut2_I0_O)        0.297    -1.662 r  Digital_Freq_Meter_inst/DDC1_inst/ddc_frontend_lowpass_filter_inst_I/N_times_clk_FIR_wrapper_H_inst/data_times_N_clk_enable_i_1/O
                         net (fo=17, routed)          1.394    -0.269    Digital_Freq_Meter_inst/DDC1_inst/ddc_frontend_lowpass_filter_inst_I/N_times_clk_FIR_wrapper_H_inst/data_times_N_clk_enable_i_1_n_0
    SLICE_X16Y8          FDRE                                         r  Digital_Freq_Meter_inst/DDC1_inst/ddc_frontend_lowpass_filter_inst_I/N_times_clk_FIR_wrapper_H_inst/data_times_N_reg[14]/CE
  -------------------------------------------------------------------    -------------------

                         (clock pll_clk_adc_2x rise edge)
                                                      4.000     4.000 r  
    U18                                               0.000     4.000 r  adc_clk_p_i (IN)
                         net (fo=0)                   0.000     4.000    adc_clk_p_i
    U18                  IBUFDS (Prop_ibufds_I_O)     0.940     4.940 r  i_clk/O
                         net (fo=1, routed)           1.181     6.121    pll/adc_clk_in
    PLLE2_ADV_X0Y0       PLLE2_ADV (Prop_plle2_adv_CLKIN1_CLKOUT4)
                                                     -7.650    -1.530 r  pll/pll/CLKOUT4
                         net (fo=1, routed)           1.594     0.065    pll_clk_adc_2x
    BUFGCTRL_X0Y1        BUFG (Prop_bufg_I_O)         0.091     0.156 r  bufg_ser_clk/O
                         net (fo=1629, routed)        1.499     1.655    Digital_Freq_Meter_inst/DDC1_inst/ddc_frontend_lowpass_filter_inst_I/N_times_clk_FIR_wrapper_H_inst/CLK
    SLICE_X16Y8          FDRE                                         r  Digital_Freq_Meter_inst/DDC1_inst/ddc_frontend_lowpass_filter_inst_I/N_times_clk_FIR_wrapper_H_inst/data_times_N_reg[14]/C
                         clock pessimism             -0.714     0.941    
                         clock uncertainty           -0.189     0.752    
    SLICE_X16Y8          FDRE (Setup_fdre_C_CE)      -0.169     0.583    Digital_Freq_Meter_inst/DDC1_inst/ddc_frontend_lowpass_filter_inst_I/N_times_clk_FIR_wrapper_H_inst/data_times_N_reg[14]
  -------------------------------------------------------------------
                         required time                          0.583    
                         arrival time                           0.269    
  -------------------------------------------------------------------
                         slack                                  0.851    

Slack (MET) :             0.851ns  (required time - arrival time)
  Source:                 Digital_Freq_Meter_inst/DDC1_inst/ddc_frontend_lowpass_filter_inst_I/N_times_clk_FIR_wrapper_H_inst/flag_times_1_reg/C
                            (rising edge-triggered cell FDRE clocked by pll_adc_clk  {rise@0.000ns fall@4.000ns period=8.000ns})
  Destination:            Digital_Freq_Meter_inst/DDC1_inst/ddc_frontend_lowpass_filter_inst_I/N_times_clk_FIR_wrapper_H_inst/data_times_N_reg[15]/CE
                            (rising edge-triggered cell FDRE clocked by pll_clk_adc_2x  {rise@0.000ns fall@2.000ns period=4.000ns})
  Path Group:             pll_clk_adc_2x
  Path Type:              Setup (Max at Slow Process Corner)
  Requirement:            4.000ns  (pll_clk_adc_2x rise@4.000ns - pll_adc_clk rise@0.000ns)
  Data Path Delay:        2.396ns  (logic 0.716ns (29.880%)  route 1.680ns (70.120%))
  Logic Levels:           1  (LUT2=1)
  Clock Path Skew:        -0.395ns (DCD - SCD + CPR)
    Destination Clock Delay (DCD):    -2.345ns = ( 1.655 - 4.000 ) 
    Source Clock Delay      (SCD):    -2.665ns
    Clock Pessimism Removal (CPR):    -0.714ns
  Clock Uncertainty:      0.189ns  ((TSJ^2 + DJ^2)^1/2) / 2 + PE
    Total System Jitter     (TSJ):    0.071ns
    Discrete Jitter          (DJ):    0.118ns
    Phase Error              (PE):    0.120ns

    Location             Delay type                Incr(ns)  Path(ns)    Netlist Resource(s)
  -------------------------------------------------------------------    -------------------
                         (clock pll_adc_clk rise edge)
                                                      0.000     0.000 r  
    U18                                               0.000     0.000 r  adc_clk_p_i (IN)
                         net (fo=0)                   0.000     0.000    adc_clk_p_i
    U18                  IBUFDS (Prop_ibufds_I_O)     0.983     0.983 r  i_clk/O
                         net (fo=1, routed)           1.306     2.289    pll/adc_clk_in
    PLLE2_ADV_X0Y0       PLLE2_ADV (Prop_plle2_adv_CLKIN1_CLKOUT0)
                                                     -8.533    -6.244 r  pll/pll/CLKOUT0
                         net (fo=1, routed)           1.754    -4.490    lopt_2
    BUFGCTRL_X0Y0        BUFG (Prop_bufg_I_O)         0.101    -4.389 r  bufg_adc_clk/O
                         net (fo=15663, routed)       1.724    -2.665    Digital_Freq_Meter_inst/DDC1_inst/ddc_frontend_lowpass_filter_inst_I/N_times_clk_FIR_wrapper_H_inst/ps_sys_clk
    SLICE_X1Y2           FDRE                                         r  Digital_Freq_Meter_inst/DDC1_inst/ddc_frontend_lowpass_filter_inst_I/N_times_clk_FIR_wrapper_H_inst/flag_times_1_reg/C
  -------------------------------------------------------------------    -------------------
    SLICE_X1Y2           FDRE (Prop_fdre_C_Q)         0.419    -2.246 r  Digital_Freq_Meter_inst/DDC1_inst/ddc_frontend_lowpass_filter_inst_I/N_times_clk_FIR_wrapper_H_inst/flag_times_1_reg/Q
                         net (fo=3, routed)           0.287    -1.959    Digital_Freq_Meter_inst/DDC1_inst/ddc_frontend_lowpass_filter_inst_I/N_times_clk_FIR_wrapper_H_inst/flag_times_1
    SLICE_X1Y2           LUT2 (Prop_lut2_I0_O)        0.297    -1.662 r  Digital_Freq_Meter_inst/DDC1_inst/ddc_frontend_lowpass_filter_inst_I/N_times_clk_FIR_wrapper_H_inst/data_times_N_clk_enable_i_1/O
                         net (fo=17, routed)          1.394    -0.269    Digital_Freq_Meter_inst/DDC1_inst/ddc_frontend_lowpass_filter_inst_I/N_times_clk_FIR_wrapper_H_inst/data_times_N_clk_enable_i_1_n_0
    SLICE_X16Y8          FDRE                                         r  Digital_Freq_Meter_inst/DDC1_inst/ddc_frontend_lowpass_filter_inst_I/N_times_clk_FIR_wrapper_H_inst/data_times_N_reg[15]/CE
  -------------------------------------------------------------------    -------------------

                         (clock pll_clk_adc_2x rise edge)
                                                      4.000     4.000 r  
    U18                                               0.000     4.000 r  adc_clk_p_i (IN)
                         net (fo=0)                   0.000     4.000    adc_clk_p_i
    U18                  IBUFDS (Prop_ibufds_I_O)     0.940     4.940 r  i_clk/O
                         net (fo=1, routed)           1.181     6.121    pll/adc_clk_in
    PLLE2_ADV_X0Y0       PLLE2_ADV (Prop_plle2_adv_CLKIN1_CLKOUT4)
                                                     -7.650    -1.530 r  pll/pll/CLKOUT4
                         net (fo=1, routed)           1.594     0.065    pll_clk_adc_2x
    BUFGCTRL_X0Y1        BUFG (Prop_bufg_I_O)         0.091     0.156 r  bufg_ser_clk/O
                         net (fo=1629, routed)        1.499     1.655    Digital_Freq_Meter_inst/DDC1_inst/ddc_frontend_lowpass_filter_inst_I/N_times_clk_FIR_wrapper_H_inst/CLK
    SLICE_X16Y8          FDRE                                         r  Digital_Freq_Meter_inst/DDC1_inst/ddc_frontend_lowpass_filter_inst_I/N_times_clk_FIR_wrapper_H_inst/data_times_N_reg[15]/C
                         clock pessimism             -0.714     0.941    
                         clock uncertainty           -0.189     0.752    
    SLICE_X16Y8          FDRE (Setup_fdre_C_CE)      -0.169     0.583    Digital_Freq_Meter_inst/DDC1_inst/ddc_frontend_lowpass_filter_inst_I/N_times_clk_FIR_wrapper_H_inst/data_times_N_reg[15]
  -------------------------------------------------------------------
                         required time                          0.583    
                         arrival time                           0.269    
  -------------------------------------------------------------------
                         slack                                  0.851    

Slack (MET) :             1.140ns  (required time - arrival time)
  Source:                 Digital_Freq_Meter_inst/DDC1_inst/ddc_frontend_lowpass_filter_inst_I/N_times_clk_FIR_wrapper_H_inst/flag_times_1_reg/C
                            (rising edge-triggered cell FDRE clocked by pll_adc_clk  {rise@0.000ns fall@4.000ns period=8.000ns})
  Destination:            Digital_Freq_Meter_inst/DDC1_inst/ddc_frontend_lowpass_filter_inst_I/N_times_clk_FIR_wrapper_H_inst/data_times_N_clk_enable_reg/D
                            (rising edge-triggered cell FDRE clocked by pll_clk_adc_2x  {rise@0.000ns fall@2.000ns period=4.000ns})
  Path Group:             pll_clk_adc_2x
  Path Type:              Setup (Max at Slow Process Corner)
  Requirement:            4.000ns  (pll_clk_adc_2x rise@4.000ns - pll_adc_clk rise@0.000ns)
  Data Path Delay:        2.192ns  (logic 0.716ns (32.664%)  route 1.476ns (67.336%))
  Logic Levels:           1  (LUT2=1)
  Clock Path Skew:        -0.387ns (DCD - SCD + CPR)
    Destination Clock Delay (DCD):    -2.337ns = ( 1.663 - 4.000 ) 
    Source Clock Delay      (SCD):    -2.665ns
    Clock Pessimism Removal (CPR):    -0.714ns
  Clock Uncertainty:      0.189ns  ((TSJ^2 + DJ^2)^1/2) / 2 + PE
    Total System Jitter     (TSJ):    0.071ns
    Discrete Jitter          (DJ):    0.118ns
    Phase Error              (PE):    0.120ns

    Location             Delay type                Incr(ns)  Path(ns)    Netlist Resource(s)
  -------------------------------------------------------------------    -------------------
                         (clock pll_adc_clk rise edge)
                                                      0.000     0.000 r  
    U18                                               0.000     0.000 r  adc_clk_p_i (IN)
                         net (fo=0)                   0.000     0.000    adc_clk_p_i
    U18                  IBUFDS (Prop_ibufds_I_O)     0.983     0.983 r  i_clk/O
                         net (fo=1, routed)           1.306     2.289    pll/adc_clk_in
    PLLE2_ADV_X0Y0       PLLE2_ADV (Prop_plle2_adv_CLKIN1_CLKOUT0)
                                                     -8.533    -6.244 r  pll/pll/CLKOUT0
                         net (fo=1, routed)           1.754    -4.490    lopt_2
    BUFGCTRL_X0Y0        BUFG (Prop_bufg_I_O)         0.101    -4.389 r  bufg_adc_clk/O
                         net (fo=15663, routed)       1.724    -2.665    Digital_Freq_Meter_inst/DDC1_inst/ddc_frontend_lowpass_filter_inst_I/N_times_clk_FIR_wrapper_H_inst/ps_sys_clk
    SLICE_X1Y2           FDRE                                         r  Digital_Freq_Meter_inst/DDC1_inst/ddc_frontend_lowpass_filter_inst_I/N_times_clk_FIR_wrapper_H_inst/flag_times_1_reg/C
  -------------------------------------------------------------------    -------------------
    SLICE_X1Y2           FDRE (Prop_fdre_C_Q)         0.419    -2.246 r  Digital_Freq_Meter_inst/DDC1_inst/ddc_frontend_lowpass_filter_inst_I/N_times_clk_FIR_wrapper_H_inst/flag_times_1_reg/Q
                         net (fo=3, routed)           0.287    -1.959    Digital_Freq_Meter_inst/DDC1_inst/ddc_frontend_lowpass_filter_inst_I/N_times_clk_FIR_wrapper_H_inst/flag_times_1
    SLICE_X1Y2           LUT2 (Prop_lut2_I0_O)        0.297    -1.662 r  Digital_Freq_Meter_inst/DDC1_inst/ddc_frontend_lowpass_filter_inst_I/N_times_clk_FIR_wrapper_H_inst/data_times_N_clk_enable_i_1/O
                         net (fo=17, routed)          1.189    -0.473    Digital_Freq_Meter_inst/DDC1_inst/ddc_frontend_lowpass_filter_inst_I/N_times_clk_FIR_wrapper_H_inst/data_times_N_clk_enable_i_1_n_0
    SLICE_X13Y5          FDRE                                         r  Digital_Freq_Meter_inst/DDC1_inst/ddc_frontend_lowpass_filter_inst_I/N_times_clk_FIR_wrapper_H_inst/data_times_N_clk_enable_reg/D
  -------------------------------------------------------------------    -------------------

                         (clock pll_clk_adc_2x rise edge)
                                                      4.000     4.000 r  
    U18                                               0.000     4.000 r  adc_clk_p_i (IN)
                         net (fo=0)                   0.000     4.000    adc_clk_p_i
    U18                  IBUFDS (Prop_ibufds_I_O)     0.940     4.940 r  i_clk/O
                         net (fo=1, routed)           1.181     6.121    pll/adc_clk_in
    PLLE2_ADV_X0Y0       PLLE2_ADV (Prop_plle2_adv_CLKIN1_CLKOUT4)
                                                     -7.650    -1.530 r  pll/pll/CLKOUT4
                         net (fo=1, routed)           1.594     0.065    pll_clk_adc_2x
    BUFGCTRL_X0Y1        BUFG (Prop_bufg_I_O)         0.091     0.156 r  bufg_ser_clk/O
                         net (fo=1629, routed)        1.507     1.663    Digital_Freq_Meter_inst/DDC1_inst/ddc_frontend_lowpass_filter_inst_I/N_times_clk_FIR_wrapper_H_inst/CLK
    SLICE_X13Y5          FDRE                                         r  Digital_Freq_Meter_inst/DDC1_inst/ddc_frontend_lowpass_filter_inst_I/N_times_clk_FIR_wrapper_H_inst/data_times_N_clk_enable_reg/C
                         clock pessimism             -0.714     0.949    
                         clock uncertainty           -0.189     0.760    
    SLICE_X13Y5          FDRE (Setup_fdre_C_D)       -0.093     0.667    Digital_Freq_Meter_inst/DDC1_inst/ddc_frontend_lowpass_filter_inst_I/N_times_clk_FIR_wrapper_H_inst/data_times_N_clk_enable_reg
  -------------------------------------------------------------------
                         required time                          0.667    
                         arrival time                           0.473    
  -------------------------------------------------------------------
                         slack                                  1.140    





Min Delay Paths
--------------------------------------------------------------------------------------
Slack (MET) :             0.114ns  (arrival time - required time)
  Source:                 Digital_Freq_Meter_inst/DDC1_inst/ddc_frontend_lowpass_filter_inst_I/N_times_clk_FIR_wrapper_H_inst/flag_times_1_reg/C
                            (rising edge-triggered cell FDRE clocked by pll_adc_clk  {rise@0.000ns fall@4.000ns period=8.000ns})
  Destination:            Digital_Freq_Meter_inst/DDC1_inst/ddc_frontend_lowpass_filter_inst_I/N_times_clk_FIR_wrapper_H_inst/data_times_N_reg[4]/CE
                            (rising edge-triggered cell FDRE clocked by pll_clk_adc_2x  {rise@0.000ns fall@2.000ns period=4.000ns})
  Path Group:             pll_clk_adc_2x
  Path Type:              Hold (Min at Fast Process Corner)
  Requirement:            0.000ns  (pll_clk_adc_2x rise@0.000ns - pll_adc_clk rise@0.000ns)
  Data Path Delay:        0.583ns  (logic 0.226ns (38.746%)  route 0.357ns (61.254%))
  Logic Levels:           1  (LUT2=1)
  Clock Path Skew:        0.319ns (DCD - SCD - CPR)
    Destination Clock Delay (DCD):    -0.206ns
    Source Clock Delay      (SCD):    -0.286ns
    Clock Pessimism Removal (CPR):    -0.239ns
  Clock Uncertainty:      0.189ns  ((TSJ^2 + DJ^2)^1/2) / 2 + PE
    Total System Jitter     (TSJ):    0.071ns
    Discrete Jitter          (DJ):    0.118ns
    Phase Error              (PE):    0.120ns

    Location             Delay type                Incr(ns)  Path(ns)    Netlist Resource(s)
  -------------------------------------------------------------------    -------------------
                         (clock pll_adc_clk rise edge)
                                                      0.000     0.000 r  
    U18                                               0.000     0.000 r  adc_clk_p_i (IN)
                         net (fo=0)                   0.000     0.000    adc_clk_p_i
    U18                  IBUFDS (Prop_ibufds_I_O)     0.401     0.401 r  i_clk/O
                         net (fo=1, routed)           0.440     0.842    pll/adc_clk_in
    PLLE2_ADV_X0Y0       PLLE2_ADV (Prop_plle2_adv_CLKIN1_CLKOUT0)
                                                     -2.234    -1.393 r  pll/pll/CLKOUT0
                         net (fo=1, routed)           0.497    -0.896    lopt_2
    BUFGCTRL_X0Y0        BUFG (Prop_bufg_I_O)         0.026    -0.870 r  bufg_adc_clk/O
                         net (fo=15663, routed)       0.584    -0.286    Digital_Freq_Meter_inst/DDC1_inst/ddc_frontend_lowpass_filter_inst_I/N_times_clk_FIR_wrapper_H_inst/ps_sys_clk
    SLICE_X1Y2           FDRE                                         r  Digital_Freq_Meter_inst/DDC1_inst/ddc_frontend_lowpass_filter_inst_I/N_times_clk_FIR_wrapper_H_inst/flag_times_1_reg/C
  -------------------------------------------------------------------    -------------------
    SLICE_X1Y2           FDRE (Prop_fdre_C_Q)         0.128    -0.158 r  Digital_Freq_Meter_inst/DDC1_inst/ddc_frontend_lowpass_filter_inst_I/N_times_clk_FIR_wrapper_H_inst/flag_times_1_reg/Q
                         net (fo=3, routed)           0.105    -0.054    Digital_Freq_Meter_inst/DDC1_inst/ddc_frontend_lowpass_filter_inst_I/N_times_clk_FIR_wrapper_H_inst/flag_times_1
    SLICE_X1Y2           LUT2 (Prop_lut2_I0_O)        0.098     0.044 r  Digital_Freq_Meter_inst/DDC1_inst/ddc_frontend_lowpass_filter_inst_I/N_times_clk_FIR_wrapper_H_inst/data_times_N_clk_enable_i_1/O
                         net (fo=17, routed)          0.253     0.297    Digital_Freq_Meter_inst/DDC1_inst/ddc_frontend_lowpass_filter_inst_I/N_times_clk_FIR_wrapper_H_inst/data_times_N_clk_enable_i_1_n_0
    SLICE_X3Y6           FDRE                                         r  Digital_Freq_Meter_inst/DDC1_inst/ddc_frontend_lowpass_filter_inst_I/N_times_clk_FIR_wrapper_H_inst/data_times_N_reg[4]/CE
  -------------------------------------------------------------------    -------------------

                         (clock pll_clk_adc_2x rise edge)
                                                      0.000     0.000 r  
    U18                                               0.000     0.000 r  adc_clk_p_i (IN)
                         net (fo=0)                   0.000     0.000    adc_clk_p_i
    U18                  IBUFDS (Prop_ibufds_I_O)     0.433     0.433 r  i_clk/O
                         net (fo=1, routed)           0.481     0.914    pll/adc_clk_in
    PLLE2_ADV_X0Y0       PLLE2_ADV (Prop_plle2_adv_CLKIN1_CLKOUT4)
                                                     -2.546    -1.632 r  pll/pll/CLKOUT4
                         net (fo=1, routed)           0.544    -1.088    pll_clk_adc_2x
    BUFGCTRL_X0Y1        BUFG (Prop_bufg_I_O)         0.029    -1.059 r  bufg_ser_clk/O
                         net (fo=1629, routed)        0.853    -0.206    Digital_Freq_Meter_inst/DDC1_inst/ddc_frontend_lowpass_filter_inst_I/N_times_clk_FIR_wrapper_H_inst/CLK
    SLICE_X3Y6           FDRE                                         r  Digital_Freq_Meter_inst/DDC1_inst/ddc_frontend_lowpass_filter_inst_I/N_times_clk_FIR_wrapper_H_inst/data_times_N_reg[4]/C
                         clock pessimism              0.239     0.033    
                         clock uncertainty            0.189     0.222    
    SLICE_X3Y6           FDRE (Hold_fdre_C_CE)       -0.039     0.183    Digital_Freq_Meter_inst/DDC1_inst/ddc_frontend_lowpass_filter_inst_I/N_times_clk_FIR_wrapper_H_inst/data_times_N_reg[4]
  -------------------------------------------------------------------
                         required time                         -0.183    
                         arrival time                           0.297    
  -------------------------------------------------------------------
                         slack                                  0.114    

Slack (MET) :             0.129ns  (arrival time - required time)
  Source:                 Digital_Freq_Meter_inst/DDC1_inst/ddc_frontend_lowpass_filter_inst_I/boxcar_2_pts_filter_inst3/sum_register_reg[14]/C
                            (rising edge-triggered cell FDRE clocked by pll_adc_clk  {rise@0.000ns fall@4.000ns period=8.000ns})
  Destination:            Digital_Freq_Meter_inst/DDC1_inst/ddc_frontend_lowpass_filter_inst_I/N_times_clk_FIR_wrapper_H_inst/data_times_N_reg[14]/D
                            (rising edge-triggered cell FDRE clocked by pll_clk_adc_2x  {rise@0.000ns fall@2.000ns period=4.000ns})
  Path Group:             pll_clk_adc_2x
  Path Type:              Hold (Min at Fast Process Corner)
  Requirement:            0.000ns  (pll_clk_adc_2x rise@0.000ns - pll_adc_clk rise@0.000ns)
  Data Path Delay:        0.727ns  (logic 0.164ns (22.566%)  route 0.563ns (77.434%))
  Logic Levels:           0  
  Clock Path Skew:        0.319ns (DCD - SCD - CPR)
    Destination Clock Delay (DCD):    -0.229ns
    Source Clock Delay      (SCD):    -0.309ns
    Clock Pessimism Removal (CPR):    -0.239ns
  Clock Uncertainty:      0.189ns  ((TSJ^2 + DJ^2)^1/2) / 2 + PE
    Total System Jitter     (TSJ):    0.071ns
    Discrete Jitter          (DJ):    0.118ns
    Phase Error              (PE):    0.120ns

    Location             Delay type                Incr(ns)  Path(ns)    Netlist Resource(s)
  -------------------------------------------------------------------    -------------------
                         (clock pll_adc_clk rise edge)
                                                      0.000     0.000 r  
    U18                                               0.000     0.000 r  adc_clk_p_i (IN)
                         net (fo=0)                   0.000     0.000    adc_clk_p_i
    U18                  IBUFDS (Prop_ibufds_I_O)     0.401     0.401 r  i_clk/O
                         net (fo=1, routed)           0.440     0.842    pll/adc_clk_in
    PLLE2_ADV_X0Y0       PLLE2_ADV (Prop_plle2_adv_CLKIN1_CLKOUT0)
                                                     -2.234    -1.393 r  pll/pll/CLKOUT0
                         net (fo=1, routed)           0.497    -0.896    lopt_2
    BUFGCTRL_X0Y0        BUFG (Prop_bufg_I_O)         0.026    -0.870 r  bufg_adc_clk/O
                         net (fo=15663, routed)       0.561    -0.309    Digital_Freq_Meter_inst/DDC1_inst/ddc_frontend_lowpass_filter_inst_I/boxcar_2_pts_filter_inst3/ps_sys_clk
    SLICE_X28Y11         FDRE                                         r  Digital_Freq_Meter_inst/DDC1_inst/ddc_frontend_lowpass_filter_inst_I/boxcar_2_pts_filter_inst3/sum_register_reg[14]/C
  -------------------------------------------------------------------    -------------------
    SLICE_X28Y11         FDRE (Prop_fdre_C_Q)         0.164    -0.145 r  Digital_Freq_Meter_inst/DDC1_inst/ddc_frontend_lowpass_filter_inst_I/boxcar_2_pts_filter_inst3/sum_register_reg[14]/Q
                         net (fo=1, routed)           0.563     0.417    Digital_Freq_Meter_inst/DDC1_inst/ddc_frontend_lowpass_filter_inst_I/N_times_clk_FIR_wrapper_H_inst/data_times_N_reg[15]_0[14]
    SLICE_X16Y8          FDRE                                         r  Digital_Freq_Meter_inst/DDC1_inst/ddc_frontend_lowpass_filter_inst_I/N_times_clk_FIR_wrapper_H_inst/data_times_N_reg[14]/D
  -------------------------------------------------------------------    -------------------

                         (clock pll_clk_adc_2x rise edge)
                                                      0.000     0.000 r  
    U18                                               0.000     0.000 r  adc_clk_p_i (IN)
                         net (fo=0)                   0.000     0.000    adc_clk_p_i
    U18                  IBUFDS (Prop_ibufds_I_O)     0.433     0.433 r  i_clk/O
                         net (fo=1, routed)           0.481     0.914    pll/adc_clk_in
    PLLE2_ADV_X0Y0       PLLE2_ADV (Prop_plle2_adv_CLKIN1_CLKOUT4)
                                                     -2.546    -1.632 r  pll/pll/CLKOUT4
                         net (fo=1, routed)           0.544    -1.088    pll_clk_adc_2x
    BUFGCTRL_X0Y1        BUFG (Prop_bufg_I_O)         0.029    -1.059 r  bufg_ser_clk/O
                         net (fo=1629, routed)        0.830    -0.229    Digital_Freq_Meter_inst/DDC1_inst/ddc_frontend_lowpass_filter_inst_I/N_times_clk_FIR_wrapper_H_inst/CLK
    SLICE_X16Y8          FDRE                                         r  Digital_Freq_Meter_inst/DDC1_inst/ddc_frontend_lowpass_filter_inst_I/N_times_clk_FIR_wrapper_H_inst/data_times_N_reg[14]/C
                         clock pessimism              0.239     0.010    
                         clock uncertainty            0.189     0.199    
    SLICE_X16Y8          FDRE (Hold_fdre_C_D)         0.089     0.288    Digital_Freq_Meter_inst/DDC1_inst/ddc_frontend_lowpass_filter_inst_I/N_times_clk_FIR_wrapper_H_inst/data_times_N_reg[14]
  -------------------------------------------------------------------
                         required time                         -0.288    
                         arrival time                           0.417    
  -------------------------------------------------------------------
                         slack                                  0.129    

Slack (MET) :             0.155ns  (arrival time - required time)
  Source:                 Digital_Freq_Meter_inst/DDC1_inst/ddc_frontend_lowpass_filter_inst_Q/boxcar_2_pts_filter_inst3/sum_register_reg[12]/C
                            (rising edge-triggered cell FDRE clocked by pll_adc_clk  {rise@0.000ns fall@4.000ns period=8.000ns})
  Destination:            Digital_Freq_Meter_inst/DDC1_inst/ddc_frontend_lowpass_filter_inst_Q/N_times_clk_FIR_wrapper_H_inst/data_times_N_reg[12]/D
                            (rising edge-triggered cell FDRE clocked by pll_clk_adc_2x  {rise@0.000ns fall@2.000ns period=4.000ns})
  Path Group:             pll_clk_adc_2x
  Path Type:              Hold (Min at Fast Process Corner)
  Requirement:            0.000ns  (pll_clk_adc_2x rise@0.000ns - pll_adc_clk rise@0.000ns)
  Data Path Delay:        0.709ns  (logic 0.164ns (23.128%)  route 0.545ns (76.872%))
  Logic Levels:           0  
  Clock Path Skew:        0.318ns (DCD - SCD - CPR)
    Destination Clock Delay (DCD):    -0.229ns
    Source Clock Delay      (SCD):    -0.308ns
    Clock Pessimism Removal (CPR):    -0.239ns
  Clock Uncertainty:      0.189ns  ((TSJ^2 + DJ^2)^1/2) / 2 + PE
    Total System Jitter     (TSJ):    0.071ns
    Discrete Jitter          (DJ):    0.118ns
    Phase Error              (PE):    0.120ns

    Location             Delay type                Incr(ns)  Path(ns)    Netlist Resource(s)
  -------------------------------------------------------------------    -------------------
                         (clock pll_adc_clk rise edge)
                                                      0.000     0.000 r  
    U18                                               0.000     0.000 r  adc_clk_p_i (IN)
                         net (fo=0)                   0.000     0.000    adc_clk_p_i
    U18                  IBUFDS (Prop_ibufds_I_O)     0.401     0.401 r  i_clk/O
                         net (fo=1, routed)           0.440     0.842    pll/adc_clk_in
    PLLE2_ADV_X0Y0       PLLE2_ADV (Prop_plle2_adv_CLKIN1_CLKOUT0)
                                                     -2.234    -1.393 r  pll/pll/CLKOUT0
                         net (fo=1, routed)           0.497    -0.896    lopt_2
    BUFGCTRL_X0Y0        BUFG (Prop_bufg_I_O)         0.026    -0.870 r  bufg_adc_clk/O
                         net (fo=15663, routed)       0.562    -0.308    Digital_Freq_Meter_inst/DDC1_inst/ddc_frontend_lowpass_filter_inst_Q/boxcar_2_pts_filter_inst3/ps_sys_clk
    SLICE_X30Y9          FDRE                                         r  Digital_Freq_Meter_inst/DDC1_inst/ddc_frontend_lowpass_filter_inst_Q/boxcar_2_pts_filter_inst3/sum_register_reg[12]/C
  -------------------------------------------------------------------    -------------------
    SLICE_X30Y9          FDRE (Prop_fdre_C_Q)         0.164    -0.144 r  Digital_Freq_Meter_inst/DDC1_inst/ddc_frontend_lowpass_filter_inst_Q/boxcar_2_pts_filter_inst3/sum_register_reg[12]/Q
                         net (fo=1, routed)           0.545     0.401    Digital_Freq_Meter_inst/DDC1_inst/ddc_frontend_lowpass_filter_inst_Q/N_times_clk_FIR_wrapper_H_inst/data_times_N_reg[15]_0[12]
    SLICE_X31Y7          FDRE                                         r  Digital_Freq_Meter_inst/DDC1_inst/ddc_frontend_lowpass_filter_inst_Q/N_times_clk_FIR_wrapper_H_inst/data_times_N_reg[12]/D
  -------------------------------------------------------------------    -------------------

                         (clock pll_clk_adc_2x rise edge)
                                                      0.000     0.000 r  
    U18                                               0.000     0.000 r  adc_clk_p_i (IN)
                         net (fo=0)                   0.000     0.000    adc_clk_p_i
    U18                  IBUFDS (Prop_ibufds_I_O)     0.433     0.433 r  i_clk/O
                         net (fo=1, routed)           0.481     0.914    pll/adc_clk_in
    PLLE2_ADV_X0Y0       PLLE2_ADV (Prop_plle2_adv_CLKIN1_CLKOUT4)
                                                     -2.546    -1.632 r  pll/pll/CLKOUT4
                         net (fo=1, routed)           0.544    -1.088    pll_clk_adc_2x
    BUFGCTRL_X0Y1        BUFG (Prop_bufg_I_O)         0.029    -1.059 r  bufg_ser_clk/O
                         net (fo=1629, routed)        0.830    -0.229    Digital_Freq_Meter_inst/DDC1_inst/ddc_frontend_lowpass_filter_inst_Q/N_times_clk_FIR_wrapper_H_inst/CLK
    SLICE_X31Y7          FDRE                                         r  Digital_Freq_Meter_inst/DDC1_inst/ddc_frontend_lowpass_filter_inst_Q/N_times_clk_FIR_wrapper_H_inst/data_times_N_reg[12]/C
                         clock pessimism              0.239     0.010    
                         clock uncertainty            0.189     0.199    
    SLICE_X31Y7          FDRE (Hold_fdre_C_D)         0.047     0.246    Digital_Freq_Meter_inst/DDC1_inst/ddc_frontend_lowpass_filter_inst_Q/N_times_clk_FIR_wrapper_H_inst/data_times_N_reg[12]
  -------------------------------------------------------------------
                         required time                         -0.246    
                         arrival time                           0.401    
  -------------------------------------------------------------------
                         slack                                  0.155    

Slack (MET) :             0.159ns  (arrival time - required time)
  Source:                 Digital_Freq_Meter_inst/DDC1_inst/ddc_frontend_lowpass_filter_inst_I/boxcar_2_pts_filter_inst3/sum_register_reg[1]/C
                            (rising edge-triggered cell FDRE clocked by pll_adc_clk  {rise@0.000ns fall@4.000ns period=8.000ns})
  Destination:            Digital_Freq_Meter_inst/DDC1_inst/ddc_frontend_lowpass_filter_inst_I/N_times_clk_FIR_wrapper_H_inst/data_times_N_reg[1]/D
                            (rising edge-triggered cell FDRE clocked by pll_clk_adc_2x  {rise@0.000ns fall@2.000ns period=4.000ns})
  Path Group:             pll_clk_adc_2x
  Path Type:              Hold (Min at Fast Process Corner)
  Requirement:            0.000ns  (pll_clk_adc_2x rise@0.000ns - pll_adc_clk rise@0.000ns)
  Data Path Delay:        0.725ns  (logic 0.164ns (22.629%)  route 0.561ns (77.371%))
  Logic Levels:           0  
  Clock Path Skew:        0.318ns (DCD - SCD - CPR)
    Destination Clock Delay (DCD):    -0.229ns
    Source Clock Delay      (SCD):    -0.308ns
    Clock Pessimism Removal (CPR):    -0.239ns
  Clock Uncertainty:      0.189ns  ((TSJ^2 + DJ^2)^1/2) / 2 + PE
    Total System Jitter     (TSJ):    0.071ns
    Discrete Jitter          (DJ):    0.118ns
    Phase Error              (PE):    0.120ns

    Location             Delay type                Incr(ns)  Path(ns)    Netlist Resource(s)
  -------------------------------------------------------------------    -------------------
                         (clock pll_adc_clk rise edge)
                                                      0.000     0.000 r  
    U18                                               0.000     0.000 r  adc_clk_p_i (IN)
                         net (fo=0)                   0.000     0.000    adc_clk_p_i
    U18                  IBUFDS (Prop_ibufds_I_O)     0.401     0.401 r  i_clk/O
                         net (fo=1, routed)           0.440     0.842    pll/adc_clk_in
    PLLE2_ADV_X0Y0       PLLE2_ADV (Prop_plle2_adv_CLKIN1_CLKOUT0)
                                                     -2.234    -1.393 r  pll/pll/CLKOUT0
                         net (fo=1, routed)           0.497    -0.896    lopt_2
    BUFGCTRL_X0Y0        BUFG (Prop_bufg_I_O)         0.026    -0.870 r  bufg_adc_clk/O
                         net (fo=15663, routed)       0.562    -0.308    Digital_Freq_Meter_inst/DDC1_inst/ddc_frontend_lowpass_filter_inst_I/boxcar_2_pts_filter_inst3/ps_sys_clk
    SLICE_X28Y8          FDRE                                         r  Digital_Freq_Meter_inst/DDC1_inst/ddc_frontend_lowpass_filter_inst_I/boxcar_2_pts_filter_inst3/sum_register_reg[1]/C
  -------------------------------------------------------------------    -------------------
    SLICE_X28Y8          FDRE (Prop_fdre_C_Q)         0.164    -0.144 r  Digital_Freq_Meter_inst/DDC1_inst/ddc_frontend_lowpass_filter_inst_I/boxcar_2_pts_filter_inst3/sum_register_reg[1]/Q
                         net (fo=1, routed)           0.561     0.416    Digital_Freq_Meter_inst/DDC1_inst/ddc_frontend_lowpass_filter_inst_I/N_times_clk_FIR_wrapper_H_inst/data_times_N_reg[15]_0[1]
    SLICE_X31Y8          FDRE                                         r  Digital_Freq_Meter_inst/DDC1_inst/ddc_frontend_lowpass_filter_inst_I/N_times_clk_FIR_wrapper_H_inst/data_times_N_reg[1]/D
  -------------------------------------------------------------------    -------------------

                         (clock pll_clk_adc_2x rise edge)
                                                      0.000     0.000 r  
    U18                                               0.000     0.000 r  adc_clk_p_i (IN)
                         net (fo=0)                   0.000     0.000    adc_clk_p_i
    U18                  IBUFDS (Prop_ibufds_I_O)     0.433     0.433 r  i_clk/O
                         net (fo=1, routed)           0.481     0.914    pll/adc_clk_in
    PLLE2_ADV_X0Y0       PLLE2_ADV (Prop_plle2_adv_CLKIN1_CLKOUT4)
                                                     -2.546    -1.632 r  pll/pll/CLKOUT4
                         net (fo=1, routed)           0.544    -1.088    pll_clk_adc_2x
    BUFGCTRL_X0Y1        BUFG (Prop_bufg_I_O)         0.029    -1.059 r  bufg_ser_clk/O
                         net (fo=1629, routed)        0.830    -0.229    Digital_Freq_Meter_inst/DDC1_inst/ddc_frontend_lowpass_filter_inst_I/N_times_clk_FIR_wrapper_H_inst/CLK
    SLICE_X31Y8          FDRE                                         r  Digital_Freq_Meter_inst/DDC1_inst/ddc_frontend_lowpass_filter_inst_I/N_times_clk_FIR_wrapper_H_inst/data_times_N_reg[1]/C
                         clock pessimism              0.239     0.010    
                         clock uncertainty            0.189     0.199    
    SLICE_X31Y8          FDRE (Hold_fdre_C_D)         0.058     0.257    Digital_Freq_Meter_inst/DDC1_inst/ddc_frontend_lowpass_filter_inst_I/N_times_clk_FIR_wrapper_H_inst/data_times_N_reg[1]
  -------------------------------------------------------------------
                         required time                         -0.257    
                         arrival time                           0.416    
  -------------------------------------------------------------------
                         slack                                  0.159    

Slack (MET) :             0.162ns  (arrival time - required time)
  Source:                 Digital_Freq_Meter_inst/DDC1_inst/ddc_frontend_lowpass_filter_inst_Q/boxcar_2_pts_filter_inst3/sum_register_reg[2]/C
                            (rising edge-triggered cell FDRE clocked by pll_adc_clk  {rise@0.000ns fall@4.000ns period=8.000ns})
  Destination:            Digital_Freq_Meter_inst/DDC1_inst/ddc_frontend_lowpass_filter_inst_Q/N_times_clk_FIR_wrapper_H_inst/data_times_N_reg[2]/D
                            (rising edge-triggered cell FDRE clocked by pll_clk_adc_2x  {rise@0.000ns fall@2.000ns period=4.000ns})
  Path Group:             pll_clk_adc_2x
  Path Type:              Hold (Min at Fast Process Corner)
  Requirement:            0.000ns  (pll_clk_adc_2x rise@0.000ns - pll_adc_clk rise@0.000ns)
  Data Path Delay:        0.716ns  (logic 0.164ns (22.894%)  route 0.552ns (77.106%))
  Logic Levels:           0  
  Clock Path Skew:        0.319ns (DCD - SCD - CPR)
    Destination Clock Delay (DCD):    -0.228ns
    Source Clock Delay      (SCD):    -0.307ns
    Clock Pessimism Removal (CPR):    -0.239ns
  Clock Uncertainty:      0.189ns  ((TSJ^2 + DJ^2)^1/2) / 2 + PE
    Total System Jitter     (TSJ):    0.071ns
    Discrete Jitter          (DJ):    0.118ns
    Phase Error              (PE):    0.120ns

    Location             Delay type                Incr(ns)  Path(ns)    Netlist Resource(s)
  -------------------------------------------------------------------    -------------------
                         (clock pll_adc_clk rise edge)
                                                      0.000     0.000 r  
    U18                                               0.000     0.000 r  adc_clk_p_i (IN)
                         net (fo=0)                   0.000     0.000    adc_clk_p_i
    U18                  IBUFDS (Prop_ibufds_I_O)     0.401     0.401 r  i_clk/O
                         net (fo=1, routed)           0.440     0.842    pll/adc_clk_in
    PLLE2_ADV_X0Y0       PLLE2_ADV (Prop_plle2_adv_CLKIN1_CLKOUT0)
                                                     -2.234    -1.393 r  pll/pll/CLKOUT0
                         net (fo=1, routed)           0.497    -0.896    lopt_2
    BUFGCTRL_X0Y0        BUFG (Prop_bufg_I_O)         0.026    -0.870 r  bufg_adc_clk/O
                         net (fo=15663, routed)       0.563    -0.307    Digital_Freq_Meter_inst/DDC1_inst/ddc_frontend_lowpass_filter_inst_Q/boxcar_2_pts_filter_inst3/ps_sys_clk
    SLICE_X30Y6          FDRE                                         r  Digital_Freq_Meter_inst/DDC1_inst/ddc_frontend_lowpass_filter_inst_Q/boxcar_2_pts_filter_inst3/sum_register_reg[2]/C
  -------------------------------------------------------------------    -------------------
    SLICE_X30Y6          FDRE (Prop_fdre_C_Q)         0.164    -0.143 r  Digital_Freq_Meter_inst/DDC1_inst/ddc_frontend_lowpass_filter_inst_Q/boxcar_2_pts_filter_inst3/sum_register_reg[2]/Q
                         net (fo=1, routed)           0.552     0.409    Digital_Freq_Meter_inst/DDC1_inst/ddc_frontend_lowpass_filter_inst_Q/N_times_clk_FIR_wrapper_H_inst/data_times_N_reg[15]_0[2]
    SLICE_X31Y6          FDRE                                         r  Digital_Freq_Meter_inst/DDC1_inst/ddc_frontend_lowpass_filter_inst_Q/N_times_clk_FIR_wrapper_H_inst/data_times_N_reg[2]/D
  -------------------------------------------------------------------    -------------------

                         (clock pll_clk_adc_2x rise edge)
                                                      0.000     0.000 r  
    U18                                               0.000     0.000 r  adc_clk_p_i (IN)
                         net (fo=0)                   0.000     0.000    adc_clk_p_i
    U18                  IBUFDS (Prop_ibufds_I_O)     0.433     0.433 r  i_clk/O
                         net (fo=1, routed)           0.481     0.914    pll/adc_clk_in
    PLLE2_ADV_X0Y0       PLLE2_ADV (Prop_plle2_adv_CLKIN1_CLKOUT4)
                                                     -2.546    -1.632 r  pll/pll/CLKOUT4
                         net (fo=1, routed)           0.544    -1.088    pll_clk_adc_2x
    BUFGCTRL_X0Y1        BUFG (Prop_bufg_I_O)         0.029    -1.059 r  bufg_ser_clk/O
                         net (fo=1629, routed)        0.831    -0.228    Digital_Freq_Meter_inst/DDC1_inst/ddc_frontend_lowpass_filter_inst_Q/N_times_clk_FIR_wrapper_H_inst/CLK
    SLICE_X31Y6          FDRE                                         r  Digital_Freq_Meter_inst/DDC1_inst/ddc_frontend_lowpass_filter_inst_Q/N_times_clk_FIR_wrapper_H_inst/data_times_N_reg[2]/C
                         clock pessimism              0.239     0.011    
                         clock uncertainty            0.189     0.200    
    SLICE_X31Y6          FDRE (Hold_fdre_C_D)         0.047     0.247    Digital_Freq_Meter_inst/DDC1_inst/ddc_frontend_lowpass_filter_inst_Q/N_times_clk_FIR_wrapper_H_inst/data_times_N_reg[2]
  -------------------------------------------------------------------
                         required time                         -0.247    
                         arrival time                           0.409    
  -------------------------------------------------------------------
                         slack                                  0.162    

Slack (MET) :             0.162ns  (arrival time - required time)
  Source:                 Digital_Freq_Meter_inst/DDC1_inst/ddc_frontend_lowpass_filter_inst_Q/N_times_clk_FIR_wrapper_H_inst/flag_times_1_reg/C
                            (rising edge-triggered cell FDRE clocked by pll_adc_clk  {rise@0.000ns fall@4.000ns period=8.000ns})
  Destination:            Digital_Freq_Meter_inst/DDC1_inst/ddc_frontend_lowpass_filter_inst_Q/N_times_clk_FIR_wrapper_H_inst/data_times_N_clk_enable_reg/D
                            (rising edge-triggered cell FDRE clocked by pll_clk_adc_2x  {rise@0.000ns fall@2.000ns period=4.000ns})
  Path Group:             pll_clk_adc_2x
  Path Type:              Hold (Min at Fast Process Corner)
  Requirement:            0.000ns  (pll_clk_adc_2x rise@0.000ns - pll_adc_clk rise@0.000ns)
  Data Path Delay:        0.773ns  (logic 0.209ns (27.025%)  route 0.564ns (72.975%))
  Logic Levels:           1  (LUT2=1)
  Clock Path Skew:        0.350ns (DCD - SCD - CPR)
    Destination Clock Delay (DCD):    -0.199ns
    Source Clock Delay      (SCD):    -0.310ns
    Clock Pessimism Removal (CPR):    -0.239ns
  Clock Uncertainty:      0.189ns  ((TSJ^2 + DJ^2)^1/2) / 2 + PE
    Total System Jitter     (TSJ):    0.071ns
    Discrete Jitter          (DJ):    0.118ns
    Phase Error              (PE):    0.120ns

    Location             Delay type                Incr(ns)  Path(ns)    Netlist Resource(s)
  -------------------------------------------------------------------    -------------------
                         (clock pll_adc_clk rise edge)
                                                      0.000     0.000 r  
    U18                                               0.000     0.000 r  adc_clk_p_i (IN)
                         net (fo=0)                   0.000     0.000    adc_clk_p_i
    U18                  IBUFDS (Prop_ibufds_I_O)     0.401     0.401 r  i_clk/O
                         net (fo=1, routed)           0.440     0.842    pll/adc_clk_in
    PLLE2_ADV_X0Y0       PLLE2_ADV (Prop_plle2_adv_CLKIN1_CLKOUT0)
                                                     -2.234    -1.393 r  pll/pll/CLKOUT0
                         net (fo=1, routed)           0.497    -0.896    lopt_2
    BUFGCTRL_X0Y0        BUFG (Prop_bufg_I_O)         0.026    -0.870 r  bufg_adc_clk/O
                         net (fo=15663, routed)       0.560    -0.310    Digital_Freq_Meter_inst/DDC1_inst/ddc_frontend_lowpass_filter_inst_Q/N_times_clk_FIR_wrapper_H_inst/ps_sys_clk
    SLICE_X30Y12         FDRE                                         r  Digital_Freq_Meter_inst/DDC1_inst/ddc_frontend_lowpass_filter_inst_Q/N_times_clk_FIR_wrapper_H_inst/flag_times_1_reg/C
  -------------------------------------------------------------------    -------------------
    SLICE_X30Y12         FDRE (Prop_fdre_C_Q)         0.164    -0.146 r  Digital_Freq_Meter_inst/DDC1_inst/ddc_frontend_lowpass_filter_inst_Q/N_times_clk_FIR_wrapper_H_inst/flag_times_1_reg/Q
                         net (fo=3, routed)           0.164     0.018    Digital_Freq_Meter_inst/DDC1_inst/ddc_frontend_lowpass_filter_inst_Q/N_times_clk_FIR_wrapper_H_inst/flag_times_1_reg_n_0
    SLICE_X30Y12         LUT2 (Prop_lut2_I0_O)        0.045     0.063 r  Digital_Freq_Meter_inst/DDC1_inst/ddc_frontend_lowpass_filter_inst_Q/N_times_clk_FIR_wrapper_H_inst/data_times_N_clk_enable_i_1__0/O
                         net (fo=17, routed)          0.400     0.463    Digital_Freq_Meter_inst/DDC1_inst/ddc_frontend_lowpass_filter_inst_Q/N_times_clk_FIR_wrapper_H_inst/data_times_N_clk_enable_i_1__0_n_0
    SLICE_X40Y8          FDRE                                         r  Digital_Freq_Meter_inst/DDC1_inst/ddc_frontend_lowpass_filter_inst_Q/N_times_clk_FIR_wrapper_H_inst/data_times_N_clk_enable_reg/D
  -------------------------------------------------------------------    -------------------

                         (clock pll_clk_adc_2x rise edge)
                                                      0.000     0.000 r  
    U18                                               0.000     0.000 r  adc_clk_p_i (IN)
                         net (fo=0)                   0.000     0.000    adc_clk_p_i
    U18                  IBUFDS (Prop_ibufds_I_O)     0.433     0.433 r  i_clk/O
                         net (fo=1, routed)           0.481     0.914    pll/adc_clk_in
    PLLE2_ADV_X0Y0       PLLE2_ADV (Prop_plle2_adv_CLKIN1_CLKOUT4)
                                                     -2.546    -1.632 r  pll/pll/CLKOUT4
                         net (fo=1, routed)           0.544    -1.088    pll_clk_adc_2x
    BUFGCTRL_X0Y1        BUFG (Prop_bufg_I_O)         0.029    -1.059 r  bufg_ser_clk/O
                         net (fo=1629, routed)        0.860    -0.199    Digital_Freq_Meter_inst/DDC1_inst/ddc_frontend_lowpass_filter_inst_Q/N_times_clk_FIR_wrapper_H_inst/CLK
    SLICE_X40Y8          FDRE                                         r  Digital_Freq_Meter_inst/DDC1_inst/ddc_frontend_lowpass_filter_inst_Q/N_times_clk_FIR_wrapper_H_inst/data_times_N_clk_enable_reg/C
                         clock pessimism              0.239     0.040    
                         clock uncertainty            0.189     0.229    
    SLICE_X40Y8          FDRE (Hold_fdre_C_D)         0.072     0.301    Digital_Freq_Meter_inst/DDC1_inst/ddc_frontend_lowpass_filter_inst_Q/N_times_clk_FIR_wrapper_H_inst/data_times_N_clk_enable_reg
  -------------------------------------------------------------------
                         required time                         -0.301    
                         arrival time                           0.463    
  -------------------------------------------------------------------
                         slack                                  0.162    

Slack (MET) :             0.162ns  (arrival time - required time)
  Source:                 Digital_Freq_Meter_inst/DDC1_inst/ddc_frontend_lowpass_filter_inst_Q/boxcar_2_pts_filter_inst3/sum_register_reg[10]/C
                            (rising edge-triggered cell FDRE clocked by pll_adc_clk  {rise@0.000ns fall@4.000ns period=8.000ns})
  Destination:            Digital_Freq_Meter_inst/DDC1_inst/ddc_frontend_lowpass_filter_inst_Q/N_times_clk_FIR_wrapper_H_inst/data_times_N_reg[10]/D
                            (rising edge-triggered cell FDRE clocked by pll_clk_adc_2x  {rise@0.000ns fall@2.000ns period=4.000ns})
  Path Group:             pll_clk_adc_2x
  Path Type:              Hold (Min at Fast Process Corner)
  Requirement:            0.000ns  (pll_clk_adc_2x rise@0.000ns - pll_adc_clk rise@0.000ns)
  Data Path Delay:        0.716ns  (logic 0.164ns (22.920%)  route 0.552ns (77.080%))
  Logic Levels:           0  
  Clock Path Skew:        0.318ns (DCD - SCD - CPR)
    Destination Clock Delay (DCD):    -0.229ns
    Source Clock Delay      (SCD):    -0.308ns
    Clock Pessimism Removal (CPR):    -0.239ns
  Clock Uncertainty:      0.189ns  ((TSJ^2 + DJ^2)^1/2) / 2 + PE
    Total System Jitter     (TSJ):    0.071ns
    Discrete Jitter          (DJ):    0.118ns
    Phase Error              (PE):    0.120ns

    Location             Delay type                Incr(ns)  Path(ns)    Netlist Resource(s)
  -------------------------------------------------------------------    -------------------
                         (clock pll_adc_clk rise edge)
                                                      0.000     0.000 r  
    U18                                               0.000     0.000 r  adc_clk_p_i (IN)
                         net (fo=0)                   0.000     0.000    adc_clk_p_i
    U18                  IBUFDS (Prop_ibufds_I_O)     0.401     0.401 r  i_clk/O
                         net (fo=1, routed)           0.440     0.842    pll/adc_clk_in
    PLLE2_ADV_X0Y0       PLLE2_ADV (Prop_plle2_adv_CLKIN1_CLKOUT0)
                                                     -2.234    -1.393 r  pll/pll/CLKOUT0
                         net (fo=1, routed)           0.497    -0.896    lopt_2
    BUFGCTRL_X0Y0        BUFG (Prop_bufg_I_O)         0.026    -0.870 r  bufg_adc_clk/O
                         net (fo=15663, routed)       0.562    -0.308    Digital_Freq_Meter_inst/DDC1_inst/ddc_frontend_lowpass_filter_inst_Q/boxcar_2_pts_filter_inst3/ps_sys_clk
    SLICE_X30Y8          FDRE                                         r  Digital_Freq_Meter_inst/DDC1_inst/ddc_frontend_lowpass_filter_inst_Q/boxcar_2_pts_filter_inst3/sum_register_reg[10]/C
  -------------------------------------------------------------------    -------------------
    SLICE_X30Y8          FDRE (Prop_fdre_C_Q)         0.164    -0.144 r  Digital_Freq_Meter_inst/DDC1_inst/ddc_frontend_lowpass_filter_inst_Q/boxcar_2_pts_filter_inst3/sum_register_reg[10]/Q
                         net (fo=1, routed)           0.552     0.407    Digital_Freq_Meter_inst/DDC1_inst/ddc_frontend_lowpass_filter_inst_Q/N_times_clk_FIR_wrapper_H_inst/data_times_N_reg[15]_0[10]
    SLICE_X31Y7          FDRE                                         r  Digital_Freq_Meter_inst/DDC1_inst/ddc_frontend_lowpass_filter_inst_Q/N_times_clk_FIR_wrapper_H_inst/data_times_N_reg[10]/D
  -------------------------------------------------------------------    -------------------

                         (clock pll_clk_adc_2x rise edge)
                                                      0.000     0.000 r  
    U18                                               0.000     0.000 r  adc_clk_p_i (IN)
                         net (fo=0)                   0.000     0.000    adc_clk_p_i
    U18                  IBUFDS (Prop_ibufds_I_O)     0.433     0.433 r  i_clk/O
                         net (fo=1, routed)           0.481     0.914    pll/adc_clk_in
    PLLE2_ADV_X0Y0       PLLE2_ADV (Prop_plle2_adv_CLKIN1_CLKOUT4)
                                                     -2.546    -1.632 r  pll/pll/CLKOUT4
                         net (fo=1, routed)           0.544    -1.088    pll_clk_adc_2x
    BUFGCTRL_X0Y1        BUFG (Prop_bufg_I_O)         0.029    -1.059 r  bufg_ser_clk/O
                         net (fo=1629, routed)        0.830    -0.229    Digital_Freq_Meter_inst/DDC1_inst/ddc_frontend_lowpass_filter_inst_Q/N_times_clk_FIR_wrapper_H_inst/CLK
    SLICE_X31Y7          FDRE                                         r  Digital_Freq_Meter_inst/DDC1_inst/ddc_frontend_lowpass_filter_inst_Q/N_times_clk_FIR_wrapper_H_inst/data_times_N_reg[10]/C
                         clock pessimism              0.239     0.010    
                         clock uncertainty            0.189     0.199    
    SLICE_X31Y7          FDRE (Hold_fdre_C_D)         0.046     0.245    Digital_Freq_Meter_inst/DDC1_inst/ddc_frontend_lowpass_filter_inst_Q/N_times_clk_FIR_wrapper_H_inst/data_times_N_reg[10]
  -------------------------------------------------------------------
                         required time                         -0.245    
                         arrival time                           0.407    
  -------------------------------------------------------------------
                         slack                                  0.162    

Slack (MET) :             0.170ns  (arrival time - required time)
  Source:                 Digital_Freq_Meter_inst/DDC1_inst/ddc_frontend_lowpass_filter_inst_I/boxcar_2_pts_filter_inst3/sum_register_reg[3]/C
                            (rising edge-triggered cell FDRE clocked by pll_adc_clk  {rise@0.000ns fall@4.000ns period=8.000ns})
  Destination:            Digital_Freq_Meter_inst/DDC1_inst/ddc_frontend_lowpass_filter_inst_I/N_times_clk_FIR_wrapper_H_inst/data_times_N_reg[3]/D
                            (rising edge-triggered cell FDRE clocked by pll_clk_adc_2x  {rise@0.000ns fall@2.000ns period=4.000ns})
  Path Group:             pll_clk_adc_2x
  Path Type:              Hold (Min at Fast Process Corner)
  Requirement:            0.000ns  (pll_clk_adc_2x rise@0.000ns - pll_adc_clk rise@0.000ns)
  Data Path Delay:        0.729ns  (logic 0.164ns (22.496%)  route 0.565ns (77.504%))
  Logic Levels:           0  
  Clock Path Skew:        0.318ns (DCD - SCD - CPR)
    Destination Clock Delay (DCD):    -0.229ns
    Source Clock Delay      (SCD):    -0.308ns
    Clock Pessimism Removal (CPR):    -0.239ns
  Clock Uncertainty:      0.189ns  ((TSJ^2 + DJ^2)^1/2) / 2 + PE
    Total System Jitter     (TSJ):    0.071ns
    Discrete Jitter          (DJ):    0.118ns
    Phase Error              (PE):    0.120ns

    Location             Delay type                Incr(ns)  Path(ns)    Netlist Resource(s)
  -------------------------------------------------------------------    -------------------
                         (clock pll_adc_clk rise edge)
                                                      0.000     0.000 r  
    U18                                               0.000     0.000 r  adc_clk_p_i (IN)
                         net (fo=0)                   0.000     0.000    adc_clk_p_i
    U18                  IBUFDS (Prop_ibufds_I_O)     0.401     0.401 r  i_clk/O
                         net (fo=1, routed)           0.440     0.842    pll/adc_clk_in
    PLLE2_ADV_X0Y0       PLLE2_ADV (Prop_plle2_adv_CLKIN1_CLKOUT0)
                                                     -2.234    -1.393 r  pll/pll/CLKOUT0
                         net (fo=1, routed)           0.497    -0.896    lopt_2
    BUFGCTRL_X0Y0        BUFG (Prop_bufg_I_O)         0.026    -0.870 r  bufg_adc_clk/O
                         net (fo=15663, routed)       0.562    -0.308    Digital_Freq_Meter_inst/DDC1_inst/ddc_frontend_lowpass_filter_inst_I/boxcar_2_pts_filter_inst3/ps_sys_clk
    SLICE_X28Y8          FDRE                                         r  Digital_Freq_Meter_inst/DDC1_inst/ddc_frontend_lowpass_filter_inst_I/boxcar_2_pts_filter_inst3/sum_register_reg[3]/C
  -------------------------------------------------------------------    -------------------
    SLICE_X28Y8          FDRE (Prop_fdre_C_Q)         0.164    -0.144 r  Digital_Freq_Meter_inst/DDC1_inst/ddc_frontend_lowpass_filter_inst_I/boxcar_2_pts_filter_inst3/sum_register_reg[3]/Q
                         net (fo=1, routed)           0.565     0.421    Digital_Freq_Meter_inst/DDC1_inst/ddc_frontend_lowpass_filter_inst_I/N_times_clk_FIR_wrapper_H_inst/data_times_N_reg[15]_0[3]
    SLICE_X28Y7          FDRE                                         r  Digital_Freq_Meter_inst/DDC1_inst/ddc_frontend_lowpass_filter_inst_I/N_times_clk_FIR_wrapper_H_inst/data_times_N_reg[3]/D
  -------------------------------------------------------------------    -------------------

                         (clock pll_clk_adc_2x rise edge)
                                                      0.000     0.000 r  
    U18                                               0.000     0.000 r  adc_clk_p_i (IN)
                         net (fo=0)                   0.000     0.000    adc_clk_p_i
    U18                  IBUFDS (Prop_ibufds_I_O)     0.433     0.433 r  i_clk/O
                         net (fo=1, routed)           0.481     0.914    pll/adc_clk_in
    PLLE2_ADV_X0Y0       PLLE2_ADV (Prop_plle2_adv_CLKIN1_CLKOUT4)
                                                     -2.546    -1.632 r  pll/pll/CLKOUT4
                         net (fo=1, routed)           0.544    -1.088    pll_clk_adc_2x
    BUFGCTRL_X0Y1        BUFG (Prop_bufg_I_O)         0.029    -1.059 r  bufg_ser_clk/O
                         net (fo=1629, routed)        0.830    -0.229    Digital_Freq_Meter_inst/DDC1_inst/ddc_frontend_lowpass_filter_inst_I/N_times_clk_FIR_wrapper_H_inst/CLK
    SLICE_X28Y7          FDRE                                         r  Digital_Freq_Meter_inst/DDC1_inst/ddc_frontend_lowpass_filter_inst_I/N_times_clk_FIR_wrapper_H_inst/data_times_N_reg[3]/C
                         clock pessimism              0.239     0.010    
                         clock uncertainty            0.189     0.199    
    SLICE_X28Y7          FDRE (Hold_fdre_C_D)         0.052     0.251    Digital_Freq_Meter_inst/DDC1_inst/ddc_frontend_lowpass_filter_inst_I/N_times_clk_FIR_wrapper_H_inst/data_times_N_reg[3]
  -------------------------------------------------------------------
                         required time                         -0.251    
                         arrival time                           0.421    
  -------------------------------------------------------------------
                         slack                                  0.170    

Slack (MET) :             0.171ns  (arrival time - required time)
  Source:                 Digital_Freq_Meter_inst/DDC1_inst/ddc_frontend_lowpass_filter_inst_Q/boxcar_2_pts_filter_inst3/sum_register_reg[15]/C
                            (rising edge-triggered cell FDRE clocked by pll_adc_clk  {rise@0.000ns fall@4.000ns period=8.000ns})
  Destination:            Digital_Freq_Meter_inst/DDC1_inst/ddc_frontend_lowpass_filter_inst_Q/N_times_clk_FIR_wrapper_H_inst/data_times_N_reg[15]/D
                            (rising edge-triggered cell FDRE clocked by pll_clk_adc_2x  {rise@0.000ns fall@2.000ns period=4.000ns})
  Path Group:             pll_clk_adc_2x
  Path Type:              Hold (Min at Fast Process Corner)
  Requirement:            0.000ns  (pll_clk_adc_2x rise@0.000ns - pll_adc_clk rise@0.000ns)
  Data Path Delay:        0.749ns  (logic 0.164ns (21.882%)  route 0.585ns (78.118%))
  Logic Levels:           0  
  Clock Path Skew:        0.318ns (DCD - SCD - CPR)
    Destination Clock Delay (DCD):    -0.229ns
    Source Clock Delay      (SCD):    -0.308ns
    Clock Pessimism Removal (CPR):    -0.239ns
  Clock Uncertainty:      0.189ns  ((TSJ^2 + DJ^2)^1/2) / 2 + PE
    Total System Jitter     (TSJ):    0.071ns
    Discrete Jitter          (DJ):    0.118ns
    Phase Error              (PE):    0.120ns

    Location             Delay type                Incr(ns)  Path(ns)    Netlist Resource(s)
  -------------------------------------------------------------------    -------------------
                         (clock pll_adc_clk rise edge)
                                                      0.000     0.000 r  
    U18                                               0.000     0.000 r  adc_clk_p_i (IN)
                         net (fo=0)                   0.000     0.000    adc_clk_p_i
    U18                  IBUFDS (Prop_ibufds_I_O)     0.401     0.401 r  i_clk/O
                         net (fo=1, routed)           0.440     0.842    pll/adc_clk_in
    PLLE2_ADV_X0Y0       PLLE2_ADV (Prop_plle2_adv_CLKIN1_CLKOUT0)
                                                     -2.234    -1.393 r  pll/pll/CLKOUT0
                         net (fo=1, routed)           0.497    -0.896    lopt_2
    BUFGCTRL_X0Y0        BUFG (Prop_bufg_I_O)         0.026    -0.870 r  bufg_adc_clk/O
                         net (fo=15663, routed)       0.562    -0.308    Digital_Freq_Meter_inst/DDC1_inst/ddc_frontend_lowpass_filter_inst_Q/boxcar_2_pts_filter_inst3/ps_sys_clk
    SLICE_X30Y9          FDRE                                         r  Digital_Freq_Meter_inst/DDC1_inst/ddc_frontend_lowpass_filter_inst_Q/boxcar_2_pts_filter_inst3/sum_register_reg[15]/C
  -------------------------------------------------------------------    -------------------
    SLICE_X30Y9          FDRE (Prop_fdre_C_Q)         0.164    -0.144 r  Digital_Freq_Meter_inst/DDC1_inst/ddc_frontend_lowpass_filter_inst_Q/boxcar_2_pts_filter_inst3/sum_register_reg[15]/Q
                         net (fo=1, routed)           0.585     0.441    Digital_Freq_Meter_inst/DDC1_inst/ddc_frontend_lowpass_filter_inst_Q/N_times_clk_FIR_wrapper_H_inst/data_times_N_reg[15]_0[15]
    SLICE_X31Y7          FDRE                                         r  Digital_Freq_Meter_inst/DDC1_inst/ddc_frontend_lowpass_filter_inst_Q/N_times_clk_FIR_wrapper_H_inst/data_times_N_reg[15]/D
  -------------------------------------------------------------------    -------------------

                         (clock pll_clk_adc_2x rise edge)
                                                      0.000     0.000 r  
    U18                                               0.000     0.000 r  adc_clk_p_i (IN)
                         net (fo=0)                   0.000     0.000    adc_clk_p_i
    U18                  IBUFDS (Prop_ibufds_I_O)     0.433     0.433 r  i_clk/O
                         net (fo=1, routed)           0.481     0.914    pll/adc_clk_in
    PLLE2_ADV_X0Y0       PLLE2_ADV (Prop_plle2_adv_CLKIN1_CLKOUT4)
                                                     -2.546    -1.632 r  pll/pll/CLKOUT4
                         net (fo=1, routed)           0.544    -1.088    pll_clk_adc_2x
    BUFGCTRL_X0Y1        BUFG (Prop_bufg_I_O)         0.029    -1.059 r  bufg_ser_clk/O
                         net (fo=1629, routed)        0.830    -0.229    Digital_Freq_Meter_inst/DDC1_inst/ddc_frontend_lowpass_filter_inst_Q/N_times_clk_FIR_wrapper_H_inst/CLK
    SLICE_X31Y7          FDRE                                         r  Digital_Freq_Meter_inst/DDC1_inst/ddc_frontend_lowpass_filter_inst_Q/N_times_clk_FIR_wrapper_H_inst/data_times_N_reg[15]/C
                         clock pessimism              0.239     0.010    
                         clock uncertainty            0.189     0.199    
    SLICE_X31Y7          FDRE (Hold_fdre_C_D)         0.071     0.270    Digital_Freq_Meter_inst/DDC1_inst/ddc_frontend_lowpass_filter_inst_Q/N_times_clk_FIR_wrapper_H_inst/data_times_N_reg[15]
  -------------------------------------------------------------------
                         required time                         -0.270    
                         arrival time                           0.441    
  -------------------------------------------------------------------
                         slack                                  0.171    

Slack (MET) :             0.172ns  (arrival time - required time)
  Source:                 Digital_Freq_Meter_inst/DDC1_inst/ddc_frontend_lowpass_filter_inst_Q/boxcar_2_pts_filter_inst3/sum_register_reg[7]/C
                            (rising edge-triggered cell FDRE clocked by pll_adc_clk  {rise@0.000ns fall@4.000ns period=8.000ns})
  Destination:            Digital_Freq_Meter_inst/DDC1_inst/ddc_frontend_lowpass_filter_inst_Q/N_times_clk_FIR_wrapper_H_inst/data_times_N_reg[7]/D
                            (rising edge-triggered cell FDRE clocked by pll_clk_adc_2x  {rise@0.000ns fall@2.000ns period=4.000ns})
  Path Group:             pll_clk_adc_2x
  Path Type:              Hold (Min at Fast Process Corner)
  Requirement:            0.000ns  (pll_clk_adc_2x rise@0.000ns - pll_adc_clk rise@0.000ns)
  Data Path Delay:        0.758ns  (logic 0.164ns (21.636%)  route 0.594ns (78.364%))
  Logic Levels:           0  
  Clock Path Skew:        0.319ns (DCD - SCD - CPR)
    Destination Clock Delay (DCD):    -0.228ns
    Source Clock Delay      (SCD):    -0.308ns
    Clock Pessimism Removal (CPR):    -0.239ns
  Clock Uncertainty:      0.189ns  ((TSJ^2 + DJ^2)^1/2) / 2 + PE
    Total System Jitter     (TSJ):    0.071ns
    Discrete Jitter          (DJ):    0.118ns
    Phase Error              (PE):    0.120ns

    Location             Delay type                Incr(ns)  Path(ns)    Netlist Resource(s)
  -------------------------------------------------------------------    -------------------
                         (clock pll_adc_clk rise edge)
                                                      0.000     0.000 r  
    U18                                               0.000     0.000 r  adc_clk_p_i (IN)
                         net (fo=0)                   0.000     0.000    adc_clk_p_i
    U18                  IBUFDS (Prop_ibufds_I_O)     0.401     0.401 r  i_clk/O
                         net (fo=1, routed)           0.440     0.842    pll/adc_clk_in
    PLLE2_ADV_X0Y0       PLLE2_ADV (Prop_plle2_adv_CLKIN1_CLKOUT0)
                                                     -2.234    -1.393 r  pll/pll/CLKOUT0
                         net (fo=1, routed)           0.497    -0.896    lopt_2
    BUFGCTRL_X0Y0        BUFG (Prop_bufg_I_O)         0.026    -0.870 r  bufg_adc_clk/O
                         net (fo=15663, routed)       0.562    -0.308    Digital_Freq_Meter_inst/DDC1_inst/ddc_frontend_lowpass_filter_inst_Q/boxcar_2_pts_filter_inst3/ps_sys_clk
    SLICE_X30Y7          FDRE                                         r  Digital_Freq_Meter_inst/DDC1_inst/ddc_frontend_lowpass_filter_inst_Q/boxcar_2_pts_filter_inst3/sum_register_reg[7]/C
  -------------------------------------------------------------------    -------------------
    SLICE_X30Y7          FDRE (Prop_fdre_C_Q)         0.164    -0.144 r  Digital_Freq_Meter_inst/DDC1_inst/ddc_frontend_lowpass_filter_inst_Q/boxcar_2_pts_filter_inst3/sum_register_reg[7]/Q
                         net (fo=1, routed)           0.594     0.450    Digital_Freq_Meter_inst/DDC1_inst/ddc_frontend_lowpass_filter_inst_Q/N_times_clk_FIR_wrapper_H_inst/data_times_N_reg[15]_0[7]
    SLICE_X31Y6          FDRE                                         r  Digital_Freq_Meter_inst/DDC1_inst/ddc_frontend_lowpass_filter_inst_Q/N_times_clk_FIR_wrapper_H_inst/data_times_N_reg[7]/D
  -------------------------------------------------------------------    -------------------

                         (clock pll_clk_adc_2x rise edge)
                                                      0.000     0.000 r  
    U18                                               0.000     0.000 r  adc_clk_p_i (IN)
                         net (fo=0)                   0.000     0.000    adc_clk_p_i
    U18                  IBUFDS (Prop_ibufds_I_O)     0.433     0.433 r  i_clk/O
                         net (fo=1, routed)           0.481     0.914    pll/adc_clk_in
    PLLE2_ADV_X0Y0       PLLE2_ADV (Prop_plle2_adv_CLKIN1_CLKOUT4)
                                                     -2.546    -1.632 r  pll/pll/CLKOUT4
                         net (fo=1, routed)           0.544    -1.088    pll_clk_adc_2x
    BUFGCTRL_X0Y1        BUFG (Prop_bufg_I_O)         0.029    -1.059 r  bufg_ser_clk/O
                         net (fo=1629, routed)        0.831    -0.228    Digital_Freq_Meter_inst/DDC1_inst/ddc_frontend_lowpass_filter_inst_Q/N_times_clk_FIR_wrapper_H_inst/CLK
    SLICE_X31Y6          FDRE                                         r  Digital_Freq_Meter_inst/DDC1_inst/ddc_frontend_lowpass_filter_inst_Q/N_times_clk_FIR_wrapper_H_inst/data_times_N_reg[7]/C
                         clock pessimism              0.239     0.011    
                         clock uncertainty            0.189     0.200    
    SLICE_X31Y6          FDRE (Hold_fdre_C_D)         0.078     0.278    Digital_Freq_Meter_inst/DDC1_inst/ddc_frontend_lowpass_filter_inst_Q/N_times_clk_FIR_wrapper_H_inst/data_times_N_reg[7]
  -------------------------------------------------------------------
                         required time                         -0.278    
                         arrival time                           0.450    
  -------------------------------------------------------------------
                         slack                                  0.172    





---------------------------------------------------------------------------------------------------
From Clock:  pll_adc_clk
  To Clock:  pll_dac_clk_1x

Setup :            0  Failing Endpoints,  Worst Slack        2.733ns,  Total Violation        0.000ns
Hold  :            0  Failing Endpoints,  Worst Slack        0.029ns,  Total Violation        0.000ns
---------------------------------------------------------------------------------------------------


Max Delay Paths
--------------------------------------------------------------------------------------
Slack (MET) :             2.733ns  (required time - arrival time)
  Source:                 dpll_wrapper_inst/VCO_inst0/ARG/CLK
                            (rising edge-triggered cell DSP48E1 clocked by pll_adc_clk  {rise@0.000ns fall@4.000ns period=8.000ns})
  Destination:            dac_dat_a_reg[9]/D
                            (rising edge-triggered cell FDRE clocked by pll_dac_clk_1x  {rise@0.000ns fall@4.000ns period=8.000ns})
  Path Group:             pll_dac_clk_1x
  Path Type:              Setup (Max at Slow Process Corner)
  Requirement:            8.000ns  (pll_dac_clk_1x rise@8.000ns - pll_adc_clk rise@0.000ns)
  Data Path Delay:        4.806ns  (logic 1.837ns (38.223%)  route 2.969ns (61.777%))
  Logic Levels:           5  (CARRY4=3 LUT1=1 LUT2=1)
  Clock Path Skew:        -0.353ns (DCD - SCD + CPR)
    Destination Clock Delay (DCD):    -2.286ns = ( 5.714 - 8.000 ) 
    Source Clock Delay      (SCD):    -2.647ns
    Clock Pessimism Removal (CPR):    -0.714ns
  Clock Uncertainty:      0.189ns  ((TSJ^2 + DJ^2)^1/2) / 2 + PE
    Total System Jitter     (TSJ):    0.071ns
    Discrete Jitter          (DJ):    0.118ns
    Phase Error              (PE):    0.120ns

    Location             Delay type                Incr(ns)  Path(ns)    Netlist Resource(s)
  -------------------------------------------------------------------    -------------------
                         (clock pll_adc_clk rise edge)
                                                      0.000     0.000 r  
    U18                                               0.000     0.000 r  adc_clk_p_i (IN)
                         net (fo=0)                   0.000     0.000    adc_clk_p_i
    U18                  IBUFDS (Prop_ibufds_I_O)     0.983     0.983 r  i_clk/O
                         net (fo=1, routed)           1.306     2.289    pll/adc_clk_in
    PLLE2_ADV_X0Y0       PLLE2_ADV (Prop_plle2_adv_CLKIN1_CLKOUT0)
                                                     -8.533    -6.244 r  pll/pll/CLKOUT0
                         net (fo=1, routed)           1.754    -4.490    lopt_2
    BUFGCTRL_X0Y0        BUFG (Prop_bufg_I_O)         0.101    -4.389 r  bufg_adc_clk/O
                         net (fo=15663, routed)       1.742    -2.647    dpll_wrapper_inst/VCO_inst0/ps_sys_clk
    DSP48_X1Y32          DSP48E1                                      r  dpll_wrapper_inst/VCO_inst0/ARG/CLK
  -------------------------------------------------------------------    -------------------
    DSP48_X1Y32          DSP48E1 (Prop_dsp48e1_CLK_P[18])
                                                      0.434    -2.213 r  dpll_wrapper_inst/VCO_inst0/ARG/P[18]
                         net (fo=2, routed)           1.222    -0.992    dpll_wrapper_inst/VCO_inst0/RESIZE0_in[1]
    SLICE_X30Y80         LUT2 (Prop_lut2_I0_O)        0.124    -0.868 r  dpll_wrapper_inst/VCO_inst0/VCO_DAC_out_carry_i_3/O
                         net (fo=1, routed)           0.000    -0.868    dpll_wrapper_inst/VCO_inst0/VCO_DAC_out_carry_i_3_n_0
    SLICE_X30Y80         CARRY4 (Prop_carry4_S[1]_CO[3])
                                                      0.533    -0.335 r  dpll_wrapper_inst/VCO_inst0/VCO_DAC_out_carry/CO[3]
                         net (fo=1, routed)           0.000    -0.335    dpll_wrapper_inst/VCO_inst0/VCO_DAC_out_carry_n_0
    SLICE_X30Y81         CARRY4 (Prop_carry4_CI_CO[3])
                                                      0.117    -0.218 r  dpll_wrapper_inst/VCO_inst0/VCO_DAC_out_carry__0/CO[3]
                         net (fo=1, routed)           0.000    -0.218    dpll_wrapper_inst/VCO_inst0/VCO_DAC_out_carry__0_n_0
    SLICE_X30Y82         CARRY4 (Prop_carry4_CI_O[1])
                                                      0.323     0.105 f  dpll_wrapper_inst/VCO_inst0/VCO_DAC_out_carry__1/O[1]
                         net (fo=1, routed)           1.747     1.853    dpll_wrapper_inst/VCO_inst0/DACout0[9]
    SLICE_X42Y66         LUT1 (Prop_lut1_I0_O)        0.306     2.159 r  dpll_wrapper_inst/VCO_inst0/dac_dat_a[9]_i_1/O
                         net (fo=1, routed)           0.000     2.159    dpll_wrapper_inst_n_59
    SLICE_X42Y66         FDRE                                         r  dac_dat_a_reg[9]/D
  -------------------------------------------------------------------    -------------------

                         (clock pll_dac_clk_1x rise edge)
                                                      8.000     8.000 r  
    U18                                               0.000     8.000 r  adc_clk_p_i (IN)
                         net (fo=0)                   0.000     8.000    adc_clk_p_i
    U18                  IBUFDS (Prop_ibufds_I_O)     0.940     8.940 r  i_clk/O
                         net (fo=1, routed)           1.181    10.121    pll/adc_clk_in
    PLLE2_ADV_X0Y0       PLLE2_ADV (Prop_plle2_adv_CLKIN1_CLKOUT1)
                                                     -7.650     2.470 r  pll/pll/CLKOUT1
                         net (fo=1, routed)           1.594     4.065    pll_dac_clk_1x
    BUFGCTRL_X0Y3        BUFG (Prop_bufg_I_O)         0.091     4.156 r  bufg_dac_clk_1x/O
                         net (fo=45, routed)          1.559     5.714    dac_clk_1x
    SLICE_X42Y66         FDRE                                         r  dac_dat_a_reg[9]/C
                         clock pessimism             -0.714     5.000    
                         clock uncertainty           -0.189     4.811    
    SLICE_X42Y66         FDRE (Setup_fdre_C_D)        0.081     4.892    dac_dat_a_reg[9]
  -------------------------------------------------------------------
                         required time                          4.892    
                         arrival time                          -2.159    
  -------------------------------------------------------------------
                         slack                                  2.733    

Slack (MET) :             3.091ns  (required time - arrival time)
  Source:                 dpll_wrapper_inst/VCO_inst0/ARG/CLK
                            (rising edge-triggered cell DSP48E1 clocked by pll_adc_clk  {rise@0.000ns fall@4.000ns period=8.000ns})
  Destination:            dac_dat_a_reg[7]/D
                            (rising edge-triggered cell FDRE clocked by pll_dac_clk_1x  {rise@0.000ns fall@4.000ns period=8.000ns})
  Path Group:             pll_dac_clk_1x
  Path Type:              Setup (Max at Slow Process Corner)
  Requirement:            8.000ns  (pll_dac_clk_1x rise@8.000ns - pll_adc_clk rise@0.000ns)
  Data Path Delay:        4.444ns  (logic 1.713ns (38.543%)  route 2.731ns (61.457%))
  Logic Levels:           4  (CARRY4=2 LUT1=1 LUT2=1)
  Clock Path Skew:        -0.353ns (DCD - SCD + CPR)
    Destination Clock Delay (DCD):    -2.286ns = ( 5.714 - 8.000 ) 
    Source Clock Delay      (SCD):    -2.647ns
    Clock Pessimism Removal (CPR):    -0.714ns
  Clock Uncertainty:      0.189ns  ((TSJ^2 + DJ^2)^1/2) / 2 + PE
    Total System Jitter     (TSJ):    0.071ns
    Discrete Jitter          (DJ):    0.118ns
    Phase Error              (PE):    0.120ns

    Location             Delay type                Incr(ns)  Path(ns)    Netlist Resource(s)
  -------------------------------------------------------------------    -------------------
                         (clock pll_adc_clk rise edge)
                                                      0.000     0.000 r  
    U18                                               0.000     0.000 r  adc_clk_p_i (IN)
                         net (fo=0)                   0.000     0.000    adc_clk_p_i
    U18                  IBUFDS (Prop_ibufds_I_O)     0.983     0.983 r  i_clk/O
                         net (fo=1, routed)           1.306     2.289    pll/adc_clk_in
    PLLE2_ADV_X0Y0       PLLE2_ADV (Prop_plle2_adv_CLKIN1_CLKOUT0)
                                                     -8.533    -6.244 r  pll/pll/CLKOUT0
                         net (fo=1, routed)           1.754    -4.490    lopt_2
    BUFGCTRL_X0Y0        BUFG (Prop_bufg_I_O)         0.101    -4.389 r  bufg_adc_clk/O
                         net (fo=15663, routed)       1.742    -2.647    dpll_wrapper_inst/VCO_inst0/ps_sys_clk
    DSP48_X1Y32          DSP48E1                                      r  dpll_wrapper_inst/VCO_inst0/ARG/CLK
  -------------------------------------------------------------------    -------------------
    DSP48_X1Y32          DSP48E1 (Prop_dsp48e1_CLK_P[18])
                                                      0.434    -2.213 r  dpll_wrapper_inst/VCO_inst0/ARG/P[18]
                         net (fo=2, routed)           1.222    -0.992    dpll_wrapper_inst/VCO_inst0/RESIZE0_in[1]
    SLICE_X30Y80         LUT2 (Prop_lut2_I0_O)        0.124    -0.868 r  dpll_wrapper_inst/VCO_inst0/VCO_DAC_out_carry_i_3/O
                         net (fo=1, routed)           0.000    -0.868    dpll_wrapper_inst/VCO_inst0/VCO_DAC_out_carry_i_3_n_0
    SLICE_X30Y80         CARRY4 (Prop_carry4_S[1]_CO[3])
                                                      0.533    -0.335 r  dpll_wrapper_inst/VCO_inst0/VCO_DAC_out_carry/CO[3]
                         net (fo=1, routed)           0.000    -0.335    dpll_wrapper_inst/VCO_inst0/VCO_DAC_out_carry_n_0
    SLICE_X30Y81         CARRY4 (Prop_carry4_CI_O[3])
                                                      0.315    -0.020 f  dpll_wrapper_inst/VCO_inst0/VCO_DAC_out_carry__0/O[3]
                         net (fo=1, routed)           1.510     1.490    dpll_wrapper_inst/VCO_inst0/DACout0[7]
    SLICE_X42Y66         LUT1 (Prop_lut1_I0_O)        0.307     1.797 r  dpll_wrapper_inst/VCO_inst0/dac_dat_a[7]_i_1/O
                         net (fo=1, routed)           0.000     1.797    dpll_wrapper_inst_n_61
    SLICE_X42Y66         FDRE                                         r  dac_dat_a_reg[7]/D
  -------------------------------------------------------------------    -------------------

                         (clock pll_dac_clk_1x rise edge)
                                                      8.000     8.000 r  
    U18                                               0.000     8.000 r  adc_clk_p_i (IN)
                         net (fo=0)                   0.000     8.000    adc_clk_p_i
    U18                  IBUFDS (Prop_ibufds_I_O)     0.940     8.940 r  i_clk/O
                         net (fo=1, routed)           1.181    10.121    pll/adc_clk_in
    PLLE2_ADV_X0Y0       PLLE2_ADV (Prop_plle2_adv_CLKIN1_CLKOUT1)
                                                     -7.650     2.470 r  pll/pll/CLKOUT1
                         net (fo=1, routed)           1.594     4.065    pll_dac_clk_1x
    BUFGCTRL_X0Y3        BUFG (Prop_bufg_I_O)         0.091     4.156 r  bufg_dac_clk_1x/O
                         net (fo=45, routed)          1.559     5.714    dac_clk_1x
    SLICE_X42Y66         FDRE                                         r  dac_dat_a_reg[7]/C
                         clock pessimism             -0.714     5.000    
                         clock uncertainty           -0.189     4.811    
    SLICE_X42Y66         FDRE (Setup_fdre_C_D)        0.077     4.888    dac_dat_a_reg[7]
  -------------------------------------------------------------------
                         required time                          4.888    
                         arrival time                          -1.797    
  -------------------------------------------------------------------
                         slack                                  3.091    

Slack (MET) :             3.101ns  (required time - arrival time)
  Source:                 dpll_wrapper_inst/VCO_inst0/ARG/CLK
                            (rising edge-triggered cell DSP48E1 clocked by pll_adc_clk  {rise@0.000ns fall@4.000ns period=8.000ns})
  Destination:            dac_dat_a_reg[11]/D
                            (rising edge-triggered cell FDRE clocked by pll_dac_clk_1x  {rise@0.000ns fall@4.000ns period=8.000ns})
  Path Group:             pll_dac_clk_1x
  Path Type:              Setup (Max at Slow Process Corner)
  Requirement:            8.000ns  (pll_dac_clk_1x rise@8.000ns - pll_adc_clk rise@0.000ns)
  Data Path Delay:        4.381ns  (logic 1.830ns (41.768%)  route 2.551ns (58.232%))
  Logic Levels:           5  (CARRY4=3 LUT1=1 LUT2=1)
  Clock Path Skew:        -0.358ns (DCD - SCD + CPR)
    Destination Clock Delay (DCD):    -2.291ns = ( 5.709 - 8.000 ) 
    Source Clock Delay      (SCD):    -2.647ns
    Clock Pessimism Removal (CPR):    -0.714ns
  Clock Uncertainty:      0.189ns  ((TSJ^2 + DJ^2)^1/2) / 2 + PE
    Total System Jitter     (TSJ):    0.071ns
    Discrete Jitter          (DJ):    0.118ns
    Phase Error              (PE):    0.120ns

    Location             Delay type                Incr(ns)  Path(ns)    Netlist Resource(s)
  -------------------------------------------------------------------    -------------------
                         (clock pll_adc_clk rise edge)
                                                      0.000     0.000 r  
    U18                                               0.000     0.000 r  adc_clk_p_i (IN)
                         net (fo=0)                   0.000     0.000    adc_clk_p_i
    U18                  IBUFDS (Prop_ibufds_I_O)     0.983     0.983 r  i_clk/O
                         net (fo=1, routed)           1.306     2.289    pll/adc_clk_in
    PLLE2_ADV_X0Y0       PLLE2_ADV (Prop_plle2_adv_CLKIN1_CLKOUT0)
                                                     -8.533    -6.244 r  pll/pll/CLKOUT0
                         net (fo=1, routed)           1.754    -4.490    lopt_2
    BUFGCTRL_X0Y0        BUFG (Prop_bufg_I_O)         0.101    -4.389 r  bufg_adc_clk/O
                         net (fo=15663, routed)       1.742    -2.647    dpll_wrapper_inst/VCO_inst0/ps_sys_clk
    DSP48_X1Y32          DSP48E1                                      r  dpll_wrapper_inst/VCO_inst0/ARG/CLK
  -------------------------------------------------------------------    -------------------
    DSP48_X1Y32          DSP48E1 (Prop_dsp48e1_CLK_P[18])
                                                      0.434    -2.213 r  dpll_wrapper_inst/VCO_inst0/ARG/P[18]
                         net (fo=2, routed)           1.222    -0.992    dpll_wrapper_inst/VCO_inst0/RESIZE0_in[1]
    SLICE_X30Y80         LUT2 (Prop_lut2_I0_O)        0.124    -0.868 r  dpll_wrapper_inst/VCO_inst0/VCO_DAC_out_carry_i_3/O
                         net (fo=1, routed)           0.000    -0.868    dpll_wrapper_inst/VCO_inst0/VCO_DAC_out_carry_i_3_n_0
    SLICE_X30Y80         CARRY4 (Prop_carry4_S[1]_CO[3])
                                                      0.533    -0.335 r  dpll_wrapper_inst/VCO_inst0/VCO_DAC_out_carry/CO[3]
                         net (fo=1, routed)           0.000    -0.335    dpll_wrapper_inst/VCO_inst0/VCO_DAC_out_carry_n_0
    SLICE_X30Y81         CARRY4 (Prop_carry4_CI_CO[3])
                                                      0.117    -0.218 r  dpll_wrapper_inst/VCO_inst0/VCO_DAC_out_carry__0/CO[3]
                         net (fo=1, routed)           0.000    -0.218    dpll_wrapper_inst/VCO_inst0/VCO_DAC_out_carry__0_n_0
    SLICE_X30Y82         CARRY4 (Prop_carry4_CI_O[3])
                                                      0.315     0.097 f  dpll_wrapper_inst/VCO_inst0/VCO_DAC_out_carry__1/O[3]
                         net (fo=1, routed)           1.330     1.427    dpll_wrapper_inst/VCO_inst0/DACout0[11]
    SLICE_X40Y71         LUT1 (Prop_lut1_I0_O)        0.307     1.734 r  dpll_wrapper_inst/VCO_inst0/dac_dat_a[11]_i_1/O
                         net (fo=1, routed)           0.000     1.734    dpll_wrapper_inst_n_57
    SLICE_X40Y71         FDRE                                         r  dac_dat_a_reg[11]/D
  -------------------------------------------------------------------    -------------------

                         (clock pll_dac_clk_1x rise edge)
                                                      8.000     8.000 r  
    U18                                               0.000     8.000 r  adc_clk_p_i (IN)
                         net (fo=0)                   0.000     8.000    adc_clk_p_i
    U18                  IBUFDS (Prop_ibufds_I_O)     0.940     8.940 r  i_clk/O
                         net (fo=1, routed)           1.181    10.121    pll/adc_clk_in
    PLLE2_ADV_X0Y0       PLLE2_ADV (Prop_plle2_adv_CLKIN1_CLKOUT1)
                                                     -7.650     2.470 r  pll/pll/CLKOUT1
                         net (fo=1, routed)           1.594     4.065    pll_dac_clk_1x
    BUFGCTRL_X0Y3        BUFG (Prop_bufg_I_O)         0.091     4.156 r  bufg_dac_clk_1x/O
                         net (fo=45, routed)          1.554     5.709    dac_clk_1x
    SLICE_X40Y71         FDRE                                         r  dac_dat_a_reg[11]/C
                         clock pessimism             -0.714     4.995    
                         clock uncertainty           -0.189     4.806    
    SLICE_X40Y71         FDRE (Setup_fdre_C_D)        0.029     4.835    dac_dat_a_reg[11]
  -------------------------------------------------------------------
                         required time                          4.835    
                         arrival time                          -1.734    
  -------------------------------------------------------------------
                         slack                                  3.101    

Slack (MET) :             3.139ns  (required time - arrival time)
  Source:                 dpll_wrapper_inst/VCO_inst0/ARG/CLK
                            (rising edge-triggered cell DSP48E1 clocked by pll_adc_clk  {rise@0.000ns fall@4.000ns period=8.000ns})
  Destination:            dac_dat_a_reg[10]/D
                            (rising edge-triggered cell FDRE clocked by pll_dac_clk_1x  {rise@0.000ns fall@4.000ns period=8.000ns})
  Path Group:             pll_dac_clk_1x
  Path Type:              Setup (Max at Slow Process Corner)
  Requirement:            8.000ns  (pll_dac_clk_1x rise@8.000ns - pll_adc_clk rise@0.000ns)
  Data Path Delay:        4.344ns  (logic 1.748ns (40.238%)  route 2.596ns (59.762%))
  Logic Levels:           5  (CARRY4=3 LUT1=1 LUT2=1)
  Clock Path Skew:        -0.357ns (DCD - SCD + CPR)
    Destination Clock Delay (DCD):    -2.290ns = ( 5.710 - 8.000 ) 
    Source Clock Delay      (SCD):    -2.647ns
    Clock Pessimism Removal (CPR):    -0.714ns
  Clock Uncertainty:      0.189ns  ((TSJ^2 + DJ^2)^1/2) / 2 + PE
    Total System Jitter     (TSJ):    0.071ns
    Discrete Jitter          (DJ):    0.118ns
    Phase Error              (PE):    0.120ns

    Location             Delay type                Incr(ns)  Path(ns)    Netlist Resource(s)
  -------------------------------------------------------------------    -------------------
                         (clock pll_adc_clk rise edge)
                                                      0.000     0.000 r  
    U18                                               0.000     0.000 r  adc_clk_p_i (IN)
                         net (fo=0)                   0.000     0.000    adc_clk_p_i
    U18                  IBUFDS (Prop_ibufds_I_O)     0.983     0.983 r  i_clk/O
                         net (fo=1, routed)           1.306     2.289    pll/adc_clk_in
    PLLE2_ADV_X0Y0       PLLE2_ADV (Prop_plle2_adv_CLKIN1_CLKOUT0)
                                                     -8.533    -6.244 r  pll/pll/CLKOUT0
                         net (fo=1, routed)           1.754    -4.490    lopt_2
    BUFGCTRL_X0Y0        BUFG (Prop_bufg_I_O)         0.101    -4.389 r  bufg_adc_clk/O
                         net (fo=15663, routed)       1.742    -2.647    dpll_wrapper_inst/VCO_inst0/ps_sys_clk
    DSP48_X1Y32          DSP48E1                                      r  dpll_wrapper_inst/VCO_inst0/ARG/CLK
  -------------------------------------------------------------------    -------------------
    DSP48_X1Y32          DSP48E1 (Prop_dsp48e1_CLK_P[18])
                                                      0.434    -2.213 r  dpll_wrapper_inst/VCO_inst0/ARG/P[18]
                         net (fo=2, routed)           1.222    -0.992    dpll_wrapper_inst/VCO_inst0/RESIZE0_in[1]
    SLICE_X30Y80         LUT2 (Prop_lut2_I0_O)        0.124    -0.868 r  dpll_wrapper_inst/VCO_inst0/VCO_DAC_out_carry_i_3/O
                         net (fo=1, routed)           0.000    -0.868    dpll_wrapper_inst/VCO_inst0/VCO_DAC_out_carry_i_3_n_0
    SLICE_X30Y80         CARRY4 (Prop_carry4_S[1]_CO[3])
                                                      0.533    -0.335 r  dpll_wrapper_inst/VCO_inst0/VCO_DAC_out_carry/CO[3]
                         net (fo=1, routed)           0.000    -0.335    dpll_wrapper_inst/VCO_inst0/VCO_DAC_out_carry_n_0
    SLICE_X30Y81         CARRY4 (Prop_carry4_CI_CO[3])
                                                      0.117    -0.218 r  dpll_wrapper_inst/VCO_inst0/VCO_DAC_out_carry__0/CO[3]
                         net (fo=1, routed)           0.000    -0.218    dpll_wrapper_inst/VCO_inst0/VCO_DAC_out_carry__0_n_0
    SLICE_X30Y82         CARRY4 (Prop_carry4_CI_O[2])
                                                      0.239     0.021 f  dpll_wrapper_inst/VCO_inst0/VCO_DAC_out_carry__1/O[2]
                         net (fo=1, routed)           1.375     1.396    dpll_wrapper_inst/VCO_inst0/DACout0[10]
    SLICE_X43Y70         LUT1 (Prop_lut1_I0_O)        0.301     1.697 r  dpll_wrapper_inst/VCO_inst0/dac_dat_a[10]_i_1/O
                         net (fo=1, routed)           0.000     1.697    dpll_wrapper_inst_n_58
    SLICE_X43Y70         FDRE                                         r  dac_dat_a_reg[10]/D
  -------------------------------------------------------------------    -------------------

                         (clock pll_dac_clk_1x rise edge)
                                                      8.000     8.000 r  
    U18                                               0.000     8.000 r  adc_clk_p_i (IN)
                         net (fo=0)                   0.000     8.000    adc_clk_p_i
    U18                  IBUFDS (Prop_ibufds_I_O)     0.940     8.940 r  i_clk/O
                         net (fo=1, routed)           1.181    10.121    pll/adc_clk_in
    PLLE2_ADV_X0Y0       PLLE2_ADV (Prop_plle2_adv_CLKIN1_CLKOUT1)
                                                     -7.650     2.470 r  pll/pll/CLKOUT1
                         net (fo=1, routed)           1.594     4.065    pll_dac_clk_1x
    BUFGCTRL_X0Y3        BUFG (Prop_bufg_I_O)         0.091     4.156 r  bufg_dac_clk_1x/O
                         net (fo=45, routed)          1.555     5.710    dac_clk_1x
    SLICE_X43Y70         FDRE                                         r  dac_dat_a_reg[10]/C
                         clock pessimism             -0.714     4.996    
                         clock uncertainty           -0.189     4.807    
    SLICE_X43Y70         FDRE (Setup_fdre_C_D)        0.029     4.836    dac_dat_a_reg[10]
  -------------------------------------------------------------------
                         required time                          4.836    
                         arrival time                          -1.697    
  -------------------------------------------------------------------
                         slack                                  3.139    

Slack (MET) :             3.145ns  (required time - arrival time)
  Source:                 dpll_wrapper_inst/VCO_inst0/ARG/CLK
                            (rising edge-triggered cell DSP48E1 clocked by pll_adc_clk  {rise@0.000ns fall@4.000ns period=8.000ns})
  Destination:            dac_dat_a_reg[6]/D
                            (rising edge-triggered cell FDRE clocked by pll_dac_clk_1x  {rise@0.000ns fall@4.000ns period=8.000ns})
  Path Group:             pll_dac_clk_1x
  Path Type:              Setup (Max at Slow Process Corner)
  Requirement:            8.000ns  (pll_dac_clk_1x rise@8.000ns - pll_adc_clk rise@0.000ns)
  Data Path Delay:        4.386ns  (logic 1.631ns (37.186%)  route 2.755ns (62.814%))
  Logic Levels:           4  (CARRY4=2 LUT1=1 LUT2=1)
  Clock Path Skew:        -0.357ns (DCD - SCD + CPR)
    Destination Clock Delay (DCD):    -2.290ns = ( 5.710 - 8.000 ) 
    Source Clock Delay      (SCD):    -2.647ns
    Clock Pessimism Removal (CPR):    -0.714ns
  Clock Uncertainty:      0.189ns  ((TSJ^2 + DJ^2)^1/2) / 2 + PE
    Total System Jitter     (TSJ):    0.071ns
    Discrete Jitter          (DJ):    0.118ns
    Phase Error              (PE):    0.120ns

    Location             Delay type                Incr(ns)  Path(ns)    Netlist Resource(s)
  -------------------------------------------------------------------    -------------------
                         (clock pll_adc_clk rise edge)
                                                      0.000     0.000 r  
    U18                                               0.000     0.000 r  adc_clk_p_i (IN)
                         net (fo=0)                   0.000     0.000    adc_clk_p_i
    U18                  IBUFDS (Prop_ibufds_I_O)     0.983     0.983 r  i_clk/O
                         net (fo=1, routed)           1.306     2.289    pll/adc_clk_in
    PLLE2_ADV_X0Y0       PLLE2_ADV (Prop_plle2_adv_CLKIN1_CLKOUT0)
                                                     -8.533    -6.244 r  pll/pll/CLKOUT0
                         net (fo=1, routed)           1.754    -4.490    lopt_2
    BUFGCTRL_X0Y0        BUFG (Prop_bufg_I_O)         0.101    -4.389 r  bufg_adc_clk/O
                         net (fo=15663, routed)       1.742    -2.647    dpll_wrapper_inst/VCO_inst0/ps_sys_clk
    DSP48_X1Y32          DSP48E1                                      r  dpll_wrapper_inst/VCO_inst0/ARG/CLK
  -------------------------------------------------------------------    -------------------
    DSP48_X1Y32          DSP48E1 (Prop_dsp48e1_CLK_P[18])
                                                      0.434    -2.213 r  dpll_wrapper_inst/VCO_inst0/ARG/P[18]
                         net (fo=2, routed)           1.222    -0.992    dpll_wrapper_inst/VCO_inst0/RESIZE0_in[1]
    SLICE_X30Y80         LUT2 (Prop_lut2_I0_O)        0.124    -0.868 r  dpll_wrapper_inst/VCO_inst0/VCO_DAC_out_carry_i_3/O
                         net (fo=1, routed)           0.000    -0.868    dpll_wrapper_inst/VCO_inst0/VCO_DAC_out_carry_i_3_n_0
    SLICE_X30Y80         CARRY4 (Prop_carry4_S[1]_CO[3])
                                                      0.533    -0.335 r  dpll_wrapper_inst/VCO_inst0/VCO_DAC_out_carry/CO[3]
                         net (fo=1, routed)           0.000    -0.335    dpll_wrapper_inst/VCO_inst0/VCO_DAC_out_carry_n_0
    SLICE_X30Y81         CARRY4 (Prop_carry4_CI_O[2])
                                                      0.239    -0.096 f  dpll_wrapper_inst/VCO_inst0/VCO_DAC_out_carry__0/O[2]
                         net (fo=1, routed)           1.534     1.438    dpll_wrapper_inst/VCO_inst0/DACout0[6]
    SLICE_X42Y69         LUT1 (Prop_lut1_I0_O)        0.301     1.739 r  dpll_wrapper_inst/VCO_inst0/dac_dat_a[6]_i_1/O
                         net (fo=1, routed)           0.000     1.739    dpll_wrapper_inst_n_62
    SLICE_X42Y69         FDRE                                         r  dac_dat_a_reg[6]/D
  -------------------------------------------------------------------    -------------------

                         (clock pll_dac_clk_1x rise edge)
                                                      8.000     8.000 r  
    U18                                               0.000     8.000 r  adc_clk_p_i (IN)
                         net (fo=0)                   0.000     8.000    adc_clk_p_i
    U18                  IBUFDS (Prop_ibufds_I_O)     0.940     8.940 r  i_clk/O
                         net (fo=1, routed)           1.181    10.121    pll/adc_clk_in
    PLLE2_ADV_X0Y0       PLLE2_ADV (Prop_plle2_adv_CLKIN1_CLKOUT1)
                                                     -7.650     2.470 r  pll/pll/CLKOUT1
                         net (fo=1, routed)           1.594     4.065    pll_dac_clk_1x
    BUFGCTRL_X0Y3        BUFG (Prop_bufg_I_O)         0.091     4.156 r  bufg_dac_clk_1x/O
                         net (fo=45, routed)          1.555     5.710    dac_clk_1x
    SLICE_X42Y69         FDRE                                         r  dac_dat_a_reg[6]/C
                         clock pessimism             -0.714     4.996    
                         clock uncertainty           -0.189     4.807    
    SLICE_X42Y69         FDRE (Setup_fdre_C_D)        0.077     4.884    dac_dat_a_reg[6]
  -------------------------------------------------------------------
                         required time                          4.884    
                         arrival time                          -1.739    
  -------------------------------------------------------------------
                         slack                                  3.145    

Slack (MET) :             3.358ns  (required time - arrival time)
  Source:                 dpll_wrapper_inst/VCO_inst0/ARG/CLK
                            (rising edge-triggered cell DSP48E1 clocked by pll_adc_clk  {rise@0.000ns fall@4.000ns period=8.000ns})
  Destination:            dac_dat_a_reg[5]/D
                            (rising edge-triggered cell FDRE clocked by pll_dac_clk_1x  {rise@0.000ns fall@4.000ns period=8.000ns})
  Path Group:             pll_dac_clk_1x
  Path Type:              Setup (Max at Slow Process Corner)
  Requirement:            8.000ns  (pll_dac_clk_1x rise@8.000ns - pll_adc_clk rise@0.000ns)
  Data Path Delay:        4.178ns  (logic 1.720ns (41.164%)  route 2.458ns (58.836%))
  Logic Levels:           4  (CARRY4=2 LUT1=1 LUT2=1)
  Clock Path Skew:        -0.356ns (DCD - SCD + CPR)
    Destination Clock Delay (DCD):    -2.289ns = ( 5.711 - 8.000 ) 
    Source Clock Delay      (SCD):    -2.647ns
    Clock Pessimism Removal (CPR):    -0.714ns
  Clock Uncertainty:      0.189ns  ((TSJ^2 + DJ^2)^1/2) / 2 + PE
    Total System Jitter     (TSJ):    0.071ns
    Discrete Jitter          (DJ):    0.118ns
    Phase Error              (PE):    0.120ns

    Location             Delay type                Incr(ns)  Path(ns)    Netlist Resource(s)
  -------------------------------------------------------------------    -------------------
                         (clock pll_adc_clk rise edge)
                                                      0.000     0.000 r  
    U18                                               0.000     0.000 r  adc_clk_p_i (IN)
                         net (fo=0)                   0.000     0.000    adc_clk_p_i
    U18                  IBUFDS (Prop_ibufds_I_O)     0.983     0.983 r  i_clk/O
                         net (fo=1, routed)           1.306     2.289    pll/adc_clk_in
    PLLE2_ADV_X0Y0       PLLE2_ADV (Prop_plle2_adv_CLKIN1_CLKOUT0)
                                                     -8.533    -6.244 r  pll/pll/CLKOUT0
                         net (fo=1, routed)           1.754    -4.490    lopt_2
    BUFGCTRL_X0Y0        BUFG (Prop_bufg_I_O)         0.101    -4.389 r  bufg_adc_clk/O
                         net (fo=15663, routed)       1.742    -2.647    dpll_wrapper_inst/VCO_inst0/ps_sys_clk
    DSP48_X1Y32          DSP48E1                                      r  dpll_wrapper_inst/VCO_inst0/ARG/CLK
  -------------------------------------------------------------------    -------------------
    DSP48_X1Y32          DSP48E1 (Prop_dsp48e1_CLK_P[18])
                                                      0.434    -2.213 r  dpll_wrapper_inst/VCO_inst0/ARG/P[18]
                         net (fo=2, routed)           1.222    -0.992    dpll_wrapper_inst/VCO_inst0/RESIZE0_in[1]
    SLICE_X30Y80         LUT2 (Prop_lut2_I0_O)        0.124    -0.868 r  dpll_wrapper_inst/VCO_inst0/VCO_DAC_out_carry_i_3/O
                         net (fo=1, routed)           0.000    -0.868    dpll_wrapper_inst/VCO_inst0/VCO_DAC_out_carry_i_3_n_0
    SLICE_X30Y80         CARRY4 (Prop_carry4_S[1]_CO[3])
                                                      0.533    -0.335 r  dpll_wrapper_inst/VCO_inst0/VCO_DAC_out_carry/CO[3]
                         net (fo=1, routed)           0.000    -0.335    dpll_wrapper_inst/VCO_inst0/VCO_DAC_out_carry_n_0
    SLICE_X30Y81         CARRY4 (Prop_carry4_CI_O[1])
                                                      0.323    -0.012 f  dpll_wrapper_inst/VCO_inst0/VCO_DAC_out_carry__0/O[1]
                         net (fo=1, routed)           1.237     1.225    dpll_wrapper_inst/VCO_inst0/DACout0[5]
    SLICE_X42Y81         LUT1 (Prop_lut1_I0_O)        0.306     1.531 r  dpll_wrapper_inst/VCO_inst0/dac_dat_a[5]_i_1/O
                         net (fo=1, routed)           0.000     1.531    dpll_wrapper_inst_n_63
    SLICE_X42Y81         FDRE                                         r  dac_dat_a_reg[5]/D
  -------------------------------------------------------------------    -------------------

                         (clock pll_dac_clk_1x rise edge)
                                                      8.000     8.000 r  
    U18                                               0.000     8.000 r  adc_clk_p_i (IN)
                         net (fo=0)                   0.000     8.000    adc_clk_p_i
    U18                  IBUFDS (Prop_ibufds_I_O)     0.940     8.940 r  i_clk/O
                         net (fo=1, routed)           1.181    10.121    pll/adc_clk_in
    PLLE2_ADV_X0Y0       PLLE2_ADV (Prop_plle2_adv_CLKIN1_CLKOUT1)
                                                     -7.650     2.470 r  pll/pll/CLKOUT1
                         net (fo=1, routed)           1.594     4.065    pll_dac_clk_1x
    BUFGCTRL_X0Y3        BUFG (Prop_bufg_I_O)         0.091     4.156 r  bufg_dac_clk_1x/O
                         net (fo=45, routed)          1.556     5.711    dac_clk_1x
    SLICE_X42Y81         FDRE                                         r  dac_dat_a_reg[5]/C
                         clock pessimism             -0.714     4.997    
                         clock uncertainty           -0.189     4.808    
    SLICE_X42Y81         FDRE (Setup_fdre_C_D)        0.081     4.889    dac_dat_a_reg[5]
  -------------------------------------------------------------------
                         required time                          4.889    
                         arrival time                          -1.531    
  -------------------------------------------------------------------
                         slack                                  3.358    

Slack (MET) :             3.432ns  (required time - arrival time)
  Source:                 dpll_wrapper_inst/VCO_inst0/ARG/CLK
                            (rising edge-triggered cell DSP48E1 clocked by pll_adc_clk  {rise@0.000ns fall@4.000ns period=8.000ns})
  Destination:            dac_dat_a_reg[12]/D
                            (rising edge-triggered cell FDRE clocked by pll_dac_clk_1x  {rise@0.000ns fall@4.000ns period=8.000ns})
  Path Group:             pll_dac_clk_1x
  Path Type:              Setup (Max at Slow Process Corner)
  Requirement:            8.000ns  (pll_dac_clk_1x rise@8.000ns - pll_adc_clk rise@0.000ns)
  Data Path Delay:        4.062ns  (logic 1.839ns (45.269%)  route 2.223ns (54.731%))
  Logic Levels:           6  (CARRY4=4 LUT1=1 LUT2=1)
  Clock Path Skew:        -0.346ns (DCD - SCD + CPR)
    Destination Clock Delay (DCD):    -2.279ns = ( 5.721 - 8.000 ) 
    Source Clock Delay      (SCD):    -2.647ns
    Clock Pessimism Removal (CPR):    -0.714ns
  Clock Uncertainty:      0.189ns  ((TSJ^2 + DJ^2)^1/2) / 2 + PE
    Total System Jitter     (TSJ):    0.071ns
    Discrete Jitter          (DJ):    0.118ns
    Phase Error              (PE):    0.120ns

    Location             Delay type                Incr(ns)  Path(ns)    Netlist Resource(s)
  -------------------------------------------------------------------    -------------------
                         (clock pll_adc_clk rise edge)
                                                      0.000     0.000 r  
    U18                                               0.000     0.000 r  adc_clk_p_i (IN)
                         net (fo=0)                   0.000     0.000    adc_clk_p_i
    U18                  IBUFDS (Prop_ibufds_I_O)     0.983     0.983 r  i_clk/O
                         net (fo=1, routed)           1.306     2.289    pll/adc_clk_in
    PLLE2_ADV_X0Y0       PLLE2_ADV (Prop_plle2_adv_CLKIN1_CLKOUT0)
                                                     -8.533    -6.244 r  pll/pll/CLKOUT0
                         net (fo=1, routed)           1.754    -4.490    lopt_2
    BUFGCTRL_X0Y0        BUFG (Prop_bufg_I_O)         0.101    -4.389 r  bufg_adc_clk/O
                         net (fo=15663, routed)       1.742    -2.647    dpll_wrapper_inst/VCO_inst0/ps_sys_clk
    DSP48_X1Y32          DSP48E1                                      r  dpll_wrapper_inst/VCO_inst0/ARG/CLK
  -------------------------------------------------------------------    -------------------
    DSP48_X1Y32          DSP48E1 (Prop_dsp48e1_CLK_P[18])
                                                      0.434    -2.213 r  dpll_wrapper_inst/VCO_inst0/ARG/P[18]
                         net (fo=2, routed)           1.222    -0.992    dpll_wrapper_inst/VCO_inst0/RESIZE0_in[1]
    SLICE_X30Y80         LUT2 (Prop_lut2_I0_O)        0.124    -0.868 r  dpll_wrapper_inst/VCO_inst0/VCO_DAC_out_carry_i_3/O
                         net (fo=1, routed)           0.000    -0.868    dpll_wrapper_inst/VCO_inst0/VCO_DAC_out_carry_i_3_n_0
    SLICE_X30Y80         CARRY4 (Prop_carry4_S[1]_CO[3])
                                                      0.533    -0.335 r  dpll_wrapper_inst/VCO_inst0/VCO_DAC_out_carry/CO[3]
                         net (fo=1, routed)           0.000    -0.335    dpll_wrapper_inst/VCO_inst0/VCO_DAC_out_carry_n_0
    SLICE_X30Y81         CARRY4 (Prop_carry4_CI_CO[3])
                                                      0.117    -0.218 r  dpll_wrapper_inst/VCO_inst0/VCO_DAC_out_carry__0/CO[3]
                         net (fo=1, routed)           0.000    -0.218    dpll_wrapper_inst/VCO_inst0/VCO_DAC_out_carry__0_n_0
    SLICE_X30Y82         CARRY4 (Prop_carry4_CI_CO[3])
                                                      0.117    -0.101 r  dpll_wrapper_inst/VCO_inst0/VCO_DAC_out_carry__1/CO[3]
                         net (fo=1, routed)           0.000    -0.101    dpll_wrapper_inst/VCO_inst0/VCO_DAC_out_carry__1_n_0
    SLICE_X30Y83         CARRY4 (Prop_carry4_CI_O[0])
                                                      0.219     0.118 f  dpll_wrapper_inst/VCO_inst0/VCO_DAC_out_carry__2/O[0]
                         net (fo=1, routed)           1.002     1.120    dpll_wrapper_inst/VCO_inst0/DACout0[12]
    SLICE_X43Y95         LUT1 (Prop_lut1_I0_O)        0.295     1.415 r  dpll_wrapper_inst/VCO_inst0/dac_dat_a[12]_i_1/O
                         net (fo=1, routed)           0.000     1.415    dpll_wrapper_inst_n_56
    SLICE_X43Y95         FDRE                                         r  dac_dat_a_reg[12]/D
  -------------------------------------------------------------------    -------------------

                         (clock pll_dac_clk_1x rise edge)
                                                      8.000     8.000 r  
    U18                                               0.000     8.000 r  adc_clk_p_i (IN)
                         net (fo=0)                   0.000     8.000    adc_clk_p_i
    U18                  IBUFDS (Prop_ibufds_I_O)     0.940     8.940 r  i_clk/O
                         net (fo=1, routed)           1.181    10.121    pll/adc_clk_in
    PLLE2_ADV_X0Y0       PLLE2_ADV (Prop_plle2_adv_CLKIN1_CLKOUT1)
                                                     -7.650     2.470 r  pll/pll/CLKOUT1
                         net (fo=1, routed)           1.594     4.065    pll_dac_clk_1x
    BUFGCTRL_X0Y3        BUFG (Prop_bufg_I_O)         0.091     4.156 r  bufg_dac_clk_1x/O
                         net (fo=45, routed)          1.566     5.721    dac_clk_1x
    SLICE_X43Y95         FDRE                                         r  dac_dat_a_reg[12]/C
                         clock pessimism             -0.714     5.007    
                         clock uncertainty           -0.189     4.818    
    SLICE_X43Y95         FDRE (Setup_fdre_C_D)        0.029     4.847    dac_dat_a_reg[12]
  -------------------------------------------------------------------
                         required time                          4.847    
                         arrival time                          -1.415    
  -------------------------------------------------------------------
                         slack                                  3.432    

Slack (MET) :             3.508ns  (required time - arrival time)
  Source:                 dpll_wrapper_inst/VCO_inst0/ARG/CLK
                            (rising edge-triggered cell DSP48E1 clocked by pll_adc_clk  {rise@0.000ns fall@4.000ns period=8.000ns})
  Destination:            dac_dat_a_reg[8]/D
                            (rising edge-triggered cell FDRE clocked by pll_dac_clk_1x  {rise@0.000ns fall@4.000ns period=8.000ns})
  Path Group:             pll_dac_clk_1x
  Path Type:              Setup (Max at Slow Process Corner)
  Requirement:            8.000ns  (pll_dac_clk_1x rise@8.000ns - pll_adc_clk rise@0.000ns)
  Data Path Delay:        3.976ns  (logic 1.722ns (43.311%)  route 2.254ns (56.689%))
  Logic Levels:           5  (CARRY4=3 LUT1=1 LUT2=1)
  Clock Path Skew:        -0.358ns (DCD - SCD + CPR)
    Destination Clock Delay (DCD):    -2.291ns = ( 5.709 - 8.000 ) 
    Source Clock Delay      (SCD):    -2.647ns
    Clock Pessimism Removal (CPR):    -0.714ns
  Clock Uncertainty:      0.189ns  ((TSJ^2 + DJ^2)^1/2) / 2 + PE
    Total System Jitter     (TSJ):    0.071ns
    Discrete Jitter          (DJ):    0.118ns
    Phase Error              (PE):    0.120ns

    Location             Delay type                Incr(ns)  Path(ns)    Netlist Resource(s)
  -------------------------------------------------------------------    -------------------
                         (clock pll_adc_clk rise edge)
                                                      0.000     0.000 r  
    U18                                               0.000     0.000 r  adc_clk_p_i (IN)
                         net (fo=0)                   0.000     0.000    adc_clk_p_i
    U18                  IBUFDS (Prop_ibufds_I_O)     0.983     0.983 r  i_clk/O
                         net (fo=1, routed)           1.306     2.289    pll/adc_clk_in
    PLLE2_ADV_X0Y0       PLLE2_ADV (Prop_plle2_adv_CLKIN1_CLKOUT0)
                                                     -8.533    -6.244 r  pll/pll/CLKOUT0
                         net (fo=1, routed)           1.754    -4.490    lopt_2
    BUFGCTRL_X0Y0        BUFG (Prop_bufg_I_O)         0.101    -4.389 r  bufg_adc_clk/O
                         net (fo=15663, routed)       1.742    -2.647    dpll_wrapper_inst/VCO_inst0/ps_sys_clk
    DSP48_X1Y32          DSP48E1                                      r  dpll_wrapper_inst/VCO_inst0/ARG/CLK
  -------------------------------------------------------------------    -------------------
    DSP48_X1Y32          DSP48E1 (Prop_dsp48e1_CLK_P[18])
                                                      0.434    -2.213 r  dpll_wrapper_inst/VCO_inst0/ARG/P[18]
                         net (fo=2, routed)           1.222    -0.992    dpll_wrapper_inst/VCO_inst0/RESIZE0_in[1]
    SLICE_X30Y80         LUT2 (Prop_lut2_I0_O)        0.124    -0.868 r  dpll_wrapper_inst/VCO_inst0/VCO_DAC_out_carry_i_3/O
                         net (fo=1, routed)           0.000    -0.868    dpll_wrapper_inst/VCO_inst0/VCO_DAC_out_carry_i_3_n_0
    SLICE_X30Y80         CARRY4 (Prop_carry4_S[1]_CO[3])
                                                      0.533    -0.335 r  dpll_wrapper_inst/VCO_inst0/VCO_DAC_out_carry/CO[3]
                         net (fo=1, routed)           0.000    -0.335    dpll_wrapper_inst/VCO_inst0/VCO_DAC_out_carry_n_0
    SLICE_X30Y81         CARRY4 (Prop_carry4_CI_CO[3])
                                                      0.117    -0.218 r  dpll_wrapper_inst/VCO_inst0/VCO_DAC_out_carry__0/CO[3]
                         net (fo=1, routed)           0.000    -0.218    dpll_wrapper_inst/VCO_inst0/VCO_DAC_out_carry__0_n_0
    SLICE_X30Y82         CARRY4 (Prop_carry4_CI_O[0])
                                                      0.219     0.001 f  dpll_wrapper_inst/VCO_inst0/VCO_DAC_out_carry__1/O[0]
                         net (fo=1, routed)           1.032     1.034    dpll_wrapper_inst/VCO_inst0/DACout0[8]
    SLICE_X40Y71         LUT1 (Prop_lut1_I0_O)        0.295     1.329 r  dpll_wrapper_inst/VCO_inst0/dac_dat_a[8]_i_1/O
                         net (fo=1, routed)           0.000     1.329    dpll_wrapper_inst_n_60
    SLICE_X40Y71         FDRE                                         r  dac_dat_a_reg[8]/D
  -------------------------------------------------------------------    -------------------

                         (clock pll_dac_clk_1x rise edge)
                                                      8.000     8.000 r  
    U18                                               0.000     8.000 r  adc_clk_p_i (IN)
                         net (fo=0)                   0.000     8.000    adc_clk_p_i
    U18                  IBUFDS (Prop_ibufds_I_O)     0.940     8.940 r  i_clk/O
                         net (fo=1, routed)           1.181    10.121    pll/adc_clk_in
    PLLE2_ADV_X0Y0       PLLE2_ADV (Prop_plle2_adv_CLKIN1_CLKOUT1)
                                                     -7.650     2.470 r  pll/pll/CLKOUT1
                         net (fo=1, routed)           1.594     4.065    pll_dac_clk_1x
    BUFGCTRL_X0Y3        BUFG (Prop_bufg_I_O)         0.091     4.156 r  bufg_dac_clk_1x/O
                         net (fo=45, routed)          1.554     5.709    dac_clk_1x
    SLICE_X40Y71         FDRE                                         r  dac_dat_a_reg[8]/C
                         clock pessimism             -0.714     4.995    
                         clock uncertainty           -0.189     4.806    
    SLICE_X40Y71         FDRE (Setup_fdre_C_D)        0.031     4.837    dac_dat_a_reg[8]
  -------------------------------------------------------------------
                         required time                          4.837    
                         arrival time                          -1.329    
  -------------------------------------------------------------------
                         slack                                  3.508    

Slack (MET) :             3.693ns  (required time - arrival time)
  Source:                 dpll_wrapper_inst/VCO_inst0/ARG/CLK
                            (rising edge-triggered cell DSP48E1 clocked by pll_adc_clk  {rise@0.000ns fall@4.000ns period=8.000ns})
  Destination:            dac_dat_a_reg[2]/D
                            (rising edge-triggered cell FDRE clocked by pll_dac_clk_1x  {rise@0.000ns fall@4.000ns period=8.000ns})
  Path Group:             pll_dac_clk_1x
  Path Type:              Setup (Max at Slow Process Corner)
  Requirement:            8.000ns  (pll_dac_clk_1x rise@8.000ns - pll_adc_clk rise@0.000ns)
  Data Path Delay:        3.841ns  (logic 1.437ns (37.407%)  route 2.404ns (62.593%))
  Logic Levels:           3  (CARRY4=1 LUT1=1 LUT2=1)
  Clock Path Skew:        -0.354ns (DCD - SCD + CPR)
    Destination Clock Delay (DCD):    -2.287ns = ( 5.713 - 8.000 ) 
    Source Clock Delay      (SCD):    -2.647ns
    Clock Pessimism Removal (CPR):    -0.714ns
  Clock Uncertainty:      0.189ns  ((TSJ^2 + DJ^2)^1/2) / 2 + PE
    Total System Jitter     (TSJ):    0.071ns
    Discrete Jitter          (DJ):    0.118ns
    Phase Error              (PE):    0.120ns

    Location             Delay type                Incr(ns)  Path(ns)    Netlist Resource(s)
  -------------------------------------------------------------------    -------------------
                         (clock pll_adc_clk rise edge)
                                                      0.000     0.000 r  
    U18                                               0.000     0.000 r  adc_clk_p_i (IN)
                         net (fo=0)                   0.000     0.000    adc_clk_p_i
    U18                  IBUFDS (Prop_ibufds_I_O)     0.983     0.983 r  i_clk/O
                         net (fo=1, routed)           1.306     2.289    pll/adc_clk_in
    PLLE2_ADV_X0Y0       PLLE2_ADV (Prop_plle2_adv_CLKIN1_CLKOUT0)
                                                     -8.533    -6.244 r  pll/pll/CLKOUT0
                         net (fo=1, routed)           1.754    -4.490    lopt_2
    BUFGCTRL_X0Y0        BUFG (Prop_bufg_I_O)         0.101    -4.389 r  bufg_adc_clk/O
                         net (fo=15663, routed)       1.742    -2.647    dpll_wrapper_inst/VCO_inst0/ps_sys_clk
    DSP48_X1Y32          DSP48E1                                      r  dpll_wrapper_inst/VCO_inst0/ARG/CLK
  -------------------------------------------------------------------    -------------------
    DSP48_X1Y32          DSP48E1 (Prop_dsp48e1_CLK_P[18])
                                                      0.434    -2.213 r  dpll_wrapper_inst/VCO_inst0/ARG/P[18]
                         net (fo=2, routed)           1.222    -0.992    dpll_wrapper_inst/VCO_inst0/RESIZE0_in[1]
    SLICE_X30Y80         LUT2 (Prop_lut2_I0_O)        0.124    -0.868 r  dpll_wrapper_inst/VCO_inst0/VCO_DAC_out_carry_i_3/O
                         net (fo=1, routed)           0.000    -0.868    dpll_wrapper_inst/VCO_inst0/VCO_DAC_out_carry_i_3_n_0
    SLICE_X30Y80         CARRY4 (Prop_carry4_S[1]_O[2])
                                                      0.578    -0.290 f  dpll_wrapper_inst/VCO_inst0/VCO_DAC_out_carry/O[2]
                         net (fo=1, routed)           1.183     0.893    dpll_wrapper_inst/VCO_inst0/DACout0[2]
    SLICE_X42Y82         LUT1 (Prop_lut1_I0_O)        0.301     1.194 r  dpll_wrapper_inst/VCO_inst0/dac_dat_a[2]_i_1/O
                         net (fo=1, routed)           0.000     1.194    dpll_wrapper_inst_n_66
    SLICE_X42Y82         FDRE                                         r  dac_dat_a_reg[2]/D
  -------------------------------------------------------------------    -------------------

                         (clock pll_dac_clk_1x rise edge)
                                                      8.000     8.000 r  
    U18                                               0.000     8.000 r  adc_clk_p_i (IN)
                         net (fo=0)                   0.000     8.000    adc_clk_p_i
    U18                  IBUFDS (Prop_ibufds_I_O)     0.940     8.940 r  i_clk/O
                         net (fo=1, routed)           1.181    10.121    pll/adc_clk_in
    PLLE2_ADV_X0Y0       PLLE2_ADV (Prop_plle2_adv_CLKIN1_CLKOUT1)
                                                     -7.650     2.470 r  pll/pll/CLKOUT1
                         net (fo=1, routed)           1.594     4.065    pll_dac_clk_1x
    BUFGCTRL_X0Y3        BUFG (Prop_bufg_I_O)         0.091     4.156 r  bufg_dac_clk_1x/O
                         net (fo=45, routed)          1.558     5.713    dac_clk_1x
    SLICE_X42Y82         FDRE                                         r  dac_dat_a_reg[2]/C
                         clock pessimism             -0.714     4.999    
                         clock uncertainty           -0.189     4.810    
    SLICE_X42Y82         FDRE (Setup_fdre_C_D)        0.077     4.887    dac_dat_a_reg[2]
  -------------------------------------------------------------------
                         required time                          4.887    
                         arrival time                          -1.194    
  -------------------------------------------------------------------
                         slack                                  3.693    

Slack (MET) :             3.886ns  (required time - arrival time)
  Source:                 dpll_wrapper_inst/VCO_inst0/ARG/CLK
                            (rising edge-triggered cell DSP48E1 clocked by pll_adc_clk  {rise@0.000ns fall@4.000ns period=8.000ns})
  Destination:            dac_dat_a_reg[3]/D
                            (rising edge-triggered cell FDRE clocked by pll_dac_clk_1x  {rise@0.000ns fall@4.000ns period=8.000ns})
  Path Group:             pll_dac_clk_1x
  Path Type:              Setup (Max at Slow Process Corner)
  Requirement:            8.000ns  (pll_dac_clk_1x rise@8.000ns - pll_adc_clk rise@0.000ns)
  Data Path Delay:        3.598ns  (logic 1.508ns (41.907%)  route 2.090ns (58.093%))
  Logic Levels:           3  (CARRY4=1 LUT1=1 LUT2=1)
  Clock Path Skew:        -0.356ns (DCD - SCD + CPR)
    Destination Clock Delay (DCD):    -2.289ns = ( 5.711 - 8.000 ) 
    Source Clock Delay      (SCD):    -2.647ns
    Clock Pessimism Removal (CPR):    -0.714ns
  Clock Uncertainty:      0.189ns  ((TSJ^2 + DJ^2)^1/2) / 2 + PE
    Total System Jitter     (TSJ):    0.071ns
    Discrete Jitter          (DJ):    0.118ns
    Phase Error              (PE):    0.120ns

    Location             Delay type                Incr(ns)  Path(ns)    Netlist Resource(s)
  -------------------------------------------------------------------    -------------------
                         (clock pll_adc_clk rise edge)
                                                      0.000     0.000 r  
    U18                                               0.000     0.000 r  adc_clk_p_i (IN)
                         net (fo=0)                   0.000     0.000    adc_clk_p_i
    U18                  IBUFDS (Prop_ibufds_I_O)     0.983     0.983 r  i_clk/O
                         net (fo=1, routed)           1.306     2.289    pll/adc_clk_in
    PLLE2_ADV_X0Y0       PLLE2_ADV (Prop_plle2_adv_CLKIN1_CLKOUT0)
                                                     -8.533    -6.244 r  pll/pll/CLKOUT0
                         net (fo=1, routed)           1.754    -4.490    lopt_2
    BUFGCTRL_X0Y0        BUFG (Prop_bufg_I_O)         0.101    -4.389 r  bufg_adc_clk/O
                         net (fo=15663, routed)       1.742    -2.647    dpll_wrapper_inst/VCO_inst0/ps_sys_clk
    DSP48_X1Y32          DSP48E1                                      r  dpll_wrapper_inst/VCO_inst0/ARG/CLK
  -------------------------------------------------------------------    -------------------
    DSP48_X1Y32          DSP48E1 (Prop_dsp48e1_CLK_P[18])
                                                      0.434    -2.213 r  dpll_wrapper_inst/VCO_inst0/ARG/P[18]
                         net (fo=2, routed)           1.222    -0.992    dpll_wrapper_inst/VCO_inst0/RESIZE0_in[1]
    SLICE_X30Y80         LUT2 (Prop_lut2_I0_O)        0.124    -0.868 r  dpll_wrapper_inst/VCO_inst0/VCO_DAC_out_carry_i_3/O
                         net (fo=1, routed)           0.000    -0.868    dpll_wrapper_inst/VCO_inst0/VCO_DAC_out_carry_i_3_n_0
    SLICE_X30Y80         CARRY4 (Prop_carry4_S[1]_O[3])
                                                      0.643    -0.225 f  dpll_wrapper_inst/VCO_inst0/VCO_DAC_out_carry/O[3]
                         net (fo=1, routed)           0.869     0.644    dpll_wrapper_inst/VCO_inst0/DACout0[3]
    SLICE_X43Y81         LUT1 (Prop_lut1_I0_O)        0.307     0.951 r  dpll_wrapper_inst/VCO_inst0/dac_dat_a[3]_i_1/O
                         net (fo=1, routed)           0.000     0.951    dpll_wrapper_inst_n_65
    SLICE_X43Y81         FDRE                                         r  dac_dat_a_reg[3]/D
  -------------------------------------------------------------------    -------------------

                         (clock pll_dac_clk_1x rise edge)
                                                      8.000     8.000 r  
    U18                                               0.000     8.000 r  adc_clk_p_i (IN)
                         net (fo=0)                   0.000     8.000    adc_clk_p_i
    U18                  IBUFDS (Prop_ibufds_I_O)     0.940     8.940 r  i_clk/O
                         net (fo=1, routed)           1.181    10.121    pll/adc_clk_in
    PLLE2_ADV_X0Y0       PLLE2_ADV (Prop_plle2_adv_CLKIN1_CLKOUT1)
                                                     -7.650     2.470 r  pll/pll/CLKOUT1
                         net (fo=1, routed)           1.594     4.065    pll_dac_clk_1x
    BUFGCTRL_X0Y3        BUFG (Prop_bufg_I_O)         0.091     4.156 r  bufg_dac_clk_1x/O
                         net (fo=45, routed)          1.556     5.711    dac_clk_1x
    SLICE_X43Y81         FDRE                                         r  dac_dat_a_reg[3]/C
                         clock pessimism             -0.714     4.997    
                         clock uncertainty           -0.189     4.808    
    SLICE_X43Y81         FDRE (Setup_fdre_C_D)        0.029     4.837    dac_dat_a_reg[3]
  -------------------------------------------------------------------
                         required time                          4.837    
                         arrival time                          -0.951    
  -------------------------------------------------------------------
                         slack                                  3.886    





Min Delay Paths
--------------------------------------------------------------------------------------
Slack (MET) :             0.029ns  (arrival time - required time)
  Source:                 dpll_wrapper_inst/VCO_inst0/ARG/CLK
                            (rising edge-triggered cell DSP48E1 clocked by pll_adc_clk  {rise@0.000ns fall@4.000ns period=8.000ns})
  Destination:            dac_dat_a_reg[13]/D
                            (rising edge-triggered cell FDRE clocked by pll_dac_clk_1x  {rise@0.000ns fall@4.000ns period=8.000ns})
  Path Group:             pll_dac_clk_1x
  Path Type:              Hold (Min at Fast Process Corner)
  Requirement:            0.000ns  (pll_dac_clk_1x rise@0.000ns - pll_adc_clk rise@0.000ns)
  Data Path Delay:        0.582ns  (logic 0.384ns (65.949%)  route 0.198ns (34.051%))
  Logic Levels:           2  (CARRY4=2)
  Clock Path Skew:        0.230ns (DCD - SCD - CPR)
    Destination Clock Delay (DCD):    -0.236ns
    Source Clock Delay      (SCD):    -0.227ns
    Clock Pessimism Removal (CPR):    -0.239ns
  Clock Uncertainty:      0.189ns  ((TSJ^2 + DJ^2)^1/2) / 2 + PE
    Total System Jitter     (TSJ):    0.071ns
    Discrete Jitter          (DJ):    0.118ns
    Phase Error              (PE):    0.120ns

    Location             Delay type                Incr(ns)  Path(ns)    Netlist Resource(s)
  -------------------------------------------------------------------    -------------------
                         (clock pll_adc_clk rise edge)
                                                      0.000     0.000 r  
    U18                                               0.000     0.000 r  adc_clk_p_i (IN)
                         net (fo=0)                   0.000     0.000    adc_clk_p_i
    U18                  IBUFDS (Prop_ibufds_I_O)     0.401     0.401 r  i_clk/O
                         net (fo=1, routed)           0.440     0.842    pll/adc_clk_in
    PLLE2_ADV_X0Y0       PLLE2_ADV (Prop_plle2_adv_CLKIN1_CLKOUT0)
                                                     -2.234    -1.393 r  pll/pll/CLKOUT0
                         net (fo=1, routed)           0.497    -0.896    lopt_2
    BUFGCTRL_X0Y0        BUFG (Prop_bufg_I_O)         0.026    -0.870 r  bufg_adc_clk/O
                         net (fo=15663, routed)       0.643    -0.227    dpll_wrapper_inst/VCO_inst0/ps_sys_clk
    DSP48_X1Y32          DSP48E1                                      r  dpll_wrapper_inst/VCO_inst0/ARG/CLK
  -------------------------------------------------------------------    -------------------
    DSP48_X1Y32          DSP48E1 (Prop_dsp48e1_CLK_P[25])
                                                      0.126    -0.101 r  dpll_wrapper_inst/VCO_inst0/ARG/P[25]
                         net (fo=2, routed)           0.198     0.098    dpll_wrapper_inst/VCO_inst0/RESIZE0_in[8]
    SLICE_X30Y82         CARRY4 (Prop_carry4_DI[0]_CO[3])
                                                      0.169     0.267 r  dpll_wrapper_inst/VCO_inst0/VCO_DAC_out_carry__1/CO[3]
                         net (fo=1, routed)           0.000     0.267    dpll_wrapper_inst/VCO_inst0/VCO_DAC_out_carry__1_n_0
    SLICE_X30Y83         CARRY4 (Prop_carry4_CI_O[1])
                                                      0.089     0.356 r  dpll_wrapper_inst/VCO_inst0/VCO_DAC_out_carry__2/O[1]
                         net (fo=1, routed)           0.000     0.356    DACout0[13]
    SLICE_X30Y83         FDRE                                         r  dac_dat_a_reg[13]/D
  -------------------------------------------------------------------    -------------------

                         (clock pll_dac_clk_1x rise edge)
                                                      0.000     0.000 r  
    U18                                               0.000     0.000 r  adc_clk_p_i (IN)
                         net (fo=0)                   0.000     0.000    adc_clk_p_i
    U18                  IBUFDS (Prop_ibufds_I_O)     0.433     0.433 r  i_clk/O
                         net (fo=1, routed)           0.481     0.914    pll/adc_clk_in
    PLLE2_ADV_X0Y0       PLLE2_ADV (Prop_plle2_adv_CLKIN1_CLKOUT1)
                                                     -2.546    -1.632 r  pll/pll/CLKOUT1
                         net (fo=1, routed)           0.544    -1.088    pll_dac_clk_1x
    BUFGCTRL_X0Y3        BUFG (Prop_bufg_I_O)         0.029    -1.059 r  bufg_dac_clk_1x/O
                         net (fo=45, routed)          0.823    -0.236    dac_clk_1x
    SLICE_X30Y83         FDRE                                         r  dac_dat_a_reg[13]/C
                         clock pessimism              0.239     0.003    
                         clock uncertainty            0.189     0.192    
    SLICE_X30Y83         FDRE (Hold_fdre_C_D)         0.134     0.326    dac_dat_a_reg[13]
  -------------------------------------------------------------------
                         required time                         -0.326    
                         arrival time                           0.356    
  -------------------------------------------------------------------
                         slack                                  0.029    

Slack (MET) :             0.147ns  (arrival time - required time)
  Source:                 dpll_wrapper_inst/debug_dac_formatter_inst/dac_sample_reg[0]_inv/C
                            (rising edge-triggered cell FDSE clocked by pll_adc_clk  {rise@0.000ns fall@4.000ns period=8.000ns})
  Destination:            dac_dat_b_reg[0]/D
                            (rising edge-triggered cell FDRE clocked by pll_dac_clk_1x  {rise@0.000ns fall@4.000ns period=8.000ns})
  Path Group:             pll_dac_clk_1x
  Path Type:              Hold (Min at Fast Process Corner)
  Requirement:            0.000ns  (pll_dac_clk_1x rise@0.000ns - pll_adc_clk rise@0.000ns)
  Data Path Delay:        0.741ns  (logic 0.141ns (19.025%)  route 0.600ns (80.975%))
  Logic Levels:           0  
  Clock Path Skew:        0.320ns (DCD - SCD - CPR)
    Destination Clock Delay (DCD):    -0.200ns
    Source Clock Delay      (SCD):    -0.281ns
    Clock Pessimism Removal (CPR):    -0.239ns
  Clock Uncertainty:      0.189ns  ((TSJ^2 + DJ^2)^1/2) / 2 + PE
    Total System Jitter     (TSJ):    0.071ns
    Discrete Jitter          (DJ):    0.118ns
    Phase Error              (PE):    0.120ns

    Location             Delay type                Incr(ns)  Path(ns)    Netlist Resource(s)
  -------------------------------------------------------------------    -------------------
                         (clock pll_adc_clk rise edge)
                                                      0.000     0.000 r  
    U18                                               0.000     0.000 r  adc_clk_p_i (IN)
                         net (fo=0)                   0.000     0.000    adc_clk_p_i
    U18                  IBUFDS (Prop_ibufds_I_O)     0.401     0.401 r  i_clk/O
                         net (fo=1, routed)           0.440     0.842    pll/adc_clk_in
    PLLE2_ADV_X0Y0       PLLE2_ADV (Prop_plle2_adv_CLKIN1_CLKOUT0)
                                                     -2.234    -1.393 r  pll/pll/CLKOUT0
                         net (fo=1, routed)           0.497    -0.896    lopt_2
    BUFGCTRL_X0Y0        BUFG (Prop_bufg_I_O)         0.026    -0.870 r  bufg_adc_clk/O
                         net (fo=15663, routed)       0.589    -0.281    dpll_wrapper_inst/debug_dac_formatter_inst/ps_sys_clk
    SLICE_X43Y91         FDSE                                         r  dpll_wrapper_inst/debug_dac_formatter_inst/dac_sample_reg[0]_inv/C
  -------------------------------------------------------------------    -------------------
    SLICE_X43Y91         FDSE (Prop_fdse_C_Q)         0.141    -0.140 r  dpll_wrapper_inst/debug_dac_formatter_inst/dac_sample_reg[0]_inv/Q
                         net (fo=1, routed)           0.600     0.460    dpll_wrapper_inst_n_54
    SLICE_X42Y90         FDRE                                         r  dac_dat_b_reg[0]/D
  -------------------------------------------------------------------    -------------------

                         (clock pll_dac_clk_1x rise edge)
                                                      0.000     0.000 r  
    U18                                               0.000     0.000 r  adc_clk_p_i (IN)
                         net (fo=0)                   0.000     0.000    adc_clk_p_i
    U18                  IBUFDS (Prop_ibufds_I_O)     0.433     0.433 r  i_clk/O
                         net (fo=1, routed)           0.481     0.914    pll/adc_clk_in
    PLLE2_ADV_X0Y0       PLLE2_ADV (Prop_plle2_adv_CLKIN1_CLKOUT1)
                                                     -2.546    -1.632 r  pll/pll/CLKOUT1
                         net (fo=1, routed)           0.544    -1.088    pll_dac_clk_1x
    BUFGCTRL_X0Y3        BUFG (Prop_bufg_I_O)         0.029    -1.059 r  bufg_dac_clk_1x/O
                         net (fo=45, routed)          0.859    -0.200    dac_clk_1x
    SLICE_X42Y90         FDRE                                         r  dac_dat_b_reg[0]/C
                         clock pessimism              0.239     0.039    
                         clock uncertainty            0.189     0.228    
    SLICE_X42Y90         FDRE (Hold_fdre_C_D)         0.085     0.313    dac_dat_b_reg[0]
  -------------------------------------------------------------------
                         required time                         -0.313    
                         arrival time                           0.460    
  -------------------------------------------------------------------
                         slack                                  0.147    

Slack (MET) :             0.180ns  (arrival time - required time)
  Source:                 dpll_wrapper_inst/debug_dac_formatter_inst/dac_sample_reg[3]_inv/C
                            (rising edge-triggered cell FDSE clocked by pll_adc_clk  {rise@0.000ns fall@4.000ns period=8.000ns})
  Destination:            dac_dat_b_reg[3]/D
                            (rising edge-triggered cell FDRE clocked by pll_dac_clk_1x  {rise@0.000ns fall@4.000ns period=8.000ns})
  Path Group:             pll_dac_clk_1x
  Path Type:              Hold (Min at Fast Process Corner)
  Requirement:            0.000ns  (pll_dac_clk_1x rise@0.000ns - pll_adc_clk rise@0.000ns)
  Data Path Delay:        0.758ns  (logic 0.141ns (18.613%)  route 0.617ns (81.387%))
  Logic Levels:           0  
  Clock Path Skew:        0.313ns (DCD - SCD - CPR)
    Destination Clock Delay (DCD):    -0.208ns
    Source Clock Delay      (SCD):    -0.282ns
    Clock Pessimism Removal (CPR):    -0.239ns
  Clock Uncertainty:      0.189ns  ((TSJ^2 + DJ^2)^1/2) / 2 + PE
    Total System Jitter     (TSJ):    0.071ns
    Discrete Jitter          (DJ):    0.118ns
    Phase Error              (PE):    0.120ns

    Location             Delay type                Incr(ns)  Path(ns)    Netlist Resource(s)
  -------------------------------------------------------------------    -------------------
                         (clock pll_adc_clk rise edge)
                                                      0.000     0.000 r  
    U18                                               0.000     0.000 r  adc_clk_p_i (IN)
                         net (fo=0)                   0.000     0.000    adc_clk_p_i
    U18                  IBUFDS (Prop_ibufds_I_O)     0.401     0.401 r  i_clk/O
                         net (fo=1, routed)           0.440     0.842    pll/adc_clk_in
    PLLE2_ADV_X0Y0       PLLE2_ADV (Prop_plle2_adv_CLKIN1_CLKOUT0)
                                                     -2.234    -1.393 r  pll/pll/CLKOUT0
                         net (fo=1, routed)           0.497    -0.896    lopt_2
    BUFGCTRL_X0Y0        BUFG (Prop_bufg_I_O)         0.026    -0.870 r  bufg_adc_clk/O
                         net (fo=15663, routed)       0.588    -0.282    dpll_wrapper_inst/debug_dac_formatter_inst/ps_sys_clk
    SLICE_X43Y88         FDSE                                         r  dpll_wrapper_inst/debug_dac_formatter_inst/dac_sample_reg[3]_inv/C
  -------------------------------------------------------------------    -------------------
    SLICE_X43Y88         FDSE (Prop_fdse_C_Q)         0.141    -0.141 r  dpll_wrapper_inst/debug_dac_formatter_inst/dac_sample_reg[3]_inv/Q
                         net (fo=1, routed)           0.617     0.475    dpll_wrapper_inst_n_51
    SLICE_X43Y81         FDRE                                         r  dac_dat_b_reg[3]/D
  -------------------------------------------------------------------    -------------------

                         (clock pll_dac_clk_1x rise edge)
                                                      0.000     0.000 r  
    U18                                               0.000     0.000 r  adc_clk_p_i (IN)
                         net (fo=0)                   0.000     0.000    adc_clk_p_i
    U18                  IBUFDS (Prop_ibufds_I_O)     0.433     0.433 r  i_clk/O
                         net (fo=1, routed)           0.481     0.914    pll/adc_clk_in
    PLLE2_ADV_X0Y0       PLLE2_ADV (Prop_plle2_adv_CLKIN1_CLKOUT1)
                                                     -2.546    -1.632 r  pll/pll/CLKOUT1
                         net (fo=1, routed)           0.544    -1.088    pll_dac_clk_1x
    BUFGCTRL_X0Y3        BUFG (Prop_bufg_I_O)         0.029    -1.059 r  bufg_dac_clk_1x/O
                         net (fo=45, routed)          0.851    -0.208    dac_clk_1x
    SLICE_X43Y81         FDRE                                         r  dac_dat_b_reg[3]/C
                         clock pessimism              0.239     0.031    
                         clock uncertainty            0.189     0.220    
    SLICE_X43Y81         FDRE (Hold_fdre_C_D)         0.075     0.295    dac_dat_b_reg[3]
  -------------------------------------------------------------------
                         required time                         -0.295    
                         arrival time                           0.475    
  -------------------------------------------------------------------
                         slack                                  0.180    

Slack (MET) :             0.190ns  (arrival time - required time)
  Source:                 dpll_wrapper_inst/debug_dac_formatter_inst/dac_sample_reg[2]_inv/C
                            (rising edge-triggered cell FDSE clocked by pll_adc_clk  {rise@0.000ns fall@4.000ns period=8.000ns})
  Destination:            dac_dat_b_reg[2]/D
                            (rising edge-triggered cell FDRE clocked by pll_dac_clk_1x  {rise@0.000ns fall@4.000ns period=8.000ns})
  Path Group:             pll_dac_clk_1x
  Path Type:              Hold (Min at Fast Process Corner)
  Requirement:            0.000ns  (pll_dac_clk_1x rise@0.000ns - pll_adc_clk rise@0.000ns)
  Data Path Delay:        0.755ns  (logic 0.141ns (18.681%)  route 0.614ns (81.319%))
  Logic Levels:           0  
  Clock Path Skew:        0.316ns (DCD - SCD - CPR)
    Destination Clock Delay (DCD):    -0.205ns
    Source Clock Delay      (SCD):    -0.282ns
    Clock Pessimism Removal (CPR):    -0.239ns
  Clock Uncertainty:      0.189ns  ((TSJ^2 + DJ^2)^1/2) / 2 + PE
    Total System Jitter     (TSJ):    0.071ns
    Discrete Jitter          (DJ):    0.118ns
    Phase Error              (PE):    0.120ns

    Location             Delay type                Incr(ns)  Path(ns)    Netlist Resource(s)
  -------------------------------------------------------------------    -------------------
                         (clock pll_adc_clk rise edge)
                                                      0.000     0.000 r  
    U18                                               0.000     0.000 r  adc_clk_p_i (IN)
                         net (fo=0)                   0.000     0.000    adc_clk_p_i
    U18                  IBUFDS (Prop_ibufds_I_O)     0.401     0.401 r  i_clk/O
                         net (fo=1, routed)           0.440     0.842    pll/adc_clk_in
    PLLE2_ADV_X0Y0       PLLE2_ADV (Prop_plle2_adv_CLKIN1_CLKOUT0)
                                                     -2.234    -1.393 r  pll/pll/CLKOUT0
                         net (fo=1, routed)           0.497    -0.896    lopt_2
    BUFGCTRL_X0Y0        BUFG (Prop_bufg_I_O)         0.026    -0.870 r  bufg_adc_clk/O
                         net (fo=15663, routed)       0.588    -0.282    dpll_wrapper_inst/debug_dac_formatter_inst/ps_sys_clk
    SLICE_X40Y89         FDSE                                         r  dpll_wrapper_inst/debug_dac_formatter_inst/dac_sample_reg[2]_inv/C
  -------------------------------------------------------------------    -------------------
    SLICE_X40Y89         FDSE (Prop_fdse_C_Q)         0.141    -0.141 r  dpll_wrapper_inst/debug_dac_formatter_inst/dac_sample_reg[2]_inv/Q
                         net (fo=1, routed)           0.614     0.473    dpll_wrapper_inst_n_52
    SLICE_X42Y84         FDRE                                         r  dac_dat_b_reg[2]/D
  -------------------------------------------------------------------    -------------------

                         (clock pll_dac_clk_1x rise edge)
                                                      0.000     0.000 r  
    U18                                               0.000     0.000 r  adc_clk_p_i (IN)
                         net (fo=0)                   0.000     0.000    adc_clk_p_i
    U18                  IBUFDS (Prop_ibufds_I_O)     0.433     0.433 r  i_clk/O
                         net (fo=1, routed)           0.481     0.914    pll/adc_clk_in
    PLLE2_ADV_X0Y0       PLLE2_ADV (Prop_plle2_adv_CLKIN1_CLKOUT1)
                                                     -2.546    -1.632 r  pll/pll/CLKOUT1
                         net (fo=1, routed)           0.544    -1.088    pll_dac_clk_1x
    BUFGCTRL_X0Y3        BUFG (Prop_bufg_I_O)         0.029    -1.059 r  bufg_dac_clk_1x/O
                         net (fo=45, routed)          0.854    -0.205    dac_clk_1x
    SLICE_X42Y84         FDRE                                         r  dac_dat_b_reg[2]/C
                         clock pessimism              0.239     0.034    
                         clock uncertainty            0.189     0.223    
    SLICE_X42Y84         FDRE (Hold_fdre_C_D)         0.059     0.282    dac_dat_b_reg[2]
  -------------------------------------------------------------------
                         required time                         -0.282    
                         arrival time                           0.473    
  -------------------------------------------------------------------
                         slack                                  0.190    

Slack (MET) :             0.198ns  (arrival time - required time)
  Source:                 dpll_wrapper_inst/debug_dac_formatter_inst/dac_sample_reg[5]_inv/C
                            (rising edge-triggered cell FDSE clocked by pll_adc_clk  {rise@0.000ns fall@4.000ns period=8.000ns})
  Destination:            dac_dat_b_reg[5]/D
                            (rising edge-triggered cell FDRE clocked by pll_dac_clk_1x  {rise@0.000ns fall@4.000ns period=8.000ns})
  Path Group:             pll_dac_clk_1x
  Path Type:              Hold (Min at Fast Process Corner)
  Requirement:            0.000ns  (pll_dac_clk_1x rise@0.000ns - pll_adc_clk rise@0.000ns)
  Data Path Delay:        0.756ns  (logic 0.141ns (18.656%)  route 0.615ns (81.344%))
  Logic Levels:           0  
  Clock Path Skew:        0.316ns (DCD - SCD - CPR)
    Destination Clock Delay (DCD):    -0.205ns
    Source Clock Delay      (SCD):    -0.282ns
    Clock Pessimism Removal (CPR):    -0.239ns
  Clock Uncertainty:      0.189ns  ((TSJ^2 + DJ^2)^1/2) / 2 + PE
    Total System Jitter     (TSJ):    0.071ns
    Discrete Jitter          (DJ):    0.118ns
    Phase Error              (PE):    0.120ns

    Location             Delay type                Incr(ns)  Path(ns)    Netlist Resource(s)
  -------------------------------------------------------------------    -------------------
                         (clock pll_adc_clk rise edge)
                                                      0.000     0.000 r  
    U18                                               0.000     0.000 r  adc_clk_p_i (IN)
                         net (fo=0)                   0.000     0.000    adc_clk_p_i
    U18                  IBUFDS (Prop_ibufds_I_O)     0.401     0.401 r  i_clk/O
                         net (fo=1, routed)           0.440     0.842    pll/adc_clk_in
    PLLE2_ADV_X0Y0       PLLE2_ADV (Prop_plle2_adv_CLKIN1_CLKOUT0)
                                                     -2.234    -1.393 r  pll/pll/CLKOUT0
                         net (fo=1, routed)           0.497    -0.896    lopt_2
    BUFGCTRL_X0Y0        BUFG (Prop_bufg_I_O)         0.026    -0.870 r  bufg_adc_clk/O
                         net (fo=15663, routed)       0.588    -0.282    dpll_wrapper_inst/debug_dac_formatter_inst/ps_sys_clk
    SLICE_X43Y89         FDSE                                         r  dpll_wrapper_inst/debug_dac_formatter_inst/dac_sample_reg[5]_inv/C
  -------------------------------------------------------------------    -------------------
    SLICE_X43Y89         FDSE (Prop_fdse_C_Q)         0.141    -0.141 r  dpll_wrapper_inst/debug_dac_formatter_inst/dac_sample_reg[5]_inv/Q
                         net (fo=1, routed)           0.615     0.474    dpll_wrapper_inst_n_49
    SLICE_X42Y84         FDRE                                         r  dac_dat_b_reg[5]/D
  -------------------------------------------------------------------    -------------------

                         (clock pll_dac_clk_1x rise edge)
                                                      0.000     0.000 r  
    U18                                               0.000     0.000 r  adc_clk_p_i (IN)
                         net (fo=0)                   0.000     0.000    adc_clk_p_i
    U18                  IBUFDS (Prop_ibufds_I_O)     0.433     0.433 r  i_clk/O
                         net (fo=1, routed)           0.481     0.914    pll/adc_clk_in
    PLLE2_ADV_X0Y0       PLLE2_ADV (Prop_plle2_adv_CLKIN1_CLKOUT1)
                                                     -2.546    -1.632 r  pll/pll/CLKOUT1
                         net (fo=1, routed)           0.544    -1.088    pll_dac_clk_1x
    BUFGCTRL_X0Y3        BUFG (Prop_bufg_I_O)         0.029    -1.059 r  bufg_dac_clk_1x/O
                         net (fo=45, routed)          0.854    -0.205    dac_clk_1x
    SLICE_X42Y84         FDRE                                         r  dac_dat_b_reg[5]/C
                         clock pessimism              0.239     0.034    
                         clock uncertainty            0.189     0.223    
    SLICE_X42Y84         FDRE (Hold_fdre_C_D)         0.052     0.275    dac_dat_b_reg[5]
  -------------------------------------------------------------------
                         required time                         -0.275    
                         arrival time                           0.474    
  -------------------------------------------------------------------
                         slack                                  0.198    

Slack (MET) :             0.204ns  (arrival time - required time)
  Source:                 dpll_wrapper_inst/debug_dac_formatter_inst/dac_sample_reg[7]_inv/C
                            (rising edge-triggered cell FDSE clocked by pll_adc_clk  {rise@0.000ns fall@4.000ns period=8.000ns})
  Destination:            dac_dat_b_reg[7]/D
                            (rising edge-triggered cell FDRE clocked by pll_dac_clk_1x  {rise@0.000ns fall@4.000ns period=8.000ns})
  Path Group:             pll_dac_clk_1x
  Path Type:              Hold (Min at Fast Process Corner)
  Requirement:            0.000ns  (pll_dac_clk_1x rise@0.000ns - pll_adc_clk rise@0.000ns)
  Data Path Delay:        0.779ns  (logic 0.141ns (18.098%)  route 0.638ns (81.902%))
  Logic Levels:           0  
  Clock Path Skew:        0.311ns (DCD - SCD - CPR)
    Destination Clock Delay (DCD):    -0.210ns
    Source Clock Delay      (SCD):    -0.282ns
    Clock Pessimism Removal (CPR):    -0.239ns
  Clock Uncertainty:      0.189ns  ((TSJ^2 + DJ^2)^1/2) / 2 + PE
    Total System Jitter     (TSJ):    0.071ns
    Discrete Jitter          (DJ):    0.118ns
    Phase Error              (PE):    0.120ns

    Location             Delay type                Incr(ns)  Path(ns)    Netlist Resource(s)
  -------------------------------------------------------------------    -------------------
                         (clock pll_adc_clk rise edge)
                                                      0.000     0.000 r  
    U18                                               0.000     0.000 r  adc_clk_p_i (IN)
                         net (fo=0)                   0.000     0.000    adc_clk_p_i
    U18                  IBUFDS (Prop_ibufds_I_O)     0.401     0.401 r  i_clk/O
                         net (fo=1, routed)           0.440     0.842    pll/adc_clk_in
    PLLE2_ADV_X0Y0       PLLE2_ADV (Prop_plle2_adv_CLKIN1_CLKOUT0)
                                                     -2.234    -1.393 r  pll/pll/CLKOUT0
                         net (fo=1, routed)           0.497    -0.896    lopt_2
    BUFGCTRL_X0Y0        BUFG (Prop_bufg_I_O)         0.026    -0.870 r  bufg_adc_clk/O
                         net (fo=15663, routed)       0.588    -0.282    dpll_wrapper_inst/debug_dac_formatter_inst/ps_sys_clk
    SLICE_X43Y89         FDSE                                         r  dpll_wrapper_inst/debug_dac_formatter_inst/dac_sample_reg[7]_inv/C
  -------------------------------------------------------------------    -------------------
    SLICE_X43Y89         FDSE (Prop_fdse_C_Q)         0.141    -0.141 r  dpll_wrapper_inst/debug_dac_formatter_inst/dac_sample_reg[7]_inv/Q
                         net (fo=1, routed)           0.638     0.497    dpll_wrapper_inst_n_47
    SLICE_X43Y70         FDRE                                         r  dac_dat_b_reg[7]/D
  -------------------------------------------------------------------    -------------------

                         (clock pll_dac_clk_1x rise edge)
                                                      0.000     0.000 r  
    U18                                               0.000     0.000 r  adc_clk_p_i (IN)
                         net (fo=0)                   0.000     0.000    adc_clk_p_i
    U18                  IBUFDS (Prop_ibufds_I_O)     0.433     0.433 r  i_clk/O
                         net (fo=1, routed)           0.481     0.914    pll/adc_clk_in
    PLLE2_ADV_X0Y0       PLLE2_ADV (Prop_plle2_adv_CLKIN1_CLKOUT1)
                                                     -2.546    -1.632 r  pll/pll/CLKOUT1
                         net (fo=1, routed)           0.544    -1.088    pll_dac_clk_1x
    BUFGCTRL_X0Y3        BUFG (Prop_bufg_I_O)         0.029    -1.059 r  bufg_dac_clk_1x/O
                         net (fo=45, routed)          0.849    -0.210    dac_clk_1x
    SLICE_X43Y70         FDRE                                         r  dac_dat_b_reg[7]/C
                         clock pessimism              0.239     0.029    
                         clock uncertainty            0.189     0.218    
    SLICE_X43Y70         FDRE (Hold_fdre_C_D)         0.075     0.293    dac_dat_b_reg[7]
  -------------------------------------------------------------------
                         required time                         -0.293    
                         arrival time                           0.497    
  -------------------------------------------------------------------
                         slack                                  0.204    

Slack (MET) :             0.222ns  (arrival time - required time)
  Source:                 dpll_wrapper_inst/debug_dac_formatter_inst/dac_sample_reg[4]_inv/C
                            (rising edge-triggered cell FDSE clocked by pll_adc_clk  {rise@0.000ns fall@4.000ns period=8.000ns})
  Destination:            dac_dat_b_reg[4]/D
                            (rising edge-triggered cell FDRE clocked by pll_dac_clk_1x  {rise@0.000ns fall@4.000ns period=8.000ns})
  Path Group:             pll_dac_clk_1x
  Path Type:              Hold (Min at Fast Process Corner)
  Requirement:            0.000ns  (pll_dac_clk_1x rise@0.000ns - pll_adc_clk rise@0.000ns)
  Data Path Delay:        0.814ns  (logic 0.141ns (17.316%)  route 0.673ns (82.684%))
  Logic Levels:           0  
  Clock Path Skew:        0.320ns (DCD - SCD - CPR)
    Destination Clock Delay (DCD):    -0.201ns
    Source Clock Delay      (SCD):    -0.282ns
    Clock Pessimism Removal (CPR):    -0.239ns
  Clock Uncertainty:      0.189ns  ((TSJ^2 + DJ^2)^1/2) / 2 + PE
    Total System Jitter     (TSJ):    0.071ns
    Discrete Jitter          (DJ):    0.118ns
    Phase Error              (PE):    0.120ns

    Location             Delay type                Incr(ns)  Path(ns)    Netlist Resource(s)
  -------------------------------------------------------------------    -------------------
                         (clock pll_adc_clk rise edge)
                                                      0.000     0.000 r  
    U18                                               0.000     0.000 r  adc_clk_p_i (IN)
                         net (fo=0)                   0.000     0.000    adc_clk_p_i
    U18                  IBUFDS (Prop_ibufds_I_O)     0.401     0.401 r  i_clk/O
                         net (fo=1, routed)           0.440     0.842    pll/adc_clk_in
    PLLE2_ADV_X0Y0       PLLE2_ADV (Prop_plle2_adv_CLKIN1_CLKOUT0)
                                                     -2.234    -1.393 r  pll/pll/CLKOUT0
                         net (fo=1, routed)           0.497    -0.896    lopt_2
    BUFGCTRL_X0Y0        BUFG (Prop_bufg_I_O)         0.026    -0.870 r  bufg_adc_clk/O
                         net (fo=15663, routed)       0.588    -0.282    dpll_wrapper_inst/debug_dac_formatter_inst/ps_sys_clk
    SLICE_X40Y89         FDSE                                         r  dpll_wrapper_inst/debug_dac_formatter_inst/dac_sample_reg[4]_inv/C
  -------------------------------------------------------------------    -------------------
    SLICE_X40Y89         FDSE (Prop_fdse_C_Q)         0.141    -0.141 r  dpll_wrapper_inst/debug_dac_formatter_inst/dac_sample_reg[4]_inv/Q
                         net (fo=1, routed)           0.673     0.532    dpll_wrapper_inst_n_50
    SLICE_X42Y88         FDRE                                         r  dac_dat_b_reg[4]/D
  -------------------------------------------------------------------    -------------------

                         (clock pll_dac_clk_1x rise edge)
                                                      0.000     0.000 r  
    U18                                               0.000     0.000 r  adc_clk_p_i (IN)
                         net (fo=0)                   0.000     0.000    adc_clk_p_i
    U18                  IBUFDS (Prop_ibufds_I_O)     0.433     0.433 r  i_clk/O
                         net (fo=1, routed)           0.481     0.914    pll/adc_clk_in
    PLLE2_ADV_X0Y0       PLLE2_ADV (Prop_plle2_adv_CLKIN1_CLKOUT1)
                                                     -2.546    -1.632 r  pll/pll/CLKOUT1
                         net (fo=1, routed)           0.544    -1.088    pll_dac_clk_1x
    BUFGCTRL_X0Y3        BUFG (Prop_bufg_I_O)         0.029    -1.059 r  bufg_dac_clk_1x/O
                         net (fo=45, routed)          0.858    -0.201    dac_clk_1x
    SLICE_X42Y88         FDRE                                         r  dac_dat_b_reg[4]/C
                         clock pessimism              0.239     0.038    
                         clock uncertainty            0.189     0.227    
    SLICE_X42Y88         FDRE (Hold_fdre_C_D)         0.083     0.310    dac_dat_b_reg[4]
  -------------------------------------------------------------------
                         required time                         -0.310    
                         arrival time                           0.532    
  -------------------------------------------------------------------
                         slack                                  0.222    

Slack (MET) :             0.276ns  (arrival time - required time)
  Source:                 dpll_wrapper_inst/debug_dac_formatter_inst/dac_sample_reg[1]_inv/C
                            (rising edge-triggered cell FDSE clocked by pll_adc_clk  {rise@0.000ns fall@4.000ns period=8.000ns})
  Destination:            dac_dat_b_reg[1]/D
                            (rising edge-triggered cell FDRE clocked by pll_dac_clk_1x  {rise@0.000ns fall@4.000ns period=8.000ns})
  Path Group:             pll_dac_clk_1x
  Path Type:              Hold (Min at Fast Process Corner)
  Requirement:            0.000ns  (pll_dac_clk_1x rise@0.000ns - pll_adc_clk rise@0.000ns)
  Data Path Delay:        0.874ns  (logic 0.141ns (16.135%)  route 0.733ns (83.865%))
  Logic Levels:           0  
  Clock Path Skew:        0.320ns (DCD - SCD - CPR)
    Destination Clock Delay (DCD):    -0.201ns
    Source Clock Delay      (SCD):    -0.282ns
    Clock Pessimism Removal (CPR):    -0.239ns
  Clock Uncertainty:      0.189ns  ((TSJ^2 + DJ^2)^1/2) / 2 + PE
    Total System Jitter     (TSJ):    0.071ns
    Discrete Jitter          (DJ):    0.118ns
    Phase Error              (PE):    0.120ns

    Location             Delay type                Incr(ns)  Path(ns)    Netlist Resource(s)
  -------------------------------------------------------------------    -------------------
                         (clock pll_adc_clk rise edge)
                                                      0.000     0.000 r  
    U18                                               0.000     0.000 r  adc_clk_p_i (IN)
                         net (fo=0)                   0.000     0.000    adc_clk_p_i
    U18                  IBUFDS (Prop_ibufds_I_O)     0.401     0.401 r  i_clk/O
                         net (fo=1, routed)           0.440     0.842    pll/adc_clk_in
    PLLE2_ADV_X0Y0       PLLE2_ADV (Prop_plle2_adv_CLKIN1_CLKOUT0)
                                                     -2.234    -1.393 r  pll/pll/CLKOUT0
                         net (fo=1, routed)           0.497    -0.896    lopt_2
    BUFGCTRL_X0Y0        BUFG (Prop_bufg_I_O)         0.026    -0.870 r  bufg_adc_clk/O
                         net (fo=15663, routed)       0.588    -0.282    dpll_wrapper_inst/debug_dac_formatter_inst/ps_sys_clk
    SLICE_X43Y88         FDSE                                         r  dpll_wrapper_inst/debug_dac_formatter_inst/dac_sample_reg[1]_inv/C
  -------------------------------------------------------------------    -------------------
    SLICE_X43Y88         FDSE (Prop_fdse_C_Q)         0.141    -0.141 r  dpll_wrapper_inst/debug_dac_formatter_inst/dac_sample_reg[1]_inv/Q
                         net (fo=1, routed)           0.733     0.592    dpll_wrapper_inst_n_53
    SLICE_X42Y88         FDRE                                         r  dac_dat_b_reg[1]/D
  -------------------------------------------------------------------    -------------------

                         (clock pll_dac_clk_1x rise edge)
                                                      0.000     0.000 r  
    U18                                               0.000     0.000 r  adc_clk_p_i (IN)
                         net (fo=0)                   0.000     0.000    adc_clk_p_i
    U18                  IBUFDS (Prop_ibufds_I_O)     0.433     0.433 r  i_clk/O
                         net (fo=1, routed)           0.481     0.914    pll/adc_clk_in
    PLLE2_ADV_X0Y0       PLLE2_ADV (Prop_plle2_adv_CLKIN1_CLKOUT1)
                                                     -2.546    -1.632 r  pll/pll/CLKOUT1
                         net (fo=1, routed)           0.544    -1.088    pll_dac_clk_1x
    BUFGCTRL_X0Y3        BUFG (Prop_bufg_I_O)         0.029    -1.059 r  bufg_dac_clk_1x/O
                         net (fo=45, routed)          0.858    -0.201    dac_clk_1x
    SLICE_X42Y88         FDRE                                         r  dac_dat_b_reg[1]/C
                         clock pessimism              0.239     0.038    
                         clock uncertainty            0.189     0.227    
    SLICE_X42Y88         FDRE (Hold_fdre_C_D)         0.089     0.316    dac_dat_b_reg[1]
  -------------------------------------------------------------------
                         required time                         -0.316    
                         arrival time                           0.592    
  -------------------------------------------------------------------
                         slack                                  0.276    

Slack (MET) :             0.286ns  (arrival time - required time)
  Source:                 dpll_wrapper_inst/debug_dac_formatter_inst/dac_sample_reg[11]_inv/C
                            (rising edge-triggered cell FDSE clocked by pll_adc_clk  {rise@0.000ns fall@4.000ns period=8.000ns})
  Destination:            dac_dat_b_reg[11]/D
                            (rising edge-triggered cell FDRE clocked by pll_dac_clk_1x  {rise@0.000ns fall@4.000ns period=8.000ns})
  Path Group:             pll_dac_clk_1x
  Path Type:              Hold (Min at Fast Process Corner)
  Requirement:            0.000ns  (pll_dac_clk_1x rise@0.000ns - pll_adc_clk rise@0.000ns)
  Data Path Delay:        0.842ns  (logic 0.141ns (16.747%)  route 0.701ns (83.253%))
  Logic Levels:           0  
  Clock Path Skew:        0.308ns (DCD - SCD - CPR)
    Destination Clock Delay (DCD):    -0.212ns
    Source Clock Delay      (SCD):    -0.281ns
    Clock Pessimism Removal (CPR):    -0.239ns
  Clock Uncertainty:      0.189ns  ((TSJ^2 + DJ^2)^1/2) / 2 + PE
    Total System Jitter     (TSJ):    0.071ns
    Discrete Jitter          (DJ):    0.118ns
    Phase Error              (PE):    0.120ns

    Location             Delay type                Incr(ns)  Path(ns)    Netlist Resource(s)
  -------------------------------------------------------------------    -------------------
                         (clock pll_adc_clk rise edge)
                                                      0.000     0.000 r  
    U18                                               0.000     0.000 r  adc_clk_p_i (IN)
                         net (fo=0)                   0.000     0.000    adc_clk_p_i
    U18                  IBUFDS (Prop_ibufds_I_O)     0.401     0.401 r  i_clk/O
                         net (fo=1, routed)           0.440     0.842    pll/adc_clk_in
    PLLE2_ADV_X0Y0       PLLE2_ADV (Prop_plle2_adv_CLKIN1_CLKOUT0)
                                                     -2.234    -1.393 r  pll/pll/CLKOUT0
                         net (fo=1, routed)           0.497    -0.896    lopt_2
    BUFGCTRL_X0Y0        BUFG (Prop_bufg_I_O)         0.026    -0.870 r  bufg_adc_clk/O
                         net (fo=15663, routed)       0.589    -0.281    dpll_wrapper_inst/debug_dac_formatter_inst/ps_sys_clk
    SLICE_X40Y90         FDSE                                         r  dpll_wrapper_inst/debug_dac_formatter_inst/dac_sample_reg[11]_inv/C
  -------------------------------------------------------------------    -------------------
    SLICE_X40Y90         FDSE (Prop_fdse_C_Q)         0.141    -0.140 r  dpll_wrapper_inst/debug_dac_formatter_inst/dac_sample_reg[11]_inv/Q
                         net (fo=1, routed)           0.701     0.561    dpll_wrapper_inst_n_43
    SLICE_X42Y77         FDRE                                         r  dac_dat_b_reg[11]/D
  -------------------------------------------------------------------    -------------------

                         (clock pll_dac_clk_1x rise edge)
                                                      0.000     0.000 r  
    U18                                               0.000     0.000 r  adc_clk_p_i (IN)
                         net (fo=0)                   0.000     0.000    adc_clk_p_i
    U18                  IBUFDS (Prop_ibufds_I_O)     0.433     0.433 r  i_clk/O
                         net (fo=1, routed)           0.481     0.914    pll/adc_clk_in
    PLLE2_ADV_X0Y0       PLLE2_ADV (Prop_plle2_adv_CLKIN1_CLKOUT1)
                                                     -2.546    -1.632 r  pll/pll/CLKOUT1
                         net (fo=1, routed)           0.544    -1.088    pll_dac_clk_1x
    BUFGCTRL_X0Y3        BUFG (Prop_bufg_I_O)         0.029    -1.059 r  bufg_dac_clk_1x/O
                         net (fo=45, routed)          0.847    -0.212    dac_clk_1x
    SLICE_X42Y77         FDRE                                         r  dac_dat_b_reg[11]/C
                         clock pessimism              0.239     0.027    
                         clock uncertainty            0.189     0.216    
    SLICE_X42Y77         FDRE (Hold_fdre_C_D)         0.059     0.275    dac_dat_b_reg[11]
  -------------------------------------------------------------------
                         required time                         -0.275    
                         arrival time                           0.561    
  -------------------------------------------------------------------
                         slack                                  0.286    

Slack (MET) :             0.292ns  (arrival time - required time)
  Source:                 dpll_wrapper_inst/debug_dac_formatter_inst/dac_sample_reg[12]_inv/C
                            (rising edge-triggered cell FDSE clocked by pll_adc_clk  {rise@0.000ns fall@4.000ns period=8.000ns})
  Destination:            dac_dat_b_reg[12]/D
                            (rising edge-triggered cell FDRE clocked by pll_dac_clk_1x  {rise@0.000ns fall@4.000ns period=8.000ns})
  Path Group:             pll_dac_clk_1x
  Path Type:              Hold (Min at Fast Process Corner)
  Requirement:            0.000ns  (pll_dac_clk_1x rise@0.000ns - pll_adc_clk rise@0.000ns)
  Data Path Delay:        0.890ns  (logic 0.141ns (15.841%)  route 0.749ns (84.159%))
  Logic Levels:           0  
  Clock Path Skew:        0.320ns (DCD - SCD - CPR)
    Destination Clock Delay (DCD):    -0.200ns
    Source Clock Delay      (SCD):    -0.281ns
    Clock Pessimism Removal (CPR):    -0.239ns
  Clock Uncertainty:      0.189ns  ((TSJ^2 + DJ^2)^1/2) / 2 + PE
    Total System Jitter     (TSJ):    0.071ns
    Discrete Jitter          (DJ):    0.118ns
    Phase Error              (PE):    0.120ns

    Location             Delay type                Incr(ns)  Path(ns)    Netlist Resource(s)
  -------------------------------------------------------------------    -------------------
                         (clock pll_adc_clk rise edge)
                                                      0.000     0.000 r  
    U18                                               0.000     0.000 r  adc_clk_p_i (IN)
                         net (fo=0)                   0.000     0.000    adc_clk_p_i
    U18                  IBUFDS (Prop_ibufds_I_O)     0.401     0.401 r  i_clk/O
                         net (fo=1, routed)           0.440     0.842    pll/adc_clk_in
    PLLE2_ADV_X0Y0       PLLE2_ADV (Prop_plle2_adv_CLKIN1_CLKOUT0)
                                                     -2.234    -1.393 r  pll/pll/CLKOUT0
                         net (fo=1, routed)           0.497    -0.896    lopt_2
    BUFGCTRL_X0Y0        BUFG (Prop_bufg_I_O)         0.026    -0.870 r  bufg_adc_clk/O
                         net (fo=15663, routed)       0.589    -0.281    dpll_wrapper_inst/debug_dac_formatter_inst/ps_sys_clk
    SLICE_X40Y90         FDSE                                         r  dpll_wrapper_inst/debug_dac_formatter_inst/dac_sample_reg[12]_inv/C
  -------------------------------------------------------------------    -------------------
    SLICE_X40Y90         FDSE (Prop_fdse_C_Q)         0.141    -0.140 r  dpll_wrapper_inst/debug_dac_formatter_inst/dac_sample_reg[12]_inv/Q
                         net (fo=1, routed)           0.749     0.609    dpll_wrapper_inst_n_42
    SLICE_X42Y90         FDRE                                         r  dac_dat_b_reg[12]/D
  -------------------------------------------------------------------    -------------------

                         (clock pll_dac_clk_1x rise edge)
                                                      0.000     0.000 r  
    U18                                               0.000     0.000 r  adc_clk_p_i (IN)
                         net (fo=0)                   0.000     0.000    adc_clk_p_i
    U18                  IBUFDS (Prop_ibufds_I_O)     0.433     0.433 r  i_clk/O
                         net (fo=1, routed)           0.481     0.914    pll/adc_clk_in
    PLLE2_ADV_X0Y0       PLLE2_ADV (Prop_plle2_adv_CLKIN1_CLKOUT1)
                                                     -2.546    -1.632 r  pll/pll/CLKOUT1
                         net (fo=1, routed)           0.544    -1.088    pll_dac_clk_1x
    BUFGCTRL_X0Y3        BUFG (Prop_bufg_I_O)         0.029    -1.059 r  bufg_dac_clk_1x/O
                         net (fo=45, routed)          0.859    -0.200    dac_clk_1x
    SLICE_X42Y90         FDRE                                         r  dac_dat_b_reg[12]/C
                         clock pessimism              0.239     0.039    
                         clock uncertainty            0.189     0.228    
    SLICE_X42Y90         FDRE (Hold_fdre_C_D)         0.089     0.317    dac_dat_b_reg[12]
  -------------------------------------------------------------------
                         required time                         -0.317    
                         arrival time                           0.609    
  -------------------------------------------------------------------
                         slack                                  0.292    





---------------------------------------------------------------------------------------------------
Path Group:  **async_default**
From Clock:  pll_adc_clk
  To Clock:  pll_adc_clk

Setup :            0  Failing Endpoints,  Worst Slack        0.990ns,  Total Violation        0.000ns
Hold  :            0  Failing Endpoints,  Worst Slack        1.117ns,  Total Violation        0.000ns
---------------------------------------------------------------------------------------------------


Max Delay Paths
--------------------------------------------------------------------------------------
Slack (MET) :             0.990ns  (required time - arrival time)
  Source:                 adc_rstn_reg/C
                            (rising edge-triggered cell FDRE clocked by pll_adc_clk  {rise@0.000ns fall@4.000ns period=8.000ns})
  Destination:            dpll_wrapper_inst/status_response_data_clk_reg[21]/CLR
                            (recovery check against rising-edge clock pll_adc_clk  {rise@0.000ns fall@4.000ns period=8.000ns})
  Path Group:             **async_default**
  Path Type:              Recovery (Max at Slow Process Corner)
  Requirement:            8.000ns  (pll_adc_clk rise@8.000ns - pll_adc_clk rise@0.000ns)
  Data Path Delay:        6.360ns  (logic 0.773ns (12.155%)  route 5.587ns (87.845%))
  Logic Levels:           1  (LUT1=1)
  Clock Path Skew:        -0.262ns (DCD - SCD + CPR)
    Destination Clock Delay (DCD):    -2.366ns = ( 5.634 - 8.000 ) 
    Source Clock Delay      (SCD):    -2.648ns
    Clock Pessimism Removal (CPR):    -0.544ns
  Clock Uncertainty:      0.069ns  ((TSJ^2 + DJ^2)^1/2) / 2 + PE
    Total System Jitter     (TSJ):    0.071ns
    Discrete Jitter          (DJ):    0.118ns
    Phase Error              (PE):    0.000ns

    Location             Delay type                Incr(ns)  Path(ns)    Netlist Resource(s)
  -------------------------------------------------------------------    -------------------
                         (clock pll_adc_clk rise edge)
                                                      0.000     0.000 r  
    U18                                               0.000     0.000 r  adc_clk_p_i (IN)
                         net (fo=0)                   0.000     0.000    adc_clk_p_i
    U18                  IBUFDS (Prop_ibufds_I_O)     0.983     0.983 r  i_clk/O
                         net (fo=1, routed)           1.306     2.289    pll/adc_clk_in
    PLLE2_ADV_X0Y0       PLLE2_ADV (Prop_plle2_adv_CLKIN1_CLKOUT0)
                                                     -8.533    -6.244 r  pll/pll/CLKOUT0
                         net (fo=1, routed)           1.754    -4.490    lopt_2
    BUFGCTRL_X0Y0        BUFG (Prop_bufg_I_O)         0.101    -4.389 r  bufg_adc_clk/O
                         net (fo=15663, routed)       1.741    -2.648    ps_sys_clk
    SLICE_X38Y18         FDRE                                         r  adc_rstn_reg/C
  -------------------------------------------------------------------    -------------------
    SLICE_X38Y18         FDRE (Prop_fdre_C_Q)         0.478    -2.170 r  adc_rstn_reg/Q
                         net (fo=97, routed)          0.485    -1.685    dpll_wrapper_inst/adc_rstn
    SLICE_X38Y18         LUT1 (Prop_lut1_I0_O)        0.295    -1.390 f  dpll_wrapper_inst/write_request_meta_clk_i_1/O
                         net (fo=600, routed)         5.102     3.712    dpll_wrapper_inst/clear
    SLICE_X16Y70         FDCE                                         f  dpll_wrapper_inst/status_response_data_clk_reg[21]/CLR
  -------------------------------------------------------------------    -------------------

                         (clock pll_adc_clk rise edge)
                                                      8.000     8.000 r  
    U18                                               0.000     8.000 r  adc_clk_p_i (IN)
                         net (fo=0)                   0.000     8.000    adc_clk_p_i
    U18                  IBUFDS (Prop_ibufds_I_O)     0.940     8.940 r  i_clk/O
                         net (fo=1, routed)           1.181    10.121    pll/adc_clk_in
    PLLE2_ADV_X0Y0       PLLE2_ADV (Prop_plle2_adv_CLKIN1_CLKOUT0)
                                                     -7.650     2.470 r  pll/pll/CLKOUT0
                         net (fo=1, routed)           1.594     4.065    lopt_2
    BUFGCTRL_X0Y0        BUFG (Prop_bufg_I_O)         0.091     4.156 r  bufg_adc_clk/O
                         net (fo=15663, routed)       1.479     5.634    dpll_wrapper_inst/ps_sys_clk
    SLICE_X16Y70         FDCE                                         r  dpll_wrapper_inst/status_response_data_clk_reg[21]/C
                         clock pessimism             -0.544     5.090    
                         clock uncertainty           -0.069     5.021    
    SLICE_X16Y70         FDCE (Recov_fdce_C_CLR)     -0.319     4.702    dpll_wrapper_inst/status_response_data_clk_reg[21]
  -------------------------------------------------------------------
                         required time                          4.702    
                         arrival time                          -3.712    
  -------------------------------------------------------------------
                         slack                                  0.990    

Slack (MET) :             1.027ns  (required time - arrival time)
  Source:                 adc_rstn_reg/C
                            (rising edge-triggered cell FDRE clocked by pll_adc_clk  {rise@0.000ns fall@4.000ns period=8.000ns})
  Destination:            dpll_wrapper_inst/status_response_data_clk_reg[22]/CLR
                            (recovery check against rising-edge clock pll_adc_clk  {rise@0.000ns fall@4.000ns period=8.000ns})
  Path Group:             **async_default**
  Path Type:              Recovery (Max at Slow Process Corner)
  Requirement:            8.000ns  (pll_adc_clk rise@8.000ns - pll_adc_clk rise@0.000ns)
  Data Path Delay:        6.234ns  (logic 0.773ns (12.400%)  route 5.461ns (87.600%))
  Logic Levels:           1  (LUT1=1)
  Clock Path Skew:        -0.265ns (DCD - SCD + CPR)
    Destination Clock Delay (DCD):    -2.369ns = ( 5.631 - 8.000 ) 
    Source Clock Delay      (SCD):    -2.648ns
    Clock Pessimism Removal (CPR):    -0.544ns
  Clock Uncertainty:      0.069ns  ((TSJ^2 + DJ^2)^1/2) / 2 + PE
    Total System Jitter     (TSJ):    0.071ns
    Discrete Jitter          (DJ):    0.118ns
    Phase Error              (PE):    0.000ns

    Location             Delay type                Incr(ns)  Path(ns)    Netlist Resource(s)
  -------------------------------------------------------------------    -------------------
                         (clock pll_adc_clk rise edge)
                                                      0.000     0.000 r  
    U18                                               0.000     0.000 r  adc_clk_p_i (IN)
                         net (fo=0)                   0.000     0.000    adc_clk_p_i
    U18                  IBUFDS (Prop_ibufds_I_O)     0.983     0.983 r  i_clk/O
                         net (fo=1, routed)           1.306     2.289    pll/adc_clk_in
    PLLE2_ADV_X0Y0       PLLE2_ADV (Prop_plle2_adv_CLKIN1_CLKOUT0)
                                                     -8.533    -6.244 r  pll/pll/CLKOUT0
                         net (fo=1, routed)           1.754    -4.490    lopt_2
    BUFGCTRL_X0Y0        BUFG (Prop_bufg_I_O)         0.101    -4.389 r  bufg_adc_clk/O
                         net (fo=15663, routed)       1.741    -2.648    ps_sys_clk
    SLICE_X38Y18         FDRE                                         r  adc_rstn_reg/C
  -------------------------------------------------------------------    -------------------
    SLICE_X38Y18         FDRE (Prop_fdre_C_Q)         0.478    -2.170 r  adc_rstn_reg/Q
                         net (fo=97, routed)          0.485    -1.685    dpll_wrapper_inst/adc_rstn
    SLICE_X38Y18         LUT1 (Prop_lut1_I0_O)        0.295    -1.390 f  dpll_wrapper_inst/write_request_meta_clk_i_1/O
                         net (fo=600, routed)         4.976     3.586    dpll_wrapper_inst/clear
    SLICE_X14Y73         FDCE                                         f  dpll_wrapper_inst/status_response_data_clk_reg[22]/CLR
  -------------------------------------------------------------------    -------------------

                         (clock pll_adc_clk rise edge)
                                                      8.000     8.000 r  
    U18                                               0.000     8.000 r  adc_clk_p_i (IN)
                         net (fo=0)                   0.000     8.000    adc_clk_p_i
    U18                  IBUFDS (Prop_ibufds_I_O)     0.940     8.940 r  i_clk/O
                         net (fo=1, routed)           1.181    10.121    pll/adc_clk_in
    PLLE2_ADV_X0Y0       PLLE2_ADV (Prop_plle2_adv_CLKIN1_CLKOUT0)
                                                     -7.650     2.470 r  pll/pll/CLKOUT0
                         net (fo=1, routed)           1.594     4.065    lopt_2
    BUFGCTRL_X0Y0        BUFG (Prop_bufg_I_O)         0.091     4.156 r  bufg_adc_clk/O
                         net (fo=15663, routed)       1.476     5.631    dpll_wrapper_inst/ps_sys_clk
    SLICE_X14Y73         FDCE                                         r  dpll_wrapper_inst/status_response_data_clk_reg[22]/C
                         clock pessimism             -0.544     5.087    
                         clock uncertainty           -0.069     5.018    
    SLICE_X14Y73         FDCE (Recov_fdce_C_CLR)     -0.405     4.613    dpll_wrapper_inst/status_response_data_clk_reg[22]
  -------------------------------------------------------------------
                         required time                          4.613    
                         arrival time                          -3.586    
  -------------------------------------------------------------------
                         slack                                  1.027    

Slack (MET) :             1.044ns  (required time - arrival time)
  Source:                 adc_rstn_reg/C
                            (rising edge-triggered cell FDRE clocked by pll_adc_clk  {rise@0.000ns fall@4.000ns period=8.000ns})
  Destination:            dpll_wrapper_inst/status_response_data_clk_reg[14]/CLR
                            (recovery check against rising-edge clock pll_adc_clk  {rise@0.000ns fall@4.000ns period=8.000ns})
  Path Group:             **async_default**
  Path Type:              Recovery (Max at Slow Process Corner)
  Requirement:            8.000ns  (pll_adc_clk rise@8.000ns - pll_adc_clk rise@0.000ns)
  Data Path Delay:        6.230ns  (logic 0.773ns (12.408%)  route 5.457ns (87.592%))
  Logic Levels:           1  (LUT1=1)
  Clock Path Skew:        -0.252ns (DCD - SCD + CPR)
    Destination Clock Delay (DCD):    -2.356ns = ( 5.644 - 8.000 ) 
    Source Clock Delay      (SCD):    -2.648ns
    Clock Pessimism Removal (CPR):    -0.544ns
  Clock Uncertainty:      0.069ns  ((TSJ^2 + DJ^2)^1/2) / 2 + PE
    Total System Jitter     (TSJ):    0.071ns
    Discrete Jitter          (DJ):    0.118ns
    Phase Error              (PE):    0.000ns

    Location             Delay type                Incr(ns)  Path(ns)    Netlist Resource(s)
  -------------------------------------------------------------------    -------------------
                         (clock pll_adc_clk rise edge)
                                                      0.000     0.000 r  
    U18                                               0.000     0.000 r  adc_clk_p_i (IN)
                         net (fo=0)                   0.000     0.000    adc_clk_p_i
    U18                  IBUFDS (Prop_ibufds_I_O)     0.983     0.983 r  i_clk/O
                         net (fo=1, routed)           1.306     2.289    pll/adc_clk_in
    PLLE2_ADV_X0Y0       PLLE2_ADV (Prop_plle2_adv_CLKIN1_CLKOUT0)
                                                     -8.533    -6.244 r  pll/pll/CLKOUT0
                         net (fo=1, routed)           1.754    -4.490    lopt_2
    BUFGCTRL_X0Y0        BUFG (Prop_bufg_I_O)         0.101    -4.389 r  bufg_adc_clk/O
                         net (fo=15663, routed)       1.741    -2.648    ps_sys_clk
    SLICE_X38Y18         FDRE                                         r  adc_rstn_reg/C
  -------------------------------------------------------------------    -------------------
    SLICE_X38Y18         FDRE (Prop_fdre_C_Q)         0.478    -2.170 r  adc_rstn_reg/Q
                         net (fo=97, routed)          0.485    -1.685    dpll_wrapper_inst/adc_rstn
    SLICE_X38Y18         LUT1 (Prop_lut1_I0_O)        0.295    -1.390 f  dpll_wrapper_inst/write_request_meta_clk_i_1/O
                         net (fo=600, routed)         4.972     3.582    dpll_wrapper_inst/clear
    SLICE_X19Y91         FDCE                                         f  dpll_wrapper_inst/status_response_data_clk_reg[14]/CLR
  -------------------------------------------------------------------    -------------------

                         (clock pll_adc_clk rise edge)
                                                      8.000     8.000 r  
    U18                                               0.000     8.000 r  adc_clk_p_i (IN)
                         net (fo=0)                   0.000     8.000    adc_clk_p_i
    U18                  IBUFDS (Prop_ibufds_I_O)     0.940     8.940 r  i_clk/O
                         net (fo=1, routed)           1.181    10.121    pll/adc_clk_in
    PLLE2_ADV_X0Y0       PLLE2_ADV (Prop_plle2_adv_CLKIN1_CLKOUT0)
                                                     -7.650     2.470 r  pll/pll/CLKOUT0
                         net (fo=1, routed)           1.594     4.065    lopt_2
    BUFGCTRL_X0Y0        BUFG (Prop_bufg_I_O)         0.091     4.156 r  bufg_adc_clk/O
                         net (fo=15663, routed)       1.489     5.644    dpll_wrapper_inst/ps_sys_clk
    SLICE_X19Y91         FDCE                                         r  dpll_wrapper_inst/status_response_data_clk_reg[14]/C
                         clock pessimism             -0.544     5.100    
                         clock uncertainty           -0.069     5.031    
    SLICE_X19Y91         FDCE (Recov_fdce_C_CLR)     -0.405     4.626    dpll_wrapper_inst/status_response_data_clk_reg[14]
  -------------------------------------------------------------------
                         required time                          4.626    
                         arrival time                          -3.582    
  -------------------------------------------------------------------
                         slack                                  1.044    

Slack (MET) :             1.061ns  (required time - arrival time)
  Source:                 adc_rstn_reg/C
                            (rising edge-triggered cell FDRE clocked by pll_adc_clk  {rise@0.000ns fall@4.000ns period=8.000ns})
  Destination:            dpll_wrapper_inst/status_response_data_clk_reg[13]/CLR
                            (recovery check against rising-edge clock pll_adc_clk  {rise@0.000ns fall@4.000ns period=8.000ns})
  Path Group:             **async_default**
  Path Type:              Recovery (Max at Slow Process Corner)
  Requirement:            8.000ns  (pll_adc_clk rise@8.000ns - pll_adc_clk rise@0.000ns)
  Data Path Delay:        6.202ns  (logic 0.773ns (12.464%)  route 5.429ns (87.536%))
  Logic Levels:           1  (LUT1=1)
  Clock Path Skew:        -0.263ns (DCD - SCD + CPR)
    Destination Clock Delay (DCD):    -2.367ns = ( 5.633 - 8.000 ) 
    Source Clock Delay      (SCD):    -2.648ns
    Clock Pessimism Removal (CPR):    -0.544ns
  Clock Uncertainty:      0.069ns  ((TSJ^2 + DJ^2)^1/2) / 2 + PE
    Total System Jitter     (TSJ):    0.071ns
    Discrete Jitter          (DJ):    0.118ns
    Phase Error              (PE):    0.000ns

    Location             Delay type                Incr(ns)  Path(ns)    Netlist Resource(s)
  -------------------------------------------------------------------    -------------------
                         (clock pll_adc_clk rise edge)
                                                      0.000     0.000 r  
    U18                                               0.000     0.000 r  adc_clk_p_i (IN)
                         net (fo=0)                   0.000     0.000    adc_clk_p_i
    U18                  IBUFDS (Prop_ibufds_I_O)     0.983     0.983 r  i_clk/O
                         net (fo=1, routed)           1.306     2.289    pll/adc_clk_in
    PLLE2_ADV_X0Y0       PLLE2_ADV (Prop_plle2_adv_CLKIN1_CLKOUT0)
                                                     -8.533    -6.244 r  pll/pll/CLKOUT0
                         net (fo=1, routed)           1.754    -4.490    lopt_2
    BUFGCTRL_X0Y0        BUFG (Prop_bufg_I_O)         0.101    -4.389 r  bufg_adc_clk/O
                         net (fo=15663, routed)       1.741    -2.648    ps_sys_clk
    SLICE_X38Y18         FDRE                                         r  adc_rstn_reg/C
  -------------------------------------------------------------------    -------------------
    SLICE_X38Y18         FDRE (Prop_fdre_C_Q)         0.478    -2.170 r  adc_rstn_reg/Q
                         net (fo=97, routed)          0.485    -1.685    dpll_wrapper_inst/adc_rstn
    SLICE_X38Y18         LUT1 (Prop_lut1_I0_O)        0.295    -1.390 f  dpll_wrapper_inst/write_request_meta_clk_i_1/O
                         net (fo=600, routed)         4.944     3.554    dpll_wrapper_inst/clear
    SLICE_X21Y80         FDCE                                         f  dpll_wrapper_inst/status_response_data_clk_reg[13]/CLR
  -------------------------------------------------------------------    -------------------

                         (clock pll_adc_clk rise edge)
                                                      8.000     8.000 r  
    U18                                               0.000     8.000 r  adc_clk_p_i (IN)
                         net (fo=0)                   0.000     8.000    adc_clk_p_i
    U18                  IBUFDS (Prop_ibufds_I_O)     0.940     8.940 r  i_clk/O
                         net (fo=1, routed)           1.181    10.121    pll/adc_clk_in
    PLLE2_ADV_X0Y0       PLLE2_ADV (Prop_plle2_adv_CLKIN1_CLKOUT0)
                                                     -7.650     2.470 r  pll/pll/CLKOUT0
                         net (fo=1, routed)           1.594     4.065    lopt_2
    BUFGCTRL_X0Y0        BUFG (Prop_bufg_I_O)         0.091     4.156 r  bufg_adc_clk/O
                         net (fo=15663, routed)       1.478     5.633    dpll_wrapper_inst/ps_sys_clk
    SLICE_X21Y80         FDCE                                         r  dpll_wrapper_inst/status_response_data_clk_reg[13]/C
                         clock pessimism             -0.544     5.089    
                         clock uncertainty           -0.069     5.020    
    SLICE_X21Y80         FDCE (Recov_fdce_C_CLR)     -0.405     4.615    dpll_wrapper_inst/status_response_data_clk_reg[13]
  -------------------------------------------------------------------
                         required time                          4.615    
                         arrival time                          -3.554    
  -------------------------------------------------------------------
                         slack                                  1.061    

Slack (MET) :             1.062ns  (required time - arrival time)
  Source:                 adc_rstn_reg/C
                            (rising edge-triggered cell FDRE clocked by pll_adc_clk  {rise@0.000ns fall@4.000ns period=8.000ns})
  Destination:            dpll_wrapper_inst/status_response_data_clk_reg[30]/CLR
                            (recovery check against rising-edge clock pll_adc_clk  {rise@0.000ns fall@4.000ns period=8.000ns})
  Path Group:             **async_default**
  Path Type:              Recovery (Max at Slow Process Corner)
  Requirement:            8.000ns  (pll_adc_clk rise@8.000ns - pll_adc_clk rise@0.000ns)
  Data Path Delay:        6.258ns  (logic 0.773ns (12.352%)  route 5.485ns (87.648%))
  Logic Levels:           1  (LUT1=1)
  Clock Path Skew:        -0.206ns (DCD - SCD + CPR)
    Destination Clock Delay (DCD):    -2.310ns = ( 5.690 - 8.000 ) 
    Source Clock Delay      (SCD):    -2.648ns
    Clock Pessimism Removal (CPR):    -0.544ns
  Clock Uncertainty:      0.069ns  ((TSJ^2 + DJ^2)^1/2) / 2 + PE
    Total System Jitter     (TSJ):    0.071ns
    Discrete Jitter          (DJ):    0.118ns
    Phase Error              (PE):    0.000ns

    Location             Delay type                Incr(ns)  Path(ns)    Netlist Resource(s)
  -------------------------------------------------------------------    -------------------
                         (clock pll_adc_clk rise edge)
                                                      0.000     0.000 r  
    U18                                               0.000     0.000 r  adc_clk_p_i (IN)
                         net (fo=0)                   0.000     0.000    adc_clk_p_i
    U18                  IBUFDS (Prop_ibufds_I_O)     0.983     0.983 r  i_clk/O
                         net (fo=1, routed)           1.306     2.289    pll/adc_clk_in
    PLLE2_ADV_X0Y0       PLLE2_ADV (Prop_plle2_adv_CLKIN1_CLKOUT0)
                                                     -8.533    -6.244 r  pll/pll/CLKOUT0
                         net (fo=1, routed)           1.754    -4.490    lopt_2
    BUFGCTRL_X0Y0        BUFG (Prop_bufg_I_O)         0.101    -4.389 r  bufg_adc_clk/O
                         net (fo=15663, routed)       1.741    -2.648    ps_sys_clk
    SLICE_X38Y18         FDRE                                         r  adc_rstn_reg/C
  -------------------------------------------------------------------    -------------------
    SLICE_X38Y18         FDRE (Prop_fdre_C_Q)         0.478    -2.170 r  adc_rstn_reg/Q
                         net (fo=97, routed)          0.485    -1.685    dpll_wrapper_inst/adc_rstn
    SLICE_X38Y18         LUT1 (Prop_lut1_I0_O)        0.295    -1.390 f  dpll_wrapper_inst/write_request_meta_clk_i_1/O
                         net (fo=600, routed)         5.000     3.610    dpll_wrapper_inst/clear
    SLICE_X2Y65          FDCE                                         f  dpll_wrapper_inst/status_response_data_clk_reg[30]/CLR
  -------------------------------------------------------------------    -------------------

                         (clock pll_adc_clk rise edge)
                                                      8.000     8.000 r  
    U18                                               0.000     8.000 r  adc_clk_p_i (IN)
                         net (fo=0)                   0.000     8.000    adc_clk_p_i
    U18                  IBUFDS (Prop_ibufds_I_O)     0.940     8.940 r  i_clk/O
                         net (fo=1, routed)           1.181    10.121    pll/adc_clk_in
    PLLE2_ADV_X0Y0       PLLE2_ADV (Prop_plle2_adv_CLKIN1_CLKOUT0)
                                                     -7.650     2.470 r  pll/pll/CLKOUT0
                         net (fo=1, routed)           1.594     4.065    lopt_2
    BUFGCTRL_X0Y0        BUFG (Prop_bufg_I_O)         0.091     4.156 r  bufg_adc_clk/O
                         net (fo=15663, routed)       1.535     5.690    dpll_wrapper_inst/ps_sys_clk
    SLICE_X2Y65          FDCE                                         r  dpll_wrapper_inst/status_response_data_clk_reg[30]/C
                         clock pessimism             -0.544     5.146    
                         clock uncertainty           -0.069     5.077    
    SLICE_X2Y65          FDCE (Recov_fdce_C_CLR)     -0.405     4.672    dpll_wrapper_inst/status_response_data_clk_reg[30]
  -------------------------------------------------------------------
                         required time                          4.672    
                         arrival time                          -3.610    
  -------------------------------------------------------------------
                         slack                                  1.062    

Slack (MET) :             1.091ns  (required time - arrival time)
  Source:                 adc_rstn_reg/C
                            (rising edge-triggered cell FDRE clocked by pll_adc_clk  {rise@0.000ns fall@4.000ns period=8.000ns})
  Destination:            dpll_wrapper_inst/status_response_data_clk_reg[16]/CLR
                            (recovery check against rising-edge clock pll_adc_clk  {rise@0.000ns fall@4.000ns period=8.000ns})
  Path Group:             **async_default**
  Path Type:              Recovery (Max at Slow Process Corner)
  Requirement:            8.000ns  (pll_adc_clk rise@8.000ns - pll_adc_clk rise@0.000ns)
  Data Path Delay:        6.164ns  (logic 0.773ns (12.541%)  route 5.391ns (87.459%))
  Logic Levels:           1  (LUT1=1)
  Clock Path Skew:        -0.271ns (DCD - SCD + CPR)
    Destination Clock Delay (DCD):    -2.375ns = ( 5.625 - 8.000 ) 
    Source Clock Delay      (SCD):    -2.648ns
    Clock Pessimism Removal (CPR):    -0.544ns
  Clock Uncertainty:      0.069ns  ((TSJ^2 + DJ^2)^1/2) / 2 + PE
    Total System Jitter     (TSJ):    0.071ns
    Discrete Jitter          (DJ):    0.118ns
    Phase Error              (PE):    0.000ns

    Location             Delay type                Incr(ns)  Path(ns)    Netlist Resource(s)
  -------------------------------------------------------------------    -------------------
                         (clock pll_adc_clk rise edge)
                                                      0.000     0.000 r  
    U18                                               0.000     0.000 r  adc_clk_p_i (IN)
                         net (fo=0)                   0.000     0.000    adc_clk_p_i
    U18                  IBUFDS (Prop_ibufds_I_O)     0.983     0.983 r  i_clk/O
                         net (fo=1, routed)           1.306     2.289    pll/adc_clk_in
    PLLE2_ADV_X0Y0       PLLE2_ADV (Prop_plle2_adv_CLKIN1_CLKOUT0)
                                                     -8.533    -6.244 r  pll/pll/CLKOUT0
                         net (fo=1, routed)           1.754    -4.490    lopt_2
    BUFGCTRL_X0Y0        BUFG (Prop_bufg_I_O)         0.101    -4.389 r  bufg_adc_clk/O
                         net (fo=15663, routed)       1.741    -2.648    ps_sys_clk
    SLICE_X38Y18         FDRE                                         r  adc_rstn_reg/C
  -------------------------------------------------------------------    -------------------
    SLICE_X38Y18         FDRE (Prop_fdre_C_Q)         0.478    -2.170 r  adc_rstn_reg/Q
                         net (fo=97, routed)          0.485    -1.685    dpll_wrapper_inst/adc_rstn
    SLICE_X38Y18         LUT1 (Prop_lut1_I0_O)        0.295    -1.390 f  dpll_wrapper_inst/write_request_meta_clk_i_1/O
                         net (fo=600, routed)         4.906     3.516    dpll_wrapper_inst/clear
    SLICE_X23Y73         FDCE                                         f  dpll_wrapper_inst/status_response_data_clk_reg[16]/CLR
  -------------------------------------------------------------------    -------------------

                         (clock pll_adc_clk rise edge)
                                                      8.000     8.000 r  
    U18                                               0.000     8.000 r  adc_clk_p_i (IN)
                         net (fo=0)                   0.000     8.000    adc_clk_p_i
    U18                  IBUFDS (Prop_ibufds_I_O)     0.940     8.940 r  i_clk/O
                         net (fo=1, routed)           1.181    10.121    pll/adc_clk_in
    PLLE2_ADV_X0Y0       PLLE2_ADV (Prop_plle2_adv_CLKIN1_CLKOUT0)
                                                     -7.650     2.470 r  pll/pll/CLKOUT0
                         net (fo=1, routed)           1.594     4.065    lopt_2
    BUFGCTRL_X0Y0        BUFG (Prop_bufg_I_O)         0.091     4.156 r  bufg_adc_clk/O
                         net (fo=15663, routed)       1.470     5.625    dpll_wrapper_inst/ps_sys_clk
    SLICE_X23Y73         FDCE                                         r  dpll_wrapper_inst/status_response_data_clk_reg[16]/C
                         clock pessimism             -0.544     5.081    
                         clock uncertainty           -0.069     5.012    
    SLICE_X23Y73         FDCE (Recov_fdce_C_CLR)     -0.405     4.607    dpll_wrapper_inst/status_response_data_clk_reg[16]
  -------------------------------------------------------------------
                         required time                          4.607    
                         arrival time                          -3.516    
  -------------------------------------------------------------------
                         slack                                  1.091    

Slack (MET) :             1.112ns  (required time - arrival time)
  Source:                 adc_rstn_reg/C
                            (rising edge-triggered cell FDRE clocked by pll_adc_clk  {rise@0.000ns fall@4.000ns period=8.000ns})
  Destination:            dpll_wrapper_inst/status_response_data_clk_reg[19]/CLR
                            (recovery check against rising-edge clock pll_adc_clk  {rise@0.000ns fall@4.000ns period=8.000ns})
  Path Group:             **async_default**
  Path Type:              Recovery (Max at Slow Process Corner)
  Requirement:            8.000ns  (pll_adc_clk rise@8.000ns - pll_adc_clk rise@0.000ns)
  Data Path Delay:        6.146ns  (logic 0.773ns (12.577%)  route 5.373ns (87.423%))
  Logic Levels:           1  (LUT1=1)
  Clock Path Skew:        -0.268ns (DCD - SCD + CPR)
    Destination Clock Delay (DCD):    -2.372ns = ( 5.628 - 8.000 ) 
    Source Clock Delay      (SCD):    -2.648ns
    Clock Pessimism Removal (CPR):    -0.544ns
  Clock Uncertainty:      0.069ns  ((TSJ^2 + DJ^2)^1/2) / 2 + PE
    Total System Jitter     (TSJ):    0.071ns
    Discrete Jitter          (DJ):    0.118ns
    Phase Error              (PE):    0.000ns

    Location             Delay type                Incr(ns)  Path(ns)    Netlist Resource(s)
  -------------------------------------------------------------------    -------------------
                         (clock pll_adc_clk rise edge)
                                                      0.000     0.000 r  
    U18                                               0.000     0.000 r  adc_clk_p_i (IN)
                         net (fo=0)                   0.000     0.000    adc_clk_p_i
    U18                  IBUFDS (Prop_ibufds_I_O)     0.983     0.983 r  i_clk/O
                         net (fo=1, routed)           1.306     2.289    pll/adc_clk_in
    PLLE2_ADV_X0Y0       PLLE2_ADV (Prop_plle2_adv_CLKIN1_CLKOUT0)
                                                     -8.533    -6.244 r  pll/pll/CLKOUT0
                         net (fo=1, routed)           1.754    -4.490    lopt_2
    BUFGCTRL_X0Y0        BUFG (Prop_bufg_I_O)         0.101    -4.389 r  bufg_adc_clk/O
                         net (fo=15663, routed)       1.741    -2.648    ps_sys_clk
    SLICE_X38Y18         FDRE                                         r  adc_rstn_reg/C
  -------------------------------------------------------------------    -------------------
    SLICE_X38Y18         FDRE (Prop_fdre_C_Q)         0.478    -2.170 r  adc_rstn_reg/Q
                         net (fo=97, routed)          0.485    -1.685    dpll_wrapper_inst/adc_rstn
    SLICE_X38Y18         LUT1 (Prop_lut1_I0_O)        0.295    -1.390 f  dpll_wrapper_inst/write_request_meta_clk_i_1/O
                         net (fo=600, routed)         4.888     3.498    dpll_wrapper_inst/clear
    SLICE_X22Y78         FDCE                                         f  dpll_wrapper_inst/status_response_data_clk_reg[19]/CLR
  -------------------------------------------------------------------    -------------------

                         (clock pll_adc_clk rise edge)
                                                      8.000     8.000 r  
    U18                                               0.000     8.000 r  adc_clk_p_i (IN)
                         net (fo=0)                   0.000     8.000    adc_clk_p_i
    U18                  IBUFDS (Prop_ibufds_I_O)     0.940     8.940 r  i_clk/O
                         net (fo=1, routed)           1.181    10.121    pll/adc_clk_in
    PLLE2_ADV_X0Y0       PLLE2_ADV (Prop_plle2_adv_CLKIN1_CLKOUT0)
                                                     -7.650     2.470 r  pll/pll/CLKOUT0
                         net (fo=1, routed)           1.594     4.065    lopt_2
    BUFGCTRL_X0Y0        BUFG (Prop_bufg_I_O)         0.091     4.156 r  bufg_adc_clk/O
                         net (fo=15663, routed)       1.473     5.628    dpll_wrapper_inst/ps_sys_clk
    SLICE_X22Y78         FDCE                                         r  dpll_wrapper_inst/status_response_data_clk_reg[19]/C
                         clock pessimism             -0.544     5.084    
                         clock uncertainty           -0.069     5.015    
    SLICE_X22Y78         FDCE (Recov_fdce_C_CLR)     -0.405     4.610    dpll_wrapper_inst/status_response_data_clk_reg[19]
  -------------------------------------------------------------------
                         required time                          4.610    
                         arrival time                          -3.498    
  -------------------------------------------------------------------
                         slack                                  1.112    

Slack (MET) :             1.127ns  (required time - arrival time)
  Source:                 adc_rstn_reg/C
                            (rising edge-triggered cell FDRE clocked by pll_adc_clk  {rise@0.000ns fall@4.000ns period=8.000ns})
  Destination:            dpll_wrapper_inst/status_response_data_clk_reg[23]/CLR
                            (recovery check against rising-edge clock pll_adc_clk  {rise@0.000ns fall@4.000ns period=8.000ns})
  Path Group:             **async_default**
  Path Type:              Recovery (Max at Slow Process Corner)
  Requirement:            8.000ns  (pll_adc_clk rise@8.000ns - pll_adc_clk rise@0.000ns)
  Data Path Delay:        6.227ns  (logic 0.773ns (12.415%)  route 5.454ns (87.585%))
  Logic Levels:           1  (LUT1=1)
  Clock Path Skew:        -0.258ns (DCD - SCD + CPR)
    Destination Clock Delay (DCD):    -2.362ns = ( 5.638 - 8.000 ) 
    Source Clock Delay      (SCD):    -2.648ns
    Clock Pessimism Removal (CPR):    -0.544ns
  Clock Uncertainty:      0.069ns  ((TSJ^2 + DJ^2)^1/2) / 2 + PE
    Total System Jitter     (TSJ):    0.071ns
    Discrete Jitter          (DJ):    0.118ns
    Phase Error              (PE):    0.000ns

    Location             Delay type                Incr(ns)  Path(ns)    Netlist Resource(s)
  -------------------------------------------------------------------    -------------------
                         (clock pll_adc_clk rise edge)
                                                      0.000     0.000 r  
    U18                                               0.000     0.000 r  adc_clk_p_i (IN)
                         net (fo=0)                   0.000     0.000    adc_clk_p_i
    U18                  IBUFDS (Prop_ibufds_I_O)     0.983     0.983 r  i_clk/O
                         net (fo=1, routed)           1.306     2.289    pll/adc_clk_in
    PLLE2_ADV_X0Y0       PLLE2_ADV (Prop_plle2_adv_CLKIN1_CLKOUT0)
                                                     -8.533    -6.244 r  pll/pll/CLKOUT0
                         net (fo=1, routed)           1.754    -4.490    lopt_2
    BUFGCTRL_X0Y0        BUFG (Prop_bufg_I_O)         0.101    -4.389 r  bufg_adc_clk/O
                         net (fo=15663, routed)       1.741    -2.648    ps_sys_clk
    SLICE_X38Y18         FDRE                                         r  adc_rstn_reg/C
  -------------------------------------------------------------------    -------------------
    SLICE_X38Y18         FDRE (Prop_fdre_C_Q)         0.478    -2.170 r  adc_rstn_reg/Q
                         net (fo=97, routed)          0.485    -1.685    dpll_wrapper_inst/adc_rstn
    SLICE_X38Y18         LUT1 (Prop_lut1_I0_O)        0.295    -1.390 f  dpll_wrapper_inst/write_request_meta_clk_i_1/O
                         net (fo=600, routed)         4.969     3.579    dpll_wrapper_inst/clear
    SLICE_X8Y72          FDCE                                         f  dpll_wrapper_inst/status_response_data_clk_reg[23]/CLR
  -------------------------------------------------------------------    -------------------

                         (clock pll_adc_clk rise edge)
                                                      8.000     8.000 r  
    U18                                               0.000     8.000 r  adc_clk_p_i (IN)
                         net (fo=0)                   0.000     8.000    adc_clk_p_i
    U18                  IBUFDS (Prop_ibufds_I_O)     0.940     8.940 r  i_clk/O
                         net (fo=1, routed)           1.181    10.121    pll/adc_clk_in
    PLLE2_ADV_X0Y0       PLLE2_ADV (Prop_plle2_adv_CLKIN1_CLKOUT0)
                                                     -7.650     2.470 r  pll/pll/CLKOUT0
                         net (fo=1, routed)           1.594     4.065    lopt_2
    BUFGCTRL_X0Y0        BUFG (Prop_bufg_I_O)         0.091     4.156 r  bufg_adc_clk/O
                         net (fo=15663, routed)       1.483     5.638    dpll_wrapper_inst/ps_sys_clk
    SLICE_X8Y72          FDCE                                         r  dpll_wrapper_inst/status_response_data_clk_reg[23]/C
                         clock pessimism             -0.544     5.094    
                         clock uncertainty           -0.069     5.025    
    SLICE_X8Y72          FDCE (Recov_fdce_C_CLR)     -0.319     4.706    dpll_wrapper_inst/status_response_data_clk_reg[23]
  -------------------------------------------------------------------
                         required time                          4.706    
                         arrival time                          -3.579    
  -------------------------------------------------------------------
                         slack                                  1.127    

Slack (MET) :             1.130ns  (required time - arrival time)
  Source:                 adc_rstn_reg/C
                            (rising edge-triggered cell FDRE clocked by pll_adc_clk  {rise@0.000ns fall@4.000ns period=8.000ns})
  Destination:            dpll_wrapper_inst/status_response_data_clk_reg[11]/CLR
                            (recovery check against rising-edge clock pll_adc_clk  {rise@0.000ns fall@4.000ns period=8.000ns})
  Path Group:             **async_default**
  Path Type:              Recovery (Max at Slow Process Corner)
  Requirement:            8.000ns  (pll_adc_clk rise@8.000ns - pll_adc_clk rise@0.000ns)
  Data Path Delay:        6.132ns  (logic 0.773ns (12.606%)  route 5.359ns (87.394%))
  Logic Levels:           1  (LUT1=1)
  Clock Path Skew:        -0.264ns (DCD - SCD + CPR)
    Destination Clock Delay (DCD):    -2.368ns = ( 5.632 - 8.000 ) 
    Source Clock Delay      (SCD):    -2.648ns
    Clock Pessimism Removal (CPR):    -0.544ns
  Clock Uncertainty:      0.069ns  ((TSJ^2 + DJ^2)^1/2) / 2 + PE
    Total System Jitter     (TSJ):    0.071ns
    Discrete Jitter          (DJ):    0.118ns
    Phase Error              (PE):    0.000ns

    Location             Delay type                Incr(ns)  Path(ns)    Netlist Resource(s)
  -------------------------------------------------------------------    -------------------
                         (clock pll_adc_clk rise edge)
                                                      0.000     0.000 r  
    U18                                               0.000     0.000 r  adc_clk_p_i (IN)
                         net (fo=0)                   0.000     0.000    adc_clk_p_i
    U18                  IBUFDS (Prop_ibufds_I_O)     0.983     0.983 r  i_clk/O
                         net (fo=1, routed)           1.306     2.289    pll/adc_clk_in
    PLLE2_ADV_X0Y0       PLLE2_ADV (Prop_plle2_adv_CLKIN1_CLKOUT0)
                                                     -8.533    -6.244 r  pll/pll/CLKOUT0
                         net (fo=1, routed)           1.754    -4.490    lopt_2
    BUFGCTRL_X0Y0        BUFG (Prop_bufg_I_O)         0.101    -4.389 r  bufg_adc_clk/O
                         net (fo=15663, routed)       1.741    -2.648    ps_sys_clk
    SLICE_X38Y18         FDRE                                         r  adc_rstn_reg/C
  -------------------------------------------------------------------    -------------------
    SLICE_X38Y18         FDRE (Prop_fdre_C_Q)         0.478    -2.170 r  adc_rstn_reg/Q
                         net (fo=97, routed)          0.485    -1.685    dpll_wrapper_inst/adc_rstn
    SLICE_X38Y18         LUT1 (Prop_lut1_I0_O)        0.295    -1.390 f  dpll_wrapper_inst/write_request_meta_clk_i_1/O
                         net (fo=600, routed)         4.874     3.484    dpll_wrapper_inst/clear
    SLICE_X21Y71         FDCE                                         f  dpll_wrapper_inst/status_response_data_clk_reg[11]/CLR
  -------------------------------------------------------------------    -------------------

                         (clock pll_adc_clk rise edge)
                                                      8.000     8.000 r  
    U18                                               0.000     8.000 r  adc_clk_p_i (IN)
                         net (fo=0)                   0.000     8.000    adc_clk_p_i
    U18                  IBUFDS (Prop_ibufds_I_O)     0.940     8.940 r  i_clk/O
                         net (fo=1, routed)           1.181    10.121    pll/adc_clk_in
    PLLE2_ADV_X0Y0       PLLE2_ADV (Prop_plle2_adv_CLKIN1_CLKOUT0)
                                                     -7.650     2.470 r  pll/pll/CLKOUT0
                         net (fo=1, routed)           1.594     4.065    lopt_2
    BUFGCTRL_X0Y0        BUFG (Prop_bufg_I_O)         0.091     4.156 r  bufg_adc_clk/O
                         net (fo=15663, routed)       1.477     5.632    dpll_wrapper_inst/ps_sys_clk
    SLICE_X21Y71         FDCE                                         r  dpll_wrapper_inst/status_response_data_clk_reg[11]/C
                         clock pessimism             -0.544     5.088    
                         clock uncertainty           -0.069     5.019    
    SLICE_X21Y71         FDCE (Recov_fdce_C_CLR)     -0.405     4.614    dpll_wrapper_inst/status_response_data_clk_reg[11]
  -------------------------------------------------------------------
                         required time                          4.614    
                         arrival time                          -3.484    
  -------------------------------------------------------------------
                         slack                                  1.130    

Slack (MET) :             1.140ns  (required time - arrival time)
  Source:                 adc_rstn_reg/C
                            (rising edge-triggered cell FDRE clocked by pll_adc_clk  {rise@0.000ns fall@4.000ns period=8.000ns})
  Destination:            dpll_wrapper_inst/status_response_data_clk_reg[27]/CLR
                            (recovery check against rising-edge clock pll_adc_clk  {rise@0.000ns fall@4.000ns period=8.000ns})
  Path Group:             **async_default**
  Path Type:              Recovery (Max at Slow Process Corner)
  Requirement:            8.000ns  (pll_adc_clk rise@8.000ns - pll_adc_clk rise@0.000ns)
  Data Path Delay:        6.223ns  (logic 0.773ns (12.421%)  route 5.450ns (87.579%))
  Logic Levels:           1  (LUT1=1)
  Clock Path Skew:        -0.249ns (DCD - SCD + CPR)
    Destination Clock Delay (DCD):    -2.353ns = ( 5.647 - 8.000 ) 
    Source Clock Delay      (SCD):    -2.648ns
    Clock Pessimism Removal (CPR):    -0.544ns
  Clock Uncertainty:      0.069ns  ((TSJ^2 + DJ^2)^1/2) / 2 + PE
    Total System Jitter     (TSJ):    0.071ns
    Discrete Jitter          (DJ):    0.118ns
    Phase Error              (PE):    0.000ns

    Location             Delay type                Incr(ns)  Path(ns)    Netlist Resource(s)
  -------------------------------------------------------------------    -------------------
                         (clock pll_adc_clk rise edge)
                                                      0.000     0.000 r  
    U18                                               0.000     0.000 r  adc_clk_p_i (IN)
                         net (fo=0)                   0.000     0.000    adc_clk_p_i
    U18                  IBUFDS (Prop_ibufds_I_O)     0.983     0.983 r  i_clk/O
                         net (fo=1, routed)           1.306     2.289    pll/adc_clk_in
    PLLE2_ADV_X0Y0       PLLE2_ADV (Prop_plle2_adv_CLKIN1_CLKOUT0)
                                                     -8.533    -6.244 r  pll/pll/CLKOUT0
                         net (fo=1, routed)           1.754    -4.490    lopt_2
    BUFGCTRL_X0Y0        BUFG (Prop_bufg_I_O)         0.101    -4.389 r  bufg_adc_clk/O
                         net (fo=15663, routed)       1.741    -2.648    ps_sys_clk
    SLICE_X38Y18         FDRE                                         r  adc_rstn_reg/C
  -------------------------------------------------------------------    -------------------
    SLICE_X38Y18         FDRE (Prop_fdre_C_Q)         0.478    -2.170 r  adc_rstn_reg/Q
                         net (fo=97, routed)          0.485    -1.685    dpll_wrapper_inst/adc_rstn
    SLICE_X38Y18         LUT1 (Prop_lut1_I0_O)        0.295    -1.390 f  dpll_wrapper_inst/write_request_meta_clk_i_1/O
                         net (fo=600, routed)         4.965     3.575    dpll_wrapper_inst/clear
    SLICE_X8Y64          FDCE                                         f  dpll_wrapper_inst/status_response_data_clk_reg[27]/CLR
  -------------------------------------------------------------------    -------------------

                         (clock pll_adc_clk rise edge)
                                                      8.000     8.000 r  
    U18                                               0.000     8.000 r  adc_clk_p_i (IN)
                         net (fo=0)                   0.000     8.000    adc_clk_p_i
    U18                  IBUFDS (Prop_ibufds_I_O)     0.940     8.940 r  i_clk/O
                         net (fo=1, routed)           1.181    10.121    pll/adc_clk_in
    PLLE2_ADV_X0Y0       PLLE2_ADV (Prop_plle2_adv_CLKIN1_CLKOUT0)
                                                     -7.650     2.470 r  pll/pll/CLKOUT0
                         net (fo=1, routed)           1.594     4.065    lopt_2
    BUFGCTRL_X0Y0        BUFG (Prop_bufg_I_O)         0.091     4.156 r  bufg_adc_clk/O
                         net (fo=15663, routed)       1.492     5.647    dpll_wrapper_inst/ps_sys_clk
    SLICE_X8Y64          FDCE                                         r  dpll_wrapper_inst/status_response_data_clk_reg[27]/C
                         clock pessimism             -0.544     5.103    
                         clock uncertainty           -0.069     5.034    
    SLICE_X8Y64          FDCE (Recov_fdce_C_CLR)     -0.319     4.715    dpll_wrapper_inst/status_response_data_clk_reg[27]
  -------------------------------------------------------------------
                         required time                          4.715    
                         arrival time                          -3.575    
  -------------------------------------------------------------------
                         slack                                  1.140    





Min Delay Paths
--------------------------------------------------------------------------------------
Slack (MET) :             1.117ns  (arrival time - required time)
  Source:                 adc_rstn_reg/C
                            (rising edge-triggered cell FDRE clocked by pll_adc_clk  {rise@0.000ns fall@4.000ns period=8.000ns})
  Destination:            dpll_wrapper_inst/status_response_toggle_clk_reg/CLR
                            (removal check against rising-edge clock pll_adc_clk  {rise@0.000ns fall@4.000ns period=8.000ns})
  Path Group:             **async_default**
  Path Type:              Removal (Min at Fast Process Corner)
  Requirement:            0.000ns  (pll_adc_clk rise@0.000ns - pll_adc_clk rise@0.000ns)
  Data Path Delay:        1.257ns  (logic 0.246ns (19.573%)  route 1.011ns (80.427%))
  Logic Levels:           1  (LUT1=1)
  Clock Path Skew:        0.231ns (DCD - SCD - CPR)
    Destination Clock Delay (DCD):    -0.240ns
    Source Clock Delay      (SCD):    -0.287ns
    Clock Pessimism Removal (CPR):    -0.184ns

    Location             Delay type                Incr(ns)  Path(ns)    Netlist Resource(s)
  -------------------------------------------------------------------    -------------------
                         (clock pll_adc_clk rise edge)
                                                      0.000     0.000 r  
    U18                                               0.000     0.000 r  adc_clk_p_i (IN)
                         net (fo=0)                   0.000     0.000    adc_clk_p_i
    U18                  IBUFDS (Prop_ibufds_I_O)     0.401     0.401 r  i_clk/O
                         net (fo=1, routed)           0.440     0.842    pll/adc_clk_in
    PLLE2_ADV_X0Y0       PLLE2_ADV (Prop_plle2_adv_CLKIN1_CLKOUT0)
                                                     -2.234    -1.393 r  pll/pll/CLKOUT0
                         net (fo=1, routed)           0.497    -0.896    lopt_2
    BUFGCTRL_X0Y0        BUFG (Prop_bufg_I_O)         0.026    -0.870 r  bufg_adc_clk/O
                         net (fo=15663, routed)       0.583    -0.287    ps_sys_clk
    SLICE_X38Y18         FDRE                                         r  adc_rstn_reg/C
  -------------------------------------------------------------------    -------------------
    SLICE_X38Y18         FDRE (Prop_fdre_C_Q)         0.148    -0.139 r  adc_rstn_reg/Q
                         net (fo=97, routed)          0.141     0.002    dpll_wrapper_inst/adc_rstn
    SLICE_X38Y18         LUT1 (Prop_lut1_I0_O)        0.098     0.100 f  dpll_wrapper_inst/write_request_meta_clk_i_1/O
                         net (fo=600, routed)         0.870     0.970    dpll_wrapper_inst/clear
    SLICE_X18Y28         FDCE                                         f  dpll_wrapper_inst/status_response_toggle_clk_reg/CLR
  -------------------------------------------------------------------    -------------------

                         (clock pll_adc_clk rise edge)
                                                      0.000     0.000 r  
    U18                                               0.000     0.000 r  adc_clk_p_i (IN)
                         net (fo=0)                   0.000     0.000    adc_clk_p_i
    U18                  IBUFDS (Prop_ibufds_I_O)     0.433     0.433 r  i_clk/O
                         net (fo=1, routed)           0.481     0.914    pll/adc_clk_in
    PLLE2_ADV_X0Y0       PLLE2_ADV (Prop_plle2_adv_CLKIN1_CLKOUT0)
                                                     -2.546    -1.632 r  pll/pll/CLKOUT0
                         net (fo=1, routed)           0.544    -1.088    lopt_2
    BUFGCTRL_X0Y0        BUFG (Prop_bufg_I_O)         0.029    -1.059 r  bufg_adc_clk/O
                         net (fo=15663, routed)       0.819    -0.240    dpll_wrapper_inst/ps_sys_clk
    SLICE_X18Y28         FDCE                                         r  dpll_wrapper_inst/status_response_toggle_clk_reg/C
                         clock pessimism              0.184    -0.056    
    SLICE_X18Y28         FDCE (Remov_fdce_C_CLR)     -0.092    -0.148    dpll_wrapper_inst/status_response_toggle_clk_reg
  -------------------------------------------------------------------
                         required time                          0.148    
                         arrival time                           0.970    
  -------------------------------------------------------------------
                         slack                                  1.117    

Slack (MET) :             1.132ns  (arrival time - required time)
  Source:                 adc_rstn_reg/C
                            (rising edge-triggered cell FDRE clocked by pll_adc_clk  {rise@0.000ns fall@4.000ns period=8.000ns})
  Destination:            dpll_wrapper_inst/status_request_seen_clk_reg/CLR
                            (removal check against rising-edge clock pll_adc_clk  {rise@0.000ns fall@4.000ns period=8.000ns})
  Path Group:             **async_default**
  Path Type:              Removal (Min at Fast Process Corner)
  Requirement:            0.000ns  (pll_adc_clk rise@0.000ns - pll_adc_clk rise@0.000ns)
  Data Path Delay:        1.276ns  (logic 0.246ns (19.274%)  route 1.030ns (80.726%))
  Logic Levels:           1  (LUT1=1)
  Clock Path Skew:        0.236ns (DCD - SCD - CPR)
    Destination Clock Delay (DCD):    -0.235ns
    Source Clock Delay      (SCD):    -0.287ns
    Clock Pessimism Removal (CPR):    -0.184ns

    Location             Delay type                Incr(ns)  Path(ns)    Netlist Resource(s)
  -------------------------------------------------------------------    -------------------
                         (clock pll_adc_clk rise edge)
                                                      0.000     0.000 r  
    U18                                               0.000     0.000 r  adc_clk_p_i (IN)
                         net (fo=0)                   0.000     0.000    adc_clk_p_i
    U18                  IBUFDS (Prop_ibufds_I_O)     0.401     0.401 r  i_clk/O
                         net (fo=1, routed)           0.440     0.842    pll/adc_clk_in
    PLLE2_ADV_X0Y0       PLLE2_ADV (Prop_plle2_adv_CLKIN1_CLKOUT0)
                                                     -2.234    -1.393 r  pll/pll/CLKOUT0
                         net (fo=1, routed)           0.497    -0.896    lopt_2
    BUFGCTRL_X0Y0        BUFG (Prop_bufg_I_O)         0.026    -0.870 r  bufg_adc_clk/O
                         net (fo=15663, routed)       0.583    -0.287    ps_sys_clk
    SLICE_X38Y18         FDRE                                         r  adc_rstn_reg/C
  -------------------------------------------------------------------    -------------------
    SLICE_X38Y18         FDRE (Prop_fdre_C_Q)         0.148    -0.139 r  adc_rstn_reg/Q
                         net (fo=97, routed)          0.141     0.002    dpll_wrapper_inst/adc_rstn
    SLICE_X38Y18         LUT1 (Prop_lut1_I0_O)        0.098     0.100 f  dpll_wrapper_inst/write_request_meta_clk_i_1/O
                         net (fo=600, routed)         0.889     0.989    dpll_wrapper_inst/clear
    SLICE_X9Y19          FDCE                                         f  dpll_wrapper_inst/status_request_seen_clk_reg/CLR
  -------------------------------------------------------------------    -------------------

                         (clock pll_adc_clk rise edge)
                                                      0.000     0.000 r  
    U18                                               0.000     0.000 r  adc_clk_p_i (IN)
                         net (fo=0)                   0.000     0.000    adc_clk_p_i
    U18                  IBUFDS (Prop_ibufds_I_O)     0.433     0.433 r  i_clk/O
                         net (fo=1, routed)           0.481     0.914    pll/adc_clk_in
    PLLE2_ADV_X0Y0       PLLE2_ADV (Prop_plle2_adv_CLKIN1_CLKOUT0)
                                                     -2.546    -1.632 r  pll/pll/CLKOUT0
                         net (fo=1, routed)           0.544    -1.088    lopt_2
    BUFGCTRL_X0Y0        BUFG (Prop_bufg_I_O)         0.029    -1.059 r  bufg_adc_clk/O
                         net (fo=15663, routed)       0.824    -0.235    dpll_wrapper_inst/ps_sys_clk
    SLICE_X9Y19          FDCE                                         r  dpll_wrapper_inst/status_request_seen_clk_reg/C
                         clock pessimism              0.184    -0.051    
    SLICE_X9Y19          FDCE (Remov_fdce_C_CLR)     -0.092    -0.143    dpll_wrapper_inst/status_request_seen_clk_reg
  -------------------------------------------------------------------
                         required time                          0.143    
                         arrival time                           0.989    
  -------------------------------------------------------------------
                         slack                                  1.132    

Slack (MET) :             1.158ns  (arrival time - required time)
  Source:                 Digital_Freq_Meter_inst/rst0_c_reg_lopt_replica/C
                            (rising edge-triggered cell FDRE clocked by pll_adc_clk  {rise@0.000ns fall@4.000ns period=8.000ns})
  Destination:            Digital_Freq_Meter_inst/phase_addr_out_reg[0]/CLR
                            (removal check against rising-edge clock pll_adc_clk  {rise@0.000ns fall@4.000ns period=8.000ns})
  Path Group:             **async_default**
  Path Type:              Removal (Min at Fast Process Corner)
  Requirement:            0.000ns  (pll_adc_clk rise@0.000ns - pll_adc_clk rise@0.000ns)
  Data Path Delay:        1.357ns  (logic 0.208ns (15.323%)  route 1.149ns (84.677%))
  Logic Levels:           1  (BUFG=1)
  Clock Path Skew:        0.266ns (DCD - SCD - CPR)
    Destination Clock Delay (DCD):    -0.233ns
    Source Clock Delay      (SCD):    -0.315ns
    Clock Pessimism Removal (CPR):    -0.184ns

    Location             Delay type                Incr(ns)  Path(ns)    Netlist Resource(s)
  -------------------------------------------------------------------    -------------------
                         (clock pll_adc_clk rise edge)
                                                      0.000     0.000 r  
    U18                                               0.000     0.000 r  adc_clk_p_i (IN)
                         net (fo=0)                   0.000     0.000    adc_clk_p_i
    U18                  IBUFDS (Prop_ibufds_I_O)     0.401     0.401 r  i_clk/O
                         net (fo=1, routed)           0.440     0.842    pll/adc_clk_in
    PLLE2_ADV_X0Y0       PLLE2_ADV (Prop_plle2_adv_CLKIN1_CLKOUT0)
                                                     -2.234    -1.393 r  pll/pll/CLKOUT0
                         net (fo=1, routed)           0.497    -0.896    lopt_2
    BUFGCTRL_X0Y0        BUFG (Prop_bufg_I_O)         0.026    -0.870 r  bufg_adc_clk/O
                         net (fo=15663, routed)       0.555    -0.315    Digital_Freq_Meter_inst/ps_sys_clk
    SLICE_X17Y30         FDRE                                         r  Digital_Freq_Meter_inst/rst0_c_reg_lopt_replica/C
  -------------------------------------------------------------------    -------------------
    SLICE_X17Y30         FDRE (Prop_fdre_C_Q)         0.128    -0.187 f  Digital_Freq_Meter_inst/rst0_c_reg_lopt_replica/Q
                         net (fo=1, routed)           0.529     0.342    Digital_Freq_Meter_inst/Q_replN
    BUFGCTRL_X0Y7        BUFG (Prop_bufg_I_O)         0.080     0.422 f  Digital_Freq_Meter_inst/bufg_fm_rst/O
                         net (fo=566, routed)         0.620     1.042    Digital_Freq_Meter_inst/rst0
    SLICE_X32Y14         FDCE                                         f  Digital_Freq_Meter_inst/phase_addr_out_reg[0]/CLR
  -------------------------------------------------------------------    -------------------

                         (clock pll_adc_clk rise edge)
                                                      0.000     0.000 r  
    U18                                               0.000     0.000 r  adc_clk_p_i (IN)
                         net (fo=0)                   0.000     0.000    adc_clk_p_i
    U18                  IBUFDS (Prop_ibufds_I_O)     0.433     0.433 r  i_clk/O
                         net (fo=1, routed)           0.481     0.914    pll/adc_clk_in
    PLLE2_ADV_X0Y0       PLLE2_ADV (Prop_plle2_adv_CLKIN1_CLKOUT0)
                                                     -2.546    -1.632 r  pll/pll/CLKOUT0
                         net (fo=1, routed)           0.544    -1.088    lopt_2
    BUFGCTRL_X0Y0        BUFG (Prop_bufg_I_O)         0.029    -1.059 r  bufg_adc_clk/O
                         net (fo=15663, routed)       0.826    -0.233    Digital_Freq_Meter_inst/ps_sys_clk
    SLICE_X32Y14         FDCE                                         r  Digital_Freq_Meter_inst/phase_addr_out_reg[0]/C
                         clock pessimism              0.184    -0.049    
    SLICE_X32Y14         FDCE (Remov_fdce_C_CLR)     -0.067    -0.116    Digital_Freq_Meter_inst/phase_addr_out_reg[0]
  -------------------------------------------------------------------
                         required time                          0.116    
                         arrival time                           1.042    
  -------------------------------------------------------------------
                         slack                                  1.158    

Slack (MET) :             1.158ns  (arrival time - required time)
  Source:                 Digital_Freq_Meter_inst/rst0_c_reg_lopt_replica/C
                            (rising edge-triggered cell FDRE clocked by pll_adc_clk  {rise@0.000ns fall@4.000ns period=8.000ns})
  Destination:            Digital_Freq_Meter_inst/phase_addr_out_reg[2]/CLR
                            (removal check against rising-edge clock pll_adc_clk  {rise@0.000ns fall@4.000ns period=8.000ns})
  Path Group:             **async_default**
  Path Type:              Removal (Min at Fast Process Corner)
  Requirement:            0.000ns  (pll_adc_clk rise@0.000ns - pll_adc_clk rise@0.000ns)
  Data Path Delay:        1.357ns  (logic 0.208ns (15.323%)  route 1.149ns (84.677%))
  Logic Levels:           1  (BUFG=1)
  Clock Path Skew:        0.266ns (DCD - SCD - CPR)
    Destination Clock Delay (DCD):    -0.233ns
    Source Clock Delay      (SCD):    -0.315ns
    Clock Pessimism Removal (CPR):    -0.184ns

    Location             Delay type                Incr(ns)  Path(ns)    Netlist Resource(s)
  -------------------------------------------------------------------    -------------------
                         (clock pll_adc_clk rise edge)
                                                      0.000     0.000 r  
    U18                                               0.000     0.000 r  adc_clk_p_i (IN)
                         net (fo=0)                   0.000     0.000    adc_clk_p_i
    U18                  IBUFDS (Prop_ibufds_I_O)     0.401     0.401 r  i_clk/O
                         net (fo=1, routed)           0.440     0.842    pll/adc_clk_in
    PLLE2_ADV_X0Y0       PLLE2_ADV (Prop_plle2_adv_CLKIN1_CLKOUT0)
                                                     -2.234    -1.393 r  pll/pll/CLKOUT0
                         net (fo=1, routed)           0.497    -0.896    lopt_2
    BUFGCTRL_X0Y0        BUFG (Prop_bufg_I_O)         0.026    -0.870 r  bufg_adc_clk/O
                         net (fo=15663, routed)       0.555    -0.315    Digital_Freq_Meter_inst/ps_sys_clk
    SLICE_X17Y30         FDRE                                         r  Digital_Freq_Meter_inst/rst0_c_reg_lopt_replica/C
  -------------------------------------------------------------------    -------------------
    SLICE_X17Y30         FDRE (Prop_fdre_C_Q)         0.128    -0.187 f  Digital_Freq_Meter_inst/rst0_c_reg_lopt_replica/Q
                         net (fo=1, routed)           0.529     0.342    Digital_Freq_Meter_inst/Q_replN
    BUFGCTRL_X0Y7        BUFG (Prop_bufg_I_O)         0.080     0.422 f  Digital_Freq_Meter_inst/bufg_fm_rst/O
                         net (fo=566, routed)         0.620     1.042    Digital_Freq_Meter_inst/rst0
    SLICE_X28Y14         FDCE                                         f  Digital_Freq_Meter_inst/phase_addr_out_reg[2]/CLR
  -------------------------------------------------------------------    -------------------

                         (clock pll_adc_clk rise edge)
                                                      0.000     0.000 r  
    U18                                               0.000     0.000 r  adc_clk_p_i (IN)
                         net (fo=0)                   0.000     0.000    adc_clk_p_i
    U18                  IBUFDS (Prop_ibufds_I_O)     0.433     0.433 r  i_clk/O
                         net (fo=1, routed)           0.481     0.914    pll/adc_clk_in
    PLLE2_ADV_X0Y0       PLLE2_ADV (Prop_plle2_adv_CLKIN1_CLKOUT0)
                                                     -2.546    -1.632 r  pll/pll/CLKOUT0
                         net (fo=1, routed)           0.544    -1.088    lopt_2
    BUFGCTRL_X0Y0        BUFG (Prop_bufg_I_O)         0.029    -1.059 r  bufg_adc_clk/O
                         net (fo=15663, routed)       0.826    -0.233    Digital_Freq_Meter_inst/ps_sys_clk
    SLICE_X28Y14         FDCE                                         r  Digital_Freq_Meter_inst/phase_addr_out_reg[2]/C
                         clock pessimism              0.184    -0.049    
    SLICE_X28Y14         FDCE (Remov_fdce_C_CLR)     -0.067    -0.116    Digital_Freq_Meter_inst/phase_addr_out_reg[2]
  -------------------------------------------------------------------
                         required time                          0.116    
                         arrival time                           1.042    
  -------------------------------------------------------------------
                         slack                                  1.158    

Slack (MET) :             1.158ns  (arrival time - required time)
  Source:                 Digital_Freq_Meter_inst/rst0_c_reg_lopt_replica/C
                            (rising edge-triggered cell FDRE clocked by pll_adc_clk  {rise@0.000ns fall@4.000ns period=8.000ns})
  Destination:            Digital_Freq_Meter_inst/phase_addr_out_reg[7]/CLR
                            (removal check against rising-edge clock pll_adc_clk  {rise@0.000ns fall@4.000ns period=8.000ns})
  Path Group:             **async_default**
  Path Type:              Removal (Min at Fast Process Corner)
  Requirement:            0.000ns  (pll_adc_clk rise@0.000ns - pll_adc_clk rise@0.000ns)
  Data Path Delay:        1.357ns  (logic 0.208ns (15.323%)  route 1.149ns (84.677%))
  Logic Levels:           1  (BUFG=1)
  Clock Path Skew:        0.266ns (DCD - SCD - CPR)
    Destination Clock Delay (DCD):    -0.233ns
    Source Clock Delay      (SCD):    -0.315ns
    Clock Pessimism Removal (CPR):    -0.184ns

    Location             Delay type                Incr(ns)  Path(ns)    Netlist Resource(s)
  -------------------------------------------------------------------    -------------------
                         (clock pll_adc_clk rise edge)
                                                      0.000     0.000 r  
    U18                                               0.000     0.000 r  adc_clk_p_i (IN)
                         net (fo=0)                   0.000     0.000    adc_clk_p_i
    U18                  IBUFDS (Prop_ibufds_I_O)     0.401     0.401 r  i_clk/O
                         net (fo=1, routed)           0.440     0.842    pll/adc_clk_in
    PLLE2_ADV_X0Y0       PLLE2_ADV (Prop_plle2_adv_CLKIN1_CLKOUT0)
                                                     -2.234    -1.393 r  pll/pll/CLKOUT0
                         net (fo=1, routed)           0.497    -0.896    lopt_2
    BUFGCTRL_X0Y0        BUFG (Prop_bufg_I_O)         0.026    -0.870 r  bufg_adc_clk/O
                         net (fo=15663, routed)       0.555    -0.315    Digital_Freq_Meter_inst/ps_sys_clk
    SLICE_X17Y30         FDRE                                         r  Digital_Freq_Meter_inst/rst0_c_reg_lopt_replica/C
  -------------------------------------------------------------------    -------------------
    SLICE_X17Y30         FDRE (Prop_fdre_C_Q)         0.128    -0.187 f  Digital_Freq_Meter_inst/rst0_c_reg_lopt_replica/Q
                         net (fo=1, routed)           0.529     0.342    Digital_Freq_Meter_inst/Q_replN
    BUFGCTRL_X0Y7        BUFG (Prop_bufg_I_O)         0.080     0.422 f  Digital_Freq_Meter_inst/bufg_fm_rst/O
                         net (fo=566, routed)         0.620     1.042    Digital_Freq_Meter_inst/rst0
    SLICE_X28Y14         FDCE                                         f  Digital_Freq_Meter_inst/phase_addr_out_reg[7]/CLR
  -------------------------------------------------------------------    -------------------

                         (clock pll_adc_clk rise edge)
                                                      0.000     0.000 r  
    U18                                               0.000     0.000 r  adc_clk_p_i (IN)
                         net (fo=0)                   0.000     0.000    adc_clk_p_i
    U18                  IBUFDS (Prop_ibufds_I_O)     0.433     0.433 r  i_clk/O
                         net (fo=1, routed)           0.481     0.914    pll/adc_clk_in
    PLLE2_ADV_X0Y0       PLLE2_ADV (Prop_plle2_adv_CLKIN1_CLKOUT0)
                                                     -2.546    -1.632 r  pll/pll/CLKOUT0
                         net (fo=1, routed)           0.544    -1.088    lopt_2
    BUFGCTRL_X0Y0        BUFG (Prop_bufg_I_O)         0.029    -1.059 r  bufg_adc_clk/O
                         net (fo=15663, routed)       0.826    -0.233    Digital_Freq_Meter_inst/ps_sys_clk
    SLICE_X28Y14         FDCE                                         r  Digital_Freq_Meter_inst/phase_addr_out_reg[7]/C
                         clock pessimism              0.184    -0.049    
    SLICE_X28Y14         FDCE (Remov_fdce_C_CLR)     -0.067    -0.116    Digital_Freq_Meter_inst/phase_addr_out_reg[7]
  -------------------------------------------------------------------
                         required time                          0.116    
                         arrival time                           1.042    
  -------------------------------------------------------------------
                         slack                                  1.158    

Slack (MET) :             1.158ns  (arrival time - required time)
  Source:                 Digital_Freq_Meter_inst/rst0_c_reg_lopt_replica/C
                            (rising edge-triggered cell FDRE clocked by pll_adc_clk  {rise@0.000ns fall@4.000ns period=8.000ns})
  Destination:            Digital_Freq_Meter_inst/phase_addr_reg[0]/CLR
                            (removal check against rising-edge clock pll_adc_clk  {rise@0.000ns fall@4.000ns period=8.000ns})
  Path Group:             **async_default**
  Path Type:              Removal (Min at Fast Process Corner)
  Requirement:            0.000ns  (pll_adc_clk rise@0.000ns - pll_adc_clk rise@0.000ns)
  Data Path Delay:        1.354ns  (logic 0.208ns (15.357%)  route 1.146ns (84.643%))
  Logic Levels:           1  (BUFG=1)
  Clock Path Skew:        0.263ns (DCD - SCD - CPR)
    Destination Clock Delay (DCD):    -0.236ns
    Source Clock Delay      (SCD):    -0.315ns
    Clock Pessimism Removal (CPR):    -0.184ns

    Location             Delay type                Incr(ns)  Path(ns)    Netlist Resource(s)
  -------------------------------------------------------------------    -------------------
                         (clock pll_adc_clk rise edge)
                                                      0.000     0.000 r  
    U18                                               0.000     0.000 r  adc_clk_p_i (IN)
                         net (fo=0)                   0.000     0.000    adc_clk_p_i
    U18                  IBUFDS (Prop_ibufds_I_O)     0.401     0.401 r  i_clk/O
                         net (fo=1, routed)           0.440     0.842    pll/adc_clk_in
    PLLE2_ADV_X0Y0       PLLE2_ADV (Prop_plle2_adv_CLKIN1_CLKOUT0)
                                                     -2.234    -1.393 r  pll/pll/CLKOUT0
                         net (fo=1, routed)           0.497    -0.896    lopt_2
    BUFGCTRL_X0Y0        BUFG (Prop_bufg_I_O)         0.026    -0.870 r  bufg_adc_clk/O
                         net (fo=15663, routed)       0.555    -0.315    Digital_Freq_Meter_inst/ps_sys_clk
    SLICE_X17Y30         FDRE                                         r  Digital_Freq_Meter_inst/rst0_c_reg_lopt_replica/C
  -------------------------------------------------------------------    -------------------
    SLICE_X17Y30         FDRE (Prop_fdre_C_Q)         0.128    -0.187 f  Digital_Freq_Meter_inst/rst0_c_reg_lopt_replica/Q
                         net (fo=1, routed)           0.529     0.342    Digital_Freq_Meter_inst/Q_replN
    BUFGCTRL_X0Y7        BUFG (Prop_bufg_I_O)         0.080     0.422 f  Digital_Freq_Meter_inst/bufg_fm_rst/O
                         net (fo=566, routed)         0.617     1.039    Digital_Freq_Meter_inst/rst0
    SLICE_X24Y13         FDCE                                         f  Digital_Freq_Meter_inst/phase_addr_reg[0]/CLR
  -------------------------------------------------------------------    -------------------

                         (clock pll_adc_clk rise edge)
                                                      0.000     0.000 r  
    U18                                               0.000     0.000 r  adc_clk_p_i (IN)
                         net (fo=0)                   0.000     0.000    adc_clk_p_i
    U18                  IBUFDS (Prop_ibufds_I_O)     0.433     0.433 r  i_clk/O
                         net (fo=1, routed)           0.481     0.914    pll/adc_clk_in
    PLLE2_ADV_X0Y0       PLLE2_ADV (Prop_plle2_adv_CLKIN1_CLKOUT0)
                                                     -2.546    -1.632 r  pll/pll/CLKOUT0
                         net (fo=1, routed)           0.544    -1.088    lopt_2
    BUFGCTRL_X0Y0        BUFG (Prop_bufg_I_O)         0.029    -1.059 r  bufg_adc_clk/O
                         net (fo=15663, routed)       0.823    -0.236    Digital_Freq_Meter_inst/ps_sys_clk
    SLICE_X24Y13         FDCE                                         r  Digital_Freq_Meter_inst/phase_addr_reg[0]/C
                         clock pessimism              0.184    -0.052    
    SLICE_X24Y13         FDCE (Remov_fdce_C_CLR)     -0.067    -0.119    Digital_Freq_Meter_inst/phase_addr_reg[0]
  -------------------------------------------------------------------
                         required time                          0.119    
                         arrival time                           1.039    
  -------------------------------------------------------------------
                         slack                                  1.158    

Slack (MET) :             1.158ns  (arrival time - required time)
  Source:                 Digital_Freq_Meter_inst/rst0_c_reg_lopt_replica/C
                            (rising edge-triggered cell FDRE clocked by pll_adc_clk  {rise@0.000ns fall@4.000ns period=8.000ns})
  Destination:            Digital_Freq_Meter_inst/phase_addr_reg[1]/CLR
                            (removal check against rising-edge clock pll_adc_clk  {rise@0.000ns fall@4.000ns period=8.000ns})
  Path Group:             **async_default**
  Path Type:              Removal (Min at Fast Process Corner)
  Requirement:            0.000ns  (pll_adc_clk rise@0.000ns - pll_adc_clk rise@0.000ns)
  Data Path Delay:        1.354ns  (logic 0.208ns (15.357%)  route 1.146ns (84.643%))
  Logic Levels:           1  (BUFG=1)
  Clock Path Skew:        0.263ns (DCD - SCD - CPR)
    Destination Clock Delay (DCD):    -0.236ns
    Source Clock Delay      (SCD):    -0.315ns
    Clock Pessimism Removal (CPR):    -0.184ns

    Location             Delay type                Incr(ns)  Path(ns)    Netlist Resource(s)
  -------------------------------------------------------------------    -------------------
                         (clock pll_adc_clk rise edge)
                                                      0.000     0.000 r  
    U18                                               0.000     0.000 r  adc_clk_p_i (IN)
                         net (fo=0)                   0.000     0.000    adc_clk_p_i
    U18                  IBUFDS (Prop_ibufds_I_O)     0.401     0.401 r  i_clk/O
                         net (fo=1, routed)           0.440     0.842    pll/adc_clk_in
    PLLE2_ADV_X0Y0       PLLE2_ADV (Prop_plle2_adv_CLKIN1_CLKOUT0)
                                                     -2.234    -1.393 r  pll/pll/CLKOUT0
                         net (fo=1, routed)           0.497    -0.896    lopt_2
    BUFGCTRL_X0Y0        BUFG (Prop_bufg_I_O)         0.026    -0.870 r  bufg_adc_clk/O
                         net (fo=15663, routed)       0.555    -0.315    Digital_Freq_Meter_inst/ps_sys_clk
    SLICE_X17Y30         FDRE                                         r  Digital_Freq_Meter_inst/rst0_c_reg_lopt_replica/C
  -------------------------------------------------------------------    -------------------
    SLICE_X17Y30         FDRE (Prop_fdre_C_Q)         0.128    -0.187 f  Digital_Freq_Meter_inst/rst0_c_reg_lopt_replica/Q
                         net (fo=1, routed)           0.529     0.342    Digital_Freq_Meter_inst/Q_replN
    BUFGCTRL_X0Y7        BUFG (Prop_bufg_I_O)         0.080     0.422 f  Digital_Freq_Meter_inst/bufg_fm_rst/O
                         net (fo=566, routed)         0.617     1.039    Digital_Freq_Meter_inst/rst0
    SLICE_X24Y13         FDCE                                         f  Digital_Freq_Meter_inst/phase_addr_reg[1]/CLR
  -------------------------------------------------------------------    -------------------

                         (clock pll_adc_clk rise edge)
                                                      0.000     0.000 r  
    U18                                               0.000     0.000 r  adc_clk_p_i (IN)
                         net (fo=0)                   0.000     0.000    adc_clk_p_i
    U18                  IBUFDS (Prop_ibufds_I_O)     0.433     0.433 r  i_clk/O
                         net (fo=1, routed)           0.481     0.914    pll/adc_clk_in
    PLLE2_ADV_X0Y0       PLLE2_ADV (Prop_plle2_adv_CLKIN1_CLKOUT0)
                                                     -2.546    -1.632 r  pll/pll/CLKOUT0
                         net (fo=1, routed)           0.544    -1.088    lopt_2
    BUFGCTRL_X0Y0        BUFG (Prop_bufg_I_O)         0.029    -1.059 r  bufg_adc_clk/O
                         net (fo=15663, routed)       0.823    -0.236    Digital_Freq_Meter_inst/ps_sys_clk
    SLICE_X24Y13         FDCE                                         r  Digital_Freq_Meter_inst/phase_addr_reg[1]/C
                         clock pessimism              0.184    -0.052    
    SLICE_X24Y13         FDCE (Remov_fdce_C_CLR)     -0.067    -0.119    Digital_Freq_Meter_inst/phase_addr_reg[1]
  -------------------------------------------------------------------
                         required time                          0.119    
                         arrival time                           1.039    
  -------------------------------------------------------------------
                         slack                                  1.158    

Slack (MET) :             1.158ns  (arrival time - required time)
  Source:                 Digital_Freq_Meter_inst/rst0_c_reg_lopt_replica/C
                            (rising edge-triggered cell FDRE clocked by pll_adc_clk  {rise@0.000ns fall@4.000ns period=8.000ns})
  Destination:            Digital_Freq_Meter_inst/phase_addr_reg[2]/CLR
                            (removal check against rising-edge clock pll_adc_clk  {rise@0.000ns fall@4.000ns period=8.000ns})
  Path Group:             **async_default**
  Path Type:              Removal (Min at Fast Process Corner)
  Requirement:            0.000ns  (pll_adc_clk rise@0.000ns - pll_adc_clk rise@0.000ns)
  Data Path Delay:        1.354ns  (logic 0.208ns (15.357%)  route 1.146ns (84.643%))
  Logic Levels:           1  (BUFG=1)
  Clock Path Skew:        0.263ns (DCD - SCD - CPR)
    Destination Clock Delay (DCD):    -0.236ns
    Source Clock Delay      (SCD):    -0.315ns
    Clock Pessimism Removal (CPR):    -0.184ns

    Location             Delay type                Incr(ns)  Path(ns)    Netlist Resource(s)
  -------------------------------------------------------------------    -------------------
                         (clock pll_adc_clk rise edge)
                                                      0.000     0.000 r  
    U18                                               0.000     0.000 r  adc_clk_p_i (IN)
                         net (fo=0)                   0.000     0.000    adc_clk_p_i
    U18                  IBUFDS (Prop_ibufds_I_O)     0.401     0.401 r  i_clk/O
                         net (fo=1, routed)           0.440     0.842    pll/adc_clk_in
    PLLE2_ADV_X0Y0       PLLE2_ADV (Prop_plle2_adv_CLKIN1_CLKOUT0)
                                                     -2.234    -1.393 r  pll/pll/CLKOUT0
                         net (fo=1, routed)           0.497    -0.896    lopt_2
    BUFGCTRL_X0Y0        BUFG (Prop_bufg_I_O)         0.026    -0.870 r  bufg_adc_clk/O
                         net (fo=15663, routed)       0.555    -0.315    Digital_Freq_Meter_inst/ps_sys_clk
    SLICE_X17Y30         FDRE                                         r  Digital_Freq_Meter_inst/rst0_c_reg_lopt_replica/C
  -------------------------------------------------------------------    -------------------
    SLICE_X17Y30         FDRE (Prop_fdre_C_Q)         0.128    -0.187 f  Digital_Freq_Meter_inst/rst0_c_reg_lopt_replica/Q
                         net (fo=1, routed)           0.529     0.342    Digital_Freq_Meter_inst/Q_replN
    BUFGCTRL_X0Y7        BUFG (Prop_bufg_I_O)         0.080     0.422 f  Digital_Freq_Meter_inst/bufg_fm_rst/O
                         net (fo=566, routed)         0.617     1.039    Digital_Freq_Meter_inst/rst0
    SLICE_X24Y13         FDCE                                         f  Digital_Freq_Meter_inst/phase_addr_reg[2]/CLR
  -------------------------------------------------------------------    -------------------

                         (clock pll_adc_clk rise edge)
                                                      0.000     0.000 r  
    U18                                               0.000     0.000 r  adc_clk_p_i (IN)
                         net (fo=0)                   0.000     0.000    adc_clk_p_i
    U18                  IBUFDS (Prop_ibufds_I_O)     0.433     0.433 r  i_clk/O
                         net (fo=1, routed)           0.481     0.914    pll/adc_clk_in
    PLLE2_ADV_X0Y0       PLLE2_ADV (Prop_plle2_adv_CLKIN1_CLKOUT0)
                                                     -2.546    -1.632 r  pll/pll/CLKOUT0
                         net (fo=1, routed)           0.544    -1.088    lopt_2
    BUFGCTRL_X0Y0        BUFG (Prop_bufg_I_O)         0.029    -1.059 r  bufg_adc_clk/O
                         net (fo=15663, routed)       0.823    -0.236    Digital_Freq_Meter_inst/ps_sys_clk
    SLICE_X24Y13         FDCE                                         r  Digital_Freq_Meter_inst/phase_addr_reg[2]/C
                         clock pessimism              0.184    -0.052    
    SLICE_X24Y13         FDCE (Remov_fdce_C_CLR)     -0.067    -0.119    Digital_Freq_Meter_inst/phase_addr_reg[2]
  -------------------------------------------------------------------
                         required time                          0.119    
                         arrival time                           1.039    
  -------------------------------------------------------------------
                         slack                                  1.158    

Slack (MET) :             1.158ns  (arrival time - required time)
  Source:                 Digital_Freq_Meter_inst/rst0_c_reg_lopt_replica/C
                            (rising edge-triggered cell FDRE clocked by pll_adc_clk  {rise@0.000ns fall@4.000ns period=8.000ns})
  Destination:            Digital_Freq_Meter_inst/phase_addr_reg[3]/CLR
                            (removal check against rising-edge clock pll_adc_clk  {rise@0.000ns fall@4.000ns period=8.000ns})
  Path Group:             **async_default**
  Path Type:              Removal (Min at Fast Process Corner)
  Requirement:            0.000ns  (pll_adc_clk rise@0.000ns - pll_adc_clk rise@0.000ns)
  Data Path Delay:        1.354ns  (logic 0.208ns (15.357%)  route 1.146ns (84.643%))
  Logic Levels:           1  (BUFG=1)
  Clock Path Skew:        0.263ns (DCD - SCD - CPR)
    Destination Clock Delay (DCD):    -0.236ns
    Source Clock Delay      (SCD):    -0.315ns
    Clock Pessimism Removal (CPR):    -0.184ns

    Location             Delay type                Incr(ns)  Path(ns)    Netlist Resource(s)
  -------------------------------------------------------------------    -------------------
                         (clock pll_adc_clk rise edge)
                                                      0.000     0.000 r  
    U18                                               0.000     0.000 r  adc_clk_p_i (IN)
                         net (fo=0)                   0.000     0.000    adc_clk_p_i
    U18                  IBUFDS (Prop_ibufds_I_O)     0.401     0.401 r  i_clk/O
                         net (fo=1, routed)           0.440     0.842    pll/adc_clk_in
    PLLE2_ADV_X0Y0       PLLE2_ADV (Prop_plle2_adv_CLKIN1_CLKOUT0)
                                                     -2.234    -1.393 r  pll/pll/CLKOUT0
                         net (fo=1, routed)           0.497    -0.896    lopt_2
    BUFGCTRL_X0Y0        BUFG (Prop_bufg_I_O)         0.026    -0.870 r  bufg_adc_clk/O
                         net (fo=15663, routed)       0.555    -0.315    Digital_Freq_Meter_inst/ps_sys_clk
    SLICE_X17Y30         FDRE                                         r  Digital_Freq_Meter_inst/rst0_c_reg_lopt_replica/C
  -------------------------------------------------------------------    -------------------
    SLICE_X17Y30         FDRE (Prop_fdre_C_Q)         0.128    -0.187 f  Digital_Freq_Meter_inst/rst0_c_reg_lopt_replica/Q
                         net (fo=1, routed)           0.529     0.342    Digital_Freq_Meter_inst/Q_replN
    BUFGCTRL_X0Y7        BUFG (Prop_bufg_I_O)         0.080     0.422 f  Digital_Freq_Meter_inst/bufg_fm_rst/O
                         net (fo=566, routed)         0.617     1.039    Digital_Freq_Meter_inst/rst0
    SLICE_X24Y13         FDCE                                         f  Digital_Freq_Meter_inst/phase_addr_reg[3]/CLR
  -------------------------------------------------------------------    -------------------

                         (clock pll_adc_clk rise edge)
                                                      0.000     0.000 r  
    U18                                               0.000     0.000 r  adc_clk_p_i (IN)
                         net (fo=0)                   0.000     0.000    adc_clk_p_i
    U18                  IBUFDS (Prop_ibufds_I_O)     0.433     0.433 r  i_clk/O
                         net (fo=1, routed)           0.481     0.914    pll/adc_clk_in
    PLLE2_ADV_X0Y0       PLLE2_ADV (Prop_plle2_adv_CLKIN1_CLKOUT0)
                                                     -2.546    -1.632 r  pll/pll/CLKOUT0
                         net (fo=1, routed)           0.544    -1.088    lopt_2
    BUFGCTRL_X0Y0        BUFG (Prop_bufg_I_O)         0.029    -1.059 r  bufg_adc_clk/O
                         net (fo=15663, routed)       0.823    -0.236    Digital_Freq_Meter_inst/ps_sys_clk
    SLICE_X24Y13         FDCE                                         r  Digital_Freq_Meter_inst/phase_addr_reg[3]/C
                         clock pessimism              0.184    -0.052    
    SLICE_X24Y13         FDCE (Remov_fdce_C_CLR)     -0.067    -0.119    Digital_Freq_Meter_inst/phase_addr_reg[3]
  -------------------------------------------------------------------
                         required time                          0.119    
                         arrival time                           1.039    
  -------------------------------------------------------------------
                         slack                                  1.158    

Slack (MET) :             1.159ns  (arrival time - required time)
  Source:                 Digital_Freq_Meter_inst/rst0_c_reg_lopt_replica/C
                            (rising edge-triggered cell FDRE clocked by pll_adc_clk  {rise@0.000ns fall@4.000ns period=8.000ns})
  Destination:            Digital_Freq_Meter_inst/fast_frequency_accumulator_inst/active_interval_cycles_reg[14]/CLR
                            (removal check against rising-edge clock pll_adc_clk  {rise@0.000ns fall@4.000ns period=8.000ns})
  Path Group:             **async_default**
  Path Type:              Removal (Min at Fast Process Corner)
  Requirement:            0.000ns  (pll_adc_clk rise@0.000ns - pll_adc_clk rise@0.000ns)
  Data Path Delay:        1.348ns  (logic 0.208ns (15.425%)  route 1.140ns (84.575%))
  Logic Levels:           1  (BUFG=1)
  Clock Path Skew:        0.256ns (DCD - SCD - CPR)
    Destination Clock Delay (DCD):    -0.243ns
    Source Clock Delay      (SCD):    -0.315ns
    Clock Pessimism Removal (CPR):    -0.184ns

    Location             Delay type                Incr(ns)  Path(ns)    Netlist Resource(s)
  -------------------------------------------------------------------    -------------------
                         (clock pll_adc_clk rise edge)
                                                      0.000     0.000 r  
    U18                                               0.000     0.000 r  adc_clk_p_i (IN)
                         net (fo=0)                   0.000     0.000    adc_clk_p_i
    U18                  IBUFDS (Prop_ibufds_I_O)     0.401     0.401 r  i_clk/O
                         net (fo=1, routed)           0.440     0.842    pll/adc_clk_in
    PLLE2_ADV_X0Y0       PLLE2_ADV (Prop_plle2_adv_CLKIN1_CLKOUT0)
                                                     -2.234    -1.393 r  pll/pll/CLKOUT0
                         net (fo=1, routed)           0.497    -0.896    lopt_2
    BUFGCTRL_X0Y0        BUFG (Prop_bufg_I_O)         0.026    -0.870 r  bufg_adc_clk/O
                         net (fo=15663, routed)       0.555    -0.315    Digital_Freq_Meter_inst/ps_sys_clk
    SLICE_X17Y30         FDRE                                         r  Digital_Freq_Meter_inst/rst0_c_reg_lopt_replica/C
  -------------------------------------------------------------------    -------------------
    SLICE_X17Y30         FDRE (Prop_fdre_C_Q)         0.128    -0.187 f  Digital_Freq_Meter_inst/rst0_c_reg_lopt_replica/Q
                         net (fo=1, routed)           0.529     0.342    Digital_Freq_Meter_inst/Q_replN
    BUFGCTRL_X0Y7        BUFG (Prop_bufg_I_O)         0.080     0.422 f  Digital_Freq_Meter_inst/bufg_fm_rst/O
                         net (fo=566, routed)         0.611     1.033    Digital_Freq_Meter_inst/fast_frequency_accumulator_inst/rst0
    SLICE_X34Y24         FDCE                                         f  Digital_Freq_Meter_inst/fast_frequency_accumulator_inst/active_interval_cycles_reg[14]/CLR
  -------------------------------------------------------------------    -------------------

                         (clock pll_adc_clk rise edge)
                                                      0.000     0.000 r  
    U18                                               0.000     0.000 r  adc_clk_p_i (IN)
                         net (fo=0)                   0.000     0.000    adc_clk_p_i
    U18                  IBUFDS (Prop_ibufds_I_O)     0.433     0.433 r  i_clk/O
                         net (fo=1, routed)           0.481     0.914    pll/adc_clk_in
    PLLE2_ADV_X0Y0       PLLE2_ADV (Prop_plle2_adv_CLKIN1_CLKOUT0)
                                                     -2.546    -1.632 r  pll/pll/CLKOUT0
                         net (fo=1, routed)           0.544    -1.088    lopt_2
    BUFGCTRL_X0Y0        BUFG (Prop_bufg_I_O)         0.029    -1.059 r  bufg_adc_clk/O
                         net (fo=15663, routed)       0.816    -0.243    Digital_Freq_Meter_inst/fast_frequency_accumulator_inst/ps_sys_clk
    SLICE_X34Y24         FDCE                                         r  Digital_Freq_Meter_inst/fast_frequency_accumulator_inst/active_interval_cycles_reg[14]/C
                         clock pessimism              0.184    -0.059    
    SLICE_X34Y24         FDCE (Remov_fdce_C_CLR)     -0.067    -0.126    Digital_Freq_Meter_inst/fast_frequency_accumulator_inst/active_interval_cycles_reg[14]
  -------------------------------------------------------------------
                         required time                          0.126    
                         arrival time                           1.033    
  -------------------------------------------------------------------
                         slack                                  1.159    





