Copyright 1986-2018 Xilinx, Inc. All Rights Reserved.
--------------------------------------------------------------------------------------------------------------------------------------------------------------------------------
| Tool Version : Vivado v.2018.3 (win64) Build 2405991 Thu Dec  6 23:38:27 MST 2018
| Date         : Sun Jun 28 11:32:50 2026
| Host         : MiaoZhi-PC running 64-bit major release  (build 9200)
| Command      : report_utilization -hierarchical -file E:/FPGA/DPLL_Rewrite/DPLL_Rewrite_THbox_T3/reports/vivado_single_clock_core_stage_a_project_synth/utilization_synth.rpt
| Design       : red_pitaya_top
| Device       : 7z010clg400-1
| Design State : Synthesized
--------------------------------------------------------------------------------------------------------------------------------------------------------------------------------

Utilization Design Information

Table of Contents
-----------------
1. Utilization by Hierarchy

1. Utilization by Hierarchy
---------------------------

+-----------------------------------------------------------------------------------------------------------------------------+------------------------------------------------------------------------+------------+------------+---------+------+-------+--------+--------+--------------+
|                                                           Instance                                                          |                                 Module                                 | Total LUTs | Logic LUTs | LUTRAMs | SRLs |  FFs  | RAMB36 | RAMB18 | DSP48 Blocks |
+-----------------------------------------------------------------------------------------------------------------------------+------------------------------------------------------------------------+------------+------------+---------+------+-------+--------+--------+--------------+
| red_pitaya_top                                                                                                              |                                                                  (top) |       9848 |       9235 |       0 |  613 | 14475 |     22 |      4 |           53 |
|   (red_pitaya_top)                                                                                                          |                                                                  (top) |          4 |          4 |       0 |    0 |    85 |      0 |      0 |            0 |
|   Digital_Freq_Meter_inst                                                                                                   |                                                     Digital_Freq_Meter |       2816 |       2582 |       0 |  234 |  4809 |      7 |      1 |           28 |
|     (Digital_Freq_Meter_inst)                                                                                               |                                                     Digital_Freq_Meter |        175 |        175 |       0 |    0 |   299 |      0 |      0 |            0 |
|     DDC1_inst                                                                                                               |                                        Freq_Meter_DDC_wideband_filters |       1673 |       1490 |       0 |  183 |  2769 |      7 |      1 |           13 |
|       (DDC1_inst)                                                                                                           |                                        Freq_Meter_DDC_wideband_filters |        113 |        113 |       0 |    0 |    91 |      0 |      0 |            0 |
|       CORDIC_inst                                                                                                           |                                                           angle_CORDIC |       1031 |       1005 |       0 |   26 |   994 |      0 |      0 |            0 |
|         (CORDIC_inst)                                                                                                       |                                                           angle_CORDIC |          0 |          0 |       0 |    0 |     0 |      0 |      0 |            0 |
|         U0                                                                                                                  |                                            angle_CORDIC_cordic_v6_0_14 |       1031 |       1005 |       0 |   26 |   994 |      0 |      0 |            0 |
|           (U0)                                                                                                              |                                            angle_CORDIC_cordic_v6_0_14 |          0 |          0 |       0 |    0 |     0 |      0 |      0 |            0 |
|           i_synth                                                                                                           |                                        angle_CORDIC_cordic_v6_0_14_viv |       1031 |       1005 |       0 |   26 |   994 |      0 |      0 |            0 |
|             (i_synth)                                                                                                       |                                        angle_CORDIC_cordic_v6_0_14_viv |          0 |          0 |       0 |    0 |     0 |      0 |      0 |            0 |
|             i_nd_to_rdy                                                                                                     |                                      angle_CORDIC_xbip_pipe_v3_0_5_viv |          1 |          0 |       0 |    1 |     2 |      0 |      0 |            0 |
|             i_synth                                                                                                         |                                      angle_CORDIC_cordic_v6_0_14_synth |       1030 |       1005 |       0 |   25 |   992 |      0 |      0 |            0 |
|               gen_cordic.cordic_engine                                                                                      |                                                angle_CORDIC_cordic_eng |        881 |        878 |       0 |    3 |   822 |      0 |      0 |            0 |
|                 gen_para_arch.gen_iteration[0].eng                                                                          |                                      angle_CORDIC_cordic_eng_slice_par |         56 |         56 |       0 |    0 |    61 |      0 |      0 |            0 |
|                   cntrl                                                                                                     |                                 angle_CORDIC_cordic_ctrl_slice_par_248 |          0 |          0 |       0 |    0 |     1 |      0 |      0 |            0 |
|                     engine_mode_dly                                                                                         |                             angle_CORDIC_delay_bit__parameterized1_265 |          0 |          0 |       0 |    0 |     1 |      0 |      0 |            0 |
|                   data_slice                                                                                                |                                  angle_CORDIC_cordic_dat_acc_slice_par |         40 |         40 |       0 |    0 |    40 |      0 |      0 |            0 |
|                     x_plus_y_shift                                                                                          |                                angle_CORDIC_addsub__parameterized3_255 |         18 |         18 |       0 |    0 |    20 |      0 |      0 |            0 |
|                       (x_plus_y_shift)                                                                                      |                                angle_CORDIC_addsub__parameterized3_255 |          0 |          0 |       0 |    0 |     0 |      0 |      0 |            0 |
|                       inst                                                                                                  |                  angle_CORDIC_c_addsub_v12_0_12_viv__parameterized3__3 |         18 |         18 |       0 |    0 |    20 |      0 |      0 |            0 |
|                         (inst)                                                                                              |                  angle_CORDIC_c_addsub_v12_0_12_viv__parameterized3__3 |          0 |          0 |       0 |    0 |     0 |      0 |      0 |            0 |
|                         i_baseblox.i_baseblox_addsub                                                                        |              angle_CORDIC_c_addsub_v12_0_12_legacy__parameterized3_261 |         18 |         18 |       0 |    0 |    20 |      0 |      0 |            0 |
|                           no_pipelining.the_addsub                                                                          |       angle_CORDIC_c_addsub_v12_0_12_fabric_legacy__parameterized3_262 |         18 |         18 |       0 |    0 |    20 |      0 |      0 |            0 |
|                             i_lut6.i_lut6_addsub                                                                            |         angle_CORDIC_c_addsub_v12_0_12_lut6_legacy__parameterized3_263 |         18 |         18 |       0 |    0 |    20 |      0 |      0 |            0 |
|                               (i_lut6.i_lut6_addsub)                                                                        |         angle_CORDIC_c_addsub_v12_0_12_lut6_legacy__parameterized3_263 |         18 |         18 |       0 |    0 |     0 |      0 |      0 |            0 |
|                               i_q.i_simple.qreg                                                                             |                  angle_CORDIC_c_reg_fd_v12_0_5_viv__parameterized2_264 |          0 |          0 |       0 |    0 |    20 |      0 |      0 |            0 |
|                     y_plus_x_shift                                                                                          |                                angle_CORDIC_addsub__parameterized3_256 |         22 |         22 |       0 |    0 |    20 |      0 |      0 |            0 |
|                       (y_plus_x_shift)                                                                                      |                                angle_CORDIC_addsub__parameterized3_256 |          1 |          1 |       0 |    0 |     0 |      0 |      0 |            0 |
|                       inst                                                                                                  |                  angle_CORDIC_c_addsub_v12_0_12_viv__parameterized3__4 |         21 |         21 |       0 |    0 |    20 |      0 |      0 |            0 |
|                         (inst)                                                                                              |                  angle_CORDIC_c_addsub_v12_0_12_viv__parameterized3__4 |          0 |          0 |       0 |    0 |     0 |      0 |      0 |            0 |
|                         i_baseblox.i_baseblox_addsub                                                                        |              angle_CORDIC_c_addsub_v12_0_12_legacy__parameterized3_257 |         21 |         21 |       0 |    0 |    20 |      0 |      0 |            0 |
|                           no_pipelining.the_addsub                                                                          |       angle_CORDIC_c_addsub_v12_0_12_fabric_legacy__parameterized3_258 |         21 |         21 |       0 |    0 |    20 |      0 |      0 |            0 |
|                             i_lut6.i_lut6_addsub                                                                            |         angle_CORDIC_c_addsub_v12_0_12_lut6_legacy__parameterized3_259 |         21 |         21 |       0 |    0 |    20 |      0 |      0 |            0 |
|                               (i_lut6.i_lut6_addsub)                                                                        |         angle_CORDIC_c_addsub_v12_0_12_lut6_legacy__parameterized3_259 |         21 |         21 |       0 |    0 |     0 |      0 |      0 |            0 |
|                               i_q.i_simple.qreg                                                                             |                  angle_CORDIC_c_reg_fd_v12_0_5_viv__parameterized2_260 |          0 |          0 |       0 |    0 |    20 |      0 |      0 |            0 |
|                   phase_slice                                                                                               |                              angle_CORDIC_cordic_pha_acc_slice_par_249 |         16 |         16 |       0 |    0 |    20 |      0 |      0 |            0 |
|                     phase_plus_atan                                                                                         |                                angle_CORDIC_addsub__parameterized3_250 |         16 |         16 |       0 |    0 |    20 |      0 |      0 |            0 |
|                       (phase_plus_atan)                                                                                     |                                angle_CORDIC_addsub__parameterized3_250 |          1 |          1 |       0 |    0 |     0 |      0 |      0 |            0 |
|                       inst                                                                                                  |                  angle_CORDIC_c_addsub_v12_0_12_viv__parameterized3__6 |         15 |         15 |       0 |    0 |    20 |      0 |      0 |            0 |
|                         (inst)                                                                                              |                  angle_CORDIC_c_addsub_v12_0_12_viv__parameterized3__6 |          0 |          0 |       0 |    0 |     0 |      0 |      0 |            0 |
|                         i_baseblox.i_baseblox_addsub                                                                        |              angle_CORDIC_c_addsub_v12_0_12_legacy__parameterized3_251 |         15 |         15 |       0 |    0 |    20 |      0 |      0 |            0 |
|                           no_pipelining.the_addsub                                                                          |       angle_CORDIC_c_addsub_v12_0_12_fabric_legacy__parameterized3_252 |         15 |         15 |       0 |    0 |    20 |      0 |      0 |            0 |
|                             i_lut6.i_lut6_addsub                                                                            |         angle_CORDIC_c_addsub_v12_0_12_lut6_legacy__parameterized3_253 |         15 |         15 |       0 |    0 |    20 |      0 |      0 |            0 |
|                               (i_lut6.i_lut6_addsub)                                                                        |         angle_CORDIC_c_addsub_v12_0_12_lut6_legacy__parameterized3_253 |         15 |         15 |       0 |    0 |     0 |      0 |      0 |            0 |
|                               i_q.i_simple.qreg                                                                             |                  angle_CORDIC_c_reg_fd_v12_0_5_viv__parameterized2_254 |          0 |          0 |       0 |    0 |    20 |      0 |      0 |            0 |
|                 gen_para_arch.gen_iteration[10].eng                                                                         |                     angle_CORDIC_cordic_eng_slice_par__parameterized19 |         65 |         65 |       0 |    0 |    61 |      0 |      0 |            0 |
|                   cntrl                                                                                                     |                                 angle_CORDIC_cordic_ctrl_slice_par_230 |          0 |          0 |       0 |    0 |     1 |      0 |      0 |            0 |
|                     engine_mode_dly                                                                                         |                             angle_CORDIC_delay_bit__parameterized1_247 |          0 |          0 |       0 |    0 |     1 |      0 |      0 |            0 |
|                   data_slice                                                                                                |                 angle_CORDIC_cordic_dat_acc_slice_par__parameterized19 |         43 |         43 |       0 |    0 |    40 |      0 |      0 |            0 |
|                     x_plus_y_shift                                                                                          |                                angle_CORDIC_addsub__parameterized3_237 |         21 |         21 |       0 |    0 |    20 |      0 |      0 |            0 |
|                       (x_plus_y_shift)                                                                                      |                                angle_CORDIC_addsub__parameterized3_237 |          0 |          0 |       0 |    0 |     0 |      0 |      0 |            0 |
|                       inst                                                                                                  |                 angle_CORDIC_c_addsub_v12_0_12_viv__parameterized3__34 |         21 |         21 |       0 |    0 |    20 |      0 |      0 |            0 |
|                         (inst)                                                                                              |                 angle_CORDIC_c_addsub_v12_0_12_viv__parameterized3__34 |          0 |          0 |       0 |    0 |     0 |      0 |      0 |            0 |
|                         i_baseblox.i_baseblox_addsub                                                                        |              angle_CORDIC_c_addsub_v12_0_12_legacy__parameterized3_243 |         21 |         21 |       0 |    0 |    20 |      0 |      0 |            0 |
|                           no_pipelining.the_addsub                                                                          |       angle_CORDIC_c_addsub_v12_0_12_fabric_legacy__parameterized3_244 |         21 |         21 |       0 |    0 |    20 |      0 |      0 |            0 |
|                             i_lut6.i_lut6_addsub                                                                            |         angle_CORDIC_c_addsub_v12_0_12_lut6_legacy__parameterized3_245 |         21 |         21 |       0 |    0 |    20 |      0 |      0 |            0 |
|                               (i_lut6.i_lut6_addsub)                                                                        |         angle_CORDIC_c_addsub_v12_0_12_lut6_legacy__parameterized3_245 |         21 |         21 |       0 |    0 |     0 |      0 |      0 |            0 |
|                               i_q.i_simple.qreg                                                                             |                  angle_CORDIC_c_reg_fd_v12_0_5_viv__parameterized2_246 |          0 |          0 |       0 |    0 |    20 |      0 |      0 |            0 |
|                     y_plus_x_shift                                                                                          |                                angle_CORDIC_addsub__parameterized3_238 |         22 |         22 |       0 |    0 |    20 |      0 |      0 |            0 |
|                       (y_plus_x_shift)                                                                                      |                                angle_CORDIC_addsub__parameterized3_238 |          1 |          1 |       0 |    0 |     0 |      0 |      0 |            0 |
|                       inst                                                                                                  |                 angle_CORDIC_c_addsub_v12_0_12_viv__parameterized3__35 |         21 |         21 |       0 |    0 |    20 |      0 |      0 |            0 |
|                         (inst)                                                                                              |                 angle_CORDIC_c_addsub_v12_0_12_viv__parameterized3__35 |          0 |          0 |       0 |    0 |     0 |      0 |      0 |            0 |
|                         i_baseblox.i_baseblox_addsub                                                                        |              angle_CORDIC_c_addsub_v12_0_12_legacy__parameterized3_239 |         21 |         21 |       0 |    0 |    20 |      0 |      0 |            0 |
|                           no_pipelining.the_addsub                                                                          |       angle_CORDIC_c_addsub_v12_0_12_fabric_legacy__parameterized3_240 |         21 |         21 |       0 |    0 |    20 |      0 |      0 |            0 |
|                             i_lut6.i_lut6_addsub                                                                            |         angle_CORDIC_c_addsub_v12_0_12_lut6_legacy__parameterized3_241 |         21 |         21 |       0 |    0 |    20 |      0 |      0 |            0 |
|                               (i_lut6.i_lut6_addsub)                                                                        |         angle_CORDIC_c_addsub_v12_0_12_lut6_legacy__parameterized3_241 |         21 |         21 |       0 |    0 |     0 |      0 |      0 |            0 |
|                               i_q.i_simple.qreg                                                                             |                  angle_CORDIC_c_reg_fd_v12_0_5_viv__parameterized2_242 |          0 |          0 |       0 |    0 |    20 |      0 |      0 |            0 |
|                   phase_slice                                                                                               |                              angle_CORDIC_cordic_pha_acc_slice_par_231 |         22 |         22 |       0 |    0 |    20 |      0 |      0 |            0 |
|                     phase_plus_atan                                                                                         |                                angle_CORDIC_addsub__parameterized3_232 |         22 |         22 |       0 |    0 |    20 |      0 |      0 |            0 |
|                       (phase_plus_atan)                                                                                     |                                angle_CORDIC_addsub__parameterized3_232 |          1 |          1 |       0 |    0 |     0 |      0 |      0 |            0 |
|                       inst                                                                                                  |                 angle_CORDIC_c_addsub_v12_0_12_viv__parameterized3__36 |         21 |         21 |       0 |    0 |    20 |      0 |      0 |            0 |
|                         (inst)                                                                                              |                 angle_CORDIC_c_addsub_v12_0_12_viv__parameterized3__36 |          0 |          0 |       0 |    0 |     0 |      0 |      0 |            0 |
|                         i_baseblox.i_baseblox_addsub                                                                        |              angle_CORDIC_c_addsub_v12_0_12_legacy__parameterized3_233 |         21 |         21 |       0 |    0 |    20 |      0 |      0 |            0 |
|                           no_pipelining.the_addsub                                                                          |       angle_CORDIC_c_addsub_v12_0_12_fabric_legacy__parameterized3_234 |         21 |         21 |       0 |    0 |    20 |      0 |      0 |            0 |
|                             i_lut6.i_lut6_addsub                                                                            |         angle_CORDIC_c_addsub_v12_0_12_lut6_legacy__parameterized3_235 |         21 |         21 |       0 |    0 |    20 |      0 |      0 |            0 |
|                               (i_lut6.i_lut6_addsub)                                                                        |         angle_CORDIC_c_addsub_v12_0_12_lut6_legacy__parameterized3_235 |         21 |         21 |       0 |    0 |     0 |      0 |      0 |            0 |
|                               i_q.i_simple.qreg                                                                             |                  angle_CORDIC_c_reg_fd_v12_0_5_viv__parameterized2_236 |          0 |          0 |       0 |    0 |    20 |      0 |      0 |            0 |
|                 gen_para_arch.gen_iteration[11].eng                                                                         |                     angle_CORDIC_cordic_eng_slice_par__parameterized21 |         65 |         65 |       0 |    0 |    61 |      0 |      0 |            0 |
|                   cntrl                                                                                                     |                                 angle_CORDIC_cordic_ctrl_slice_par_212 |          0 |          0 |       0 |    0 |     1 |      0 |      0 |            0 |
|                     engine_mode_dly                                                                                         |                             angle_CORDIC_delay_bit__parameterized1_229 |          0 |          0 |       0 |    0 |     1 |      0 |      0 |            0 |
|                   data_slice                                                                                                |                 angle_CORDIC_cordic_dat_acc_slice_par__parameterized21 |         43 |         43 |       0 |    0 |    40 |      0 |      0 |            0 |
|                     x_plus_y_shift                                                                                          |                                angle_CORDIC_addsub__parameterized3_219 |         21 |         21 |       0 |    0 |    20 |      0 |      0 |            0 |
|                       (x_plus_y_shift)                                                                                      |                                angle_CORDIC_addsub__parameterized3_219 |          0 |          0 |       0 |    0 |     0 |      0 |      0 |            0 |
|                       inst                                                                                                  |                 angle_CORDIC_c_addsub_v12_0_12_viv__parameterized3__37 |         21 |         21 |       0 |    0 |    20 |      0 |      0 |            0 |
|                         (inst)                                                                                              |                 angle_CORDIC_c_addsub_v12_0_12_viv__parameterized3__37 |          0 |          0 |       0 |    0 |     0 |      0 |      0 |            0 |
|                         i_baseblox.i_baseblox_addsub                                                                        |              angle_CORDIC_c_addsub_v12_0_12_legacy__parameterized3_225 |         21 |         21 |       0 |    0 |    20 |      0 |      0 |            0 |
|                           no_pipelining.the_addsub                                                                          |       angle_CORDIC_c_addsub_v12_0_12_fabric_legacy__parameterized3_226 |         21 |         21 |       0 |    0 |    20 |      0 |      0 |            0 |
|                             i_lut6.i_lut6_addsub                                                                            |         angle_CORDIC_c_addsub_v12_0_12_lut6_legacy__parameterized3_227 |         21 |         21 |       0 |    0 |    20 |      0 |      0 |            0 |
|                               (i_lut6.i_lut6_addsub)                                                                        |         angle_CORDIC_c_addsub_v12_0_12_lut6_legacy__parameterized3_227 |         21 |         21 |       0 |    0 |     0 |      0 |      0 |            0 |
|                               i_q.i_simple.qreg                                                                             |                  angle_CORDIC_c_reg_fd_v12_0_5_viv__parameterized2_228 |          0 |          0 |       0 |    0 |    20 |      0 |      0 |            0 |
|                     y_plus_x_shift                                                                                          |                                angle_CORDIC_addsub__parameterized3_220 |         22 |         22 |       0 |    0 |    20 |      0 |      0 |            0 |
|                       (y_plus_x_shift)                                                                                      |                                angle_CORDIC_addsub__parameterized3_220 |          1 |          1 |       0 |    0 |     0 |      0 |      0 |            0 |
|                       inst                                                                                                  |                 angle_CORDIC_c_addsub_v12_0_12_viv__parameterized3__38 |         21 |         21 |       0 |    0 |    20 |      0 |      0 |            0 |
|                         (inst)                                                                                              |                 angle_CORDIC_c_addsub_v12_0_12_viv__parameterized3__38 |          0 |          0 |       0 |    0 |     0 |      0 |      0 |            0 |
|                         i_baseblox.i_baseblox_addsub                                                                        |              angle_CORDIC_c_addsub_v12_0_12_legacy__parameterized3_221 |         21 |         21 |       0 |    0 |    20 |      0 |      0 |            0 |
|                           no_pipelining.the_addsub                                                                          |       angle_CORDIC_c_addsub_v12_0_12_fabric_legacy__parameterized3_222 |         21 |         21 |       0 |    0 |    20 |      0 |      0 |            0 |
|                             i_lut6.i_lut6_addsub                                                                            |         angle_CORDIC_c_addsub_v12_0_12_lut6_legacy__parameterized3_223 |         21 |         21 |       0 |    0 |    20 |      0 |      0 |            0 |
|                               (i_lut6.i_lut6_addsub)                                                                        |         angle_CORDIC_c_addsub_v12_0_12_lut6_legacy__parameterized3_223 |         21 |         21 |       0 |    0 |     0 |      0 |      0 |            0 |
|                               i_q.i_simple.qreg                                                                             |                  angle_CORDIC_c_reg_fd_v12_0_5_viv__parameterized2_224 |          0 |          0 |       0 |    0 |    20 |      0 |      0 |            0 |
|                   phase_slice                                                                                               |                              angle_CORDIC_cordic_pha_acc_slice_par_213 |         22 |         22 |       0 |    0 |    20 |      0 |      0 |            0 |
|                     phase_plus_atan                                                                                         |                                angle_CORDIC_addsub__parameterized3_214 |         22 |         22 |       0 |    0 |    20 |      0 |      0 |            0 |
|                       (phase_plus_atan)                                                                                     |                                angle_CORDIC_addsub__parameterized3_214 |          1 |          1 |       0 |    0 |     0 |      0 |      0 |            0 |
|                       inst                                                                                                  |                 angle_CORDIC_c_addsub_v12_0_12_viv__parameterized3__39 |         21 |         21 |       0 |    0 |    20 |      0 |      0 |            0 |
|                         (inst)                                                                                              |                 angle_CORDIC_c_addsub_v12_0_12_viv__parameterized3__39 |          0 |          0 |       0 |    0 |     0 |      0 |      0 |            0 |
|                         i_baseblox.i_baseblox_addsub                                                                        |              angle_CORDIC_c_addsub_v12_0_12_legacy__parameterized3_215 |         21 |         21 |       0 |    0 |    20 |      0 |      0 |            0 |
|                           no_pipelining.the_addsub                                                                          |       angle_CORDIC_c_addsub_v12_0_12_fabric_legacy__parameterized3_216 |         21 |         21 |       0 |    0 |    20 |      0 |      0 |            0 |
|                             i_lut6.i_lut6_addsub                                                                            |         angle_CORDIC_c_addsub_v12_0_12_lut6_legacy__parameterized3_217 |         21 |         21 |       0 |    0 |    20 |      0 |      0 |            0 |
|                               (i_lut6.i_lut6_addsub)                                                                        |         angle_CORDIC_c_addsub_v12_0_12_lut6_legacy__parameterized3_217 |         21 |         21 |       0 |    0 |     0 |      0 |      0 |            0 |
|                               i_q.i_simple.qreg                                                                             |                  angle_CORDIC_c_reg_fd_v12_0_5_viv__parameterized2_218 |          0 |          0 |       0 |    0 |    20 |      0 |      0 |            0 |
|                 gen_para_arch.gen_iteration[12].eng                                                                         |                     angle_CORDIC_cordic_eng_slice_par__parameterized23 |         67 |         64 |       0 |    3 |    47 |      0 |      0 |            0 |
|                   cntrl                                                                                                     |                                 angle_CORDIC_cordic_ctrl_slice_par_193 |          3 |          0 |       0 |    3 |     1 |      0 |      0 |            0 |
|                     cntrl_vect_dly                                                                                          |                                 angle_CORDIC_delay__parameterized4_210 |          3 |          0 |       0 |    3 |     0 |      0 |      0 |            0 |
|                     engine_mode_dly                                                                                         |                             angle_CORDIC_delay_bit__parameterized1_211 |          0 |          0 |       0 |    0 |     1 |      0 |      0 |            0 |
|                   data_slice                                                                                                |                 angle_CORDIC_cordic_dat_acc_slice_par__parameterized23 |         43 |         43 |       0 |    0 |    26 |      0 |      0 |            0 |
|                     x_plus_y_shift                                                                                          |                                angle_CORDIC_addsub__parameterized3_200 |         21 |         21 |       0 |    0 |    20 |      0 |      0 |            0 |
|                       (x_plus_y_shift)                                                                                      |                                angle_CORDIC_addsub__parameterized3_200 |          0 |          0 |       0 |    0 |     0 |      0 |      0 |            0 |
|                       inst                                                                                                  |                 angle_CORDIC_c_addsub_v12_0_12_viv__parameterized3__40 |         21 |         21 |       0 |    0 |    20 |      0 |      0 |            0 |
|                         (inst)                                                                                              |                 angle_CORDIC_c_addsub_v12_0_12_viv__parameterized3__40 |          0 |          0 |       0 |    0 |     0 |      0 |      0 |            0 |
|                         i_baseblox.i_baseblox_addsub                                                                        |              angle_CORDIC_c_addsub_v12_0_12_legacy__parameterized3_206 |         21 |         21 |       0 |    0 |    20 |      0 |      0 |            0 |
|                           no_pipelining.the_addsub                                                                          |       angle_CORDIC_c_addsub_v12_0_12_fabric_legacy__parameterized3_207 |         21 |         21 |       0 |    0 |    20 |      0 |      0 |            0 |
|                             i_lut6.i_lut6_addsub                                                                            |         angle_CORDIC_c_addsub_v12_0_12_lut6_legacy__parameterized3_208 |         21 |         21 |       0 |    0 |    20 |      0 |      0 |            0 |
|                               (i_lut6.i_lut6_addsub)                                                                        |         angle_CORDIC_c_addsub_v12_0_12_lut6_legacy__parameterized3_208 |         21 |         21 |       0 |    0 |     0 |      0 |      0 |            0 |
|                               i_q.i_simple.qreg                                                                             |                  angle_CORDIC_c_reg_fd_v12_0_5_viv__parameterized2_209 |          0 |          0 |       0 |    0 |    20 |      0 |      0 |            0 |
|                     y_plus_x_shift                                                                                          |                                angle_CORDIC_addsub__parameterized3_201 |         22 |         22 |       0 |    0 |     6 |      0 |      0 |            0 |
|                       (y_plus_x_shift)                                                                                      |                                angle_CORDIC_addsub__parameterized3_201 |          1 |          1 |       0 |    0 |     0 |      0 |      0 |            0 |
|                       inst                                                                                                  |                 angle_CORDIC_c_addsub_v12_0_12_viv__parameterized3__41 |         21 |         21 |       0 |    0 |     6 |      0 |      0 |            0 |
|                         (inst)                                                                                              |                 angle_CORDIC_c_addsub_v12_0_12_viv__parameterized3__41 |          0 |          0 |       0 |    0 |     0 |      0 |      0 |            0 |
|                         i_baseblox.i_baseblox_addsub                                                                        |              angle_CORDIC_c_addsub_v12_0_12_legacy__parameterized3_202 |         21 |         21 |       0 |    0 |     6 |      0 |      0 |            0 |
|                           no_pipelining.the_addsub                                                                          |       angle_CORDIC_c_addsub_v12_0_12_fabric_legacy__parameterized3_203 |         21 |         21 |       0 |    0 |     6 |      0 |      0 |            0 |
|                             i_lut6.i_lut6_addsub                                                                            |         angle_CORDIC_c_addsub_v12_0_12_lut6_legacy__parameterized3_204 |         21 |         21 |       0 |    0 |     6 |      0 |      0 |            0 |
|                               (i_lut6.i_lut6_addsub)                                                                        |         angle_CORDIC_c_addsub_v12_0_12_lut6_legacy__parameterized3_204 |         21 |         21 |       0 |    0 |     0 |      0 |      0 |            0 |
|                               i_q.i_simple.qreg                                                                             |                  angle_CORDIC_c_reg_fd_v12_0_5_viv__parameterized2_205 |          0 |          0 |       0 |    0 |     6 |      0 |      0 |            0 |
|                   phase_slice                                                                                               |                              angle_CORDIC_cordic_pha_acc_slice_par_194 |         21 |         21 |       0 |    0 |    20 |      0 |      0 |            0 |
|                     phase_plus_atan                                                                                         |                                angle_CORDIC_addsub__parameterized3_195 |         21 |         21 |       0 |    0 |    20 |      0 |      0 |            0 |
|                       (phase_plus_atan)                                                                                     |                                angle_CORDIC_addsub__parameterized3_195 |          0 |          0 |       0 |    0 |     0 |      0 |      0 |            0 |
|                       inst                                                                                                  |                 angle_CORDIC_c_addsub_v12_0_12_viv__parameterized3__42 |         21 |         21 |       0 |    0 |    20 |      0 |      0 |            0 |
|                         (inst)                                                                                              |                 angle_CORDIC_c_addsub_v12_0_12_viv__parameterized3__42 |          0 |          0 |       0 |    0 |     0 |      0 |      0 |            0 |
|                         i_baseblox.i_baseblox_addsub                                                                        |              angle_CORDIC_c_addsub_v12_0_12_legacy__parameterized3_196 |         21 |         21 |       0 |    0 |    20 |      0 |      0 |            0 |
|                           no_pipelining.the_addsub                                                                          |       angle_CORDIC_c_addsub_v12_0_12_fabric_legacy__parameterized3_197 |         21 |         21 |       0 |    0 |    20 |      0 |      0 |            0 |
|                             i_lut6.i_lut6_addsub                                                                            |         angle_CORDIC_c_addsub_v12_0_12_lut6_legacy__parameterized3_198 |         21 |         21 |       0 |    0 |    20 |      0 |      0 |            0 |
|                               (i_lut6.i_lut6_addsub)                                                                        |         angle_CORDIC_c_addsub_v12_0_12_lut6_legacy__parameterized3_198 |         21 |         21 |       0 |    0 |     0 |      0 |      0 |            0 |
|                               i_q.i_simple.qreg                                                                             |                  angle_CORDIC_c_reg_fd_v12_0_5_viv__parameterized2_199 |          0 |          0 |       0 |    0 |    20 |      0 |      0 |            0 |
|                 gen_para_arch.gen_iteration[13].eng                                                                         |                     angle_CORDIC_cordic_eng_slice_par__parameterized25 |         43 |         43 |       0 |    0 |    43 |      0 |      0 |            0 |
|                   cntrl                                                                                                     |                                 angle_CORDIC_cordic_ctrl_slice_par_181 |          1 |          1 |       0 |    0 |     3 |      0 |      0 |            0 |
|                     cntrl_vect_dly                                                                                          |                                     angle_CORDIC_delay__parameterized4 |          1 |          1 |       0 |    0 |     3 |      0 |      0 |            0 |
|                   data_slice                                                                                                |                 angle_CORDIC_cordic_dat_acc_slice_par__parameterized25 |         21 |         21 |       0 |    0 |    20 |      0 |      0 |            0 |
|                     x_plus_y_shift                                                                                          |                                angle_CORDIC_addsub__parameterized3_188 |         21 |         21 |       0 |    0 |    20 |      0 |      0 |            0 |
|                       (x_plus_y_shift)                                                                                      |                                angle_CORDIC_addsub__parameterized3_188 |          0 |          0 |       0 |    0 |     0 |      0 |      0 |            0 |
|                       inst                                                                                                  |                 angle_CORDIC_c_addsub_v12_0_12_viv__parameterized3__43 |         21 |         21 |       0 |    0 |    20 |      0 |      0 |            0 |
|                         (inst)                                                                                              |                 angle_CORDIC_c_addsub_v12_0_12_viv__parameterized3__43 |          0 |          0 |       0 |    0 |     0 |      0 |      0 |            0 |
|                         i_baseblox.i_baseblox_addsub                                                                        |              angle_CORDIC_c_addsub_v12_0_12_legacy__parameterized3_189 |         21 |         21 |       0 |    0 |    20 |      0 |      0 |            0 |
|                           no_pipelining.the_addsub                                                                          |       angle_CORDIC_c_addsub_v12_0_12_fabric_legacy__parameterized3_190 |         21 |         21 |       0 |    0 |    20 |      0 |      0 |            0 |
|                             i_lut6.i_lut6_addsub                                                                            |         angle_CORDIC_c_addsub_v12_0_12_lut6_legacy__parameterized3_191 |         21 |         21 |       0 |    0 |    20 |      0 |      0 |            0 |
|                               (i_lut6.i_lut6_addsub)                                                                        |         angle_CORDIC_c_addsub_v12_0_12_lut6_legacy__parameterized3_191 |         21 |         21 |       0 |    0 |     0 |      0 |      0 |            0 |
|                               i_q.i_simple.qreg                                                                             |                  angle_CORDIC_c_reg_fd_v12_0_5_viv__parameterized2_192 |          0 |          0 |       0 |    0 |    20 |      0 |      0 |            0 |
|                   phase_slice                                                                                               |                              angle_CORDIC_cordic_pha_acc_slice_par_182 |         21 |         21 |       0 |    0 |    20 |      0 |      0 |            0 |
|                     phase_plus_atan                                                                                         |                                angle_CORDIC_addsub__parameterized3_183 |         21 |         21 |       0 |    0 |    20 |      0 |      0 |            0 |
|                       (phase_plus_atan)                                                                                     |                                angle_CORDIC_addsub__parameterized3_183 |          0 |          0 |       0 |    0 |     0 |      0 |      0 |            0 |
|                       inst                                                                                                  |                  angle_CORDIC_c_addsub_v12_0_12_viv__parameterized3__5 |         21 |         21 |       0 |    0 |    20 |      0 |      0 |            0 |
|                         (inst)                                                                                              |                  angle_CORDIC_c_addsub_v12_0_12_viv__parameterized3__5 |          0 |          0 |       0 |    0 |     0 |      0 |      0 |            0 |
|                         i_baseblox.i_baseblox_addsub                                                                        |              angle_CORDIC_c_addsub_v12_0_12_legacy__parameterized3_184 |         21 |         21 |       0 |    0 |    20 |      0 |      0 |            0 |
|                           no_pipelining.the_addsub                                                                          |       angle_CORDIC_c_addsub_v12_0_12_fabric_legacy__parameterized3_185 |         21 |         21 |       0 |    0 |    20 |      0 |      0 |            0 |
|                             i_lut6.i_lut6_addsub                                                                            |         angle_CORDIC_c_addsub_v12_0_12_lut6_legacy__parameterized3_186 |         21 |         21 |       0 |    0 |    20 |      0 |      0 |            0 |
|                               (i_lut6.i_lut6_addsub)                                                                        |         angle_CORDIC_c_addsub_v12_0_12_lut6_legacy__parameterized3_186 |         21 |         21 |       0 |    0 |     0 |      0 |      0 |            0 |
|                               i_q.i_simple.qreg                                                                             |                  angle_CORDIC_c_reg_fd_v12_0_5_viv__parameterized2_187 |          0 |          0 |       0 |    0 |    20 |      0 |      0 |            0 |
|                 gen_para_arch.gen_iteration[1].eng                                                                          |                      angle_CORDIC_cordic_eng_slice_par__parameterized1 |         65 |         65 |       0 |    0 |    61 |      0 |      0 |            0 |
|                   cntrl                                                                                                     |                                 angle_CORDIC_cordic_ctrl_slice_par_163 |          0 |          0 |       0 |    0 |     1 |      0 |      0 |            0 |
|                     engine_mode_dly                                                                                         |                             angle_CORDIC_delay_bit__parameterized1_180 |          0 |          0 |       0 |    0 |     1 |      0 |      0 |            0 |
|                   data_slice                                                                                                |                  angle_CORDIC_cordic_dat_acc_slice_par__parameterized1 |         43 |         43 |       0 |    0 |    40 |      0 |      0 |            0 |
|                     x_plus_y_shift                                                                                          |                                angle_CORDIC_addsub__parameterized3_170 |         21 |         21 |       0 |    0 |    20 |      0 |      0 |            0 |
|                       (x_plus_y_shift)                                                                                      |                                angle_CORDIC_addsub__parameterized3_170 |          0 |          0 |       0 |    0 |     0 |      0 |      0 |            0 |
|                       inst                                                                                                  |                  angle_CORDIC_c_addsub_v12_0_12_viv__parameterized3__7 |         21 |         21 |       0 |    0 |    20 |      0 |      0 |            0 |
|                         (inst)                                                                                              |                  angle_CORDIC_c_addsub_v12_0_12_viv__parameterized3__7 |          0 |          0 |       0 |    0 |     0 |      0 |      0 |            0 |
|                         i_baseblox.i_baseblox_addsub                                                                        |              angle_CORDIC_c_addsub_v12_0_12_legacy__parameterized3_176 |         21 |         21 |       0 |    0 |    20 |      0 |      0 |            0 |
|                           no_pipelining.the_addsub                                                                          |       angle_CORDIC_c_addsub_v12_0_12_fabric_legacy__parameterized3_177 |         21 |         21 |       0 |    0 |    20 |      0 |      0 |            0 |
|                             i_lut6.i_lut6_addsub                                                                            |         angle_CORDIC_c_addsub_v12_0_12_lut6_legacy__parameterized3_178 |         21 |         21 |       0 |    0 |    20 |      0 |      0 |            0 |
|                               (i_lut6.i_lut6_addsub)                                                                        |         angle_CORDIC_c_addsub_v12_0_12_lut6_legacy__parameterized3_178 |         21 |         21 |       0 |    0 |     0 |      0 |      0 |            0 |
|                               i_q.i_simple.qreg                                                                             |                  angle_CORDIC_c_reg_fd_v12_0_5_viv__parameterized2_179 |          0 |          0 |       0 |    0 |    20 |      0 |      0 |            0 |
|                     y_plus_x_shift                                                                                          |                                angle_CORDIC_addsub__parameterized3_171 |         22 |         22 |       0 |    0 |    20 |      0 |      0 |            0 |
|                       (y_plus_x_shift)                                                                                      |                                angle_CORDIC_addsub__parameterized3_171 |          1 |          1 |       0 |    0 |     0 |      0 |      0 |            0 |
|                       inst                                                                                                  |                  angle_CORDIC_c_addsub_v12_0_12_viv__parameterized3__8 |         21 |         21 |       0 |    0 |    20 |      0 |      0 |            0 |
|                         (inst)                                                                                              |                  angle_CORDIC_c_addsub_v12_0_12_viv__parameterized3__8 |          0 |          0 |       0 |    0 |     0 |      0 |      0 |            0 |
|                         i_baseblox.i_baseblox_addsub                                                                        |              angle_CORDIC_c_addsub_v12_0_12_legacy__parameterized3_172 |         21 |         21 |       0 |    0 |    20 |      0 |      0 |            0 |
|                           no_pipelining.the_addsub                                                                          |       angle_CORDIC_c_addsub_v12_0_12_fabric_legacy__parameterized3_173 |         21 |         21 |       0 |    0 |    20 |      0 |      0 |            0 |
|                             i_lut6.i_lut6_addsub                                                                            |         angle_CORDIC_c_addsub_v12_0_12_lut6_legacy__parameterized3_174 |         21 |         21 |       0 |    0 |    20 |      0 |      0 |            0 |
|                               (i_lut6.i_lut6_addsub)                                                                        |         angle_CORDIC_c_addsub_v12_0_12_lut6_legacy__parameterized3_174 |         21 |         21 |       0 |    0 |     0 |      0 |      0 |            0 |
|                               i_q.i_simple.qreg                                                                             |                  angle_CORDIC_c_reg_fd_v12_0_5_viv__parameterized2_175 |          0 |          0 |       0 |    0 |    20 |      0 |      0 |            0 |
|                   phase_slice                                                                                               |                              angle_CORDIC_cordic_pha_acc_slice_par_164 |         22 |         22 |       0 |    0 |    20 |      0 |      0 |            0 |
|                     phase_plus_atan                                                                                         |                                angle_CORDIC_addsub__parameterized3_165 |         22 |         22 |       0 |    0 |    20 |      0 |      0 |            0 |
|                       (phase_plus_atan)                                                                                     |                                angle_CORDIC_addsub__parameterized3_165 |          1 |          1 |       0 |    0 |     0 |      0 |      0 |            0 |
|                       inst                                                                                                  |                  angle_CORDIC_c_addsub_v12_0_12_viv__parameterized3__9 |         21 |         21 |       0 |    0 |    20 |      0 |      0 |            0 |
|                         (inst)                                                                                              |                  angle_CORDIC_c_addsub_v12_0_12_viv__parameterized3__9 |          0 |          0 |       0 |    0 |     0 |      0 |      0 |            0 |
|                         i_baseblox.i_baseblox_addsub                                                                        |              angle_CORDIC_c_addsub_v12_0_12_legacy__parameterized3_166 |         21 |         21 |       0 |    0 |    20 |      0 |      0 |            0 |
|                           no_pipelining.the_addsub                                                                          |       angle_CORDIC_c_addsub_v12_0_12_fabric_legacy__parameterized3_167 |         21 |         21 |       0 |    0 |    20 |      0 |      0 |            0 |
|                             i_lut6.i_lut6_addsub                                                                            |         angle_CORDIC_c_addsub_v12_0_12_lut6_legacy__parameterized3_168 |         21 |         21 |       0 |    0 |    20 |      0 |      0 |            0 |
|                               (i_lut6.i_lut6_addsub)                                                                        |         angle_CORDIC_c_addsub_v12_0_12_lut6_legacy__parameterized3_168 |         21 |         21 |       0 |    0 |     0 |      0 |      0 |            0 |
|                               i_q.i_simple.qreg                                                                             |                  angle_CORDIC_c_reg_fd_v12_0_5_viv__parameterized2_169 |          0 |          0 |       0 |    0 |    20 |      0 |      0 |            0 |
|                 gen_para_arch.gen_iteration[2].eng                                                                          |                      angle_CORDIC_cordic_eng_slice_par__parameterized3 |         65 |         65 |       0 |    0 |    61 |      0 |      0 |            0 |
|                   cntrl                                                                                                     |                                 angle_CORDIC_cordic_ctrl_slice_par_145 |          0 |          0 |       0 |    0 |     1 |      0 |      0 |            0 |
|                     engine_mode_dly                                                                                         |                             angle_CORDIC_delay_bit__parameterized1_162 |          0 |          0 |       0 |    0 |     1 |      0 |      0 |            0 |
|                   data_slice                                                                                                |                  angle_CORDIC_cordic_dat_acc_slice_par__parameterized3 |         43 |         43 |       0 |    0 |    40 |      0 |      0 |            0 |
|                     x_plus_y_shift                                                                                          |                                angle_CORDIC_addsub__parameterized3_152 |         21 |         21 |       0 |    0 |    20 |      0 |      0 |            0 |
|                       (x_plus_y_shift)                                                                                      |                                angle_CORDIC_addsub__parameterized3_152 |          0 |          0 |       0 |    0 |     0 |      0 |      0 |            0 |
|                       inst                                                                                                  |                 angle_CORDIC_c_addsub_v12_0_12_viv__parameterized3__10 |         21 |         21 |       0 |    0 |    20 |      0 |      0 |            0 |
|                         (inst)                                                                                              |                 angle_CORDIC_c_addsub_v12_0_12_viv__parameterized3__10 |          0 |          0 |       0 |    0 |     0 |      0 |      0 |            0 |
|                         i_baseblox.i_baseblox_addsub                                                                        |              angle_CORDIC_c_addsub_v12_0_12_legacy__parameterized3_158 |         21 |         21 |       0 |    0 |    20 |      0 |      0 |            0 |
|                           no_pipelining.the_addsub                                                                          |       angle_CORDIC_c_addsub_v12_0_12_fabric_legacy__parameterized3_159 |         21 |         21 |       0 |    0 |    20 |      0 |      0 |            0 |
|                             i_lut6.i_lut6_addsub                                                                            |         angle_CORDIC_c_addsub_v12_0_12_lut6_legacy__parameterized3_160 |         21 |         21 |       0 |    0 |    20 |      0 |      0 |            0 |
|                               (i_lut6.i_lut6_addsub)                                                                        |         angle_CORDIC_c_addsub_v12_0_12_lut6_legacy__parameterized3_160 |         21 |         21 |       0 |    0 |     0 |      0 |      0 |            0 |
|                               i_q.i_simple.qreg                                                                             |                  angle_CORDIC_c_reg_fd_v12_0_5_viv__parameterized2_161 |          0 |          0 |       0 |    0 |    20 |      0 |      0 |            0 |
|                     y_plus_x_shift                                                                                          |                                angle_CORDIC_addsub__parameterized3_153 |         22 |         22 |       0 |    0 |    20 |      0 |      0 |            0 |
|                       (y_plus_x_shift)                                                                                      |                                angle_CORDIC_addsub__parameterized3_153 |          1 |          1 |       0 |    0 |     0 |      0 |      0 |            0 |
|                       inst                                                                                                  |                 angle_CORDIC_c_addsub_v12_0_12_viv__parameterized3__11 |         21 |         21 |       0 |    0 |    20 |      0 |      0 |            0 |
|                         (inst)                                                                                              |                 angle_CORDIC_c_addsub_v12_0_12_viv__parameterized3__11 |          0 |          0 |       0 |    0 |     0 |      0 |      0 |            0 |
|                         i_baseblox.i_baseblox_addsub                                                                        |              angle_CORDIC_c_addsub_v12_0_12_legacy__parameterized3_154 |         21 |         21 |       0 |    0 |    20 |      0 |      0 |            0 |
|                           no_pipelining.the_addsub                                                                          |       angle_CORDIC_c_addsub_v12_0_12_fabric_legacy__parameterized3_155 |         21 |         21 |       0 |    0 |    20 |      0 |      0 |            0 |
|                             i_lut6.i_lut6_addsub                                                                            |         angle_CORDIC_c_addsub_v12_0_12_lut6_legacy__parameterized3_156 |         21 |         21 |       0 |    0 |    20 |      0 |      0 |            0 |
|                               (i_lut6.i_lut6_addsub)                                                                        |         angle_CORDIC_c_addsub_v12_0_12_lut6_legacy__parameterized3_156 |         21 |         21 |       0 |    0 |     0 |      0 |      0 |            0 |
|                               i_q.i_simple.qreg                                                                             |                  angle_CORDIC_c_reg_fd_v12_0_5_viv__parameterized2_157 |          0 |          0 |       0 |    0 |    20 |      0 |      0 |            0 |
|                   phase_slice                                                                                               |                              angle_CORDIC_cordic_pha_acc_slice_par_146 |         22 |         22 |       0 |    0 |    20 |      0 |      0 |            0 |
|                     phase_plus_atan                                                                                         |                                angle_CORDIC_addsub__parameterized3_147 |         22 |         22 |       0 |    0 |    20 |      0 |      0 |            0 |
|                       (phase_plus_atan)                                                                                     |                                angle_CORDIC_addsub__parameterized3_147 |          1 |          1 |       0 |    0 |     0 |      0 |      0 |            0 |
|                       inst                                                                                                  |                 angle_CORDIC_c_addsub_v12_0_12_viv__parameterized3__12 |         21 |         21 |       0 |    0 |    20 |      0 |      0 |            0 |
|                         (inst)                                                                                              |                 angle_CORDIC_c_addsub_v12_0_12_viv__parameterized3__12 |          0 |          0 |       0 |    0 |     0 |      0 |      0 |            0 |
|                         i_baseblox.i_baseblox_addsub                                                                        |              angle_CORDIC_c_addsub_v12_0_12_legacy__parameterized3_148 |         21 |         21 |       0 |    0 |    20 |      0 |      0 |            0 |
|                           no_pipelining.the_addsub                                                                          |       angle_CORDIC_c_addsub_v12_0_12_fabric_legacy__parameterized3_149 |         21 |         21 |       0 |    0 |    20 |      0 |      0 |            0 |
|                             i_lut6.i_lut6_addsub                                                                            |         angle_CORDIC_c_addsub_v12_0_12_lut6_legacy__parameterized3_150 |         21 |         21 |       0 |    0 |    20 |      0 |      0 |            0 |
|                               (i_lut6.i_lut6_addsub)                                                                        |         angle_CORDIC_c_addsub_v12_0_12_lut6_legacy__parameterized3_150 |         21 |         21 |       0 |    0 |     0 |      0 |      0 |            0 |
|                               i_q.i_simple.qreg                                                                             |                  angle_CORDIC_c_reg_fd_v12_0_5_viv__parameterized2_151 |          0 |          0 |       0 |    0 |    20 |      0 |      0 |            0 |
|                 gen_para_arch.gen_iteration[3].eng                                                                          |                      angle_CORDIC_cordic_eng_slice_par__parameterized5 |         65 |         65 |       0 |    0 |    61 |      0 |      0 |            0 |
|                   cntrl                                                                                                     |                                 angle_CORDIC_cordic_ctrl_slice_par_127 |          0 |          0 |       0 |    0 |     1 |      0 |      0 |            0 |
|                     engine_mode_dly                                                                                         |                             angle_CORDIC_delay_bit__parameterized1_144 |          0 |          0 |       0 |    0 |     1 |      0 |      0 |            0 |
|                   data_slice                                                                                                |                  angle_CORDIC_cordic_dat_acc_slice_par__parameterized5 |         43 |         43 |       0 |    0 |    40 |      0 |      0 |            0 |
|                     x_plus_y_shift                                                                                          |                                angle_CORDIC_addsub__parameterized3_134 |         21 |         21 |       0 |    0 |    20 |      0 |      0 |            0 |
|                       (x_plus_y_shift)                                                                                      |                                angle_CORDIC_addsub__parameterized3_134 |          0 |          0 |       0 |    0 |     0 |      0 |      0 |            0 |
|                       inst                                                                                                  |                 angle_CORDIC_c_addsub_v12_0_12_viv__parameterized3__13 |         21 |         21 |       0 |    0 |    20 |      0 |      0 |            0 |
|                         (inst)                                                                                              |                 angle_CORDIC_c_addsub_v12_0_12_viv__parameterized3__13 |          0 |          0 |       0 |    0 |     0 |      0 |      0 |            0 |
|                         i_baseblox.i_baseblox_addsub                                                                        |              angle_CORDIC_c_addsub_v12_0_12_legacy__parameterized3_140 |         21 |         21 |       0 |    0 |    20 |      0 |      0 |            0 |
|                           no_pipelining.the_addsub                                                                          |       angle_CORDIC_c_addsub_v12_0_12_fabric_legacy__parameterized3_141 |         21 |         21 |       0 |    0 |    20 |      0 |      0 |            0 |
|                             i_lut6.i_lut6_addsub                                                                            |         angle_CORDIC_c_addsub_v12_0_12_lut6_legacy__parameterized3_142 |         21 |         21 |       0 |    0 |    20 |      0 |      0 |            0 |
|                               (i_lut6.i_lut6_addsub)                                                                        |         angle_CORDIC_c_addsub_v12_0_12_lut6_legacy__parameterized3_142 |         21 |         21 |       0 |    0 |     0 |      0 |      0 |            0 |
|                               i_q.i_simple.qreg                                                                             |                  angle_CORDIC_c_reg_fd_v12_0_5_viv__parameterized2_143 |          0 |          0 |       0 |    0 |    20 |      0 |      0 |            0 |
|                     y_plus_x_shift                                                                                          |                                angle_CORDIC_addsub__parameterized3_135 |         22 |         22 |       0 |    0 |    20 |      0 |      0 |            0 |
|                       (y_plus_x_shift)                                                                                      |                                angle_CORDIC_addsub__parameterized3_135 |          1 |          1 |       0 |    0 |     0 |      0 |      0 |            0 |
|                       inst                                                                                                  |                 angle_CORDIC_c_addsub_v12_0_12_viv__parameterized3__14 |         21 |         21 |       0 |    0 |    20 |      0 |      0 |            0 |
|                         (inst)                                                                                              |                 angle_CORDIC_c_addsub_v12_0_12_viv__parameterized3__14 |          0 |          0 |       0 |    0 |     0 |      0 |      0 |            0 |
|                         i_baseblox.i_baseblox_addsub                                                                        |              angle_CORDIC_c_addsub_v12_0_12_legacy__parameterized3_136 |         21 |         21 |       0 |    0 |    20 |      0 |      0 |            0 |
|                           no_pipelining.the_addsub                                                                          |       angle_CORDIC_c_addsub_v12_0_12_fabric_legacy__parameterized3_137 |         21 |         21 |       0 |    0 |    20 |      0 |      0 |            0 |
|                             i_lut6.i_lut6_addsub                                                                            |         angle_CORDIC_c_addsub_v12_0_12_lut6_legacy__parameterized3_138 |         21 |         21 |       0 |    0 |    20 |      0 |      0 |            0 |
|                               (i_lut6.i_lut6_addsub)                                                                        |         angle_CORDIC_c_addsub_v12_0_12_lut6_legacy__parameterized3_138 |         21 |         21 |       0 |    0 |     0 |      0 |      0 |            0 |
|                               i_q.i_simple.qreg                                                                             |                  angle_CORDIC_c_reg_fd_v12_0_5_viv__parameterized2_139 |          0 |          0 |       0 |    0 |    20 |      0 |      0 |            0 |
|                   phase_slice                                                                                               |                              angle_CORDIC_cordic_pha_acc_slice_par_128 |         22 |         22 |       0 |    0 |    20 |      0 |      0 |            0 |
|                     phase_plus_atan                                                                                         |                                angle_CORDIC_addsub__parameterized3_129 |         22 |         22 |       0 |    0 |    20 |      0 |      0 |            0 |
|                       (phase_plus_atan)                                                                                     |                                angle_CORDIC_addsub__parameterized3_129 |          1 |          1 |       0 |    0 |     0 |      0 |      0 |            0 |
|                       inst                                                                                                  |                 angle_CORDIC_c_addsub_v12_0_12_viv__parameterized3__15 |         21 |         21 |       0 |    0 |    20 |      0 |      0 |            0 |
|                         (inst)                                                                                              |                 angle_CORDIC_c_addsub_v12_0_12_viv__parameterized3__15 |          0 |          0 |       0 |    0 |     0 |      0 |      0 |            0 |
|                         i_baseblox.i_baseblox_addsub                                                                        |              angle_CORDIC_c_addsub_v12_0_12_legacy__parameterized3_130 |         21 |         21 |       0 |    0 |    20 |      0 |      0 |            0 |
|                           no_pipelining.the_addsub                                                                          |       angle_CORDIC_c_addsub_v12_0_12_fabric_legacy__parameterized3_131 |         21 |         21 |       0 |    0 |    20 |      0 |      0 |            0 |
|                             i_lut6.i_lut6_addsub                                                                            |         angle_CORDIC_c_addsub_v12_0_12_lut6_legacy__parameterized3_132 |         21 |         21 |       0 |    0 |    20 |      0 |      0 |            0 |
|                               (i_lut6.i_lut6_addsub)                                                                        |         angle_CORDIC_c_addsub_v12_0_12_lut6_legacy__parameterized3_132 |         21 |         21 |       0 |    0 |     0 |      0 |      0 |            0 |
|                               i_q.i_simple.qreg                                                                             |                  angle_CORDIC_c_reg_fd_v12_0_5_viv__parameterized2_133 |          0 |          0 |       0 |    0 |    20 |      0 |      0 |            0 |
|                 gen_para_arch.gen_iteration[4].eng                                                                          |                      angle_CORDIC_cordic_eng_slice_par__parameterized7 |         65 |         65 |       0 |    0 |    61 |      0 |      0 |            0 |
|                   cntrl                                                                                                     |                                 angle_CORDIC_cordic_ctrl_slice_par_109 |          0 |          0 |       0 |    0 |     1 |      0 |      0 |            0 |
|                     engine_mode_dly                                                                                         |                             angle_CORDIC_delay_bit__parameterized1_126 |          0 |          0 |       0 |    0 |     1 |      0 |      0 |            0 |
|                   data_slice                                                                                                |                  angle_CORDIC_cordic_dat_acc_slice_par__parameterized7 |         43 |         43 |       0 |    0 |    40 |      0 |      0 |            0 |
|                     x_plus_y_shift                                                                                          |                                angle_CORDIC_addsub__parameterized3_116 |         21 |         21 |       0 |    0 |    20 |      0 |      0 |            0 |
|                       (x_plus_y_shift)                                                                                      |                                angle_CORDIC_addsub__parameterized3_116 |          0 |          0 |       0 |    0 |     0 |      0 |      0 |            0 |
|                       inst                                                                                                  |                 angle_CORDIC_c_addsub_v12_0_12_viv__parameterized3__16 |         21 |         21 |       0 |    0 |    20 |      0 |      0 |            0 |
|                         (inst)                                                                                              |                 angle_CORDIC_c_addsub_v12_0_12_viv__parameterized3__16 |          0 |          0 |       0 |    0 |     0 |      0 |      0 |            0 |
|                         i_baseblox.i_baseblox_addsub                                                                        |              angle_CORDIC_c_addsub_v12_0_12_legacy__parameterized3_122 |         21 |         21 |       0 |    0 |    20 |      0 |      0 |            0 |
|                           no_pipelining.the_addsub                                                                          |       angle_CORDIC_c_addsub_v12_0_12_fabric_legacy__parameterized3_123 |         21 |         21 |       0 |    0 |    20 |      0 |      0 |            0 |
|                             i_lut6.i_lut6_addsub                                                                            |         angle_CORDIC_c_addsub_v12_0_12_lut6_legacy__parameterized3_124 |         21 |         21 |       0 |    0 |    20 |      0 |      0 |            0 |
|                               (i_lut6.i_lut6_addsub)                                                                        |         angle_CORDIC_c_addsub_v12_0_12_lut6_legacy__parameterized3_124 |         21 |         21 |       0 |    0 |     0 |      0 |      0 |            0 |
|                               i_q.i_simple.qreg                                                                             |                  angle_CORDIC_c_reg_fd_v12_0_5_viv__parameterized2_125 |          0 |          0 |       0 |    0 |    20 |      0 |      0 |            0 |
|                     y_plus_x_shift                                                                                          |                                angle_CORDIC_addsub__parameterized3_117 |         22 |         22 |       0 |    0 |    20 |      0 |      0 |            0 |
|                       (y_plus_x_shift)                                                                                      |                                angle_CORDIC_addsub__parameterized3_117 |          1 |          1 |       0 |    0 |     0 |      0 |      0 |            0 |
|                       inst                                                                                                  |                 angle_CORDIC_c_addsub_v12_0_12_viv__parameterized3__17 |         21 |         21 |       0 |    0 |    20 |      0 |      0 |            0 |
|                         (inst)                                                                                              |                 angle_CORDIC_c_addsub_v12_0_12_viv__parameterized3__17 |          0 |          0 |       0 |    0 |     0 |      0 |      0 |            0 |
|                         i_baseblox.i_baseblox_addsub                                                                        |              angle_CORDIC_c_addsub_v12_0_12_legacy__parameterized3_118 |         21 |         21 |       0 |    0 |    20 |      0 |      0 |            0 |
|                           no_pipelining.the_addsub                                                                          |       angle_CORDIC_c_addsub_v12_0_12_fabric_legacy__parameterized3_119 |         21 |         21 |       0 |    0 |    20 |      0 |      0 |            0 |
|                             i_lut6.i_lut6_addsub                                                                            |         angle_CORDIC_c_addsub_v12_0_12_lut6_legacy__parameterized3_120 |         21 |         21 |       0 |    0 |    20 |      0 |      0 |            0 |
|                               (i_lut6.i_lut6_addsub)                                                                        |         angle_CORDIC_c_addsub_v12_0_12_lut6_legacy__parameterized3_120 |         21 |         21 |       0 |    0 |     0 |      0 |      0 |            0 |
|                               i_q.i_simple.qreg                                                                             |                  angle_CORDIC_c_reg_fd_v12_0_5_viv__parameterized2_121 |          0 |          0 |       0 |    0 |    20 |      0 |      0 |            0 |
|                   phase_slice                                                                                               |                              angle_CORDIC_cordic_pha_acc_slice_par_110 |         22 |         22 |       0 |    0 |    20 |      0 |      0 |            0 |
|                     phase_plus_atan                                                                                         |                                angle_CORDIC_addsub__parameterized3_111 |         22 |         22 |       0 |    0 |    20 |      0 |      0 |            0 |
|                       (phase_plus_atan)                                                                                     |                                angle_CORDIC_addsub__parameterized3_111 |          1 |          1 |       0 |    0 |     0 |      0 |      0 |            0 |
|                       inst                                                                                                  |                 angle_CORDIC_c_addsub_v12_0_12_viv__parameterized3__18 |         21 |         21 |       0 |    0 |    20 |      0 |      0 |            0 |
|                         (inst)                                                                                              |                 angle_CORDIC_c_addsub_v12_0_12_viv__parameterized3__18 |          0 |          0 |       0 |    0 |     0 |      0 |      0 |            0 |
|                         i_baseblox.i_baseblox_addsub                                                                        |              angle_CORDIC_c_addsub_v12_0_12_legacy__parameterized3_112 |         21 |         21 |       0 |    0 |    20 |      0 |      0 |            0 |
|                           no_pipelining.the_addsub                                                                          |       angle_CORDIC_c_addsub_v12_0_12_fabric_legacy__parameterized3_113 |         21 |         21 |       0 |    0 |    20 |      0 |      0 |            0 |
|                             i_lut6.i_lut6_addsub                                                                            |         angle_CORDIC_c_addsub_v12_0_12_lut6_legacy__parameterized3_114 |         21 |         21 |       0 |    0 |    20 |      0 |      0 |            0 |
|                               (i_lut6.i_lut6_addsub)                                                                        |         angle_CORDIC_c_addsub_v12_0_12_lut6_legacy__parameterized3_114 |         21 |         21 |       0 |    0 |     0 |      0 |      0 |            0 |
|                               i_q.i_simple.qreg                                                                             |                  angle_CORDIC_c_reg_fd_v12_0_5_viv__parameterized2_115 |          0 |          0 |       0 |    0 |    20 |      0 |      0 |            0 |
|                 gen_para_arch.gen_iteration[5].eng                                                                          |                      angle_CORDIC_cordic_eng_slice_par__parameterized9 |         65 |         65 |       0 |    0 |    61 |      0 |      0 |            0 |
|                   cntrl                                                                                                     |                                  angle_CORDIC_cordic_ctrl_slice_par_91 |          0 |          0 |       0 |    0 |     1 |      0 |      0 |            0 |
|                     engine_mode_dly                                                                                         |                             angle_CORDIC_delay_bit__parameterized1_108 |          0 |          0 |       0 |    0 |     1 |      0 |      0 |            0 |
|                   data_slice                                                                                                |                  angle_CORDIC_cordic_dat_acc_slice_par__parameterized9 |         43 |         43 |       0 |    0 |    40 |      0 |      0 |            0 |
|                     x_plus_y_shift                                                                                          |                                 angle_CORDIC_addsub__parameterized3_98 |         21 |         21 |       0 |    0 |    20 |      0 |      0 |            0 |
|                       (x_plus_y_shift)                                                                                      |                                 angle_CORDIC_addsub__parameterized3_98 |          0 |          0 |       0 |    0 |     0 |      0 |      0 |            0 |
|                       inst                                                                                                  |                 angle_CORDIC_c_addsub_v12_0_12_viv__parameterized3__19 |         21 |         21 |       0 |    0 |    20 |      0 |      0 |            0 |
|                         (inst)                                                                                              |                 angle_CORDIC_c_addsub_v12_0_12_viv__parameterized3__19 |          0 |          0 |       0 |    0 |     0 |      0 |      0 |            0 |
|                         i_baseblox.i_baseblox_addsub                                                                        |              angle_CORDIC_c_addsub_v12_0_12_legacy__parameterized3_104 |         21 |         21 |       0 |    0 |    20 |      0 |      0 |            0 |
|                           no_pipelining.the_addsub                                                                          |       angle_CORDIC_c_addsub_v12_0_12_fabric_legacy__parameterized3_105 |         21 |         21 |       0 |    0 |    20 |      0 |      0 |            0 |
|                             i_lut6.i_lut6_addsub                                                                            |         angle_CORDIC_c_addsub_v12_0_12_lut6_legacy__parameterized3_106 |         21 |         21 |       0 |    0 |    20 |      0 |      0 |            0 |
|                               (i_lut6.i_lut6_addsub)                                                                        |         angle_CORDIC_c_addsub_v12_0_12_lut6_legacy__parameterized3_106 |         21 |         21 |       0 |    0 |     0 |      0 |      0 |            0 |
|                               i_q.i_simple.qreg                                                                             |                  angle_CORDIC_c_reg_fd_v12_0_5_viv__parameterized2_107 |          0 |          0 |       0 |    0 |    20 |      0 |      0 |            0 |
|                     y_plus_x_shift                                                                                          |                                 angle_CORDIC_addsub__parameterized3_99 |         22 |         22 |       0 |    0 |    20 |      0 |      0 |            0 |
|                       (y_plus_x_shift)                                                                                      |                                 angle_CORDIC_addsub__parameterized3_99 |          1 |          1 |       0 |    0 |     0 |      0 |      0 |            0 |
|                       inst                                                                                                  |                 angle_CORDIC_c_addsub_v12_0_12_viv__parameterized3__20 |         21 |         21 |       0 |    0 |    20 |      0 |      0 |            0 |
|                         (inst)                                                                                              |                 angle_CORDIC_c_addsub_v12_0_12_viv__parameterized3__20 |          0 |          0 |       0 |    0 |     0 |      0 |      0 |            0 |
|                         i_baseblox.i_baseblox_addsub                                                                        |              angle_CORDIC_c_addsub_v12_0_12_legacy__parameterized3_100 |         21 |         21 |       0 |    0 |    20 |      0 |      0 |            0 |
|                           no_pipelining.the_addsub                                                                          |       angle_CORDIC_c_addsub_v12_0_12_fabric_legacy__parameterized3_101 |         21 |         21 |       0 |    0 |    20 |      0 |      0 |            0 |
|                             i_lut6.i_lut6_addsub                                                                            |         angle_CORDIC_c_addsub_v12_0_12_lut6_legacy__parameterized3_102 |         21 |         21 |       0 |    0 |    20 |      0 |      0 |            0 |
|                               (i_lut6.i_lut6_addsub)                                                                        |         angle_CORDIC_c_addsub_v12_0_12_lut6_legacy__parameterized3_102 |         21 |         21 |       0 |    0 |     0 |      0 |      0 |            0 |
|                               i_q.i_simple.qreg                                                                             |                  angle_CORDIC_c_reg_fd_v12_0_5_viv__parameterized2_103 |          0 |          0 |       0 |    0 |    20 |      0 |      0 |            0 |
|                   phase_slice                                                                                               |                               angle_CORDIC_cordic_pha_acc_slice_par_92 |         22 |         22 |       0 |    0 |    20 |      0 |      0 |            0 |
|                     phase_plus_atan                                                                                         |                                 angle_CORDIC_addsub__parameterized3_93 |         22 |         22 |       0 |    0 |    20 |      0 |      0 |            0 |
|                       (phase_plus_atan)                                                                                     |                                 angle_CORDIC_addsub__parameterized3_93 |          1 |          1 |       0 |    0 |     0 |      0 |      0 |            0 |
|                       inst                                                                                                  |                 angle_CORDIC_c_addsub_v12_0_12_viv__parameterized3__21 |         21 |         21 |       0 |    0 |    20 |      0 |      0 |            0 |
|                         (inst)                                                                                              |                 angle_CORDIC_c_addsub_v12_0_12_viv__parameterized3__21 |          0 |          0 |       0 |    0 |     0 |      0 |      0 |            0 |
|                         i_baseblox.i_baseblox_addsub                                                                        |               angle_CORDIC_c_addsub_v12_0_12_legacy__parameterized3_94 |         21 |         21 |       0 |    0 |    20 |      0 |      0 |            0 |
|                           no_pipelining.the_addsub                                                                          |        angle_CORDIC_c_addsub_v12_0_12_fabric_legacy__parameterized3_95 |         21 |         21 |       0 |    0 |    20 |      0 |      0 |            0 |
|                             i_lut6.i_lut6_addsub                                                                            |          angle_CORDIC_c_addsub_v12_0_12_lut6_legacy__parameterized3_96 |         21 |         21 |       0 |    0 |    20 |      0 |      0 |            0 |
|                               (i_lut6.i_lut6_addsub)                                                                        |          angle_CORDIC_c_addsub_v12_0_12_lut6_legacy__parameterized3_96 |         21 |         21 |       0 |    0 |     0 |      0 |      0 |            0 |
|                               i_q.i_simple.qreg                                                                             |                   angle_CORDIC_c_reg_fd_v12_0_5_viv__parameterized2_97 |          0 |          0 |       0 |    0 |    20 |      0 |      0 |            0 |
|                 gen_para_arch.gen_iteration[6].eng                                                                          |                     angle_CORDIC_cordic_eng_slice_par__parameterized11 |         65 |         65 |       0 |    0 |    61 |      0 |      0 |            0 |
|                   cntrl                                                                                                     |                                  angle_CORDIC_cordic_ctrl_slice_par_73 |          0 |          0 |       0 |    0 |     1 |      0 |      0 |            0 |
|                     engine_mode_dly                                                                                         |                              angle_CORDIC_delay_bit__parameterized1_90 |          0 |          0 |       0 |    0 |     1 |      0 |      0 |            0 |
|                   data_slice                                                                                                |                 angle_CORDIC_cordic_dat_acc_slice_par__parameterized11 |         43 |         43 |       0 |    0 |    40 |      0 |      0 |            0 |
|                     x_plus_y_shift                                                                                          |                                 angle_CORDIC_addsub__parameterized3_80 |         21 |         21 |       0 |    0 |    20 |      0 |      0 |            0 |
|                       (x_plus_y_shift)                                                                                      |                                 angle_CORDIC_addsub__parameterized3_80 |          0 |          0 |       0 |    0 |     0 |      0 |      0 |            0 |
|                       inst                                                                                                  |                 angle_CORDIC_c_addsub_v12_0_12_viv__parameterized3__22 |         21 |         21 |       0 |    0 |    20 |      0 |      0 |            0 |
|                         (inst)                                                                                              |                 angle_CORDIC_c_addsub_v12_0_12_viv__parameterized3__22 |          0 |          0 |       0 |    0 |     0 |      0 |      0 |            0 |
|                         i_baseblox.i_baseblox_addsub                                                                        |               angle_CORDIC_c_addsub_v12_0_12_legacy__parameterized3_86 |         21 |         21 |       0 |    0 |    20 |      0 |      0 |            0 |
|                           no_pipelining.the_addsub                                                                          |        angle_CORDIC_c_addsub_v12_0_12_fabric_legacy__parameterized3_87 |         21 |         21 |       0 |    0 |    20 |      0 |      0 |            0 |
|                             i_lut6.i_lut6_addsub                                                                            |          angle_CORDIC_c_addsub_v12_0_12_lut6_legacy__parameterized3_88 |         21 |         21 |       0 |    0 |    20 |      0 |      0 |            0 |
|                               (i_lut6.i_lut6_addsub)                                                                        |          angle_CORDIC_c_addsub_v12_0_12_lut6_legacy__parameterized3_88 |         21 |         21 |       0 |    0 |     0 |      0 |      0 |            0 |
|                               i_q.i_simple.qreg                                                                             |                   angle_CORDIC_c_reg_fd_v12_0_5_viv__parameterized2_89 |          0 |          0 |       0 |    0 |    20 |      0 |      0 |            0 |
|                     y_plus_x_shift                                                                                          |                                 angle_CORDIC_addsub__parameterized3_81 |         22 |         22 |       0 |    0 |    20 |      0 |      0 |            0 |
|                       (y_plus_x_shift)                                                                                      |                                 angle_CORDIC_addsub__parameterized3_81 |          1 |          1 |       0 |    0 |     0 |      0 |      0 |            0 |
|                       inst                                                                                                  |                 angle_CORDIC_c_addsub_v12_0_12_viv__parameterized3__23 |         21 |         21 |       0 |    0 |    20 |      0 |      0 |            0 |
|                         (inst)                                                                                              |                 angle_CORDIC_c_addsub_v12_0_12_viv__parameterized3__23 |          0 |          0 |       0 |    0 |     0 |      0 |      0 |            0 |
|                         i_baseblox.i_baseblox_addsub                                                                        |               angle_CORDIC_c_addsub_v12_0_12_legacy__parameterized3_82 |         21 |         21 |       0 |    0 |    20 |      0 |      0 |            0 |
|                           no_pipelining.the_addsub                                                                          |        angle_CORDIC_c_addsub_v12_0_12_fabric_legacy__parameterized3_83 |         21 |         21 |       0 |    0 |    20 |      0 |      0 |            0 |
|                             i_lut6.i_lut6_addsub                                                                            |          angle_CORDIC_c_addsub_v12_0_12_lut6_legacy__parameterized3_84 |         21 |         21 |       0 |    0 |    20 |      0 |      0 |            0 |
|                               (i_lut6.i_lut6_addsub)                                                                        |          angle_CORDIC_c_addsub_v12_0_12_lut6_legacy__parameterized3_84 |         21 |         21 |       0 |    0 |     0 |      0 |      0 |            0 |
|                               i_q.i_simple.qreg                                                                             |                   angle_CORDIC_c_reg_fd_v12_0_5_viv__parameterized2_85 |          0 |          0 |       0 |    0 |    20 |      0 |      0 |            0 |
|                   phase_slice                                                                                               |                               angle_CORDIC_cordic_pha_acc_slice_par_74 |         22 |         22 |       0 |    0 |    20 |      0 |      0 |            0 |
|                     phase_plus_atan                                                                                         |                                 angle_CORDIC_addsub__parameterized3_75 |         22 |         22 |       0 |    0 |    20 |      0 |      0 |            0 |
|                       (phase_plus_atan)                                                                                     |                                 angle_CORDIC_addsub__parameterized3_75 |          1 |          1 |       0 |    0 |     0 |      0 |      0 |            0 |
|                       inst                                                                                                  |                 angle_CORDIC_c_addsub_v12_0_12_viv__parameterized3__24 |         21 |         21 |       0 |    0 |    20 |      0 |      0 |            0 |
|                         (inst)                                                                                              |                 angle_CORDIC_c_addsub_v12_0_12_viv__parameterized3__24 |          0 |          0 |       0 |    0 |     0 |      0 |      0 |            0 |
|                         i_baseblox.i_baseblox_addsub                                                                        |               angle_CORDIC_c_addsub_v12_0_12_legacy__parameterized3_76 |         21 |         21 |       0 |    0 |    20 |      0 |      0 |            0 |
|                           no_pipelining.the_addsub                                                                          |        angle_CORDIC_c_addsub_v12_0_12_fabric_legacy__parameterized3_77 |         21 |         21 |       0 |    0 |    20 |      0 |      0 |            0 |
|                             i_lut6.i_lut6_addsub                                                                            |          angle_CORDIC_c_addsub_v12_0_12_lut6_legacy__parameterized3_78 |         21 |         21 |       0 |    0 |    20 |      0 |      0 |            0 |
|                               (i_lut6.i_lut6_addsub)                                                                        |          angle_CORDIC_c_addsub_v12_0_12_lut6_legacy__parameterized3_78 |         21 |         21 |       0 |    0 |     0 |      0 |      0 |            0 |
|                               i_q.i_simple.qreg                                                                             |                   angle_CORDIC_c_reg_fd_v12_0_5_viv__parameterized2_79 |          0 |          0 |       0 |    0 |    20 |      0 |      0 |            0 |
|                 gen_para_arch.gen_iteration[7].eng                                                                          |                     angle_CORDIC_cordic_eng_slice_par__parameterized13 |         65 |         65 |       0 |    0 |    61 |      0 |      0 |            0 |
|                   cntrl                                                                                                     |                                  angle_CORDIC_cordic_ctrl_slice_par_55 |          0 |          0 |       0 |    0 |     1 |      0 |      0 |            0 |
|                     engine_mode_dly                                                                                         |                              angle_CORDIC_delay_bit__parameterized1_72 |          0 |          0 |       0 |    0 |     1 |      0 |      0 |            0 |
|                   data_slice                                                                                                |                 angle_CORDIC_cordic_dat_acc_slice_par__parameterized13 |         43 |         43 |       0 |    0 |    40 |      0 |      0 |            0 |
|                     x_plus_y_shift                                                                                          |                                 angle_CORDIC_addsub__parameterized3_62 |         21 |         21 |       0 |    0 |    20 |      0 |      0 |            0 |
|                       (x_plus_y_shift)                                                                                      |                                 angle_CORDIC_addsub__parameterized3_62 |          0 |          0 |       0 |    0 |     0 |      0 |      0 |            0 |
|                       inst                                                                                                  |                 angle_CORDIC_c_addsub_v12_0_12_viv__parameterized3__25 |         21 |         21 |       0 |    0 |    20 |      0 |      0 |            0 |
|                         (inst)                                                                                              |                 angle_CORDIC_c_addsub_v12_0_12_viv__parameterized3__25 |          0 |          0 |       0 |    0 |     0 |      0 |      0 |            0 |
|                         i_baseblox.i_baseblox_addsub                                                                        |               angle_CORDIC_c_addsub_v12_0_12_legacy__parameterized3_68 |         21 |         21 |       0 |    0 |    20 |      0 |      0 |            0 |
|                           no_pipelining.the_addsub                                                                          |        angle_CORDIC_c_addsub_v12_0_12_fabric_legacy__parameterized3_69 |         21 |         21 |       0 |    0 |    20 |      0 |      0 |            0 |
|                             i_lut6.i_lut6_addsub                                                                            |          angle_CORDIC_c_addsub_v12_0_12_lut6_legacy__parameterized3_70 |         21 |         21 |       0 |    0 |    20 |      0 |      0 |            0 |
|                               (i_lut6.i_lut6_addsub)                                                                        |          angle_CORDIC_c_addsub_v12_0_12_lut6_legacy__parameterized3_70 |         21 |         21 |       0 |    0 |     0 |      0 |      0 |            0 |
|                               i_q.i_simple.qreg                                                                             |                   angle_CORDIC_c_reg_fd_v12_0_5_viv__parameterized2_71 |          0 |          0 |       0 |    0 |    20 |      0 |      0 |            0 |
|                     y_plus_x_shift                                                                                          |                                 angle_CORDIC_addsub__parameterized3_63 |         22 |         22 |       0 |    0 |    20 |      0 |      0 |            0 |
|                       (y_plus_x_shift)                                                                                      |                                 angle_CORDIC_addsub__parameterized3_63 |          1 |          1 |       0 |    0 |     0 |      0 |      0 |            0 |
|                       inst                                                                                                  |                 angle_CORDIC_c_addsub_v12_0_12_viv__parameterized3__26 |         21 |         21 |       0 |    0 |    20 |      0 |      0 |            0 |
|                         (inst)                                                                                              |                 angle_CORDIC_c_addsub_v12_0_12_viv__parameterized3__26 |          0 |          0 |       0 |    0 |     0 |      0 |      0 |            0 |
|                         i_baseblox.i_baseblox_addsub                                                                        |               angle_CORDIC_c_addsub_v12_0_12_legacy__parameterized3_64 |         21 |         21 |       0 |    0 |    20 |      0 |      0 |            0 |
|                           no_pipelining.the_addsub                                                                          |        angle_CORDIC_c_addsub_v12_0_12_fabric_legacy__parameterized3_65 |         21 |         21 |       0 |    0 |    20 |      0 |      0 |            0 |
|                             i_lut6.i_lut6_addsub                                                                            |          angle_CORDIC_c_addsub_v12_0_12_lut6_legacy__parameterized3_66 |         21 |         21 |       0 |    0 |    20 |      0 |      0 |            0 |
|                               (i_lut6.i_lut6_addsub)                                                                        |          angle_CORDIC_c_addsub_v12_0_12_lut6_legacy__parameterized3_66 |         21 |         21 |       0 |    0 |     0 |      0 |      0 |            0 |
|                               i_q.i_simple.qreg                                                                             |                   angle_CORDIC_c_reg_fd_v12_0_5_viv__parameterized2_67 |          0 |          0 |       0 |    0 |    20 |      0 |      0 |            0 |
|                   phase_slice                                                                                               |                               angle_CORDIC_cordic_pha_acc_slice_par_56 |         22 |         22 |       0 |    0 |    20 |      0 |      0 |            0 |
|                     phase_plus_atan                                                                                         |                                 angle_CORDIC_addsub__parameterized3_57 |         22 |         22 |       0 |    0 |    20 |      0 |      0 |            0 |
|                       (phase_plus_atan)                                                                                     |                                 angle_CORDIC_addsub__parameterized3_57 |          1 |          1 |       0 |    0 |     0 |      0 |      0 |            0 |
|                       inst                                                                                                  |                 angle_CORDIC_c_addsub_v12_0_12_viv__parameterized3__27 |         21 |         21 |       0 |    0 |    20 |      0 |      0 |            0 |
|                         (inst)                                                                                              |                 angle_CORDIC_c_addsub_v12_0_12_viv__parameterized3__27 |          0 |          0 |       0 |    0 |     0 |      0 |      0 |            0 |
|                         i_baseblox.i_baseblox_addsub                                                                        |               angle_CORDIC_c_addsub_v12_0_12_legacy__parameterized3_58 |         21 |         21 |       0 |    0 |    20 |      0 |      0 |            0 |
|                           no_pipelining.the_addsub                                                                          |        angle_CORDIC_c_addsub_v12_0_12_fabric_legacy__parameterized3_59 |         21 |         21 |       0 |    0 |    20 |      0 |      0 |            0 |
|                             i_lut6.i_lut6_addsub                                                                            |          angle_CORDIC_c_addsub_v12_0_12_lut6_legacy__parameterized3_60 |         21 |         21 |       0 |    0 |    20 |      0 |      0 |            0 |
|                               (i_lut6.i_lut6_addsub)                                                                        |          angle_CORDIC_c_addsub_v12_0_12_lut6_legacy__parameterized3_60 |         21 |         21 |       0 |    0 |     0 |      0 |      0 |            0 |
|                               i_q.i_simple.qreg                                                                             |                   angle_CORDIC_c_reg_fd_v12_0_5_viv__parameterized2_61 |          0 |          0 |       0 |    0 |    20 |      0 |      0 |            0 |
|                 gen_para_arch.gen_iteration[8].eng                                                                          |                     angle_CORDIC_cordic_eng_slice_par__parameterized15 |         65 |         65 |       0 |    0 |    61 |      0 |      0 |            0 |
|                   cntrl                                                                                                     |                                  angle_CORDIC_cordic_ctrl_slice_par_37 |          0 |          0 |       0 |    0 |     1 |      0 |      0 |            0 |
|                     engine_mode_dly                                                                                         |                              angle_CORDIC_delay_bit__parameterized1_54 |          0 |          0 |       0 |    0 |     1 |      0 |      0 |            0 |
|                   data_slice                                                                                                |                 angle_CORDIC_cordic_dat_acc_slice_par__parameterized15 |         43 |         43 |       0 |    0 |    40 |      0 |      0 |            0 |
|                     x_plus_y_shift                                                                                          |                                 angle_CORDIC_addsub__parameterized3_44 |         21 |         21 |       0 |    0 |    20 |      0 |      0 |            0 |
|                       (x_plus_y_shift)                                                                                      |                                 angle_CORDIC_addsub__parameterized3_44 |          0 |          0 |       0 |    0 |     0 |      0 |      0 |            0 |
|                       inst                                                                                                  |                 angle_CORDIC_c_addsub_v12_0_12_viv__parameterized3__28 |         21 |         21 |       0 |    0 |    20 |      0 |      0 |            0 |
|                         (inst)                                                                                              |                 angle_CORDIC_c_addsub_v12_0_12_viv__parameterized3__28 |          0 |          0 |       0 |    0 |     0 |      0 |      0 |            0 |
|                         i_baseblox.i_baseblox_addsub                                                                        |               angle_CORDIC_c_addsub_v12_0_12_legacy__parameterized3_50 |         21 |         21 |       0 |    0 |    20 |      0 |      0 |            0 |
|                           no_pipelining.the_addsub                                                                          |        angle_CORDIC_c_addsub_v12_0_12_fabric_legacy__parameterized3_51 |         21 |         21 |       0 |    0 |    20 |      0 |      0 |            0 |
|                             i_lut6.i_lut6_addsub                                                                            |          angle_CORDIC_c_addsub_v12_0_12_lut6_legacy__parameterized3_52 |         21 |         21 |       0 |    0 |    20 |      0 |      0 |            0 |
|                               (i_lut6.i_lut6_addsub)                                                                        |          angle_CORDIC_c_addsub_v12_0_12_lut6_legacy__parameterized3_52 |         21 |         21 |       0 |    0 |     0 |      0 |      0 |            0 |
|                               i_q.i_simple.qreg                                                                             |                   angle_CORDIC_c_reg_fd_v12_0_5_viv__parameterized2_53 |          0 |          0 |       0 |    0 |    20 |      0 |      0 |            0 |
|                     y_plus_x_shift                                                                                          |                                 angle_CORDIC_addsub__parameterized3_45 |         22 |         22 |       0 |    0 |    20 |      0 |      0 |            0 |
|                       (y_plus_x_shift)                                                                                      |                                 angle_CORDIC_addsub__parameterized3_45 |          1 |          1 |       0 |    0 |     0 |      0 |      0 |            0 |
|                       inst                                                                                                  |                 angle_CORDIC_c_addsub_v12_0_12_viv__parameterized3__29 |         21 |         21 |       0 |    0 |    20 |      0 |      0 |            0 |
|                         (inst)                                                                                              |                 angle_CORDIC_c_addsub_v12_0_12_viv__parameterized3__29 |          0 |          0 |       0 |    0 |     0 |      0 |      0 |            0 |
|                         i_baseblox.i_baseblox_addsub                                                                        |               angle_CORDIC_c_addsub_v12_0_12_legacy__parameterized3_46 |         21 |         21 |       0 |    0 |    20 |      0 |      0 |            0 |
|                           no_pipelining.the_addsub                                                                          |        angle_CORDIC_c_addsub_v12_0_12_fabric_legacy__parameterized3_47 |         21 |         21 |       0 |    0 |    20 |      0 |      0 |            0 |
|                             i_lut6.i_lut6_addsub                                                                            |          angle_CORDIC_c_addsub_v12_0_12_lut6_legacy__parameterized3_48 |         21 |         21 |       0 |    0 |    20 |      0 |      0 |            0 |
|                               (i_lut6.i_lut6_addsub)                                                                        |          angle_CORDIC_c_addsub_v12_0_12_lut6_legacy__parameterized3_48 |         21 |         21 |       0 |    0 |     0 |      0 |      0 |            0 |
|                               i_q.i_simple.qreg                                                                             |                   angle_CORDIC_c_reg_fd_v12_0_5_viv__parameterized2_49 |          0 |          0 |       0 |    0 |    20 |      0 |      0 |            0 |
|                   phase_slice                                                                                               |                               angle_CORDIC_cordic_pha_acc_slice_par_38 |         22 |         22 |       0 |    0 |    20 |      0 |      0 |            0 |
|                     phase_plus_atan                                                                                         |                                 angle_CORDIC_addsub__parameterized3_39 |         22 |         22 |       0 |    0 |    20 |      0 |      0 |            0 |
|                       (phase_plus_atan)                                                                                     |                                 angle_CORDIC_addsub__parameterized3_39 |          1 |          1 |       0 |    0 |     0 |      0 |      0 |            0 |
|                       inst                                                                                                  |                 angle_CORDIC_c_addsub_v12_0_12_viv__parameterized3__30 |         21 |         21 |       0 |    0 |    20 |      0 |      0 |            0 |
|                         (inst)                                                                                              |                 angle_CORDIC_c_addsub_v12_0_12_viv__parameterized3__30 |          0 |          0 |       0 |    0 |     0 |      0 |      0 |            0 |
|                         i_baseblox.i_baseblox_addsub                                                                        |               angle_CORDIC_c_addsub_v12_0_12_legacy__parameterized3_40 |         21 |         21 |       0 |    0 |    20 |      0 |      0 |            0 |
|                           no_pipelining.the_addsub                                                                          |        angle_CORDIC_c_addsub_v12_0_12_fabric_legacy__parameterized3_41 |         21 |         21 |       0 |    0 |    20 |      0 |      0 |            0 |
|                             i_lut6.i_lut6_addsub                                                                            |          angle_CORDIC_c_addsub_v12_0_12_lut6_legacy__parameterized3_42 |         21 |         21 |       0 |    0 |    20 |      0 |      0 |            0 |
|                               (i_lut6.i_lut6_addsub)                                                                        |          angle_CORDIC_c_addsub_v12_0_12_lut6_legacy__parameterized3_42 |         21 |         21 |       0 |    0 |     0 |      0 |      0 |            0 |
|                               i_q.i_simple.qreg                                                                             |                   angle_CORDIC_c_reg_fd_v12_0_5_viv__parameterized2_43 |          0 |          0 |       0 |    0 |    20 |      0 |      0 |            0 |
|                 gen_para_arch.gen_iteration[9].eng                                                                          |                     angle_CORDIC_cordic_eng_slice_par__parameterized17 |         65 |         65 |       0 |    0 |    61 |      0 |      0 |            0 |
|                   cntrl                                                                                                     |                                     angle_CORDIC_cordic_ctrl_slice_par |          0 |          0 |       0 |    0 |     1 |      0 |      0 |            0 |
|                     engine_mode_dly                                                                                         |                              angle_CORDIC_delay_bit__parameterized1_36 |          0 |          0 |       0 |    0 |     1 |      0 |      0 |            0 |
|                   data_slice                                                                                                |                 angle_CORDIC_cordic_dat_acc_slice_par__parameterized17 |         43 |         43 |       0 |    0 |    40 |      0 |      0 |            0 |
|                     x_plus_y_shift                                                                                          |                                 angle_CORDIC_addsub__parameterized3_26 |         21 |         21 |       0 |    0 |    20 |      0 |      0 |            0 |
|                       (x_plus_y_shift)                                                                                      |                                 angle_CORDIC_addsub__parameterized3_26 |          0 |          0 |       0 |    0 |     0 |      0 |      0 |            0 |
|                       inst                                                                                                  |                 angle_CORDIC_c_addsub_v12_0_12_viv__parameterized3__31 |         21 |         21 |       0 |    0 |    20 |      0 |      0 |            0 |
|                         (inst)                                                                                              |                 angle_CORDIC_c_addsub_v12_0_12_viv__parameterized3__31 |          0 |          0 |       0 |    0 |     0 |      0 |      0 |            0 |
|                         i_baseblox.i_baseblox_addsub                                                                        |               angle_CORDIC_c_addsub_v12_0_12_legacy__parameterized3_32 |         21 |         21 |       0 |    0 |    20 |      0 |      0 |            0 |
|                           no_pipelining.the_addsub                                                                          |        angle_CORDIC_c_addsub_v12_0_12_fabric_legacy__parameterized3_33 |         21 |         21 |       0 |    0 |    20 |      0 |      0 |            0 |
|                             i_lut6.i_lut6_addsub                                                                            |          angle_CORDIC_c_addsub_v12_0_12_lut6_legacy__parameterized3_34 |         21 |         21 |       0 |    0 |    20 |      0 |      0 |            0 |
|                               (i_lut6.i_lut6_addsub)                                                                        |          angle_CORDIC_c_addsub_v12_0_12_lut6_legacy__parameterized3_34 |         21 |         21 |       0 |    0 |     0 |      0 |      0 |            0 |
|                               i_q.i_simple.qreg                                                                             |                   angle_CORDIC_c_reg_fd_v12_0_5_viv__parameterized2_35 |          0 |          0 |       0 |    0 |    20 |      0 |      0 |            0 |
|                     y_plus_x_shift                                                                                          |                                 angle_CORDIC_addsub__parameterized3_27 |         22 |         22 |       0 |    0 |    20 |      0 |      0 |            0 |
|                       (y_plus_x_shift)                                                                                      |                                 angle_CORDIC_addsub__parameterized3_27 |          1 |          1 |       0 |    0 |     0 |      0 |      0 |            0 |
|                       inst                                                                                                  |                 angle_CORDIC_c_addsub_v12_0_12_viv__parameterized3__32 |         21 |         21 |       0 |    0 |    20 |      0 |      0 |            0 |
|                         (inst)                                                                                              |                 angle_CORDIC_c_addsub_v12_0_12_viv__parameterized3__32 |          0 |          0 |       0 |    0 |     0 |      0 |      0 |            0 |
|                         i_baseblox.i_baseblox_addsub                                                                        |               angle_CORDIC_c_addsub_v12_0_12_legacy__parameterized3_28 |         21 |         21 |       0 |    0 |    20 |      0 |      0 |            0 |
|                           no_pipelining.the_addsub                                                                          |        angle_CORDIC_c_addsub_v12_0_12_fabric_legacy__parameterized3_29 |         21 |         21 |       0 |    0 |    20 |      0 |      0 |            0 |
|                             i_lut6.i_lut6_addsub                                                                            |          angle_CORDIC_c_addsub_v12_0_12_lut6_legacy__parameterized3_30 |         21 |         21 |       0 |    0 |    20 |      0 |      0 |            0 |
|                               (i_lut6.i_lut6_addsub)                                                                        |          angle_CORDIC_c_addsub_v12_0_12_lut6_legacy__parameterized3_30 |         21 |         21 |       0 |    0 |     0 |      0 |      0 |            0 |
|                               i_q.i_simple.qreg                                                                             |                   angle_CORDIC_c_reg_fd_v12_0_5_viv__parameterized2_31 |          0 |          0 |       0 |    0 |    20 |      0 |      0 |            0 |
|                   phase_slice                                                                                               |                                  angle_CORDIC_cordic_pha_acc_slice_par |         22 |         22 |       0 |    0 |    20 |      0 |      0 |            0 |
|                     phase_plus_atan                                                                                         |                                 angle_CORDIC_addsub__parameterized3_21 |         22 |         22 |       0 |    0 |    20 |      0 |      0 |            0 |
|                       (phase_plus_atan)                                                                                     |                                 angle_CORDIC_addsub__parameterized3_21 |          1 |          1 |       0 |    0 |     0 |      0 |      0 |            0 |
|                       inst                                                                                                  |                 angle_CORDIC_c_addsub_v12_0_12_viv__parameterized3__33 |         21 |         21 |       0 |    0 |    20 |      0 |      0 |            0 |
|                         (inst)                                                                                              |                 angle_CORDIC_c_addsub_v12_0_12_viv__parameterized3__33 |          0 |          0 |       0 |    0 |     0 |      0 |      0 |            0 |
|                         i_baseblox.i_baseblox_addsub                                                                        |               angle_CORDIC_c_addsub_v12_0_12_legacy__parameterized3_22 |         21 |         21 |       0 |    0 |    20 |      0 |      0 |            0 |
|                           no_pipelining.the_addsub                                                                          |        angle_CORDIC_c_addsub_v12_0_12_fabric_legacy__parameterized3_23 |         21 |         21 |       0 |    0 |    20 |      0 |      0 |            0 |
|                             i_lut6.i_lut6_addsub                                                                            |          angle_CORDIC_c_addsub_v12_0_12_lut6_legacy__parameterized3_24 |         21 |         21 |       0 |    0 |    20 |      0 |      0 |            0 |
|                               (i_lut6.i_lut6_addsub)                                                                        |          angle_CORDIC_c_addsub_v12_0_12_lut6_legacy__parameterized3_24 |         21 |         21 |       0 |    0 |     0 |      0 |      0 |            0 |
|                               i_q.i_simple.qreg                                                                             |                   angle_CORDIC_c_reg_fd_v12_0_5_viv__parameterized2_25 |          0 |          0 |       0 |    0 |    20 |      0 |      0 |            0 |
|               gen_cordic.input_stage                                                                                        |                                         angle_CORDIC_cordic_inp_config |         98 |         97 |       0 |    1 |    74 |      0 |      0 |            0 |
|                 (gen_cordic.input_stage)                                                                                    |                                         angle_CORDIC_cordic_inp_config |         18 |         18 |       0 |    0 |     0 |      0 |      0 |            0 |
|                 gen_rotation.gen_rot_control.gen_nd_cr                                                                      |                                               angle_CORDIC_delay_bit_7 |          1 |          0 |       0 |    1 |     0 |      0 |      0 |            0 |
|                 gen_rotation.gen_rot_xy.gen_data_x_int_dly                                                                  |                                                   angle_CORDIC_delay_8 |          0 |          0 |       0 |    0 |    16 |      0 |      0 |            0 |
|                 gen_rotation.gen_rot_xy.gen_data_y_int_dly                                                                  |                                                   angle_CORDIC_delay_9 |          0 |          0 |       0 |    0 |    16 |      0 |      0 |            0 |
|                 gen_rotation.gen_rot_xy.gen_neg_data_x_swap                                                                 |                                 angle_CORDIC_addsub__parameterized3_10 |         21 |         21 |       0 |    0 |    20 |      0 |      0 |            0 |
|                   (gen_rotation.gen_rot_xy.gen_neg_data_x_swap)                                                             |                                 angle_CORDIC_addsub__parameterized3_10 |          0 |          0 |       0 |    0 |     0 |      0 |      0 |            0 |
|                   inst                                                                                                      |                  angle_CORDIC_c_addsub_v12_0_12_viv__parameterized3__1 |         21 |         21 |       0 |    0 |    20 |      0 |      0 |            0 |
|                     (inst)                                                                                                  |                  angle_CORDIC_c_addsub_v12_0_12_viv__parameterized3__1 |          0 |          0 |       0 |    0 |     0 |      0 |      0 |            0 |
|                     i_baseblox.i_baseblox_addsub                                                                            |               angle_CORDIC_c_addsub_v12_0_12_legacy__parameterized3_17 |         21 |         21 |       0 |    0 |    20 |      0 |      0 |            0 |
|                       no_pipelining.the_addsub                                                                              |        angle_CORDIC_c_addsub_v12_0_12_fabric_legacy__parameterized3_18 |         21 |         21 |       0 |    0 |    20 |      0 |      0 |            0 |
|                         i_lut6.i_lut6_addsub                                                                                |          angle_CORDIC_c_addsub_v12_0_12_lut6_legacy__parameterized3_19 |         21 |         21 |       0 |    0 |    20 |      0 |      0 |            0 |
|                           (i_lut6.i_lut6_addsub)                                                                            |          angle_CORDIC_c_addsub_v12_0_12_lut6_legacy__parameterized3_19 |         21 |         21 |       0 |    0 |     0 |      0 |      0 |            0 |
|                           i_q.i_simple.qreg                                                                                 |                   angle_CORDIC_c_reg_fd_v12_0_5_viv__parameterized2_20 |          0 |          0 |       0 |    0 |    20 |      0 |      0 |            0 |
|                 gen_rotation.gen_rot_xy.gen_neg_data_y_swap                                                                 |                                 angle_CORDIC_addsub__parameterized3_11 |         22 |         22 |       0 |    0 |    20 |      0 |      0 |            0 |
|                   (gen_rotation.gen_rot_xy.gen_neg_data_y_swap)                                                             |                                 angle_CORDIC_addsub__parameterized3_11 |          1 |          1 |       0 |    0 |     0 |      0 |      0 |            0 |
|                   inst                                                                                                      |                  angle_CORDIC_c_addsub_v12_0_12_viv__parameterized3__2 |         21 |         21 |       0 |    0 |    20 |      0 |      0 |            0 |
|                     (inst)                                                                                                  |                  angle_CORDIC_c_addsub_v12_0_12_viv__parameterized3__2 |          0 |          0 |       0 |    0 |     0 |      0 |      0 |            0 |
|                     i_baseblox.i_baseblox_addsub                                                                            |               angle_CORDIC_c_addsub_v12_0_12_legacy__parameterized3_13 |         21 |         21 |       0 |    0 |    20 |      0 |      0 |            0 |
|                       no_pipelining.the_addsub                                                                              |        angle_CORDIC_c_addsub_v12_0_12_fabric_legacy__parameterized3_14 |         21 |         21 |       0 |    0 |    20 |      0 |      0 |            0 |
|                         i_lut6.i_lut6_addsub                                                                                |          angle_CORDIC_c_addsub_v12_0_12_lut6_legacy__parameterized3_15 |         21 |         21 |       0 |    0 |    20 |      0 |      0 |            0 |
|                           (i_lut6.i_lut6_addsub)                                                                            |          angle_CORDIC_c_addsub_v12_0_12_lut6_legacy__parameterized3_15 |         21 |         21 |       0 |    0 |     0 |      0 |      0 |            0 |
|                           i_q.i_simple.qreg                                                                                 |                   angle_CORDIC_c_reg_fd_v12_0_5_viv__parameterized2_16 |          0 |          0 |       0 |    0 |    20 |      0 |      0 |            0 |
|                 gen_rotation.gen_rot_xy.gen_x_min_y                                                                         |                                                    angle_CORDIC_addsub |         18 |         18 |       0 |    0 |     1 |      0 |      0 |            0 |
|                   (gen_rotation.gen_rot_xy.gen_x_min_y)                                                                     |                                                    angle_CORDIC_addsub |          1 |          1 |       0 |    0 |     0 |      0 |      0 |            0 |
|                   inst                                                                                                      |                                     angle_CORDIC_c_addsub_v12_0_12_viv |         17 |         17 |       0 |    0 |     1 |      0 |      0 |            0 |
|                     (inst)                                                                                                  |                                     angle_CORDIC_c_addsub_v12_0_12_viv |          0 |          0 |       0 |    0 |     0 |      0 |      0 |            0 |
|                     i_baseblox.i_baseblox_addsub                                                                            |                                  angle_CORDIC_c_addsub_v12_0_12_legacy |         17 |         17 |       0 |    0 |     1 |      0 |      0 |            0 |
|                       no_pipelining.the_addsub                                                                              |                           angle_CORDIC_c_addsub_v12_0_12_fabric_legacy |         17 |         17 |       0 |    0 |     1 |      0 |      0 |            0 |
|                         i_lut6.i_lut6_addsub                                                                                |                             angle_CORDIC_c_addsub_v12_0_12_lut6_legacy |         17 |         17 |       0 |    0 |     1 |      0 |      0 |            0 |
|                           (i_lut6.i_lut6_addsub)                                                                            |                             angle_CORDIC_c_addsub_v12_0_12_lut6_legacy |         17 |         17 |       0 |    0 |     0 |      0 |      0 |            0 |
|                           i_q.i_simple.qreg                                                                                 |                                   angle_CORDIC_c_reg_fd_v12_0_5_viv_12 |          0 |          0 |       0 |    0 |     1 |      0 |      0 |            0 |
|                 gen_rotation.gen_rot_xy.gen_x_plus_y                                                                        |                                    angle_CORDIC_addsub__parameterized1 |         18 |         18 |       0 |    0 |     1 |      0 |      0 |            0 |
|                   (gen_rotation.gen_rot_xy.gen_x_plus_y)                                                                    |                                    angle_CORDIC_addsub__parameterized1 |          1 |          1 |       0 |    0 |     0 |      0 |      0 |            0 |
|                   inst                                                                                                      |                     angle_CORDIC_c_addsub_v12_0_12_viv__parameterized1 |         17 |         17 |       0 |    0 |     1 |      0 |      0 |            0 |
|                     (inst)                                                                                                  |                     angle_CORDIC_c_addsub_v12_0_12_viv__parameterized1 |          0 |          0 |       0 |    0 |     0 |      0 |      0 |            0 |
|                     i_baseblox.i_baseblox_addsub                                                                            |                  angle_CORDIC_c_addsub_v12_0_12_legacy__parameterized1 |         17 |         17 |       0 |    0 |     1 |      0 |      0 |            0 |
|                       no_pipelining.the_addsub                                                                              |           angle_CORDIC_c_addsub_v12_0_12_fabric_legacy__parameterized1 |         17 |         17 |       0 |    0 |     1 |      0 |      0 |            0 |
|                         i_lut6.i_lut6_addsub                                                                                |             angle_CORDIC_c_addsub_v12_0_12_lut6_legacy__parameterized1 |         17 |         17 |       0 |    0 |     1 |      0 |      0 |            0 |
|                           (i_lut6.i_lut6_addsub)                                                                            |             angle_CORDIC_c_addsub_v12_0_12_lut6_legacy__parameterized1 |         17 |         17 |       0 |    0 |     0 |      0 |      0 |            0 |
|                           i_q.i_simple.qreg                                                                                 |                                      angle_CORDIC_c_reg_fd_v12_0_5_viv |          0 |          0 |       0 |    0 |     1 |      0 |      0 |            0 |
|               gen_cordic.output_stage                                                                                       |                                         angle_CORDIC_cordic_out_config |         51 |         30 |       0 |   21 |    96 |      0 |      0 |            0 |
|                 (gen_cordic.output_stage)                                                                                   |                                         angle_CORDIC_cordic_out_config |          1 |          1 |       0 |    0 |     0 |      0 |      0 |            0 |
|                 gen_phase_out.round                                                                                         |                                              angle_CORDIC_cordic_round |          3 |          3 |       0 |    0 |    16 |      0 |      0 |            0 |
|                   gen_nearest_even.adder                                                                                    |                                  angle_CORDIC_addsub__parameterized5_2 |          3 |          3 |       0 |    0 |    16 |      0 |      0 |            0 |
|                     (gen_nearest_even.adder)                                                                                |                                  angle_CORDIC_addsub__parameterized5_2 |          0 |          0 |       0 |    0 |     0 |      0 |      0 |            0 |
|                     inst                                                                                                    |                     angle_CORDIC_c_addsub_v12_0_12_viv__parameterized5 |          3 |          3 |       0 |    0 |    16 |      0 |      0 |            0 |
|                       (inst)                                                                                                |                     angle_CORDIC_c_addsub_v12_0_12_viv__parameterized5 |          0 |          0 |       0 |    0 |     0 |      0 |      0 |            0 |
|                       i_baseblox.i_baseblox_addsub                                                                          |                angle_CORDIC_c_addsub_v12_0_12_legacy__parameterized5_3 |          3 |          3 |       0 |    0 |    16 |      0 |      0 |            0 |
|                         no_pipelining.the_addsub                                                                            |         angle_CORDIC_c_addsub_v12_0_12_fabric_legacy__parameterized5_4 |          3 |          3 |       0 |    0 |    16 |      0 |      0 |            0 |
|                           i_lut6.i_lut6_addsub                                                                              |           angle_CORDIC_c_addsub_v12_0_12_lut6_legacy__parameterized5_5 |          3 |          3 |       0 |    0 |    16 |      0 |      0 |            0 |
|                             (i_lut6.i_lut6_addsub)                                                                          |           angle_CORDIC_c_addsub_v12_0_12_lut6_legacy__parameterized5_5 |          3 |          3 |       0 |    0 |     0 |      0 |      0 |            0 |
|                             i_q.i_simple.qreg                                                                               |                    angle_CORDIC_c_reg_fd_v12_0_5_viv__parameterized4_6 |          0 |          0 |       0 |    0 |    16 |      0 |      0 |            0 |
|                 gen_rotation.gen_rdy_cr                                                                                     |                                                 angle_CORDIC_delay_bit |          1 |          0 |       0 |    1 |     1 |      0 |      0 |            0 |
|                 gen_rotation.gen_translate.gen_phase_addsub_reg                                                             |                                 angle_CORDIC_delay_bit__parameterized1 |          0 |          0 |       0 |    0 |     1 |      0 |      0 |            0 |
|                 gen_rotation.gen_translate.gen_phase_cr                                                                     |                                    angle_CORDIC_addsub__parameterized3 |         22 |         22 |       0 |    0 |    20 |      0 |      0 |            0 |
|                   (gen_rotation.gen_translate.gen_phase_cr)                                                                 |                                    angle_CORDIC_addsub__parameterized3 |          1 |          1 |       0 |    0 |     0 |      0 |      0 |            0 |
|                   inst                                                                                                      |                     angle_CORDIC_c_addsub_v12_0_12_viv__parameterized3 |         21 |         21 |       0 |    0 |    20 |      0 |      0 |            0 |
|                     (inst)                                                                                                  |                     angle_CORDIC_c_addsub_v12_0_12_viv__parameterized3 |          0 |          0 |       0 |    0 |     0 |      0 |      0 |            0 |
|                     i_baseblox.i_baseblox_addsub                                                                            |                  angle_CORDIC_c_addsub_v12_0_12_legacy__parameterized3 |         21 |         21 |       0 |    0 |    20 |      0 |      0 |            0 |
|                       no_pipelining.the_addsub                                                                              |           angle_CORDIC_c_addsub_v12_0_12_fabric_legacy__parameterized3 |         21 |         21 |       0 |    0 |    20 |      0 |      0 |            0 |
|                         i_lut6.i_lut6_addsub                                                                                |             angle_CORDIC_c_addsub_v12_0_12_lut6_legacy__parameterized3 |         21 |         21 |       0 |    0 |    20 |      0 |      0 |            0 |
|                           (i_lut6.i_lut6_addsub)                                                                            |             angle_CORDIC_c_addsub_v12_0_12_lut6_legacy__parameterized3 |         21 |         21 |       0 |    0 |     0 |      0 |      0 |            0 |
|                           i_q.i_simple.qreg                                                                                 |                      angle_CORDIC_c_reg_fd_v12_0_5_viv__parameterized2 |          0 |          0 |       0 |    0 |    20 |      0 |      0 |            0 |
|                 gen_rotation.gen_translate.gen_phase_in_reg                                                                 |                                                     angle_CORDIC_delay |          0 |          0 |       0 |    0 |    20 |      0 |      0 |            0 |
|                 gen_rotation.gen_translate.gen_phase_rot_reg                                                                |                                                   angle_CORDIC_delay_0 |          0 |          0 |       0 |    0 |     2 |      0 |      0 |            0 |
|                 gen_rotation.gen_translate.gen_x_out.gen_data_x_cr                                                          |                                     angle_CORDIC_delay__parameterized6 |         21 |          1 |       0 |   20 |    20 |      0 |      0 |            0 |
|                 gen_x_out.round                                                                                             |                                            angle_CORDIC_cordic_round_1 |          3 |          3 |       0 |    0 |    16 |      0 |      0 |            0 |
|                   gen_nearest_even.adder                                                                                    |                                    angle_CORDIC_addsub__parameterized5 |          3 |          3 |       0 |    0 |    16 |      0 |      0 |            0 |
|                     (gen_nearest_even.adder)                                                                                |                                    angle_CORDIC_addsub__parameterized5 |          0 |          0 |       0 |    0 |     0 |      0 |      0 |            0 |
|                     inst                                                                                                    |                  angle_CORDIC_c_addsub_v12_0_12_viv__parameterized5__1 |          3 |          3 |       0 |    0 |    16 |      0 |      0 |            0 |
|                       (inst)                                                                                                |                  angle_CORDIC_c_addsub_v12_0_12_viv__parameterized5__1 |          0 |          0 |       0 |    0 |     0 |      0 |      0 |            0 |
|                       i_baseblox.i_baseblox_addsub                                                                          |                  angle_CORDIC_c_addsub_v12_0_12_legacy__parameterized5 |          3 |          3 |       0 |    0 |    16 |      0 |      0 |            0 |
|                         no_pipelining.the_addsub                                                                            |           angle_CORDIC_c_addsub_v12_0_12_fabric_legacy__parameterized5 |          3 |          3 |       0 |    0 |    16 |      0 |      0 |            0 |
|                           i_lut6.i_lut6_addsub                                                                              |             angle_CORDIC_c_addsub_v12_0_12_lut6_legacy__parameterized5 |          3 |          3 |       0 |    0 |    16 |      0 |      0 |            0 |
|                             (i_lut6.i_lut6_addsub)                                                                          |             angle_CORDIC_c_addsub_v12_0_12_lut6_legacy__parameterized5 |          3 |          3 |       0 |    0 |     0 |      0 |      0 |            0 |
|                             i_q.i_simple.qreg                                                                               |                      angle_CORDIC_c_reg_fd_v12_0_5_viv__parameterized4 |          0 |          0 |       0 |    0 |    16 |      0 |      0 |            0 |
|       LO_DDS_inst                                                                                                           |                                                               LO_DDS_H |        140 |         89 |       0 |   51 |   330 |      7 |      1 |            1 |
|         (LO_DDS_inst)                                                                                                       |                                                               LO_DDS_H |          0 |          0 |       0 |    0 |     0 |      0 |      0 |            0 |
|         U0                                                                                                                  |                                          LO_DDS_H_dds_compiler_v6_0_17 |        140 |         89 |       0 |   51 |   330 |      7 |      1 |            1 |
|           (U0)                                                                                                              |                                          LO_DDS_H_dds_compiler_v6_0_17 |          0 |          0 |       0 |    0 |     0 |      0 |      0 |            0 |
|           i_synth                                                                                                           |                                      LO_DDS_H_dds_compiler_v6_0_17_viv |        140 |         89 |       0 |   51 |   330 |      7 |      1 |            1 |
|             (i_synth)                                                                                                       |                                      LO_DDS_H_dds_compiler_v6_0_17_viv |          0 |          0 |       0 |    0 |    49 |      0 |      0 |            0 |
|             has_s_phase.ce_i_delay                                                                                          |                          LO_DDS_H_xbip_pipe_v3_0_5_viv__parameterized0 |          0 |          0 |       0 |    0 |     1 |      0 |      0 |            0 |
|             i_dds                                                                                                           |                                     LO_DDS_H_dds_compiler_v6_0_17_core |        138 |         88 |       0 |   50 |   277 |      7 |      1 |            1 |
|               I_PHASEGEN.i_conventional_accum.i_accum                                                                       |                                                         LO_DDS_H_accum |         24 |         24 |       0 |    0 |     0 |      0 |      0 |            1 |
|                 i_dsp48.i_struct.i_single_channel.I_DSP                                                                     |                                                    LO_DDS_H_dsp48_wrap |         24 |         24 |       0 |    0 |     0 |      0 |      0 |            1 |
|               I_PHASEGEN.i_conventional_accum.i_phase_final_speedup                                                         |                          LO_DDS_H_xbip_pipe_v3_0_5_viv__parameterized4 |         15 |         15 |       0 |    0 |    48 |      0 |      0 |            0 |
|               I_SINCOS.i_std_rom.i_rom                                                                                      |                                                       LO_DDS_H_sin_cos |         47 |         45 |       0 |    2 |   128 |      7 |      1 |            0 |
|                 (I_SINCOS.i_std_rom.i_rom)                                                                                  |                                                       LO_DDS_H_sin_cos |         19 |         19 |       0 |    0 |    28 |      7 |      1 |            0 |
|                 i_rtl.i_quarter_table.i_addr_reg_c                                                                          |                          LO_DDS_H_xbip_pipe_v3_0_5_viv__parameterized8 |         10 |          8 |       0 |    2 |     4 |      0 |      0 |            0 |
|                 i_rtl.i_quarter_table.i_piped_map.i_cardinal_cos_ls                                                         |                         LO_DDS_H_xbip_pipe_v3_0_5_viv__parameterized12 |          0 |          0 |       0 |    0 |     8 |      0 |      0 |            0 |
|                 i_rtl.i_quarter_table.i_piped_map.i_cardinal_cos_ms                                                         |                       LO_DDS_H_xbip_pipe_v3_0_5_viv__parameterized12_1 |          0 |          0 |       0 |    0 |     8 |      0 |      0 |            0 |
|                 i_rtl.i_quarter_table.i_piped_map.i_cardinal_sin_ls                                                         |                       LO_DDS_H_xbip_pipe_v3_0_5_viv__parameterized12_2 |          0 |          0 |       0 |    0 |     8 |      0 |      0 |            0 |
|                 i_rtl.i_quarter_table.i_piped_map.i_cardinal_sin_ms                                                         |                       LO_DDS_H_xbip_pipe_v3_0_5_viv__parameterized12_3 |          0 |          0 |       0 |    0 |     8 |      0 |      0 |            0 |
|                 i_rtl.i_quarter_table.i_piped_map.i_original_cos_ls                                                         |                         LO_DDS_H_xbip_pipe_v3_0_5_viv__parameterized14 |          0 |          0 |       0 |    0 |     9 |      0 |      0 |            0 |
|                 i_rtl.i_quarter_table.i_piped_map.i_original_cos_ms                                                         |                       LO_DDS_H_xbip_pipe_v3_0_5_viv__parameterized12_4 |          0 |          0 |       0 |    0 |     8 |      0 |      0 |            0 |
|                 i_rtl.i_quarter_table.i_piped_map.i_original_sin_ls                                                         |                       LO_DDS_H_xbip_pipe_v3_0_5_viv__parameterized14_5 |          0 |          0 |       0 |    0 |     9 |      0 |      0 |            0 |
|                 i_rtl.i_quarter_table.i_piped_map.i_original_sin_ms                                                         |                       LO_DDS_H_xbip_pipe_v3_0_5_viv__parameterized12_6 |          0 |          0 |       0 |    0 |     8 |      0 |      0 |            0 |
|                 i_rtl.i_quarter_table.i_rom_reg_a                                                                           |                         LO_DDS_H_xbip_pipe_v3_0_5_viv__parameterized10 |          9 |          9 |       0 |    0 |    15 |      0 |      0 |            0 |
|                 i_rtl.i_quarter_table.i_rom_reg_b                                                                           |                       LO_DDS_H_xbip_pipe_v3_0_5_viv__parameterized10_7 |          9 |          9 |       0 |    0 |    15 |      0 |      0 |            0 |
|               i_phase_out.del                                                                                               |                          LO_DDS_H_xbip_pipe_v3_0_5_viv__parameterized6 |         48 |          0 |       0 |   48 |    96 |      0 |      0 |            0 |
|               i_rdy.rdy_logic                                                                                               |                                      LO_DDS_H_dds_compiler_v6_0_17_rdy |          4 |          4 |       0 |    0 |     5 |      0 |      0 |            0 |
|                 (i_rdy.rdy_logic)                                                                                           |                                      LO_DDS_H_dds_compiler_v6_0_17_rdy |          3 |          3 |       0 |    0 |     4 |      0 |      0 |            0 |
|                 i_single_channel.i_non_trivial_lat.i_rdy                                                                    |                          LO_DDS_H_xbip_pipe_v3_0_5_viv__parameterized2 |          1 |          1 |       0 |    0 |     1 |      0 |      0 |            0 |
|             i_has_nd_rdy_pipe.channel_pipe                                                                                  |                                          LO_DDS_H_xbip_pipe_v3_0_5_viv |          0 |          0 |       0 |    0 |     1 |      0 |      0 |            0 |
|             i_has_nd_rdy_pipe.valid_phase_read_del                                                                          |                                        LO_DDS_H_xbip_pipe_v3_0_5_viv_0 |          2 |          1 |       0 |    1 |     2 |      0 |      0 |            0 |
|       ddc_frontend_lowpass_filter_inst_I                                                                                    |                               ddc_frontend_lowpass_filter_H__xdcDup__1 |        145 |         92 |       0 |   53 |   645 |      0 |      0 |            5 |
|         N_times_clk_FIR_wrapper_H_inst                                                                                      |                                   N_times_clk_FIR_wrapper_H__xdcDup__1 |        129 |         76 |       0 |   53 |   613 |      0 |      0 |            5 |
|           (N_times_clk_FIR_wrapper_H_inst)                                                                                  |                                   N_times_clk_FIR_wrapper_H__xdcDup__1 |          2 |          2 |       0 |    0 |    84 |      0 |      0 |            0 |
|           fir_compiler_minimumphase_N_times_clk_inst                                                                        |                                      fir_compiler_minimumphase_H_HD421 |        127 |         74 |       0 |   53 |   529 |      0 |      0 |            5 |
|             (fir_compiler_minimumphase_N_times_clk_inst)                                                                    |                                      fir_compiler_minimumphase_H_HD421 |          0 |          0 |       0 |    0 |     0 |      0 |      0 |            0 |
|             U0                                                                                                              |                 fir_compiler_minimumphase_H_fir_compiler_v7_2_11_HD422 |        127 |         74 |       0 |   53 |   529 |      0 |      0 |            5 |
|               (U0)                                                                                                          |                 fir_compiler_minimumphase_H_fir_compiler_v7_2_11_HD422 |          0 |          0 |       0 |    0 |     0 |      0 |      0 |            0 |
|               i_synth                                                                                                       |             fir_compiler_minimumphase_H_fir_compiler_v7_2_11_viv_HD423 |        127 |         74 |       0 |   53 |   529 |      0 |      0 |            5 |
|                 (i_synth)                                                                                                   |             fir_compiler_minimumphase_H_fir_compiler_v7_2_11_viv_HD423 |          0 |          0 |       0 |    0 |     0 |      0 |      0 |            0 |
|                 g_single_rate.i_single_rate                                                                                 |                          fir_compiler_minimumphase_H_single_rate_HD424 |        127 |         74 |       0 |   53 |   529 |      0 |      0 |            5 |
|                   (g_single_rate.i_single_rate)                                                                             |                          fir_compiler_minimumphase_H_single_rate_HD424 |          4 |          3 |       0 |    1 |    47 |      0 |      0 |            0 |
|                   g_semi_parallel_and_smac.g_cntrl_signals[6].i_delay                                                       |                fir_compiler_minimumphase_H_delay__parameterized6_HD425 |          0 |          0 |       0 |    0 |     1 |      0 |      0 |            0 |
|                   g_semi_parallel_and_smac.g_cntrl_signals[7].i_delay                                                       |                fir_compiler_minimumphase_H_delay__parameterized5_HD426 |          0 |          0 |       0 |    0 |     1 |      0 |      0 |            0 |
|                   g_semi_parallel_and_smac.g_cntrl_signals[8].i_delay                                                       |              fir_compiler_minimumphase_H_delay__parameterized5_0_HD427 |          0 |          0 |       0 |    0 |     1 |      0 |      0 |            0 |
|                   g_semi_parallel_and_smac.g_paths[0].g_data_array.g_madd[0].g_sym_data.g_sym_data_casc.i_data_sym_casc_dly |                 fir_compiler_minimumphase_H_buff__parameterized0_HD428 |         16 |          0 |       0 |   16 |    16 |      0 |      0 |            0 |
|                     g_buff.i_buff                                                                                           |             fir_compiler_minimumphase_H_delay__parameterized8_10_HD429 |         16 |          0 |       0 |   16 |    16 |      0 |      0 |            0 |
|                   g_semi_parallel_and_smac.g_paths[0].g_data_array.g_madd[1].g_sym_data.g_sym_data_casc.i_data_sym_casc_dly |               fir_compiler_minimumphase_H_buff__parameterized0_1_HD430 |         16 |          0 |       0 |   16 |    16 |      0 |      0 |            0 |
|                     g_buff.i_buff                                                                                           |              fir_compiler_minimumphase_H_delay__parameterized8_9_HD431 |         16 |          0 |       0 |   16 |    16 |      0 |      0 |            0 |
|                   g_semi_parallel_and_smac.g_paths[0].g_data_array.g_madd[2].g_sym_data.g_sym_data_casc.i_data_sym_casc_dly |               fir_compiler_minimumphase_H_buff__parameterized0_2_HD432 |         16 |          0 |       0 |   16 |    16 |      0 |      0 |            0 |
|                     g_buff.i_buff                                                                                           |                fir_compiler_minimumphase_H_delay__parameterized8_HD433 |         16 |          0 |       0 |   16 |    16 |      0 |      0 |            0 |
|                   g_semi_parallel_and_smac.g_paths[0].g_data_array.g_madd[3].g_wrap_buff.i_data_wrap_buff                   |                 fir_compiler_minimumphase_H_buff__parameterized1_HD434 |          0 |          0 |       0 |    0 |    16 |      0 |      0 |            0 |
|                     g_buff.i_buff                                                                                           |                fir_compiler_minimumphase_H_delay__parameterized9_HD435 |          0 |          0 |       0 |    0 |    16 |      0 |      0 |            0 |
|                   g_semi_parallel_and_smac.g_paths[0].g_madd_array_and_accum.g_accum.i_accum                                |                            fir_compiler_minimumphase_H_add_accum_HD436 |          1 |          1 |       0 |    0 |     0 |      0 |      0 |            1 |
|                     i_add_accum                                                                                             |                 fir_compiler_minimumphase_H_calc__parameterized0_HD437 |          1 |          1 |       0 |    0 |     0 |      0 |      0 |            1 |
|                   g_semi_parallel_and_smac.g_paths[0].g_madd_array_and_accum.g_madd[0].i_madd                               |                      fir_compiler_minimumphase_H_addsub_mult_add_HD438 |          0 |          0 |       0 |    0 |     0 |      0 |      0 |            1 |
|                     i_addsub_mult_add                                                                                       |                               fir_compiler_minimumphase_H_calc_8_HD439 |          0 |          0 |       0 |    0 |     0 |      0 |      0 |            1 |
|                   g_semi_parallel_and_smac.g_paths[0].g_madd_array_and_accum.g_madd[1].i_madd                               |      fir_compiler_minimumphase_H_addsub_mult_add__parameterized0_HD440 |          0 |          0 |       0 |    0 |     0 |      0 |      0 |            1 |
|                     i_addsub_mult_add                                                                                       |                               fir_compiler_minimumphase_H_calc_7_HD441 |          0 |          0 |       0 |    0 |     0 |      0 |      0 |            1 |
|                   g_semi_parallel_and_smac.g_paths[0].g_madd_array_and_accum.g_madd[2].i_madd                               |    fir_compiler_minimumphase_H_addsub_mult_add__parameterized0_3_HD442 |          0 |          0 |       0 |    0 |     0 |      0 |      0 |            1 |
|                     i_addsub_mult_add                                                                                       |                               fir_compiler_minimumphase_H_calc_6_HD443 |          0 |          0 |       0 |    0 |     0 |      0 |      0 |            1 |
|                   g_semi_parallel_and_smac.g_paths[0].g_madd_array_and_accum.g_madd[3].i_madd                               |    fir_compiler_minimumphase_H_addsub_mult_add__parameterized0_4_HD444 |          0 |          0 |       0 |    0 |     0 |      0 |      0 |            1 |
|                     i_addsub_mult_add                                                                                       |                                 fir_compiler_minimumphase_H_calc_HD445 |          0 |          0 |       0 |    0 |     0 |      0 |      0 |            1 |
|                   g_semi_parallel_and_smac.g_paths[0].g_mem_array[0].i_mem                                                  |                             fir_compiler_minimumphase_H_filt_mem_HD446 |         16 |         16 |       0 |    0 |    96 |      0 |      0 |            0 |
|                     (g_semi_parallel_and_smac.g_paths[0].g_mem_array[0].i_mem)                                              |                             fir_compiler_minimumphase_H_filt_mem_HD446 |          0 |          0 |       0 |    0 |     0 |      0 |      0 |            0 |
|                     g_individual.g_mem_b.i_mem_b                                                                            |                            fir_compiler_minimumphase_H_sp_mem__2_HD447 |          8 |          8 |       0 |    0 |    48 |      0 |      0 |            0 |
|                     g_individual.i_mem_a                                                                                    |                            fir_compiler_minimumphase_H_sp_mem__1_HD448 |          8 |          8 |       0 |    0 |    48 |      0 |      0 |            0 |
|                   g_semi_parallel_and_smac.g_paths[0].g_mem_array[1].i_mem                                                  |             fir_compiler_minimumphase_H_filt_mem__parameterized0_HD449 |         16 |         16 |       0 |    0 |    96 |      0 |      0 |            0 |
|                     (g_semi_parallel_and_smac.g_paths[0].g_mem_array[1].i_mem)                                              |             fir_compiler_minimumphase_H_filt_mem__parameterized0_HD449 |          0 |          0 |       0 |    0 |     0 |      0 |      0 |            0 |
|                     g_individual.g_mem_b.i_mem_b                                                                            |                            fir_compiler_minimumphase_H_sp_mem__4_HD450 |          8 |          8 |       0 |    0 |    48 |      0 |      0 |            0 |
|                     g_individual.i_mem_a                                                                                    |                            fir_compiler_minimumphase_H_sp_mem__3_HD451 |          8 |          8 |       0 |    0 |    48 |      0 |      0 |            0 |
|                   g_semi_parallel_and_smac.g_paths[0].g_mem_array[2].i_mem                                                  |             fir_compiler_minimumphase_H_filt_mem__parameterized1_HD452 |         16 |         16 |       0 |    0 |    96 |      0 |      0 |            0 |
|                     (g_semi_parallel_and_smac.g_paths[0].g_mem_array[2].i_mem)                                              |             fir_compiler_minimumphase_H_filt_mem__parameterized1_HD452 |          0 |          0 |       0 |    0 |     0 |      0 |      0 |            0 |
|                     g_individual.g_mem_b.i_mem_b                                                                            |                            fir_compiler_minimumphase_H_sp_mem__6_HD453 |          8 |          8 |       0 |    0 |    48 |      0 |      0 |            0 |
|                     g_individual.i_mem_a                                                                                    |                            fir_compiler_minimumphase_H_sp_mem__5_HD454 |          8 |          8 |       0 |    0 |    48 |      0 |      0 |            0 |
|                   g_semi_parallel_and_smac.g_paths[0].g_mem_array[3].i_mem                                                  |             fir_compiler_minimumphase_H_filt_mem__parameterized2_HD455 |         16 |         16 |       0 |    0 |    96 |      0 |      0 |            0 |
|                     (g_semi_parallel_and_smac.g_paths[0].g_mem_array[3].i_mem)                                              |             fir_compiler_minimumphase_H_filt_mem__parameterized2_HD455 |          0 |          0 |       0 |    0 |     0 |      0 |      0 |            0 |
|                     g_individual.g_mem_b.i_mem_b                                                                            |                               fir_compiler_minimumphase_H_sp_mem_HD456 |          8 |          8 |       0 |    0 |    48 |      0 |      0 |            0 |
|                     g_individual.i_mem_a                                                                                    |                            fir_compiler_minimumphase_H_sp_mem__7_HD457 |          8 |          8 |       0 |    0 |    48 |      0 |      0 |            0 |
|                   g_semi_parallel_and_smac.g_paths[0].g_mem_array[4].i_mem                                                  |             fir_compiler_minimumphase_H_filt_mem__parameterized3_HD458 |          2 |          2 |       0 |    0 |     5 |      0 |      0 |            0 |
|                     (g_semi_parallel_and_smac.g_paths[0].g_mem_array[4].i_mem)                                              |             fir_compiler_minimumphase_H_filt_mem__parameterized3_HD458 |          0 |          0 |       0 |    0 |     0 |      0 |      0 |            0 |
|                     g_individual.g_mem_b.i_mem_b                                                                            |               fir_compiler_minimumphase_H_sp_mem__parameterized1_HD459 |          1 |          1 |       0 |    0 |     2 |      0 |      0 |            0 |
|                     g_individual.i_mem_a                                                                                    |               fir_compiler_minimumphase_H_sp_mem__parameterized0_HD460 |          1 |          1 |       0 |    0 |     3 |      0 |      0 |            0 |
|                   g_semi_parallel_and_smac.g_paths[0].g_mem_array[5].i_mem                                                  |             fir_compiler_minimumphase_H_filt_mem__parameterized4_HD461 |          2 |          2 |       0 |    0 |     6 |      0 |      0 |            0 |
|                     (g_semi_parallel_and_smac.g_paths[0].g_mem_array[5].i_mem)                                              |             fir_compiler_minimumphase_H_filt_mem__parameterized4_HD461 |          0 |          0 |       0 |    0 |     0 |      0 |      0 |            0 |
|                     g_individual.g_mem_b.i_mem_b                                                                            |               fir_compiler_minimumphase_H_sp_mem__parameterized3_HD462 |          1 |          1 |       0 |    0 |     3 |      0 |      0 |            0 |
|                     g_individual.i_mem_a                                                                                    |               fir_compiler_minimumphase_H_sp_mem__parameterized2_HD463 |          1 |          1 |       0 |    0 |     3 |      0 |      0 |            0 |
|                   g_semi_parallel_and_smac.i_accumulate                                                                     |               fir_compiler_minimumphase_H_delay__parameterized17_HD464 |          2 |          1 |       0 |    1 |     1 |      0 |      0 |            0 |
|                   g_semi_parallel_and_smac.i_cntrl_coef_addr                                                                |                fir_compiler_minimumphase_H_delay__parameterized1_HD465 |          1 |          0 |       0 |    1 |     1 |      0 |      0 |            0 |
|                   g_semi_parallel_and_smac.i_data_in                                                                        |                                fir_compiler_minimumphase_H_delay_HD466 |          0 |          0 |       0 |    0 |    16 |      0 |      0 |            0 |
|                   g_semi_parallel_and_smac.i_latch_op                                                                       |               fir_compiler_minimumphase_H_delay__parameterized18_HD467 |          1 |          0 |       0 |    1 |     1 |      0 |      0 |            0 |
|                   g_semi_parallel_and_smac.i_load                                                                           |             fir_compiler_minimumphase_H_delay__parameterized17_5_HD468 |          2 |          1 |       0 |    1 |     1 |      0 |      0 |            0 |
|         boxcar_2_pts_filter_inst3                                                                                           |                                                 boxcar_2_pts_filter_14 |         16 |         16 |       0 |    0 |    32 |      0 |      0 |            0 |
|       ddc_frontend_lowpass_filter_inst_Q                                                                                    |                                          ddc_frontend_lowpass_filter_H |        145 |         92 |       0 |   53 |   645 |      0 |      0 |            5 |
|         N_times_clk_FIR_wrapper_H_inst                                                                                      |                                              N_times_clk_FIR_wrapper_H |        129 |         76 |       0 |   53 |   613 |      0 |      0 |            5 |
|           (N_times_clk_FIR_wrapper_H_inst)                                                                                  |                                              N_times_clk_FIR_wrapper_H |          2 |          2 |       0 |    0 |    84 |      0 |      0 |            0 |
|           fir_compiler_minimumphase_N_times_clk_inst                                                                        |                                            fir_compiler_minimumphase_H |        127 |         74 |       0 |   53 |   529 |      0 |      0 |            5 |
|             (fir_compiler_minimumphase_N_times_clk_inst)                                                                    |                                            fir_compiler_minimumphase_H |          0 |          0 |       0 |    0 |     0 |      0 |      0 |            0 |
|             U0                                                                                                              |                       fir_compiler_minimumphase_H_fir_compiler_v7_2_11 |        127 |         74 |       0 |   53 |   529 |      0 |      0 |            5 |
|               (U0)                                                                                                          |                       fir_compiler_minimumphase_H_fir_compiler_v7_2_11 |          0 |          0 |       0 |    0 |     0 |      0 |      0 |            0 |
|               i_synth                                                                                                       |                   fir_compiler_minimumphase_H_fir_compiler_v7_2_11_viv |        127 |         74 |       0 |   53 |   529 |      0 |      0 |            5 |
|                 (i_synth)                                                                                                   |                   fir_compiler_minimumphase_H_fir_compiler_v7_2_11_viv |          0 |          0 |       0 |    0 |     0 |      0 |      0 |            0 |
|                 g_single_rate.i_single_rate                                                                                 |                                fir_compiler_minimumphase_H_single_rate |        127 |         74 |       0 |   53 |   529 |      0 |      0 |            5 |
|                   (g_single_rate.i_single_rate)                                                                             |                                fir_compiler_minimumphase_H_single_rate |          4 |          3 |       0 |    1 |    47 |      0 |      0 |            0 |
|                   g_semi_parallel_and_smac.g_cntrl_signals[6].i_delay                                                       |                      fir_compiler_minimumphase_H_delay__parameterized6 |          0 |          0 |       0 |    0 |     1 |      0 |      0 |            0 |
|                   g_semi_parallel_and_smac.g_cntrl_signals[7].i_delay                                                       |                      fir_compiler_minimumphase_H_delay__parameterized5 |          0 |          0 |       0 |    0 |     1 |      0 |      0 |            0 |
|                   g_semi_parallel_and_smac.g_cntrl_signals[8].i_delay                                                       |                    fir_compiler_minimumphase_H_delay__parameterized5_0 |          0 |          0 |       0 |    0 |     1 |      0 |      0 |            0 |
|                   g_semi_parallel_and_smac.g_paths[0].g_data_array.g_madd[0].g_sym_data.g_sym_data_casc.i_data_sym_casc_dly |                       fir_compiler_minimumphase_H_buff__parameterized0 |         16 |          0 |       0 |   16 |    16 |      0 |      0 |            0 |
|                     g_buff.i_buff                                                                                           |                   fir_compiler_minimumphase_H_delay__parameterized8_10 |         16 |          0 |       0 |   16 |    16 |      0 |      0 |            0 |
|                   g_semi_parallel_and_smac.g_paths[0].g_data_array.g_madd[1].g_sym_data.g_sym_data_casc.i_data_sym_casc_dly |                     fir_compiler_minimumphase_H_buff__parameterized0_1 |         16 |          0 |       0 |   16 |    16 |      0 |      0 |            0 |
|                     g_buff.i_buff                                                                                           |                    fir_compiler_minimumphase_H_delay__parameterized8_9 |         16 |          0 |       0 |   16 |    16 |      0 |      0 |            0 |
|                   g_semi_parallel_and_smac.g_paths[0].g_data_array.g_madd[2].g_sym_data.g_sym_data_casc.i_data_sym_casc_dly |                     fir_compiler_minimumphase_H_buff__parameterized0_2 |         16 |          0 |       0 |   16 |    16 |      0 |      0 |            0 |
|                     g_buff.i_buff                                                                                           |                      fir_compiler_minimumphase_H_delay__parameterized8 |         16 |          0 |       0 |   16 |    16 |      0 |      0 |            0 |
|                   g_semi_parallel_and_smac.g_paths[0].g_data_array.g_madd[3].g_wrap_buff.i_data_wrap_buff                   |                       fir_compiler_minimumphase_H_buff__parameterized1 |          0 |          0 |       0 |    0 |    16 |      0 |      0 |            0 |
|                     g_buff.i_buff                                                                                           |                      fir_compiler_minimumphase_H_delay__parameterized9 |          0 |          0 |       0 |    0 |    16 |      0 |      0 |            0 |
|                   g_semi_parallel_and_smac.g_paths[0].g_madd_array_and_accum.g_accum.i_accum                                |                                  fir_compiler_minimumphase_H_add_accum |          1 |          1 |       0 |    0 |     0 |      0 |      0 |            1 |
|                     i_add_accum                                                                                             |                       fir_compiler_minimumphase_H_calc__parameterized0 |          1 |          1 |       0 |    0 |     0 |      0 |      0 |            1 |
|                   g_semi_parallel_and_smac.g_paths[0].g_madd_array_and_accum.g_madd[0].i_madd                               |                            fir_compiler_minimumphase_H_addsub_mult_add |          0 |          0 |       0 |    0 |     0 |      0 |      0 |            1 |
|                     i_addsub_mult_add                                                                                       |                                     fir_compiler_minimumphase_H_calc_8 |          0 |          0 |       0 |    0 |     0 |      0 |      0 |            1 |
|                   g_semi_parallel_and_smac.g_paths[0].g_madd_array_and_accum.g_madd[1].i_madd                               |            fir_compiler_minimumphase_H_addsub_mult_add__parameterized0 |          0 |          0 |       0 |    0 |     0 |      0 |      0 |            1 |
|                     i_addsub_mult_add                                                                                       |                                     fir_compiler_minimumphase_H_calc_7 |          0 |          0 |       0 |    0 |     0 |      0 |      0 |            1 |
|                   g_semi_parallel_and_smac.g_paths[0].g_madd_array_and_accum.g_madd[2].i_madd                               |          fir_compiler_minimumphase_H_addsub_mult_add__parameterized0_3 |          0 |          0 |       0 |    0 |     0 |      0 |      0 |            1 |
|                     i_addsub_mult_add                                                                                       |                                     fir_compiler_minimumphase_H_calc_6 |          0 |          0 |       0 |    0 |     0 |      0 |      0 |            1 |
|                   g_semi_parallel_and_smac.g_paths[0].g_madd_array_and_accum.g_madd[3].i_madd                               |          fir_compiler_minimumphase_H_addsub_mult_add__parameterized0_4 |          0 |          0 |       0 |    0 |     0 |      0 |      0 |            1 |
|                     i_addsub_mult_add                                                                                       |                                       fir_compiler_minimumphase_H_calc |          0 |          0 |       0 |    0 |     0 |      0 |      0 |            1 |
|                   g_semi_parallel_and_smac.g_paths[0].g_mem_array[0].i_mem                                                  |                                   fir_compiler_minimumphase_H_filt_mem |         16 |         16 |       0 |    0 |    96 |      0 |      0 |            0 |
|                     (g_semi_parallel_and_smac.g_paths[0].g_mem_array[0].i_mem)                                              |                                   fir_compiler_minimumphase_H_filt_mem |          0 |          0 |       0 |    0 |     0 |      0 |      0 |            0 |
|                     g_individual.g_mem_b.i_mem_b                                                                            |                                  fir_compiler_minimumphase_H_sp_mem__2 |          8 |          8 |       0 |    0 |    48 |      0 |      0 |            0 |
|                     g_individual.i_mem_a                                                                                    |                                  fir_compiler_minimumphase_H_sp_mem__1 |          8 |          8 |       0 |    0 |    48 |      0 |      0 |            0 |
|                   g_semi_parallel_and_smac.g_paths[0].g_mem_array[1].i_mem                                                  |                   fir_compiler_minimumphase_H_filt_mem__parameterized0 |         16 |         16 |       0 |    0 |    96 |      0 |      0 |            0 |
|                     (g_semi_parallel_and_smac.g_paths[0].g_mem_array[1].i_mem)                                              |                   fir_compiler_minimumphase_H_filt_mem__parameterized0 |          0 |          0 |       0 |    0 |     0 |      0 |      0 |            0 |
|                     g_individual.g_mem_b.i_mem_b                                                                            |                                  fir_compiler_minimumphase_H_sp_mem__4 |          8 |          8 |       0 |    0 |    48 |      0 |      0 |            0 |
|                     g_individual.i_mem_a                                                                                    |                                  fir_compiler_minimumphase_H_sp_mem__3 |          8 |          8 |       0 |    0 |    48 |      0 |      0 |            0 |
|                   g_semi_parallel_and_smac.g_paths[0].g_mem_array[2].i_mem                                                  |                   fir_compiler_minimumphase_H_filt_mem__parameterized1 |         16 |         16 |       0 |    0 |    96 |      0 |      0 |            0 |
|                     (g_semi_parallel_and_smac.g_paths[0].g_mem_array[2].i_mem)                                              |                   fir_compiler_minimumphase_H_filt_mem__parameterized1 |          0 |          0 |       0 |    0 |     0 |      0 |      0 |            0 |
|                     g_individual.g_mem_b.i_mem_b                                                                            |                                  fir_compiler_minimumphase_H_sp_mem__6 |          8 |          8 |       0 |    0 |    48 |      0 |      0 |            0 |
|                     g_individual.i_mem_a                                                                                    |                                  fir_compiler_minimumphase_H_sp_mem__5 |          8 |          8 |       0 |    0 |    48 |      0 |      0 |            0 |
|                   g_semi_parallel_and_smac.g_paths[0].g_mem_array[3].i_mem                                                  |                   fir_compiler_minimumphase_H_filt_mem__parameterized2 |         16 |         16 |       0 |    0 |    96 |      0 |      0 |            0 |
|                     (g_semi_parallel_and_smac.g_paths[0].g_mem_array[3].i_mem)                                              |                   fir_compiler_minimumphase_H_filt_mem__parameterized2 |          0 |          0 |       0 |    0 |     0 |      0 |      0 |            0 |
|                     g_individual.g_mem_b.i_mem_b                                                                            |                                     fir_compiler_minimumphase_H_sp_mem |          8 |          8 |       0 |    0 |    48 |      0 |      0 |            0 |
|                     g_individual.i_mem_a                                                                                    |                                  fir_compiler_minimumphase_H_sp_mem__7 |          8 |          8 |       0 |    0 |    48 |      0 |      0 |            0 |
|                   g_semi_parallel_and_smac.g_paths[0].g_mem_array[4].i_mem                                                  |                   fir_compiler_minimumphase_H_filt_mem__parameterized3 |          2 |          2 |       0 |    0 |     5 |      0 |      0 |            0 |
|                     (g_semi_parallel_and_smac.g_paths[0].g_mem_array[4].i_mem)                                              |                   fir_compiler_minimumphase_H_filt_mem__parameterized3 |          0 |          0 |       0 |    0 |     0 |      0 |      0 |            0 |
|                     g_individual.g_mem_b.i_mem_b                                                                            |                     fir_compiler_minimumphase_H_sp_mem__parameterized1 |          1 |          1 |       0 |    0 |     2 |      0 |      0 |            0 |
|                     g_individual.i_mem_a                                                                                    |                     fir_compiler_minimumphase_H_sp_mem__parameterized0 |          1 |          1 |       0 |    0 |     3 |      0 |      0 |            0 |
|                   g_semi_parallel_and_smac.g_paths[0].g_mem_array[5].i_mem                                                  |                   fir_compiler_minimumphase_H_filt_mem__parameterized4 |          2 |          2 |       0 |    0 |     6 |      0 |      0 |            0 |
|                     (g_semi_parallel_and_smac.g_paths[0].g_mem_array[5].i_mem)                                              |                   fir_compiler_minimumphase_H_filt_mem__parameterized4 |          0 |          0 |       0 |    0 |     0 |      0 |      0 |            0 |
|                     g_individual.g_mem_b.i_mem_b                                                                            |                     fir_compiler_minimumphase_H_sp_mem__parameterized3 |          1 |          1 |       0 |    0 |     3 |      0 |      0 |            0 |
|                     g_individual.i_mem_a                                                                                    |                     fir_compiler_minimumphase_H_sp_mem__parameterized2 |          1 |          1 |       0 |    0 |     3 |      0 |      0 |            0 |
|                   g_semi_parallel_and_smac.i_accumulate                                                                     |                     fir_compiler_minimumphase_H_delay__parameterized17 |          2 |          1 |       0 |    1 |     1 |      0 |      0 |            0 |
|                   g_semi_parallel_and_smac.i_cntrl_coef_addr                                                                |                      fir_compiler_minimumphase_H_delay__parameterized1 |          1 |          0 |       0 |    1 |     1 |      0 |      0 |            0 |
|                   g_semi_parallel_and_smac.i_data_in                                                                        |                                      fir_compiler_minimumphase_H_delay |          0 |          0 |       0 |    0 |    16 |      0 |      0 |            0 |
|                   g_semi_parallel_and_smac.i_latch_op                                                                       |                     fir_compiler_minimumphase_H_delay__parameterized18 |          1 |          0 |       0 |    1 |     1 |      0 |      0 |            0 |
|                   g_semi_parallel_and_smac.i_load                                                                           |                   fir_compiler_minimumphase_H_delay__parameterized17_5 |          2 |          1 |       0 |    1 |     1 |      0 |      0 |            0 |
|         boxcar_2_pts_filter_inst3                                                                                           |                                                    boxcar_2_pts_filter |         16 |         16 |       0 |    0 |    32 |      0 |      0 |            0 |
|       first_order_IIR_highpass_filter_inst                                                                                  |                                      first_order_IIR_highpass_filter_H |         99 |         99 |       0 |    0 |    64 |      0 |      0 |            0 |
|       input_multiplier_I                                                                                                    |                                                       input_multiplier |          0 |          0 |       0 |    0 |     0 |      0 |      0 |            1 |
|         (input_multiplier_I)                                                                                                |                                                       input_multiplier |          0 |          0 |       0 |    0 |     0 |      0 |      0 |            0 |
|         U0                                                                                                                  |                                     input_multiplier_mult_gen_v12_0_14 |          0 |          0 |       0 |    0 |     0 |      0 |      0 |            1 |
|           (U0)                                                                                                              |                                     input_multiplier_mult_gen_v12_0_14 |          0 |          0 |       0 |    0 |     0 |      0 |      0 |            0 |
|           i_mult                                                                                                            |                                 input_multiplier_mult_gen_v12_0_14_viv |          0 |          0 |       0 |    0 |     0 |      0 |      0 |            1 |
|             (i_mult)                                                                                                        |                                 input_multiplier_mult_gen_v12_0_14_viv |          0 |          0 |       0 |    0 |     0 |      0 |      0 |            0 |
|             gDSP.gDSP_only.iDSP                                                                                             |                                                   input_multiplier_dsp |          0 |          0 |       0 |    0 |     0 |      0 |      0 |            1 |
|       input_multiplier_Q                                                                                                    |                                                 input_multiplier_HD408 |          0 |          0 |       0 |    0 |     0 |      0 |      0 |            1 |
|         (input_multiplier_Q)                                                                                                |                                                 input_multiplier_HD408 |          0 |          0 |       0 |    0 |     0 |      0 |      0 |            0 |
|         U0                                                                                                                  |                               input_multiplier_mult_gen_v12_0_14_HD409 |          0 |          0 |       0 |    0 |     0 |      0 |      0 |            1 |
|           (U0)                                                                                                              |                               input_multiplier_mult_gen_v12_0_14_HD409 |          0 |          0 |       0 |    0 |     0 |      0 |      0 |            0 |
|           i_mult                                                                                                            |                           input_multiplier_mult_gen_v12_0_14_viv_HD410 |          0 |          0 |       0 |    0 |     0 |      0 |      0 |            1 |
|             (i_mult)                                                                                                        |                           input_multiplier_mult_gen_v12_0_14_viv_HD410 |          0 |          0 |       0 |    0 |     0 |      0 |      0 |            0 |
|             gDSP.gDSP_only.iDSP                                                                                             |                                             input_multiplier_dsp_HD411 |          0 |          0 |       0 |    0 |     0 |      0 |      0 |            1 |
|     PLL0_loop_filters                                                                                                       |                                       PLL_loop_filters_with_saturation |        599 |        548 |       0 |   51 |  1052 |      0 |      0 |           15 |
|       (PLL0_loop_filters)                                                                                                   |                                       PLL_loop_filters_with_saturation |        113 |        113 |       0 |    0 |   174 |      0 |      0 |            0 |
|       IIR_LPF_inst                                                                                                          |                                                                IIR_LPF |         46 |         46 |       0 |    0 |    14 |      0 |      0 |            1 |
|       d_saturation_inst                                                                                                     |                                 resize_with_saturation__parameterized2 |        125 |        125 |       0 |    0 |    32 |      0 |      0 |            0 |
|       i_saturation_inst                                                                                                     |                                 resize_with_saturation__parameterized0 |         44 |         44 |       0 |    0 |    32 |      0 |      0 |            0 |
|       ii_saturation_inst                                                                                                    |                                 resize_with_saturation__parameterized1 |          3 |          3 |       0 |    0 |    32 |      0 |      0 |            0 |
|       integrator_with_saturation_inst2                                                                                      |                                             integrator_with_saturation |        111 |        111 |       0 |    0 |    51 |      0 |      0 |            0 |
|       out_saturation_inst                                                                                                   |                                 resize_with_saturation__parameterized3 |         53 |         53 |       0 |    0 |    34 |      0 |      0 |            0 |
|       p_saturation_inst                                                                                                     |                                                 resize_with_saturation |         26 |         26 |       0 |    0 |    32 |      0 |      0 |            0 |
|       pll_32x32_mult_i_inst                                                                                                 |                                                      pll_32x32_mult_ii |         26 |          9 |       0 |   17 |   196 |      0 |      0 |            4 |
|         (pll_32x32_mult_i_inst)                                                                                             |                                                      pll_32x32_mult_ii |          0 |          0 |       0 |    0 |     0 |      0 |      0 |            0 |
|         U0                                                                                                                  |                                    pll_32x32_mult_ii_mult_gen_v12_0_14 |         26 |          9 |       0 |   17 |   196 |      0 |      0 |            4 |
|           (U0)                                                                                                              |                                    pll_32x32_mult_ii_mult_gen_v12_0_14 |          0 |          0 |       0 |    0 |     0 |      0 |      0 |            0 |
|           i_mult                                                                                                            |                                pll_32x32_mult_ii_mult_gen_v12_0_14_viv |         26 |          9 |       0 |   17 |   196 |      0 |      0 |            4 |
|             (i_mult)                                                                                                        |                                pll_32x32_mult_ii_mult_gen_v12_0_14_viv |          0 |          0 |       0 |    0 |     0 |      0 |      0 |            0 |
|             gDSP.gDSP_only.iDSP                                                                                             |                                                  pll_32x32_mult_ii_dsp |         26 |          9 |       0 |   17 |   196 |      0 |      0 |            4 |
|               (gDSP.gDSP_only.iDSP)                                                                                         |                                                  pll_32x32_mult_ii_dsp |          9 |          9 |       0 |    0 |     4 |      0 |      0 |            4 |
|               use_prim.appDSP48[0].bppDSP48[0].need_output_delay.output_delay                                               |                           pll_32x32_mult_ii_delay_line__parameterized4 |         17 |          0 |       0 |   17 |    34 |      0 |      0 |            0 |
|               use_prim.appDSP48[1].bppDSP48[0].need_output_delay.output_delay                                               |                           pll_32x32_mult_ii_delay_line__parameterized6 |          0 |          0 |       0 |    0 |    51 |      0 |      0 |            0 |
|               use_prim.appDSP48[1].bppDSP48[1].need_output_delay.output_delay                                               |                           pll_32x32_mult_ii_delay_line__parameterized7 |          0 |          0 |       0 |    0 |    60 |      0 |      0 |            0 |
|               use_prim.iBdelx[1].iBdely[0].need_delay_line.Bdelay                                                           |                           pll_32x32_mult_ii_delay_line__parameterized1 |          0 |          0 |       0 |    0 |    17 |      0 |      0 |            0 |
|               use_prim.iBdelx[1].iBdely[1].need_delay_line.Bdelay                                                           |                           pll_32x32_mult_ii_delay_line__parameterized2 |          0 |          0 |       0 |    0 |    30 |      0 |      0 |            0 |
|       pll_32x32_mult_ii_inst                                                                                                |                                                pll_32x32_mult_ii_HD471 |         26 |          9 |       0 |   17 |   196 |      0 |      0 |            4 |
|         (pll_32x32_mult_ii_inst)                                                                                            |                                                pll_32x32_mult_ii_HD471 |          0 |          0 |       0 |    0 |     0 |      0 |      0 |            0 |
|         U0                                                                                                                  |                              pll_32x32_mult_ii_mult_gen_v12_0_14_HD472 |         26 |          9 |       0 |   17 |   196 |      0 |      0 |            4 |
|           (U0)                                                                                                              |                              pll_32x32_mult_ii_mult_gen_v12_0_14_HD472 |          0 |          0 |       0 |    0 |     0 |      0 |      0 |            0 |
|           i_mult                                                                                                            |                          pll_32x32_mult_ii_mult_gen_v12_0_14_viv_HD473 |         26 |          9 |       0 |   17 |   196 |      0 |      0 |            4 |
|             (i_mult)                                                                                                        |                          pll_32x32_mult_ii_mult_gen_v12_0_14_viv_HD473 |          0 |          0 |       0 |    0 |     0 |      0 |      0 |            0 |
|             gDSP.gDSP_only.iDSP                                                                                             |                                            pll_32x32_mult_ii_dsp_HD474 |         26 |          9 |       0 |   17 |   196 |      0 |      0 |            4 |
|               (gDSP.gDSP_only.iDSP)                                                                                         |                                            pll_32x32_mult_ii_dsp_HD474 |          9 |          9 |       0 |    0 |     4 |      0 |      0 |            4 |
|               use_prim.appDSP48[0].bppDSP48[0].need_output_delay.output_delay                                               |                     pll_32x32_mult_ii_delay_line__parameterized4_HD475 |         17 |          0 |       0 |   17 |    34 |      0 |      0 |            0 |
|               use_prim.appDSP48[1].bppDSP48[0].need_output_delay.output_delay                                               |                     pll_32x32_mult_ii_delay_line__parameterized6_HD476 |          0 |          0 |       0 |    0 |    51 |      0 |      0 |            0 |
|               use_prim.appDSP48[1].bppDSP48[1].need_output_delay.output_delay                                               |                     pll_32x32_mult_ii_delay_line__parameterized7_HD477 |          0 |          0 |       0 |    0 |    60 |      0 |      0 |            0 |
|               use_prim.iBdelx[1].iBdely[0].need_delay_line.Bdelay                                                           |                     pll_32x32_mult_ii_delay_line__parameterized1_HD478 |          0 |          0 |       0 |    0 |    17 |      0 |      0 |            0 |
|               use_prim.iBdelx[1].iBdely[1].need_delay_line.Bdelay                                                           |                     pll_32x32_mult_ii_delay_line__parameterized2_HD479 |          0 |          0 |       0 |    0 |    30 |      0 |      0 |            0 |
|       pll_wide_mult_d                                                                                                       |                                                pll_32x32_mult_ii_HD480 |         26 |          9 |       0 |   17 |   196 |      0 |      0 |            4 |
|         (pll_wide_mult_d)                                                                                                   |                                                pll_32x32_mult_ii_HD480 |          0 |          0 |       0 |    0 |     0 |      0 |      0 |            0 |
|         U0                                                                                                                  |                              pll_32x32_mult_ii_mult_gen_v12_0_14_HD481 |         26 |          9 |       0 |   17 |   196 |      0 |      0 |            4 |
|           (U0)                                                                                                              |                              pll_32x32_mult_ii_mult_gen_v12_0_14_HD481 |          0 |          0 |       0 |    0 |     0 |      0 |      0 |            0 |
|           i_mult                                                                                                            |                          pll_32x32_mult_ii_mult_gen_v12_0_14_viv_HD482 |         26 |          9 |       0 |   17 |   196 |      0 |      0 |            4 |
|             (i_mult)                                                                                                        |                          pll_32x32_mult_ii_mult_gen_v12_0_14_viv_HD482 |          0 |          0 |       0 |    0 |     0 |      0 |      0 |            0 |
|             gDSP.gDSP_only.iDSP                                                                                             |                                            pll_32x32_mult_ii_dsp_HD483 |         26 |          9 |       0 |   17 |   196 |      0 |      0 |            4 |
|               (gDSP.gDSP_only.iDSP)                                                                                         |                                            pll_32x32_mult_ii_dsp_HD483 |          9 |          9 |       0 |    0 |     4 |      0 |      0 |            4 |
|               use_prim.appDSP48[0].bppDSP48[0].need_output_delay.output_delay                                               |                     pll_32x32_mult_ii_delay_line__parameterized4_HD484 |         17 |          0 |       0 |   17 |    34 |      0 |      0 |            0 |
|               use_prim.appDSP48[1].bppDSP48[0].need_output_delay.output_delay                                               |                     pll_32x32_mult_ii_delay_line__parameterized6_HD485 |          0 |          0 |       0 |    0 |    51 |      0 |      0 |            0 |
|               use_prim.appDSP48[1].bppDSP48[1].need_output_delay.output_delay                                               |                     pll_32x32_mult_ii_delay_line__parameterized7_HD486 |          0 |          0 |       0 |    0 |    60 |      0 |      0 |            0 |
|               use_prim.iBdelx[1].iBdely[0].need_delay_line.Bdelay                                                           |                     pll_32x32_mult_ii_delay_line__parameterized1_HD487 |          0 |          0 |       0 |    0 |    17 |      0 |      0 |            0 |
|               use_prim.iBdelx[1].iBdely[1].need_delay_line.Bdelay                                                           |                     pll_32x32_mult_ii_delay_line__parameterized2_HD488 |          0 |          0 |       0 |    0 |    30 |      0 |      0 |            0 |
|       pll_wide_mult_p                                                                                                       |                                                          pll_wide_mult |          0 |          0 |       0 |    0 |    63 |      0 |      0 |            2 |
|         (pll_wide_mult_p)                                                                                                   |                                                          pll_wide_mult |          0 |          0 |       0 |    0 |     0 |      0 |      0 |            0 |
|         U0                                                                                                                  |                                                      mult_gen_v12_0_14 |          0 |          0 |       0 |    0 |    63 |      0 |      0 |            2 |
|           (U0)                                                                                                              |                                                      mult_gen_v12_0_14 |          0 |          0 |       0 |    0 |     0 |      0 |      0 |            0 |
|           i_mult                                                                                                            |                                                  mult_gen_v12_0_14_viv |          0 |          0 |       0 |    0 |    63 |      0 |      0 |            2 |
|             (i_mult)                                                                                                        |                                                  mult_gen_v12_0_14_viv |          0 |          0 |       0 |    0 |     0 |      0 |      0 |            0 |
|             gDSP.gDSP_only.iDSP                                                                                             |                                                                    dsp |          0 |          0 |       0 |    0 |    63 |      0 |      0 |            2 |
|               (gDSP.gDSP_only.iDSP)                                                                                         |                                                                    dsp |          0 |          0 |       0 |    0 |     0 |      0 |      0 |            2 |
|               use_prim.appDSP48[0].bppDSP48[0].need_output_delay.output_delay                                               |                                             delay_line__parameterized3 |          0 |          0 |       0 |    0 |    34 |      0 |      0 |            0 |
|               use_prim.appDSP48[0].bppDSP48[1].need_output_delay.output_delay                                               |                                             delay_line__parameterized4 |          0 |          0 |       0 |    0 |    29 |      0 |      0 |            0 |
|     Status_Delay_Show_freq                                                                                                  |                                                      Status_Delay_Show |          4 |          4 |       0 |    0 |    27 |      0 |      0 |            0 |
|     Status_Delay_Show_lock                                                                                                  |                                                    Status_Delay_Show_8 |          4 |          4 |       0 |    0 |    27 |      0 |      0 |            0 |
|     Status_Delay_Show_neg_rail                                                                                              |                                                    Status_Delay_Show_9 |          4 |          4 |       0 |    0 |    27 |      0 |      0 |            0 |
|     Status_Delay_Show_phase                                                                                                 |                                                   Status_Delay_Show_10 |          4 |          4 |       0 |    0 |    27 |      0 |      0 |            0 |
|     Status_Delay_Show_pos_rail                                                                                              |                                                   Status_Delay_Show_11 |          4 |          4 |       0 |    0 |    27 |      0 |      0 |            0 |
|     output_summing_dac0                                                                                                     |                                                         output_summing |         83 |         83 |       0 |    0 |    67 |      0 |      0 |            0 |
|     parallel_bus_register_32_bits_or_less_freq_c0                                                                           |                  parallel_bus_register_32bits_or_less__parameterized36 |          2 |          2 |       0 |    0 |    32 |      0 |      0 |            0 |
|     parallel_bus_register_freq_meter_trig                                                                                   |                  parallel_bus_register_32bits_or_less__parameterized49 |          1 |          1 |       0 |    0 |     1 |      0 |      0 |            0 |
|     parallel_bus_register_freq_residuals0_threshold                                                                         |                  parallel_bus_register_32bits_or_less__parameterized46 |          0 |          0 |       0 |    0 |    10 |      0 |      0 |            0 |
|     parallel_bus_register_gate_clockH                                                                                       |                  parallel_bus_register_32bits_or_less__parameterized48 |         23 |         23 |       0 |    0 |    16 |      0 |      0 |            0 |
|     parallel_bus_register_gate_clockL                                                                                       |                  parallel_bus_register_32bits_or_less__parameterized47 |         32 |         32 |       0 |    0 |    32 |      0 |      0 |            0 |
|     parallel_bus_register_manual_offset_dac0                                                                                |               parallel_bus_register_32bits_or_less__parameterized12_12 |          0 |          0 |       0 |    0 |    32 |      0 |      0 |            0 |
|     parallel_bus_register_negative_limit_dac0                                                                               |                  parallel_bus_register_32bits_or_less__parameterized43 |         17 |         17 |       0 |    0 |    32 |      0 |      0 |            0 |
|     parallel_bus_register_ok_reset                                                                                          |                  parallel_bus_register_32bits_or_less__parameterized35 |          2 |          2 |       0 |    0 |     1 |      0 |      0 |            0 |
|     parallel_bus_register_phase_residuals0_offset                                                                           |                  parallel_bus_register_32bits_or_less__parameterized45 |         32 |         32 |       0 |    0 |    32 |      0 |      0 |            0 |
|     parallel_bus_register_phase_residuals0_threshold                                                                        |                  parallel_bus_register_32bits_or_less__parameterized44 |          0 |          0 |       0 |    0 |    32 |      0 |      0 |            0 |
|     parallel_bus_register_pll0_coefdfilter                                                                                  |                  parallel_bus_register_32bits_or_less__parameterized41 |          0 |          0 |       0 |    0 |    19 |      0 |      0 |            0 |
|     parallel_bus_register_pll0_gaind                                                                                        |                  parallel_bus_register_32bits_or_less__parameterized40 |          2 |          2 |       0 |    0 |    33 |      0 |      0 |            0 |
|     parallel_bus_register_pll0_gaini                                                                                        |                  parallel_bus_register_32bits_or_less__parameterized38 |         32 |         32 |       0 |    0 |    33 |      0 |      0 |            0 |
|     parallel_bus_register_pll0_gainii                                                                                       |                  parallel_bus_register_32bits_or_less__parameterized39 |          0 |          0 |       0 |    0 |    33 |      0 |      0 |            0 |
|     parallel_bus_register_pll0_gainp                                                                                        |                  parallel_bus_register_32bits_or_less__parameterized37 |          0 |          0 |       0 |    0 |    33 |      0 |      0 |            0 |
|     parallel_bus_register_pll0_settings                                                                                     |                parallel_bus_register_32bits_or_less__parameterized2_13 |          0 |          0 |       0 |    0 |     1 |      0 |      0 |            0 |
|     parallel_bus_register_positive_limit_dac0                                                                               |                  parallel_bus_register_32bits_or_less__parameterized42 |         33 |         33 |       0 |    0 |    32 |      0 |      0 |            0 |
|     residuals_monitor_inst0                                                                                                 |                                          residuals_monitor_with_offset |         84 |         84 |       0 |    0 |    67 |      0 |      0 |            0 |
|     residuals_monitor_inst0_freq                                                                                            |                                                      residuals_monitor |          9 |          9 |       0 |    0 |    16 |      0 |      0 |            0 |
|   dpll_wrapper_inst                                                                                                         |                                                           dpll_wrapper |       5374 |       5061 |       0 |  313 |  7978 |     14 |      3 |           25 |
|     (dpll_wrapper_inst)                                                                                                     |                                                           dpll_wrapper |         15 |         15 |       0 |    0 |    62 |      0 |      0 |            0 |
|     PLL_VCO_MUL_DIV_inst                                                                                                    |                                                        PLL_VCO_MUL_DIV |        767 |        599 |       0 |  168 |  1868 |      0 |      1 |           15 |
|       (PLL_VCO_MUL_DIV_inst)                                                                                                |                                                        PLL_VCO_MUL_DIV |         22 |         22 |       0 |    0 |   413 |      0 |      0 |            0 |
|       VCO0_Divider                                                                                                          |                                                            div_gen_pll |        712 |        577 |       0 |  135 |  1391 |      0 |      1 |           12 |
|         (VCO0_Divider)                                                                                                      |                                                            div_gen_pll |          0 |          0 |       0 |    0 |     0 |      0 |      0 |            0 |
|         U0                                                                                                                  |                                            div_gen_pll_div_gen_v5_1_14 |        712 |        577 |       0 |  135 |  1391 |      0 |      1 |           12 |
|           (U0)                                                                                                              |                                            div_gen_pll_div_gen_v5_1_14 |          0 |          0 |       0 |    0 |     0 |      0 |      0 |            0 |
|           i_synth                                                                                                           |                                        div_gen_pll_div_gen_v5_1_14_viv |        712 |        577 |       0 |  135 |  1391 |      0 |      1 |           12 |
|             (i_synth)                                                                                                       |                                        div_gen_pll_div_gen_v5_1_14_viv |          0 |          0 |       0 |    0 |     0 |      0 |      0 |            0 |
|             i_nd_to_rdy                                                                                                     |                                       div_gen_pll_xbip_pipe_v3_0_5_viv |          1 |          0 |       0 |    1 |     2 |      0 |      0 |            0 |
|             i_nonzero_fract.i_synth                                                                                         |                                              div_gen_pll_div_gen_synth |        711 |        577 |       0 |  134 |  1389 |      0 |      1 |           12 |
|               opt_high_radix.i_nonzero_fract.i_high_radix                                                                   |                                                  div_gen_pll_hrdiv_viv |        711 |        577 |       0 |  134 |  1389 |      0 |      1 |           12 |
|                 (opt_high_radix.i_nonzero_fract.i_high_radix)                                                               |                                                  div_gen_pll_hrdiv_viv |          1 |          0 |       0 |    1 |     1 |      0 |      0 |            0 |
|                 i_denom_est_bypass                                                                                          |                      div_gen_pll_xbip_pipe_v3_0_5_viv__parameterized42 |         11 |          0 |       0 |   11 |    21 |      0 |      0 |            0 |
|                 i_estimator                                                                                                 |                                                  div_gen_pll_estimator |          1 |          1 |       0 |    0 |    28 |      0 |      1 |            1 |
|                   i_coarse_est                                                                                              |                      div_gen_pll_xbip_pipe_v3_0_5_viv__parameterized40 |          0 |          0 |       0 |    0 |    22 |      0 |      0 |            0 |
|                   i_lut                                                                                                     |                                    div_gen_pll_xbip_bram18k_v3_0_5_viv |          0 |          0 |       0 |    0 |     0 |      0 |      1 |            0 |
|                     i_synth_opt.i_synth                                                                                     |                                         div_gen_pll_xbip_bram18k_synth |          0 |          0 |       0 |    0 |     0 |      0 |      1 |            0 |
|                   i_multadd                                                                                                 |                              div_gen_pll_xbip_dsp48_multadd_v3_0_5_viv |          1 |          1 |       0 |    0 |     0 |      0 |      0 |            1 |
|                     i_synth_option.i_synth_model                                                                            |                                   div_gen_pll_xbip_dsp48_multadd_synth |          1 |          1 |       0 |    0 |     0 |      0 |      0 |            1 |
|                       opt_vx7.i_uniwrap                                                                                     |                                  div_gen_pll_xbip_dsp48e1_wrapper_v3_0 |          1 |          1 |       0 |    0 |     0 |      0 |      0 |            1 |
|                   i_x_bypass                                                                                                |                      div_gen_pll_xbip_pipe_v3_0_5_viv__parameterized38 |          0 |          0 |       0 |    0 |     6 |      0 |      0 |            0 |
|                 i_fix_prenorm.i_prenormalizer                                                                               |                                              div_gen_pll_prenormalizer |        268 |        268 |       0 |    0 |   291 |      0 |      0 |            0 |
|                   (i_fix_prenorm.i_prenormalizer)                                                                           |                                              div_gen_pll_prenormalizer |        222 |        222 |       0 |    0 |     0 |      0 |      0 |            0 |
|                   i_layer[2].i_shift_ctrl                                                                                   |                   div_gen_pll_xbip_pipe_v3_0_5_viv__parameterized56_43 |          0 |          0 |       0 |    0 |     6 |      0 |      0 |            0 |
|                   i_layer[2].i_shift_data                                                                                   |                      div_gen_pll_xbip_pipe_v3_0_5_viv__parameterized54 |          0 |          0 |       0 |    0 |    67 |      0 |      0 |            0 |
|                   i_layer[4].i_shift_ctrl                                                                                   |                   div_gen_pll_xbip_pipe_v3_0_5_viv__parameterized56_44 |          0 |          0 |       0 |    0 |     6 |      0 |      0 |            0 |
|                   i_layer[4].i_shift_data                                                                                   |                      div_gen_pll_xbip_pipe_v3_0_5_viv__parameterized60 |          0 |          0 |       0 |    0 |    79 |      0 |      0 |            0 |
|                   i_layer[6].i_shift_ctrl                                                                                   |                   div_gen_pll_xbip_pipe_v3_0_5_viv__parameterized56_45 |          0 |          0 |       0 |    0 |     6 |      0 |      0 |            0 |
|                   i_layer[6].i_shift_data                                                                                   |                      div_gen_pll_xbip_pipe_v3_0_5_viv__parameterized64 |         46 |         46 |       0 |    0 |   127 |      0 |      0 |            0 |
|                 i_fixed.i_div_by_zero_del                                                                                   |                      div_gen_pll_xbip_pipe_v3_0_5_viv__parameterized34 |          0 |          0 |       0 |    0 |     1 |      0 |      0 |            0 |
|                 i_fixed.i_fix_to_flt                                                                                        |                                             div_gen_pll_fixed_to_float |         61 |         61 |       0 |    0 |    45 |      0 |      0 |            0 |
|                   (i_fixed.i_fix_to_flt)                                                                                    |                                             div_gen_pll_fixed_to_float |          2 |          2 |       0 |    0 |     0 |      0 |      0 |            0 |
|                   i_fpo                                                                                                     |                                 div_gen_pll_floating_point_v7_0_15_viv |         59 |         59 |       0 |    0 |    45 |      0 |      0 |            0 |
|                     (i_fpo)                                                                                                 |                                 div_gen_pll_floating_point_v7_0_15_viv |          0 |          0 |       0 |    0 |     0 |      0 |      0 |            0 |
|                     FIX_TO_FLT_OP.SPD.OP                                                                                    |                                            div_gen_pll_fix_to_flt_conv |         59 |         59 |       0 |    0 |    44 |      0 |      0 |            0 |
|                       (FIX_TO_FLT_OP.SPD.OP)                                                                                |                                            div_gen_pll_fix_to_flt_conv |         15 |         15 |       0 |    0 |     0 |      0 |      0 |            0 |
|                       EXP                                                                                                   |                                        div_gen_pll_fix_to_flt_conv_exp |          3 |          3 |       0 |    0 |     1 |      0 |      0 |            0 |
|                         (EXP)                                                                                               |                                        div_gen_pll_fix_to_flt_conv_exp |          3 |          3 |       0 |    0 |     0 |      0 |      0 |            0 |
|                         IP_SIGN_DELAY                                                                                       |                                     div_gen_pll_delay__parameterized15 |          0 |          0 |       0 |    0 |     1 |      0 |      0 |            0 |
|                           i_pipe                                                                                            |                    div_gen_pll_xbip_pipe_v3_0_5_viv__parameterized6_42 |          0 |          0 |       0 |    0 |     1 |      0 |      0 |            0 |
|                       LZE                                                                                                   |                                           div_gen_pll_lead_zero_encode |          5 |          5 |       0 |    0 |     6 |      0 |      0 |            0 |
|                         A_Z_DET                                                                                             |                                      div_gen_pll_delay__parameterized2 |          0 |          0 |       0 |    0 |     1 |      0 |      0 |            0 |
|                           i_pipe                                                                                            |                       div_gen_pll_xbip_pipe_v3_0_5_viv__parameterized6 |          0 |          0 |       0 |    0 |     1 |      0 |      0 |            0 |
|                         ENCODE[0].DIST_DEL                                                                                  |                                      div_gen_pll_delay__parameterized5 |          2 |          2 |       0 |    0 |     2 |      0 |      0 |            0 |
|                           i_pipe                                                                                            |                      div_gen_pll_xbip_pipe_v3_0_5_viv__parameterized12 |          2 |          2 |       0 |    0 |     2 |      0 |      0 |            0 |
|                         ENCODE[0].MUX_0                                                                                     |                                                       div_gen_pll_mux4 |          0 |          0 |       0 |    0 |     2 |      0 |      0 |            0 |
|                           OP_DEL                                                                                            |                                      div_gen_pll_delay__parameterized3 |          0 |          0 |       0 |    0 |     2 |      0 |      0 |            0 |
|                             i_pipe                                                                                          |                       div_gen_pll_xbip_pipe_v3_0_5_viv__parameterized8 |          0 |          0 |       0 |    0 |     2 |      0 |      0 |            0 |
|                         ENCODE[0].MUX_Z                                                                                     |                                       div_gen_pll_mux4__parameterized0 |          0 |          0 |       0 |    0 |     1 |      0 |      0 |            0 |
|                           OP_DEL                                                                                            |                                      div_gen_pll_delay__parameterized4 |          0 |          0 |       0 |    0 |     1 |      0 |      0 |            0 |
|                             i_pipe                                                                                          |                   div_gen_pll_xbip_pipe_v3_0_5_viv__parameterized10_41 |          0 |          0 |       0 |    0 |     1 |      0 |      0 |            0 |
|                         ZERO_DET_CC_1                                                                                       |                                div_gen_pll_carry_chain__parameterized0 |          2 |          2 |       0 |    0 |     0 |      0 |      0 |            0 |
|                         ZERO_DET_CC_2.CC                                                                                    |                             div_gen_pll_carry_chain__parameterized0_40 |          1 |          1 |       0 |    0 |     0 |      0 |      0 |            0 |
|                       M_ABS                                                                                                 |                                                div_gen_pll_carry_chain |         21 |         21 |       0 |    0 |     0 |      0 |      0 |            0 |
|                       NORM_SHIFT                                                                                            |                                            div_gen_pll_shift_msb_first |         15 |         15 |       0 |    0 |    15 |      0 |      0 |            0 |
|                         (NORM_SHIFT)                                                                                        |                                            div_gen_pll_shift_msb_first |         15 |         15 |       0 |    0 |     0 |      0 |      0 |            0 |
|                         MUX_LOOP[0].DEL_SHIFT                                                                               |                                      div_gen_pll_delay__parameterized7 |          0 |          0 |       0 |    0 |    15 |      0 |      0 |            0 |
|                           i_pipe                                                                                            |                      div_gen_pll_xbip_pipe_v3_0_5_viv__parameterized16 |          0 |          0 |       0 |    0 |    15 |      0 |      0 |            0 |
|                       OP                                                                                                    |                                                 div_gen_pll_flt_dec_op |          0 |          0 |       0 |    0 |    22 |      0 |      0 |            0 |
|                       ROUND                                                                                                 |                                     div_gen_pll_renorm_and_round_logic |          0 |          0 |       0 |    0 |     0 |      0 |      0 |            0 |
|                         LOGIC.RND1                                                                                          |                                div_gen_pll_carry_chain__parameterized2 |          0 |          0 |       0 |    0 |     0 |      0 |      0 |            0 |
|                         LOGIC.RND2                                                                                          |                                div_gen_pll_carry_chain__parameterized3 |          0 |          0 |       0 |    0 |     0 |      0 |      0 |            0 |
|                         RND_BIT_GEN                                                                                         |                                              div_gen_pll_flt_round_bit |          0 |          0 |       0 |    0 |     0 |      0 |      0 |            0 |
|                           NORM_1_OR_0.STRUCT_REQ.GENERAL.RND1                                                               |                                div_gen_pll_carry_chain__parameterized1 |          0 |          0 |       0 |    0 |     0 |      0 |      0 |            0 |
|                     i_nd_to_rdy                                                                                             |                       div_gen_pll_xbip_pipe_v3_0_5_viv__parameterized0 |          0 |          0 |       0 |    0 |     1 |      0 |      0 |            0 |
|                 i_fixed.i_negate_del                                                                                        |                      div_gen_pll_xbip_pipe_v3_0_5_viv__parameterized32 |          2 |          1 |       0 |    1 |     2 |      0 |      0 |            0 |
|                 i_flow_ctrl                                                                                                 |                                                  div_gen_pll_flow_ctrl |          7 |          2 |       0 |    5 |     5 |      0 |      0 |            0 |
|                 i_iterative_unit                                                                                            |                                             div_gen_pll_iterative_unit |        185 |         70 |       0 |  115 |   571 |      0 |      0 |            8 |
|                   (i_iterative_unit)                                                                                        |                                             div_gen_pll_iterative_unit |         65 |         65 |       0 |    0 |     0 |      0 |      0 |            0 |
|                   i_est_reg                                                                                                 |                      div_gen_pll_xbip_pipe_v3_0_5_viv__parameterized81 |          0 |          0 |       0 |    0 |    30 |      0 |      0 |            0 |
|                   i_extra_digits.i_add                                                                                      |                               div_gen_pll_xbip_dsp48_addsub_v3_0_5_viv |          0 |          0 |       0 |    0 |     0 |      0 |      0 |            1 |
|                     i_synth_option.i_synth_model                                                                            |                                 div_gen_pll_xbip_dsp48_addsub_synth_38 |          0 |          0 |       0 |    0 |     0 |      0 |      0 |            1 |
|                       opt_vx7.i_uniwrap                                                                                     |               div_gen_pll_xbip_dsp48e1_wrapper_v3_0__parameterized1_39 |          0 |          0 |       0 |    0 |     0 |      0 |      0 |            1 |
|                   i_extra_digits.i_est_carousel                                                                             |                      div_gen_pll_xbip_pipe_v3_0_5_viv__parameterized74 |         19 |          0 |       0 |   19 |    19 |      0 |      0 |            0 |
|                   i_extra_digits.i_est_reg                                                                                  |                      div_gen_pll_xbip_pipe_v3_0_5_viv__parameterized72 |          0 |          0 |       0 |    0 |    19 |      0 |      0 |            0 |
|                   i_extra_digits.i_extra_digit_carrysave_carousel                                                           |                      div_gen_pll_xbip_pipe_v3_0_5_viv__parameterized76 |          0 |          0 |       0 |    0 |    18 |      0 |      0 |            0 |
|                   i_extra_digits.i_extra_digit_subtract_del                                                                 |                    div_gen_pll_xbip_pipe_v3_0_5_viv__parameterized10_3 |          0 |          0 |       0 |    0 |     1 |      0 |      0 |            0 |
|                   i_extra_digits.i_extra_digits[1].lower_digits.i_extra_digit_carousel                                      |                      div_gen_pll_xbip_pipe_v3_0_5_viv__parameterized70 |         14 |          0 |       0 |   14 |    28 |      0 |      0 |            0 |
|                   i_extra_digits.i_extra_digits[2].lower_digits.i_extra_digit_carousel                                      |                    div_gen_pll_xbip_pipe_v3_0_5_viv__parameterized70_4 |         14 |          0 |       0 |   14 |    28 |      0 |      0 |            0 |
|                   i_extra_digits.i_extra_digits[3].lower_digits.i_extra_digit_carousel                                      |                    div_gen_pll_xbip_pipe_v3_0_5_viv__parameterized70_5 |         14 |          0 |       0 |   14 |    28 |      0 |      0 |            0 |
|                   i_extra_digits.i_extra_digits[4].top_digit.i_extra_digit_reg                                              |                      div_gen_pll_xbip_pipe_v3_0_5_viv__parameterized68 |          0 |          0 |       0 |    0 |    16 |      0 |      0 |            0 |
|                   i_extra_digits.i_extra_pp_digit.i_extra_pp_digit_reg                                                      |                    div_gen_pll_xbip_pipe_v3_0_5_viv__parameterized68_6 |          1 |          1 |       0 |    0 |    16 |      0 |      0 |            0 |
|                   i_extra_digits.i_multadd                                                                                  |              div_gen_pll_xbip_dsp48_multadd_v3_0_5_viv__parameterized1 |          0 |          0 |       0 |    0 |     0 |      0 |      0 |            1 |
|                     i_synth_option.i_synth_model                                                                            |                div_gen_pll_xbip_dsp48_multadd_synth__parameterized1_36 |          0 |          0 |       0 |    0 |     0 |      0 |      0 |            1 |
|                       opt_vx7.i_uniwrap                                                                                     |               div_gen_pll_xbip_dsp48e1_wrapper_v3_0__parameterized2_37 |          0 |          0 |       0 |    0 |     0 |      0 |      0 |            1 |
|                   i_nd_del                                                                                                  |                      div_gen_pll_xbip_pipe_v3_0_5_viv__parameterized83 |          1 |          1 |       0 |    0 |     3 |      0 |      0 |            0 |
|                   i_nd_pipe                                                                                                 |                      div_gen_pll_xbip_pipe_v3_0_5_viv__parameterized66 |          6 |          0 |       0 |    6 |     6 |      0 |      0 |            0 |
|                   i_nd_pipe2                                                                                                |                      div_gen_pll_xbip_pipe_v3_0_5_viv__parameterized56 |          2 |          2 |       0 |    0 |     6 |      0 |      0 |            0 |
|                   i_splice[0].i_add                                                                                         |                             div_gen_pll_xbip_dsp48_addsub_v3_0_5_viv_7 |          0 |          0 |       0 |    0 |     0 |      0 |      0 |            1 |
|                     i_synth_option.i_synth_model                                                                            |                                 div_gen_pll_xbip_dsp48_addsub_synth_34 |          0 |          0 |       0 |    0 |     0 |      0 |      0 |            1 |
|                       opt_vx7.i_uniwrap                                                                                     |               div_gen_pll_xbip_dsp48e1_wrapper_v3_0__parameterized1_35 |          0 |          0 |       0 |    0 |     0 |      0 |      0 |            1 |
|                   i_splice[0].i_carrysave_del                                                                               |                    div_gen_pll_xbip_pipe_v3_0_5_viv__parameterized72_8 |          0 |          0 |       0 |    0 |    19 |      0 |      0 |            0 |
|                   i_splice[0].i_denom_pipe                                                                                  |                      div_gen_pll_xbip_pipe_v3_0_5_viv__parameterized85 |         16 |          0 |       0 |   16 |    16 |      0 |      0 |            0 |
|                   i_splice[0].i_denom_reg                                                                                   |                    div_gen_pll_xbip_pipe_v3_0_5_viv__parameterized68_9 |          0 |          0 |       0 |    0 |    16 |      0 |      0 |            0 |
|                   i_splice[0].i_denommux_reg                                                                                |                   div_gen_pll_xbip_pipe_v3_0_5_viv__parameterized76_10 |          0 |          0 |       0 |    0 |    18 |      0 |      0 |            0 |
|                   i_splice[0].i_mult                                                                                        |           div_gen_pll_xbip_dsp48_multadd_v3_0_5_viv__parameterized1_11 |          0 |          0 |       0 |    0 |     0 |      0 |      0 |            1 |
|                     i_synth_option.i_synth_model                                                                            |                div_gen_pll_xbip_dsp48_multadd_synth__parameterized1_32 |          0 |          0 |       0 |    0 |     0 |      0 |      0 |            1 |
|                       opt_vx7.i_uniwrap                                                                                     |               div_gen_pll_xbip_dsp48e1_wrapper_v3_0__parameterized2_33 |          0 |          0 |       0 |    0 |     0 |      0 |      0 |            1 |
|                   i_splice[0].i_residue_reg                                                                                 |                   div_gen_pll_xbip_pipe_v3_0_5_viv__parameterized87_12 |          0 |          0 |       0 |    0 |    48 |      0 |      0 |            0 |
|                   i_splice[1].i_add                                                                                         |                            div_gen_pll_xbip_dsp48_addsub_v3_0_5_viv_13 |          0 |          0 |       0 |    0 |     0 |      0 |      0 |            1 |
|                     i_synth_option.i_synth_model                                                                            |                                 div_gen_pll_xbip_dsp48_addsub_synth_30 |          0 |          0 |       0 |    0 |     0 |      0 |      0 |            1 |
|                       opt_vx7.i_uniwrap                                                                                     |               div_gen_pll_xbip_dsp48e1_wrapper_v3_0__parameterized1_31 |          0 |          0 |       0 |    0 |     0 |      0 |      0 |            1 |
|                   i_splice[1].i_carrysave_del                                                                               |                   div_gen_pll_xbip_pipe_v3_0_5_viv__parameterized72_14 |          0 |          0 |       0 |    0 |    19 |      0 |      0 |            0 |
|                   i_splice[1].i_denom_pipe                                                                                  |                   div_gen_pll_xbip_pipe_v3_0_5_viv__parameterized85_15 |         16 |          0 |       0 |   16 |    16 |      0 |      0 |            0 |
|                   i_splice[1].i_denom_reg                                                                                   |                   div_gen_pll_xbip_pipe_v3_0_5_viv__parameterized68_16 |          0 |          0 |       0 |    0 |    16 |      0 |      0 |            0 |
|                   i_splice[1].i_denommux_reg                                                                                |                   div_gen_pll_xbip_pipe_v3_0_5_viv__parameterized76_17 |          0 |          0 |       0 |    0 |    18 |      0 |      0 |            0 |
|                   i_splice[1].i_mult                                                                                        |           div_gen_pll_xbip_dsp48_multadd_v3_0_5_viv__parameterized1_18 |          0 |          0 |       0 |    0 |     0 |      0 |      0 |            1 |
|                     i_synth_option.i_synth_model                                                                            |                div_gen_pll_xbip_dsp48_multadd_synth__parameterized1_28 |          0 |          0 |       0 |    0 |     0 |      0 |      0 |            1 |
|                       opt_vx7.i_uniwrap                                                                                     |               div_gen_pll_xbip_dsp48e1_wrapper_v3_0__parameterized2_29 |          0 |          0 |       0 |    0 |     0 |      0 |      0 |            1 |
|                   i_splice[1].i_residue_reg                                                                                 |                   div_gen_pll_xbip_pipe_v3_0_5_viv__parameterized87_19 |          0 |          0 |       0 |    0 |    48 |      0 |      0 |            0 |
|                   i_splice[2].i_add                                                                                         |                            div_gen_pll_xbip_dsp48_addsub_v3_0_5_viv_20 |          0 |          0 |       0 |    0 |     0 |      0 |      0 |            1 |
|                     i_synth_option.i_synth_model                                                                            |                                    div_gen_pll_xbip_dsp48_addsub_synth |          0 |          0 |       0 |    0 |     0 |      0 |      0 |            1 |
|                       opt_vx7.i_uniwrap                                                                                     |               div_gen_pll_xbip_dsp48e1_wrapper_v3_0__parameterized1_27 |          0 |          0 |       0 |    0 |     0 |      0 |      0 |            1 |
|                   i_splice[2].i_carrysave_del                                                                               |                   div_gen_pll_xbip_pipe_v3_0_5_viv__parameterized72_21 |          0 |          0 |       0 |    0 |    19 |      0 |      0 |            0 |
|                   i_splice[2].i_denom_pipe                                                                                  |                   div_gen_pll_xbip_pipe_v3_0_5_viv__parameterized85_22 |         16 |          0 |       0 |   16 |    16 |      0 |      0 |            0 |
|                   i_splice[2].i_denom_reg                                                                                   |                   div_gen_pll_xbip_pipe_v3_0_5_viv__parameterized68_23 |          0 |          0 |       0 |    0 |    16 |      0 |      0 |            0 |
|                   i_splice[2].i_denommux_reg                                                                                |                   div_gen_pll_xbip_pipe_v3_0_5_viv__parameterized76_24 |          0 |          0 |       0 |    0 |    18 |      0 |      0 |            0 |
|                   i_splice[2].i_mult                                                                                        |           div_gen_pll_xbip_dsp48_multadd_v3_0_5_viv__parameterized1_25 |          0 |          0 |       0 |    0 |     0 |      0 |      0 |            1 |
|                     i_synth_option.i_synth_model                                                                            |                   div_gen_pll_xbip_dsp48_multadd_synth__parameterized1 |          0 |          0 |       0 |    0 |     0 |      0 |      0 |            1 |
|                       opt_vx7.i_uniwrap                                                                                     |                  div_gen_pll_xbip_dsp48e1_wrapper_v3_0__parameterized2 |          0 |          0 |       0 |    0 |     0 |      0 |      0 |            1 |
|                   i_splice[2].i_residue_reg                                                                                 |                   div_gen_pll_xbip_pipe_v3_0_5_viv__parameterized87_26 |          1 |          1 |       0 |    0 |    48 |      0 |      0 |            0 |
|                   i_subtract_reg                                                                                            |                      div_gen_pll_xbip_pipe_v3_0_5_viv__parameterized79 |          0 |          0 |       0 |    0 |     2 |      0 |      0 |            0 |
|                 i_numer_del                                                                                                 |                      div_gen_pll_xbip_pipe_v3_0_5_viv__parameterized46 |          1 |          1 |       0 |    0 |   128 |      0 |      0 |            0 |
|                 i_prescaler                                                                                                 |                                      div_gen_pll_mult_gen_v12_0_14_viv |          0 |          0 |       0 |    0 |     0 |      0 |      0 |            1 |
|                   (i_prescaler)                                                                                             |                                      div_gen_pll_mult_gen_v12_0_14_viv |          0 |          0 |       0 |    0 |     0 |      0 |      0 |            0 |
|                   gDSP.gDSP_only.iDSP                                                                                       |                                                        div_gen_pll_dsp |          0 |          0 |       0 |    0 |     0 |      0 |      0 |            1 |
|                 i_quotient_collector                                                                                        |                                         div_gen_pll_quotient_collector |        174 |        173 |       0 |    1 |   296 |      0 |      0 |            2 |
|                   i_typical_case.i_addsub                                                                                   |                                                div_gen_pll_quot_addsub |        101 |        101 |       0 |    0 |   222 |      0 |      0 |            2 |
|                     (i_typical_case.i_addsub)                                                                               |                                                div_gen_pll_quot_addsub |        100 |        100 |       0 |    0 |     0 |      0 |      0 |            0 |
|                     i_debug.i_result_delay                                                                                  |                      div_gen_pll_xbip_pipe_v3_0_5_viv__parameterized95 |          0 |          0 |       0 |    0 |    86 |      0 |      0 |            0 |
|                     i_vx5_sp3.i_casc_dsp48.i_bypass_balance                                                                 |                      div_gen_pll_xbip_pipe_v3_0_5_viv__parameterized10 |          1 |          1 |       0 |    0 |     1 |      0 |      0 |            0 |
|                     i_vx5_sp3.i_casc_dsp48.i_lower_addsub                                                                   |               div_gen_pll_xbip_dsp48_addsub_v3_0_5_viv__parameterized2 |          0 |          0 |       0 |    0 |     0 |      0 |      0 |            1 |
|                       i_synth_option.i_synth_model                                                                          |                    div_gen_pll_xbip_dsp48_addsub_synth__parameterized1 |          0 |          0 |       0 |    0 |     0 |      0 |      0 |            1 |
|                         opt_vx7.i_uniwrap                                                                                   |                div_gen_pll_xbip_dsp48e1_wrapper_v3_0__parameterized1_2 |          0 |          0 |       0 |    0 |     0 |      0 |      0 |            1 |
|                     i_vx5_sp3.i_casc_dsp48.i_lower_p_balance                                                                |                      div_gen_pll_xbip_pipe_v3_0_5_viv__parameterized87 |          0 |          0 |       0 |    0 |    48 |      0 |      0 |            0 |
|                     i_vx5_sp3.i_casc_dsp48.i_negate_balance                                                                 |                    div_gen_pll_xbip_pipe_v3_0_5_viv__parameterized10_0 |          0 |          0 |       0 |    0 |     1 |      0 |      0 |            0 |
|                     i_vx5_sp3.i_casc_dsp48.i_upper_addsub                                                                   |               div_gen_pll_xbip_dsp48_addsub_v3_0_5_viv__parameterized4 |          0 |          0 |       0 |    0 |     0 |      0 |      0 |            1 |
|                       i_synth_option.i_synth_model                                                                          |                    div_gen_pll_xbip_dsp48_addsub_synth__parameterized3 |          0 |          0 |       0 |    0 |     0 |      0 |      0 |            1 |
|                         opt_vx7.i_uniwrap                                                                                   |                  div_gen_pll_xbip_dsp48e1_wrapper_v3_0__parameterized1 |          0 |          0 |       0 |    0 |     0 |      0 |      0 |            1 |
|                     i_vx5_sp3.i_casc_dsp48.i_upper_digit_balance                                                            |                    div_gen_pll_xbip_pipe_v3_0_5_viv__parameterized87_1 |          0 |          0 |       0 |    0 |    48 |      0 |      0 |            0 |
|                     i_vx5_sp3.i_casc_dsp48.i_upper_result_balance                                                           |                      div_gen_pll_xbip_pipe_v3_0_5_viv__parameterized93 |          0 |          0 |       0 |    0 |    38 |      0 |      0 |            0 |
|                   i_typical_case.i_negate_carousel                                                                          |                      div_gen_pll_xbip_pipe_v3_0_5_viv__parameterized91 |         73 |         72 |       0 |    1 |     2 |      0 |      0 |            0 |
|                   i_typical_case.i_quot_carousel_balance                                                                    |                      div_gen_pll_xbip_pipe_v3_0_5_viv__parameterized89 |          0 |          0 |       0 |    0 |    72 |      0 |      0 |            0 |
|       VCO0_Multiplier                                                                                                       |                                                           mult_gen_pll |         33 |          0 |       0 |   33 |    64 |      0 |      0 |            3 |
|         (VCO0_Multiplier)                                                                                                   |                                                           mult_gen_pll |          0 |          0 |       0 |    0 |     0 |      0 |      0 |            0 |
|         U0                                                                                                                  |                                         mult_gen_pll_mult_gen_v12_0_14 |         33 |          0 |       0 |   33 |    64 |      0 |      0 |            3 |
|           (U0)                                                                                                              |                                         mult_gen_pll_mult_gen_v12_0_14 |          0 |          0 |       0 |    0 |     0 |      0 |      0 |            0 |
|           i_mult                                                                                                            |                                     mult_gen_pll_mult_gen_v12_0_14_viv |         33 |          0 |       0 |   33 |    64 |      0 |      0 |            3 |
|             (i_mult)                                                                                                        |                                     mult_gen_pll_mult_gen_v12_0_14_viv |          0 |          0 |       0 |    0 |     0 |      0 |      0 |            0 |
|             gDSP.gDSP_only.iDSP                                                                                             |                                                       mult_gen_pll_dsp |         33 |          0 |       0 |   33 |    64 |      0 |      0 |            3 |
|               (gDSP.gDSP_only.iDSP)                                                                                         |                                                       mult_gen_pll_dsp |          0 |          0 |       0 |    0 |     0 |      0 |      0 |            3 |
|               use_prim.appDSP48[0].bppDSP48[0].need_output_delay.output_delay                                               |                                mult_gen_pll_delay_line__parameterized2 |          9 |          0 |       0 |    9 |    17 |      0 |      0 |            0 |
|               use_prim.appDSP48[1].bppDSP48[0].need_output_delay.output_delay                                               |                                mult_gen_pll_delay_line__parameterized4 |          9 |          0 |       0 |    9 |    17 |      0 |      0 |            0 |
|               use_prim.appDSP48[2].bppDSP48[0].need_output_delay.output_delay                                               |                                mult_gen_pll_delay_line__parameterized5 |         15 |          0 |       0 |   15 |    30 |      0 |      0 |            0 |
|     VCO_inst0                                                                                                               |                                                             VCO_48bits |        111 |        108 |       0 |    3 |   222 |      7 |      1 |            2 |
|       (VCO_inst0)                                                                                                           |                                                             VCO_48bits |         26 |         26 |       0 |    0 |     0 |      0 |      0 |            1 |
|       DAC_DDS0_inst                                                                                                         |                                                               DAC_DDS0 |         85 |         82 |       0 |    3 |   222 |      7 |      1 |            1 |
|         (DAC_DDS0_inst)                                                                                                     |                                                               DAC_DDS0 |          0 |          0 |       0 |    0 |     0 |      0 |      0 |            0 |
|         U0                                                                                                                  |                                          DAC_DDS0_dds_compiler_v6_0_17 |         85 |         82 |       0 |    3 |   222 |      7 |      1 |            1 |
|           (U0)                                                                                                              |                                          DAC_DDS0_dds_compiler_v6_0_17 |          0 |          0 |       0 |    0 |     0 |      0 |      0 |            0 |
|           i_synth                                                                                                           |                                      DAC_DDS0_dds_compiler_v6_0_17_viv |         85 |         82 |       0 |    3 |   222 |      7 |      1 |            1 |
|             (i_synth)                                                                                                       |                                      DAC_DDS0_dds_compiler_v6_0_17_viv |          0 |          0 |       0 |    0 |    49 |      0 |      0 |            0 |
|             has_s_phase.ce_i_delay                                                                                          |                          DAC_DDS0_xbip_pipe_v3_0_5_viv__parameterized0 |          0 |          0 |       0 |    0 |     1 |      0 |      0 |            0 |
|             i_dds                                                                                                           |                                     DAC_DDS0_dds_compiler_v6_0_17_core |         83 |         81 |       0 |    2 |   169 |      7 |      1 |            1 |
|               I_PHASEGEN.i_conventional_accum.i_accum                                                                       |                                                         DAC_DDS0_accum |         24 |         24 |       0 |    0 |     0 |      0 |      0 |            1 |
|                 i_dsp48.i_struct.i_single_channel.I_DSP                                                                     |                                                    DAC_DDS0_dsp48_wrap |         24 |         24 |       0 |    0 |     0 |      0 |      0 |            1 |
|               I_PHASEGEN.i_conventional_accum.i_phase_final_speedup                                                         |                          DAC_DDS0_xbip_pipe_v3_0_5_viv__parameterized4 |         15 |         15 |       0 |    0 |    48 |      0 |      0 |            0 |
|               I_SINCOS.i_std_rom.i_rom                                                                                      |                                                       DAC_DDS0_sin_cos |         40 |         38 |       0 |    2 |   116 |      7 |      1 |            0 |
|                 (I_SINCOS.i_std_rom.i_rom)                                                                                  |                                                       DAC_DDS0_sin_cos |         12 |         12 |       0 |    0 |    16 |      7 |      1 |            0 |
|                 i_rtl.i_quarter_table.i_addr_reg_c                                                                          |                          DAC_DDS0_xbip_pipe_v3_0_5_viv__parameterized6 |         10 |          8 |       0 |    2 |     4 |      0 |      0 |            0 |
|                 i_rtl.i_quarter_table.i_piped_map.i_cardinal_cos_ls                                                         |                         DAC_DDS0_xbip_pipe_v3_0_5_viv__parameterized10 |          0 |          0 |       0 |    0 |     8 |      0 |      0 |            0 |
|                 i_rtl.i_quarter_table.i_piped_map.i_cardinal_cos_ms                                                         |                       DAC_DDS0_xbip_pipe_v3_0_5_viv__parameterized10_1 |          0 |          0 |       0 |    0 |     8 |      0 |      0 |            0 |
|                 i_rtl.i_quarter_table.i_piped_map.i_cardinal_sin_ls                                                         |                       DAC_DDS0_xbip_pipe_v3_0_5_viv__parameterized10_2 |          0 |          0 |       0 |    0 |     8 |      0 |      0 |            0 |
|                 i_rtl.i_quarter_table.i_piped_map.i_cardinal_sin_ms                                                         |                       DAC_DDS0_xbip_pipe_v3_0_5_viv__parameterized10_3 |          0 |          0 |       0 |    0 |     8 |      0 |      0 |            0 |
|                 i_rtl.i_quarter_table.i_piped_map.i_original_cos_ls                                                         |                         DAC_DDS0_xbip_pipe_v3_0_5_viv__parameterized12 |          0 |          0 |       0 |    0 |     9 |      0 |      0 |            0 |
|                 i_rtl.i_quarter_table.i_piped_map.i_original_cos_ms                                                         |                       DAC_DDS0_xbip_pipe_v3_0_5_viv__parameterized10_4 |          0 |          0 |       0 |    0 |     8 |      0 |      0 |            0 |
|                 i_rtl.i_quarter_table.i_piped_map.i_original_sin_ls                                                         |                       DAC_DDS0_xbip_pipe_v3_0_5_viv__parameterized12_5 |          0 |          0 |       0 |    0 |     9 |      0 |      0 |            0 |
|                 i_rtl.i_quarter_table.i_piped_map.i_original_sin_ms                                                         |                       DAC_DDS0_xbip_pipe_v3_0_5_viv__parameterized10_6 |          0 |          0 |       0 |    0 |     8 |      0 |      0 |            0 |
|                 i_rtl.i_quarter_table.i_rom_reg_a                                                                           |                          DAC_DDS0_xbip_pipe_v3_0_5_viv__parameterized8 |          9 |          9 |       0 |    0 |    15 |      0 |      0 |            0 |
|                 i_rtl.i_quarter_table.i_rom_reg_b                                                                           |                        DAC_DDS0_xbip_pipe_v3_0_5_viv__parameterized8_7 |          9 |          9 |       0 |    0 |    15 |      0 |      0 |            0 |
|               i_rdy.rdy_logic                                                                                               |                                      DAC_DDS0_dds_compiler_v6_0_17_rdy |          4 |          4 |       0 |    0 |     5 |      0 |      0 |            0 |
|                 (i_rdy.rdy_logic)                                                                                           |                                      DAC_DDS0_dds_compiler_v6_0_17_rdy |          3 |          3 |       0 |    0 |     4 |      0 |      0 |            0 |
|                 i_single_channel.i_non_trivial_lat.i_rdy                                                                    |                          DAC_DDS0_xbip_pipe_v3_0_5_viv__parameterized2 |          1 |          1 |       0 |    0 |     1 |      0 |      0 |            0 |
|             i_has_nd_rdy_pipe.channel_pipe                                                                                  |                                          DAC_DDS0_xbip_pipe_v3_0_5_viv |          0 |          0 |       0 |    0 |     1 |      0 |      0 |            0 |
|             i_has_nd_rdy_pipe.valid_phase_read_del                                                                          |                                        DAC_DDS0_xbip_pipe_v3_0_5_viv_0 |          2 |          1 |       0 |    1 |     2 |      0 |      0 |            0 |
|     debug_dac_formatter_inst                                                                                                |                                            debug_dac_formatter_stage_a |        363 |        363 |       0 |    0 |   292 |      0 |      0 |            2 |
|     dpll_single_clock_core_stage_a_inst                                                                                     |                                         dpll_single_clock_core_stage_a |       3589 |       3494 |       0 |   95 |  4323 |      7 |      1 |            6 |
|       (dpll_single_clock_core_stage_a_inst)                                                                                 |                                         dpll_single_clock_core_stage_a |        171 |        171 |       0 |    0 |   263 |      0 |      0 |            0 |
|       dc_blocker_inst                                                                                                       |                                               dc_blocker_valid_stage_a |        140 |        140 |       0 |    0 |    82 |      0 |      0 |            0 |
|       fll_phase_difference_inst                                                                                             |                                           fll_phase_difference_stage_a |        101 |         83 |       0 |   18 |   116 |      0 |      0 |            0 |
|       hybrid_loop_inst                                                                                                      |                                          hybrid_fll_pll_filter_stage_a |        724 |        724 |       0 |    0 |   633 |      0 |      0 |            3 |
|       input_multiplier_i_inst                                                                                               |                                                 input_multiplier_HD412 |          0 |          0 |       0 |    0 |     0 |      0 |      0 |            1 |
|         (input_multiplier_i_inst)                                                                                           |                                                 input_multiplier_HD412 |          0 |          0 |       0 |    0 |     0 |      0 |      0 |            0 |
|         U0                                                                                                                  |                               input_multiplier_mult_gen_v12_0_14_HD413 |          0 |          0 |       0 |    0 |     0 |      0 |      0 |            1 |
|           (U0)                                                                                                              |                               input_multiplier_mult_gen_v12_0_14_HD413 |          0 |          0 |       0 |    0 |     0 |      0 |      0 |            0 |
|           i_mult                                                                                                            |                           input_multiplier_mult_gen_v12_0_14_viv_HD414 |          0 |          0 |       0 |    0 |     0 |      0 |      0 |            1 |
|             (i_mult)                                                                                                        |                           input_multiplier_mult_gen_v12_0_14_viv_HD414 |          0 |          0 |       0 |    0 |     0 |      0 |      0 |            0 |
|             gDSP.gDSP_only.iDSP                                                                                             |                                             input_multiplier_dsp_HD415 |          0 |          0 |       0 |    0 |     0 |      0 |      0 |            1 |
|       input_multiplier_q_inst                                                                                               |                                                 input_multiplier_HD416 |          0 |          0 |       0 |    0 |     0 |      0 |      0 |            1 |
|         (input_multiplier_q_inst)                                                                                           |                                                 input_multiplier_HD416 |          0 |          0 |       0 |    0 |     0 |      0 |      0 |            0 |
|         U0                                                                                                                  |                               input_multiplier_mult_gen_v12_0_14_HD417 |          0 |          0 |       0 |    0 |     0 |      0 |      0 |            1 |
|           (U0)                                                                                                              |                               input_multiplier_mult_gen_v12_0_14_HD417 |          0 |          0 |       0 |    0 |     0 |      0 |      0 |            0 |
|           i_mult                                                                                                            |                           input_multiplier_mult_gen_v12_0_14_viv_HD418 |          0 |          0 |       0 |    0 |     0 |      0 |      0 |            1 |
|             (i_mult)                                                                                                        |                           input_multiplier_mult_gen_v12_0_14_viv_HD418 |          0 |          0 |       0 |    0 |     0 |      0 |      0 |            0 |
|             gDSP.gDSP_only.iDSP                                                                                             |                                             input_multiplier_dsp_HD419 |          0 |          0 |       0 |    0 |     0 |      0 |      0 |            1 |
|       loop_state_manager_inst                                                                                               |                                             loop_state_manager_stage_a |        372 |        372 |       0 |    0 |   331 |      0 |      0 |            0 |
|       phase_cordic_inst                                                                                                     |                                                       angle_CORDIC_HD2 |       1031 |       1005 |       0 |   26 |   994 |      0 |      0 |            0 |
|         (phase_cordic_inst)                                                                                                 |                                                       angle_CORDIC_HD2 |          0 |          0 |       0 |    0 |     0 |      0 |      0 |            0 |
|         U0                                                                                                                  |                                        angle_CORDIC_cordic_v6_0_14_HD3 |       1031 |       1005 |       0 |   26 |   994 |      0 |      0 |            0 |
|           (U0)                                                                                                              |                                        angle_CORDIC_cordic_v6_0_14_HD3 |          0 |          0 |       0 |    0 |     0 |      0 |      0 |            0 |
|           i_synth                                                                                                           |                                    angle_CORDIC_cordic_v6_0_14_viv_HD4 |       1031 |       1005 |       0 |   26 |   994 |      0 |      0 |            0 |
|             (i_synth)                                                                                                       |                                    angle_CORDIC_cordic_v6_0_14_viv_HD4 |          0 |          0 |       0 |    0 |     0 |      0 |      0 |            0 |
|             i_nd_to_rdy                                                                                                     |                                  angle_CORDIC_xbip_pipe_v3_0_5_viv_HD5 |          1 |          0 |       0 |    1 |     2 |      0 |      0 |            0 |
|             i_synth                                                                                                         |                                  angle_CORDIC_cordic_v6_0_14_synth_HD6 |       1030 |       1005 |       0 |   25 |   992 |      0 |      0 |            0 |
|               gen_cordic.cordic_engine                                                                                      |                                            angle_CORDIC_cordic_eng_HD7 |        881 |        878 |       0 |    3 |   822 |      0 |      0 |            0 |
|                 gen_para_arch.gen_iteration[0].eng                                                                          |                                  angle_CORDIC_cordic_eng_slice_par_HD8 |         56 |         56 |       0 |    0 |    61 |      0 |      0 |            0 |
|                   cntrl                                                                                                     |                             angle_CORDIC_cordic_ctrl_slice_par_248_HD9 |          0 |          0 |       0 |    0 |     1 |      0 |      0 |            0 |
|                     engine_mode_dly                                                                                         |                        angle_CORDIC_delay_bit__parameterized1_265_HD10 |          0 |          0 |       0 |    0 |     1 |      0 |      0 |            0 |
|                   data_slice                                                                                                |                             angle_CORDIC_cordic_dat_acc_slice_par_HD11 |         40 |         40 |       0 |    0 |    40 |      0 |      0 |            0 |
|                     x_plus_y_shift                                                                                          |                           angle_CORDIC_addsub__parameterized3_255_HD12 |         18 |         18 |       0 |    0 |    20 |      0 |      0 |            0 |
|                       (x_plus_y_shift)                                                                                      |                           angle_CORDIC_addsub__parameterized3_255_HD12 |          0 |          0 |       0 |    0 |     0 |      0 |      0 |            0 |
|                       inst                                                                                                  |             angle_CORDIC_c_addsub_v12_0_12_viv__parameterized3__3_HD13 |         18 |         18 |       0 |    0 |    20 |      0 |      0 |            0 |
|                         (inst)                                                                                              |             angle_CORDIC_c_addsub_v12_0_12_viv__parameterized3__3_HD13 |          0 |          0 |       0 |    0 |     0 |      0 |      0 |            0 |
|                         i_baseblox.i_baseblox_addsub                                                                        |         angle_CORDIC_c_addsub_v12_0_12_legacy__parameterized3_261_HD14 |         18 |         18 |       0 |    0 |    20 |      0 |      0 |            0 |
|                           no_pipelining.the_addsub                                                                          |  angle_CORDIC_c_addsub_v12_0_12_fabric_legacy__parameterized3_262_HD15 |         18 |         18 |       0 |    0 |    20 |      0 |      0 |            0 |
|                             i_lut6.i_lut6_addsub                                                                            |    angle_CORDIC_c_addsub_v12_0_12_lut6_legacy__parameterized3_263_HD16 |         18 |         18 |       0 |    0 |    20 |      0 |      0 |            0 |
|                               (i_lut6.i_lut6_addsub)                                                                        |    angle_CORDIC_c_addsub_v12_0_12_lut6_legacy__parameterized3_263_HD16 |         18 |         18 |       0 |    0 |     0 |      0 |      0 |            0 |
|                               i_q.i_simple.qreg                                                                             |             angle_CORDIC_c_reg_fd_v12_0_5_viv__parameterized2_264_HD17 |          0 |          0 |       0 |    0 |    20 |      0 |      0 |            0 |
|                     y_plus_x_shift                                                                                          |                           angle_CORDIC_addsub__parameterized3_256_HD18 |         22 |         22 |       0 |    0 |    20 |      0 |      0 |            0 |
|                       (y_plus_x_shift)                                                                                      |                           angle_CORDIC_addsub__parameterized3_256_HD18 |          1 |          1 |       0 |    0 |     0 |      0 |      0 |            0 |
|                       inst                                                                                                  |             angle_CORDIC_c_addsub_v12_0_12_viv__parameterized3__4_HD19 |         21 |         21 |       0 |    0 |    20 |      0 |      0 |            0 |
|                         (inst)                                                                                              |             angle_CORDIC_c_addsub_v12_0_12_viv__parameterized3__4_HD19 |          0 |          0 |       0 |    0 |     0 |      0 |      0 |            0 |
|                         i_baseblox.i_baseblox_addsub                                                                        |         angle_CORDIC_c_addsub_v12_0_12_legacy__parameterized3_257_HD20 |         21 |         21 |       0 |    0 |    20 |      0 |      0 |            0 |
|                           no_pipelining.the_addsub                                                                          |  angle_CORDIC_c_addsub_v12_0_12_fabric_legacy__parameterized3_258_HD21 |         21 |         21 |       0 |    0 |    20 |      0 |      0 |            0 |
|                             i_lut6.i_lut6_addsub                                                                            |    angle_CORDIC_c_addsub_v12_0_12_lut6_legacy__parameterized3_259_HD22 |         21 |         21 |       0 |    0 |    20 |      0 |      0 |            0 |
|                               (i_lut6.i_lut6_addsub)                                                                        |    angle_CORDIC_c_addsub_v12_0_12_lut6_legacy__parameterized3_259_HD22 |         21 |         21 |       0 |    0 |     0 |      0 |      0 |            0 |
|                               i_q.i_simple.qreg                                                                             |             angle_CORDIC_c_reg_fd_v12_0_5_viv__parameterized2_260_HD23 |          0 |          0 |       0 |    0 |    20 |      0 |      0 |            0 |
|                   phase_slice                                                                                               |                         angle_CORDIC_cordic_pha_acc_slice_par_249_HD24 |         16 |         16 |       0 |    0 |    20 |      0 |      0 |            0 |
|                     phase_plus_atan                                                                                         |                           angle_CORDIC_addsub__parameterized3_250_HD25 |         16 |         16 |       0 |    0 |    20 |      0 |      0 |            0 |
|                       (phase_plus_atan)                                                                                     |                           angle_CORDIC_addsub__parameterized3_250_HD25 |          1 |          1 |       0 |    0 |     0 |      0 |      0 |            0 |
|                       inst                                                                                                  |             angle_CORDIC_c_addsub_v12_0_12_viv__parameterized3__6_HD26 |         15 |         15 |       0 |    0 |    20 |      0 |      0 |            0 |
|                         (inst)                                                                                              |             angle_CORDIC_c_addsub_v12_0_12_viv__parameterized3__6_HD26 |          0 |          0 |       0 |    0 |     0 |      0 |      0 |            0 |
|                         i_baseblox.i_baseblox_addsub                                                                        |         angle_CORDIC_c_addsub_v12_0_12_legacy__parameterized3_251_HD27 |         15 |         15 |       0 |    0 |    20 |      0 |      0 |            0 |
|                           no_pipelining.the_addsub                                                                          |  angle_CORDIC_c_addsub_v12_0_12_fabric_legacy__parameterized3_252_HD28 |         15 |         15 |       0 |    0 |    20 |      0 |      0 |            0 |
|                             i_lut6.i_lut6_addsub                                                                            |    angle_CORDIC_c_addsub_v12_0_12_lut6_legacy__parameterized3_253_HD29 |         15 |         15 |       0 |    0 |    20 |      0 |      0 |            0 |
|                               (i_lut6.i_lut6_addsub)                                                                        |    angle_CORDIC_c_addsub_v12_0_12_lut6_legacy__parameterized3_253_HD29 |         15 |         15 |       0 |    0 |     0 |      0 |      0 |            0 |
|                               i_q.i_simple.qreg                                                                             |             angle_CORDIC_c_reg_fd_v12_0_5_viv__parameterized2_254_HD30 |          0 |          0 |       0 |    0 |    20 |      0 |      0 |            0 |
|                 gen_para_arch.gen_iteration[10].eng                                                                         |                angle_CORDIC_cordic_eng_slice_par__parameterized19_HD31 |         65 |         65 |       0 |    0 |    61 |      0 |      0 |            0 |
|                   cntrl                                                                                                     |                            angle_CORDIC_cordic_ctrl_slice_par_230_HD32 |          0 |          0 |       0 |    0 |     1 |      0 |      0 |            0 |
|                     engine_mode_dly                                                                                         |                        angle_CORDIC_delay_bit__parameterized1_247_HD33 |          0 |          0 |       0 |    0 |     1 |      0 |      0 |            0 |
|                   data_slice                                                                                                |            angle_CORDIC_cordic_dat_acc_slice_par__parameterized19_HD34 |         43 |         43 |       0 |    0 |    40 |      0 |      0 |            0 |
|                     x_plus_y_shift                                                                                          |                           angle_CORDIC_addsub__parameterized3_237_HD35 |         21 |         21 |       0 |    0 |    20 |      0 |      0 |            0 |
|                       (x_plus_y_shift)                                                                                      |                           angle_CORDIC_addsub__parameterized3_237_HD35 |          0 |          0 |       0 |    0 |     0 |      0 |      0 |            0 |
|                       inst                                                                                                  |            angle_CORDIC_c_addsub_v12_0_12_viv__parameterized3__34_HD36 |         21 |         21 |       0 |    0 |    20 |      0 |      0 |            0 |
|                         (inst)                                                                                              |            angle_CORDIC_c_addsub_v12_0_12_viv__parameterized3__34_HD36 |          0 |          0 |       0 |    0 |     0 |      0 |      0 |            0 |
|                         i_baseblox.i_baseblox_addsub                                                                        |         angle_CORDIC_c_addsub_v12_0_12_legacy__parameterized3_243_HD37 |         21 |         21 |       0 |    0 |    20 |      0 |      0 |            0 |
|                           no_pipelining.the_addsub                                                                          |  angle_CORDIC_c_addsub_v12_0_12_fabric_legacy__parameterized3_244_HD38 |         21 |         21 |       0 |    0 |    20 |      0 |      0 |            0 |
|                             i_lut6.i_lut6_addsub                                                                            |    angle_CORDIC_c_addsub_v12_0_12_lut6_legacy__parameterized3_245_HD39 |         21 |         21 |       0 |    0 |    20 |      0 |      0 |            0 |
|                               (i_lut6.i_lut6_addsub)                                                                        |    angle_CORDIC_c_addsub_v12_0_12_lut6_legacy__parameterized3_245_HD39 |         21 |         21 |       0 |    0 |     0 |      0 |      0 |            0 |
|                               i_q.i_simple.qreg                                                                             |             angle_CORDIC_c_reg_fd_v12_0_5_viv__parameterized2_246_HD40 |          0 |          0 |       0 |    0 |    20 |      0 |      0 |            0 |
|                     y_plus_x_shift                                                                                          |                           angle_CORDIC_addsub__parameterized3_238_HD41 |         22 |         22 |       0 |    0 |    20 |      0 |      0 |            0 |
|                       (y_plus_x_shift)                                                                                      |                           angle_CORDIC_addsub__parameterized3_238_HD41 |          1 |          1 |       0 |    0 |     0 |      0 |      0 |            0 |
|                       inst                                                                                                  |            angle_CORDIC_c_addsub_v12_0_12_viv__parameterized3__35_HD42 |         21 |         21 |       0 |    0 |    20 |      0 |      0 |            0 |
|                         (inst)                                                                                              |            angle_CORDIC_c_addsub_v12_0_12_viv__parameterized3__35_HD42 |          0 |          0 |       0 |    0 |     0 |      0 |      0 |            0 |
|                         i_baseblox.i_baseblox_addsub                                                                        |         angle_CORDIC_c_addsub_v12_0_12_legacy__parameterized3_239_HD43 |         21 |         21 |       0 |    0 |    20 |      0 |      0 |            0 |
|                           no_pipelining.the_addsub                                                                          |  angle_CORDIC_c_addsub_v12_0_12_fabric_legacy__parameterized3_240_HD44 |         21 |         21 |       0 |    0 |    20 |      0 |      0 |            0 |
|                             i_lut6.i_lut6_addsub                                                                            |    angle_CORDIC_c_addsub_v12_0_12_lut6_legacy__parameterized3_241_HD45 |         21 |         21 |       0 |    0 |    20 |      0 |      0 |            0 |
|                               (i_lut6.i_lut6_addsub)                                                                        |    angle_CORDIC_c_addsub_v12_0_12_lut6_legacy__parameterized3_241_HD45 |         21 |         21 |       0 |    0 |     0 |      0 |      0 |            0 |
|                               i_q.i_simple.qreg                                                                             |             angle_CORDIC_c_reg_fd_v12_0_5_viv__parameterized2_242_HD46 |          0 |          0 |       0 |    0 |    20 |      0 |      0 |            0 |
|                   phase_slice                                                                                               |                         angle_CORDIC_cordic_pha_acc_slice_par_231_HD47 |         22 |         22 |       0 |    0 |    20 |      0 |      0 |            0 |
|                     phase_plus_atan                                                                                         |                           angle_CORDIC_addsub__parameterized3_232_HD48 |         22 |         22 |       0 |    0 |    20 |      0 |      0 |            0 |
|                       (phase_plus_atan)                                                                                     |                           angle_CORDIC_addsub__parameterized3_232_HD48 |          1 |          1 |       0 |    0 |     0 |      0 |      0 |            0 |
|                       inst                                                                                                  |            angle_CORDIC_c_addsub_v12_0_12_viv__parameterized3__36_HD49 |         21 |         21 |       0 |    0 |    20 |      0 |      0 |            0 |
|                         (inst)                                                                                              |            angle_CORDIC_c_addsub_v12_0_12_viv__parameterized3__36_HD49 |          0 |          0 |       0 |    0 |     0 |      0 |      0 |            0 |
|                         i_baseblox.i_baseblox_addsub                                                                        |         angle_CORDIC_c_addsub_v12_0_12_legacy__parameterized3_233_HD50 |         21 |         21 |       0 |    0 |    20 |      0 |      0 |            0 |
|                           no_pipelining.the_addsub                                                                          |  angle_CORDIC_c_addsub_v12_0_12_fabric_legacy__parameterized3_234_HD51 |         21 |         21 |       0 |    0 |    20 |      0 |      0 |            0 |
|                             i_lut6.i_lut6_addsub                                                                            |    angle_CORDIC_c_addsub_v12_0_12_lut6_legacy__parameterized3_235_HD52 |         21 |         21 |       0 |    0 |    20 |      0 |      0 |            0 |
|                               (i_lut6.i_lut6_addsub)                                                                        |    angle_CORDIC_c_addsub_v12_0_12_lut6_legacy__parameterized3_235_HD52 |         21 |         21 |       0 |    0 |     0 |      0 |      0 |            0 |
|                               i_q.i_simple.qreg                                                                             |             angle_CORDIC_c_reg_fd_v12_0_5_viv__parameterized2_236_HD53 |          0 |          0 |       0 |    0 |    20 |      0 |      0 |            0 |
|                 gen_para_arch.gen_iteration[11].eng                                                                         |                angle_CORDIC_cordic_eng_slice_par__parameterized21_HD54 |         65 |         65 |       0 |    0 |    61 |      0 |      0 |            0 |
|                   cntrl                                                                                                     |                            angle_CORDIC_cordic_ctrl_slice_par_212_HD55 |          0 |          0 |       0 |    0 |     1 |      0 |      0 |            0 |
|                     engine_mode_dly                                                                                         |                        angle_CORDIC_delay_bit__parameterized1_229_HD56 |          0 |          0 |       0 |    0 |     1 |      0 |      0 |            0 |
|                   data_slice                                                                                                |            angle_CORDIC_cordic_dat_acc_slice_par__parameterized21_HD57 |         43 |         43 |       0 |    0 |    40 |      0 |      0 |            0 |
|                     x_plus_y_shift                                                                                          |                           angle_CORDIC_addsub__parameterized3_219_HD58 |         21 |         21 |       0 |    0 |    20 |      0 |      0 |            0 |
|                       (x_plus_y_shift)                                                                                      |                           angle_CORDIC_addsub__parameterized3_219_HD58 |          0 |          0 |       0 |    0 |     0 |      0 |      0 |            0 |
|                       inst                                                                                                  |            angle_CORDIC_c_addsub_v12_0_12_viv__parameterized3__37_HD59 |         21 |         21 |       0 |    0 |    20 |      0 |      0 |            0 |
|                         (inst)                                                                                              |            angle_CORDIC_c_addsub_v12_0_12_viv__parameterized3__37_HD59 |          0 |          0 |       0 |    0 |     0 |      0 |      0 |            0 |
|                         i_baseblox.i_baseblox_addsub                                                                        |         angle_CORDIC_c_addsub_v12_0_12_legacy__parameterized3_225_HD60 |         21 |         21 |       0 |    0 |    20 |      0 |      0 |            0 |
|                           no_pipelining.the_addsub                                                                          |  angle_CORDIC_c_addsub_v12_0_12_fabric_legacy__parameterized3_226_HD61 |         21 |         21 |       0 |    0 |    20 |      0 |      0 |            0 |
|                             i_lut6.i_lut6_addsub                                                                            |    angle_CORDIC_c_addsub_v12_0_12_lut6_legacy__parameterized3_227_HD62 |         21 |         21 |       0 |    0 |    20 |      0 |      0 |            0 |
|                               (i_lut6.i_lut6_addsub)                                                                        |    angle_CORDIC_c_addsub_v12_0_12_lut6_legacy__parameterized3_227_HD62 |         21 |         21 |       0 |    0 |     0 |      0 |      0 |            0 |
|                               i_q.i_simple.qreg                                                                             |             angle_CORDIC_c_reg_fd_v12_0_5_viv__parameterized2_228_HD63 |          0 |          0 |       0 |    0 |    20 |      0 |      0 |            0 |
|                     y_plus_x_shift                                                                                          |                           angle_CORDIC_addsub__parameterized3_220_HD64 |         22 |         22 |       0 |    0 |    20 |      0 |      0 |            0 |
|                       (y_plus_x_shift)                                                                                      |                           angle_CORDIC_addsub__parameterized3_220_HD64 |          1 |          1 |       0 |    0 |     0 |      0 |      0 |            0 |
|                       inst                                                                                                  |            angle_CORDIC_c_addsub_v12_0_12_viv__parameterized3__38_HD65 |         21 |         21 |       0 |    0 |    20 |      0 |      0 |            0 |
|                         (inst)                                                                                              |            angle_CORDIC_c_addsub_v12_0_12_viv__parameterized3__38_HD65 |          0 |          0 |       0 |    0 |     0 |      0 |      0 |            0 |
|                         i_baseblox.i_baseblox_addsub                                                                        |         angle_CORDIC_c_addsub_v12_0_12_legacy__parameterized3_221_HD66 |         21 |         21 |       0 |    0 |    20 |      0 |      0 |            0 |
|                           no_pipelining.the_addsub                                                                          |  angle_CORDIC_c_addsub_v12_0_12_fabric_legacy__parameterized3_222_HD67 |         21 |         21 |       0 |    0 |    20 |      0 |      0 |            0 |
|                             i_lut6.i_lut6_addsub                                                                            |    angle_CORDIC_c_addsub_v12_0_12_lut6_legacy__parameterized3_223_HD68 |         21 |         21 |       0 |    0 |    20 |      0 |      0 |            0 |
|                               (i_lut6.i_lut6_addsub)                                                                        |    angle_CORDIC_c_addsub_v12_0_12_lut6_legacy__parameterized3_223_HD68 |         21 |         21 |       0 |    0 |     0 |      0 |      0 |            0 |
|                               i_q.i_simple.qreg                                                                             |             angle_CORDIC_c_reg_fd_v12_0_5_viv__parameterized2_224_HD69 |          0 |          0 |       0 |    0 |    20 |      0 |      0 |            0 |
|                   phase_slice                                                                                               |                         angle_CORDIC_cordic_pha_acc_slice_par_213_HD70 |         22 |         22 |       0 |    0 |    20 |      0 |      0 |            0 |
|                     phase_plus_atan                                                                                         |                           angle_CORDIC_addsub__parameterized3_214_HD71 |         22 |         22 |       0 |    0 |    20 |      0 |      0 |            0 |
|                       (phase_plus_atan)                                                                                     |                           angle_CORDIC_addsub__parameterized3_214_HD71 |          1 |          1 |       0 |    0 |     0 |      0 |      0 |            0 |
|                       inst                                                                                                  |            angle_CORDIC_c_addsub_v12_0_12_viv__parameterized3__39_HD72 |         21 |         21 |       0 |    0 |    20 |      0 |      0 |            0 |
|                         (inst)                                                                                              |            angle_CORDIC_c_addsub_v12_0_12_viv__parameterized3__39_HD72 |          0 |          0 |       0 |    0 |     0 |      0 |      0 |            0 |
|                         i_baseblox.i_baseblox_addsub                                                                        |         angle_CORDIC_c_addsub_v12_0_12_legacy__parameterized3_215_HD73 |         21 |         21 |       0 |    0 |    20 |      0 |      0 |            0 |
|                           no_pipelining.the_addsub                                                                          |  angle_CORDIC_c_addsub_v12_0_12_fabric_legacy__parameterized3_216_HD74 |         21 |         21 |       0 |    0 |    20 |      0 |      0 |            0 |
|                             i_lut6.i_lut6_addsub                                                                            |    angle_CORDIC_c_addsub_v12_0_12_lut6_legacy__parameterized3_217_HD75 |         21 |         21 |       0 |    0 |    20 |      0 |      0 |            0 |
|                               (i_lut6.i_lut6_addsub)                                                                        |    angle_CORDIC_c_addsub_v12_0_12_lut6_legacy__parameterized3_217_HD75 |         21 |         21 |       0 |    0 |     0 |      0 |      0 |            0 |
|                               i_q.i_simple.qreg                                                                             |             angle_CORDIC_c_reg_fd_v12_0_5_viv__parameterized2_218_HD76 |          0 |          0 |       0 |    0 |    20 |      0 |      0 |            0 |
|                 gen_para_arch.gen_iteration[12].eng                                                                         |                angle_CORDIC_cordic_eng_slice_par__parameterized23_HD77 |         67 |         64 |       0 |    3 |    47 |      0 |      0 |            0 |
|                   cntrl                                                                                                     |                            angle_CORDIC_cordic_ctrl_slice_par_193_HD78 |          3 |          0 |       0 |    3 |     1 |      0 |      0 |            0 |
|                     cntrl_vect_dly                                                                                          |                            angle_CORDIC_delay__parameterized4_210_HD79 |          3 |          0 |       0 |    3 |     0 |      0 |      0 |            0 |
|                     engine_mode_dly                                                                                         |                        angle_CORDIC_delay_bit__parameterized1_211_HD80 |          0 |          0 |       0 |    0 |     1 |      0 |      0 |            0 |
|                   data_slice                                                                                                |            angle_CORDIC_cordic_dat_acc_slice_par__parameterized23_HD81 |         43 |         43 |       0 |    0 |    26 |      0 |      0 |            0 |
|                     x_plus_y_shift                                                                                          |                           angle_CORDIC_addsub__parameterized3_200_HD82 |         21 |         21 |       0 |    0 |    20 |      0 |      0 |            0 |
|                       (x_plus_y_shift)                                                                                      |                           angle_CORDIC_addsub__parameterized3_200_HD82 |          0 |          0 |       0 |    0 |     0 |      0 |      0 |            0 |
|                       inst                                                                                                  |            angle_CORDIC_c_addsub_v12_0_12_viv__parameterized3__40_HD83 |         21 |         21 |       0 |    0 |    20 |      0 |      0 |            0 |
|                         (inst)                                                                                              |            angle_CORDIC_c_addsub_v12_0_12_viv__parameterized3__40_HD83 |          0 |          0 |       0 |    0 |     0 |      0 |      0 |            0 |
|                         i_baseblox.i_baseblox_addsub                                                                        |         angle_CORDIC_c_addsub_v12_0_12_legacy__parameterized3_206_HD84 |         21 |         21 |       0 |    0 |    20 |      0 |      0 |            0 |
|                           no_pipelining.the_addsub                                                                          |  angle_CORDIC_c_addsub_v12_0_12_fabric_legacy__parameterized3_207_HD85 |         21 |         21 |       0 |    0 |    20 |      0 |      0 |            0 |
|                             i_lut6.i_lut6_addsub                                                                            |    angle_CORDIC_c_addsub_v12_0_12_lut6_legacy__parameterized3_208_HD86 |         21 |         21 |       0 |    0 |    20 |      0 |      0 |            0 |
|                               (i_lut6.i_lut6_addsub)                                                                        |    angle_CORDIC_c_addsub_v12_0_12_lut6_legacy__parameterized3_208_HD86 |         21 |         21 |       0 |    0 |     0 |      0 |      0 |            0 |
|                               i_q.i_simple.qreg                                                                             |             angle_CORDIC_c_reg_fd_v12_0_5_viv__parameterized2_209_HD87 |          0 |          0 |       0 |    0 |    20 |      0 |      0 |            0 |
|                     y_plus_x_shift                                                                                          |                           angle_CORDIC_addsub__parameterized3_201_HD88 |         22 |         22 |       0 |    0 |     6 |      0 |      0 |            0 |
|                       (y_plus_x_shift)                                                                                      |                           angle_CORDIC_addsub__parameterized3_201_HD88 |          1 |          1 |       0 |    0 |     0 |      0 |      0 |            0 |
|                       inst                                                                                                  |            angle_CORDIC_c_addsub_v12_0_12_viv__parameterized3__41_HD89 |         21 |         21 |       0 |    0 |     6 |      0 |      0 |            0 |
|                         (inst)                                                                                              |            angle_CORDIC_c_addsub_v12_0_12_viv__parameterized3__41_HD89 |          0 |          0 |       0 |    0 |     0 |      0 |      0 |            0 |
|                         i_baseblox.i_baseblox_addsub                                                                        |         angle_CORDIC_c_addsub_v12_0_12_legacy__parameterized3_202_HD90 |         21 |         21 |       0 |    0 |     6 |      0 |      0 |            0 |
|                           no_pipelining.the_addsub                                                                          |  angle_CORDIC_c_addsub_v12_0_12_fabric_legacy__parameterized3_203_HD91 |         21 |         21 |       0 |    0 |     6 |      0 |      0 |            0 |
|                             i_lut6.i_lut6_addsub                                                                            |    angle_CORDIC_c_addsub_v12_0_12_lut6_legacy__parameterized3_204_HD92 |         21 |         21 |       0 |    0 |     6 |      0 |      0 |            0 |
|                               (i_lut6.i_lut6_addsub)                                                                        |    angle_CORDIC_c_addsub_v12_0_12_lut6_legacy__parameterized3_204_HD92 |         21 |         21 |       0 |    0 |     0 |      0 |      0 |            0 |
|                               i_q.i_simple.qreg                                                                             |             angle_CORDIC_c_reg_fd_v12_0_5_viv__parameterized2_205_HD93 |          0 |          0 |       0 |    0 |     6 |      0 |      0 |            0 |
|                   phase_slice                                                                                               |                         angle_CORDIC_cordic_pha_acc_slice_par_194_HD94 |         21 |         21 |       0 |    0 |    20 |      0 |      0 |            0 |
|                     phase_plus_atan                                                                                         |                           angle_CORDIC_addsub__parameterized3_195_HD95 |         21 |         21 |       0 |    0 |    20 |      0 |      0 |            0 |
|                       (phase_plus_atan)                                                                                     |                           angle_CORDIC_addsub__parameterized3_195_HD95 |          0 |          0 |       0 |    0 |     0 |      0 |      0 |            0 |
|                       inst                                                                                                  |            angle_CORDIC_c_addsub_v12_0_12_viv__parameterized3__42_HD96 |         21 |         21 |       0 |    0 |    20 |      0 |      0 |            0 |
|                         (inst)                                                                                              |            angle_CORDIC_c_addsub_v12_0_12_viv__parameterized3__42_HD96 |          0 |          0 |       0 |    0 |     0 |      0 |      0 |            0 |
|                         i_baseblox.i_baseblox_addsub                                                                        |         angle_CORDIC_c_addsub_v12_0_12_legacy__parameterized3_196_HD97 |         21 |         21 |       0 |    0 |    20 |      0 |      0 |            0 |
|                           no_pipelining.the_addsub                                                                          |  angle_CORDIC_c_addsub_v12_0_12_fabric_legacy__parameterized3_197_HD98 |         21 |         21 |       0 |    0 |    20 |      0 |      0 |            0 |
|                             i_lut6.i_lut6_addsub                                                                            |    angle_CORDIC_c_addsub_v12_0_12_lut6_legacy__parameterized3_198_HD99 |         21 |         21 |       0 |    0 |    20 |      0 |      0 |            0 |
|                               (i_lut6.i_lut6_addsub)                                                                        |    angle_CORDIC_c_addsub_v12_0_12_lut6_legacy__parameterized3_198_HD99 |         21 |         21 |       0 |    0 |     0 |      0 |      0 |            0 |
|                               i_q.i_simple.qreg                                                                             |            angle_CORDIC_c_reg_fd_v12_0_5_viv__parameterized2_199_HD100 |          0 |          0 |       0 |    0 |    20 |      0 |      0 |            0 |
|                 gen_para_arch.gen_iteration[13].eng                                                                         |               angle_CORDIC_cordic_eng_slice_par__parameterized25_HD101 |         43 |         43 |       0 |    0 |    43 |      0 |      0 |            0 |
|                   cntrl                                                                                                     |                           angle_CORDIC_cordic_ctrl_slice_par_181_HD102 |          1 |          1 |       0 |    0 |     3 |      0 |      0 |            0 |
|                     cntrl_vect_dly                                                                                          |                               angle_CORDIC_delay__parameterized4_HD103 |          1 |          1 |       0 |    0 |     3 |      0 |      0 |            0 |
|                   data_slice                                                                                                |           angle_CORDIC_cordic_dat_acc_slice_par__parameterized25_HD104 |         21 |         21 |       0 |    0 |    20 |      0 |      0 |            0 |
|                     x_plus_y_shift                                                                                          |                          angle_CORDIC_addsub__parameterized3_188_HD105 |         21 |         21 |       0 |    0 |    20 |      0 |      0 |            0 |
|                       (x_plus_y_shift)                                                                                      |                          angle_CORDIC_addsub__parameterized3_188_HD105 |          0 |          0 |       0 |    0 |     0 |      0 |      0 |            0 |
|                       inst                                                                                                  |           angle_CORDIC_c_addsub_v12_0_12_viv__parameterized3__43_HD106 |         21 |         21 |       0 |    0 |    20 |      0 |      0 |            0 |
|                         (inst)                                                                                              |           angle_CORDIC_c_addsub_v12_0_12_viv__parameterized3__43_HD106 |          0 |          0 |       0 |    0 |     0 |      0 |      0 |            0 |
|                         i_baseblox.i_baseblox_addsub                                                                        |        angle_CORDIC_c_addsub_v12_0_12_legacy__parameterized3_189_HD107 |         21 |         21 |       0 |    0 |    20 |      0 |      0 |            0 |
|                           no_pipelining.the_addsub                                                                          | angle_CORDIC_c_addsub_v12_0_12_fabric_legacy__parameterized3_190_HD108 |         21 |         21 |       0 |    0 |    20 |      0 |      0 |            0 |
|                             i_lut6.i_lut6_addsub                                                                            |   angle_CORDIC_c_addsub_v12_0_12_lut6_legacy__parameterized3_191_HD109 |         21 |         21 |       0 |    0 |    20 |      0 |      0 |            0 |
|                               (i_lut6.i_lut6_addsub)                                                                        |   angle_CORDIC_c_addsub_v12_0_12_lut6_legacy__parameterized3_191_HD109 |         21 |         21 |       0 |    0 |     0 |      0 |      0 |            0 |
|                               i_q.i_simple.qreg                                                                             |            angle_CORDIC_c_reg_fd_v12_0_5_viv__parameterized2_192_HD110 |          0 |          0 |       0 |    0 |    20 |      0 |      0 |            0 |
|                   phase_slice                                                                                               |                        angle_CORDIC_cordic_pha_acc_slice_par_182_HD111 |         21 |         21 |       0 |    0 |    20 |      0 |      0 |            0 |
|                     phase_plus_atan                                                                                         |                          angle_CORDIC_addsub__parameterized3_183_HD112 |         21 |         21 |       0 |    0 |    20 |      0 |      0 |            0 |
|                       (phase_plus_atan)                                                                                     |                          angle_CORDIC_addsub__parameterized3_183_HD112 |          0 |          0 |       0 |    0 |     0 |      0 |      0 |            0 |
|                       inst                                                                                                  |            angle_CORDIC_c_addsub_v12_0_12_viv__parameterized3__5_HD113 |         21 |         21 |       0 |    0 |    20 |      0 |      0 |            0 |
|                         (inst)                                                                                              |            angle_CORDIC_c_addsub_v12_0_12_viv__parameterized3__5_HD113 |          0 |          0 |       0 |    0 |     0 |      0 |      0 |            0 |
|                         i_baseblox.i_baseblox_addsub                                                                        |        angle_CORDIC_c_addsub_v12_0_12_legacy__parameterized3_184_HD114 |         21 |         21 |       0 |    0 |    20 |      0 |      0 |            0 |
|                           no_pipelining.the_addsub                                                                          | angle_CORDIC_c_addsub_v12_0_12_fabric_legacy__parameterized3_185_HD115 |         21 |         21 |       0 |    0 |    20 |      0 |      0 |            0 |
|                             i_lut6.i_lut6_addsub                                                                            |   angle_CORDIC_c_addsub_v12_0_12_lut6_legacy__parameterized3_186_HD116 |         21 |         21 |       0 |    0 |    20 |      0 |      0 |            0 |
|                               (i_lut6.i_lut6_addsub)                                                                        |   angle_CORDIC_c_addsub_v12_0_12_lut6_legacy__parameterized3_186_HD116 |         21 |         21 |       0 |    0 |     0 |      0 |      0 |            0 |
|                               i_q.i_simple.qreg                                                                             |            angle_CORDIC_c_reg_fd_v12_0_5_viv__parameterized2_187_HD117 |          0 |          0 |       0 |    0 |    20 |      0 |      0 |            0 |
|                 gen_para_arch.gen_iteration[1].eng                                                                          |                angle_CORDIC_cordic_eng_slice_par__parameterized1_HD118 |         65 |         65 |       0 |    0 |    61 |      0 |      0 |            0 |
|                   cntrl                                                                                                     |                           angle_CORDIC_cordic_ctrl_slice_par_163_HD119 |          0 |          0 |       0 |    0 |     1 |      0 |      0 |            0 |
|                     engine_mode_dly                                                                                         |                       angle_CORDIC_delay_bit__parameterized1_180_HD120 |          0 |          0 |       0 |    0 |     1 |      0 |      0 |            0 |
|                   data_slice                                                                                                |            angle_CORDIC_cordic_dat_acc_slice_par__parameterized1_HD121 |         43 |         43 |       0 |    0 |    40 |      0 |      0 |            0 |
|                     x_plus_y_shift                                                                                          |                          angle_CORDIC_addsub__parameterized3_170_HD122 |         21 |         21 |       0 |    0 |    20 |      0 |      0 |            0 |
|                       (x_plus_y_shift)                                                                                      |                          angle_CORDIC_addsub__parameterized3_170_HD122 |          0 |          0 |       0 |    0 |     0 |      0 |      0 |            0 |
|                       inst                                                                                                  |            angle_CORDIC_c_addsub_v12_0_12_viv__parameterized3__7_HD123 |         21 |         21 |       0 |    0 |    20 |      0 |      0 |            0 |
|                         (inst)                                                                                              |            angle_CORDIC_c_addsub_v12_0_12_viv__parameterized3__7_HD123 |          0 |          0 |       0 |    0 |     0 |      0 |      0 |            0 |
|                         i_baseblox.i_baseblox_addsub                                                                        |        angle_CORDIC_c_addsub_v12_0_12_legacy__parameterized3_176_HD124 |         21 |         21 |       0 |    0 |    20 |      0 |      0 |            0 |
|                           no_pipelining.the_addsub                                                                          | angle_CORDIC_c_addsub_v12_0_12_fabric_legacy__parameterized3_177_HD125 |         21 |         21 |       0 |    0 |    20 |      0 |      0 |            0 |
|                             i_lut6.i_lut6_addsub                                                                            |   angle_CORDIC_c_addsub_v12_0_12_lut6_legacy__parameterized3_178_HD126 |         21 |         21 |       0 |    0 |    20 |      0 |      0 |            0 |
|                               (i_lut6.i_lut6_addsub)                                                                        |   angle_CORDIC_c_addsub_v12_0_12_lut6_legacy__parameterized3_178_HD126 |         21 |         21 |       0 |    0 |     0 |      0 |      0 |            0 |
|                               i_q.i_simple.qreg                                                                             |            angle_CORDIC_c_reg_fd_v12_0_5_viv__parameterized2_179_HD127 |          0 |          0 |       0 |    0 |    20 |      0 |      0 |            0 |
|                     y_plus_x_shift                                                                                          |                          angle_CORDIC_addsub__parameterized3_171_HD128 |         22 |         22 |       0 |    0 |    20 |      0 |      0 |            0 |
|                       (y_plus_x_shift)                                                                                      |                          angle_CORDIC_addsub__parameterized3_171_HD128 |          1 |          1 |       0 |    0 |     0 |      0 |      0 |            0 |
|                       inst                                                                                                  |            angle_CORDIC_c_addsub_v12_0_12_viv__parameterized3__8_HD129 |         21 |         21 |       0 |    0 |    20 |      0 |      0 |            0 |
|                         (inst)                                                                                              |            angle_CORDIC_c_addsub_v12_0_12_viv__parameterized3__8_HD129 |          0 |          0 |       0 |    0 |     0 |      0 |      0 |            0 |
|                         i_baseblox.i_baseblox_addsub                                                                        |        angle_CORDIC_c_addsub_v12_0_12_legacy__parameterized3_172_HD130 |         21 |         21 |       0 |    0 |    20 |      0 |      0 |            0 |
|                           no_pipelining.the_addsub                                                                          | angle_CORDIC_c_addsub_v12_0_12_fabric_legacy__parameterized3_173_HD131 |         21 |         21 |       0 |    0 |    20 |      0 |      0 |            0 |
|                             i_lut6.i_lut6_addsub                                                                            |   angle_CORDIC_c_addsub_v12_0_12_lut6_legacy__parameterized3_174_HD132 |         21 |         21 |       0 |    0 |    20 |      0 |      0 |            0 |
|                               (i_lut6.i_lut6_addsub)                                                                        |   angle_CORDIC_c_addsub_v12_0_12_lut6_legacy__parameterized3_174_HD132 |         21 |         21 |       0 |    0 |     0 |      0 |      0 |            0 |
|                               i_q.i_simple.qreg                                                                             |            angle_CORDIC_c_reg_fd_v12_0_5_viv__parameterized2_175_HD133 |          0 |          0 |       0 |    0 |    20 |      0 |      0 |            0 |
|                   phase_slice                                                                                               |                        angle_CORDIC_cordic_pha_acc_slice_par_164_HD134 |         22 |         22 |       0 |    0 |    20 |      0 |      0 |            0 |
|                     phase_plus_atan                                                                                         |                          angle_CORDIC_addsub__parameterized3_165_HD135 |         22 |         22 |       0 |    0 |    20 |      0 |      0 |            0 |
|                       (phase_plus_atan)                                                                                     |                          angle_CORDIC_addsub__parameterized3_165_HD135 |          1 |          1 |       0 |    0 |     0 |      0 |      0 |            0 |
|                       inst                                                                                                  |            angle_CORDIC_c_addsub_v12_0_12_viv__parameterized3__9_HD136 |         21 |         21 |       0 |    0 |    20 |      0 |      0 |            0 |
|                         (inst)                                                                                              |            angle_CORDIC_c_addsub_v12_0_12_viv__parameterized3__9_HD136 |          0 |          0 |       0 |    0 |     0 |      0 |      0 |            0 |
|                         i_baseblox.i_baseblox_addsub                                                                        |        angle_CORDIC_c_addsub_v12_0_12_legacy__parameterized3_166_HD137 |         21 |         21 |       0 |    0 |    20 |      0 |      0 |            0 |
|                           no_pipelining.the_addsub                                                                          | angle_CORDIC_c_addsub_v12_0_12_fabric_legacy__parameterized3_167_HD138 |         21 |         21 |       0 |    0 |    20 |      0 |      0 |            0 |
|                             i_lut6.i_lut6_addsub                                                                            |   angle_CORDIC_c_addsub_v12_0_12_lut6_legacy__parameterized3_168_HD139 |         21 |         21 |       0 |    0 |    20 |      0 |      0 |            0 |
|                               (i_lut6.i_lut6_addsub)                                                                        |   angle_CORDIC_c_addsub_v12_0_12_lut6_legacy__parameterized3_168_HD139 |         21 |         21 |       0 |    0 |     0 |      0 |      0 |            0 |
|                               i_q.i_simple.qreg                                                                             |            angle_CORDIC_c_reg_fd_v12_0_5_viv__parameterized2_169_HD140 |          0 |          0 |       0 |    0 |    20 |      0 |      0 |            0 |
|                 gen_para_arch.gen_iteration[2].eng                                                                          |                angle_CORDIC_cordic_eng_slice_par__parameterized3_HD141 |         65 |         65 |       0 |    0 |    61 |      0 |      0 |            0 |
|                   cntrl                                                                                                     |                           angle_CORDIC_cordic_ctrl_slice_par_145_HD142 |          0 |          0 |       0 |    0 |     1 |      0 |      0 |            0 |
|                     engine_mode_dly                                                                                         |                       angle_CORDIC_delay_bit__parameterized1_162_HD143 |          0 |          0 |       0 |    0 |     1 |      0 |      0 |            0 |
|                   data_slice                                                                                                |            angle_CORDIC_cordic_dat_acc_slice_par__parameterized3_HD144 |         43 |         43 |       0 |    0 |    40 |      0 |      0 |            0 |
|                     x_plus_y_shift                                                                                          |                          angle_CORDIC_addsub__parameterized3_152_HD145 |         21 |         21 |       0 |    0 |    20 |      0 |      0 |            0 |
|                       (x_plus_y_shift)                                                                                      |                          angle_CORDIC_addsub__parameterized3_152_HD145 |          0 |          0 |       0 |    0 |     0 |      0 |      0 |            0 |
|                       inst                                                                                                  |           angle_CORDIC_c_addsub_v12_0_12_viv__parameterized3__10_HD146 |         21 |         21 |       0 |    0 |    20 |      0 |      0 |            0 |
|                         (inst)                                                                                              |           angle_CORDIC_c_addsub_v12_0_12_viv__parameterized3__10_HD146 |          0 |          0 |       0 |    0 |     0 |      0 |      0 |            0 |
|                         i_baseblox.i_baseblox_addsub                                                                        |        angle_CORDIC_c_addsub_v12_0_12_legacy__parameterized3_158_HD147 |         21 |         21 |       0 |    0 |    20 |      0 |      0 |            0 |
|                           no_pipelining.the_addsub                                                                          | angle_CORDIC_c_addsub_v12_0_12_fabric_legacy__parameterized3_159_HD148 |         21 |         21 |       0 |    0 |    20 |      0 |      0 |            0 |
|                             i_lut6.i_lut6_addsub                                                                            |   angle_CORDIC_c_addsub_v12_0_12_lut6_legacy__parameterized3_160_HD149 |         21 |         21 |       0 |    0 |    20 |      0 |      0 |            0 |
|                               (i_lut6.i_lut6_addsub)                                                                        |   angle_CORDIC_c_addsub_v12_0_12_lut6_legacy__parameterized3_160_HD149 |         21 |         21 |       0 |    0 |     0 |      0 |      0 |            0 |
|                               i_q.i_simple.qreg                                                                             |            angle_CORDIC_c_reg_fd_v12_0_5_viv__parameterized2_161_HD150 |          0 |          0 |       0 |    0 |    20 |      0 |      0 |            0 |
|                     y_plus_x_shift                                                                                          |                          angle_CORDIC_addsub__parameterized3_153_HD151 |         22 |         22 |       0 |    0 |    20 |      0 |      0 |            0 |
|                       (y_plus_x_shift)                                                                                      |                          angle_CORDIC_addsub__parameterized3_153_HD151 |          1 |          1 |       0 |    0 |     0 |      0 |      0 |            0 |
|                       inst                                                                                                  |           angle_CORDIC_c_addsub_v12_0_12_viv__parameterized3__11_HD152 |         21 |         21 |       0 |    0 |    20 |      0 |      0 |            0 |
|                         (inst)                                                                                              |           angle_CORDIC_c_addsub_v12_0_12_viv__parameterized3__11_HD152 |          0 |          0 |       0 |    0 |     0 |      0 |      0 |            0 |
|                         i_baseblox.i_baseblox_addsub                                                                        |        angle_CORDIC_c_addsub_v12_0_12_legacy__parameterized3_154_HD153 |         21 |         21 |       0 |    0 |    20 |      0 |      0 |            0 |
|                           no_pipelining.the_addsub                                                                          | angle_CORDIC_c_addsub_v12_0_12_fabric_legacy__parameterized3_155_HD154 |         21 |         21 |       0 |    0 |    20 |      0 |      0 |            0 |
|                             i_lut6.i_lut6_addsub                                                                            |   angle_CORDIC_c_addsub_v12_0_12_lut6_legacy__parameterized3_156_HD155 |         21 |         21 |       0 |    0 |    20 |      0 |      0 |            0 |
|                               (i_lut6.i_lut6_addsub)                                                                        |   angle_CORDIC_c_addsub_v12_0_12_lut6_legacy__parameterized3_156_HD155 |         21 |         21 |       0 |    0 |     0 |      0 |      0 |            0 |
|                               i_q.i_simple.qreg                                                                             |            angle_CORDIC_c_reg_fd_v12_0_5_viv__parameterized2_157_HD156 |          0 |          0 |       0 |    0 |    20 |      0 |      0 |            0 |
|                   phase_slice                                                                                               |                        angle_CORDIC_cordic_pha_acc_slice_par_146_HD157 |         22 |         22 |       0 |    0 |    20 |      0 |      0 |            0 |
|                     phase_plus_atan                                                                                         |                          angle_CORDIC_addsub__parameterized3_147_HD158 |         22 |         22 |       0 |    0 |    20 |      0 |      0 |            0 |
|                       (phase_plus_atan)                                                                                     |                          angle_CORDIC_addsub__parameterized3_147_HD158 |          1 |          1 |       0 |    0 |     0 |      0 |      0 |            0 |
|                       inst                                                                                                  |           angle_CORDIC_c_addsub_v12_0_12_viv__parameterized3__12_HD159 |         21 |         21 |       0 |    0 |    20 |      0 |      0 |            0 |
|                         (inst)                                                                                              |           angle_CORDIC_c_addsub_v12_0_12_viv__parameterized3__12_HD159 |          0 |          0 |       0 |    0 |     0 |      0 |      0 |            0 |
|                         i_baseblox.i_baseblox_addsub                                                                        |        angle_CORDIC_c_addsub_v12_0_12_legacy__parameterized3_148_HD160 |         21 |         21 |       0 |    0 |    20 |      0 |      0 |            0 |
|                           no_pipelining.the_addsub                                                                          | angle_CORDIC_c_addsub_v12_0_12_fabric_legacy__parameterized3_149_HD161 |         21 |         21 |       0 |    0 |    20 |      0 |      0 |            0 |
|                             i_lut6.i_lut6_addsub                                                                            |   angle_CORDIC_c_addsub_v12_0_12_lut6_legacy__parameterized3_150_HD162 |         21 |         21 |       0 |    0 |    20 |      0 |      0 |            0 |
|                               (i_lut6.i_lut6_addsub)                                                                        |   angle_CORDIC_c_addsub_v12_0_12_lut6_legacy__parameterized3_150_HD162 |         21 |         21 |       0 |    0 |     0 |      0 |      0 |            0 |
|                               i_q.i_simple.qreg                                                                             |            angle_CORDIC_c_reg_fd_v12_0_5_viv__parameterized2_151_HD163 |          0 |          0 |       0 |    0 |    20 |      0 |      0 |            0 |
|                 gen_para_arch.gen_iteration[3].eng                                                                          |                angle_CORDIC_cordic_eng_slice_par__parameterized5_HD164 |         65 |         65 |       0 |    0 |    61 |      0 |      0 |            0 |
|                   cntrl                                                                                                     |                           angle_CORDIC_cordic_ctrl_slice_par_127_HD165 |          0 |          0 |       0 |    0 |     1 |      0 |      0 |            0 |
|                     engine_mode_dly                                                                                         |                       angle_CORDIC_delay_bit__parameterized1_144_HD166 |          0 |          0 |       0 |    0 |     1 |      0 |      0 |            0 |
|                   data_slice                                                                                                |            angle_CORDIC_cordic_dat_acc_slice_par__parameterized5_HD167 |         43 |         43 |       0 |    0 |    40 |      0 |      0 |            0 |
|                     x_plus_y_shift                                                                                          |                          angle_CORDIC_addsub__parameterized3_134_HD168 |         21 |         21 |       0 |    0 |    20 |      0 |      0 |            0 |
|                       (x_plus_y_shift)                                                                                      |                          angle_CORDIC_addsub__parameterized3_134_HD168 |          0 |          0 |       0 |    0 |     0 |      0 |      0 |            0 |
|                       inst                                                                                                  |           angle_CORDIC_c_addsub_v12_0_12_viv__parameterized3__13_HD169 |         21 |         21 |       0 |    0 |    20 |      0 |      0 |            0 |
|                         (inst)                                                                                              |           angle_CORDIC_c_addsub_v12_0_12_viv__parameterized3__13_HD169 |          0 |          0 |       0 |    0 |     0 |      0 |      0 |            0 |
|                         i_baseblox.i_baseblox_addsub                                                                        |        angle_CORDIC_c_addsub_v12_0_12_legacy__parameterized3_140_HD170 |         21 |         21 |       0 |    0 |    20 |      0 |      0 |            0 |
|                           no_pipelining.the_addsub                                                                          | angle_CORDIC_c_addsub_v12_0_12_fabric_legacy__parameterized3_141_HD171 |         21 |         21 |       0 |    0 |    20 |      0 |      0 |            0 |
|                             i_lut6.i_lut6_addsub                                                                            |   angle_CORDIC_c_addsub_v12_0_12_lut6_legacy__parameterized3_142_HD172 |         21 |         21 |       0 |    0 |    20 |      0 |      0 |            0 |
|                               (i_lut6.i_lut6_addsub)                                                                        |   angle_CORDIC_c_addsub_v12_0_12_lut6_legacy__parameterized3_142_HD172 |         21 |         21 |       0 |    0 |     0 |      0 |      0 |            0 |
|                               i_q.i_simple.qreg                                                                             |            angle_CORDIC_c_reg_fd_v12_0_5_viv__parameterized2_143_HD173 |          0 |          0 |       0 |    0 |    20 |      0 |      0 |            0 |
|                     y_plus_x_shift                                                                                          |                          angle_CORDIC_addsub__parameterized3_135_HD174 |         22 |         22 |       0 |    0 |    20 |      0 |      0 |            0 |
|                       (y_plus_x_shift)                                                                                      |                          angle_CORDIC_addsub__parameterized3_135_HD174 |          1 |          1 |       0 |    0 |     0 |      0 |      0 |            0 |
|                       inst                                                                                                  |           angle_CORDIC_c_addsub_v12_0_12_viv__parameterized3__14_HD175 |         21 |         21 |       0 |    0 |    20 |      0 |      0 |            0 |
|                         (inst)                                                                                              |           angle_CORDIC_c_addsub_v12_0_12_viv__parameterized3__14_HD175 |          0 |          0 |       0 |    0 |     0 |      0 |      0 |            0 |
|                         i_baseblox.i_baseblox_addsub                                                                        |        angle_CORDIC_c_addsub_v12_0_12_legacy__parameterized3_136_HD176 |         21 |         21 |       0 |    0 |    20 |      0 |      0 |            0 |
|                           no_pipelining.the_addsub                                                                          | angle_CORDIC_c_addsub_v12_0_12_fabric_legacy__parameterized3_137_HD177 |         21 |         21 |       0 |    0 |    20 |      0 |      0 |            0 |
|                             i_lut6.i_lut6_addsub                                                                            |   angle_CORDIC_c_addsub_v12_0_12_lut6_legacy__parameterized3_138_HD178 |         21 |         21 |       0 |    0 |    20 |      0 |      0 |            0 |
|                               (i_lut6.i_lut6_addsub)                                                                        |   angle_CORDIC_c_addsub_v12_0_12_lut6_legacy__parameterized3_138_HD178 |         21 |         21 |       0 |    0 |     0 |      0 |      0 |            0 |
|                               i_q.i_simple.qreg                                                                             |            angle_CORDIC_c_reg_fd_v12_0_5_viv__parameterized2_139_HD179 |          0 |          0 |       0 |    0 |    20 |      0 |      0 |            0 |
|                   phase_slice                                                                                               |                        angle_CORDIC_cordic_pha_acc_slice_par_128_HD180 |         22 |         22 |       0 |    0 |    20 |      0 |      0 |            0 |
|                     phase_plus_atan                                                                                         |                          angle_CORDIC_addsub__parameterized3_129_HD181 |         22 |         22 |       0 |    0 |    20 |      0 |      0 |            0 |
|                       (phase_plus_atan)                                                                                     |                          angle_CORDIC_addsub__parameterized3_129_HD181 |          1 |          1 |       0 |    0 |     0 |      0 |      0 |            0 |
|                       inst                                                                                                  |           angle_CORDIC_c_addsub_v12_0_12_viv__parameterized3__15_HD182 |         21 |         21 |       0 |    0 |    20 |      0 |      0 |            0 |
|                         (inst)                                                                                              |           angle_CORDIC_c_addsub_v12_0_12_viv__parameterized3__15_HD182 |          0 |          0 |       0 |    0 |     0 |      0 |      0 |            0 |
|                         i_baseblox.i_baseblox_addsub                                                                        |        angle_CORDIC_c_addsub_v12_0_12_legacy__parameterized3_130_HD183 |         21 |         21 |       0 |    0 |    20 |      0 |      0 |            0 |
|                           no_pipelining.the_addsub                                                                          | angle_CORDIC_c_addsub_v12_0_12_fabric_legacy__parameterized3_131_HD184 |         21 |         21 |       0 |    0 |    20 |      0 |      0 |            0 |
|                             i_lut6.i_lut6_addsub                                                                            |   angle_CORDIC_c_addsub_v12_0_12_lut6_legacy__parameterized3_132_HD185 |         21 |         21 |       0 |    0 |    20 |      0 |      0 |            0 |
|                               (i_lut6.i_lut6_addsub)                                                                        |   angle_CORDIC_c_addsub_v12_0_12_lut6_legacy__parameterized3_132_HD185 |         21 |         21 |       0 |    0 |     0 |      0 |      0 |            0 |
|                               i_q.i_simple.qreg                                                                             |            angle_CORDIC_c_reg_fd_v12_0_5_viv__parameterized2_133_HD186 |          0 |          0 |       0 |    0 |    20 |      0 |      0 |            0 |
|                 gen_para_arch.gen_iteration[4].eng                                                                          |                angle_CORDIC_cordic_eng_slice_par__parameterized7_HD187 |         65 |         65 |       0 |    0 |    61 |      0 |      0 |            0 |
|                   cntrl                                                                                                     |                           angle_CORDIC_cordic_ctrl_slice_par_109_HD188 |          0 |          0 |       0 |    0 |     1 |      0 |      0 |            0 |
|                     engine_mode_dly                                                                                         |                       angle_CORDIC_delay_bit__parameterized1_126_HD189 |          0 |          0 |       0 |    0 |     1 |      0 |      0 |            0 |
|                   data_slice                                                                                                |            angle_CORDIC_cordic_dat_acc_slice_par__parameterized7_HD190 |         43 |         43 |       0 |    0 |    40 |      0 |      0 |            0 |
|                     x_plus_y_shift                                                                                          |                          angle_CORDIC_addsub__parameterized3_116_HD191 |         21 |         21 |       0 |    0 |    20 |      0 |      0 |            0 |
|                       (x_plus_y_shift)                                                                                      |                          angle_CORDIC_addsub__parameterized3_116_HD191 |          0 |          0 |       0 |    0 |     0 |      0 |      0 |            0 |
|                       inst                                                                                                  |           angle_CORDIC_c_addsub_v12_0_12_viv__parameterized3__16_HD192 |         21 |         21 |       0 |    0 |    20 |      0 |      0 |            0 |
|                         (inst)                                                                                              |           angle_CORDIC_c_addsub_v12_0_12_viv__parameterized3__16_HD192 |          0 |          0 |       0 |    0 |     0 |      0 |      0 |            0 |
|                         i_baseblox.i_baseblox_addsub                                                                        |        angle_CORDIC_c_addsub_v12_0_12_legacy__parameterized3_122_HD193 |         21 |         21 |       0 |    0 |    20 |      0 |      0 |            0 |
|                           no_pipelining.the_addsub                                                                          | angle_CORDIC_c_addsub_v12_0_12_fabric_legacy__parameterized3_123_HD194 |         21 |         21 |       0 |    0 |    20 |      0 |      0 |            0 |
|                             i_lut6.i_lut6_addsub                                                                            |   angle_CORDIC_c_addsub_v12_0_12_lut6_legacy__parameterized3_124_HD195 |         21 |         21 |       0 |    0 |    20 |      0 |      0 |            0 |
|                               (i_lut6.i_lut6_addsub)                                                                        |   angle_CORDIC_c_addsub_v12_0_12_lut6_legacy__parameterized3_124_HD195 |         21 |         21 |       0 |    0 |     0 |      0 |      0 |            0 |
|                               i_q.i_simple.qreg                                                                             |            angle_CORDIC_c_reg_fd_v12_0_5_viv__parameterized2_125_HD196 |          0 |          0 |       0 |    0 |    20 |      0 |      0 |            0 |
|                     y_plus_x_shift                                                                                          |                          angle_CORDIC_addsub__parameterized3_117_HD197 |         22 |         22 |       0 |    0 |    20 |      0 |      0 |            0 |
|                       (y_plus_x_shift)                                                                                      |                          angle_CORDIC_addsub__parameterized3_117_HD197 |          1 |          1 |       0 |    0 |     0 |      0 |      0 |            0 |
|                       inst                                                                                                  |           angle_CORDIC_c_addsub_v12_0_12_viv__parameterized3__17_HD198 |         21 |         21 |       0 |    0 |    20 |      0 |      0 |            0 |
|                         (inst)                                                                                              |           angle_CORDIC_c_addsub_v12_0_12_viv__parameterized3__17_HD198 |          0 |          0 |       0 |    0 |     0 |      0 |      0 |            0 |
|                         i_baseblox.i_baseblox_addsub                                                                        |        angle_CORDIC_c_addsub_v12_0_12_legacy__parameterized3_118_HD199 |         21 |         21 |       0 |    0 |    20 |      0 |      0 |            0 |
|                           no_pipelining.the_addsub                                                                          | angle_CORDIC_c_addsub_v12_0_12_fabric_legacy__parameterized3_119_HD200 |         21 |         21 |       0 |    0 |    20 |      0 |      0 |            0 |
|                             i_lut6.i_lut6_addsub                                                                            |   angle_CORDIC_c_addsub_v12_0_12_lut6_legacy__parameterized3_120_HD201 |         21 |         21 |       0 |    0 |    20 |      0 |      0 |            0 |
|                               (i_lut6.i_lut6_addsub)                                                                        |   angle_CORDIC_c_addsub_v12_0_12_lut6_legacy__parameterized3_120_HD201 |         21 |         21 |       0 |    0 |     0 |      0 |      0 |            0 |
|                               i_q.i_simple.qreg                                                                             |            angle_CORDIC_c_reg_fd_v12_0_5_viv__parameterized2_121_HD202 |          0 |          0 |       0 |    0 |    20 |      0 |      0 |            0 |
|                   phase_slice                                                                                               |                        angle_CORDIC_cordic_pha_acc_slice_par_110_HD203 |         22 |         22 |       0 |    0 |    20 |      0 |      0 |            0 |
|                     phase_plus_atan                                                                                         |                          angle_CORDIC_addsub__parameterized3_111_HD204 |         22 |         22 |       0 |    0 |    20 |      0 |      0 |            0 |
|                       (phase_plus_atan)                                                                                     |                          angle_CORDIC_addsub__parameterized3_111_HD204 |          1 |          1 |       0 |    0 |     0 |      0 |      0 |            0 |
|                       inst                                                                                                  |           angle_CORDIC_c_addsub_v12_0_12_viv__parameterized3__18_HD205 |         21 |         21 |       0 |    0 |    20 |      0 |      0 |            0 |
|                         (inst)                                                                                              |           angle_CORDIC_c_addsub_v12_0_12_viv__parameterized3__18_HD205 |          0 |          0 |       0 |    0 |     0 |      0 |      0 |            0 |
|                         i_baseblox.i_baseblox_addsub                                                                        |        angle_CORDIC_c_addsub_v12_0_12_legacy__parameterized3_112_HD206 |         21 |         21 |       0 |    0 |    20 |      0 |      0 |            0 |
|                           no_pipelining.the_addsub                                                                          | angle_CORDIC_c_addsub_v12_0_12_fabric_legacy__parameterized3_113_HD207 |         21 |         21 |       0 |    0 |    20 |      0 |      0 |            0 |
|                             i_lut6.i_lut6_addsub                                                                            |   angle_CORDIC_c_addsub_v12_0_12_lut6_legacy__parameterized3_114_HD208 |         21 |         21 |       0 |    0 |    20 |      0 |      0 |            0 |
|                               (i_lut6.i_lut6_addsub)                                                                        |   angle_CORDIC_c_addsub_v12_0_12_lut6_legacy__parameterized3_114_HD208 |         21 |         21 |       0 |    0 |     0 |      0 |      0 |            0 |
|                               i_q.i_simple.qreg                                                                             |            angle_CORDIC_c_reg_fd_v12_0_5_viv__parameterized2_115_HD209 |          0 |          0 |       0 |    0 |    20 |      0 |      0 |            0 |
|                 gen_para_arch.gen_iteration[5].eng                                                                          |                angle_CORDIC_cordic_eng_slice_par__parameterized9_HD210 |         65 |         65 |       0 |    0 |    61 |      0 |      0 |            0 |
|                   cntrl                                                                                                     |                            angle_CORDIC_cordic_ctrl_slice_par_91_HD211 |          0 |          0 |       0 |    0 |     1 |      0 |      0 |            0 |
|                     engine_mode_dly                                                                                         |                       angle_CORDIC_delay_bit__parameterized1_108_HD212 |          0 |          0 |       0 |    0 |     1 |      0 |      0 |            0 |
|                   data_slice                                                                                                |            angle_CORDIC_cordic_dat_acc_slice_par__parameterized9_HD213 |         43 |         43 |       0 |    0 |    40 |      0 |      0 |            0 |
|                     x_plus_y_shift                                                                                          |                           angle_CORDIC_addsub__parameterized3_98_HD214 |         21 |         21 |       0 |    0 |    20 |      0 |      0 |            0 |
|                       (x_plus_y_shift)                                                                                      |                           angle_CORDIC_addsub__parameterized3_98_HD214 |          0 |          0 |       0 |    0 |     0 |      0 |      0 |            0 |
|                       inst                                                                                                  |           angle_CORDIC_c_addsub_v12_0_12_viv__parameterized3__19_HD215 |         21 |         21 |       0 |    0 |    20 |      0 |      0 |            0 |
|                         (inst)                                                                                              |           angle_CORDIC_c_addsub_v12_0_12_viv__parameterized3__19_HD215 |          0 |          0 |       0 |    0 |     0 |      0 |      0 |            0 |
|                         i_baseblox.i_baseblox_addsub                                                                        |        angle_CORDIC_c_addsub_v12_0_12_legacy__parameterized3_104_HD216 |         21 |         21 |       0 |    0 |    20 |      0 |      0 |            0 |
|                           no_pipelining.the_addsub                                                                          | angle_CORDIC_c_addsub_v12_0_12_fabric_legacy__parameterized3_105_HD217 |         21 |         21 |       0 |    0 |    20 |      0 |      0 |            0 |
|                             i_lut6.i_lut6_addsub                                                                            |   angle_CORDIC_c_addsub_v12_0_12_lut6_legacy__parameterized3_106_HD218 |         21 |         21 |       0 |    0 |    20 |      0 |      0 |            0 |
|                               (i_lut6.i_lut6_addsub)                                                                        |   angle_CORDIC_c_addsub_v12_0_12_lut6_legacy__parameterized3_106_HD218 |         21 |         21 |       0 |    0 |     0 |      0 |      0 |            0 |
|                               i_q.i_simple.qreg                                                                             |            angle_CORDIC_c_reg_fd_v12_0_5_viv__parameterized2_107_HD219 |          0 |          0 |       0 |    0 |    20 |      0 |      0 |            0 |
|                     y_plus_x_shift                                                                                          |                           angle_CORDIC_addsub__parameterized3_99_HD220 |         22 |         22 |       0 |    0 |    20 |      0 |      0 |            0 |
|                       (y_plus_x_shift)                                                                                      |                           angle_CORDIC_addsub__parameterized3_99_HD220 |          1 |          1 |       0 |    0 |     0 |      0 |      0 |            0 |
|                       inst                                                                                                  |           angle_CORDIC_c_addsub_v12_0_12_viv__parameterized3__20_HD221 |         21 |         21 |       0 |    0 |    20 |      0 |      0 |            0 |
|                         (inst)                                                                                              |           angle_CORDIC_c_addsub_v12_0_12_viv__parameterized3__20_HD221 |          0 |          0 |       0 |    0 |     0 |      0 |      0 |            0 |
|                         i_baseblox.i_baseblox_addsub                                                                        |        angle_CORDIC_c_addsub_v12_0_12_legacy__parameterized3_100_HD222 |         21 |         21 |       0 |    0 |    20 |      0 |      0 |            0 |
|                           no_pipelining.the_addsub                                                                          | angle_CORDIC_c_addsub_v12_0_12_fabric_legacy__parameterized3_101_HD223 |         21 |         21 |       0 |    0 |    20 |      0 |      0 |            0 |
|                             i_lut6.i_lut6_addsub                                                                            |   angle_CORDIC_c_addsub_v12_0_12_lut6_legacy__parameterized3_102_HD224 |         21 |         21 |       0 |    0 |    20 |      0 |      0 |            0 |
|                               (i_lut6.i_lut6_addsub)                                                                        |   angle_CORDIC_c_addsub_v12_0_12_lut6_legacy__parameterized3_102_HD224 |         21 |         21 |       0 |    0 |     0 |      0 |      0 |            0 |
|                               i_q.i_simple.qreg                                                                             |            angle_CORDIC_c_reg_fd_v12_0_5_viv__parameterized2_103_HD225 |          0 |          0 |       0 |    0 |    20 |      0 |      0 |            0 |
|                   phase_slice                                                                                               |                         angle_CORDIC_cordic_pha_acc_slice_par_92_HD226 |         22 |         22 |       0 |    0 |    20 |      0 |      0 |            0 |
|                     phase_plus_atan                                                                                         |                           angle_CORDIC_addsub__parameterized3_93_HD227 |         22 |         22 |       0 |    0 |    20 |      0 |      0 |            0 |
|                       (phase_plus_atan)                                                                                     |                           angle_CORDIC_addsub__parameterized3_93_HD227 |          1 |          1 |       0 |    0 |     0 |      0 |      0 |            0 |
|                       inst                                                                                                  |           angle_CORDIC_c_addsub_v12_0_12_viv__parameterized3__21_HD228 |         21 |         21 |       0 |    0 |    20 |      0 |      0 |            0 |
|                         (inst)                                                                                              |           angle_CORDIC_c_addsub_v12_0_12_viv__parameterized3__21_HD228 |          0 |          0 |       0 |    0 |     0 |      0 |      0 |            0 |
|                         i_baseblox.i_baseblox_addsub                                                                        |         angle_CORDIC_c_addsub_v12_0_12_legacy__parameterized3_94_HD229 |         21 |         21 |       0 |    0 |    20 |      0 |      0 |            0 |
|                           no_pipelining.the_addsub                                                                          |  angle_CORDIC_c_addsub_v12_0_12_fabric_legacy__parameterized3_95_HD230 |         21 |         21 |       0 |    0 |    20 |      0 |      0 |            0 |
|                             i_lut6.i_lut6_addsub                                                                            |    angle_CORDIC_c_addsub_v12_0_12_lut6_legacy__parameterized3_96_HD231 |         21 |         21 |       0 |    0 |    20 |      0 |      0 |            0 |
|                               (i_lut6.i_lut6_addsub)                                                                        |    angle_CORDIC_c_addsub_v12_0_12_lut6_legacy__parameterized3_96_HD231 |         21 |         21 |       0 |    0 |     0 |      0 |      0 |            0 |
|                               i_q.i_simple.qreg                                                                             |             angle_CORDIC_c_reg_fd_v12_0_5_viv__parameterized2_97_HD232 |          0 |          0 |       0 |    0 |    20 |      0 |      0 |            0 |
|                 gen_para_arch.gen_iteration[6].eng                                                                          |               angle_CORDIC_cordic_eng_slice_par__parameterized11_HD233 |         65 |         65 |       0 |    0 |    61 |      0 |      0 |            0 |
|                   cntrl                                                                                                     |                            angle_CORDIC_cordic_ctrl_slice_par_73_HD234 |          0 |          0 |       0 |    0 |     1 |      0 |      0 |            0 |
|                     engine_mode_dly                                                                                         |                        angle_CORDIC_delay_bit__parameterized1_90_HD235 |          0 |          0 |       0 |    0 |     1 |      0 |      0 |            0 |
|                   data_slice                                                                                                |           angle_CORDIC_cordic_dat_acc_slice_par__parameterized11_HD236 |         43 |         43 |       0 |    0 |    40 |      0 |      0 |            0 |
|                     x_plus_y_shift                                                                                          |                           angle_CORDIC_addsub__parameterized3_80_HD237 |         21 |         21 |       0 |    0 |    20 |      0 |      0 |            0 |
|                       (x_plus_y_shift)                                                                                      |                           angle_CORDIC_addsub__parameterized3_80_HD237 |          0 |          0 |       0 |    0 |     0 |      0 |      0 |            0 |
|                       inst                                                                                                  |           angle_CORDIC_c_addsub_v12_0_12_viv__parameterized3__22_HD238 |         21 |         21 |       0 |    0 |    20 |      0 |      0 |            0 |
|                         (inst)                                                                                              |           angle_CORDIC_c_addsub_v12_0_12_viv__parameterized3__22_HD238 |          0 |          0 |       0 |    0 |     0 |      0 |      0 |            0 |
|                         i_baseblox.i_baseblox_addsub                                                                        |         angle_CORDIC_c_addsub_v12_0_12_legacy__parameterized3_86_HD239 |         21 |         21 |       0 |    0 |    20 |      0 |      0 |            0 |
|                           no_pipelining.the_addsub                                                                          |  angle_CORDIC_c_addsub_v12_0_12_fabric_legacy__parameterized3_87_HD240 |         21 |         21 |       0 |    0 |    20 |      0 |      0 |            0 |
|                             i_lut6.i_lut6_addsub                                                                            |    angle_CORDIC_c_addsub_v12_0_12_lut6_legacy__parameterized3_88_HD241 |         21 |         21 |       0 |    0 |    20 |      0 |      0 |            0 |
|                               (i_lut6.i_lut6_addsub)                                                                        |    angle_CORDIC_c_addsub_v12_0_12_lut6_legacy__parameterized3_88_HD241 |         21 |         21 |       0 |    0 |     0 |      0 |      0 |            0 |
|                               i_q.i_simple.qreg                                                                             |             angle_CORDIC_c_reg_fd_v12_0_5_viv__parameterized2_89_HD242 |          0 |          0 |       0 |    0 |    20 |      0 |      0 |            0 |
|                     y_plus_x_shift                                                                                          |                           angle_CORDIC_addsub__parameterized3_81_HD243 |         22 |         22 |       0 |    0 |    20 |      0 |      0 |            0 |
|                       (y_plus_x_shift)                                                                                      |                           angle_CORDIC_addsub__parameterized3_81_HD243 |          1 |          1 |       0 |    0 |     0 |      0 |      0 |            0 |
|                       inst                                                                                                  |           angle_CORDIC_c_addsub_v12_0_12_viv__parameterized3__23_HD244 |         21 |         21 |       0 |    0 |    20 |      0 |      0 |            0 |
|                         (inst)                                                                                              |           angle_CORDIC_c_addsub_v12_0_12_viv__parameterized3__23_HD244 |          0 |          0 |       0 |    0 |     0 |      0 |      0 |            0 |
|                         i_baseblox.i_baseblox_addsub                                                                        |         angle_CORDIC_c_addsub_v12_0_12_legacy__parameterized3_82_HD245 |         21 |         21 |       0 |    0 |    20 |      0 |      0 |            0 |
|                           no_pipelining.the_addsub                                                                          |  angle_CORDIC_c_addsub_v12_0_12_fabric_legacy__parameterized3_83_HD246 |         21 |         21 |       0 |    0 |    20 |      0 |      0 |            0 |
|                             i_lut6.i_lut6_addsub                                                                            |    angle_CORDIC_c_addsub_v12_0_12_lut6_legacy__parameterized3_84_HD247 |         21 |         21 |       0 |    0 |    20 |      0 |      0 |            0 |
|                               (i_lut6.i_lut6_addsub)                                                                        |    angle_CORDIC_c_addsub_v12_0_12_lut6_legacy__parameterized3_84_HD247 |         21 |         21 |       0 |    0 |     0 |      0 |      0 |            0 |
|                               i_q.i_simple.qreg                                                                             |             angle_CORDIC_c_reg_fd_v12_0_5_viv__parameterized2_85_HD248 |          0 |          0 |       0 |    0 |    20 |      0 |      0 |            0 |
|                   phase_slice                                                                                               |                         angle_CORDIC_cordic_pha_acc_slice_par_74_HD249 |         22 |         22 |       0 |    0 |    20 |      0 |      0 |            0 |
|                     phase_plus_atan                                                                                         |                           angle_CORDIC_addsub__parameterized3_75_HD250 |         22 |         22 |       0 |    0 |    20 |      0 |      0 |            0 |
|                       (phase_plus_atan)                                                                                     |                           angle_CORDIC_addsub__parameterized3_75_HD250 |          1 |          1 |       0 |    0 |     0 |      0 |      0 |            0 |
|                       inst                                                                                                  |           angle_CORDIC_c_addsub_v12_0_12_viv__parameterized3__24_HD251 |         21 |         21 |       0 |    0 |    20 |      0 |      0 |            0 |
|                         (inst)                                                                                              |           angle_CORDIC_c_addsub_v12_0_12_viv__parameterized3__24_HD251 |          0 |          0 |       0 |    0 |     0 |      0 |      0 |            0 |
|                         i_baseblox.i_baseblox_addsub                                                                        |         angle_CORDIC_c_addsub_v12_0_12_legacy__parameterized3_76_HD252 |         21 |         21 |       0 |    0 |    20 |      0 |      0 |            0 |
|                           no_pipelining.the_addsub                                                                          |  angle_CORDIC_c_addsub_v12_0_12_fabric_legacy__parameterized3_77_HD253 |         21 |         21 |       0 |    0 |    20 |      0 |      0 |            0 |
|                             i_lut6.i_lut6_addsub                                                                            |    angle_CORDIC_c_addsub_v12_0_12_lut6_legacy__parameterized3_78_HD254 |         21 |         21 |       0 |    0 |    20 |      0 |      0 |            0 |
|                               (i_lut6.i_lut6_addsub)                                                                        |    angle_CORDIC_c_addsub_v12_0_12_lut6_legacy__parameterized3_78_HD254 |         21 |         21 |       0 |    0 |     0 |      0 |      0 |            0 |
|                               i_q.i_simple.qreg                                                                             |             angle_CORDIC_c_reg_fd_v12_0_5_viv__parameterized2_79_HD255 |          0 |          0 |       0 |    0 |    20 |      0 |      0 |            0 |
|                 gen_para_arch.gen_iteration[7].eng                                                                          |               angle_CORDIC_cordic_eng_slice_par__parameterized13_HD256 |         65 |         65 |       0 |    0 |    61 |      0 |      0 |            0 |
|                   cntrl                                                                                                     |                            angle_CORDIC_cordic_ctrl_slice_par_55_HD257 |          0 |          0 |       0 |    0 |     1 |      0 |      0 |            0 |
|                     engine_mode_dly                                                                                         |                        angle_CORDIC_delay_bit__parameterized1_72_HD258 |          0 |          0 |       0 |    0 |     1 |      0 |      0 |            0 |
|                   data_slice                                                                                                |           angle_CORDIC_cordic_dat_acc_slice_par__parameterized13_HD259 |         43 |         43 |       0 |    0 |    40 |      0 |      0 |            0 |
|                     x_plus_y_shift                                                                                          |                           angle_CORDIC_addsub__parameterized3_62_HD260 |         21 |         21 |       0 |    0 |    20 |      0 |      0 |            0 |
|                       (x_plus_y_shift)                                                                                      |                           angle_CORDIC_addsub__parameterized3_62_HD260 |          0 |          0 |       0 |    0 |     0 |      0 |      0 |            0 |
|                       inst                                                                                                  |           angle_CORDIC_c_addsub_v12_0_12_viv__parameterized3__25_HD261 |         21 |         21 |       0 |    0 |    20 |      0 |      0 |            0 |
|                         (inst)                                                                                              |           angle_CORDIC_c_addsub_v12_0_12_viv__parameterized3__25_HD261 |          0 |          0 |       0 |    0 |     0 |      0 |      0 |            0 |
|                         i_baseblox.i_baseblox_addsub                                                                        |         angle_CORDIC_c_addsub_v12_0_12_legacy__parameterized3_68_HD262 |         21 |         21 |       0 |    0 |    20 |      0 |      0 |            0 |
|                           no_pipelining.the_addsub                                                                          |  angle_CORDIC_c_addsub_v12_0_12_fabric_legacy__parameterized3_69_HD263 |         21 |         21 |       0 |    0 |    20 |      0 |      0 |            0 |
|                             i_lut6.i_lut6_addsub                                                                            |    angle_CORDIC_c_addsub_v12_0_12_lut6_legacy__parameterized3_70_HD264 |         21 |         21 |       0 |    0 |    20 |      0 |      0 |            0 |
|                               (i_lut6.i_lut6_addsub)                                                                        |    angle_CORDIC_c_addsub_v12_0_12_lut6_legacy__parameterized3_70_HD264 |         21 |         21 |       0 |    0 |     0 |      0 |      0 |            0 |
|                               i_q.i_simple.qreg                                                                             |             angle_CORDIC_c_reg_fd_v12_0_5_viv__parameterized2_71_HD265 |          0 |          0 |       0 |    0 |    20 |      0 |      0 |            0 |
|                     y_plus_x_shift                                                                                          |                           angle_CORDIC_addsub__parameterized3_63_HD266 |         22 |         22 |       0 |    0 |    20 |      0 |      0 |            0 |
|                       (y_plus_x_shift)                                                                                      |                           angle_CORDIC_addsub__parameterized3_63_HD266 |          1 |          1 |       0 |    0 |     0 |      0 |      0 |            0 |
|                       inst                                                                                                  |           angle_CORDIC_c_addsub_v12_0_12_viv__parameterized3__26_HD267 |         21 |         21 |       0 |    0 |    20 |      0 |      0 |            0 |
|                         (inst)                                                                                              |           angle_CORDIC_c_addsub_v12_0_12_viv__parameterized3__26_HD267 |          0 |          0 |       0 |    0 |     0 |      0 |      0 |            0 |
|                         i_baseblox.i_baseblox_addsub                                                                        |         angle_CORDIC_c_addsub_v12_0_12_legacy__parameterized3_64_HD268 |         21 |         21 |       0 |    0 |    20 |      0 |      0 |            0 |
|                           no_pipelining.the_addsub                                                                          |  angle_CORDIC_c_addsub_v12_0_12_fabric_legacy__parameterized3_65_HD269 |         21 |         21 |       0 |    0 |    20 |      0 |      0 |            0 |
|                             i_lut6.i_lut6_addsub                                                                            |    angle_CORDIC_c_addsub_v12_0_12_lut6_legacy__parameterized3_66_HD270 |         21 |         21 |       0 |    0 |    20 |      0 |      0 |            0 |
|                               (i_lut6.i_lut6_addsub)                                                                        |    angle_CORDIC_c_addsub_v12_0_12_lut6_legacy__parameterized3_66_HD270 |         21 |         21 |       0 |    0 |     0 |      0 |      0 |            0 |
|                               i_q.i_simple.qreg                                                                             |             angle_CORDIC_c_reg_fd_v12_0_5_viv__parameterized2_67_HD271 |          0 |          0 |       0 |    0 |    20 |      0 |      0 |            0 |
|                   phase_slice                                                                                               |                         angle_CORDIC_cordic_pha_acc_slice_par_56_HD272 |         22 |         22 |       0 |    0 |    20 |      0 |      0 |            0 |
|                     phase_plus_atan                                                                                         |                           angle_CORDIC_addsub__parameterized3_57_HD273 |         22 |         22 |       0 |    0 |    20 |      0 |      0 |            0 |
|                       (phase_plus_atan)                                                                                     |                           angle_CORDIC_addsub__parameterized3_57_HD273 |          1 |          1 |       0 |    0 |     0 |      0 |      0 |            0 |
|                       inst                                                                                                  |           angle_CORDIC_c_addsub_v12_0_12_viv__parameterized3__27_HD274 |         21 |         21 |       0 |    0 |    20 |      0 |      0 |            0 |
|                         (inst)                                                                                              |           angle_CORDIC_c_addsub_v12_0_12_viv__parameterized3__27_HD274 |          0 |          0 |       0 |    0 |     0 |      0 |      0 |            0 |
|                         i_baseblox.i_baseblox_addsub                                                                        |         angle_CORDIC_c_addsub_v12_0_12_legacy__parameterized3_58_HD275 |         21 |         21 |       0 |    0 |    20 |      0 |      0 |            0 |
|                           no_pipelining.the_addsub                                                                          |  angle_CORDIC_c_addsub_v12_0_12_fabric_legacy__parameterized3_59_HD276 |         21 |         21 |       0 |    0 |    20 |      0 |      0 |            0 |
|                             i_lut6.i_lut6_addsub                                                                            |    angle_CORDIC_c_addsub_v12_0_12_lut6_legacy__parameterized3_60_HD277 |         21 |         21 |       0 |    0 |    20 |      0 |      0 |            0 |
|                               (i_lut6.i_lut6_addsub)                                                                        |    angle_CORDIC_c_addsub_v12_0_12_lut6_legacy__parameterized3_60_HD277 |         21 |         21 |       0 |    0 |     0 |      0 |      0 |            0 |
|                               i_q.i_simple.qreg                                                                             |             angle_CORDIC_c_reg_fd_v12_0_5_viv__parameterized2_61_HD278 |          0 |          0 |       0 |    0 |    20 |      0 |      0 |            0 |
|                 gen_para_arch.gen_iteration[8].eng                                                                          |               angle_CORDIC_cordic_eng_slice_par__parameterized15_HD279 |         65 |         65 |       0 |    0 |    61 |      0 |      0 |            0 |
|                   cntrl                                                                                                     |                            angle_CORDIC_cordic_ctrl_slice_par_37_HD280 |          0 |          0 |       0 |    0 |     1 |      0 |      0 |            0 |
|                     engine_mode_dly                                                                                         |                        angle_CORDIC_delay_bit__parameterized1_54_HD281 |          0 |          0 |       0 |    0 |     1 |      0 |      0 |            0 |
|                   data_slice                                                                                                |           angle_CORDIC_cordic_dat_acc_slice_par__parameterized15_HD282 |         43 |         43 |       0 |    0 |    40 |      0 |      0 |            0 |
|                     x_plus_y_shift                                                                                          |                           angle_CORDIC_addsub__parameterized3_44_HD283 |         21 |         21 |       0 |    0 |    20 |      0 |      0 |            0 |
|                       (x_plus_y_shift)                                                                                      |                           angle_CORDIC_addsub__parameterized3_44_HD283 |          0 |          0 |       0 |    0 |     0 |      0 |      0 |            0 |
|                       inst                                                                                                  |           angle_CORDIC_c_addsub_v12_0_12_viv__parameterized3__28_HD284 |         21 |         21 |       0 |    0 |    20 |      0 |      0 |            0 |
|                         (inst)                                                                                              |           angle_CORDIC_c_addsub_v12_0_12_viv__parameterized3__28_HD284 |          0 |          0 |       0 |    0 |     0 |      0 |      0 |            0 |
|                         i_baseblox.i_baseblox_addsub                                                                        |         angle_CORDIC_c_addsub_v12_0_12_legacy__parameterized3_50_HD285 |         21 |         21 |       0 |    0 |    20 |      0 |      0 |            0 |
|                           no_pipelining.the_addsub                                                                          |  angle_CORDIC_c_addsub_v12_0_12_fabric_legacy__parameterized3_51_HD286 |         21 |         21 |       0 |    0 |    20 |      0 |      0 |            0 |
|                             i_lut6.i_lut6_addsub                                                                            |    angle_CORDIC_c_addsub_v12_0_12_lut6_legacy__parameterized3_52_HD287 |         21 |         21 |       0 |    0 |    20 |      0 |      0 |            0 |
|                               (i_lut6.i_lut6_addsub)                                                                        |    angle_CORDIC_c_addsub_v12_0_12_lut6_legacy__parameterized3_52_HD287 |         21 |         21 |       0 |    0 |     0 |      0 |      0 |            0 |
|                               i_q.i_simple.qreg                                                                             |             angle_CORDIC_c_reg_fd_v12_0_5_viv__parameterized2_53_HD288 |          0 |          0 |       0 |    0 |    20 |      0 |      0 |            0 |
|                     y_plus_x_shift                                                                                          |                           angle_CORDIC_addsub__parameterized3_45_HD289 |         22 |         22 |       0 |    0 |    20 |      0 |      0 |            0 |
|                       (y_plus_x_shift)                                                                                      |                           angle_CORDIC_addsub__parameterized3_45_HD289 |          1 |          1 |       0 |    0 |     0 |      0 |      0 |            0 |
|                       inst                                                                                                  |           angle_CORDIC_c_addsub_v12_0_12_viv__parameterized3__29_HD290 |         21 |         21 |       0 |    0 |    20 |      0 |      0 |            0 |
|                         (inst)                                                                                              |           angle_CORDIC_c_addsub_v12_0_12_viv__parameterized3__29_HD290 |          0 |          0 |       0 |    0 |     0 |      0 |      0 |            0 |
|                         i_baseblox.i_baseblox_addsub                                                                        |         angle_CORDIC_c_addsub_v12_0_12_legacy__parameterized3_46_HD291 |         21 |         21 |       0 |    0 |    20 |      0 |      0 |            0 |
|                           no_pipelining.the_addsub                                                                          |  angle_CORDIC_c_addsub_v12_0_12_fabric_legacy__parameterized3_47_HD292 |         21 |         21 |       0 |    0 |    20 |      0 |      0 |            0 |
|                             i_lut6.i_lut6_addsub                                                                            |    angle_CORDIC_c_addsub_v12_0_12_lut6_legacy__parameterized3_48_HD293 |         21 |         21 |       0 |    0 |    20 |      0 |      0 |            0 |
|                               (i_lut6.i_lut6_addsub)                                                                        |    angle_CORDIC_c_addsub_v12_0_12_lut6_legacy__parameterized3_48_HD293 |         21 |         21 |       0 |    0 |     0 |      0 |      0 |            0 |
|                               i_q.i_simple.qreg                                                                             |             angle_CORDIC_c_reg_fd_v12_0_5_viv__parameterized2_49_HD294 |          0 |          0 |       0 |    0 |    20 |      0 |      0 |            0 |
|                   phase_slice                                                                                               |                         angle_CORDIC_cordic_pha_acc_slice_par_38_HD295 |         22 |         22 |       0 |    0 |    20 |      0 |      0 |            0 |
|                     phase_plus_atan                                                                                         |                           angle_CORDIC_addsub__parameterized3_39_HD296 |         22 |         22 |       0 |    0 |    20 |      0 |      0 |            0 |
|                       (phase_plus_atan)                                                                                     |                           angle_CORDIC_addsub__parameterized3_39_HD296 |          1 |          1 |       0 |    0 |     0 |      0 |      0 |            0 |
|                       inst                                                                                                  |           angle_CORDIC_c_addsub_v12_0_12_viv__parameterized3__30_HD297 |         21 |         21 |       0 |    0 |    20 |      0 |      0 |            0 |
|                         (inst)                                                                                              |           angle_CORDIC_c_addsub_v12_0_12_viv__parameterized3__30_HD297 |          0 |          0 |       0 |    0 |     0 |      0 |      0 |            0 |
|                         i_baseblox.i_baseblox_addsub                                                                        |         angle_CORDIC_c_addsub_v12_0_12_legacy__parameterized3_40_HD298 |         21 |         21 |       0 |    0 |    20 |      0 |      0 |            0 |
|                           no_pipelining.the_addsub                                                                          |  angle_CORDIC_c_addsub_v12_0_12_fabric_legacy__parameterized3_41_HD299 |         21 |         21 |       0 |    0 |    20 |      0 |      0 |            0 |
|                             i_lut6.i_lut6_addsub                                                                            |    angle_CORDIC_c_addsub_v12_0_12_lut6_legacy__parameterized3_42_HD300 |         21 |         21 |       0 |    0 |    20 |      0 |      0 |            0 |
|                               (i_lut6.i_lut6_addsub)                                                                        |    angle_CORDIC_c_addsub_v12_0_12_lut6_legacy__parameterized3_42_HD300 |         21 |         21 |       0 |    0 |     0 |      0 |      0 |            0 |
|                               i_q.i_simple.qreg                                                                             |             angle_CORDIC_c_reg_fd_v12_0_5_viv__parameterized2_43_HD301 |          0 |          0 |       0 |    0 |    20 |      0 |      0 |            0 |
|                 gen_para_arch.gen_iteration[9].eng                                                                          |               angle_CORDIC_cordic_eng_slice_par__parameterized17_HD302 |         65 |         65 |       0 |    0 |    61 |      0 |      0 |            0 |
|                   cntrl                                                                                                     |                               angle_CORDIC_cordic_ctrl_slice_par_HD303 |          0 |          0 |       0 |    0 |     1 |      0 |      0 |            0 |
|                     engine_mode_dly                                                                                         |                        angle_CORDIC_delay_bit__parameterized1_36_HD304 |          0 |          0 |       0 |    0 |     1 |      0 |      0 |            0 |
|                   data_slice                                                                                                |           angle_CORDIC_cordic_dat_acc_slice_par__parameterized17_HD305 |         43 |         43 |       0 |    0 |    40 |      0 |      0 |            0 |
|                     x_plus_y_shift                                                                                          |                           angle_CORDIC_addsub__parameterized3_26_HD306 |         21 |         21 |       0 |    0 |    20 |      0 |      0 |            0 |
|                       (x_plus_y_shift)                                                                                      |                           angle_CORDIC_addsub__parameterized3_26_HD306 |          0 |          0 |       0 |    0 |     0 |      0 |      0 |            0 |
|                       inst                                                                                                  |           angle_CORDIC_c_addsub_v12_0_12_viv__parameterized3__31_HD307 |         21 |         21 |       0 |    0 |    20 |      0 |      0 |            0 |
|                         (inst)                                                                                              |           angle_CORDIC_c_addsub_v12_0_12_viv__parameterized3__31_HD307 |          0 |          0 |       0 |    0 |     0 |      0 |      0 |            0 |
|                         i_baseblox.i_baseblox_addsub                                                                        |         angle_CORDIC_c_addsub_v12_0_12_legacy__parameterized3_32_HD308 |         21 |         21 |       0 |    0 |    20 |      0 |      0 |            0 |
|                           no_pipelining.the_addsub                                                                          |  angle_CORDIC_c_addsub_v12_0_12_fabric_legacy__parameterized3_33_HD309 |         21 |         21 |       0 |    0 |    20 |      0 |      0 |            0 |
|                             i_lut6.i_lut6_addsub                                                                            |    angle_CORDIC_c_addsub_v12_0_12_lut6_legacy__parameterized3_34_HD310 |         21 |         21 |       0 |    0 |    20 |      0 |      0 |            0 |
|                               (i_lut6.i_lut6_addsub)                                                                        |    angle_CORDIC_c_addsub_v12_0_12_lut6_legacy__parameterized3_34_HD310 |         21 |         21 |       0 |    0 |     0 |      0 |      0 |            0 |
|                               i_q.i_simple.qreg                                                                             |             angle_CORDIC_c_reg_fd_v12_0_5_viv__parameterized2_35_HD311 |          0 |          0 |       0 |    0 |    20 |      0 |      0 |            0 |
|                     y_plus_x_shift                                                                                          |                           angle_CORDIC_addsub__parameterized3_27_HD312 |         22 |         22 |       0 |    0 |    20 |      0 |      0 |            0 |
|                       (y_plus_x_shift)                                                                                      |                           angle_CORDIC_addsub__parameterized3_27_HD312 |          1 |          1 |       0 |    0 |     0 |      0 |      0 |            0 |
|                       inst                                                                                                  |           angle_CORDIC_c_addsub_v12_0_12_viv__parameterized3__32_HD313 |         21 |         21 |       0 |    0 |    20 |      0 |      0 |            0 |
|                         (inst)                                                                                              |           angle_CORDIC_c_addsub_v12_0_12_viv__parameterized3__32_HD313 |          0 |          0 |       0 |    0 |     0 |      0 |      0 |            0 |
|                         i_baseblox.i_baseblox_addsub                                                                        |         angle_CORDIC_c_addsub_v12_0_12_legacy__parameterized3_28_HD314 |         21 |         21 |       0 |    0 |    20 |      0 |      0 |            0 |
|                           no_pipelining.the_addsub                                                                          |  angle_CORDIC_c_addsub_v12_0_12_fabric_legacy__parameterized3_29_HD315 |         21 |         21 |       0 |    0 |    20 |      0 |      0 |            0 |
|                             i_lut6.i_lut6_addsub                                                                            |    angle_CORDIC_c_addsub_v12_0_12_lut6_legacy__parameterized3_30_HD316 |         21 |         21 |       0 |    0 |    20 |      0 |      0 |            0 |
|                               (i_lut6.i_lut6_addsub)                                                                        |    angle_CORDIC_c_addsub_v12_0_12_lut6_legacy__parameterized3_30_HD316 |         21 |         21 |       0 |    0 |     0 |      0 |      0 |            0 |
|                               i_q.i_simple.qreg                                                                             |             angle_CORDIC_c_reg_fd_v12_0_5_viv__parameterized2_31_HD317 |          0 |          0 |       0 |    0 |    20 |      0 |      0 |            0 |
|                   phase_slice                                                                                               |                            angle_CORDIC_cordic_pha_acc_slice_par_HD318 |         22 |         22 |       0 |    0 |    20 |      0 |      0 |            0 |
|                     phase_plus_atan                                                                                         |                           angle_CORDIC_addsub__parameterized3_21_HD319 |         22 |         22 |       0 |    0 |    20 |      0 |      0 |            0 |
|                       (phase_plus_atan)                                                                                     |                           angle_CORDIC_addsub__parameterized3_21_HD319 |          1 |          1 |       0 |    0 |     0 |      0 |      0 |            0 |
|                       inst                                                                                                  |           angle_CORDIC_c_addsub_v12_0_12_viv__parameterized3__33_HD320 |         21 |         21 |       0 |    0 |    20 |      0 |      0 |            0 |
|                         (inst)                                                                                              |           angle_CORDIC_c_addsub_v12_0_12_viv__parameterized3__33_HD320 |          0 |          0 |       0 |    0 |     0 |      0 |      0 |            0 |
|                         i_baseblox.i_baseblox_addsub                                                                        |         angle_CORDIC_c_addsub_v12_0_12_legacy__parameterized3_22_HD321 |         21 |         21 |       0 |    0 |    20 |      0 |      0 |            0 |
|                           no_pipelining.the_addsub                                                                          |  angle_CORDIC_c_addsub_v12_0_12_fabric_legacy__parameterized3_23_HD322 |         21 |         21 |       0 |    0 |    20 |      0 |      0 |            0 |
|                             i_lut6.i_lut6_addsub                                                                            |    angle_CORDIC_c_addsub_v12_0_12_lut6_legacy__parameterized3_24_HD323 |         21 |         21 |       0 |    0 |    20 |      0 |      0 |            0 |
|                               (i_lut6.i_lut6_addsub)                                                                        |    angle_CORDIC_c_addsub_v12_0_12_lut6_legacy__parameterized3_24_HD323 |         21 |         21 |       0 |    0 |     0 |      0 |      0 |            0 |
|                               i_q.i_simple.qreg                                                                             |             angle_CORDIC_c_reg_fd_v12_0_5_viv__parameterized2_25_HD324 |          0 |          0 |       0 |    0 |    20 |      0 |      0 |            0 |
|               gen_cordic.input_stage                                                                                        |                                   angle_CORDIC_cordic_inp_config_HD325 |         98 |         97 |       0 |    1 |    74 |      0 |      0 |            0 |
|                 (gen_cordic.input_stage)                                                                                    |                                   angle_CORDIC_cordic_inp_config_HD325 |         18 |         18 |       0 |    0 |     0 |      0 |      0 |            0 |
|                 gen_rotation.gen_rot_control.gen_nd_cr                                                                      |                                         angle_CORDIC_delay_bit_7_HD326 |          1 |          0 |       0 |    1 |     0 |      0 |      0 |            0 |
|                 gen_rotation.gen_rot_xy.gen_data_x_int_dly                                                                  |                                             angle_CORDIC_delay_8_HD327 |          0 |          0 |       0 |    0 |    16 |      0 |      0 |            0 |
|                 gen_rotation.gen_rot_xy.gen_data_y_int_dly                                                                  |                                             angle_CORDIC_delay_9_HD328 |          0 |          0 |       0 |    0 |    16 |      0 |      0 |            0 |
|                 gen_rotation.gen_rot_xy.gen_neg_data_x_swap                                                                 |                           angle_CORDIC_addsub__parameterized3_10_HD329 |         21 |         21 |       0 |    0 |    20 |      0 |      0 |            0 |
|                   (gen_rotation.gen_rot_xy.gen_neg_data_x_swap)                                                             |                           angle_CORDIC_addsub__parameterized3_10_HD329 |          0 |          0 |       0 |    0 |     0 |      0 |      0 |            0 |
|                   inst                                                                                                      |            angle_CORDIC_c_addsub_v12_0_12_viv__parameterized3__1_HD330 |         21 |         21 |       0 |    0 |    20 |      0 |      0 |            0 |
|                     (inst)                                                                                                  |            angle_CORDIC_c_addsub_v12_0_12_viv__parameterized3__1_HD330 |          0 |          0 |       0 |    0 |     0 |      0 |      0 |            0 |
|                     i_baseblox.i_baseblox_addsub                                                                            |         angle_CORDIC_c_addsub_v12_0_12_legacy__parameterized3_17_HD331 |         21 |         21 |       0 |    0 |    20 |      0 |      0 |            0 |
|                       no_pipelining.the_addsub                                                                              |  angle_CORDIC_c_addsub_v12_0_12_fabric_legacy__parameterized3_18_HD332 |         21 |         21 |       0 |    0 |    20 |      0 |      0 |            0 |
|                         i_lut6.i_lut6_addsub                                                                                |    angle_CORDIC_c_addsub_v12_0_12_lut6_legacy__parameterized3_19_HD333 |         21 |         21 |       0 |    0 |    20 |      0 |      0 |            0 |
|                           (i_lut6.i_lut6_addsub)                                                                            |    angle_CORDIC_c_addsub_v12_0_12_lut6_legacy__parameterized3_19_HD333 |         21 |         21 |       0 |    0 |     0 |      0 |      0 |            0 |
|                           i_q.i_simple.qreg                                                                                 |             angle_CORDIC_c_reg_fd_v12_0_5_viv__parameterized2_20_HD334 |          0 |          0 |       0 |    0 |    20 |      0 |      0 |            0 |
|                 gen_rotation.gen_rot_xy.gen_neg_data_y_swap                                                                 |                           angle_CORDIC_addsub__parameterized3_11_HD335 |         22 |         22 |       0 |    0 |    20 |      0 |      0 |            0 |
|                   (gen_rotation.gen_rot_xy.gen_neg_data_y_swap)                                                             |                           angle_CORDIC_addsub__parameterized3_11_HD335 |          1 |          1 |       0 |    0 |     0 |      0 |      0 |            0 |
|                   inst                                                                                                      |            angle_CORDIC_c_addsub_v12_0_12_viv__parameterized3__2_HD336 |         21 |         21 |       0 |    0 |    20 |      0 |      0 |            0 |
|                     (inst)                                                                                                  |            angle_CORDIC_c_addsub_v12_0_12_viv__parameterized3__2_HD336 |          0 |          0 |       0 |    0 |     0 |      0 |      0 |            0 |
|                     i_baseblox.i_baseblox_addsub                                                                            |         angle_CORDIC_c_addsub_v12_0_12_legacy__parameterized3_13_HD337 |         21 |         21 |       0 |    0 |    20 |      0 |      0 |            0 |
|                       no_pipelining.the_addsub                                                                              |  angle_CORDIC_c_addsub_v12_0_12_fabric_legacy__parameterized3_14_HD338 |         21 |         21 |       0 |    0 |    20 |      0 |      0 |            0 |
|                         i_lut6.i_lut6_addsub                                                                                |    angle_CORDIC_c_addsub_v12_0_12_lut6_legacy__parameterized3_15_HD339 |         21 |         21 |       0 |    0 |    20 |      0 |      0 |            0 |
|                           (i_lut6.i_lut6_addsub)                                                                            |    angle_CORDIC_c_addsub_v12_0_12_lut6_legacy__parameterized3_15_HD339 |         21 |         21 |       0 |    0 |     0 |      0 |      0 |            0 |
|                           i_q.i_simple.qreg                                                                                 |             angle_CORDIC_c_reg_fd_v12_0_5_viv__parameterized2_16_HD340 |          0 |          0 |       0 |    0 |    20 |      0 |      0 |            0 |
|                 gen_rotation.gen_rot_xy.gen_x_min_y                                                                         |                                              angle_CORDIC_addsub_HD341 |         18 |         18 |       0 |    0 |     1 |      0 |      0 |            0 |
|                   (gen_rotation.gen_rot_xy.gen_x_min_y)                                                                     |                                              angle_CORDIC_addsub_HD341 |          1 |          1 |       0 |    0 |     0 |      0 |      0 |            0 |
|                   inst                                                                                                      |                               angle_CORDIC_c_addsub_v12_0_12_viv_HD342 |         17 |         17 |       0 |    0 |     1 |      0 |      0 |            0 |
|                     (inst)                                                                                                  |                               angle_CORDIC_c_addsub_v12_0_12_viv_HD342 |          0 |          0 |       0 |    0 |     0 |      0 |      0 |            0 |
|                     i_baseblox.i_baseblox_addsub                                                                            |                            angle_CORDIC_c_addsub_v12_0_12_legacy_HD343 |         17 |         17 |       0 |    0 |     1 |      0 |      0 |            0 |
|                       no_pipelining.the_addsub                                                                              |                     angle_CORDIC_c_addsub_v12_0_12_fabric_legacy_HD344 |         17 |         17 |       0 |    0 |     1 |      0 |      0 |            0 |
|                         i_lut6.i_lut6_addsub                                                                                |                       angle_CORDIC_c_addsub_v12_0_12_lut6_legacy_HD345 |         17 |         17 |       0 |    0 |     1 |      0 |      0 |            0 |
|                           (i_lut6.i_lut6_addsub)                                                                            |                       angle_CORDIC_c_addsub_v12_0_12_lut6_legacy_HD345 |         17 |         17 |       0 |    0 |     0 |      0 |      0 |            0 |
|                           i_q.i_simple.qreg                                                                                 |                             angle_CORDIC_c_reg_fd_v12_0_5_viv_12_HD346 |          0 |          0 |       0 |    0 |     1 |      0 |      0 |            0 |
|                 gen_rotation.gen_rot_xy.gen_x_plus_y                                                                        |                              angle_CORDIC_addsub__parameterized1_HD347 |         18 |         18 |       0 |    0 |     1 |      0 |      0 |            0 |
|                   (gen_rotation.gen_rot_xy.gen_x_plus_y)                                                                    |                              angle_CORDIC_addsub__parameterized1_HD347 |          1 |          1 |       0 |    0 |     0 |      0 |      0 |            0 |
|                   inst                                                                                                      |               angle_CORDIC_c_addsub_v12_0_12_viv__parameterized1_HD348 |         17 |         17 |       0 |    0 |     1 |      0 |      0 |            0 |
|                     (inst)                                                                                                  |               angle_CORDIC_c_addsub_v12_0_12_viv__parameterized1_HD348 |          0 |          0 |       0 |    0 |     0 |      0 |      0 |            0 |
|                     i_baseblox.i_baseblox_addsub                                                                            |            angle_CORDIC_c_addsub_v12_0_12_legacy__parameterized1_HD349 |         17 |         17 |       0 |    0 |     1 |      0 |      0 |            0 |
|                       no_pipelining.the_addsub                                                                              |     angle_CORDIC_c_addsub_v12_0_12_fabric_legacy__parameterized1_HD350 |         17 |         17 |       0 |    0 |     1 |      0 |      0 |            0 |
|                         i_lut6.i_lut6_addsub                                                                                |       angle_CORDIC_c_addsub_v12_0_12_lut6_legacy__parameterized1_HD351 |         17 |         17 |       0 |    0 |     1 |      0 |      0 |            0 |
|                           (i_lut6.i_lut6_addsub)                                                                            |       angle_CORDIC_c_addsub_v12_0_12_lut6_legacy__parameterized1_HD351 |         17 |         17 |       0 |    0 |     0 |      0 |      0 |            0 |
|                           i_q.i_simple.qreg                                                                                 |                                angle_CORDIC_c_reg_fd_v12_0_5_viv_HD352 |          0 |          0 |       0 |    0 |     1 |      0 |      0 |            0 |
|               gen_cordic.output_stage                                                                                       |                                   angle_CORDIC_cordic_out_config_HD353 |         51 |         30 |       0 |   21 |    96 |      0 |      0 |            0 |
|                 (gen_cordic.output_stage)                                                                                   |                                   angle_CORDIC_cordic_out_config_HD353 |          1 |          1 |       0 |    0 |     0 |      0 |      0 |            0 |
|                 gen_phase_out.round                                                                                         |                                        angle_CORDIC_cordic_round_HD354 |          3 |          3 |       0 |    0 |    16 |      0 |      0 |            0 |
|                   gen_nearest_even.adder                                                                                    |                            angle_CORDIC_addsub__parameterized5_2_HD355 |          3 |          3 |       0 |    0 |    16 |      0 |      0 |            0 |
|                     (gen_nearest_even.adder)                                                                                |                            angle_CORDIC_addsub__parameterized5_2_HD355 |          0 |          0 |       0 |    0 |     0 |      0 |      0 |            0 |
|                     inst                                                                                                    |               angle_CORDIC_c_addsub_v12_0_12_viv__parameterized5_HD356 |          3 |          3 |       0 |    0 |    16 |      0 |      0 |            0 |
|                       (inst)                                                                                                |               angle_CORDIC_c_addsub_v12_0_12_viv__parameterized5_HD356 |          0 |          0 |       0 |    0 |     0 |      0 |      0 |            0 |
|                       i_baseblox.i_baseblox_addsub                                                                          |          angle_CORDIC_c_addsub_v12_0_12_legacy__parameterized5_3_HD357 |          3 |          3 |       0 |    0 |    16 |      0 |      0 |            0 |
|                         no_pipelining.the_addsub                                                                            |   angle_CORDIC_c_addsub_v12_0_12_fabric_legacy__parameterized5_4_HD358 |          3 |          3 |       0 |    0 |    16 |      0 |      0 |            0 |
|                           i_lut6.i_lut6_addsub                                                                              |     angle_CORDIC_c_addsub_v12_0_12_lut6_legacy__parameterized5_5_HD359 |          3 |          3 |       0 |    0 |    16 |      0 |      0 |            0 |
|                             (i_lut6.i_lut6_addsub)                                                                          |     angle_CORDIC_c_addsub_v12_0_12_lut6_legacy__parameterized5_5_HD359 |          3 |          3 |       0 |    0 |     0 |      0 |      0 |            0 |
|                             i_q.i_simple.qreg                                                                               |              angle_CORDIC_c_reg_fd_v12_0_5_viv__parameterized4_6_HD360 |          0 |          0 |       0 |    0 |    16 |      0 |      0 |            0 |
|                 gen_rotation.gen_rdy_cr                                                                                     |                                           angle_CORDIC_delay_bit_HD361 |          1 |          0 |       0 |    1 |     1 |      0 |      0 |            0 |
|                 gen_rotation.gen_translate.gen_phase_addsub_reg                                                             |                           angle_CORDIC_delay_bit__parameterized1_HD362 |          0 |          0 |       0 |    0 |     1 |      0 |      0 |            0 |
|                 gen_rotation.gen_translate.gen_phase_cr                                                                     |                              angle_CORDIC_addsub__parameterized3_HD363 |         22 |         22 |       0 |    0 |    20 |      0 |      0 |            0 |
|                   (gen_rotation.gen_translate.gen_phase_cr)                                                                 |                              angle_CORDIC_addsub__parameterized3_HD363 |          1 |          1 |       0 |    0 |     0 |      0 |      0 |            0 |
|                   inst                                                                                                      |               angle_CORDIC_c_addsub_v12_0_12_viv__parameterized3_HD364 |         21 |         21 |       0 |    0 |    20 |      0 |      0 |            0 |
|                     (inst)                                                                                                  |               angle_CORDIC_c_addsub_v12_0_12_viv__parameterized3_HD364 |          0 |          0 |       0 |    0 |     0 |      0 |      0 |            0 |
|                     i_baseblox.i_baseblox_addsub                                                                            |            angle_CORDIC_c_addsub_v12_0_12_legacy__parameterized3_HD365 |         21 |         21 |       0 |    0 |    20 |      0 |      0 |            0 |
|                       no_pipelining.the_addsub                                                                              |     angle_CORDIC_c_addsub_v12_0_12_fabric_legacy__parameterized3_HD366 |         21 |         21 |       0 |    0 |    20 |      0 |      0 |            0 |
|                         i_lut6.i_lut6_addsub                                                                                |       angle_CORDIC_c_addsub_v12_0_12_lut6_legacy__parameterized3_HD367 |         21 |         21 |       0 |    0 |    20 |      0 |      0 |            0 |
|                           (i_lut6.i_lut6_addsub)                                                                            |       angle_CORDIC_c_addsub_v12_0_12_lut6_legacy__parameterized3_HD367 |         21 |         21 |       0 |    0 |     0 |      0 |      0 |            0 |
|                           i_q.i_simple.qreg                                                                                 |                angle_CORDIC_c_reg_fd_v12_0_5_viv__parameterized2_HD368 |          0 |          0 |       0 |    0 |    20 |      0 |      0 |            0 |
|                 gen_rotation.gen_translate.gen_phase_in_reg                                                                 |                                               angle_CORDIC_delay_HD369 |          0 |          0 |       0 |    0 |    20 |      0 |      0 |            0 |
|                 gen_rotation.gen_translate.gen_phase_rot_reg                                                                |                                             angle_CORDIC_delay_0_HD370 |          0 |          0 |       0 |    0 |     2 |      0 |      0 |            0 |
|                 gen_rotation.gen_translate.gen_x_out.gen_data_x_cr                                                          |                               angle_CORDIC_delay__parameterized6_HD371 |         21 |          1 |       0 |   20 |    20 |      0 |      0 |            0 |
|                 gen_x_out.round                                                                                             |                                      angle_CORDIC_cordic_round_1_HD372 |          3 |          3 |       0 |    0 |    16 |      0 |      0 |            0 |
|                   gen_nearest_even.adder                                                                                    |                              angle_CORDIC_addsub__parameterized5_HD373 |          3 |          3 |       0 |    0 |    16 |      0 |      0 |            0 |
|                     (gen_nearest_even.adder)                                                                                |                              angle_CORDIC_addsub__parameterized5_HD373 |          0 |          0 |       0 |    0 |     0 |      0 |      0 |            0 |
|                     inst                                                                                                    |            angle_CORDIC_c_addsub_v12_0_12_viv__parameterized5__1_HD374 |          3 |          3 |       0 |    0 |    16 |      0 |      0 |            0 |
|                       (inst)                                                                                                |            angle_CORDIC_c_addsub_v12_0_12_viv__parameterized5__1_HD374 |          0 |          0 |       0 |    0 |     0 |      0 |      0 |            0 |
|                       i_baseblox.i_baseblox_addsub                                                                          |            angle_CORDIC_c_addsub_v12_0_12_legacy__parameterized5_HD375 |          3 |          3 |       0 |    0 |    16 |      0 |      0 |            0 |
|                         no_pipelining.the_addsub                                                                            |     angle_CORDIC_c_addsub_v12_0_12_fabric_legacy__parameterized5_HD376 |          3 |          3 |       0 |    0 |    16 |      0 |      0 |            0 |
|                           i_lut6.i_lut6_addsub                                                                              |       angle_CORDIC_c_addsub_v12_0_12_lut6_legacy__parameterized5_HD377 |          3 |          3 |       0 |    0 |    16 |      0 |      0 |            0 |
|                             (i_lut6.i_lut6_addsub)                                                                          |       angle_CORDIC_c_addsub_v12_0_12_lut6_legacy__parameterized5_HD377 |          3 |          3 |       0 |    0 |     0 |      0 |      0 |            0 |
|                             i_q.i_simple.qreg                                                                               |                angle_CORDIC_c_reg_fd_v12_0_5_viv__parameterized4_HD378 |          0 |          0 |       0 |    0 |    16 |      0 |      0 |            0 |
|       post_iq_cic_inst                                                                                                      |                                                    post_iq_cic_stage_a |        910 |        910 |       0 |    0 |  1574 |      0 |      0 |            0 |
|       tracking_lo_dds_inst                                                                                                  |                                                         LO_DDS_H_HD380 |        140 |         89 |       0 |   51 |   330 |      7 |      1 |            1 |
|         (tracking_lo_dds_inst)                                                                                              |                                                         LO_DDS_H_HD380 |          0 |          0 |       0 |    0 |     0 |      0 |      0 |            0 |
|         U0                                                                                                                  |                                    LO_DDS_H_dds_compiler_v6_0_17_HD381 |        140 |         89 |       0 |   51 |   330 |      7 |      1 |            1 |
|           (U0)                                                                                                              |                                    LO_DDS_H_dds_compiler_v6_0_17_HD381 |          0 |          0 |       0 |    0 |     0 |      0 |      0 |            0 |
|           i_synth                                                                                                           |                                LO_DDS_H_dds_compiler_v6_0_17_viv_HD382 |        140 |         89 |       0 |   51 |   330 |      7 |      1 |            1 |
|             (i_synth)                                                                                                       |                                LO_DDS_H_dds_compiler_v6_0_17_viv_HD382 |          0 |          0 |       0 |    0 |    49 |      0 |      0 |            0 |
|             has_s_phase.ce_i_delay                                                                                          |                    LO_DDS_H_xbip_pipe_v3_0_5_viv__parameterized0_HD383 |          0 |          0 |       0 |    0 |     1 |      0 |      0 |            0 |
|             i_dds                                                                                                           |                               LO_DDS_H_dds_compiler_v6_0_17_core_HD384 |        138 |         88 |       0 |   50 |   277 |      7 |      1 |            1 |
|               I_PHASEGEN.i_conventional_accum.i_accum                                                                       |                                                   LO_DDS_H_accum_HD385 |         24 |         24 |       0 |    0 |     0 |      0 |      0 |            1 |
|                 i_dsp48.i_struct.i_single_channel.I_DSP                                                                     |                                              LO_DDS_H_dsp48_wrap_HD386 |         24 |         24 |       0 |    0 |     0 |      0 |      0 |            1 |
|               I_PHASEGEN.i_conventional_accum.i_phase_final_speedup                                                         |                    LO_DDS_H_xbip_pipe_v3_0_5_viv__parameterized4_HD387 |         15 |         15 |       0 |    0 |    48 |      0 |      0 |            0 |
|               I_SINCOS.i_std_rom.i_rom                                                                                      |                                                 LO_DDS_H_sin_cos_HD388 |         47 |         45 |       0 |    2 |   128 |      7 |      1 |            0 |
|                 (I_SINCOS.i_std_rom.i_rom)                                                                                  |                                                 LO_DDS_H_sin_cos_HD388 |         19 |         19 |       0 |    0 |    28 |      7 |      1 |            0 |
|                 i_rtl.i_quarter_table.i_addr_reg_c                                                                          |                    LO_DDS_H_xbip_pipe_v3_0_5_viv__parameterized8_HD389 |         10 |          8 |       0 |    2 |     4 |      0 |      0 |            0 |
|                 i_rtl.i_quarter_table.i_piped_map.i_cardinal_cos_ls                                                         |                   LO_DDS_H_xbip_pipe_v3_0_5_viv__parameterized12_HD390 |          0 |          0 |       0 |    0 |     8 |      0 |      0 |            0 |
|                 i_rtl.i_quarter_table.i_piped_map.i_cardinal_cos_ms                                                         |                 LO_DDS_H_xbip_pipe_v3_0_5_viv__parameterized12_1_HD391 |          0 |          0 |       0 |    0 |     8 |      0 |      0 |            0 |
|                 i_rtl.i_quarter_table.i_piped_map.i_cardinal_sin_ls                                                         |                 LO_DDS_H_xbip_pipe_v3_0_5_viv__parameterized12_2_HD392 |          0 |          0 |       0 |    0 |     8 |      0 |      0 |            0 |
|                 i_rtl.i_quarter_table.i_piped_map.i_cardinal_sin_ms                                                         |                 LO_DDS_H_xbip_pipe_v3_0_5_viv__parameterized12_3_HD393 |          0 |          0 |       0 |    0 |     8 |      0 |      0 |            0 |
|                 i_rtl.i_quarter_table.i_piped_map.i_original_cos_ls                                                         |                   LO_DDS_H_xbip_pipe_v3_0_5_viv__parameterized14_HD394 |          0 |          0 |       0 |    0 |     9 |      0 |      0 |            0 |
|                 i_rtl.i_quarter_table.i_piped_map.i_original_cos_ms                                                         |                 LO_DDS_H_xbip_pipe_v3_0_5_viv__parameterized12_4_HD395 |          0 |          0 |       0 |    0 |     8 |      0 |      0 |            0 |
|                 i_rtl.i_quarter_table.i_piped_map.i_original_sin_ls                                                         |                 LO_DDS_H_xbip_pipe_v3_0_5_viv__parameterized14_5_HD396 |          0 |          0 |       0 |    0 |     9 |      0 |      0 |            0 |
|                 i_rtl.i_quarter_table.i_piped_map.i_original_sin_ms                                                         |                 LO_DDS_H_xbip_pipe_v3_0_5_viv__parameterized12_6_HD397 |          0 |          0 |       0 |    0 |     8 |      0 |      0 |            0 |
|                 i_rtl.i_quarter_table.i_rom_reg_a                                                                           |                   LO_DDS_H_xbip_pipe_v3_0_5_viv__parameterized10_HD398 |          9 |          9 |       0 |    0 |    15 |      0 |      0 |            0 |
|                 i_rtl.i_quarter_table.i_rom_reg_b                                                                           |                 LO_DDS_H_xbip_pipe_v3_0_5_viv__parameterized10_7_HD399 |          9 |          9 |       0 |    0 |    15 |      0 |      0 |            0 |
|               i_phase_out.del                                                                                               |                    LO_DDS_H_xbip_pipe_v3_0_5_viv__parameterized6_HD400 |         48 |          0 |       0 |   48 |    96 |      0 |      0 |            0 |
|               i_rdy.rdy_logic                                                                                               |                                LO_DDS_H_dds_compiler_v6_0_17_rdy_HD401 |          4 |          4 |       0 |    0 |     5 |      0 |      0 |            0 |
|                 (i_rdy.rdy_logic)                                                                                           |                                LO_DDS_H_dds_compiler_v6_0_17_rdy_HD401 |          3 |          3 |       0 |    0 |     4 |      0 |      0 |            0 |
|                 i_single_channel.i_non_trivial_lat.i_rdy                                                                    |                    LO_DDS_H_xbip_pipe_v3_0_5_viv__parameterized2_HD402 |          1 |          1 |       0 |    0 |     1 |      0 |      0 |            0 |
|             i_has_nd_rdy_pipe.channel_pipe                                                                                  |                                    LO_DDS_H_xbip_pipe_v3_0_5_viv_HD403 |          0 |          0 |       0 |    0 |     1 |      0 |      0 |            0 |
|             i_has_nd_rdy_pipe.valid_phase_read_del                                                                          |                                  LO_DDS_H_xbip_pipe_v3_0_5_viv_0_HD404 |          2 |          1 |       0 |    1 |     2 |      0 |      0 |            0 |
|     pre_iq_cic_40_inst                                                                                                      |                                                         cic_compiler_0 |        268 |        221 |       0 |   47 |   375 |      0 |      0 |            0 |
|       (pre_iq_cic_40_inst)                                                                                                  |                                                         cic_compiler_0 |          0 |          0 |       0 |    0 |     0 |      0 |      0 |            0 |
|       U0                                                                                                                    |                                    cic_compiler_0_cic_compiler_v4_0_13 |        268 |        221 |       0 |   47 |   375 |      0 |      0 |            0 |
|         (U0)                                                                                                                |                                    cic_compiler_0_cic_compiler_v4_0_13 |          0 |          0 |       0 |    0 |     0 |      0 |      0 |            0 |
|         i_synth                                                                                                             |                                cic_compiler_0_cic_compiler_v4_0_13_viv |        268 |        221 |       0 |   47 |   375 |      0 |      0 |            0 |
|           (i_synth)                                                                                                         |                                cic_compiler_0_cic_compiler_v4_0_13_viv |          9 |          9 |       0 |    0 |     0 |      0 |      0 |            0 |
|           decimator.decimation_filter                                                                                       |                                                cic_compiler_0_decimate |        259 |        212 |       0 |   47 |   375 |      0 |      0 |            0 |
|             (decimator.decimation_filter)                                                                                   |                                                cic_compiler_0_decimate |         16 |         16 |       0 |    0 |    52 |      0 |      0 |            0 |
|             comb                                                                                                            |                        cic_compiler_0_int_comb_section__parameterized0 |         78 |         56 |       0 |   22 |    89 |      0 |      0 |            0 |
|               gen_stages[0].gen_folded.int_comb_stage                                                                       |                                   cic_compiler_0_int_comb_stage_folded |         78 |         56 |       0 |   22 |    89 |      0 |      0 |            0 |
|                 (gen_stages[0].gen_folded.int_comb_stage)                                                                   |                                   cic_compiler_0_int_comb_stage_folded |          0 |          0 |       0 |    0 |    23 |      0 |      0 |            0 |
|                 gen_nd_out_dly                                                                                              |                               cic_compiler_0_delay_bit__parameterized6 |          1 |          0 |       0 |    1 |     1 |      0 |      0 |            0 |
|                 gen_split_accum[0].gen_comb_mem_src.gen_nd_dly                                                              |                               cic_compiler_0_delay_bit__parameterized0 |          0 |          0 |       0 |    0 |     1 |      0 |      0 |            0 |
|                 gen_split_accum[0].gen_mem                                                                                  |                                  cic_compiler_0_delay__parameterized29 |         21 |          0 |       0 |   21 |     0 |      0 |      0 |            0 |
|                 gen_split_accum[0].gen_mem_we                                                                               |                             cic_compiler_0_delay_bit__parameterized0_3 |          1 |          1 |       0 |    0 |     1 |      0 |      0 |            0 |
|                 gen_split_accum[0].gen_sum_struct.gen_sum                                                                   |                                cic_compiler_0_emb_calc__parameterized3 |         55 |         55 |       0 |    0 |    63 |      0 |      0 |            0 |
|                   (gen_split_accum[0].gen_sum_struct.gen_sum)                                                               |                                cic_compiler_0_emb_calc__parameterized3 |          0 |          0 |       0 |    0 |    21 |      0 |      0 |            0 |
|                   gen_structural.gen_no_dsp48.gen_adder[0].split_adder_n                                                    |                                 cic_compiler_0_add_sub__parameterized3 |         44 |         44 |       0 |    0 |    21 |      0 |      0 |            0 |
|                   gen_structural.gen_no_dsp48.gen_cin                                                                       |                                  cic_compiler_0_delay__parameterized27 |         11 |         11 |       0 |    0 |    21 |      0 |      0 |            0 |
|             gen_comb_in_dly                                                                                                 |                                  cic_compiler_0_delay__parameterized23 |         21 |          0 |       0 |   21 |     0 |      0 |      0 |            0 |
|             gen_comb_nd_in_dly                                                                                              |                               cic_compiler_0_delay_bit__parameterized4 |          1 |          1 |       0 |    0 |     1 |      0 |      0 |            0 |
|             int                                                                                                             |                                        cic_compiler_0_int_comb_section |        143 |        139 |       0 |    4 |   233 |      0 |      0 |            0 |
|               gen_stages[0].gen_unfolded.int_comb_stage                                                                     |                                 cic_compiler_0_int_comb_stage_unfolded |         44 |         43 |       0 |    1 |    57 |      0 |      0 |            0 |
|                 (gen_stages[0].gen_unfolded.int_comb_stage)                                                                 |                                 cic_compiler_0_int_comb_stage_unfolded |          0 |          0 |       0 |    0 |     2 |      0 |      0 |            0 |
|                 gen_nd_out_dly                                                                                              |                             cic_compiler_0_delay_bit__parameterized3_2 |          1 |          0 |       0 |    1 |     1 |      0 |      0 |            0 |
|                 gen_split_accum[0].gen_sum_struct.gen_sum                                                                   |                                                cic_compiler_0_emb_calc |         43 |         43 |       0 |    0 |    54 |      0 |      0 |            0 |
|                   gen_structural.gen_no_dsp48.gen_adder[0].split_adder_n                                                    |                                                 cic_compiler_0_add_sub |         43 |         43 |       0 |    0 |    40 |      0 |      0 |            0 |
|                   gen_structural.gen_no_dsp48.gen_cin                                                                       |                                   cic_compiler_0_delay__parameterized9 |         39 |         39 |       0 |    0 |    14 |      0 |      0 |            0 |
|               gen_stages[1].gen_unfolded.int_comb_stage                                                                     |                 cic_compiler_0_int_comb_stage_unfolded__parameterized0 |         38 |         37 |       0 |    1 |    70 |      0 |      0 |            0 |
|                 (gen_stages[1].gen_unfolded.int_comb_stage)                                                                 |                 cic_compiler_0_int_comb_stage_unfolded__parameterized0 |          0 |          0 |       0 |    0 |     1 |      0 |      0 |            0 |
|                 gen_nd_out_dly                                                                                              |                             cic_compiler_0_delay_bit__parameterized3_1 |          1 |          0 |       0 |    1 |     1 |      0 |      0 |            0 |
|                 gen_split_accum[0].gen_sum_struct.gen_sum                                                                   |                                cic_compiler_0_emb_calc__parameterized0 |         37 |         37 |       0 |    0 |    68 |      0 |      0 |            0 |
|                   gen_structural.gen_no_dsp48.gen_adder[0].split_adder_n                                                    |                                 cic_compiler_0_add_sub__parameterized0 |         37 |         37 |       0 |    0 |    34 |      0 |      0 |            0 |
|                   gen_structural.gen_no_dsp48.gen_cin                                                                       |                                  cic_compiler_0_delay__parameterized13 |         33 |         33 |       0 |    0 |    34 |      0 |      0 |            0 |
|               gen_stages[2].gen_unfolded.int_comb_stage                                                                     |                 cic_compiler_0_int_comb_stage_unfolded__parameterized1 |         32 |         31 |       0 |    1 |    58 |      0 |      0 |            0 |
|                 (gen_stages[2].gen_unfolded.int_comb_stage)                                                                 |                 cic_compiler_0_int_comb_stage_unfolded__parameterized1 |          0 |          0 |       0 |    0 |     1 |      0 |      0 |            0 |
|                 gen_nd_out_dly                                                                                              |                             cic_compiler_0_delay_bit__parameterized3_0 |          1 |          0 |       0 |    1 |     1 |      0 |      0 |            0 |
|                 gen_split_accum[0].gen_sum_struct.gen_sum                                                                   |                                cic_compiler_0_emb_calc__parameterized1 |         31 |         31 |       0 |    0 |    56 |      0 |      0 |            0 |
|                   gen_structural.gen_no_dsp48.gen_adder[0].split_adder_n                                                    |                                 cic_compiler_0_add_sub__parameterized1 |         31 |         31 |       0 |    0 |    28 |      0 |      0 |            0 |
|                   gen_structural.gen_no_dsp48.gen_cin                                                                       |                                  cic_compiler_0_delay__parameterized17 |         27 |         27 |       0 |    0 |    28 |      0 |      0 |            0 |
|               gen_stages[3].gen_unfolded.int_comb_stage                                                                     |                 cic_compiler_0_int_comb_stage_unfolded__parameterized2 |         29 |         28 |       0 |    1 |    48 |      0 |      0 |            0 |
|                 (gen_stages[3].gen_unfolded.int_comb_stage)                                                                 |                 cic_compiler_0_int_comb_stage_unfolded__parameterized2 |          0 |          0 |       0 |    0 |     1 |      0 |      0 |            0 |
|                 gen_nd_out_dly                                                                                              |                               cic_compiler_0_delay_bit__parameterized3 |          3 |          2 |       0 |    1 |     1 |      0 |      0 |            0 |
|                 gen_split_accum[0].gen_sum_struct.gen_sum                                                                   |                                cic_compiler_0_emb_calc__parameterized2 |         26 |         26 |       0 |    0 |    46 |      0 |      0 |            0 |
|                   gen_structural.gen_no_dsp48.gen_adder[0].split_adder_n                                                    |                                 cic_compiler_0_add_sub__parameterized2 |         26 |         26 |       0 |    0 |    23 |      0 |      0 |            0 |
|                   gen_structural.gen_no_dsp48.gen_cin                                                                       |                                  cic_compiler_0_delay__parameterized21 |         22 |         22 |       0 |    0 |    23 |      0 |      0 |            0 |
|     reg_acquire_dwell                                                                                                       |                  parallel_bus_register_32bits_or_less__parameterized26 |          0 |          0 |       0 |    0 |    32 |      0 |      0 |            0 |
|     reg_angle_select                                                                                                        |                   parallel_bus_register_32bits_or_less__parameterized1 |          0 |          0 |       0 |    0 |     4 |      0 |      0 |            0 |
|     reg_blend_dwell                                                                                                         |                  parallel_bus_register_32bits_or_less__parameterized27 |          0 |          0 |       0 |    0 |    32 |      0 |      0 |            0 |
|     reg_center_freq                                                                                                         |                   parallel_bus_register_32bits_or_less__parameterized0 |          8 |          8 |       0 |    0 |    32 |      0 |      0 |            0 |
|     reg_cic_rate                                                                                                            |                  parallel_bus_register_32bits_or_less__parameterized30 |          6 |          6 |       0 |    0 |     9 |      0 |      0 |            0 |
|     reg_cic_shift                                                                                                           |                  parallel_bus_register_32bits_or_less__parameterized31 |          0 |          0 |       0 |    0 |     6 |      0 |      0 |            0 |
|     reg_config_apply                                                                                                        |                  parallel_bus_register_32bits_or_less__parameterized34 |          4 |          4 |       0 |    0 |     1 |      0 |      0 |            0 |
|     reg_dac0_amp                                                                                                            |                  parallel_bus_register_32bits_or_less__parameterized14 |          0 |          0 |       0 |    0 |    16 |      0 |      0 |            0 |
|     reg_dac0_offset                                                                                                         |                  parallel_bus_register_32bits_or_less__parameterized13 |          1 |          1 |       0 |    0 |    14 |      0 |      0 |            0 |
|     reg_debug_format                                                                                                        |                  parallel_bus_register_32bits_or_less__parameterized20 |         37 |         37 |       0 |    0 |    32 |      0 |      0 |            0 |
|     reg_debug_gain                                                                                                          |                  parallel_bus_register_32bits_or_less__parameterized18 |          0 |          0 |       0 |    0 |    16 |      0 |      0 |            0 |
|     reg_debug_offset                                                                                                        |                  parallel_bus_register_32bits_or_less__parameterized17 |          0 |          0 |       0 |    0 |    14 |      0 |      0 |            0 |
|     reg_debug_source                                                                                                        |                  parallel_bus_register_32bits_or_less__parameterized19 |         42 |         42 |       0 |    0 |    32 |      0 |      0 |            0 |
|     reg_fll_delay                                                                                                           |                  parallel_bus_register_32bits_or_less__parameterized32 |          0 |          0 |       0 |    0 |     2 |      0 |      0 |            0 |
|     reg_freq_div                                                                                                            |                  parallel_bus_register_32bits_or_less__parameterized16 |         20 |         20 |       0 |    0 |    16 |      0 |      0 |            0 |
|     reg_freq_mul                                                                                                            |                  parallel_bus_register_32bits_or_less__parameterized15 |          4 |          4 |       0 |    0 |    16 |      0 |      0 |            0 |
|     reg_freq_thr                                                                                                            |                  parallel_bus_register_32bits_or_less__parameterized23 |          0 |          0 |       0 |    0 |    32 |      0 |      0 |            0 |
|     reg_holdover_timeout                                                                                                    |                  parallel_bus_register_32bits_or_less__parameterized29 |          1 |          1 |       0 |    0 |    32 |      0 |      0 |            0 |
|     reg_kf                                                                                                                  |                   parallel_bus_register_32bits_or_less__parameterized5 |         24 |         24 |       0 |    0 |    32 |      0 |      0 |            0 |
|     reg_kf_blend                                                                                                            |                   parallel_bus_register_32bits_or_less__parameterized6 |          0 |          0 |       0 |    0 |    32 |      0 |      0 |            0 |
|     reg_kf_track                                                                                                            |                   parallel_bus_register_32bits_or_less__parameterized7 |          0 |          0 |       0 |    0 |    32 |      0 |      0 |            0 |
|     reg_ki                                                                                                                  |                   parallel_bus_register_32bits_or_less__parameterized4 |          0 |          0 |       0 |    0 |    32 |      0 |      0 |            0 |
|     reg_ki_blend                                                                                                            |                   parallel_bus_register_32bits_or_less__parameterized9 |         33 |         33 |       0 |    0 |    32 |      0 |      0 |            0 |
|     reg_kp                                                                                                                  |                   parallel_bus_register_32bits_or_less__parameterized3 |          0 |          0 |       0 |    0 |    32 |      0 |      0 |            0 |
|     reg_kp_blend                                                                                                            |                   parallel_bus_register_32bits_or_less__parameterized8 |          0 |          0 |       0 |    0 |    32 |      0 |      0 |            0 |
|     reg_loss_dwell                                                                                                          |                  parallel_bus_register_32bits_or_less__parameterized28 |         24 |         24 |       0 |    0 |    32 |      0 |      0 |            0 |
|     reg_mag_enter                                                                                                           |                  parallel_bus_register_32bits_or_less__parameterized24 |         32 |         32 |       0 |    0 |    32 |      0 |      0 |            0 |
|     reg_mag_exit                                                                                                            |                  parallel_bus_register_32bits_or_less__parameterized25 |          0 |          0 |       0 |    0 |    32 |      0 |      0 |            0 |
|     reg_manual_offset                                                                                                       |                  parallel_bus_register_32bits_or_less__parameterized12 |          2 |          2 |       0 |    0 |    32 |      0 |      0 |            0 |
|     reg_neg_limit                                                                                                           |                  parallel_bus_register_32bits_or_less__parameterized11 |         27 |         27 |       0 |    0 |    32 |      0 |      0 |            0 |
|     reg_ok_reset                                                                                                            |                                   parallel_bus_register_32bits_or_less |          1 |          1 |       0 |    0 |     1 |      0 |      0 |            0 |
|     reg_phase_offset                                                                                                        |                  parallel_bus_register_32bits_or_less__parameterized22 |          3 |          3 |       0 |    0 |    32 |      0 |      0 |            0 |
|     reg_phase_thr                                                                                                           |                  parallel_bus_register_32bits_or_less__parameterized21 |          0 |          0 |       0 |    0 |    32 |      0 |      0 |            0 |
|     reg_pll_lock                                                                                                            |                   parallel_bus_register_32bits_or_less__parameterized2 |          1 |          1 |       0 |    0 |     1 |      0 |      0 |            0 |
|     reg_pos_limit                                                                                                           |                  parallel_bus_register_32bits_or_less__parameterized10 |         16 |         16 |       0 |    0 |    32 |      0 |      0 |            0 |
|     reg_warmup_samples                                                                                                      |                  parallel_bus_register_32bits_or_less__parameterized33 |          7 |          7 |       0 |    0 |    16 |      0 |      0 |            0 |
|   i_ams                                                                                                                     |                                                         red_pitaya_ams |         24 |         24 |       0 |    0 |   121 |      0 |      0 |            0 |
|   i_hk                                                                                                                      |                                                          red_pitaya_hk |         56 |         56 |       0 |    0 |   144 |      0 |      0 |            0 |
|   i_ps                                                                                                                      |                                                          red_pitaya_ps |       1408 |       1342 |       0 |   66 |   993 |      0 |      0 |            0 |
|     (i_ps)                                                                                                                  |                                                          red_pitaya_ps |          0 |          0 |       0 |    0 |     1 |      0 |      0 |            0 |
|     axi_slave_gp0                                                                                                           |                                                              axi_slave |        683 |        683 |       0 |    0 |   154 |      0 |      0 |            0 |
|     system_i                                                                                                                |                                                         system_wrapper |        725 |        659 |       0 |   66 |   838 |      0 |      0 |            0 |
|       (system_i)                                                                                                            |                                                         system_wrapper |          8 |          8 |       0 |    0 |     0 |      0 |      0 |            0 |
|       system_i                                                                                                              |                                                                 system |        717 |        651 |       0 |   66 |   838 |      0 |      0 |            0 |
|         (system_i)                                                                                                          |                                                                 system |          0 |          0 |       0 |    0 |     0 |      0 |      0 |            0 |
|         axi_protocol_convert_0                                                                                              |                                        system_axi_protocol_convert_0_0 |        429 |        364 |       0 |   65 |   564 |      0 |      0 |            0 |
|           inst                                                                                                              |                  axi_protocol_converter_v2_1_18_axi_protocol_converter |        429 |        364 |       0 |   65 |   564 |      0 |      0 |            0 |
|             gen_axilite.gen_b2s_conv.axilite_b2s                                                                            |                                     axi_protocol_converter_v2_1_18_b2s |        429 |        364 |       0 |   65 |   564 |      0 |      0 |            0 |
|               (gen_axilite.gen_b2s_conv.axilite_b2s)                                                                        |                                     axi_protocol_converter_v2_1_18_b2s |          1 |          1 |       0 |    0 |     1 |      0 |      0 |            0 |
|               RD.ar_channel_0                                                                                               |                          axi_protocol_converter_v2_1_18_b2s_ar_channel |         70 |         70 |       0 |    0 |    83 |      0 |      0 |            0 |
|                 (RD.ar_channel_0)                                                                                           |                          axi_protocol_converter_v2_1_18_b2s_ar_channel |          0 |          0 |       0 |    0 |    12 |      0 |      0 |            0 |
|                 ar_cmd_fsm_0                                                                                                |                          axi_protocol_converter_v2_1_18_b2s_rd_cmd_fsm |         24 |         24 |       0 |    0 |     2 |      0 |      0 |            0 |
|                 cmd_translator_0                                                                                            |                    axi_protocol_converter_v2_1_18_b2s_cmd_translator_5 |         46 |         46 |       0 |    0 |    69 |      0 |      0 |            0 |
|                   (cmd_translator_0)                                                                                        |                    axi_protocol_converter_v2_1_18_b2s_cmd_translator_5 |          1 |          1 |       0 |    0 |     3 |      0 |      0 |            0 |
|                   incr_cmd_0                                                                                                |                          axi_protocol_converter_v2_1_18_b2s_incr_cmd_6 |         31 |         31 |       0 |    0 |    23 |      0 |      0 |            0 |
|                   wrap_cmd_0                                                                                                |                          axi_protocol_converter_v2_1_18_b2s_wrap_cmd_7 |         14 |         14 |       0 |    0 |    43 |      0 |      0 |            0 |
|               RD.r_channel_0                                                                                                |                           axi_protocol_converter_v2_1_18_b2s_r_channel |         62 |         15 |       0 |   47 |    24 |      0 |      0 |            0 |
|                 (RD.r_channel_0)                                                                                            |                           axi_protocol_converter_v2_1_18_b2s_r_channel |          0 |          0 |       0 |    0 |    14 |      0 |      0 |            0 |
|                 rd_data_fifo_0                                                                                              |         axi_protocol_converter_v2_1_18_b2s_simple_fifo__parameterized1 |         42 |          8 |       0 |   34 |     5 |      0 |      0 |            0 |
|                 transaction_fifo_0                                                                                          |         axi_protocol_converter_v2_1_18_b2s_simple_fifo__parameterized2 |         20 |          7 |       0 |   13 |     5 |      0 |      0 |            0 |
|               SI_REG                                                                                                        |                          axi_register_slice_v2_1_18_axi_register_slice |        189 |        189 |       0 |    0 |   352 |      0 |      0 |            0 |
|                 ar.ar_pipe                                                                                                  |                         axi_register_slice_v2_1_18_axic_register_slice |         74 |         74 |       0 |    0 |   113 |      0 |      0 |            0 |
|                 aw.aw_pipe                                                                                                  |                       axi_register_slice_v2_1_18_axic_register_slice_4 |         78 |         78 |       0 |    0 |   113 |      0 |      0 |            0 |
|                 b.b_pipe                                                                                                    |         axi_register_slice_v2_1_18_axic_register_slice__parameterized1 |         10 |         10 |       0 |    0 |    30 |      0 |      0 |            0 |
|                 r.r_pipe                                                                                                    |         axi_register_slice_v2_1_18_axic_register_slice__parameterized2 |         27 |         27 |       0 |    0 |    96 |      0 |      0 |            0 |
|               WR.aw_channel_0                                                                                               |                          axi_protocol_converter_v2_1_18_b2s_aw_channel |         74 |         74 |       0 |    0 |    87 |      0 |      0 |            0 |
|                 (WR.aw_channel_0)                                                                                           |                          axi_protocol_converter_v2_1_18_b2s_aw_channel |          0 |          0 |       0 |    0 |    16 |      0 |      0 |            0 |
|                 aw_cmd_fsm_0                                                                                                |                          axi_protocol_converter_v2_1_18_b2s_wr_cmd_fsm |         12 |         12 |       0 |    0 |     2 |      0 |      0 |            0 |
|                 cmd_translator_0                                                                                            |                      axi_protocol_converter_v2_1_18_b2s_cmd_translator |         62 |         62 |       0 |    0 |    69 |      0 |      0 |            0 |
|                   (cmd_translator_0)                                                                                        |                      axi_protocol_converter_v2_1_18_b2s_cmd_translator |          1 |          1 |       0 |    0 |     3 |      0 |      0 |            0 |
|                   incr_cmd_0                                                                                                |                            axi_protocol_converter_v2_1_18_b2s_incr_cmd |         35 |         35 |       0 |    0 |    23 |      0 |      0 |            0 |
|                   wrap_cmd_0                                                                                                |                            axi_protocol_converter_v2_1_18_b2s_wrap_cmd |         26 |         26 |       0 |    0 |    43 |      0 |      0 |            0 |
|               WR.b_channel_0                                                                                                |                           axi_protocol_converter_v2_1_18_b2s_b_channel |         36 |         18 |       0 |   18 |    17 |      0 |      0 |            0 |
|                 (WR.b_channel_0)                                                                                            |                           axi_protocol_converter_v2_1_18_b2s_b_channel |          8 |          8 |       0 |    0 |    13 |      0 |      0 |            0 |
|                 bid_fifo_0                                                                                                  |                         axi_protocol_converter_v2_1_18_b2s_simple_fifo |         22 |          6 |       0 |   16 |     2 |      0 |      0 |            0 |
|                 bresp_fifo_0                                                                                                |         axi_protocol_converter_v2_1_18_b2s_simple_fifo__parameterized0 |          6 |          4 |       0 |    2 |     2 |      0 |      0 |            0 |
|         processing_system7_0                                                                                                |                                          system_processing_system7_0_0 |        112 |        112 |       0 |    0 |     0 |      0 |      0 |            0 |
|           (processing_system7_0)                                                                                            |                                          system_processing_system7_0_0 |          0 |          0 |       0 |    0 |     0 |      0 |      0 |            0 |
|           inst                                                                                                              |                             processing_system7_v5_5_processing_system7 |        112 |        112 |       0 |    0 |     0 |      0 |      0 |            0 |
|         rst_ps7_0_200M                                                                                                      |                                                system_rst_ps7_0_200M_0 |         18 |         17 |       0 |    1 |    37 |      0 |      0 |            0 |
|           U0                                                                                                                |                                                         proc_sys_reset |         18 |         17 |       0 |    1 |    37 |      0 |      0 |            0 |
|             (U0)                                                                                                            |                                                         proc_sys_reset |          0 |          0 |       0 |    0 |     5 |      0 |      0 |            0 |
|             EXT_LPF                                                                                                         |                                                                    lpf |          5 |          4 |       0 |    1 |    14 |      0 |      0 |            0 |
|               (EXT_LPF)                                                                                                     |                                                                    lpf |          2 |          1 |       0 |    1 |     6 |      0 |      0 |            0 |
|               ACTIVE_LOW_AUX.ACT_LO_AUX                                                                                     |                                                               cdc_sync |          2 |          2 |       0 |    0 |     4 |      0 |      0 |            0 |
|               ACTIVE_LOW_EXT.ACT_LO_EXT                                                                                     |                                                             cdc_sync_3 |          1 |          1 |       0 |    0 |     4 |      0 |      0 |            0 |
|             SEQ                                                                                                             |                                                           sequence_psr |         13 |         13 |       0 |    0 |    18 |      0 |      0 |            0 |
|               (SEQ)                                                                                                         |                                                           sequence_psr |          8 |          8 |       0 |    0 |    12 |      0 |      0 |            0 |
|               SEQ_COUNTER                                                                                                   |                                                                upcnt_n |          5 |          5 |       0 |    0 |     6 |      0 |      0 |            0 |
|         xadc_wiz_0                                                                                                          |                                                    system_xadc_wiz_0_0 |        158 |        158 |       0 |    0 |   237 |      0 |      0 |            0 |
|           inst                                                                                                              |                                           system_xadc_wiz_0_0_axi_xadc |        158 |        158 |       0 |    0 |   237 |      0 |      0 |            0 |
|             (inst)                                                                                                          |                                           system_xadc_wiz_0_0_axi_xadc |          1 |          1 |       0 |    0 |    32 |      0 |      0 |            0 |
|             AXI_LITE_IPIF_I                                                                                                 |                                      system_xadc_wiz_0_0_axi_lite_ipif |        101 |        101 |       0 |    0 |    61 |      0 |      0 |            0 |
|               I_SLAVE_ATTACHMENT                                                                                            |                                   system_xadc_wiz_0_0_slave_attachment |        101 |        101 |       0 |    0 |    61 |      0 |      0 |            0 |
|                 (I_SLAVE_ATTACHMENT)                                                                                        |                                   system_xadc_wiz_0_0_slave_attachment |         17 |         17 |       0 |    0 |    35 |      0 |      0 |            0 |
|                 I_DECODER                                                                                                   |                                    system_xadc_wiz_0_0_address_decoder |         84 |         84 |       0 |    0 |    26 |      0 |      0 |            0 |
|             AXI_XADC_CORE_I                                                                                                 |                                      system_xadc_wiz_0_0_xadc_core_drp |         18 |         18 |       0 |    0 |    56 |      0 |      0 |            0 |
|             INTR_CTRLR_GEN_I.INTERRUPT_CONTROL_I                                                                            |                                  system_xadc_wiz_0_0_interrupt_control |         29 |         29 |       0 |    0 |    69 |      0 |      0 |            0 |
|             SOFT_RESET_I                                                                                                    |                                         system_xadc_wiz_0_0_soft_reset |          9 |          9 |       0 |    0 |    19 |      0 |      0 |            0 |
|         xlconstant_0                                                                                                        |                                                  system_xlconstant_0_0 |          0 |          0 |       0 |    0 |     0 |      0 |      0 |            0 |
|   nolabel_line652                                                                                                           |                                                         clk_10MHz_sync |          0 |          0 |       0 |    0 |     0 |      0 |      0 |            0 |
|     inst                                                                                                                    |                                  clk_10MHz_sync_clk_10MHz_sync_clk_wiz |          0 |          0 |       0 |    0 |     0 |      0 |      0 |            0 |
|   pll                                                                                                                       |                                                         red_pitaya_pll |          1 |          1 |       0 |    0 |     0 |      0 |      0 |            0 |
|   pwm[0]                                                                                                                    |                                                         red_pitaya_pwm |         40 |         40 |       0 |    0 |    77 |      0 |      0 |            0 |
|   pwm[1]                                                                                                                    |                                                       red_pitaya_pwm_0 |         40 |         40 |       0 |    0 |    77 |      0 |      0 |            0 |
|   pwm[2]                                                                                                                    |                                                       red_pitaya_pwm_1 |         40 |         40 |       0 |    0 |    77 |      0 |      0 |            0 |
|   pwm[3]                                                                                                                    |                                                       red_pitaya_pwm_2 |         41 |         41 |       0 |    0 |    77 |      0 |      0 |            0 |
|   ram_data_logger_i                                                                                                         |                                                        ram_data_logger |          4 |          4 |       0 |    0 |    37 |      1 |      0 |            0 |
|     (ram_data_logger_i)                                                                                                     |                                                        ram_data_logger |          4 |          4 |       0 |    0 |    37 |      0 |      0 |            0 |
|     ram_inst                                                                                                                |                                                    simple_dualport_ram |          0 |          0 |       0 |    0 |     0 |      1 |      0 |            0 |
+-----------------------------------------------------------------------------------------------------------------------------+------------------------------------------------------------------------+------------+------------+---------+------+-------+--------+--------+--------------+


