case_index,index,sample_count,fll_valid_count,input_hz,center_hz,center_word,cic_rate_r,cic_shift,tracking_word,freq_state,freq_correction,phase_error,freq_error,freq_error_valid,loop_state,loss_reason,signal_present,phase_locked,frequency_locked,locked,magnitude,hybrid_state_before,hybrid_center_word,hybrid_positive_limit,hybrid_negative_limit,hybrid_fll_term,hybrid_i_term,hybrid_p_term
0,0,1874,1,5500.000000,5000.000000,0x00029f16b11c,312,19,0x00029f16b11c,0,0,66632,4920,0,3,0,1,1,1,0,12857,0,0x00029f16b11c,140737488355327,-140737488355328,0,0,0
0,1,2186,2,5500.000000,5000.000000,0x00029f16b11c,312,19,0x00029f16b11c,0,0,69084,4904,0,4,0,1,1,1,0,12854,0,0x00029f16b11c,140737488355327,-140737488355328,0,0,0
0,2,2498,3,5500.000000,5000.000000,0x00029f16b11c,312,19,0x00029f16b11c,1227,1227,71540,4908,0,4,0,1,1,1,0,12853,0,0x00029f16b11c,140737488355327,-140737488355328,1227,0,0
0,3,2810,4,5500.000000,5000.000000,0x00029f16b11c,312,19,0x00029f16b5e7,2455,2455,73996,4912,0,5,0,1,1,1,0,12851,1227,0x00029f16b11c,140737488355327,-140737488355328,1228,0,0
0,4,3122,5,5500.000000,5000.000000,0x00029f16b11c,312,19,0x00029f16bab3,3367,3665,76452,4912,0,5,0,1,1,1,0,12852,2455,0x00029f16b11c,140737488355327,-140737488355328,614,298,298
0,5,3434,6,5500.000000,5000.000000,0x00029f16b11c,312,19,0x00029f16bf6d,4289,4597,78908,4912,0,6,0,1,1,1,1,12853,3367,0x00029f16b11c,140737488355327,-140737488355328,614,308,308
0,6,3746,7,5500.000000,5000.000000,0x00029f16b11c,312,19,0x00029f16c311,5077,5712,81360,4908,0,6,0,1,1,1,1,12856,4289,0x00029f16b11c,140737488355327,-140737488355328,153,635,635
0,7,4058,8,5500.000000,5000.000000,0x00029f16b11c,312,19,0x00029f16c76c,5884,6538,83816,4908,0,6,0,1,1,1,1,12858,5077,0x00029f16b11c,140737488355327,-140737488355328,153,654,654
0,8,4370,9,5500.000000,5000.000000,0x00029f16b11c,312,19,0x00029f16caa6,6710,7383,86268,4908,0,6,0,1,1,1,1,12858,5884,0x00029f16b11c,140737488355327,-140737488355328,153,673,673
0,9,4682,10,5500.000000,5000.000000,0x00029f16b11c,312,19,0x00029f16cdf3,7556,8249,88720,4904,0,6,0,1,1,1,1,12860,6710,0x00029f16b11c,140737488355327,-140737488355328,153,693,693
0,10,4994,11,5500.000000,5000.000000,0x00029f16b11c,312,19,0x00029f16d155,8421,9133,91172,4904,0,6,0,1,1,1,1,12860,7556,0x00029f16b11c,140737488355327,-140737488355328,153,712,712
0,11,5306,12,5500.000000,5000.000000,0x00029f16b11c,312,19,0x00029f16d4c9,9305,10036,93624,4904,0,6,0,1,1,1,1,12860,8421,0x00029f16b11c,140737488355327,-140737488355328,153,731,731
0,12,5618,13,5500.000000,5000.000000,0x00029f16b11c,312,19,0x00029f16d850,10208,10958,96080,4908,0,6,0,1,1,1,1,12860,9305,0x00029f16b11c,140737488355327,-140737488355328,153,750,750
0,13,5930,14,5500.000000,5000.000000,0x00029f16b11c,312,19,0x00029f16dbea,8570,8827,32996,-60628,0,6,0,1,1,1,1,12859,10208,0x00029f16b11c,140737488355327,-140737488355328,-1895,257,257
0,14,6242,15,5500.000000,5000.000000,0x00029f16b11c,312,19,0x00029f16d397,6951,7227,35452,-60628,0,6,0,1,1,1,1,12859,8570,0x00029f16b11c,140737488355327,-140737488355328,-1895,276,276
0,15,6554,16,5500.000000,5000.000000,0x00029f16b11c,312,19,0x00029f16cd57,7400,7696,37904,4908,0,6,0,1,1,1,1,12860,6951,0x00029f16b11c,140737488355327,-140737488355328,153,296,296
0,16,6866,17,5500.000000,5000.000000,0x00029f16b11c,312,19,0x00029f16cf2c,7868,8183,40360,4908,0,6,0,1,1,1,1,12861,7400,0x00029f16b11c,140737488355327,-140737488355328,153,315,315
0,17,7178,18,5500.000000,5000.000000,0x00029f16b11c,312,19,0x00029f16d113,8355,8689,42812,4908,0,6,0,1,1,1,1,12862,7868,0x00029f16b11c,140737488355327,-140737488355328,153,334,334
0,18,7490,19,5500.000000,5000.000000,0x00029f16b11c,312,19,0x00029f16d30d,8861,9214,45264,4904,0,6,0,1,1,1,1,12863,8355,0x00029f16b11c,140737488355327,-140737488355328,153,353,353
0,19,7802,20,5500.000000,5000.000000,0x00029f16b11c,312,19,0x00029f16d51a,9386,9758,47716,4904,0,6,0,1,1,1,1,12863,8861,0x00029f16b11c,140737488355327,-140737488355328,153,372,372
0,20,8114,21,5500.000000,5000.000000,0x00029f16b11c,312,19,0x00029f16d73a,9930,10321,50168,4904,0,6,0,1,1,1,1,12863,9386,0x00029f16b11c,140737488355327,-140737488355328,153,391,391
0,21,8426,22,5500.000000,5000.000000,0x00029f16b11c,312,19,0x00029f16d96d,10494,10905,52620,4904,0,6,0,1,1,1,1,12860,9930,0x00029f16b11c,140737488355327,-140737488355328,153,411,411
0,22,8738,23,5500.000000,5000.000000,0x00029f16b11c,312,19,0x00029f16dbb5,11077,11507,55076,4908,0,6,0,1,1,1,1,12858,10494,0x00029f16b11c,140737488355327,-140737488355328,153,430,430
0,23,9050,24,5500.000000,5000.000000,0x00029f16b11c,312,19,0x00029f16de0f,11679,12128,57528,4908,0,6,0,1,1,1,1,12856,11077,0x00029f16b11c,140737488355327,-140737488355328,153,449,449
0,24,9362,25,5500.000000,5000.000000,0x00029f16b11c,312,19,0x00029f16e07c,12300,12768,59984,4908,0,6,0,1,1,1,1,12856,11679,0x00029f16b11c,140737488355327,-140737488355328,153,468,468
0,25,9674,26,5500.000000,5000.000000,0x00029f16b11c,312,19,0x00029f16e2fc,12940,13427,62440,4912,0,6,0,1,1,1,1,12854,12300,0x00029f16b11c,140737488355327,-140737488355328,153,487,487
0,26,9986,27,5500.000000,5000.000000,0x00029f16b11c,312,19,0x00029f16e58f,13599,14105,64892,4908,0,6,0,1,1,1,1,12856,12940,0x00029f16b11c,140737488355327,-140737488355328,153,506,506
0,27,10298,28,5500.000000,5000.000000,0x00029f16b11c,312,19,0x00029f16e835,14278,14804,67348,4908,0,6,0,1,1,1,1,12856,13599,0x00029f16b11c,140737488355327,-140737488355328,153,526,526
0,28,10610,29,5500.000000,5000.000000,0x00029f16b11c,312,19,0x00029f16eaf0,14976,15521,69800,4908,0,6,0,1,1,1,1,12857,14278,0x00029f16b11c,140737488355327,-140737488355328,153,545,545
0,29,10922,30,5500.000000,5000.000000,0x00029f16b11c,312,19,0x00029f16edbd,15693,16257,72252,4904,0,6,0,1,1,1,1,12857,14976,0x00029f16b11c,140737488355327,-140737488355328,153,564,564
0,30,11234,31,5500.000000,5000.000000,0x00029f16b11c,312,19,0x00029f16f09d,16429,17012,74708,4908,0,6,0,1,1,1,1,12856,15693,0x00029f16b11c,140737488355327,-140737488355328,153,583,583
0,31,11546,32,5500.000000,5000.000000,0x00029f16b11c,312,19,0x00029f16f390,17184,17786,77160,4908,0,6,0,1,1,1,1,12856,16429,0x00029f16b11c,140737488355327,-140737488355328,153,602,602
0,32,11858,33,5500.000000,5000.000000,0x00029f16b11c,312,19,0x00029f16f696,17959,18581,79616,4908,0,6,0,1,1,1,1,12854,17184,0x00029f16b11c,140737488355327,-140737488355328,153,622,622
1,0,937,1,10500.000000,10000.000000,0x00053e2d6239,156,16,0x00053e2d6239,0,0,76900,1668,0,3,0,1,1,1,0,14855,0,0x00053e2d6239,140737488355327,-140737488355328,0,0,0
1,1,1093,2,10500.000000,10000.000000,0x00053e2d6239,156,16,0x00053e2d6239,0,0,77720,1632,0,4,0,1,1,1,0,14868,0,0x00053e2d6239,140737488355327,-140737488355328,0,0,0
1,2,1249,3,10500.000000,10000.000000,0x00053e2d6239,156,16,0x00053e2d6239,409,409,78536,1636,0,4,0,1,1,1,0,14864,0,0x00053e2d6239,140737488355327,-140737488355328,409,0,0
1,3,1405,4,10500.000000,10000.000000,0x00053e2d6239,156,16,0x00053e2d63d2,818,818,79356,1636,0,5,0,1,1,1,0,14866,409,0x00053e2d6239,140737488355327,-140737488355328,409,0,0
1,4,1561,5,10500.000000,10000.000000,0x00053e2d6239,156,16,0x00053e2d656b,1335,1648,80172,1636,0,5,0,1,1,1,0,14865,818,0x00053e2d6239,140737488355327,-140737488355328,204,313,313
1,5,1717,6,10500.000000,10000.000000,0x00053e2d6239,156,16,0x00053e2d68a9,1855,2171,80988,1632,0,6,0,1,1,1,1,14866,1335,0x00053e2d6239,140737488355327,-140737488355328,204,316,316
1,6,1873,7,10500.000000,10000.000000,0x00053e2d6239,156,16,0x00053e2d6ab4,2545,3184,81808,1636,0,6,0,1,1,1,1,14866,1855,0x00053e2d6239,140737488355327,-140737488355328,51,639,639
1,7,2029,8,10500.000000,10000.000000,0x00053e2d6239,156,16,0x00053e2d6ea9,3241,3886,82628,1640,0,6,0,1,1,1,1,14866,2545,0x00053e2d6239,140737488355327,-140737488355328,51,645,645
1,8,2185,9,10500.000000,10000.000000,0x00053e2d6239,156,16,0x00053e2d7167,3943,4594,83444,1636,0,6,0,1,1,1,1,14866,3241,0x00053e2d6239,140737488355327,-140737488355328,51,651,651
1,9,2341,10,10500.000000,10000.000000,0x00053e2d6239,156,16,0x00053e2d742b,4652,5310,84260,1632,0,6,0,1,1,1,1,14866,3943,0x00053e2d6239,140737488355327,-140737488355328,51,658,658
1,10,2497,11,10500.000000,10000.000000,0x00053e2d6239,156,16,0x00053e2d76f7,5367,6031,85080,1636,0,6,0,1,1,1,1,14866,4652,0x00053e2d6239,140737488355327,-140737488355328,51,664,664
1,11,2653,12,10500.000000,10000.000000,0x00053e2d6239,156,16,0x00053e2d79c8,6089,6760,85900,1640,0,6,0,1,1,1,1,14866,5367,0x00053e2d6239,140737488355327,-140737488355328,51,671,671
1,12,2809,13,10500.000000,10000.000000,0x00053e2d6239,156,16,0x00053e2d7ca1,6817,7494,86716,1636,0,6,0,1,1,1,1,14865,6089,0x00053e2d6239,140737488355327,-140737488355328,51,677,677
1,13,2965,14,10500.000000,10000.000000,0x00053e2d6239,156,16,0x00053e2d7f7f,7551,8234,87536,1636,0,6,0,1,1,1,1,14866,6817,0x00053e2d6239,140737488355327,-140737488355328,51,683,683
1,14,3121,15,10500.000000,10000.000000,0x00053e2d6239,156,16,0x00053e2d8263,8292,8982,88352,1636,0,6,0,1,1,1,1,14867,7551,0x00053e2d6239,140737488355327,-140737488355328,51,690,690
1,15,3277,16,10500.000000,10000.000000,0x00053e2d6239,156,16,0x00053e2d854f,9039,9735,89172,1636,0,6,0,1,1,1,1,14866,8292,0x00053e2d6239,140737488355327,-140737488355328,51,696,696
1,16,3433,17,10500.000000,10000.000000,0x00053e2d6239,156,16,0x00053e2d8840,9793,10496,89988,1636,0,6,0,1,1,1,1,14867,9039,0x00053e2d6239,140737488355327,-140737488355328,51,703,703
1,17,3589,18,10500.000000,10000.000000,0x00053e2d6239,156,16,0x00053e2d8b39,10553,11262,90808,1636,0,6,0,1,1,1,1,14867,9793,0x00053e2d6239,140737488355327,-140737488355328,51,709,709
1,18,3745,19,10500.000000,10000.000000,0x00053e2d6239,156,16,0x00053e2d8e37,11319,12034,91624,1636,0,6,0,1,1,1,1,14869,10553,0x00053e2d6239,140737488355327,-140737488355328,51,715,715
1,19,3901,20,10500.000000,10000.000000,0x00053e2d6239,156,16,0x00053e2d913b,12092,12814,92444,1636,0,6,0,1,1,1,1,14868,11319,0x00053e2d6239,140737488355327,-140737488355328,51,722,722
1,20,4057,21,10500.000000,10000.000000,0x00053e2d6239,156,16,0x00053e2d9447,12871,13599,93260,1636,0,6,0,1,1,1,1,14869,12092,0x00053e2d6239,140737488355327,-140737488355328,51,728,728
1,21,4213,22,10500.000000,10000.000000,0x00053e2d6239,156,16,0x00053e2d9758,13657,14392,94080,1636,0,6,0,1,1,1,1,14870,12871,0x00053e2d6239,140737488355327,-140737488355328,51,735,735
1,22,4369,23,10500.000000,10000.000000,0x00053e2d6239,156,16,0x00053e2d9a71,14449,15190,94896,1636,0,6,0,1,1,1,1,14870,13657,0x00053e2d6239,140737488355327,-140737488355328,51,741,741
1,23,4525,24,10500.000000,10000.000000,0x00053e2d6239,156,16,0x00053e2d9d8f,15247,15994,95712,1632,0,6,0,1,1,1,1,14870,14449,0x00053e2d6239,140737488355327,-140737488355328,51,747,747
1,24,4681,25,10500.000000,10000.000000,0x00053e2d6239,156,16,0x00053e2da0b3,16052,16806,96532,1636,0,6,0,1,1,1,1,14870,15247,0x00053e2d6239,140737488355327,-140737488355328,51,754,754
1,25,4837,26,10500.000000,10000.000000,0x00053e2d6239,156,16,0x00053e2da3df,16863,17623,97348,1636,0,6,0,1,1,1,1,14871,16052,0x00053e2d6239,140737488355327,-140737488355328,51,760,760
1,26,4993,27,10500.000000,10000.000000,0x00053e2d6239,156,16,0x00053e2da710,17680,18446,98164,1632,0,6,0,1,1,1,1,14871,16863,0x00053e2d6239,140737488355327,-140737488355328,51,766,766
1,27,5149,28,10500.000000,10000.000000,0x00053e2d6239,156,16,0x00053e2daa47,15944,16205,33448,-63900,0,6,0,1,1,1,1,14871,17680,0x00053e2d6239,140737488355327,-140737488355328,-1997,261,261
1,28,5305,29,10500.000000,10000.000000,0x00053e2d6239,156,16,0x00053e2da186,14214,14481,34268,-63896,0,6,0,1,1,1,1,14872,15944,0x00053e2d6239,140737488355327,-140737488355328,-1997,267,267
1,29,5461,30,10500.000000,10000.000000,0x00053e2d6239,156,16,0x00053e2d9aca,14539,14813,35084,1636,0,6,0,1,1,1,1,14872,14214,0x00053e2d6239,140737488355327,-140737488355328,51,274,274
1,30,5617,31,10500.000000,10000.000000,0x00053e2d6239,156,16,0x00053e2d9c16,14870,15150,35900,1632,0,6,0,1,1,1,1,14871,14539,0x00053e2d6239,140737488355327,-140737488355328,51,280,280
1,31,5773,32,10500.000000,10000.000000,0x00053e2d6239,156,16,0x00053e2d9d67,15207,15493,36720,1636,0,6,0,1,1,1,1,14872,14870,0x00053e2d6239,140737488355327,-140737488355328,51,286,286
1,32,5929,33,10500.000000,10000.000000,0x00053e2d6239,156,16,0x00053e2d9ebe,15551,15844,37536,1636,0,6,0,1,1,1,1,14870,15207,0x00053e2d6239,140737488355327,-140737488355328,51,293,293
1,33,6085,34,10500.000000,10000.000000,0x00053e2d6239,156,16,0x00053e2da01d,15901,16200,38356,1636,0,6,0,1,1,1,1,14871,15551,0x00053e2d6239,140737488355327,-140737488355328,51,299,299
1,34,6241,35,10500.000000,10000.000000,0x00053e2d6239,156,16,0x00053e2da181,16258,16564,39172,1636,0,6,0,1,1,1,1,14870,15901,0x00053e2d6239,140737488355327,-140737488355328,51,306,306
1,35,6397,36,10500.000000,10000.000000,0x00053e2d6239,156,16,0x00053e2da2ed,16621,16933,39988,1632,0,6,0,1,1,1,1,14871,16258,0x00053e2d6239,140737488355327,-140737488355328,51,312,312
1,36,6553,37,10500.000000,10000.000000,0x00053e2d6239,156,16,0x00053e2da45e,16990,17308,40808,1636,0,6,0,1,1,1,1,14870,16621,0x00053e2d6239,140737488355327,-140737488355328,51,318,318
1,37,6709,38,10500.000000,10000.000000,0x00053e2d6239,156,16,0x00053e2da5d5,17366,17691,41624,1636,0,6,0,1,1,1,1,14872,16990,0x00053e2d6239,140737488355327,-140737488355328,51,325,325
1,38,6865,39,10500.000000,10000.000000,0x00053e2d6239,156,16,0x00053e2da754,17748,18079,42444,1636,0,6,0,1,1,1,1,14872,17366,0x00053e2d6239,140737488355327,-140737488355328,51,331,331
1,39,7021,40,10500.000000,10000.000000,0x00053e2d6239,156,16,0x00053e2da8d8,18136,18473,43260,1636,0,6,0,1,1,1,1,14871,17748,0x00053e2d6239,140737488355327,-140737488355328,51,337,337
1,40,7177,41,10500.000000,10000.000000,0x00053e2d6239,156,16,0x00053e2daa62,18531,18875,44080,1636,0,6,0,1,1,1,1,14872,18136,0x00053e2d6239,140737488355327,-140737488355328,51,344,344
1,41,7333,42,10500.000000,10000.000000,0x00053e2d6239,156,16,0x00053e2dabf4,18932,19282,44896,1636,0,6,0,1,1,1,1,14872,18531,0x00053e2d6239,140737488355327,-140737488355328,51,350,350
1,42,7489,43,10500.000000,10000.000000,0x00053e2d6239,156,16,0x00053e2dad8b,19340,19697,45712,1632,0,6,0,1,1,1,1,14872,18932,0x00053e2d6239,140737488355327,-140737488355328,51,357,357
1,43,7645,44,10500.000000,10000.000000,0x00053e2d6239,156,16,0x00053e2daf2a,19754,20117,46532,1636,0,6,0,1,1,1,1,14871,19340,0x00053e2d6239,140737488355327,-140737488355328,51,363,363
1,44,7801,45,10500.000000,10000.000000,0x00053e2d6239,156,16,0x00053e2db0ce,20174,20543,47348,1636,0,6,0,1,1,1,1,14871,19754,0x00053e2d6239,140737488355327,-140737488355328,51,369,369
1,45,7957,46,10500.000000,10000.000000,0x00053e2d6239,156,16,0x00053e2db278,20601,20977,48164,1632,0,6,0,1,1,1,1,14871,20174,0x00053e2d6239,140737488355327,-140737488355328,51,376,376
1,46,8113,47,10500.000000,10000.000000,0x00053e2d6239,156,16,0x00053e2db42a,21034,21416,48984,1636,0,6,0,1,1,1,1,14871,20601,0x00053e2d6239,140737488355327,-140737488355328,51,382,382
1,47,8269,48,10500.000000,10000.000000,0x00053e2d6239,156,16,0x00053e2db5e1,21474,21863,49804,1640,0,6,0,1,1,1,1,14871,21034,0x00053e2d6239,140737488355327,-140737488355328,51,389,389
1,48,8425,49,10500.000000,10000.000000,0x00053e2d6239,156,16,0x00053e2db7a0,21920,22315,50620,1636,0,6,0,1,1,1,1,14871,21474,0x00053e2d6239,140737488355327,-140737488355328,51,395,395
1,49,8581,50,10500.000000,10000.000000,0x00053e2d6239,156,16,0x00053e2db964,22372,22773,51436,1632,0,6,0,1,1,1,1,14870,21920,0x00053e2d6239,140737488355327,-140737488355328,51,401,401
1,50,8737,51,10500.000000,10000.000000,0x00053e2d6239,156,16,0x00053e2dbb2e,22831,23239,52256,1636,0,6,0,1,1,1,1,14870,22372,0x00053e2d6239,140737488355327,-140737488355328,51,408,408
1,51,8893,52,10500.000000,10000.000000,0x00053e2d6239,156,16,0x00053e2dbd00,23296,23710,53072,1636,0,6,0,1,1,1,1,14869,22831,0x00053e2d6239,140737488355327,-140737488355328,51,414,414
1,52,9049,53,10500.000000,10000.000000,0x00053e2d6239,156,16,0x00053e2dbed7,23768,24189,53892,1636,0,6,0,1,1,1,1,14869,23296,0x00053e2d6239,140737488355327,-140737488355328,51,421,421
1,53,9205,54,10500.000000,10000.000000,0x00053e2d6239,156,16,0x00053e2dc0b6,24246,24673,54708,1636,0,6,0,1,1,1,1,14868,23768,0x00053e2d6239,140737488355327,-140737488355328,51,427,427
1,54,9361,55,10500.000000,10000.000000,0x00053e2d6239,156,16,0x00053e2dc29a,24730,25163,55528,1636,0,6,0,1,1,1,1,14868,24246,0x00053e2d6239,140737488355327,-140737488355328,51,433,433
1,55,9517,56,10500.000000,10000.000000,0x00053e2d6239,156,16,0x00053e2dc484,25221,25661,56344,1636,0,6,0,1,1,1,1,14867,24730,0x00053e2d6239,140737488355327,-140737488355328,51,440,440
1,56,9673,57,10500.000000,10000.000000,0x00053e2d6239,156,16,0x00053e2dc676,25718,26164,57160,1632,0,6,0,1,1,1,1,14868,25221,0x00053e2d6239,140737488355327,-140737488355328,51,446,446
1,57,9829,58,10500.000000,10000.000000,0x00053e2d6239,156,16,0x00053e2dc86d,26221,26673,57980,1636,0,6,0,1,1,1,1,14867,25718,0x00053e2d6239,140737488355327,-140737488355328,51,452,452
1,58,9985,59,10500.000000,10000.000000,0x00053e2d6239,156,16,0x00053e2dca6a,26731,27190,58796,1636,0,6,0,1,1,1,1,14867,26221,0x00053e2d6239,140737488355327,-140737488355328,51,459,459
1,59,10141,60,10500.000000,10000.000000,0x00053e2d6239,156,16,0x00053e2dcc6f,27247,27712,59616,1636,0,6,0,1,1,1,1,14867,26731,0x00053e2d6239,140737488355327,-140737488355328,51,465,465
1,60,10297,61,10500.000000,10000.000000,0x00053e2d6239,156,16,0x00053e2dce79,27770,28242,60432,1636,0,6,0,1,1,1,1,14867,27247,0x00053e2d6239,140737488355327,-140737488355328,51,472,472
1,61,10453,62,10500.000000,10000.000000,0x00053e2d6239,156,16,0x00053e2dd08b,28299,28777,61252,1636,0,6,0,1,1,1,1,14867,27770,0x00053e2d6239,140737488355327,-140737488355328,51,478,478
1,62,10609,63,10500.000000,10000.000000,0x00053e2d6239,156,16,0x00053e2dd2a2,28834,29318,62068,1636,0,6,0,1,1,1,1,14866,28299,0x00053e2d6239,140737488355327,-140737488355328,51,484,484
1,63,10765,64,10500.000000,10000.000000,0x00053e2d6239,156,16,0x00053e2dd4bf,29376,29867,62888,1636,0,6,0,1,1,1,1,14866,28834,0x00053e2d6239,140737488355327,-140737488355328,51,491,491
1,64,10921,65,10500.000000,10000.000000,0x00053e2d6239,156,16,0x00053e2dd6e4,29924,30421,63704,1636,0,6,0,1,1,1,1,14866,29376,0x00053e2d6239,140737488355327,-140737488355328,51,497,497
1,65,11077,66,10500.000000,10000.000000,0x00053e2d6239,156,16,0x00053e2dd90e,30479,30983,64524,1636,0,6,0,1,1,1,1,14865,29924,0x00053e2d6239,140737488355327,-140737488355328,51,504,504
1,66,11233,67,10500.000000,10000.000000,0x00053e2d6239,156,16,0x00053e2ddb40,31040,31550,65340,1636,0,6,0,1,1,1,1,14866,30479,0x00053e2d6239,140737488355327,-140737488355328,51,510,510
1,67,11389,68,10500.000000,10000.000000,0x00053e2d6239,156,16,0x00053e2ddd77,31607,32123,66160,1636,0,6,0,1,1,1,1,14865,31040,0x00053e2d6239,140737488355327,-140737488355328,51,516,516
1,68,11545,69,10500.000000,10000.000000,0x00053e2d6239,156,16,0x00053e2ddfb4,32181,32704,66976,1636,0,6,0,1,1,1,1,14865,31607,0x00053e2d6239,140737488355327,-140737488355328,51,523,523
1,69,11701,70,10500.000000,10000.000000,0x00053e2d6239,156,16,0x00053e2de1f9,32761,33290,67796,1636,0,6,0,1,1,1,1,14865,32181,0x00053e2d6239,140737488355327,-140737488355328,51,529,529
1,70,11857,71,10500.000000,10000.000000,0x00053e2d6239,156,16,0x00053e2de443,33348,33884,68612,1636,0,6,0,1,1,1,1,14864,32761,0x00053e2d6239,140737488355327,-140737488355328,51,536,536
2,0,469,1,20500.000000,20000.000000,0x000a7c5ac472,78,13,0x000a7c5ac472,0,0,46620,148,0,3,0,1,1,1,0,15368,0,0x000a7c5ac472,140737488355327,-140737488355328,0,0,0
2,1,547,2,20500.000000,20000.000000,0x000a7c5ac472,78,13,0x000a7c5ac472,0,0,46660,-60,0,4,0,1,1,1,0,15721,0,0x000a7c5ac472,140737488355327,-140737488355328,0,0,0
2,2,625,3,20500.000000,20000.000000,0x000a7c5ac472,78,13,0x000a7c5ac472,7,7,46648,28,0,4,0,1,1,1,0,15528,0,0x000a7c5ac472,140737488355327,-140737488355328,7,0,0
2,3,703,4,20500.000000,20000.000000,0x000a7c5ac472,78,13,0x000a7c5ac479,4,4,46648,-12,0,5,0,1,1,1,0,15634,7,0x000a7c5ac472,140737488355327,-140737488355328,-3,0,0
2,4,781,5,20500.000000,20000.000000,0x000a7c5ac472,78,13,0x000a7c5ac476,186,368,46652,4,0,5,0,1,1,1,0,15576,4,0x000a7c5ac472,140737488355327,-140737488355328,0,182,182
2,5,859,6,20500.000000,20000.000000,0x000a7c5ac472,78,13,0x000a7c5ac5e2,368,550,46648,0,0,6,0,1,1,1,1,15607,186,0x000a7c5ac472,140737488355327,-140737488355328,0,182,182
2,6,937,7,20500.000000,20000.000000,0x000a7c5ac472,78,13,0x000a7c5ac698,732,1096,46652,0,0,6,0,1,1,1,1,15591,368,0x000a7c5ac472,140737488355327,-140737488355328,0,364,364
2,7,1015,8,20500.000000,20000.000000,0x000a7c5ac472,78,13,0x000a7c5ac8ba,1096,1460,46648,0,0,6,0,1,1,1,1,15600,732,0x000a7c5ac472,140737488355327,-140737488355328,0,364,364
2,8,1093,9,20500.000000,20000.000000,0x000a7c5ac472,78,13,0x000a7c5aca26,1460,1824,46652,0,0,6,0,1,1,1,1,15594,1096,0x000a7c5ac472,140737488355327,-140737488355328,0,364,364
2,9,1171,10,20500.000000,20000.000000,0x000a7c5ac472,78,13,0x000a7c5acb92,1824,2188,46648,0,0,6,0,1,1,1,1,15597,1460,0x000a7c5ac472,140737488355327,-140737488355328,0,364,364
2,10,1249,11,20500.000000,20000.000000,0x000a7c5ac472,78,13,0x000a7c5accfe,2187,2551,46648,-4,0,6,0,1,1,1,1,15596,1824,0x000a7c5ac472,140737488355327,-140737488355328,-1,364,364
2,11,1327,12,20500.000000,20000.000000,0x000a7c5ac472,78,13,0x000a7c5ace69,2551,2915,46648,0,0,6,0,1,1,1,1,15596,2187,0x000a7c5ac472,140737488355327,-140737488355328,0,364,364
2,12,1405,13,20500.000000,20000.000000,0x000a7c5ac472,78,13,0x000a7c5acfd5,2915,3279,46648,0,0,6,0,1,1,1,1,15596,2551,0x000a7c5ac472,140737488355327,-140737488355328,0,364,364
2,13,1483,14,20500.000000,20000.000000,0x000a7c5ac472,78,13,0x000a7c5ad141,3279,3643,46648,0,0,6,0,1,1,1,1,15596,2915,0x000a7c5ac472,140737488355327,-140737488355328,0,364,364
2,14,1561,15,20500.000000,20000.000000,0x000a7c5ac472,78,13,0x000a7c5ad2ad,3643,4007,46648,0,0,6,0,1,1,1,1,15596,3279,0x000a7c5ac472,140737488355327,-140737488355328,0,364,364
2,15,1639,16,20500.000000,20000.000000,0x000a7c5ac472,78,13,0x000a7c5ad419,4007,4371,46648,0,0,6,0,1,1,1,1,15596,3643,0x000a7c5ac472,140737488355327,-140737488355328,0,364,364
2,16,1717,17,20500.000000,20000.000000,0x000a7c5ac472,78,13,0x000a7c5ad585,4371,4735,46648,0,0,6,0,1,1,1,1,15596,4007,0x000a7c5ac472,140737488355327,-140737488355328,0,364,364
2,17,1795,18,20500.000000,20000.000000,0x000a7c5ac472,78,13,0x000a7c5ad6f1,4735,5099,46648,0,0,6,0,1,1,1,1,15596,4371,0x000a7c5ac472,140737488355327,-140737488355328,0,364,364
2,18,1873,19,20500.000000,20000.000000,0x000a7c5ac472,78,13,0x000a7c5ad85d,5099,5463,46648,0,0,6,0,1,1,1,1,15596,4735,0x000a7c5ac472,140737488355327,-140737488355328,0,364,364
2,19,1951,20,20500.000000,20000.000000,0x000a7c5ac472,78,13,0x000a7c5ad9c9,5463,5827,46648,0,0,6,0,1,1,1,1,15596,5099,0x000a7c5ac472,140737488355327,-140737488355328,0,364,364
2,20,2029,21,20500.000000,20000.000000,0x000a7c5ac472,78,13,0x000a7c5adb35,5827,6191,46652,4,0,6,0,1,1,1,1,15597,5463,0x000a7c5ac472,140737488355327,-140737488355328,0,364,364
2,21,2107,22,20500.000000,20000.000000,0x000a7c5ac472,78,13,0x000a7c5adca1,6191,6555,46648,0,0,6,0,1,1,1,1,15596,5827,0x000a7c5ac472,140737488355327,-140737488355328,0,364,364
2,22,2185,23,20500.000000,20000.000000,0x000a7c5ac472,78,13,0x000a7c5ade0d,6554,6918,46648,-4,0,6,0,1,1,1,1,15596,6191,0x000a7c5ac472,140737488355327,-140737488355328,-1,364,364
2,23,2263,24,20500.000000,20000.000000,0x000a7c5ac472,78,13,0x000a7c5adf78,6918,7282,46648,0,0,6,0,1,1,1,1,15596,6554,0x000a7c5ac472,140737488355327,-140737488355328,0,364,364
2,24,2341,25,20500.000000,20000.000000,0x000a7c5ac472,78,13,0x000a7c5ae0e4,7282,7646,46648,0,0,6,0,1,1,1,1,15596,6918,0x000a7c5ac472,140737488355327,-140737488355328,0,364,364
2,25,2419,26,20500.000000,20000.000000,0x000a7c5ac472,78,13,0x000a7c5ae250,7646,8010,46648,0,0,6,0,1,1,1,1,15596,7282,0x000a7c5ac472,140737488355327,-140737488355328,0,364,364
2,26,2497,27,20500.000000,20000.000000,0x000a7c5ac472,78,13,0x000a7c5ae3bc,8010,8374,46648,0,0,6,0,1,1,1,1,15596,7646,0x000a7c5ac472,140737488355327,-140737488355328,0,364,364
2,27,2575,28,20500.000000,20000.000000,0x000a7c5ac472,78,13,0x000a7c5ae528,8374,8738,46648,0,0,6,0,1,1,1,1,15596,8010,0x000a7c5ac472,140737488355327,-140737488355328,0,364,364
2,28,2653,29,20500.000000,20000.000000,0x000a7c5ac472,78,13,0x000a7c5ae694,8738,9102,46648,0,0,6,0,1,1,1,1,15596,8374,0x000a7c5ac472,140737488355327,-140737488355328,0,364,364
2,29,2731,30,20500.000000,20000.000000,0x000a7c5ac472,78,13,0x000a7c5ae800,9102,9466,46648,0,0,6,0,1,1,1,1,15596,8738,0x000a7c5ac472,140737488355327,-140737488355328,0,364,364
2,30,2809,31,20500.000000,20000.000000,0x000a7c5ac472,78,13,0x000a7c5ae96c,9466,9830,46648,0,0,6,0,1,1,1,1,15596,9102,0x000a7c5ac472,140737488355327,-140737488355328,0,364,364
2,31,2887,32,20500.000000,20000.000000,0x000a7c5ac472,78,13,0x000a7c5aead8,9830,10194,46648,0,0,6,0,1,1,1,1,15595,9466,0x000a7c5ac472,140737488355327,-140737488355328,0,364,364
2,32,2965,33,20500.000000,20000.000000,0x000a7c5ac472,78,13,0x000a7c5aec44,10194,10558,46648,0,0,6,0,1,1,1,1,15596,9830,0x000a7c5ac472,140737488355327,-140737488355328,0,364,364
2,33,3043,34,20500.000000,20000.000000,0x000a7c5ac472,78,13,0x000a7c5aedb0,10558,10922,46648,0,0,6,0,1,1,1,1,15596,10194,0x000a7c5ac472,140737488355327,-140737488355328,0,364,364
2,34,3121,35,20500.000000,20000.000000,0x000a7c5ac472,78,13,0x000a7c5aef1c,10922,11286,46648,0,0,6,0,1,1,1,1,15596,10558,0x000a7c5ac472,140737488355327,-140737488355328,0,364,364
2,35,3199,36,20500.000000,20000.000000,0x000a7c5ac472,78,13,0x000a7c5af088,11286,11650,46648,0,0,6,0,1,1,1,1,15596,10922,0x000a7c5ac472,140737488355327,-140737488355328,0,364,364
2,36,3277,37,20500.000000,20000.000000,0x000a7c5ac472,78,13,0x000a7c5af1f4,11650,12014,46648,0,0,6,0,1,1,1,1,15596,11286,0x000a7c5ac472,140737488355327,-140737488355328,0,364,364
2,37,3355,38,20500.000000,20000.000000,0x000a7c5ac472,78,13,0x000a7c5af360,12014,12378,46648,0,0,6,0,1,1,1,1,15596,11650,0x000a7c5ac472,140737488355327,-140737488355328,0,364,364
2,38,3433,39,20500.000000,20000.000000,0x000a7c5ac472,78,13,0x000a7c5af4cc,12378,12742,46648,0,0,6,0,1,1,1,1,15596,12014,0x000a7c5ac472,140737488355327,-140737488355328,0,364,364
2,39,3511,40,20500.000000,20000.000000,0x000a7c5ac472,78,13,0x000a7c5af638,12742,13106,46648,0,0,6,0,1,1,1,1,15596,12378,0x000a7c5ac472,140737488355327,-140737488355328,0,364,364
2,40,3589,41,20500.000000,20000.000000,0x000a7c5ac472,78,13,0x000a7c5af7a4,13106,13470,46648,0,0,6,0,1,1,1,1,15596,12742,0x000a7c5ac472,140737488355327,-140737488355328,0,364,364
2,41,3667,42,20500.000000,20000.000000,0x000a7c5ac472,78,13,0x000a7c5af910,13470,13834,46648,0,0,6,0,1,1,1,1,15596,13106,0x000a7c5ac472,140737488355327,-140737488355328,0,364,364
2,42,3745,43,20500.000000,20000.000000,0x000a7c5ac472,78,13,0x000a7c5afa7c,13834,14198,46648,0,0,6,0,1,1,1,1,15596,13470,0x000a7c5ac472,140737488355327,-140737488355328,0,364,364
2,43,3823,44,20500.000000,20000.000000,0x000a7c5ac472,78,13,0x000a7c5afbe8,14198,14562,46648,0,0,6,0,1,1,1,1,15596,13834,0x000a7c5ac472,140737488355327,-140737488355328,0,364,364
2,44,3901,45,20500.000000,20000.000000,0x000a7c5ac472,78,13,0x000a7c5afd54,14562,14926,46648,0,0,6,0,1,1,1,1,15596,14198,0x000a7c5ac472,140737488355327,-140737488355328,0,364,364
2,45,3979,46,20500.000000,20000.000000,0x000a7c5ac472,78,13,0x000a7c5afec0,14926,15290,46648,0,0,6,0,1,1,1,1,15596,14562,0x000a7c5ac472,140737488355327,-140737488355328,0,364,364
2,46,4057,47,20500.000000,20000.000000,0x000a7c5ac472,78,13,0x000a7c5b002c,15290,15654,46648,0,0,6,0,1,1,1,1,15596,14926,0x000a7c5ac472,140737488355327,-140737488355328,0,364,364
2,47,4135,48,20500.000000,20000.000000,0x000a7c5ac472,78,13,0x000a7c5b0198,15654,16018,46648,0,0,6,0,1,1,1,1,15596,15290,0x000a7c5ac472,140737488355327,-140737488355328,0,364,364
2,48,4213,49,20500.000000,20000.000000,0x000a7c5ac472,78,13,0x000a7c5b0304,16018,16382,46648,0,0,6,0,1,1,1,1,15596,15654,0x000a7c5ac472,140737488355327,-140737488355328,0,364,364
2,49,4291,50,20500.000000,20000.000000,0x000a7c5ac472,78,13,0x000a7c5b0470,16382,16746,46648,0,0,6,0,1,1,1,1,15596,16018,0x000a7c5ac472,140737488355327,-140737488355328,0,364,364
2,50,4369,51,20500.000000,20000.000000,0x000a7c5ac472,78,13,0x000a7c5b05dc,16746,17110,46648,0,0,6,0,1,1,1,1,15596,16382,0x000a7c5ac472,140737488355327,-140737488355328,0,364,364
2,51,4447,52,20500.000000,20000.000000,0x000a7c5ac472,78,13,0x000a7c5b0748,17110,17474,46648,0,0,6,0,1,1,1,1,15596,16746,0x000a7c5ac472,140737488355327,-140737488355328,0,364,364
2,52,4525,53,20500.000000,20000.000000,0x000a7c5ac472,78,13,0x000a7c5b08b4,17474,17838,46648,0,0,6,0,1,1,1,1,15596,17110,0x000a7c5ac472,140737488355327,-140737488355328,0,364,364
2,53,4603,54,20500.000000,20000.000000,0x000a7c5ac472,78,13,0x000a7c5b0a20,17838,18202,46648,0,0,6,0,1,1,1,1,15596,17474,0x000a7c5ac472,140737488355327,-140737488355328,0,364,364
2,54,4681,55,20500.000000,20000.000000,0x000a7c5ac472,78,13,0x000a7c5b0b8c,18202,18566,46648,0,0,6,0,1,1,1,1,15596,17838,0x000a7c5ac472,140737488355327,-140737488355328,0,364,364
2,55,4759,56,20500.000000,20000.000000,0x000a7c5ac472,78,13,0x000a7c5b0cf8,18566,18930,46648,0,0,6,0,1,1,1,1,15596,18202,0x000a7c5ac472,140737488355327,-140737488355328,0,364,364
2,56,4837,57,20500.000000,20000.000000,0x000a7c5ac472,78,13,0x000a7c5b0e64,18930,19294,46648,0,0,6,0,1,1,1,1,15596,18566,0x000a7c5ac472,140737488355327,-140737488355328,0,364,364
2,57,4915,58,20500.000000,20000.000000,0x000a7c5ac472,78,13,0x000a7c5b0fd0,19294,19658,46648,0,0,6,0,1,1,1,1,15596,18930,0x000a7c5ac472,140737488355327,-140737488355328,0,364,364
2,58,4993,59,20500.000000,20000.000000,0x000a7c5ac472,78,13,0x000a7c5b113c,19658,20022,46648,0,0,6,0,1,1,1,1,15596,19294,0x000a7c5ac472,140737488355327,-140737488355328,0,364,364
2,59,5071,60,20500.000000,20000.000000,0x000a7c5ac472,78,13,0x000a7c5b12a8,20022,20386,46648,0,0,6,0,1,1,1,1,15596,19658,0x000a7c5ac472,140737488355327,-140737488355328,0,364,364
2,60,5149,61,20500.000000,20000.000000,0x000a7c5ac472,78,13,0x000a7c5b1414,20386,20750,46648,0,0,6,0,1,1,1,1,15596,20022,0x000a7c5ac472,140737488355327,-140737488355328,0,364,364
2,61,5227,62,20500.000000,20000.000000,0x000a7c5ac472,78,13,0x000a7c5b1580,20750,21114,46648,0,0,6,0,1,1,1,1,15596,20386,0x000a7c5ac472,140737488355327,-140737488355328,0,364,364
2,62,5305,63,20500.000000,20000.000000,0x000a7c5ac472,78,13,0x000a7c5b16ec,21114,21478,46648,0,0,6,0,1,1,1,1,15596,20750,0x000a7c5ac472,140737488355327,-140737488355328,0,364,364
2,63,5383,64,20500.000000,20000.000000,0x000a7c5ac472,78,13,0x000a7c5b1858,21478,21842,46648,0,0,6,0,1,1,1,1,15596,21114,0x000a7c5ac472,140737488355327,-140737488355328,0,364,364
2,64,5461,65,20500.000000,20000.000000,0x000a7c5ac472,78,13,0x000a7c5b19c4,21842,22206,46648,0,0,6,0,1,1,1,1,15596,21478,0x000a7c5ac472,140737488355327,-140737488355328,0,364,364
2,65,5539,66,20500.000000,20000.000000,0x000a7c5ac472,78,13,0x000a7c5b1b30,22206,22570,46648,0,0,6,0,1,1,1,1,15596,21842,0x000a7c5ac472,140737488355327,-140737488355328,0,364,364
2,66,5617,67,20500.000000,20000.000000,0x000a7c5ac472,78,13,0x000a7c5b1c9c,22570,22934,46648,0,0,6,0,1,1,1,1,15596,22206,0x000a7c5ac472,140737488355327,-140737488355328,0,364,364
2,67,5695,68,20500.000000,20000.000000,0x000a7c5ac472,78,13,0x000a7c5b1e08,22934,23298,46648,0,0,6,0,1,1,1,1,15596,22570,0x000a7c5ac472,140737488355327,-140737488355328,0,364,364
2,68,5773,69,20500.000000,20000.000000,0x000a7c5ac472,78,13,0x000a7c5b1f74,23298,23662,46648,0,0,6,0,1,1,1,1,15596,22934,0x000a7c5ac472,140737488355327,-140737488355328,0,364,364
2,69,5851,70,20500.000000,20000.000000,0x000a7c5ac472,78,13,0x000a7c5b20e0,23662,24026,46648,0,0,6,0,1,1,1,1,15596,23298,0x000a7c5ac472,140737488355327,-140737488355328,0,364,364
2,70,5929,71,20500.000000,20000.000000,0x000a7c5ac472,78,13,0x000a7c5b224c,24026,24390,46648,0,0,6,0,1,1,1,1,15596,23662,0x000a7c5ac472,140737488355327,-140737488355328,0,364,364
2,71,6007,72,20500.000000,20000.000000,0x000a7c5ac472,78,13,0x000a7c5b23b8,24390,24754,46648,0,0,6,0,1,1,1,1,15596,24026,0x000a7c5ac472,140737488355327,-140737488355328,0,364,364
2,72,6085,73,20500.000000,20000.000000,0x000a7c5ac472,78,13,0x000a7c5b2524,24754,25118,46648,0,0,6,0,1,1,1,1,15596,24390,0x000a7c5ac472,140737488355327,-140737488355328,0,364,364
2,73,6163,74,20500.000000,20000.000000,0x000a7c5ac472,78,13,0x000a7c5b2690,25118,25482,46648,0,0,6,0,1,1,1,1,15596,24754,0x000a7c5ac472,140737488355327,-140737488355328,0,364,364
2,74,6241,75,20500.000000,20000.000000,0x000a7c5ac472,78,13,0x000a7c5b27fc,25482,25846,46648,0,0,6,0,1,1,1,1,15596,25118,0x000a7c5ac472,140737488355327,-140737488355328,0,364,364
2,75,6319,76,20500.000000,20000.000000,0x000a7c5ac472,78,13,0x000a7c5b2968,25846,26210,46648,0,0,6,0,1,1,1,1,15597,25482,0x000a7c5ac472,140737488355327,-140737488355328,0,364,364
2,76,6397,77,20500.000000,20000.000000,0x000a7c5ac472,78,13,0x000a7c5b2ad4,26210,26574,46648,0,0,6,0,1,1,1,1,15596,25846,0x000a7c5ac472,140737488355327,-140737488355328,0,364,364
2,77,6475,78,20500.000000,20000.000000,0x000a7c5ac472,78,13,0x000a7c5b2c40,26574,26938,46648,0,0,6,0,1,1,1,1,15597,26210,0x000a7c5ac472,140737488355327,-140737488355328,0,364,364
2,78,6553,79,20500.000000,20000.000000,0x000a7c5ac472,78,13,0x000a7c5b2dac,26938,27302,46648,0,0,6,0,1,1,1,1,15596,26574,0x000a7c5ac472,140737488355327,-140737488355328,0,364,364
2,79,6631,80,20500.000000,20000.000000,0x000a7c5ac472,78,13,0x000a7c5b2f18,27302,27666,46648,0,0,6,0,1,1,1,1,15597,26938,0x000a7c5ac472,140737488355327,-140737488355328,0,364,364
2,80,6709,81,20500.000000,20000.000000,0x000a7c5ac472,78,13,0x000a7c5b3084,27666,28030,46648,0,0,6,0,1,1,1,1,15595,27302,0x000a7c5ac472,140737488355327,-140737488355328,0,364,364
2,81,6787,82,20500.000000,20000.000000,0x000a7c5ac472,78,13,0x000a7c5b31f0,28030,28394,46648,0,0,6,0,1,1,1,1,15596,27666,0x000a7c5ac472,140737488355327,-140737488355328,0,364,364
2,82,6865,83,20500.000000,20000.000000,0x000a7c5ac472,78,13,0x000a7c5b335c,28394,28758,46648,0,0,6,0,1,1,1,1,15596,28030,0x000a7c5ac472,140737488355327,-140737488355328,0,364,364
2,83,6943,84,20500.000000,20000.000000,0x000a7c5ac472,78,13,0x000a7c5b34c8,28758,29122,46648,0,0,6,0,1,1,1,1,15596,28394,0x000a7c5ac472,140737488355327,-140737488355328,0,364,364
2,84,7021,85,20500.000000,20000.000000,0x000a7c5ac472,78,13,0x000a7c5b3634,29122,29486,46648,0,0,6,0,1,1,1,1,15595,28758,0x000a7c5ac472,140737488355327,-140737488355328,0,364,364
2,85,7099,86,20500.000000,20000.000000,0x000a7c5ac472,78,13,0x000a7c5b37a0,29486,29850,46648,0,0,6,0,1,1,1,1,15597,29122,0x000a7c5ac472,140737488355327,-140737488355328,0,364,364
2,86,7177,87,20500.000000,20000.000000,0x000a7c5ac472,78,13,0x000a7c5b390c,29850,30214,46648,0,0,6,0,1,1,1,1,15596,29486,0x000a7c5ac472,140737488355327,-140737488355328,0,364,364
2,87,7255,88,20500.000000,20000.000000,0x000a7c5ac472,78,13,0x000a7c5b3a78,30214,30578,46648,0,0,6,0,1,1,1,1,15597,29850,0x000a7c5ac472,140737488355327,-140737488355328,0,364,364
2,88,7333,89,20500.000000,20000.000000,0x000a7c5ac472,78,13,0x000a7c5b3be4,30578,30942,46648,0,0,6,0,1,1,1,1,15596,30214,0x000a7c5ac472,140737488355327,-140737488355328,0,364,364
2,89,7411,90,20500.000000,20000.000000,0x000a7c5ac472,78,13,0x000a7c5b3d50,30942,31306,46648,0,0,6,0,1,1,1,1,15597,30578,0x000a7c5ac472,140737488355327,-140737488355328,0,364,364
2,90,7489,91,20500.000000,20000.000000,0x000a7c5ac472,78,13,0x000a7c5b3ebc,31306,31670,46648,0,0,6,0,1,1,1,1,15596,30942,0x000a7c5ac472,140737488355327,-140737488355328,0,364,364
2,91,7567,92,20500.000000,20000.000000,0x000a7c5ac472,78,13,0x000a7c5b4028,31670,32034,46648,0,0,6,0,1,1,1,1,15597,31306,0x000a7c5ac472,140737488355327,-140737488355328,0,364,364
2,92,7645,93,20500.000000,20000.000000,0x000a7c5ac472,78,13,0x000a7c5b4194,32034,32398,46648,0,0,6,0,1,1,1,1,15597,31670,0x000a7c5ac472,140737488355327,-140737488355328,0,364,364
2,93,7723,94,20500.000000,20000.000000,0x000a7c5ac472,78,13,0x000a7c5b4300,32398,32762,46648,0,0,6,0,1,1,1,1,15597,32034,0x000a7c5ac472,140737488355327,-140737488355328,0,364,364
2,94,7801,95,20500.000000,20000.000000,0x000a7c5ac472,78,13,0x000a7c5b446c,32762,33126,46648,0,0,6,0,1,1,1,1,15597,32398,0x000a7c5ac472,140737488355327,-140737488355328,0,364,364
2,95,7879,96,20500.000000,20000.000000,0x000a7c5ac472,78,13,0x000a7c5b45d8,33126,33490,46648,0,0,6,0,1,1,1,1,15597,32762,0x000a7c5ac472,140737488355327,-140737488355328,0,364,364
2,96,7957,97,20500.000000,20000.000000,0x000a7c5ac472,78,13,0x000a7c5b4744,33490,33854,46648,0,0,6,0,1,1,1,1,15597,33126,0x000a7c5ac472,140737488355327,-140737488355328,0,364,364
2,97,8035,98,20500.000000,20000.000000,0x000a7c5ac472,78,13,0x000a7c5b48b0,33854,34218,46648,0,0,6,0,1,1,1,1,15597,33490,0x000a7c5ac472,140737488355327,-140737488355328,0,364,364
2,98,8113,99,20500.000000,20000.000000,0x000a7c5ac472,78,13,0x000a7c5b4a1c,34218,34582,46648,0,0,6,0,1,1,1,1,15597,33854,0x000a7c5ac472,140737488355327,-140737488355328,0,364,364
2,99,8191,100,20500.000000,20000.000000,0x000a7c5ac472,78,13,0x000a7c5b4b88,34582,34946,46648,0,0,6,0,1,1,1,1,15597,34218,0x000a7c5ac472,140737488355327,-140737488355328,0,364,364
2,100,8269,101,20500.000000,20000.000000,0x000a7c5ac472,78,13,0x000a7c5b4cf4,34946,35310,46648,0,0,6,0,1,1,1,1,15597,34582,0x000a7c5ac472,140737488355327,-140737488355328,0,364,364
2,101,8347,102,20500.000000,20000.000000,0x000a7c5ac472,78,13,0x000a7c5b4e60,35310,35674,46648,0,0,6,0,1,1,1,1,15597,34946,0x000a7c5ac472,140737488355327,-140737488355328,0,364,364
2,102,8425,103,20500.000000,20000.000000,0x000a7c5ac472,78,13,0x000a7c5b4fcc,35674,36038,46648,0,0,6,0,1,1,1,1,15597,35310,0x000a7c5ac472,140737488355327,-140737488355328,0,364,364
2,103,8503,104,20500.000000,20000.000000,0x000a7c5ac472,78,13,0x000a7c5b5138,36038,36402,46648,0,0,6,0,1,1,1,1,15597,35674,0x000a7c5ac472,140737488355327,-140737488355328,0,364,364
2,104,8581,105,20500.000000,20000.000000,0x000a7c5ac472,78,13,0x000a7c5b52a4,36402,36766,46648,0,0,6,0,1,1,1,1,15597,36038,0x000a7c5ac472,140737488355327,-140737488355328,0,364,364
2,105,8659,106,20500.000000,20000.000000,0x000a7c5ac472,78,13,0x000a7c5b5410,36766,37130,46648,0,0,6,0,1,1,1,1,15597,36402,0x000a7c5ac472,140737488355327,-140737488355328,0,364,364
2,106,8737,107,20500.000000,20000.000000,0x000a7c5ac472,78,13,0x000a7c5b557c,37130,37494,46648,0,0,6,0,1,1,1,1,15597,36766,0x000a7c5ac472,140737488355327,-140737488355328,0,364,364
2,107,8815,108,20500.000000,20000.000000,0x000a7c5ac472,78,13,0x000a7c5b56e8,37494,37858,46648,0,0,6,0,1,1,1,1,15597,37130,0x000a7c5ac472,140737488355327,-140737488355328,0,364,364
2,108,8893,109,20500.000000,20000.000000,0x000a7c5ac472,78,13,0x000a7c5b5854,37858,38222,46648,0,0,6,0,1,1,1,1,15597,37494,0x000a7c5ac472,140737488355327,-140737488355328,0,364,364
2,109,8971,110,20500.000000,20000.000000,0x000a7c5ac472,78,13,0x000a7c5b59c0,38222,38586,46648,0,0,6,0,1,1,1,1,15597,37858,0x000a7c5ac472,140737488355327,-140737488355328,0,364,364
2,110,9049,111,20500.000000,20000.000000,0x000a7c5ac472,78,13,0x000a7c5b5b2c,38586,38950,46648,0,0,6,0,1,1,1,1,15597,38222,0x000a7c5ac472,140737488355327,-140737488355328,0,364,364
2,111,9127,112,20500.000000,20000.000000,0x000a7c5ac472,78,13,0x000a7c5b5c98,38950,39314,46648,0,0,6,0,1,1,1,1,15596,38586,0x000a7c5ac472,140737488355327,-140737488355328,0,364,364
2,112,9205,113,20500.000000,20000.000000,0x000a7c5ac472,78,13,0x000a7c5b5e04,39314,39678,46648,0,0,6,0,1,1,1,1,15597,38950,0x000a7c5ac472,140737488355327,-140737488355328,0,364,364
2,113,9283,114,20500.000000,20000.000000,0x000a7c5ac472,78,13,0x000a7c5b5f70,39678,40042,46648,0,0,6,0,1,1,1,1,15597,39314,0x000a7c5ac472,140737488355327,-140737488355328,0,364,364
2,114,9361,115,20500.000000,20000.000000,0x000a7c5ac472,78,13,0x000a7c5b60dc,40042,40406,46648,0,0,6,0,1,1,1,1,15597,39678,0x000a7c5ac472,140737488355327,-140737488355328,0,364,364
2,115,9439,116,20500.000000,20000.000000,0x000a7c5ac472,78,13,0x000a7c5b6248,40406,40770,46648,0,0,6,0,1,1,1,1,15596,40042,0x000a7c5ac472,140737488355327,-140737488355328,0,364,364
2,116,9517,117,20500.000000,20000.000000,0x000a7c5ac472,78,13,0x000a7c5b63b4,40770,41134,46648,0,0,6,0,1,1,1,1,15597,40406,0x000a7c5ac472,140737488355327,-140737488355328,0,364,364
2,117,9595,118,20500.000000,20000.000000,0x000a7c5ac472,78,13,0x000a7c5b6520,41134,41498,46648,0,0,6,0,1,1,1,1,15596,40770,0x000a7c5ac472,140737488355327,-140737488355328,0,364,364
2,118,9673,119,20500.000000,20000.000000,0x000a7c5ac472,78,13,0x000a7c5b668c,41498,41862,46648,0,0,6,0,1,1,1,1,15597,41134,0x000a7c5ac472,140737488355327,-140737488355328,0,364,364
2,119,9751,120,20500.000000,20000.000000,0x000a7c5ac472,78,13,0x000a7c5b67f8,41862,42226,46648,0,0,6,0,1,1,1,1,15596,41498,0x000a7c5ac472,140737488355327,-140737488355328,0,364,364
2,120,9829,121,20500.000000,20000.000000,0x000a7c5ac472,78,13,0x000a7c5b6964,42226,42590,46648,0,0,6,0,1,1,1,1,15597,41862,0x000a7c5ac472,140737488355327,-140737488355328,0,364,364
2,121,9907,122,20500.000000,20000.000000,0x000a7c5ac472,78,13,0x000a7c5b6ad0,42590,42954,46648,0,0,6,0,1,1,1,1,15596,42226,0x000a7c5ac472,140737488355327,-140737488355328,0,364,364
2,122,9985,123,20500.000000,20000.000000,0x000a7c5ac472,78,13,0x000a7c5b6c3c,42954,43318,46648,0,0,6,0,1,1,1,1,15597,42590,0x000a7c5ac472,140737488355327,-140737488355328,0,364,364
2,123,10063,124,20500.000000,20000.000000,0x000a7c5ac472,78,13,0x000a7c5b6da8,43318,43682,46648,0,0,6,0,1,1,1,1,15596,42954,0x000a7c5ac472,140737488355327,-140737488355328,0,364,364
2,124,10141,125,20500.000000,20000.000000,0x000a7c5ac472,78,13,0x000a7c5b6f14,43682,44046,46648,0,0,6,0,1,1,1,1,15597,43318,0x000a7c5ac472,140737488355327,-140737488355328,0,364,364
2,125,10219,126,20500.000000,20000.000000,0x000a7c5ac472,78,13,0x000a7c5b7080,44046,44410,46648,0,0,6,0,1,1,1,1,15596,43682,0x000a7c5ac472,140737488355327,-140737488355328,0,364,364
2,126,10297,127,20500.000000,20000.000000,0x000a7c5ac472,78,13,0x000a7c5b71ec,44410,44774,46648,0,0,6,0,1,1,1,1,15597,44046,0x000a7c5ac472,140737488355327,-140737488355328,0,364,364
2,127,10375,128,20500.000000,20000.000000,0x000a7c5ac472,78,13,0x000a7c5b7358,44774,45138,46648,0,0,6,0,1,1,1,1,15596,44410,0x000a7c5ac472,140737488355327,-140737488355328,0,364,364
2,128,10453,129,20500.000000,20000.000000,0x000a7c5ac472,78,13,0x000a7c5b74c4,45138,45502,46648,0,0,6,0,1,1,1,1,15597,44774,0x000a7c5ac472,140737488355327,-140737488355328,0,364,364
2,129,10531,130,20500.000000,20000.000000,0x000a7c5ac472,78,13,0x000a7c5b7630,45502,45866,46648,0,0,6,0,1,1,1,1,15596,45138,0x000a7c5ac472,140737488355327,-140737488355328,0,364,364
2,130,10609,131,20500.000000,20000.000000,0x000a7c5ac472,78,13,0x000a7c5b779c,45866,46230,46648,0,0,6,0,1,1,1,1,15597,45502,0x000a7c5ac472,140737488355327,-140737488355328,0,364,364
2,131,10687,132,20500.000000,20000.000000,0x000a7c5ac472,78,13,0x000a7c5b7908,46230,46594,46648,0,0,6,0,1,1,1,1,15596,45866,0x000a7c5ac472,140737488355327,-140737488355328,0,364,364
2,132,10765,133,20500.000000,20000.000000,0x000a7c5ac472,78,13,0x000a7c5b7a74,46594,46958,46648,0,0,6,0,1,1,1,1,15597,46230,0x000a7c5ac472,140737488355327,-140737488355328,0,364,364
2,133,10843,134,20500.000000,20000.000000,0x000a7c5ac472,78,13,0x000a7c5b7be0,46958,47322,46648,0,0,6,0,1,1,1,1,15596,46594,0x000a7c5ac472,140737488355327,-140737488355328,0,364,364
2,134,10921,135,20500.000000,20000.000000,0x000a7c5ac472,78,13,0x000a7c5b7d4c,47322,47686,46648,0,0,6,0,1,1,1,1,15597,46958,0x000a7c5ac472,140737488355327,-140737488355328,0,364,364
2,135,10999,136,20500.000000,20000.000000,0x000a7c5ac472,78,13,0x000a7c5b7eb8,47686,48050,46648,0,0,6,0,1,1,1,1,15596,47322,0x000a7c5ac472,140737488355327,-140737488355328,0,364,364
2,136,11077,137,20500.000000,20000.000000,0x000a7c5ac472,78,13,0x000a7c5b8024,48050,48414,46648,0,0,6,0,1,1,1,1,15596,47686,0x000a7c5ac472,140737488355327,-140737488355328,0,364,364
2,137,11155,138,20500.000000,20000.000000,0x000a7c5ac472,78,13,0x000a7c5b8190,48414,48778,46648,0,0,6,0,1,1,1,1,15596,48050,0x000a7c5ac472,140737488355327,-140737488355328,0,364,364
2,138,11233,139,20500.000000,20000.000000,0x000a7c5ac472,78,13,0x000a7c5b82fc,48778,49142,46648,0,0,6,0,1,1,1,1,15596,48414,0x000a7c5ac472,140737488355327,-140737488355328,0,364,364
2,139,11311,140,20500.000000,20000.000000,0x000a7c5ac472,78,13,0x000a7c5b8468,49142,49506,46648,0,0,6,0,1,1,1,1,15596,48778,0x000a7c5ac472,140737488355327,-140737488355328,0,364,364
2,140,11389,141,20500.000000,20000.000000,0x000a7c5ac472,78,13,0x000a7c5b85d4,49506,49870,46648,0,0,6,0,1,1,1,1,15596,49142,0x000a7c5ac472,140737488355327,-140737488355328,0,364,364
2,141,11467,142,20500.000000,20000.000000,0x000a7c5ac472,78,13,0x000a7c5b8740,49870,50234,46648,0,0,6,0,1,1,1,1,15596,49506,0x000a7c5ac472,140737488355327,-140737488355328,0,364,364
2,142,11545,143,20500.000000,20000.000000,0x000a7c5ac472,78,13,0x000a7c5b88ac,50234,50598,46648,0,0,6,0,1,1,1,1,15597,49870,0x000a7c5ac472,140737488355327,-140737488355328,0,364,364
2,143,11623,144,20500.000000,20000.000000,0x000a7c5ac472,78,13,0x000a7c5b8a18,50598,50962,46648,0,0,6,0,1,1,1,1,15597,50234,0x000a7c5ac472,140737488355327,-140737488355328,0,364,364
2,144,11701,145,20500.000000,20000.000000,0x000a7c5ac472,78,13,0x000a7c5b8b84,50962,51326,46648,0,0,6,0,1,1,1,1,15596,50598,0x000a7c5ac472,140737488355327,-140737488355328,0,364,364
2,145,11779,146,20500.000000,20000.000000,0x000a7c5ac472,78,13,0x000a7c5b8cf0,51326,51690,46648,0,0,6,0,1,1,1,1,15596,50962,0x000a7c5ac472,140737488355327,-140737488355328,0,364,364
2,146,11857,147,20500.000000,20000.000000,0x000a7c5ac472,78,13,0x000a7c5b8e5c,51690,52054,46648,0,0,6,0,1,1,1,1,15596,51326,0x000a7c5ac472,140737488355327,-140737488355328,0,364,364
2,147,11935,148,20500.000000,20000.000000,0x000a7c5ac472,78,13,0x000a7c5b8fc8,52054,52418,46648,0,0,6,0,1,1,1,1,15596,51690,0x000a7c5ac472,140737488355327,-140737488355328,0,364,364
3,0,187,1,50500.000000,50000.000000,0x001a36e2eb1c,31,10,0x001a36e2eb1c,0,0,59184,-940,0,3,0,1,1,1,0,7844,0,0x001a36e2eb1c,140737488355327,-140737488355328,0,0,0
3,1,218,2,50500.000000,50000.000000,0x001a36e2eb1c,31,10,0x001a36e2eb1c,0,0,58792,-1004,0,4,0,1,1,1,0,8026,0,0x001a36e2eb1c,140737488355327,-140737488355328,0,0,0
3,2,249,3,50500.000000,50000.000000,0x001a36e2eb1c,31,10,0x001a36e2eb1c,-238,-238,58232,-952,0,4,0,1,1,1,0,7884,0,0x001a36e2eb1c,140737488355327,-140737488355328,-238,0,0
3,3,280,4,50500.000000,50000.000000,0x001a36e2eb1c,31,10,0x001a36e2ea2e,-486,-486,57800,-992,0,5,0,1,1,1,0,7995,-238,0x001a36e2eb1c,140737488355327,-140737488355328,-248,0,0
3,4,311,5,50500.000000,50000.000000,0x001a36e2eb1c,31,10,0x001a36e2e936,-384,-161,57268,-964,0,5,0,1,1,1,0,7906,-486,0x001a36e2eb1c,140737488355327,-140737488355328,-121,223,223
3,5,342,6,50500.000000,50000.000000,0x001a36e2eb1c,31,10,0x001a36e2ea7b,-286,-65,56816,-984,0,6,0,1,1,1,1,7976,-384,0x001a36e2eb1c,140737488355327,-140737488355328,-123,221,221
3,6,373,7,50500.000000,50000.000000,0x001a36e2eb1c,31,10,0x001a36e2eadb,122,561,56304,-964,0,6,0,1,1,1,1,7922,-286,0x001a36e2eb1c,140737488355327,-140737488355328,-31,439,439
3,7,404,8,50500.000000,50000.000000,0x001a36e2eb1c,31,10,0x001a36e2ed4d,527,963,55836,-980,0,6,0,1,1,1,1,7964,122,0x001a36e2eb1c,140737488355327,-140737488355328,-31,436,436
3,8,435,9,50500.000000,50000.000000,0x001a36e2eb1c,31,10,0x001a36e2eedf,928,1360,55332,-972,0,6,0,1,1,1,1,7932,527,0x001a36e2eb1c,140737488355327,-140737488355328,-31,432,432
3,9,466,10,50500.000000,50000.000000,0x001a36e2eb1c,31,10,0x001a36e2f06c,1325,1753,54856,-980,0,6,0,1,1,1,1,7958,928,0x001a36e2eb1c,140737488355327,-140737488355328,-31,428,428
3,10,497,11,50500.000000,50000.000000,0x001a36e2eb1c,31,10,0x001a36e2f1f5,1718,2142,54360,-972,0,6,0,1,1,1,1,7937,1325,0x001a36e2eb1c,140737488355327,-140737488355328,-31,424,424
3,11,528,12,50500.000000,50000.000000,0x001a36e2eb1c,31,10,0x001a36e2f37a,2107,2527,53880,-976,0,6,0,1,1,1,1,7954,1718,0x001a36e2eb1c,140737488355327,-140737488355328,-31,420,420
3,12,559,13,50500.000000,50000.000000,0x001a36e2eb1c,31,10,0x001a36e2f4fb,2493,2910,53388,-972,0,6,0,1,1,1,1,7941,2107,0x001a36e2eb1c,140737488355327,-140737488355328,-31,417,417
3,13,590,14,50500.000000,50000.000000,0x001a36e2eb1c,31,10,0x001a36e2f67a,2875,3288,52904,-976,0,6,0,1,1,1,1,7952,2493,0x001a36e2eb1c,140737488355327,-140737488355328,-31,413,413
3,14,621,15,50500.000000,50000.000000,0x001a36e2eb1c,31,10,0x001a36e2f7f4,3253,3662,52412,-976,0,6,0,1,1,1,1,7944,2875,0x001a36e2eb1c,140737488355327,-140737488355328,-31,409,409
3,15,652,16,50500.000000,50000.000000,0x001a36e2eb1c,31,10,0x001a36e2f96a,3627,4032,51928,-976,0,6,0,1,1,1,1,7950,3253,0x001a36e2eb1c,140737488355327,-140737488355328,-31,405,405
3,16,683,17,50500.000000,50000.000000,0x001a36e2eb1c,31,10,0x001a36e2fadc,3997,4398,51440,-972,0,6,0,1,1,1,1,7946,3627,0x001a36e2eb1c,140737488355327,-140737488355328,-31,401,401
3,17,714,18,50500.000000,50000.000000,0x001a36e2eb1c,31,10,0x001a36e2fc4a,4364,4762,50952,-976,0,6,0,1,1,1,1,7949,3997,0x001a36e2eb1c,140737488355327,-140737488355328,-31,398,398
3,18,745,19,50500.000000,50000.000000,0x001a36e2eb1c,31,10,0x001a36e2fdb6,4727,5121,50464,-976,0,6,0,1,1,1,1,7946,4364,0x001a36e2eb1c,140737488355327,-140737488355328,-31,394,394
3,19,776,20,50500.000000,50000.000000,0x001a36e2eb1c,31,10,0x001a36e2ff1d,5086,5476,49980,-972,0,6,0,1,1,1,1,7949,4727,0x001a36e2eb1c,140737488355327,-140737488355328,-31,390,390
3,20,807,21,50500.000000,50000.000000,0x001a36e2eb1c,31,10,0x001a36e30080,5441,5827,49492,-972,0,6,0,1,1,1,1,7947,5086,0x001a36e2eb1c,140737488355327,-140737488355328,-31,386,386
3,21,838,22,50500.000000,50000.000000,0x001a36e2eb1c,31,10,0x001a36e301df,5792,6174,49000,-980,0,6,0,1,1,1,1,7948,5441,0x001a36e2eb1c,140737488355327,-140737488355328,-31,382,382
3,22,869,23,50500.000000,50000.000000,0x001a36e2eb1c,31,10,0x001a36e3033a,6140,6519,48512,-980,0,6,0,1,1,1,1,7947,5792,0x001a36e2eb1c,140737488355327,-140737488355328,-31,379,379
3,23,900,24,50500.000000,50000.000000,0x001a36e2eb1c,31,10,0x001a36e30493,6484,6859,48028,-972,0,6,0,1,1,1,1,7948,6140,0x001a36e2eb1c,140737488355327,-140737488355328,-31,375,375
3,24,931,25,50500.000000,50000.000000,0x001a36e2eb1c,31,10,0x001a36e305e7,6824,7195,47540,-972,0,6,0,1,1,1,1,7948,6484,0x001a36e2eb1c,140737488355327,-140737488355328,-31,371,371
3,25,962,26,50500.000000,50000.000000,0x001a36e2eb1c,31,10,0x001a36e30737,7160,7527,47052,-976,0,6,0,1,1,1,1,7949,6824,0x001a36e2eb1c,140737488355327,-140737488355328,-31,367,367
3,26,993,27,50500.000000,50000.000000,0x001a36e2eb1c,31,10,0x001a36e30883,7492,7855,46564,-976,0,6,0,1,1,1,1,7948,7160,0x001a36e2eb1c,140737488355327,-140737488355328,-31,363,363
3,27,1024,28,50500.000000,50000.000000,0x001a36e2eb1c,31,10,0x001a36e309cb,7820,8179,46076,-976,0,6,0,1,1,1,1,7948,7492,0x001a36e2eb1c,140737488355327,-140737488355328,-31,359,359
3,28,1055,29,50500.000000,50000.000000,0x001a36e2eb1c,31,10,0x001a36e30b0f,8145,8501,45588,-976,0,6,0,1,1,1,1,7948,7820,0x001a36e2eb1c,140737488355327,-140737488355328,-31,356,356
3,29,1086,30,50500.000000,50000.000000,0x001a36e2eb1c,31,10,0x001a36e30c51,8466,8818,45100,-976,0,6,0,1,1,1,1,7949,8145,0x001a36e2eb1c,140737488355327,-140737488355328,-31,352,352
3,30,1117,31,50500.000000,50000.000000,0x001a36e2eb1c,31,10,0x001a36e30d8e,8783,9131,44616,-972,0,6,0,1,1,1,1,7949,8466,0x001a36e2eb1c,140737488355327,-140737488355328,-31,348,348
3,31,1148,32,50500.000000,50000.000000,0x001a36e2eb1c,31,10,0x001a36e30ec7,9096,9440,44128,-972,0,6,0,1,1,1,1,7949,8783,0x001a36e2eb1c,140737488355327,-140737488355328,-31,344,344
3,32,1179,33,50500.000000,50000.000000,0x001a36e2eb1c,31,10,0x001a36e30ffc,9405,9745,43640,-976,0,6,0,1,1,1,1,7948,9096,0x001a36e2eb1c,140737488355327,-140737488355328,-31,340,340
3,33,1210,34,50500.000000,50000.000000,0x001a36e2eb1c,31,10,0x001a36e3112d,9711,10048,43152,-976,0,6,0,1,1,1,1,7948,9405,0x001a36e2eb1c,140737488355327,-140737488355328,-31,337,337
3,34,1241,35,50500.000000,50000.000000,0x001a36e2eb1c,31,10,0x001a36e3125c,10013,10346,42664,-976,0,6,0,1,1,1,1,7948,9711,0x001a36e2eb1c,140737488355327,-140737488355328,-31,333,333
3,35,1272,36,50500.000000,50000.000000,0x001a36e2eb1c,31,10,0x001a36e31386,10311,10640,42176,-976,0,6,0,1,1,1,1,7949,10013,0x001a36e2eb1c,140737488355327,-140737488355328,-31,329,329
3,36,1303,37,50500.000000,50000.000000,0x001a36e2eb1c,31,10,0x001a36e314ac,10605,10930,41688,-976,0,6,0,1,1,1,1,7948,10311,0x001a36e2eb1c,140737488355327,-140737488355328,-31,325,325
3,37,1334,38,50500.000000,50000.000000,0x001a36e2eb1c,31,10,0x001a36e315ce,10895,11216,41200,-976,0,6,0,1,1,1,1,7948,10605,0x001a36e2eb1c,140737488355327,-140737488355328,-31,321,321
3,38,1365,39,50500.000000,50000.000000,0x001a36e2eb1c,31,10,0x001a36e316ec,11182,11500,40716,-972,0,6,0,1,1,1,1,7949,10895,0x001a36e2eb1c,140737488355327,-140737488355328,-31,318,318
3,39,1396,40,50500.000000,50000.000000,0x001a36e2eb1c,31,10,0x001a36e31808,11465,11779,40228,-972,0,6,0,1,1,1,1,7949,11182,0x001a36e2eb1c,140737488355327,-140737488355328,-31,314,314
3,40,1427,41,50500.000000,50000.000000,0x001a36e2eb1c,31,10,0x001a36e3191f,11744,12054,39740,-976,0,6,0,1,1,1,1,7948,11465,0x001a36e2eb1c,140737488355327,-140737488355328,-31,310,310
3,41,1458,42,50500.000000,50000.000000,0x001a36e2eb1c,31,10,0x001a36e31a32,12019,12325,39252,-976,0,6,0,1,1,1,1,7948,11744,0x001a36e2eb1c,140737488355327,-140737488355328,-31,306,306
3,42,1489,43,50500.000000,50000.000000,0x001a36e2eb1c,31,10,0x001a36e31b41,12290,12592,38764,-976,0,6,0,1,1,1,1,7948,12019,0x001a36e2eb1c,140737488355327,-140737488355328,-31,302,302
3,43,1520,44,50500.000000,50000.000000,0x001a36e2eb1c,31,10,0x001a36e31c4c,12558,12857,38276,-976,0,6,0,1,1,1,1,7949,12290,0x001a36e2eb1c,140737488355327,-140737488355328,-31,299,299
3,44,1551,45,50500.000000,50000.000000,0x001a36e2eb1c,31,10,0x001a36e31d55,12822,13117,37792,-972,0,6,0,1,1,1,1,7949,12558,0x001a36e2eb1c,140737488355327,-140737488355328,-31,295,295
3,45,1582,46,50500.000000,50000.000000,0x001a36e2eb1c,31,10,0x001a36e31e59,13082,13373,37304,-972,0,6,0,1,1,1,1,7948,12822,0x001a36e2eb1c,140737488355327,-140737488355328,-31,291,291
3,46,1613,47,50500.000000,50000.000000,0x001a36e2eb1c,31,10,0x001a36e31f59,13338,13625,36816,-976,0,6,0,1,1,1,1,7948,13082,0x001a36e2eb1c,140737488355327,-140737488355328,-31,287,287
3,47,1644,48,50500.000000,50000.000000,0x001a36e2eb1c,31,10,0x001a36e32055,13590,13873,36328,-976,0,6,0,1,1,1,1,7948,13338,0x001a36e2eb1c,140737488355327,-140737488355328,-31,283,283
3,48,1675,49,50500.000000,50000.000000,0x001a36e2eb1c,31,10,0x001a36e3214d,13839,14119,35840,-976,0,6,0,1,1,1,1,7949,13590,0x001a36e2eb1c,140737488355327,-140737488355328,-31,280,280
3,49,1706,50,50500.000000,50000.000000,0x001a36e2eb1c,31,10,0x001a36e32243,14084,14360,35352,-976,0,6,0,1,1,1,1,7948,13839,0x001a36e2eb1c,140737488355327,-140737488355328,-31,276,276
3,50,1737,51,50500.000000,50000.000000,0x001a36e2eb1c,31,10,0x001a36e32334,14325,14597,34864,-976,0,6,0,1,1,1,1,7948,14084,0x001a36e2eb1c,140737488355327,-140737488355328,-31,272,272
3,51,1768,52,50500.000000,50000.000000,0x001a36e2eb1c,31,10,0x001a36e32421,14562,14830,34380,-972,0,6,0,1,1,1,1,7948,14325,0x001a36e2eb1c,140737488355327,-140737488355328,-31,268,268
3,52,1799,53,50500.000000,50000.000000,0x001a36e2eb1c,31,10,0x001a36e3250a,14795,15059,33892,-972,0,6,0,1,1,1,1,7948,14562,0x001a36e2eb1c,140737488355327,-140737488355328,-31,264,264
3,53,1830,54,50500.000000,50000.000000,0x001a36e2eb1c,31,10,0x001a36e325ef,15024,15284,33404,-976,0,6,0,1,1,1,1,7948,14795,0x001a36e2eb1c,140737488355327,-140737488355328,-31,260,260
3,54,1861,55,50500.000000,50000.000000,0x001a36e2eb1c,31,10,0x001a36e326d0,15250,15507,32916,-976,0,6,0,1,1,1,1,7947,15024,0x001a36e2eb1c,140737488355327,-140737488355328,-31,257,257
3,55,1892,56,50500.000000,50000.000000,0x001a36e2eb1c,31,10,0x001a36e327af,18032,18797,97964,64560,0,6,0,1,1,1,1,7948,15250,0x001a36e2eb1c,140737488355327,-140737488355328,2017,765,765
3,56,1923,57,50500.000000,50000.000000,0x001a36e2eb1c,31,10,0x001a36e33489,20810,21571,97476,64560,0,6,0,1,1,1,1,7948,18032,0x001a36e2eb1c,140737488355327,-140737488355328,2017,761,761
3,57,1954,58,50500.000000,50000.000000,0x001a36e2eb1c,31,10,0x001a36e33f5f,21536,22293,96988,-976,0,6,0,1,1,1,1,7948,20810,0x001a36e2eb1c,140737488355327,-140737488355328,-31,757,757
3,58,1985,59,50500.000000,50000.000000,0x001a36e2eb1c,31,10,0x001a36e34231,22258,23011,96500,-976,0,6,0,1,1,1,1,7947,21536,0x001a36e2eb1c,140737488355327,-140737488355328,-31,753,753
3,59,2016,60,50500.000000,50000.000000,0x001a36e2eb1c,31,10,0x001a36e344ff,22977,23727,96012,-976,0,6,0,1,1,1,1,7947,22258,0x001a36e2eb1c,140737488355327,-140737488355328,-31,750,750
3,60,2047,61,50500.000000,50000.000000,0x001a36e2eb1c,31,10,0x001a36e347cb,23692,24438,95524,-976,0,6,0,1,1,1,1,7947,22977,0x001a36e2eb1c,140737488355327,-140737488355328,-31,746,746
3,61,2078,62,50500.000000,50000.000000,0x001a36e2eb1c,31,10,0x001a36e34a92,24403,25145,95040,-972,0,6,0,1,1,1,1,7947,23692,0x001a36e2eb1c,140737488355327,-140737488355328,-31,742,742
3,62,2109,63,50500.000000,50000.000000,0x001a36e2eb1c,31,10,0x001a36e34d55,25110,25848,94552,-972,0,6,0,1,1,1,1,7947,24403,0x001a36e2eb1c,140737488355327,-140737488355328,-31,738,738
3,63,2140,64,50500.000000,50000.000000,0x001a36e2eb1c,31,10,0x001a36e35014,25813,26547,94064,-976,0,6,0,1,1,1,1,7947,25110,0x001a36e2eb1c,140737488355327,-140737488355328,-31,734,734
3,64,2171,65,50500.000000,50000.000000,0x001a36e2eb1c,31,10,0x001a36e352cf,26513,27244,93576,-976,0,6,0,1,1,1,1,7947,25813,0x001a36e2eb1c,140737488355327,-140737488355328,-31,731,731
3,65,2202,66,50500.000000,50000.000000,0x001a36e2eb1c,31,10,0x001a36e35588,27209,27936,93088,-976,0,6,0,1,1,1,1,7947,26513,0x001a36e2eb1c,140737488355327,-140737488355328,-31,727,727
3,66,2233,67,50500.000000,50000.000000,0x001a36e2eb1c,31,10,0x001a36e3583c,27901,28624,92600,-976,0,6,0,1,1,1,1,7946,27209,0x001a36e2eb1c,140737488355327,-140737488355328,-31,723,723
3,67,2264,68,50500.000000,50000.000000,0x001a36e2eb1c,31,10,0x001a36e35aec,28589,29308,92112,-976,0,6,0,1,1,1,1,7946,27901,0x001a36e2eb1c,140737488355327,-140737488355328,-31,719,719
3,68,2295,69,50500.000000,50000.000000,0x001a36e2eb1c,31,10,0x001a36e35d98,29273,29988,91624,-976,0,6,0,1,1,1,1,7946,28589,0x001a36e2eb1c,140737488355327,-140737488355328,-31,715,715
3,69,2326,70,50500.000000,50000.000000,0x001a36e2eb1c,31,10,0x001a36e36040,29954,30666,91140,-972,0,6,0,1,1,1,1,7946,29273,0x001a36e2eb1c,140737488355327,-140737488355328,-31,712,712
3,70,2357,71,50500.000000,50000.000000,0x001a36e2eb1c,31,10,0x001a36e362e6,30631,31339,90652,-972,0,6,0,1,1,1,1,7946,29954,0x001a36e2eb1c,140737488355327,-140737488355328,-31,708,708
3,71,2388,72,50500.000000,50000.000000,0x001a36e2eb1c,31,10,0x001a36e36587,31304,32008,90164,-976,0,6,0,1,1,1,1,7947,30631,0x001a36e2eb1c,140737488355327,-140737488355328,-31,704,704
3,72,2419,73,50500.000000,50000.000000,0x001a36e2eb1c,31,10,0x001a36e36824,31973,32673,89676,-976,0,6,0,1,1,1,1,7946,31304,0x001a36e2eb1c,140737488355327,-140737488355328,-31,700,700
3,73,2450,74,50500.000000,50000.000000,0x001a36e2eb1c,31,10,0x001a36e36abd,32638,33334,89188,-976,0,6,0,1,1,1,1,7946,31973,0x001a36e2eb1c,140737488355327,-140737488355328,-31,696,696
3,74,2481,75,50500.000000,50000.000000,0x001a36e2eb1c,31,10,0x001a36e36d52,33299,33991,88700,-976,0,6,0,1,1,1,1,7946,32638,0x001a36e2eb1c,140737488355327,-140737488355328,-31,692,692
3,75,2512,76,50500.000000,50000.000000,0x001a36e2eb1c,31,10,0x001a36e36fe3,33957,34646,88212,-976,0,6,0,1,1,1,1,7946,33299,0x001a36e2eb1c,140737488355327,-140737488355328,-31,689,689
3,76,2543,77,50500.000000,50000.000000,0x001a36e2eb1c,31,10,0x001a36e37272,34611,35296,87724,-976,0,6,0,1,1,1,1,7946,33957,0x001a36e2eb1c,140737488355327,-140737488355328,-31,685,685
3,77,2574,78,50500.000000,50000.000000,0x001a36e2eb1c,31,10,0x001a36e374fc,35261,35942,87240,-972,0,6,0,1,1,1,1,7946,34611,0x001a36e2eb1c,140737488355327,-140737488355328,-31,681,681
3,78,2605,79,50500.000000,50000.000000,0x001a36e2eb1c,31,10,0x001a36e37782,35907,36584,86752,-972,0,6,0,1,1,1,1,7946,35261,0x001a36e2eb1c,140737488355327,-140737488355328,-31,677,677
3,79,2636,80,50500.000000,50000.000000,0x001a36e2eb1c,31,10,0x001a36e37a04,36549,37222,86264,-976,0,6,0,1,1,1,1,7945,35907,0x001a36e2eb1c,140737488355327,-140737488355328,-31,673,673
3,80,2667,81,50500.000000,50000.000000,0x001a36e2eb1c,31,10,0x001a36e37c82,37188,37858,85776,-976,0,6,0,1,1,1,1,7944,36549,0x001a36e2eb1c,140737488355327,-140737488355328,-31,670,670
3,81,2698,82,50500.000000,50000.000000,0x001a36e2eb1c,31,10,0x001a36e37efe,37823,38489,85288,-976,0,6,0,1,1,1,1,7946,37188,0x001a36e2eb1c,140737488355327,-140737488355328,-31,666,666
3,82,2729,83,50500.000000,50000.000000,0x001a36e2eb1c,31,10,0x001a36e38175,38454,39116,84800,-976,0,6,0,1,1,1,1,7944,37823,0x001a36e2eb1c,140737488355327,-140737488355328,-31,662,662
3,83,2760,84,50500.000000,50000.000000,0x001a36e2eb1c,31,10,0x001a36e383e8,39081,39739,84312,-976,0,6,0,1,1,1,1,7945,38454,0x001a36e2eb1c,140737488355327,-140737488355328,-31,658,658
3,84,2791,85,50500.000000,50000.000000,0x001a36e2eb1c,31,10,0x001a36e38657,39704,40358,83824,-976,0,6,0,1,1,1,1,7944,39081,0x001a36e2eb1c,140737488355327,-140737488355328,-31,654,654
3,85,2822,86,50500.000000,50000.000000,0x001a36e2eb1c,31,10,0x001a36e388c2,40324,40975,83336,-976,0,6,0,1,1,1,1,7945,39704,0x001a36e2eb1c,140737488355327,-140737488355328,-31,651,651
3,86,2853,87,50500.000000,50000.000000,0x001a36e2eb1c,31,10,0x001a36e38b2b,40940,41587,82848,-976,0,6,0,1,1,1,1,7944,40324,0x001a36e2eb1c,140737488355327,-140737488355328,-31,647,647
3,87,2884,88,50500.000000,50000.000000,0x001a36e2eb1c,31,10,0x001a36e38d8f,41552,42195,82360,-976,0,6,0,1,1,1,1,7944,40940,0x001a36e2eb1c,140737488355327,-140737488355328,-31,643,643
3,88,2915,89,50500.000000,50000.000000,0x001a36e2eb1c,31,10,0x001a36e38fef,42160,42799,81872,-976,0,6,0,1,1,1,1,7944,41552,0x001a36e2eb1c,140737488355327,-140737488355328,-31,639,639
3,89,2946,90,50500.000000,50000.000000,0x001a36e2eb1c,31,10,0x001a36e3924b,42764,43399,81384,-976,0,6,0,1,1,1,1,7945,42160,0x001a36e2eb1c,140737488355327,-140737488355328,-31,635,635
3,90,2977,91,50500.000000,50000.000000,0x001a36e2eb1c,31,10,0x001a36e394a3,43365,43997,80896,-976,0,6,0,1,1,1,1,7944,42764,0x001a36e2eb1c,140737488355327,-140737488355328,-31,632,632
3,91,3008,92,50500.000000,50000.000000,0x001a36e2eb1c,31,10,0x001a36e396f9,43962,44590,80408,-976,0,6,0,1,1,1,1,7945,43365,0x001a36e2eb1c,140737488355327,-140737488355328,-31,628,628
3,92,3039,93,50500.000000,50000.000000,0x001a36e2eb1c,31,10,0x001a36e3994a,44555,45179,79920,-976,0,6,0,1,1,1,1,7944,43962,0x001a36e2eb1c,140737488355327,-140737488355328,-31,624,624
3,93,3070,94,50500.000000,50000.000000,0x001a36e2eb1c,31,10,0x001a36e39b97,45144,45764,79432,-976,0,6,0,1,1,1,1,7944,44555,0x001a36e2eb1c,140737488355327,-140737488355328,-31,620,620
3,94,3101,95,50500.000000,50000.000000,0x001a36e2eb1c,31,10,0x001a36e39de0,45729,46345,78948,-972,0,6,0,1,1,1,1,7944,45144,0x001a36e2eb1c,140737488355327,-140737488355328,-31,616,616
3,95,3132,96,50500.000000,50000.000000,0x001a36e2eb1c,31,10,0x001a36e3a025,46310,46922,78460,-972,0,6,0,1,1,1,1,7944,45729,0x001a36e2eb1c,140737488355327,-140737488355328,-31,612,612
3,96,3163,97,50500.000000,50000.000000,0x001a36e2eb1c,31,10,0x001a36e3a266,46888,47497,77972,-976,0,6,0,1,1,1,1,7944,46310,0x001a36e2eb1c,140737488355327,-140737488355328,-31,609,609
3,97,3194,98,50500.000000,50000.000000,0x001a36e2eb1c,31,10,0x001a36e3a4a5,47462,48067,77484,-976,0,6,0,1,1,1,1,7944,46888,0x001a36e2eb1c,140737488355327,-140737488355328,-31,605,605
3,98,3225,99,50500.000000,50000.000000,0x001a36e2eb1c,31,10,0x001a36e3a6df,48032,48633,76996,-976,0,6,0,1,1,1,1,7944,47462,0x001a36e2eb1c,140737488355327,-140737488355328,-31,601,601
3,99,3256,100,50500.000000,50000.000000,0x001a36e2eb1c,31,10,0x001a36e3a915,48598,49195,76508,-976,0,6,0,1,1,1,1,7944,48032,0x001a36e2eb1c,140737488355327,-140737488355328,-31,597,597
3,100,3287,101,50500.000000,50000.000000,0x001a36e2eb1c,31,10,0x001a36e3ab47,49160,49753,76020,-976,0,6,0,1,1,1,1,7943,48598,0x001a36e2eb1c,140737488355327,-140737488355328,-31,593,593
3,101,3318,102,50500.000000,50000.000000,0x001a36e2eb1c,31,10,0x001a36e3ad75,49719,50309,75532,-976,0,6,0,1,1,1,1,7944,49160,0x001a36e2eb1c,140737488355327,-140737488355328,-31,590,590
3,102,3349,103,50500.000000,50000.000000,0x001a36e2eb1c,31,10,0x001a36e3afa1,50274,50860,75044,-976,0,6,0,1,1,1,1,7944,49719,0x001a36e2eb1c,140737488355327,-140737488355328,-31,586,586
3,103,3380,104,50500.000000,50000.000000,0x001a36e2eb1c,31,10,0x001a36e3b1c8,50825,51407,74556,-976,0,6,0,1,1,1,1,7945,50274,0x001a36e2eb1c,140737488355327,-140737488355328,-31,582,582
3,104,3411,105,50500.000000,50000.000000,0x001a36e2eb1c,31,10,0x001a36e3b3eb,51372,51950,74068,-976,0,6,0,1,1,1,1,7944,50825,0x001a36e2eb1c,140737488355327,-140737488355328,-31,578,578
3,105,3442,106,50500.000000,50000.000000,0x001a36e2eb1c,31,10,0x001a36e3b60a,51915,52489,73580,-976,0,6,0,1,1,1,1,7944,51372,0x001a36e2eb1c,140737488355327,-140737488355328,-31,574,574
3,106,3473,107,50500.000000,50000.000000,0x001a36e2eb1c,31,10,0x001a36e3b825,52455,53026,73096,-972,0,6,0,1,1,1,1,7944,51915,0x001a36e2eb1c,140737488355327,-140737488355328,-31,571,571
3,107,3504,108,50500.000000,50000.000000,0x001a36e2eb1c,31,10,0x001a36e3ba3e,52991,53558,72608,-972,0,6,0,1,1,1,1,7944,52455,0x001a36e2eb1c,140737488355327,-140737488355328,-31,567,567
3,108,3535,109,50500.000000,50000.000000,0x001a36e2eb1c,31,10,0x001a36e3bc52,53523,54086,72116,-980,0,6,0,1,1,1,1,7944,52991,0x001a36e2eb1c,140737488355327,-140737488355328,-31,563,563
3,109,3566,110,50500.000000,50000.000000,0x001a36e2eb1c,31,10,0x001a36e3be62,54051,54610,71632,-976,0,6,0,1,1,1,1,7944,53523,0x001a36e2eb1c,140737488355327,-140737488355328,-31,559,559
3,110,3597,111,50500.000000,50000.000000,0x001a36e2eb1c,31,10,0x001a36e3c06e,54575,55130,71144,-972,0,6,0,1,1,1,1,7944,54051,0x001a36e2eb1c,140737488355327,-140737488355328,-31,555,555
3,111,3628,112,50500.000000,50000.000000,0x001a36e2eb1c,31,10,0x001a36e3c276,55096,55648,70656,-976,0,6,0,1,1,1,1,7944,54575,0x001a36e2eb1c,140737488355327,-140737488355328,-31,552,552
3,112,3659,113,50500.000000,50000.000000,0x001a36e2eb1c,31,10,0x001a36e3c47c,55613,56161,70168,-976,0,6,0,1,1,1,1,7944,55096,0x001a36e2eb1c,140737488355327,-140737488355328,-31,548,548
3,113,3690,114,50500.000000,50000.000000,0x001a36e2eb1c,31,10,0x001a36e3c67d,56126,56670,69680,-976,0,6,0,1,1,1,1,7944,55613,0x001a36e2eb1c,140737488355327,-140737488355328,-31,544,544
3,114,3721,115,50500.000000,50000.000000,0x001a36e2eb1c,31,10,0x001a36e3c87a,56635,57175,69192,-976,0,6,0,1,1,1,1,7944,56126,0x001a36e2eb1c,140737488355327,-140737488355328,-31,540,540
3,115,3752,116,50500.000000,50000.000000,0x001a36e2eb1c,31,10,0x001a36e3ca73,57140,57676,68704,-976,0,6,0,1,1,1,1,7944,56635,0x001a36e2eb1c,140737488355327,-140737488355328,-31,536,536
3,116,3783,117,50500.000000,50000.000000,0x001a36e2eb1c,31,10,0x001a36e3cc68,57641,58173,68216,-976,0,6,0,1,1,1,1,7944,57140,0x001a36e2eb1c,140737488355327,-140737488355328,-31,532,532
3,117,3814,118,50500.000000,50000.000000,0x001a36e2eb1c,31,10,0x001a36e3ce59,58139,58668,67728,-976,0,6,0,1,1,1,1,7944,57641,0x001a36e2eb1c,140737488355327,-140737488355328,-31,529,529
3,118,3845,119,50500.000000,50000.000000,0x001a36e2eb1c,31,10,0x001a36e3d048,58633,59158,67244,-972,0,6,0,1,1,1,1,7944,58139,0x001a36e2eb1c,140737488355327,-140737488355328,-31,525,525
3,119,3876,120,50500.000000,50000.000000,0x001a36e2eb1c,31,10,0x001a36e3d232,59123,59644,66752,-976,0,6,0,1,1,1,1,7945,58633,0x001a36e2eb1c,140737488355327,-140737488355328,-31,521,521
3,120,3907,121,50500.000000,50000.000000,0x001a36e2eb1c,31,10,0x001a36e3d418,59609,60126,66268,-976,0,6,0,1,1,1,1,7945,59123,0x001a36e2eb1c,140737488355327,-140737488355328,-31,517,517
3,121,3938,122,50500.000000,50000.000000,0x001a36e2eb1c,31,10,0x001a36e3d5fa,60091,60604,65776,-976,0,6,0,1,1,1,1,7945,59609,0x001a36e2eb1c,140737488355327,-140737488355328,-31,513,513
3,122,3969,123,50500.000000,50000.000000,0x001a36e2eb1c,31,10,0x001a36e3d7d8,60570,61080,65292,-976,0,6,0,1,1,1,1,7945,60091,0x001a36e2eb1c,140737488355327,-140737488355328,-31,510,510
3,123,4000,124,50500.000000,50000.000000,0x001a36e2eb1c,31,10,0x001a36e3d9b4,61045,61551,64800,-976,0,6,0,1,1,1,1,7945,60570,0x001a36e2eb1c,140737488355327,-140737488355328,-31,506,506
3,124,4031,125,50500.000000,50000.000000,0x001a36e2eb1c,31,10,0x001a36e3db8b,61516,62018,64316,-976,0,6,0,1,1,1,1,7945,61045,0x001a36e2eb1c,140737488355327,-140737488355328,-31,502,502
3,125,4062,126,50500.000000,50000.000000,0x001a36e2eb1c,31,10,0x001a36e3dd5e,61983,62481,63828,-972,0,6,0,1,1,1,1,7944,61516,0x001a36e2eb1c,140737488355327,-140737488355328,-31,498,498
3,126,4093,127,50500.000000,50000.000000,0x001a36e2eb1c,31,10,0x001a36e3df2d,62446,62940,63340,-976,0,6,0,1,1,1,1,7945,61983,0x001a36e2eb1c,140737488355327,-140737488355328,-31,494,494
3,127,4124,128,50500.000000,50000.000000,0x001a36e2eb1c,31,10,0x001a36e3e0f8,62906,63397,62852,-976,0,6,0,1,1,1,1,7945,62446,0x001a36e2eb1c,140737488355327,-140737488355328,-31,491,491
3,128,4155,129,50500.000000,50000.000000,0x001a36e2eb1c,31,10,0x001a36e3e2c1,63362,63849,62364,-976,0,6,0,1,1,1,1,7945,62906,0x001a36e2eb1c,140737488355327,-140737488355328,-31,487,487
3,129,4186,130,50500.000000,50000.000000,0x001a36e2eb1c,31,10,0x001a36e3e485,63814,64297,61876,-976,0,6,0,1,1,1,1,7945,63362,0x001a36e2eb1c,140737488355327,-140737488355328,-31,483,483
3,130,4217,131,50500.000000,50000.000000,0x001a36e2eb1c,31,10,0x001a36e3e645,64262,64741,61388,-976,0,6,0,1,1,1,1,7946,63814,0x001a36e2eb1c,140737488355327,-140737488355328,-31,479,479
3,131,4248,132,50500.000000,50000.000000,0x001a36e2eb1c,31,10,0x001a36e3e801,64706,65181,60900,-976,0,6,0,1,1,1,1,7946,64262,0x001a36e2eb1c,140737488355327,-140737488355328,-31,475,475
3,132,4279,133,50500.000000,50000.000000,0x001a36e2eb1c,31,10,0x001a36e3e9b9,65146,65617,60412,-976,0,6,0,1,1,1,1,7946,64706,0x001a36e2eb1c,140737488355327,-140737488355328,-31,471,471
3,133,4310,134,50500.000000,50000.000000,0x001a36e2eb1c,31,10,0x001a36e3eb6d,65583,66051,59924,-976,0,6,0,1,1,1,1,7946,65146,0x001a36e2eb1c,140737488355327,-140737488355328,-31,468,468
3,134,4341,135,50500.000000,50000.000000,0x001a36e2eb1c,31,10,0x001a36e3ed1f,66016,66480,59436,-976,0,6,0,1,1,1,1,7945,65583,0x001a36e2eb1c,140737488355327,-140737488355328,-31,464,464
3,135,4372,136,50500.000000,50000.000000,0x001a36e2eb1c,31,10,0x001a36e3eecc,66445,66905,58952,-972,0,6,0,1,1,1,1,7946,66016,0x001a36e2eb1c,140737488355327,-140737488355328,-31,460,460
3,136,4403,137,50500.000000,50000.000000,0x001a36e2eb1c,31,10,0x001a36e3f075,66870,67326,58464,-972,0,6,0,1,1,1,1,7946,66445,0x001a36e2eb1c,140737488355327,-140737488355328,-31,456,456
3,137,4434,138,50500.000000,50000.000000,0x001a36e2eb1c,31,10,0x001a36e3f21a,67291,67743,57976,-976,0,6,0,1,1,1,1,7946,66870,0x001a36e2eb1c,140737488355327,-140737488355328,-31,452,452
3,138,4465,139,50500.000000,50000.000000,0x001a36e2eb1c,31,10,0x001a36e3f3bb,67709,68158,57488,-976,0,6,0,1,1,1,1,7946,67291,0x001a36e2eb1c,140737488355327,-140737488355328,-31,449,449
3,139,4496,140,50500.000000,50000.000000,0x001a36e2eb1c,31,10,0x001a36e3f55a,68123,68568,57000,-976,0,6,0,1,1,1,1,7946,67709,0x001a36e2eb1c,140737488355327,-140737488355328,-31,445,445
3,140,4527,141,50500.000000,50000.000000,0x001a36e2eb1c,31,10,0x001a36e3f6f4,68533,68974,56512,-976,0,6,0,1,1,1,1,7946,68123,0x001a36e2eb1c,140737488355327,-140737488355328,-31,441,441
3,141,4558,142,50500.000000,50000.000000,0x001a36e2eb1c,31,10,0x001a36e3f88a,68939,69376,56024,-976,0,6,0,1,1,1,1,7947,68533,0x001a36e2eb1c,140737488355327,-140737488355328,-31,437,437
3,142,4589,143,50500.000000,50000.000000,0x001a36e2eb1c,31,10,0x001a36e3fa1c,69341,69774,55536,-976,0,6,0,1,1,1,1,7947,68939,0x001a36e2eb1c,140737488355327,-140737488355328,-31,433,433
3,143,4620,144,50500.000000,50000.000000,0x001a36e2eb1c,31,10,0x001a36e3fbaa,69740,70170,55048,-976,0,6,0,1,1,1,1,7946,69341,0x001a36e2eb1c,140737488355327,-140737488355328,-31,430,430
3,144,4651,145,50500.000000,50000.000000,0x001a36e2eb1c,31,10,0x001a36e3fd36,70135,70561,54560,-976,0,6,0,1,1,1,1,7947,69740,0x001a36e2eb1c,140737488355327,-140737488355328,-31,426,426
3,145,4682,146,50500.000000,50000.000000,0x001a36e2eb1c,31,10,0x001a36e3febd,70526,70948,54076,-972,0,6,0,1,1,1,1,7948,70135,0x001a36e2eb1c,140737488355327,-140737488355328,-31,422,422
3,146,4713,147,50500.000000,50000.000000,0x001a36e2eb1c,31,10,0x001a36e40040,70913,71331,53588,-972,0,6,0,1,1,1,1,7947,70526,0x001a36e2eb1c,140737488355327,-140737488355328,-31,418,418
3,147,4744,148,50500.000000,50000.000000,0x001a36e2eb1c,31,10,0x001a36e401bf,71296,71710,53100,-976,0,6,0,1,1,1,1,7948,70913,0x001a36e2eb1c,140737488355327,-140737488355328,-31,414,414
3,148,4775,149,50500.000000,50000.000000,0x001a36e2eb1c,31,10,0x001a36e4033a,71676,72087,52612,-976,0,6,0,1,1,1,1,7946,71296,0x001a36e2eb1c,140737488355327,-140737488355328,-31,411,411
3,149,4806,150,50500.000000,50000.000000,0x001a36e2eb1c,31,10,0x001a36e404b3,72052,72459,52124,-976,0,6,0,1,1,1,1,7948,71676,0x001a36e2eb1c,140737488355327,-140737488355328,-31,407,407
3,150,4837,151,50500.000000,50000.000000,0x001a36e2eb1c,31,10,0x001a36e40627,72424,72827,51636,-976,0,6,0,1,1,1,1,7947,72052,0x001a36e2eb1c,140737488355327,-140737488355328,-31,403,403
3,151,4868,152,50500.000000,50000.000000,0x001a36e2eb1c,31,10,0x001a36e40797,72792,73191,51148,-976,0,6,0,1,1,1,1,7947,72424,0x001a36e2eb1c,140737488355327,-140737488355328,-31,399,399
3,152,4899,153,50500.000000,50000.000000,0x001a36e2eb1c,31,10,0x001a36e40903,73156,73551,50664,-972,0,6,0,1,1,1,1,7947,72792,0x001a36e2eb1c,140737488355327,-140737488355328,-31,395,395
3,153,4930,154,50500.000000,50000.000000,0x001a36e2eb1c,31,10,0x001a36e40a6b,73516,73907,50172,-976,0,6,0,1,1,1,1,7948,73156,0x001a36e2eb1c,140737488355327,-140737488355328,-31,391,391
3,154,4961,155,50500.000000,50000.000000,0x001a36e2eb1c,31,10,0x001a36e40bcf,73873,74261,49688,-976,0,6,0,1,1,1,1,7947,73516,0x001a36e2eb1c,140737488355327,-140737488355328,-31,388,388
3,155,4992,156,50500.000000,50000.000000,0x001a36e2eb1c,31,10,0x001a36e40d31,74226,74610,49200,-972,0,6,0,1,1,1,1,7947,73873,0x001a36e2eb1c,140737488355327,-140737488355328,-31,384,384
3,156,5023,157,50500.000000,50000.000000,0x001a36e2eb1c,31,10,0x001a36e40e8e,74575,74955,48712,-976,0,6,0,1,1,1,1,7948,74226,0x001a36e2eb1c,140737488355327,-140737488355328,-31,380,380
3,157,5054,158,50500.000000,50000.000000,0x001a36e2eb1c,31,10,0x001a36e40fe7,74920,75296,48224,-976,0,6,0,1,1,1,1,7949,74575,0x001a36e2eb1c,140737488355327,-140737488355328,-31,376,376
3,158,5085,159,50500.000000,50000.000000,0x001a36e2eb1c,31,10,0x001a36e4113c,75261,75633,47736,-976,0,6,0,1,1,1,1,7948,74920,0x001a36e2eb1c,140737488355327,-140737488355328,-31,372,372
3,159,5116,160,50500.000000,50000.000000,0x001a36e2eb1c,31,10,0x001a36e4128d,75599,75968,47248,-976,0,6,0,1,1,1,1,7948,75261,0x001a36e2eb1c,140737488355327,-140737488355328,-31,369,369
3,160,5147,161,50500.000000,50000.000000,0x001a36e2eb1c,31,10,0x001a36e413dc,75933,76298,46760,-976,0,6,0,1,1,1,1,7948,75599,0x001a36e2eb1c,140737488355327,-140737488355328,-31,365,365
3,161,5178,162,50500.000000,50000.000000,0x001a36e2eb1c,31,10,0x001a36e41526,76263,76624,46272,-976,0,6,0,1,1,1,1,7949,75933,0x001a36e2eb1c,140737488355327,-140737488355328,-31,361,361
3,162,5209,163,50500.000000,50000.000000,0x001a36e2eb1c,31,10,0x001a36e4166c,76589,76946,45784,-976,0,6,0,1,1,1,1,7948,76263,0x001a36e2eb1c,140737488355327,-140737488355328,-31,357,357
3,163,5240,164,50500.000000,50000.000000,0x001a36e2eb1c,31,10,0x001a36e417ae,76911,77264,45296,-976,0,6,0,1,1,1,1,7948,76589,0x001a36e2eb1c,140737488355327,-140737488355328,-31,353,353
3,164,5271,165,50500.000000,50000.000000,0x001a36e2eb1c,31,10,0x001a36e418ec,77230,77580,44812,-972,0,6,0,1,1,1,1,7948,76911,0x001a36e2eb1c,140737488355327,-140737488355328,-31,350,350
3,165,5302,166,50500.000000,50000.000000,0x001a36e2eb1c,31,10,0x001a36e41a28,77545,77891,44324,-972,0,6,0,1,1,1,1,7948,77230,0x001a36e2eb1c,140737488355327,-140737488355328,-31,346,346
3,166,5333,167,50500.000000,50000.000000,0x001a36e2eb1c,31,10,0x001a36e41b5f,77856,78198,43836,-976,0,6,0,1,1,1,1,7948,77545,0x001a36e2eb1c,140737488355327,-140737488355328,-31,342,342
3,167,5364,168,50500.000000,50000.000000,0x001a36e2eb1c,31,10,0x001a36e41c92,78163,78501,43348,-976,0,6,0,1,1,1,1,7948,77856,0x001a36e2eb1c,140737488355327,-140737488355328,-31,338,338
3,168,5395,169,50500.000000,50000.000000,0x001a36e2eb1c,31,10,0x001a36e41dc1,78466,78800,42860,-976,0,6,0,1,1,1,1,7949,78163,0x001a36e2eb1c,140737488355327,-140737488355328,-31,334,334
3,169,5426,170,50500.000000,50000.000000,0x001a36e2eb1c,31,10,0x001a36e41eec,78766,79097,42376,-972,0,6,0,1,1,1,1,7949,78466,0x001a36e2eb1c,140737488355327,-140737488355328,-31,331,331
3,170,5457,171,50500.000000,50000.000000,0x001a36e2eb1c,31,10,0x001a36e42015,79062,79389,41888,-972,0,6,0,1,1,1,1,7948,78766,0x001a36e2eb1c,140737488355327,-140737488355328,-31,327,327
3,171,5488,172,50500.000000,50000.000000,0x001a36e2eb1c,31,10,0x001a36e42139,79354,79677,41400,-976,0,6,0,1,1,1,1,7949,79062,0x001a36e2eb1c,140737488355327,-140737488355328,-31,323,323
3,172,5519,173,50500.000000,50000.000000,0x001a36e2eb1c,31,10,0x001a36e42259,79642,79961,40912,-976,0,6,0,1,1,1,1,7948,79354,0x001a36e2eb1c,140737488355327,-140737488355328,-31,319,319
3,173,5550,174,50500.000000,50000.000000,0x001a36e2eb1c,31,10,0x001a36e42375,79926,80241,40424,-976,0,6,0,1,1,1,1,7949,79642,0x001a36e2eb1c,140737488355327,-140737488355328,-31,315,315
3,174,5581,175,50500.000000,50000.000000,0x001a36e2eb1c,31,10,0x001a36e4248d,80207,80519,39936,-976,0,6,0,1,1,1,1,7948,79926,0x001a36e2eb1c,140737488355327,-140737488355328,-31,312,312
3,175,5612,176,50500.000000,50000.000000,0x001a36e2eb1c,31,10,0x001a36e425a3,80484,80792,39452,-972,0,6,0,1,1,1,1,7949,80207,0x001a36e2eb1c,140737488355327,-140737488355328,-31,308,308
3,176,5643,177,50500.000000,50000.000000,0x001a36e2eb1c,31,10,0x001a36e426b4,80757,81061,38960,-976,0,6,0,1,1,1,1,7948,80484,0x001a36e2eb1c,140737488355327,-140737488355328,-31,304,304
3,177,5674,178,50500.000000,50000.000000,0x001a36e2eb1c,31,10,0x001a36e427c1,81026,81326,38472,-980,0,6,0,1,1,1,1,7949,80757,0x001a36e2eb1c,140737488355327,-140737488355328,-31,300,300
3,178,5705,179,50500.000000,50000.000000,0x001a36e2eb1c,31,10,0x001a36e428ca,81291,81587,37988,-972,0,6,0,1,1,1,1,7949,81026,0x001a36e2eb1c,140737488355327,-140737488355328,-31,296,296
3,179,5736,180,50500.000000,50000.000000,0x001a36e2eb1c,31,10,0x001a36e429cf,81552,81844,37500,-972,0,6,0,1,1,1,1,7948,81291,0x001a36e2eb1c,140737488355327,-140737488355328,-31,292,292
3,180,5767,181,50500.000000,50000.000000,0x001a36e2eb1c,31,10,0x001a36e42ad0,81810,82099,37012,-976,0,6,0,1,1,1,1,7948,81552,0x001a36e2eb1c,140737488355327,-140737488355328,-31,289,289
3,181,5798,182,50500.000000,50000.000000,0x001a36e2eb1c,31,10,0x001a36e42bcf,82064,82349,36524,-976,0,6,0,1,1,1,1,7949,81810,0x001a36e2eb1c,140737488355327,-140737488355328,-31,285,285
3,182,5829,183,50500.000000,50000.000000,0x001a36e2eb1c,31,10,0x001a36e42cc9,82314,82595,36036,-976,0,6,0,1,1,1,1,7948,82064,0x001a36e2eb1c,140737488355327,-140737488355328,-31,281,281
3,183,5860,184,50500.000000,50000.000000,0x001a36e2eb1c,31,10,0x001a36e42dbf,82560,82837,35552,-972,0,6,0,1,1,1,1,7948,82314,0x001a36e2eb1c,140737488355327,-140737488355328,-31,277,277
3,184,5891,185,50500.000000,50000.000000,0x001a36e2eb1c,31,10,0x001a36e42eb1,82802,83075,35064,-972,0,6,0,1,1,1,1,7948,82560,0x001a36e2eb1c,140737488355327,-140737488355328,-31,273,273
3,185,5922,186,50500.000000,50000.000000,0x001a36e2eb1c,31,10,0x001a36e42f9f,83041,83311,34576,-976,0,6,0,1,1,1,1,7948,82802,0x001a36e2eb1c,140737488355327,-140737488355328,-31,270,270
3,186,5953,187,50500.000000,50000.000000,0x001a36e2eb1c,31,10,0x001a36e4308b,83276,83542,34088,-976,0,6,0,1,1,1,1,7948,83041,0x001a36e2eb1c,140737488355327,-140737488355328,-31,266,266
3,187,5984,188,50500.000000,50000.000000,0x001a36e2eb1c,31,10,0x001a36e43172,83507,83769,33600,-976,0,6,0,1,1,1,1,7948,83276,0x001a36e2eb1c,140737488355327,-140737488355328,-31,262,262
3,188,6015,189,50500.000000,50000.000000,0x001a36e2eb1c,31,10,0x001a36e43255,83734,83992,33112,-976,0,6,0,1,1,1,1,7948,83507,0x001a36e2eb1c,140737488355327,-140737488355328,-31,258,258
3,189,6046,190,50500.000000,50000.000000,0x001a36e2eb1c,31,10,0x001a36e43334,86517,87283,98160,64560,0,6,0,1,1,1,1,7948,83734,0x001a36e2eb1c,140737488355327,-140737488355328,2017,766,766
3,190,6077,191,50500.000000,50000.000000,0x001a36e2eb1c,31,10,0x001a36e4400f,89297,90060,97672,64560,0,6,0,1,1,1,1,7948,86517,0x001a36e2eb1c,140737488355327,-140737488355328,2017,763,763
3,191,6108,192,50500.000000,50000.000000,0x001a36e2eb1c,31,10,0x001a36e44ae8,90025,90784,97184,-976,0,6,0,1,1,1,1,7948,89297,0x001a36e2eb1c,140737488355327,-140737488355328,-31,759,759
3,192,6139,193,50500.000000,50000.000000,0x001a36e2eb1c,31,10,0x001a36e44dbc,90749,91504,96696,-976,0,6,0,1,1,1,1,7947,90025,0x001a36e2eb1c,140737488355327,-140737488355328,-31,755,755
3,193,6170,194,50500.000000,50000.000000,0x001a36e2eb1c,31,10,0x001a36e4508c,91469,92220,96212,-972,0,6,0,1,1,1,1,7948,90749,0x001a36e2eb1c,140737488355327,-140737488355328,-31,751,751
3,194,6201,195,50500.000000,50000.000000,0x001a36e2eb1c,31,10,0x001a36e45358,92185,92932,95724,-972,0,6,0,1,1,1,1,7947,91469,0x001a36e2eb1c,140737488355327,-140737488355328,-31,747,747
3,195,6232,196,50500.000000,50000.000000,0x001a36e2eb1c,31,10,0x001a36e45620,92898,93642,95236,-976,0,6,0,1,1,1,1,7947,92185,0x001a36e2eb1c,140737488355327,-140737488355328,-31,744,744
3,196,6263,197,50500.000000,50000.000000,0x001a36e2eb1c,31,10,0x001a36e458e6,93607,94347,94748,-976,0,6,0,1,1,1,1,7947,92898,0x001a36e2eb1c,140737488355327,-140737488355328,-31,740,740
3,197,6294,198,50500.000000,50000.000000,0x001a36e2eb1c,31,10,0x001a36e45ba7,94312,95048,94260,-976,0,6,0,1,1,1,1,7947,93607,0x001a36e2eb1c,140737488355327,-140737488355328,-31,736,736
3,198,6325,199,50500.000000,50000.000000,0x001a36e2eb1c,31,10,0x001a36e45e64,95013,95745,93776,-972,0,6,0,1,1,1,1,7947,94312,0x001a36e2eb1c,140737488355327,-140737488355328,-31,732,732
3,199,6356,200,50500.000000,50000.000000,0x001a36e2eb1c,31,10,0x001a36e4611d,95710,96438,93284,-976,0,6,0,1,1,1,1,7947,95013,0x001a36e2eb1c,140737488355327,-140737488355328,-31,728,728
3,200,6387,201,50500.000000,50000.000000,0x001a36e2eb1c,31,10,0x001a36e463d2,96403,97127,92796,-980,0,6,0,1,1,1,1,7946,95710,0x001a36e2eb1c,140737488355327,-140737488355328,-31,724,724
3,201,6418,202,50500.000000,50000.000000,0x001a36e2eb1c,31,10,0x001a36e46683,97093,97814,92308,-976,0,6,0,1,1,1,1,7947,96403,0x001a36e2eb1c,140737488355327,-140737488355328,-31,721,721
3,202,6449,203,50500.000000,50000.000000,0x001a36e2eb1c,31,10,0x001a36e46932,97779,98496,91820,-976,0,6,0,1,1,1,1,7946,97093,0x001a36e2eb1c,140737488355327,-140737488355328,-31,717,717
3,203,6480,204,50500.000000,50000.000000,0x001a36e2eb1c,31,10,0x001a36e46bdc,98461,99174,91336,-972,0,6,0,1,1,1,1,7946,97779,0x001a36e2eb1c,140737488355327,-140737488355328,-31,713,713
3,204,6511,205,50500.000000,50000.000000,0x001a36e2eb1c,31,10,0x001a36e46e82,99139,99848,90848,-972,0,6,0,1,1,1,1,7946,98461,0x001a36e2eb1c,140737488355327,-140737488355328,-31,709,709
3,205,6542,206,50500.000000,50000.000000,0x001a36e2eb1c,31,10,0x001a36e47124,99813,100518,90360,-976,0,6,0,1,1,1,1,7946,99139,0x001a36e2eb1c,140737488355327,-140737488355328,-31,705,705
3,206,6573,207,50500.000000,50000.000000,0x001a36e2eb1c,31,10,0x001a36e473c2,100484,101186,89872,-976,0,6,0,1,1,1,1,7946,99813,0x001a36e2eb1c,140737488355327,-140737488355328,-31,702,702
3,207,6604,208,50500.000000,50000.000000,0x001a36e2eb1c,31,10,0x001a36e4765e,101151,101849,89384,-976,0,6,0,1,1,1,1,7946,100484,0x001a36e2eb1c,140737488355327,-140737488355328,-31,698,698
3,208,6635,209,50500.000000,50000.000000,0x001a36e2eb1c,31,10,0x001a36e478f5,101814,102508,88896,-976,0,6,0,1,1,1,1,7946,101151,0x001a36e2eb1c,140737488355327,-140737488355328,-31,694,694
3,209,6666,210,50500.000000,50000.000000,0x001a36e2eb1c,31,10,0x001a36e47b88,102473,103163,88412,-972,0,6,0,1,1,1,1,7946,101814,0x001a36e2eb1c,140737488355327,-140737488355328,-31,690,690
3,210,6697,211,50500.000000,50000.000000,0x001a36e2eb1c,31,10,0x001a36e47e17,103128,103814,87920,-976,0,6,0,1,1,1,1,7946,102473,0x001a36e2eb1c,140737488355327,-140737488355328,-31,686,686
3,211,6728,212,50500.000000,50000.000000,0x001a36e2eb1c,31,10,0x001a36e480a2,103780,104463,87432,-980,0,6,0,1,1,1,1,7945,103128,0x001a36e2eb1c,140737488355327,-140737488355328,-31,683,683
3,212,6759,213,50500.000000,50000.000000,0x001a36e2eb1c,31,10,0x001a36e4832b,104428,105107,86948,-972,0,6,0,1,1,1,1,7945,103780,0x001a36e2eb1c,140737488355327,-140737488355328,-31,679,679
3,213,6790,214,50500.000000,50000.000000,0x001a36e2eb1c,31,10,0x001a36e485af,105072,105747,86460,-972,0,6,0,1,1,1,1,7945,104428,0x001a36e2eb1c,140737488355327,-140737488355328,-31,675,675
3,214,6821,215,50500.000000,50000.000000,0x001a36e2eb1c,31,10,0x001a36e4882f,105712,106383,85972,-976,0,6,0,1,1,1,1,7945,105072,0x001a36e2eb1c,140737488355327,-140737488355328,-31,671,671
3,215,6852,216,50500.000000,50000.000000,0x001a36e2eb1c,31,10,0x001a36e48aab,106348,107015,85484,-976,0,6,0,1,1,1,1,7945,105712,0x001a36e2eb1c,140737488355327,-140737488355328,-31,667,667
3,216,6883,217,50500.000000,50000.000000,0x001a36e2eb1c,31,10,0x001a36e48d23,106981,107645,84996,-976,0,6,0,1,1,1,1,7944,106348,0x001a36e2eb1c,140737488355327,-140737488355328,-31,664,664
3,217,6914,218,50500.000000,50000.000000,0x001a36e2eb1c,31,10,0x001a36e48f99,107610,108270,84508,-976,0,6,0,1,1,1,1,7945,106981,0x001a36e2eb1c,140737488355327,-140737488355328,-31,660,660
3,218,6945,219,50500.000000,50000.000000,0x001a36e2eb1c,31,10,0x001a36e4920a,108235,108891,84020,-976,0,6,0,1,1,1,1,7945,107610,0x001a36e2eb1c,140737488355327,-140737488355328,-31,656,656
3,219,6976,220,50500.000000,50000.000000,0x001a36e2eb1c,31,10,0x001a36e49477,108856,109508,83532,-976,0,6,0,1,1,1,1,7944,108235,0x001a36e2eb1c,140737488355327,-140737488355328,-31,652,652
3,220,7007,221,50500.000000,50000.000000,0x001a36e2eb1c,31,10,0x001a36e496e0,109473,110121,83048,-972,0,6,0,1,1,1,1,7945,108856,0x001a36e2eb1c,140737488355327,-140737488355328,-31,648,648
3,221,7038,222,50500.000000,50000.000000,0x001a36e2eb1c,31,10,0x001a36e49945,110086,110730,82556,-976,0,6,0,1,1,1,1,7945,109473,0x001a36e2eb1c,140737488355327,-140737488355328,-31,644,644
3,222,7069,223,50500.000000,50000.000000,0x001a36e2eb1c,31,10,0x001a36e49ba6,110696,111337,82072,-976,0,6,0,1,1,1,1,7945,110086,0x001a36e2eb1c,140737488355327,-140737488355328,-31,641,641
3,223,7100,224,50500.000000,50000.000000,0x001a36e2eb1c,31,10,0x001a36e49e05,111302,111939,81580,-976,0,6,0,1,1,1,1,7944,110696,0x001a36e2eb1c,140737488355327,-140737488355328,-31,637,637
3,224,7131,225,50500.000000,50000.000000,0x001a36e2eb1c,31,10,0x001a36e4a05f,111904,112537,81092,-980,0,6,0,1,1,1,1,7944,111302,0x001a36e2eb1c,140737488355327,-140737488355328,-31,633,633
3,225,7162,226,50500.000000,50000.000000,0x001a36e2eb1c,31,10,0x001a36e4a2b5,112502,113131,80604,-976,0,6,0,1,1,1,1,7944,111904,0x001a36e2eb1c,140737488355327,-140737488355328,-31,629,629
3,226,7193,227,50500.000000,50000.000000,0x001a36e2eb1c,31,10,0x001a36e4a507,113096,113721,80116,-976,0,6,0,1,1,1,1,7945,112502,0x001a36e2eb1c,140737488355327,-140737488355328,-31,625,625
3,227,7224,228,50500.000000,50000.000000,0x001a36e2eb1c,31,10,0x001a36e4a755,113687,114309,79632,-972,0,6,0,1,1,1,1,7945,113096,0x001a36e2eb1c,140737488355327,-140737488355328,-31,622,622
3,228,7255,229,50500.000000,50000.000000,0x001a36e2eb1c,31,10,0x001a36e4a9a1,114274,114892,79144,-972,0,6,0,1,1,1,1,7944,113687,0x001a36e2eb1c,140737488355327,-140737488355328,-31,618,618
3,229,7286,230,50500.000000,50000.000000,0x001a36e2eb1c,31,10,0x001a36e4abe8,114857,115471,78656,-976,0,6,0,1,1,1,1,7944,114274,0x001a36e2eb1c,140737488355327,-140737488355328,-31,614,614
3,230,7317,231,50500.000000,50000.000000,0x001a36e2eb1c,31,10,0x001a36e4ae2b,115436,116046,78168,-976,0,6,0,1,1,1,1,7944,114857,0x001a36e2eb1c,140737488355327,-140737488355328,-31,610,610
3,231,7348,232,50500.000000,50000.000000,0x001a36e2eb1c,31,10,0x001a36e4b06a,116011,116617,77680,-976,0,6,0,1,1,1,1,7944,115436,0x001a36e2eb1c,140737488355327,-140737488355328,-31,606,606
3,232,7379,233,50500.000000,50000.000000,0x001a36e2eb1c,31,10,0x001a36e4b2a5,116583,117186,77192,-976,0,6,0,1,1,1,1,7944,116011,0x001a36e2eb1c,140737488355327,-140737488355328,-31,603,603
3,233,7410,234,50500.000000,50000.000000,0x001a36e2eb1c,31,10,0x001a36e4b4de,117151,117750,76704,-976,0,6,0,1,1,1,1,7944,116583,0x001a36e2eb1c,140737488355327,-140737488355328,-31,599,599
3,234,7441,235,50500.000000,50000.000000,0x001a36e2eb1c,31,10,0x001a36e4b712,117715,118310,76216,-976,0,6,0,1,1,1,1,7944,117151,0x001a36e2eb1c,140737488355327,-140737488355328,-31,595,595
3,235,7472,236,50500.000000,50000.000000,0x001a36e2eb1c,31,10,0x001a36e4b942,118275,118866,75728,-976,0,6,0,1,1,1,1,7944,117715,0x001a36e2eb1c,140737488355327,-140737488355328,-31,591,591
3,236,7503,237,50500.000000,50000.000000,0x001a36e2eb1c,31,10,0x001a36e4bb6e,118831,119418,75240,-976,0,6,0,1,1,1,1,7944,118275,0x001a36e2eb1c,140737488355327,-140737488355328,-31,587,587
3,237,7534,238,50500.000000,50000.000000,0x001a36e2eb1c,31,10,0x001a36e4bd96,119384,119968,74756,-972,0,6,0,1,1,1,1,7944,118831,0x001a36e2eb1c,140737488355327,-140737488355328,-31,584,584
3,238,7565,239,50500.000000,50000.000000,0x001a36e2eb1c,31,10,0x001a36e4bfbc,119933,120513,74264,-976,0,6,0,1,1,1,1,7944,119384,0x001a36e2eb1c,140737488355327,-140737488355328,-31,580,580
3,239,7596,240,50500.000000,50000.000000,0x001a36e2eb1c,31,10,0x001a36e4c1dd,120478,121054,73776,-980,0,6,0,1,1,1,1,7944,119933,0x001a36e2eb1c,140737488355327,-140737488355328,-31,576,576
3,240,7627,241,50500.000000,50000.000000,0x001a36e2eb1c,31,10,0x001a36e4c3fa,121019,121591,73292,-972,0,6,0,1,1,1,1,7944,120478,0x001a36e2eb1c,140737488355327,-140737488355328,-31,572,572
3,241,7658,242,50500.000000,50000.000000,0x001a36e2eb1c,31,10,0x001a36e4c613,121556,122124,72800,-976,0,6,0,1,1,1,1,7944,121019,0x001a36e2eb1c,140737488355327,-140737488355328,-31,568,568
3,242,7689,243,50500.000000,50000.000000,0x001a36e2eb1c,31,10,0x001a36e4c828,122089,122653,72316,-976,0,6,0,1,1,1,1,7944,121556,0x001a36e2eb1c,140737488355327,-140737488355328,-31,564,564
3,243,7720,244,50500.000000,50000.000000,0x001a36e2eb1c,31,10,0x001a36e4ca39,122619,123180,71828,-972,0,6,0,1,1,1,1,7943,122089,0x001a36e2eb1c,140737488355327,-140737488355328,-31,561,561
3,244,7751,245,50500.000000,50000.000000,0x001a36e2eb1c,31,10,0x001a36e4cc48,123145,123702,71340,-976,0,6,0,1,1,1,1,7944,122619,0x001a36e2eb1c,140737488355327,-140737488355328,-31,557,557
3,245,7782,246,50500.000000,50000.000000,0x001a36e2eb1c,31,10,0x001a36e4ce52,123667,124220,70852,-976,0,6,0,1,1,1,1,7944,123145,0x001a36e2eb1c,140737488355327,-140737488355328,-31,553,553
3,246,7813,247,50500.000000,50000.000000,0x001a36e2eb1c,31,10,0x001a36e4d058,124185,124734,70364,-976,0,6,0,1,1,1,1,7944,123667,0x001a36e2eb1c,140737488355327,-140737488355328,-31,549,549
3,247,7844,248,50500.000000,50000.000000,0x001a36e2eb1c,31,10,0x001a36e4d25a,124699,125244,69876,-976,0,6,0,1,1,1,1,7944,124185,0x001a36e2eb1c,140737488355327,-140737488355328,-31,545,545
3,248,7875,249,50500.000000,50000.000000,0x001a36e2eb1c,31,10,0x001a36e4d458,125210,125752,69388,-976,0,6,0,1,1,1,1,7944,124699,0x001a36e2eb1c,140737488355327,-140737488355328,-31,542,542
3,249,7906,250,50500.000000,50000.000000,0x001a36e2eb1c,31,10,0x001a36e4d654,125717,126255,68900,-976,0,6,0,1,1,1,1,7943,125210,0x001a36e2eb1c,140737488355327,-140737488355328,-31,538,538
3,250,7937,251,50500.000000,50000.000000,0x001a36e2eb1c,31,10,0x001a36e4d84b,126220,126754,68416,-972,0,6,0,1,1,1,1,7944,125717,0x001a36e2eb1c,140737488355327,-140737488355328,-31,534,534
3,251,7968,252,50500.000000,50000.000000,0x001a36e2eb1c,31,10,0x001a36e4da3e,126719,127249,67924,-976,0,6,0,1,1,1,1,7944,126220,0x001a36e2eb1c,140737488355327,-140737488355328,-31,530,530
3,252,7999,253,50500.000000,50000.000000,0x001a36e2eb1c,31,10,0x001a36e4dc2d,127214,127740,67436,-980,0,6,0,1,1,1,1,7944,126719,0x001a36e2eb1c,140737488355327,-140737488355328,-31,526,526
3,253,8030,254,50500.000000,50000.000000,0x001a36e2eb1c,31,10,0x001a36e4de18,127706,128229,66952,-972,0,6,0,1,1,1,1,7945,127214,0x001a36e2eb1c,140737488355327,-140737488355328,-31,523,523
3,254,8061,255,50500.000000,50000.000000,0x001a36e2eb1c,31,10,0x001a36e4e001,128194,128713,66464,-972,0,6,0,1,1,1,1,7944,127706,0x001a36e2eb1c,140737488355327,-140737488355328,-31,519,519
3,255,8092,256,50500.000000,50000.000000,0x001a36e2eb1c,31,10,0x001a36e4e1e5,128678,129193,65972,-980,0,6,0,1,1,1,1,7944,128194,0x001a36e2eb1c,140737488355327,-140737488355328,-31,515,515
3,256,8123,257,50500.000000,50000.000000,0x001a36e2eb1c,31,10,0x001a36e4e3c5,129158,129669,65484,-980,0,6,0,1,1,1,1,7944,128678,0x001a36e2eb1c,140737488355327,-140737488355328,-31,511,511
3,257,8154,258,50500.000000,50000.000000,0x001a36e2eb1c,31,10,0x001a36e4e5a1,129634,130141,64996,-976,0,6,0,1,1,1,1,7944,129158,0x001a36e2eb1c,140737488355327,-140737488355328,-31,507,507
3,258,8185,259,50500.000000,50000.000000,0x001a36e2eb1c,31,10,0x001a36e4e779,130107,130611,64512,-972,0,6,0,1,1,1,1,7945,129634,0x001a36e2eb1c,140737488355327,-140737488355328,-31,504,504
3,259,8216,260,50500.000000,50000.000000,0x001a36e2eb1c,31,10,0x001a36e4e94f,130576,131076,64020,-976,0,6,0,1,1,1,1,7945,130107,0x001a36e2eb1c,140737488355327,-140737488355328,-31,500,500
3,260,8247,261,50500.000000,50000.000000,0x001a36e2eb1c,31,10,0x001a36e4eb20,131041,131537,63536,-976,0,6,0,1,1,1,1,7944,130576,0x001a36e2eb1c,140737488355327,-140737488355328,-31,496,496
3,261,8278,262,50500.000000,50000.000000,0x001a36e2eb1c,31,10,0x001a36e4eced,131502,131994,63048,-972,0,6,0,1,1,1,1,7944,131041,0x001a36e2eb1c,140737488355327,-140737488355328,-31,492,492
3,262,8309,263,50500.000000,50000.000000,0x001a36e2eb1c,31,10,0x001a36e4eeb6,131959,132447,62560,-976,0,6,0,1,1,1,1,7945,131502,0x001a36e2eb1c,140737488355327,-140737488355328,-31,488,488
3,263,8340,264,50500.000000,50000.000000,0x001a36e2eb1c,31,10,0x001a36e4f07b,132412,132896,62072,-976,0,6,0,1,1,1,1,7945,131959,0x001a36e2eb1c,140737488355327,-140737488355328,-31,484,484
3,264,8371,265,50500.000000,50000.000000,0x001a36e2eb1c,31,10,0x001a36e4f23c,132862,133343,61584,-976,0,6,0,1,1,1,1,7945,132412,0x001a36e2eb1c,140737488355327,-140737488355328,-31,481,481
3,265,8402,266,50500.000000,50000.000000,0x001a36e2eb1c,31,10,0x001a36e4f3fb,133308,133785,61096,-976,0,6,0,1,1,1,1,7945,132862,0x001a36e2eb1c,140737488355327,-140737488355328,-31,477,477
3,266,8433,267,50500.000000,50000.000000,0x001a36e2eb1c,31,10,0x001a36e4f5b5,133750,134223,60608,-976,0,6,0,1,1,1,1,7946,133308,0x001a36e2eb1c,140737488355327,-140737488355328,-31,473,473
3,267,8464,268,50500.000000,50000.000000,0x001a36e2eb1c,31,10,0x001a36e4f76b,134188,134657,60120,-976,0,6,0,1,1,1,1,7946,133750,0x001a36e2eb1c,140737488355327,-140737488355328,-31,469,469
3,268,8495,269,50500.000000,50000.000000,0x001a36e2eb1c,31,10,0x001a36e4f91d,134622,135087,59632,-976,0,6,0,1,1,1,1,7946,134188,0x001a36e2eb1c,140737488355327,-140737488355328,-31,465,465
3,269,8526,270,50500.000000,50000.000000,0x001a36e2eb1c,31,10,0x001a36e4facb,135053,135515,59144,-976,0,6,0,1,1,1,1,7945,134622,0x001a36e2eb1c,140737488355327,-140737488355328,-31,462,462
3,270,8557,271,50500.000000,50000.000000,0x001a36e2eb1c,31,10,0x001a36e4fc77,135480,135938,58660,-972,0,6,0,1,1,1,1,7945,135053,0x001a36e2eb1c,140737488355327,-140737488355328,-31,458,458
3,271,8588,272,50500.000000,50000.000000,0x001a36e2eb1c,31,10,0x001a36e4fe1e,135903,136357,58172,-972,0,6,0,1,1,1,1,7946,135480,0x001a36e2eb1c,140737488355327,-140737488355328,-31,454,454
3,272,8619,273,50500.000000,50000.000000,0x001a36e2eb1c,31,10,0x001a36e4ffc1,136322,136772,57684,-976,0,6,0,1,1,1,1,7946,135903,0x001a36e2eb1c,140737488355327,-140737488355328,-31,450,450
3,273,8650,274,50500.000000,50000.000000,0x001a36e2eb1c,31,10,0x001a36e50160,136737,137183,57196,-976,0,6,0,1,1,1,1,7947,136322,0x001a36e2eb1c,140737488355327,-140737488355328,-31,446,446
3,274,8681,275,50500.000000,50000.000000,0x001a36e2eb1c,31,10,0x001a36e502fb,137149,137592,56708,-976,0,6,0,1,1,1,1,7946,136737,0x001a36e2eb1c,140737488355327,-140737488355328,-31,443,443
3,275,8712,276,50500.000000,50000.000000,0x001a36e2eb1c,31,10,0x001a36e50494,137557,137996,56220,-976,0,6,0,1,1,1,1,7946,137149,0x001a36e2eb1c,140737488355327,-140737488355328,-31,439,439
3,276,8743,277,50500.000000,50000.000000,0x001a36e2eb1c,31,10,0x001a36e50628,137961,138396,55732,-976,0,6,0,1,1,1,1,7946,137557,0x001a36e2eb1c,140737488355327,-140737488355328,-31,435,435
3,277,8774,278,50500.000000,50000.000000,0x001a36e2eb1c,31,10,0x001a36e507b8,138361,138792,55244,-976,0,6,0,1,1,1,1,7946,137961,0x001a36e2eb1c,140737488355327,-140737488355328,-31,431,431
3,278,8805,279,50500.000000,50000.000000,0x001a36e2eb1c,31,10,0x001a36e50944,138757,139184,54756,-976,0,6,0,1,1,1,1,7946,138361,0x001a36e2eb1c,140737488355327,-140737488355328,-31,427,427
3,279,8836,280,50500.000000,50000.000000,0x001a36e2eb1c,31,10,0x001a36e50acc,139149,139572,54268,-976,0,6,0,1,1,1,1,7946,138757,0x001a36e2eb1c,140737488355327,-140737488355328,-31,423,423
3,280,8867,281,50500.000000,50000.000000,0x001a36e2eb1c,31,10,0x001a36e50c50,139538,139958,53784,-972,0,6,0,1,1,1,1,7947,139149,0x001a36e2eb1c,140737488355327,-140737488355328,-31,420,420
3,281,8898,282,50500.000000,50000.000000,0x001a36e2eb1c,31,10,0x001a36e50dd2,139923,140339,53296,-972,0,6,0,1,1,1,1,7948,139538,0x001a36e2eb1c,140737488355327,-140737488355328,-31,416,416
3,282,8929,283,50500.000000,50000.000000,0x001a36e2eb1c,31,10,0x001a36e50f4f,140304,140716,52808,-976,0,6,0,1,1,1,1,7947,139923,0x001a36e2eb1c,140737488355327,-140737488355328,-31,412,412
3,283,8960,284,50500.000000,50000.000000,0x001a36e2eb1c,31,10,0x001a36e510c8,140681,141089,52320,-976,0,6,0,1,1,1,1,7947,140304,0x001a36e2eb1c,140737488355327,-140737488355328,-31,408,408
3,284,8991,285,50500.000000,50000.000000,0x001a36e2eb1c,31,10,0x001a36e5123d,141054,141458,51832,-976,0,6,0,1,1,1,1,7947,140681,0x001a36e2eb1c,140737488355327,-140737488355328,-31,404,404
3,285,9022,286,50500.000000,50000.000000,0x001a36e2eb1c,31,10,0x001a36e513ae,141424,141825,51344,-976,0,6,0,1,1,1,1,7948,141054,0x001a36e2eb1c,140737488355327,-140737488355328,-31,401,401
3,286,9053,287,50500.000000,50000.000000,0x001a36e2eb1c,31,10,0x001a36e5151d,141790,142187,50856,-976,0,6,0,1,1,1,1,7947,141424,0x001a36e2eb1c,140737488355327,-140737488355328,-31,397,397
3,287,9084,288,50500.000000,50000.000000,0x001a36e2eb1c,31,10,0x001a36e51687,142152,142545,50368,-976,0,6,0,1,1,1,1,7948,141790,0x001a36e2eb1c,140737488355327,-140737488355328,-31,393,393
3,288,9115,289,50500.000000,50000.000000,0x001a36e2eb1c,31,10,0x001a36e517ed,142510,142899,49884,-972,0,6,0,1,1,1,1,7947,142152,0x001a36e2eb1c,140737488355327,-140737488355328,-31,389,389
3,289,9146,290,50500.000000,50000.000000,0x001a36e2eb1c,31,10,0x001a36e5194f,142864,143249,49396,-972,0,6,0,1,1,1,1,7947,142510,0x001a36e2eb1c,140737488355327,-140737488355328,-31,385,385
3,290,9177,291,50500.000000,50000.000000,0x001a36e2eb1c,31,10,0x001a36e51aad,143215,143597,48908,-976,0,6,0,1,1,1,1,7947,142864,0x001a36e2eb1c,140737488355327,-140737488355328,-31,382,382
3,291,9208,292,50500.000000,50000.000000,0x001a36e2eb1c,31,10,0x001a36e51c09,143562,143940,48416,-980,0,6,0,1,1,1,1,7947,143215,0x001a36e2eb1c,140737488355327,-140737488355328,-31,378,378
3,292,9239,293,50500.000000,50000.000000,0x001a36e2eb1c,31,10,0x001a36e51d60,143905,144279,47932,-976,0,6,0,1,1,1,1,7948,143562,0x001a36e2eb1c,140737488355327,-140737488355328,-31,374,374
3,293,9270,294,50500.000000,50000.000000,0x001a36e2eb1c,31,10,0x001a36e51eb3,144244,144614,47444,-972,0,6,0,1,1,1,1,7948,143905,0x001a36e2eb1c,140737488355327,-140737488355328,-31,370,370
3,294,9301,295,50500.000000,50000.000000,0x001a36e2eb1c,31,10,0x001a36e52002,144579,144945,46956,-976,0,6,0,1,1,1,1,7948,144244,0x001a36e2eb1c,140737488355327,-140737488355328,-31,366,366
3,295,9332,296,50500.000000,50000.000000,0x001a36e2eb1c,31,10,0x001a36e5214d,144911,145274,46468,-976,0,6,0,1,1,1,1,7948,144579,0x001a36e2eb1c,140737488355327,-140737488355328,-31,363,363
3,296,9363,297,50500.000000,50000.000000,0x001a36e2eb1c,31,10,0x001a36e52296,145239,145598,45980,-976,0,6,0,1,1,1,1,7949,144911,0x001a36e2eb1c,140737488355327,-140737488355328,-31,359,359
3,297,9394,298,50500.000000,50000.000000,0x001a36e2eb1c,31,10,0x001a36e523da,145563,145918,45492,-976,0,6,0,1,1,1,1,7948,145239,0x001a36e2eb1c,140737488355327,-140737488355328,-31,355,355
3,298,9425,299,50500.000000,50000.000000,0x001a36e2eb1c,31,10,0x001a36e5251a,145883,146234,45008,-972,0,6,0,1,1,1,1,7948,145563,0x001a36e2eb1c,140737488355327,-140737488355328,-31,351,351
3,299,9456,300,50500.000000,50000.000000,0x001a36e2eb1c,31,10,0x001a36e52656,146199,146546,44520,-972,0,6,0,1,1,1,1,7948,145883,0x001a36e2eb1c,140737488355327,-140737488355328,-31,347,347
3,300,9487,301,50500.000000,50000.000000,0x001a36e2eb1c,31,10,0x001a36e5278e,146512,146856,44032,-976,0,6,0,1,1,1,1,7947,146199,0x001a36e2eb1c,140737488355327,-140737488355328,-31,344,344
3,301,9518,302,50500.000000,50000.000000,0x001a36e2eb1c,31,10,0x001a36e528c4,146821,147161,43544,-976,0,6,0,1,1,1,1,7949,146512,0x001a36e2eb1c,140737488355327,-140737488355328,-31,340,340
3,302,9549,303,50500.000000,50000.000000,0x001a36e2eb1c,31,10,0x001a36e529f5,147126,147462,43056,-976,0,6,0,1,1,1,1,7948,146821,0x001a36e2eb1c,140737488355327,-140737488355328,-31,336,336
3,303,9580,304,50500.000000,50000.000000,0x001a36e2eb1c,31,10,0x001a36e52b22,147427,147759,42568,-976,0,6,0,1,1,1,1,7948,147126,0x001a36e2eb1c,140737488355327,-140737488355328,-31,332,332
3,304,9611,305,50500.000000,50000.000000,0x001a36e2eb1c,31,10,0x001a36e52c4b,147724,148052,42080,-976,0,6,0,1,1,1,1,7949,147427,0x001a36e2eb1c,140737488355327,-140737488355328,-31,328,328
3,305,9642,306,50500.000000,50000.000000,0x001a36e2eb1c,31,10,0x001a36e52d70,148017,148341,41592,-976,0,6,0,1,1,1,1,7949,147724,0x001a36e2eb1c,140737488355327,-140737488355328,-31,324,324
3,306,9673,307,50500.000000,50000.000000,0x001a36e2eb1c,31,10,0x001a36e52e91,148307,148628,41108,-972,0,6,0,1,1,1,1,7948,148017,0x001a36e2eb1c,140737488355327,-140737488355328,-31,321,321
3,307,9704,308,50500.000000,50000.000000,0x001a36e2eb1c,31,10,0x001a36e52fb0,148593,148910,40620,-972,0,6,0,1,1,1,1,7948,148307,0x001a36e2eb1c,140737488355327,-140737488355328,-31,317,317
3,308,9735,309,50500.000000,50000.000000,0x001a36e2eb1c,31,10,0x001a36e530ca,148875,149188,40132,-976,0,6,0,1,1,1,1,7948,148593,0x001a36e2eb1c,140737488355327,-140737488355328,-31,313,313
3,309,9766,310,50500.000000,50000.000000,0x001a36e2eb1c,31,10,0x001a36e531e0,149153,149462,39644,-976,0,6,0,1,1,1,1,7948,148875,0x001a36e2eb1c,140737488355327,-140737488355328,-31,309,309
3,310,9797,311,50500.000000,50000.000000,0x001a36e2eb1c,31,10,0x001a36e532f2,149427,149732,39156,-976,0,6,0,1,1,1,1,7948,149153,0x001a36e2eb1c,140737488355327,-140737488355328,-31,305,305
3,311,9828,312,50500.000000,50000.000000,0x001a36e2eb1c,31,10,0x001a36e53400,149698,150000,38668,-976,0,6,0,1,1,1,1,7948,149427,0x001a36e2eb1c,140737488355327,-140737488355328,-31,302,302
3,312,9859,313,50500.000000,50000.000000,0x001a36e2eb1c,31,10,0x001a36e5350c,149965,150263,38180,-976,0,6,0,1,1,1,1,7949,149698,0x001a36e2eb1c,140737488355327,-140737488355328,-31,298,298
3,313,9890,314,50500.000000,50000.000000,0x001a36e2eb1c,31,10,0x001a36e53613,150228,150522,37692,-976,0,6,0,1,1,1,1,7949,149965,0x001a36e2eb1c,140737488355327,-140737488355328,-31,294,294
3,314,9921,315,50500.000000,50000.000000,0x001a36e2eb1c,31,10,0x001a36e53716,150487,150777,37208,-972,0,6,0,1,1,1,1,7948,150228,0x001a36e2eb1c,140737488355327,-140737488355328,-31,290,290
3,315,9952,316,50500.000000,50000.000000,0x001a36e2eb1c,31,10,0x001a36e53815,150742,151028,36720,-972,0,6,0,1,1,1,1,7948,150487,0x001a36e2eb1c,140737488355327,-140737488355328,-31,286,286
3,316,9983,317,50500.000000,50000.000000,0x001a36e2eb1c,31,10,0x001a36e53910,150994,151277,36232,-976,0,6,0,1,1,1,1,7948,150742,0x001a36e2eb1c,140737488355327,-140737488355328,-31,283,283
3,317,10014,318,50500.000000,50000.000000,0x001a36e2eb1c,31,10,0x001a36e53a09,151242,151521,35744,-976,0,6,0,1,1,1,1,7948,150994,0x001a36e2eb1c,140737488355327,-140737488355328,-31,279,279
3,318,10045,319,50500.000000,50000.000000,0x001a36e2eb1c,31,10,0x001a36e53afd,151486,151761,35256,-976,0,6,0,1,1,1,1,7948,151242,0x001a36e2eb1c,140737488355327,-140737488355328,-31,275,275
3,319,10076,320,50500.000000,50000.000000,0x001a36e2eb1c,31,10,0x001a36e53bed,151726,151997,34768,-976,0,6,0,1,1,1,1,7948,151486,0x001a36e2eb1c,140737488355327,-140737488355328,-31,271,271
3,320,10107,321,50500.000000,50000.000000,0x001a36e2eb1c,31,10,0x001a36e53cd9,151962,152229,34280,-976,0,6,0,1,1,1,1,7948,151726,0x001a36e2eb1c,140737488355327,-140737488355328,-31,267,267
3,321,10138,322,50500.000000,50000.000000,0x001a36e2eb1c,31,10,0x001a36e53dc1,152195,152459,33796,-972,0,6,0,1,1,1,1,7949,151962,0x001a36e2eb1c,140737488355327,-140737488355328,-31,264,264
3,322,10169,323,50500.000000,50000.000000,0x001a36e2eb1c,31,10,0x001a36e53ea7,152424,152684,33308,-972,0,6,0,1,1,1,1,7948,152195,0x001a36e2eb1c,140737488355327,-140737488355328,-31,260,260
3,323,10200,324,50500.000000,50000.000000,0x001a36e2eb1c,31,10,0x001a36e53f88,152649,152905,32820,-976,0,6,0,1,1,1,1,7948,152424,0x001a36e2eb1c,140737488355327,-140737488355328,-31,256,256
3,324,10231,325,50500.000000,50000.000000,0x001a36e2eb1c,31,10,0x001a36e54065,155430,156194,97868,64560,0,6,0,1,1,1,1,7947,152649,0x001a36e2eb1c,140737488355327,-140737488355328,2017,764,764
3,325,10262,326,50500.000000,50000.000000,0x001a36e2eb1c,31,10,0x001a36e54d3e,158207,158967,97376,64556,0,6,0,1,1,1,1,7947,155430,0x001a36e2eb1c,140737488355327,-140737488355328,2017,760,760
3,326,10293,327,50500.000000,50000.000000,0x001a36e2eb1c,31,10,0x001a36e55813,158932,159688,96892,-976,0,6,0,1,1,1,1,7948,158207,0x001a36e2eb1c,140737488355327,-140737488355328,-31,756,756
3,327,10324,328,50500.000000,50000.000000,0x001a36e2eb1c,31,10,0x001a36e55ae4,159654,160407,96404,-972,0,6,0,1,1,1,1,7947,158932,0x001a36e2eb1c,140737488355327,-140737488355328,-31,753,753
3,328,10355,329,50500.000000,50000.000000,0x001a36e2eb1c,31,10,0x001a36e55db3,160372,161121,95916,-976,0,6,0,1,1,1,1,7947,159654,0x001a36e2eb1c,140737488355327,-140737488355328,-31,749,749
3,329,10386,330,50500.000000,50000.000000,0x001a36e2eb1c,31,10,0x001a36e5607d,161086,161831,95428,-976,0,6,0,1,1,1,1,7947,160372,0x001a36e2eb1c,140737488355327,-140737488355328,-31,745,745
3,330,10417,331,50500.000000,50000.000000,0x001a36e2eb1c,31,10,0x001a36e56343,161796,162537,94940,-976,0,6,0,1,1,1,1,7947,161086,0x001a36e2eb1c,140737488355327,-140737488355328,-31,741,741
3,331,10448,332,50500.000000,50000.000000,0x001a36e2eb1c,31,10,0x001a36e56605,162502,163239,94452,-976,0,6,0,1,1,1,1,7947,161796,0x001a36e2eb1c,140737488355327,-140737488355328,-31,737,737
3,332,10479,333,50500.000000,50000.000000,0x001a36e2eb1c,31,10,0x001a36e568c3,163205,163939,93968,-972,0,6,0,1,1,1,1,7947,162502,0x001a36e2eb1c,140737488355327,-140737488355328,-31,734,734
3,333,10510,334,50500.000000,50000.000000,0x001a36e2eb1c,31,10,0x001a36e56b7f,163904,164634,93480,-972,0,6,0,1,1,1,1,7947,163205,0x001a36e2eb1c,140737488355327,-140737488355328,-31,730,730
3,334,10541,335,50500.000000,50000.000000,0x001a36e2eb1c,31,10,0x001a36e56e36,164599,165325,92992,-976,0,6,0,1,1,1,1,7947,163904,0x001a36e2eb1c,140737488355327,-140737488355328,-31,726,726
3,335,10572,336,50500.000000,50000.000000,0x001a36e2eb1c,31,10,0x001a36e570e9,165290,166012,92504,-976,0,6,0,1,1,1,1,7947,164599,0x001a36e2eb1c,140737488355327,-140737488355328,-31,722,722
3,336,10603,337,50500.000000,50000.000000,0x001a36e2eb1c,31,10,0x001a36e57398,165977,166695,92016,-976,0,6,0,1,1,1,1,7946,165290,0x001a36e2eb1c,140737488355327,-140737488355328,-31,718,718
3,337,10634,338,50500.000000,50000.000000,0x001a36e2eb1c,31,10,0x001a36e57643,166661,167376,91528,-976,0,6,0,1,1,1,1,7946,165977,0x001a36e2eb1c,140737488355327,-140737488355328,-31,715,715
3,338,10665,339,50500.000000,50000.000000,0x001a36e2eb1c,31,10,0x001a36e578ec,167341,168052,91040,-976,0,6,0,1,1,1,1,7947,166661,0x001a36e2eb1c,140737488355327,-140737488355328,-31,711,711
3,339,10696,340,50500.000000,50000.000000,0x001a36e2eb1c,31,10,0x001a36e57b90,168017,168724,90552,-976,0,6,0,1,1,1,1,7946,167341,0x001a36e2eb1c,140737488355327,-140737488355328,-31,707,707
3,340,10727,341,50500.000000,50000.000000,0x001a36e2eb1c,31,10,0x001a36e57e30,168689,169392,90068,-972,0,6,0,1,1,1,1,7946,168017,0x001a36e2eb1c,140737488355327,-140737488355328,-31,703,703
3,341,10758,342,50500.000000,50000.000000,0x001a36e2eb1c,31,10,0x001a36e580cc,169357,170056,89576,-976,0,6,0,1,1,1,1,7946,168689,0x001a36e2eb1c,140737488355327,-140737488355328,-31,699,699
3,342,10789,343,50500.000000,50000.000000,0x001a36e2eb1c,31,10,0x001a36e58364,170022,170718,89092,-976,0,6,0,1,1,1,1,7947,169357,0x001a36e2eb1c,140737488355327,-140737488355328,-31,696,696
3,343,10820,344,50500.000000,50000.000000,0x001a36e2eb1c,31,10,0x001a36e585fa,170683,171375,88604,-972,0,6,0,1,1,1,1,7945,170022,0x001a36e2eb1c,140737488355327,-140737488355328,-31,692,692
3,344,10851,345,50500.000000,50000.000000,0x001a36e2eb1c,31,10,0x001a36e5888b,171340,172028,88116,-976,0,6,0,1,1,1,1,7946,170683,0x001a36e2eb1c,140737488355327,-140737488355328,-31,688,688
3,345,10882,346,50500.000000,50000.000000,0x001a36e2eb1c,31,10,0x001a36e58b18,171993,172677,87628,-976,0,6,0,1,1,1,1,7945,171340,0x001a36e2eb1c,140737488355327,-140737488355328,-31,684,684
3,346,10913,347,50500.000000,50000.000000,0x001a36e2eb1c,31,10,0x001a36e58da1,172642,173322,87140,-976,0,6,0,1,1,1,1,7946,171993,0x001a36e2eb1c,140737488355327,-140737488355328,-31,680,680
3,347,10944,348,50500.000000,50000.000000,0x001a36e2eb1c,31,10,0x001a36e59026,173287,173963,86652,-976,0,6,0,1,1,1,1,7945,172642,0x001a36e2eb1c,140737488355327,-140737488355328,-31,676,676
3,348,10975,349,50500.000000,50000.000000,0x001a36e2eb1c,31,10,0x001a36e592a7,173929,174602,86164,-976,0,6,0,1,1,1,1,7946,173287,0x001a36e2eb1c,140737488355327,-140737488355328,-31,673,673
3,349,11006,350,50500.000000,50000.000000,0x001a36e2eb1c,31,10,0x001a36e59526,174567,175236,85676,-976,0,6,0,1,1,1,1,7945,173929,0x001a36e2eb1c,140737488355327,-140737488355328,-31,669,669
3,350,11037,351,50500.000000,50000.000000,0x001a36e2eb1c,31,10,0x001a36e597a0,175201,175866,85188,-976,0,6,0,1,1,1,1,7946,174567,0x001a36e2eb1c,140737488355327,-140737488355328,-31,665,665
3,351,11068,352,50500.000000,50000.000000,0x001a36e2eb1c,31,10,0x001a36e59a16,175831,176492,84700,-976,0,6,0,1,1,1,1,7945,175201,0x001a36e2eb1c,140737488355327,-140737488355328,-31,661,661
3,352,11099,353,50500.000000,50000.000000,0x001a36e2eb1c,31,10,0x001a36e59c88,176457,177114,84216,-972,0,6,0,1,1,1,1,7945,175831,0x001a36e2eb1c,140737488355327,-140737488355328,-31,657,657
3,353,11130,354,50500.000000,50000.000000,0x001a36e2eb1c,31,10,0x001a36e59ef6,177080,177734,83728,-972,0,6,0,1,1,1,1,7944,176457,0x001a36e2eb1c,140737488355327,-140737488355328,-31,654,654
3,354,11161,355,50500.000000,50000.000000,0x001a36e2eb1c,31,10,0x001a36e5a162,177699,178349,83240,-976,0,6,0,1,1,1,1,7944,177080,0x001a36e2eb1c,140737488355327,-140737488355328,-31,650,650
3,355,11192,356,50500.000000,50000.000000,0x001a36e2eb1c,31,10,0x001a36e5a3c9,178314,178960,82752,-976,0,6,0,1,1,1,1,7945,177699,0x001a36e2eb1c,140737488355327,-140737488355328,-31,646,646
3,356,11223,357,50500.000000,50000.000000,0x001a36e2eb1c,31,10,0x001a36e5a62c,178925,179567,82264,-976,0,6,0,1,1,1,1,7945,178314,0x001a36e2eb1c,140737488355327,-140737488355328,-31,642,642
3,357,11254,358,50500.000000,50000.000000,0x001a36e2eb1c,31,10,0x001a36e5a88b,179532,180170,81772,-980,0,6,0,1,1,1,1,7945,178925,0x001a36e2eb1c,140737488355327,-140737488355328,-31,638,638
3,358,11285,359,50500.000000,50000.000000,0x001a36e2eb1c,31,10,0x001a36e5aae6,180136,180771,81288,-976,0,6,0,1,1,1,1,7945,179532,0x001a36e2eb1c,140737488355327,-140737488355328,-31,635,635
3,359,11316,360,50500.000000,50000.000000,0x001a36e2eb1c,31,10,0x001a36e5ad3f,180736,181367,80800,-972,0,6,0,1,1,1,1,7944,180136,0x001a36e2eb1c,140737488355327,-140737488355328,-31,631,631
3,360,11347,361,50500.000000,50000.000000,0x001a36e2eb1c,31,10,0x001a36e5af93,181332,181959,80312,-976,0,6,0,1,1,1,1,7945,180736,0x001a36e2eb1c,140737488355327,-140737488355328,-31,627,627
3,361,11378,362,50500.000000,50000.000000,0x001a36e2eb1c,31,10,0x001a36e5b1e3,181924,182547,79824,-976,0,6,0,1,1,1,1,7944,181332,0x001a36e2eb1c,140737488355327,-140737488355328,-31,623,623
3,362,11409,363,50500.000000,50000.000000,0x001a36e2eb1c,31,10,0x001a36e5b42f,182512,183131,79336,-976,0,6,0,1,1,1,1,7944,181924,0x001a36e2eb1c,140737488355327,-140737488355328,-31,619,619
3,363,11440,364,50500.000000,50000.000000,0x001a36e2eb1c,31,10,0x001a36e5b677,183097,183713,78848,-976,0,6,0,1,1,1,1,7944,182512,0x001a36e2eb1c,140737488355327,-140737488355328,-31,616,616
3,364,11471,365,50500.000000,50000.000000,0x001a36e2eb1c,31,10,0x001a36e5b8bd,183678,184290,78360,-976,0,6,0,1,1,1,1,7944,183097,0x001a36e2eb1c,140737488355327,-140737488355328,-31,612,612
3,365,11502,366,50500.000000,50000.000000,0x001a36e2eb1c,31,10,0x001a36e5bafe,184255,184863,77872,-976,0,6,0,1,1,1,1,7944,183678,0x001a36e2eb1c,140737488355327,-140737488355328,-31,608,608
3,366,11533,367,50500.000000,50000.000000,0x001a36e2eb1c,31,10,0x001a36e5bd3b,184828,185432,77384,-976,0,6,0,1,1,1,1,7944,184255,0x001a36e2eb1c,140737488355327,-140737488355328,-31,604,604
3,367,11564,368,50500.000000,50000.000000,0x001a36e2eb1c,31,10,0x001a36e5bf74,185397,185997,76896,-976,0,6,0,1,1,1,1,7944,184828,0x001a36e2eb1c,140737488355327,-140737488355328,-31,600,600
3,368,11595,369,50500.000000,50000.000000,0x001a36e2eb1c,31,10,0x001a36e5c1a9,185962,186558,76412,-972,0,6,0,1,1,1,1,7944,185397,0x001a36e2eb1c,140737488355327,-140737488355328,-31,596,596
3,369,11626,370,50500.000000,50000.000000,0x001a36e2eb1c,31,10,0x001a36e5c3da,186524,187117,75920,-976,0,6,0,1,1,1,1,7945,185962,0x001a36e2eb1c,140737488355327,-140737488355328,-31,593,593
3,370,11657,371,50500.000000,50000.000000,0x001a36e2eb1c,31,10,0x001a36e5c609,187082,187671,75432,-980,0,6,0,1,1,1,1,7944,186524,0x001a36e2eb1c,140737488355327,-140737488355328,-31,589,589
3,371,11688,372,50500.000000,50000.000000,0x001a36e2eb1c,31,10,0x001a36e5c833,187636,188221,74948,-972,0,6,0,1,1,1,1,7944,187082,0x001a36e2eb1c,140737488355327,-140737488355328,-31,585,585
3,372,11719,373,50500.000000,50000.000000,0x001a36e2eb1c,31,10,0x001a36e5ca59,188186,188767,74460,-972,0,6,0,1,1,1,1,7944,187636,0x001a36e2eb1c,140737488355327,-140737488355328,-31,581,581
3,373,11750,374,50500.000000,50000.000000,0x001a36e2eb1c,31,10,0x001a36e5cc7b,188732,189309,73972,-976,0,6,0,1,1,1,1,7944,188186,0x001a36e2eb1c,140737488355327,-140737488355328,-31,577,577
3,374,11781,375,50500.000000,50000.000000,0x001a36e2eb1c,31,10,0x001a36e5ce99,189275,189849,73484,-976,0,6,0,1,1,1,1,7944,188732,0x001a36e2eb1c,140737488355327,-140737488355328,-31,574,574
3,375,11812,376,50500.000000,50000.000000,0x001a36e2eb1c,31,10,0x001a36e5d0b5,189814,190384,72996,-976,0,6,0,1,1,1,1,7944,189275,0x001a36e2eb1c,140737488355327,-140737488355328,-31,570,570
3,376,11843,377,50500.000000,50000.000000,0x001a36e2eb1c,31,10,0x001a36e5d2cc,190349,190915,72508,-976,0,6,0,1,1,1,1,7944,189814,0x001a36e2eb1c,140737488355327,-140737488355328,-31,566,566
3,377,11874,378,50500.000000,50000.000000,0x001a36e2eb1c,31,10,0x001a36e5d4df,190880,191442,72020,-976,0,6,0,1,1,1,1,7944,190349,0x001a36e2eb1c,140737488355327,-140737488355328,-31,562,562
3,378,11905,379,50500.000000,50000.000000,0x001a36e2eb1c,31,10,0x001a36e5d6ee,191407,191965,71532,-976,0,6,0,1,1,1,1,7943,190880,0x001a36e2eb1c,140737488355327,-140737488355328,-31,558,558
3,379,11936,380,50500.000000,50000.000000,0x001a36e2eb1c,31,10,0x001a36e5d8f9,191931,192486,71044,-976,0,6,0,1,1,1,1,7943,191407,0x001a36e2eb1c,140737488355327,-140737488355328,-31,555,555
3,380,11967,381,50500.000000,50000.000000,0x001a36e2eb1c,31,10,0x001a36e5db02,192451,193002,70556,-976,0,6,0,1,1,1,1,7944,191931,0x001a36e2eb1c,140737488355327,-140737488355328,-31,551,551
3,381,11998,382,50500.000000,50000.000000,0x001a36e2eb1c,31,10,0x001a36e5dd06,192967,193514,70068,-976,0,6,0,1,1,1,1,7944,192451,0x001a36e2eb1c,140737488355327,-140737488355328,-31,547,547
4,0,97,1,100500.000000,100000.000000,0x00346dc5d639,16,7,0x00346dc5d639,0,0,65004,-1364,0,3,0,1,1,1,0,8822,0,0x00346dc5d639,140737488355327,-140737488355328,0,0,0
4,1,113,2,100500.000000,100000.000000,0x00346dc5d639,16,7,0x00346dc5d639,0,0,64312,-1324,0,4,0,1,1,1,0,8697,0,0x00346dc5d639,140737488355327,-140737488355328,0,0,0
4,2,129,3,100500.000000,100000.000000,0x00346dc5d639,16,7,0x00346dc5d639,-339,-339,63648,-1356,0,4,0,1,1,1,0,8808,0,0x00346dc5d639,140737488355327,-140737488355328,-339,0,0
4,3,145,4,100500.000000,100000.000000,0x00346dc5d639,16,7,0x00346dc5d4e6,-671,-671,62984,-1328,0,5,0,1,1,1,0,8710,-339,0x00346dc5d639,140737488355327,-140737488355328,-332,0,0
4,4,161,5,100500.000000,100000.000000,0x00346dc5d639,16,7,0x00346dc5d39a,-597,-354,62296,-1352,0,5,0,1,1,1,0,8796,-671,0x00346dc5d639,140737488355327,-140737488355328,-169,243,243
4,5,177,6,100500.000000,100000.000000,0x00346dc5d639,16,7,0x00346dc5d4d7,-524,-284,61648,-1336,0,6,0,1,1,1,1,8722,-597,0x00346dc5d639,140737488355327,-140737488355328,-167,240,240
4,6,193,7,100500.000000,100000.000000,0x00346dc5d639,16,7,0x00346dc5d51d,-90,386,60952,-1344,0,6,0,1,1,1,1,8785,-524,0x00346dc5d639,140737488355327,-140737488355328,-42,476,476
4,7,209,8,100500.000000,100000.000000,0x00346dc5d639,16,7,0x00346dc5d7bb,339,810,60308,-1340,0,6,0,1,1,1,1,8732,-90,0x00346dc5d639,140737488355327,-140737488355328,-42,471,471
4,8,225,9,100500.000000,100000.000000,0x00346dc5d639,16,7,0x00346dc5d963,762,1227,59608,-1344,0,6,0,1,1,1,1,8777,339,0x00346dc5d639,140737488355327,-140737488355328,-42,465,465
4,9,241,10,100500.000000,100000.000000,0x00346dc5d639,16,7,0x00346dc5db04,1180,1640,58964,-1344,0,6,0,1,1,1,1,8740,762,0x00346dc5d639,140737488355327,-140737488355328,-42,460,460
4,10,257,11,100500.000000,100000.000000,0x00346dc5d639,16,7,0x00346dc5dca1,1593,2048,58264,-1344,0,6,0,1,1,1,1,8772,1180,0x00346dc5d639,140737488355327,-140737488355328,-42,455,455
4,11,273,12,100500.000000,100000.000000,0x00346dc5d639,16,7,0x00346dc5de39,2001,2451,57624,-1340,0,6,0,1,1,1,1,8746,1593,0x00346dc5d639,140737488355327,-140737488355328,-42,450,450
4,12,289,13,100500.000000,100000.000000,0x00346dc5d639,16,7,0x00346dc5dfcc,2403,2847,56924,-1340,0,6,0,1,1,1,1,8766,2001,0x00346dc5d639,140737488355327,-140737488355328,-42,444,444
4,13,305,14,100500.000000,100000.000000,0x00346dc5d639,16,7,0x00346dc5e158,2800,3239,56280,-1344,0,6,0,1,1,1,1,8751,2403,0x00346dc5d639,140737488355327,-140737488355328,-42,439,439
4,14,321,15,100500.000000,100000.000000,0x00346dc5d639,16,7,0x00346dc5e2e0,3192,3626,55584,-1340,0,6,0,1,1,1,1,8764,2800,0x00346dc5d639,140737488355327,-140737488355328,-42,434,434
4,15,337,16,100500.000000,100000.000000,0x00346dc5d639,16,7,0x00346dc5e463,3579,4008,54936,-1344,0,6,0,1,1,1,1,8755,3192,0x00346dc5d639,140737488355327,-140737488355328,-42,429,429
4,16,353,17,100500.000000,100000.000000,0x00346dc5d639,16,7,0x00346dc5e5e1,3960,4383,54244,-1340,0,6,0,1,1,1,1,8761,3579,0x00346dc5d639,140737488355327,-140737488355328,-42,423,423
4,17,369,18,100500.000000,100000.000000,0x00346dc5d639,16,7,0x00346dc5e758,4336,4754,53592,-1344,0,6,0,1,1,1,1,8758,3960,0x00346dc5d639,140737488355327,-140737488355328,-42,418,418
4,18,385,19,100500.000000,100000.000000,0x00346dc5d639,16,7,0x00346dc5e8cb,4707,5120,52900,-1344,0,6,0,1,1,1,1,8760,4336,0x00346dc5d639,140737488355327,-140737488355328,-42,413,413
4,19,401,20,100500.000000,100000.000000,0x00346dc5d639,16,7,0x00346dc5ea39,5073,5481,52248,-1344,0,6,0,1,1,1,1,8759,4707,0x00346dc5d639,140737488355327,-140737488355328,-42,408,408
4,20,417,21,100500.000000,100000.000000,0x00346dc5d639,16,7,0x00346dc5eba2,5433,5835,51564,-1336,0,6,0,1,1,1,1,8759,5073,0x00346dc5d639,140737488355327,-140737488355328,-42,402,402
4,21,433,22,100500.000000,100000.000000,0x00346dc5d639,16,7,0x00346dc5ed04,5788,6185,50904,-1344,0,6,0,1,1,1,1,8760,5433,0x00346dc5d639,140737488355327,-140737488355328,-42,397,397
4,22,449,23,100500.000000,100000.000000,0x00346dc5d639,16,7,0x00346dc5ee62,6138,6530,50224,-1340,0,6,0,1,1,1,1,8757,5788,0x00346dc5d639,140737488355327,-140737488355328,-42,392,392
4,23,465,24,100500.000000,100000.000000,0x00346dc5d639,16,7,0x00346dc5efbb,6483,6870,49560,-1344,0,6,0,1,1,1,1,8761,6138,0x00346dc5d639,140737488355327,-140737488355328,-42,387,387
4,24,481,25,100500.000000,100000.000000,0x00346dc5d639,16,7,0x00346dc5f10f,6822,7203,48880,-1344,0,6,0,1,1,1,1,8758,6483,0x00346dc5d639,140737488355327,-140737488355328,-42,381,381
4,25,497,26,100500.000000,100000.000000,0x00346dc5d639,16,7,0x00346dc5f25c,7156,7532,48216,-1344,0,6,0,1,1,1,1,8761,6822,0x00346dc5d639,140737488355327,-140737488355328,-42,376,376
4,26,513,27,100500.000000,100000.000000,0x00346dc5d639,16,7,0x00346dc5f3a5,7485,7856,47540,-1340,0,6,0,1,1,1,1,8759,7156,0x00346dc5d639,140737488355327,-140737488355328,-42,371,371
4,27,529,28,100500.000000,100000.000000,0x00346dc5d639,16,7,0x00346dc5f4e9,7809,8175,46872,-1344,0,6,0,1,1,1,1,8761,7485,0x00346dc5d639,140737488355327,-140737488355328,-42,366,366
4,28,545,29,100500.000000,100000.000000,0x00346dc5d639,16,7,0x00346dc5f628,8127,8487,46196,-1344,0,6,0,1,1,1,1,8759,7809,0x00346dc5d639,140737488355327,-140737488355328,-42,360,360
4,29,561,30,100500.000000,100000.000000,0x00346dc5d639,16,7,0x00346dc5f760,8440,8795,45532,-1340,0,6,0,1,1,1,1,8760,8127,0x00346dc5d639,140737488355327,-140737488355328,-42,355,355
4,30,577,31,100500.000000,100000.000000,0x00346dc5d639,16,7,0x00346dc5f894,8748,9098,44856,-1340,0,6,0,1,1,1,1,8758,8440,0x00346dc5d639,140737488355327,-140737488355328,-42,350,350
4,31,593,32,100500.000000,100000.000000,0x00346dc5d639,16,7,0x00346dc5f9c3,9051,9396,44188,-1344,0,6,0,1,1,1,1,8760,8748,0x00346dc5d639,140737488355327,-140737488355328,-42,345,345
4,32,609,33,100500.000000,100000.000000,0x00346dc5d639,16,7,0x00346dc5faed,9348,9687,43516,-1340,0,6,0,1,1,1,1,8758,9051,0x00346dc5d639,140737488355327,-140737488355328,-42,339,339
4,33,625,34,100500.000000,100000.000000,0x00346dc5d639,16,7,0x00346dc5fc10,9640,9974,42844,-1344,0,6,0,1,1,1,1,8760,9348,0x00346dc5d639,140737488355327,-140737488355328,-42,334,334
4,34,641,35,100500.000000,100000.000000,0x00346dc5d639,16,7,0x00346dc5fd2f,9927,10256,42172,-1344,0,6,0,1,1,1,1,8758,9640,0x00346dc5d639,140737488355327,-140737488355328,-42,329,329
4,35,657,36,100500.000000,100000.000000,0x00346dc5d639,16,7,0x00346dc5fe49,10209,10533,41504,-1340,0,6,0,1,1,1,1,8760,9927,0x00346dc5d639,140737488355327,-140737488355328,-42,324,324
4,36,673,37,100500.000000,100000.000000,0x00346dc5d639,16,7,0x00346dc5ff5e,10486,10805,40832,-1340,0,6,0,1,1,1,1,8759,10209,0x00346dc5d639,140737488355327,-140737488355328,-42,319,319
4,37,689,38,100500.000000,100000.000000,0x00346dc5d639,16,7,0x00346dc6006e,10757,11070,40164,-1340,0,6,0,1,1,1,1,8760,10486,0x00346dc5d639,140737488355327,-140737488355328,-42,313,313
4,38,705,39,100500.000000,100000.000000,0x00346dc5d639,16,7,0x00346dc60177,11023,11331,39492,-1340,0,6,0,1,1,1,1,8758,10757,0x00346dc5d639,140737488355327,-140737488355328,-42,308,308
4,39,721,40,100500.000000,100000.000000,0x00346dc5d639,16,7,0x00346dc6027c,11284,11587,38820,-1344,0,6,0,1,1,1,1,8760,11023,0x00346dc5d639,140737488355327,-140737488355328,-42,303,303
4,40,737,41,100500.000000,100000.000000,0x00346dc5d639,16,7,0x00346dc6037c,11540,11838,38152,-1340,0,6,0,1,1,1,1,8760,11284,0x00346dc5d639,140737488355327,-140737488355328,-42,298,298
4,41,753,42,100500.000000,100000.000000,0x00346dc5d639,16,7,0x00346dc60477,11790,12082,37480,-1340,0,6,0,1,1,1,1,8760,11540,0x00346dc5d639,140737488355327,-140737488355328,-42,292,292
4,42,769,43,100500.000000,100000.000000,0x00346dc5d639,16,7,0x00346dc6056b,12035,12322,36808,-1344,0,6,0,1,1,1,1,8760,11790,0x00346dc5d639,140737488355327,-140737488355328,-42,287,287
4,43,785,44,100500.000000,100000.000000,0x00346dc5d639,16,7,0x00346dc6065b,12275,12557,36136,-1344,0,6,0,1,1,1,1,8760,12035,0x00346dc5d639,140737488355327,-140737488355328,-42,282,282
4,44,801,45,100500.000000,100000.000000,0x00346dc5d639,16,7,0x00346dc60746,12510,12787,35468,-1340,0,6,0,1,1,1,1,8760,12275,0x00346dc5d639,140737488355327,-140737488355328,-42,277,277
4,45,817,46,100500.000000,100000.000000,0x00346dc5d639,16,7,0x00346dc6082c,12739,13010,34796,-1340,0,6,0,1,1,1,1,8760,12510,0x00346dc5d639,140737488355327,-140737488355328,-42,271,271
4,46,833,47,100500.000000,100000.000000,0x00346dc5d639,16,7,0x00346dc6090b,12963,13229,34124,-1344,0,6,0,1,1,1,1,8760,12739,0x00346dc5d639,140737488355327,-140737488355328,-42,266,266
4,47,849,48,100500.000000,100000.000000,0x00346dc5d639,16,7,0x00346dc609e6,13182,13443,33456,-1340,0,6,0,1,1,1,1,8759,12963,0x00346dc5d639,140737488355327,-140737488355328,-42,261,261
4,48,865,49,100500.000000,100000.000000,0x00346dc5d639,16,7,0x00346dc60abc,13396,13652,32784,-1340,0,6,0,1,1,1,1,8759,13182,0x00346dc5d639,140737488355327,-140737488355328,-42,256,256
4,49,881,50,100500.000000,100000.000000,0x00346dc5d639,16,7,0x00346dc60b8d,16164,16926,97648,64192,0,6,0,1,1,1,1,8759,13396,0x00346dc5d639,140737488355327,-140737488355328,2006,762,762
4,50,897,51,100500.000000,100000.000000,0x00346dc5d639,16,7,0x00346dc61857,18927,19684,96976,64192,0,6,0,1,1,1,1,8759,16164,0x00346dc5d639,140737488355327,-140737488355328,2006,757,757
4,51,913,52,100500.000000,100000.000000,0x00346dc5d639,16,7,0x00346dc6231d,19637,20389,96304,-1344,0,6,0,1,1,1,1,8760,18927,0x00346dc5d639,140737488355327,-140737488355328,-42,752,752
4,52,929,53,100500.000000,100000.000000,0x00346dc5d639,16,7,0x00346dc625de,20342,21089,95632,-1344,0,6,0,1,1,1,1,8759,19637,0x00346dc5d639,140737488355327,-140737488355328,-42,747,747
4,53,945,54,100500.000000,100000.000000,0x00346dc5d639,16,7,0x00346dc6289a,21041,21782,94964,-1340,0,6,0,1,1,1,1,8758,20342,0x00346dc5d639,140737488355327,-140737488355328,-42,741,741
4,54,961,55,100500.000000,100000.000000,0x00346dc5d639,16,7,0x00346dc62b4f,21735,22471,94292,-1340,0,6,0,1,1,1,1,8758,21041,0x00346dc5d639,140737488355327,-140737488355328,-42,736,736
4,55,977,56,100500.000000,100000.000000,0x00346dc5d639,16,7,0x00346dc62e00,22424,23155,93620,-1344,0,6,0,1,1,1,1,8759,21735,0x00346dc5d639,140737488355327,-140737488355328,-42,731,731
4,56,993,57,100500.000000,100000.000000,0x00346dc5d639,16,7,0x00346dc630ac,23108,23834,92948,-1344,0,6,0,1,1,1,1,8758,22424,0x00346dc5d639,140737488355327,-140737488355328,-42,726,726
4,57,1009,58,100500.000000,100000.000000,0x00346dc5d639,16,7,0x00346dc63353,23786,24506,92280,-1340,0,6,0,1,1,1,1,8758,23108,0x00346dc5d639,140737488355327,-140737488355328,-42,720,720
4,58,1025,59,100500.000000,100000.000000,0x00346dc5d639,16,7,0x00346dc635f3,24459,25174,91608,-1340,0,6,0,1,1,1,1,8759,23786,0x00346dc5d639,140737488355327,-140737488355328,-42,715,715
4,59,1041,60,100500.000000,100000.000000,0x00346dc5d639,16,7,0x00346dc6388f,25127,25837,90936,-1344,0,6,0,1,1,1,1,8758,24459,0x00346dc5d639,140737488355327,-140737488355328,-42,710,710
4,60,1057,61,100500.000000,100000.000000,0x00346dc5d639,16,7,0x00346dc63b26,25790,26495,90268,-1340,0,6,0,1,1,1,1,8758,25127,0x00346dc5d639,140737488355327,-140737488355328,-42,705,705
4,61,1073,62,100500.000000,100000.000000,0x00346dc5d639,16,7,0x00346dc63db8,26447,27146,89596,-1340,0,6,0,1,1,1,1,8758,25790,0x00346dc5d639,140737488355327,-140737488355328,-42,699,699
4,62,1089,63,100500.000000,100000.000000,0x00346dc5d639,16,7,0x00346dc64043,27099,27793,88924,-1344,0,6,0,1,1,1,1,8757,26447,0x00346dc5d639,140737488355327,-140737488355328,-42,694,694
4,63,1105,64,100500.000000,100000.000000,0x00346dc5d639,16,7,0x00346dc642ca,27746,28435,88252,-1344,0,6,0,1,1,1,1,8756,27099,0x00346dc5d639,140737488355327,-140737488355328,-42,689,689
4,64,1121,65,100500.000000,100000.000000,0x00346dc5d639,16,7,0x00346dc6454c,28388,29072,87580,-1344,0,6,0,1,1,1,1,8756,27746,0x00346dc5d639,140737488355327,-140737488355328,-42,684,684
4,65,1137,66,100500.000000,100000.000000,0x00346dc5d639,16,7,0x00346dc647c9,29025,29704,86912,-1340,0,6,0,1,1,1,1,8756,28388,0x00346dc5d639,140737488355327,-140737488355328,-42,679,679
4,66,1153,67,100500.000000,100000.000000,0x00346dc5d639,16,7,0x00346dc64a41,29656,30329,86240,-1340,0,6,0,1,1,1,1,8756,29025,0x00346dc5d639,140737488355327,-140737488355328,-42,673,673
4,67,1169,68,100500.000000,100000.000000,0x00346dc5d639,16,7,0x00346dc64cb2,30282,30950,85568,-1344,0,6,0,1,1,1,1,8756,29656,0x00346dc5d639,140737488355327,-140737488355328,-42,668,668
4,68,1185,69,100500.000000,100000.000000,0x00346dc5d639,16,7,0x00346dc64f1f,30903,31566,84896,-1344,0,6,0,1,1,1,1,8756,30282,0x00346dc5d639,140737488355327,-140737488355328,-42,663,663
4,69,1201,70,100500.000000,100000.000000,0x00346dc5d639,16,7,0x00346dc65187,31519,32177,84228,-1340,0,6,0,1,1,1,1,8756,30903,0x00346dc5d639,140737488355327,-140737488355328,-42,658,658
4,70,1217,71,100500.000000,100000.000000,0x00346dc5d639,16,7,0x00346dc653ea,32129,32781,83556,-1340,0,6,0,1,1,1,1,8756,31519,0x00346dc5d639,140737488355327,-140737488355328,-42,652,652
4,71,1233,72,100500.000000,100000.000000,0x00346dc5d639,16,7,0x00346dc65646,32734,33381,82884,-1344,0,6,0,1,1,1,1,8756,32129,0x00346dc5d639,140737488355327,-140737488355328,-42,647,647
4,72,1249,73,100500.000000,100000.000000,0x00346dc5d639,16,7,0x00346dc6589e,33334,33976,82212,-1344,0,6,0,1,1,1,1,8756,32734,0x00346dc5d639,140737488355327,-140737488355328,-42,642,642
4,73,1265,74,100500.000000,100000.000000,0x00346dc5d639,16,7,0x00346dc65af1,33929,34566,81540,-1344,0,6,0,1,1,1,1,8755,33334,0x00346dc5d639,140737488355327,-140737488355328,-42,637,637
4,74,1281,75,100500.000000,100000.000000,0x00346dc5d639,16,7,0x00346dc65d3f,34518,35149,80868,-1344,0,6,0,1,1,1,1,8754,33929,0x00346dc5d639,140737488355327,-140737488355328,-42,631,631
4,75,1297,76,100500.000000,100000.000000,0x00346dc5d639,16,7,0x00346dc65f86,35102,35728,80200,-1340,0,6,0,1,1,1,1,8756,34518,0x00346dc5d639,140737488355327,-140737488355328,-42,626,626
4,76,1313,77,100500.000000,100000.000000,0x00346dc5d639,16,7,0x00346dc661c9,35681,36302,79528,-1340,0,6,0,1,1,1,1,8755,35102,0x00346dc5d639,140737488355327,-140737488355328,-42,621,621
4,77,1329,78,100500.000000,100000.000000,0x00346dc5d639,16,7,0x00346dc66407,36255,36871,78856,-1344,0,6,0,1,1,1,1,8756,35681,0x00346dc5d639,140737488355327,-140737488355328,-42,616,616
4,78,1345,79,100500.000000,100000.000000,0x00346dc5d639,16,7,0x00346dc66640,36823,37433,78184,-1344,0,6,0,1,1,1,1,8755,36255,0x00346dc5d639,140737488355327,-140737488355328,-42,610,610
4,79,1361,80,100500.000000,100000.000000,0x00346dc5d639,16,7,0x00346dc66872,37386,37991,77512,-1344,0,6,0,1,1,1,1,8756,36823,0x00346dc5d639,140737488355327,-140737488355328,-42,605,605
4,80,1377,81,100500.000000,100000.000000,0x00346dc5d639,16,7,0x00346dc66aa0,37944,38544,76844,-1340,0,6,0,1,1,1,1,8755,37386,0x00346dc5d639,140737488355327,-140737488355328,-42,600,600
4,81,1393,82,100500.000000,100000.000000,0x00346dc5d639,16,7,0x00346dc66cc9,38497,39092,76172,-1340,0,6,0,1,1,1,1,8755,37944,0x00346dc5d639,140737488355327,-140737488355328,-42,595,595
4,82,1409,83,100500.000000,100000.000000,0x00346dc5d639,16,7,0x00346dc66eed,39044,39633,75500,-1344,0,6,0,1,1,1,1,8755,38497,0x00346dc5d639,140737488355327,-140737488355328,-42,589,589
4,83,1425,84,100500.000000,100000.000000,0x00346dc5d639,16,7,0x00346dc6710a,39586,40170,74828,-1344,0,6,0,1,1,1,1,8755,39044,0x00346dc5d639,140737488355327,-140737488355328,-42,584,584
4,84,1441,85,100500.000000,100000.000000,0x00346dc5d639,16,7,0x00346dc67323,40123,40702,74160,-1340,0,6,0,1,1,1,1,8755,39586,0x00346dc5d639,140737488355327,-140737488355328,-42,579,579
4,85,1457,86,100500.000000,100000.000000,0x00346dc5d639,16,7,0x00346dc67537,40655,41229,73488,-1340,0,6,0,1,1,1,1,8756,40123,0x00346dc5d639,140737488355327,-140737488355328,-42,574,574
4,86,1473,87,100500.000000,100000.000000,0x00346dc5d639,16,7,0x00346dc67746,41181,41749,72816,-1344,0,6,0,1,1,1,1,8755,40655,0x00346dc5d639,140737488355327,-140737488355328,-42,568,568
4,87,1489,88,100500.000000,100000.000000,0x00346dc5d639,16,7,0x00346dc6794e,41702,42265,72144,-1344,0,6,0,1,1,1,1,8755,41181,0x00346dc5d639,140737488355327,-140737488355328,-42,563,563
4,88,1505,89,100500.000000,100000.000000,0x00346dc5d639,16,7,0x00346dc67b52,42218,42776,71472,-1344,0,6,0,1,1,1,1,8756,41702,0x00346dc5d639,140737488355327,-140737488355328,-42,558,558
4,89,1521,90,100500.000000,100000.000000,0x00346dc5d639,16,7,0x00346dc67d51,42729,43282,70800,-1344,0,6,0,1,1,1,1,8755,42218,0x00346dc5d639,140737488355327,-140737488355328,-42,553,553
4,90,1537,91,100500.000000,100000.000000,0x00346dc5d639,16,7,0x00346dc67f4b,43234,43781,70128,-1344,0,6,0,1,1,1,1,8755,42729,0x00346dc5d639,140737488355327,-140737488355328,-42,547,547
4,91,1553,92,100500.000000,100000.000000,0x00346dc5d639,16,7,0x00346dc6813e,43734,44276,69456,-1344,0,6,0,1,1,1,1,8756,43234,0x00346dc5d639,140737488355327,-140737488355328,-42,542,542
4,92,1569,93,100500.000000,100000.000000,0x00346dc5d639,16,7,0x00346dc6832d,44229,44766,68788,-1340,0,6,0,1,1,1,1,8756,43734,0x00346dc5d639,140737488355327,-140737488355328,-42,537,537
4,93,1585,94,100500.000000,100000.000000,0x00346dc5d639,16,7,0x00346dc68517,44719,45251,68116,-1340,0,6,0,1,1,1,1,8755,44229,0x00346dc5d639,140737488355327,-140737488355328,-42,532,532
4,94,1601,95,100500.000000,100000.000000,0x00346dc5d639,16,7,0x00346dc686fc,45203,45729,67444,-1344,0,6,0,1,1,1,1,8755,44719,0x00346dc5d639,140737488355327,-140737488355328,-42,526,526
4,95,1617,96,100500.000000,100000.000000,0x00346dc5d639,16,7,0x00346dc688da,45682,46203,66772,-1344,0,6,0,1,1,1,1,8755,45203,0x00346dc5d639,140737488355327,-140737488355328,-42,521,521
4,96,1633,97,100500.000000,100000.000000,0x00346dc5d639,16,7,0x00346dc68ab4,46156,46672,66104,-1340,0,6,0,1,1,1,1,8756,45682,0x00346dc5d639,140737488355327,-140737488355328,-42,516,516
4,97,1649,98,100500.000000,100000.000000,0x00346dc5d639,16,7,0x00346dc68c89,46625,47136,65428,-1344,0,6,0,1,1,1,1,8755,46156,0x00346dc5d639,140737488355327,-140737488355328,-42,511,511
4,98,1665,99,100500.000000,100000.000000,0x00346dc5d639,16,7,0x00346dc68e59,47088,47593,64760,-1344,0,6,0,1,1,1,1,8755,46625,0x00346dc5d639,140737488355327,-140737488355328,-42,505,505
4,99,1681,100,100500.000000,100000.000000,0x00346dc5d639,16,7,0x00346dc69022,47546,48046,64088,-1340,0,6,0,1,1,1,1,8756,47088,0x00346dc5d639,140737488355327,-140737488355328,-42,500,500
4,100,1697,101,100500.000000,100000.000000,0x00346dc5d639,16,7,0x00346dc691e7,47999,48494,63416,-1344,0,6,0,1,1,1,1,8757,47546,0x00346dc5d639,140737488355327,-140737488355328,-42,495,495
4,101,1713,102,100500.000000,100000.000000,0x00346dc5d639,16,7,0x00346dc693a7,48447,48937,62744,-1344,0,6,0,1,1,1,1,8756,47999,0x00346dc5d639,140737488355327,-140737488355328,-42,490,490
4,102,1729,103,100500.000000,100000.000000,0x00346dc5d639,16,7,0x00346dc69562,48889,49373,62076,-1340,0,6,0,1,1,1,1,8756,48447,0x00346dc5d639,140737488355327,-140737488355328,-42,484,484
4,103,1745,104,100500.000000,100000.000000,0x00346dc5d639,16,7,0x00346dc69716,49326,49805,61404,-1340,0,6,0,1,1,1,1,8756,48889,0x00346dc5d639,140737488355327,-140737488355328,-42,479,479
4,104,1761,105,100500.000000,100000.000000,0x00346dc5d639,16,7,0x00346dc698c6,49758,50232,60732,-1344,0,6,0,1,1,1,1,8756,49326,0x00346dc5d639,140737488355327,-140737488355328,-42,474,474
4,105,1777,106,100500.000000,100000.000000,0x00346dc5d639,16,7,0x00346dc69a71,50185,50654,60060,-1344,0,6,0,1,1,1,1,8756,49758,0x00346dc5d639,140737488355327,-140737488355328,-42,469,469
4,106,1793,107,100500.000000,100000.000000,0x00346dc5d639,16,7,0x00346dc69c17,50606,51069,59388,-1344,0,6,0,1,1,1,1,8757,50185,0x00346dc5d639,140737488355327,-140737488355328,-42,463,463
4,107,1809,108,100500.000000,100000.000000,0x00346dc5d639,16,7,0x00346dc69db6,51022,51480,58720,-1340,0,6,0,1,1,1,1,8756,50606,0x00346dc5d639,140737488355327,-140737488355328,-42,458,458
4,108,1825,109,100500.000000,100000.000000,0x00346dc5d639,16,7,0x00346dc69f51,51433,51886,58048,-1340,0,6,0,1,1,1,1,8757,51022,0x00346dc5d639,140737488355327,-140737488355328,-42,453,453
4,109,1841,110,100500.000000,100000.000000,0x00346dc5d639,16,7,0x00346dc6a0e7,51839,52287,57380,-1340,0,6,0,1,1,1,1,8757,51433,0x00346dc5d639,140737488355327,-140737488355328,-42,448,448
4,110,1857,111,100500.000000,100000.000000,0x00346dc5d639,16,7,0x00346dc6a278,52240,52683,56708,-1340,0,6,0,1,1,1,1,8758,51839,0x00346dc5d639,140737488355327,-140737488355328,-42,443,443
4,111,1873,112,100500.000000,100000.000000,0x00346dc5d639,16,7,0x00346dc6a404,52635,53072,56036,-1344,0,6,0,1,1,1,1,8757,52240,0x00346dc5d639,140737488355327,-140737488355328,-42,437,437
4,112,1889,113,100500.000000,100000.000000,0x00346dc5d639,16,7,0x00346dc6a589,53025,53457,55364,-1344,0,6,0,1,1,1,1,8758,52635,0x00346dc5d639,140737488355327,-140737488355328,-42,432,432
4,113,1905,114,100500.000000,100000.000000,0x00346dc5d639,16,7,0x00346dc6a70a,53410,53837,54692,-1344,0,6,0,1,1,1,1,8757,53025,0x00346dc5d639,140737488355327,-140737488355328,-42,427,427
4,114,1921,115,100500.000000,100000.000000,0x00346dc5d639,16,7,0x00346dc6a886,53790,54212,54020,-1344,0,6,0,1,1,1,1,8758,53410,0x00346dc5d639,140737488355327,-140737488355328,-42,422,422
4,115,1937,116,100500.000000,100000.000000,0x00346dc5d639,16,7,0x00346dc6a9fd,54164,54580,53352,-1340,0,6,0,1,1,1,1,8758,53790,0x00346dc5d639,140737488355327,-140737488355328,-42,416,416
4,116,1953,117,100500.000000,100000.000000,0x00346dc5d639,16,7,0x00346dc6ab6d,54533,54944,52680,-1340,0,6,0,1,1,1,1,8758,54164,0x00346dc5d639,140737488355327,-140737488355328,-42,411,411
4,117,1969,118,100500.000000,100000.000000,0x00346dc5d639,16,7,0x00346dc6acd9,54897,55303,52008,-1344,0,6,0,1,1,1,1,8760,54533,0x00346dc5d639,140737488355327,-140737488355328,-42,406,406
4,118,1985,119,100500.000000,100000.000000,0x00346dc5d639,16,7,0x00346dc6ae40,55256,55657,51340,-1340,0,6,0,1,1,1,1,8760,54897,0x00346dc5d639,140737488355327,-140737488355328,-42,401,401
4,119,2001,120,100500.000000,100000.000000,0x00346dc5d639,16,7,0x00346dc6afa2,55609,56004,50668,-1340,0,6,0,1,1,1,1,8759,55256,0x00346dc5d639,140737488355327,-140737488355328,-42,395,395
4,120,2017,121,100500.000000,100000.000000,0x00346dc5d639,16,7,0x00346dc6b0fd,55957,56347,49996,-1344,0,6,0,1,1,1,1,8760,55609,0x00346dc5d639,140737488355327,-140737488355328,-42,390,390
4,121,2033,122,100500.000000,100000.000000,0x00346dc5d639,16,7,0x00346dc6b254,56300,56685,49324,-1344,0,6,0,1,1,1,1,8760,55957,0x00346dc5d639,140737488355327,-140737488355328,-42,385,385
4,122,2049,123,100500.000000,100000.000000,0x00346dc5d639,16,7,0x00346dc6b3a6,56638,57018,48652,-1344,0,6,0,1,1,1,1,8760,56300,0x00346dc5d639,140737488355327,-140737488355328,-42,380,380
4,123,2065,124,100500.000000,100000.000000,0x00346dc5d639,16,7,0x00346dc6b4f3,56970,57344,47984,-1340,0,6,0,1,1,1,1,8759,56638,0x00346dc5d639,140737488355327,-140737488355328,-42,374,374
4,124,2081,125,100500.000000,100000.000000,0x00346dc5d639,16,7,0x00346dc6b639,57297,57666,47312,-1340,0,6,0,1,1,1,1,8760,56970,0x00346dc5d639,140737488355327,-140737488355328,-42,369,369
4,125,2097,126,100500.000000,100000.000000,0x00346dc5d639,16,7,0x00346dc6b77b,57619,57983,46640,-1344,0,6,0,1,1,1,1,8760,57297,0x00346dc5d639,140737488355327,-140737488355328,-42,364,364
4,126,2113,127,100500.000000,100000.000000,0x00346dc5d639,16,7,0x00346dc6b8b8,57936,58295,45968,-1344,0,6,0,1,1,1,1,8760,57619,0x00346dc5d639,140737488355327,-140737488355328,-42,359,359
4,127,2129,128,100500.000000,100000.000000,0x00346dc5d639,16,7,0x00346dc6b9f0,58247,58600,45296,-1344,0,6,0,1,1,1,1,8760,57936,0x00346dc5d639,140737488355327,-140737488355328,-42,353,353
4,128,2145,129,100500.000000,100000.000000,0x00346dc5d639,16,7,0x00346dc6bb21,58553,58901,44628,-1340,0,6,0,1,1,1,1,8760,58247,0x00346dc5d639,140737488355327,-140737488355328,-42,348,348
4,129,2161,130,100500.000000,100000.000000,0x00346dc5d639,16,7,0x00346dc6bc4e,58854,59197,43956,-1340,0,6,0,1,1,1,1,8760,58553,0x00346dc5d639,140737488355327,-140737488355328,-42,343,343
4,130,2177,131,100500.000000,100000.000000,0x00346dc5d639,16,7,0x00346dc6bd76,59150,59488,43284,-1344,0,6,0,1,1,1,1,8759,58854,0x00346dc5d639,140737488355327,-140737488355328,-42,338,338
4,131,2193,132,100500.000000,100000.000000,0x00346dc5d639,16,7,0x00346dc6be99,59440,59772,42616,-1340,0,6,0,1,1,1,1,8759,59150,0x00346dc5d639,140737488355327,-140737488355328,-42,332,332
4,132,2209,133,100500.000000,100000.000000,0x00346dc5d639,16,7,0x00346dc6bfb5,59725,60052,41944,-1340,0,6,0,1,1,1,1,8759,59440,0x00346dc5d639,140737488355327,-140737488355328,-42,327,327
4,133,2225,134,100500.000000,100000.000000,0x00346dc5d639,16,7,0x00346dc6c0cd,60005,60327,41272,-1344,0,6,0,1,1,1,1,8759,59725,0x00346dc5d639,140737488355327,-140737488355328,-42,322,322
4,134,2241,135,100500.000000,100000.000000,0x00346dc5d639,16,7,0x00346dc6c1e0,60280,60597,40604,-1340,0,6,0,1,1,1,1,8759,60005,0x00346dc5d639,140737488355327,-140737488355328,-42,317,317
4,135,2257,136,100500.000000,100000.000000,0x00346dc5d639,16,7,0x00346dc6c2ee,60549,60860,39932,-1340,0,6,0,1,1,1,1,8759,60280,0x00346dc5d639,140737488355327,-140737488355328,-42,311,311
4,136,2273,137,100500.000000,100000.000000,0x00346dc5d639,16,7,0x00346dc6c3f5,60813,61119,39260,-1344,0,6,0,1,1,1,1,8760,60549,0x00346dc5d639,140737488355327,-140737488355328,-42,306,306
4,137,2289,138,100500.000000,100000.000000,0x00346dc5d639,16,7,0x00346dc6c4f8,61072,61373,38588,-1344,0,6,0,1,1,1,1,8760,60813,0x00346dc5d639,140737488355327,-140737488355328,-42,301,301
4,138,2305,139,100500.000000,100000.000000,0x00346dc5d639,16,7,0x00346dc6c5f6,61326,61622,37920,-1340,0,6,0,1,1,1,1,8760,61072,0x00346dc5d639,140737488355327,-140737488355328,-42,296,296
4,139,2321,140,100500.000000,100000.000000,0x00346dc5d639,16,7,0x00346dc6c6ef,61575,61866,37248,-1340,0,6,0,1,1,1,1,8760,61326,0x00346dc5d639,140737488355327,-140737488355328,-42,291,291
4,140,2337,141,100500.000000,100000.000000,0x00346dc5d639,16,7,0x00346dc6c7e3,61818,62103,36576,-1344,0,6,0,1,1,1,1,8759,61575,0x00346dc5d639,140737488355327,-140737488355328,-42,285,285
4,141,2353,142,100500.000000,100000.000000,0x00346dc5d639,16,7,0x00346dc6c8d0,62056,62336,35908,-1340,0,6,0,1,1,1,1,8759,61818,0x00346dc5d639,140737488355327,-140737488355328,-42,280,280
4,142,2369,143,100500.000000,100000.000000,0x00346dc5d639,16,7,0x00346dc6c9b9,62289,62564,35236,-1340,0,6,0,1,1,1,1,8760,62056,0x00346dc5d639,140737488355327,-140737488355328,-42,275,275
4,143,2385,144,100500.000000,100000.000000,0x00346dc5d639,16,7,0x00346dc6ca9d,62517,62787,34564,-1344,0,6,0,1,1,1,1,8759,62289,0x00346dc5d639,140737488355327,-140737488355328,-42,270,270
4,144,2401,145,100500.000000,100000.000000,0x00346dc5d639,16,7,0x00346dc6cb7c,62739,63003,33896,-1340,0,6,0,1,1,1,1,8759,62517,0x00346dc5d639,140737488355327,-140737488355328,-42,264,264
4,145,2417,146,100500.000000,100000.000000,0x00346dc5d639,16,7,0x00346dc6cc54,62956,63215,33224,-1340,0,6,0,1,1,1,1,8759,62739,0x00346dc5d639,140737488355327,-140737488355328,-42,259,259
4,146,2433,147,100500.000000,100000.000000,0x00346dc5d639,16,7,0x00346dc6cd28,65728,66494,98088,64192,0,6,0,1,1,1,1,8760,62956,0x00346dc5d639,140737488355327,-140737488355328,2006,766,766
4,147,2449,148,100500.000000,100000.000000,0x00346dc5d639,16,7,0x00346dc6d9f7,68495,69256,97416,64192,0,6,0,1,1,1,1,8759,65728,0x00346dc5d639,140737488355327,-140737488355328,2006,761,761
4,148,2465,149,100500.000000,100000.000000,0x00346dc5d639,16,7,0x00346dc6e4c1,69208,69963,96744,-1344,0,6,0,1,1,1,1,8759,68495,0x00346dc5d639,140737488355327,-140737488355328,-42,755,755
4,149,2481,150,100500.000000,100000.000000,0x00346dc5d639,16,7,0x00346dc6e784,69916,70666,96072,-1344,0,6,0,1,1,1,1,8760,69208,0x00346dc5d639,140737488355327,-140737488355328,-42,750,750
4,150,2497,151,100500.000000,100000.000000,0x00346dc5d639,16,7,0x00346dc6ea43,70619,71364,95404,-1340,0,6,0,1,1,1,1,8759,69916,0x00346dc5d639,140737488355327,-140737488355328,-42,745,745
4,151,2513,152,100500.000000,100000.000000,0x00346dc5d639,16,7,0x00346dc6ecfd,71317,72057,94732,-1340,0,6,0,1,1,1,1,8759,70619,0x00346dc5d639,140737488355327,-140737488355328,-42,740,740
4,152,2529,153,100500.000000,100000.000000,0x00346dc5d639,16,7,0x00346dc6efb2,72009,72743,94064,-1340,0,6,0,1,1,1,1,8759,71317,0x00346dc5d639,140737488355327,-140737488355328,-42,734,734
4,153,2545,154,100500.000000,100000.000000,0x00346dc5d639,16,7,0x00346dc6f260,72696,73425,93388,-1344,0,6,0,1,1,1,1,8758,72009,0x00346dc5d639,140737488355327,-140737488355328,-42,729,729
4,154,2561,155,100500.000000,100000.000000,0x00346dc5d639,16,7,0x00346dc6f50a,73378,74102,92720,-1344,0,6,0,1,1,1,1,8759,72696,0x00346dc5d639,140737488355327,-140737488355328,-42,724,724
4,155,2577,156,100500.000000,100000.000000,0x00346dc5d639,16,7,0x00346dc6f7af,74055,74774,92048,-1340,0,6,0,1,1,1,1,8759,73378,0x00346dc5d639,140737488355327,-140737488355328,-42,719,719
4,156,2593,157,100500.000000,100000.000000,0x00346dc5d639,16,7,0x00346dc6fa4f,74726,75439,91376,-1344,0,6,0,1,1,1,1,8759,74055,0x00346dc5d639,140737488355327,-140737488355328,-42,713,713
4,157,2609,158,100500.000000,100000.000000,0x00346dc5d639,16,7,0x00346dc6fce8,75392,76100,90704,-1344,0,6,0,1,1,1,1,8758,74726,0x00346dc5d639,140737488355327,-140737488355328,-42,708,708
4,158,2625,159,100500.000000,100000.000000,0x00346dc5d639,16,7,0x00346dc6ff7d,76053,76756,90032,-1344,0,6,0,1,1,1,1,8757,75392,0x00346dc5d639,140737488355327,-140737488355328,-42,703,703
4,159,2641,160,100500.000000,100000.000000,0x00346dc5d639,16,7,0x00346dc7020d,76709,77407,89364,-1340,0,6,0,1,1,1,1,8758,76053,0x00346dc5d639,140737488355327,-140737488355328,-42,698,698
4,160,2657,161,100500.000000,100000.000000,0x00346dc5d639,16,7,0x00346dc70498,77359,78051,88692,-1340,0,6,0,1,1,1,1,8758,76709,0x00346dc5d639,140737488355327,-140737488355328,-42,692,692
4,161,2673,162,100500.000000,100000.000000,0x00346dc5d639,16,7,0x00346dc7071c,78004,78691,88020,-1344,0,6,0,1,1,1,1,8757,77359,0x00346dc5d639,140737488355327,-140737488355328,-42,687,687
4,162,2689,163,100500.000000,100000.000000,0x00346dc5d639,16,7,0x00346dc7099c,78644,79326,87352,-1340,0,6,0,1,1,1,1,8757,78004,0x00346dc5d639,140737488355327,-140737488355328,-42,682,682
4,163,2705,164,100500.000000,100000.000000,0x00346dc5d639,16,7,0x00346dc70c17,79279,79956,86680,-1340,0,6,0,1,1,1,1,8757,78644,0x00346dc5d639,140737488355327,-140737488355328,-42,677,677
4,164,2721,165,100500.000000,100000.000000,0x00346dc5d639,16,7,0x00346dc70e8d,79908,80579,86008,-1344,0,6,0,1,1,1,1,8757,79279,0x00346dc5d639,140737488355327,-140737488355328,-42,671,671
4,165,2737,166,100500.000000,100000.000000,0x00346dc5d639,16,7,0x00346dc710fc,80532,81198,85336,-1344,0,6,0,1,1,1,1,8757,79908,0x00346dc5d639,140737488355327,-140737488355328,-42,666,666
4,166,2753,167,100500.000000,100000.000000,0x00346dc5d639,16,7,0x00346dc71367,81151,81812,84668,-1340,0,6,0,1,1,1,1,8756,80532,0x00346dc5d639,140737488355327,-140737488355328,-42,661,661
4,167,2769,168,100500.000000,100000.000000,0x00346dc5d639,16,7,0x00346dc715cd,81765,82421,83992,-1344,0,6,0,1,1,1,1,8756,81151,0x00346dc5d639,140737488355327,-140737488355328,-42,656,656
4,168,2785,169,100500.000000,100000.000000,0x00346dc5d639,16,7,0x00346dc7182e,82373,83023,83324,-1344,0,6,0,1,1,1,1,8756,81765,0x00346dc5d639,140737488355327,-140737488355328,-42,650,650
4,169,2801,170,100500.000000,100000.000000,0x00346dc5d639,16,7,0x00346dc71a88,82976,83621,82652,-1340,0,6,0,1,1,1,1,8755,82373,0x00346dc5d639,140737488355327,-140737488355328,-42,645,645
4,170,2817,171,100500.000000,100000.000000,0x00346dc5d639,16,7,0x00346dc71cde,83574,84214,81980,-1344,0,6,0,1,1,1,1,8756,82976,0x00346dc5d639,140737488355327,-140737488355328,-42,640,640
4,171,2833,172,100500.000000,100000.000000,0x00346dc5d639,16,7,0x00346dc71f2f,84167,84802,81308,-1344,0,6,0,1,1,1,1,8756,83574,0x00346dc5d639,140737488355327,-140737488355328,-42,635,635
4,172,2849,173,100500.000000,100000.000000,0x00346dc5d639,16,7,0x00346dc7217b,84754,85383,80636,-1344,0,6,0,1,1,1,1,8755,84167,0x00346dc5d639,140737488355327,-140737488355328,-42,629,629
4,173,2865,174,100500.000000,100000.000000,0x00346dc5d639,16,7,0x00346dc723c0,85336,85960,79968,-1340,0,6,0,1,1,1,1,8755,84754,0x00346dc5d639,140737488355327,-140737488355328,-42,624,624
4,174,2881,175,100500.000000,100000.000000,0x00346dc5d639,16,7,0x00346dc72601,85913,86532,79296,-1340,0,6,0,1,1,1,1,8755,85336,0x00346dc5d639,140737488355327,-140737488355328,-42,619,619
4,175,2897,176,100500.000000,100000.000000,0x00346dc5d639,16,7,0x00346dc7283d,86485,87099,78624,-1344,0,6,0,1,1,1,1,8754,85913,0x00346dc5d639,140737488355327,-140737488355328,-42,614,614
4,176,2913,177,100500.000000,100000.000000,0x00346dc5d639,16,7,0x00346dc72a74,87052,87661,77952,-1344,0,6,0,1,1,1,1,8755,86485,0x00346dc5d639,140737488355327,-140737488355328,-42,609,609
4,177,2929,178,100500.000000,100000.000000,0x00346dc5d639,16,7,0x00346dc72ca6,87613,88216,77280,-1344,0,6,0,1,1,1,1,8755,87052,0x00346dc5d639,140737488355327,-140737488355328,-42,603,603
4,178,2945,179,100500.000000,100000.000000,0x00346dc5d639,16,7,0x00346dc72ed1,88169,88767,76608,-1344,0,6,0,1,1,1,1,8755,87613,0x00346dc5d639,140737488355327,-140737488355328,-42,598,598
4,179,2961,180,100500.000000,100000.000000,0x00346dc5d639,16,7,0x00346dc730f8,88720,89313,75940,-1340,0,6,0,1,1,1,1,8755,88169,0x00346dc5d639,140737488355327,-140737488355328,-42,593,593
4,180,2977,181,100500.000000,100000.000000,0x00346dc5d639,16,7,0x00346dc7331a,89266,89854,75268,-1340,0,6,0,1,1,1,1,8755,88720,0x00346dc5d639,140737488355327,-140737488355328,-42,588,588
4,181,2993,182,100500.000000,100000.000000,0x00346dc5d639,16,7,0x00346dc73537,89806,90388,74596,-1344,0,6,0,1,1,1,1,8754,89266,0x00346dc5d639,140737488355327,-140737488355328,-42,582,582
4,182,3009,183,100500.000000,100000.000000,0x00346dc5d639,16,7,0x00346dc7374d,90341,90918,73924,-1344,0,6,0,1,1,1,1,8755,89806,0x00346dc5d639,140737488355327,-140737488355328,-42,577,577
4,183,3025,184,100500.000000,100000.000000,0x00346dc5d639,16,7,0x00346dc7395f,90871,91443,73256,-1340,0,6,0,1,1,1,1,8755,90341,0x00346dc5d639,140737488355327,-140737488355328,-42,572,572
4,184,3041,185,100500.000000,100000.000000,0x00346dc5d639,16,7,0x00346dc73b6c,91396,91963,72584,-1340,0,6,0,1,1,1,1,8755,90871,0x00346dc5d639,140737488355327,-140737488355328,-42,567,567
4,185,3057,186,100500.000000,100000.000000,0x00346dc5d639,16,7,0x00346dc73d74,91915,92476,71912,-1344,0,6,0,1,1,1,1,8755,91396,0x00346dc5d639,140737488355327,-140737488355328,-42,561,561
4,186,3073,187,100500.000000,100000.000000,0x00346dc5d639,16,7,0x00346dc73f75,92429,92985,71240,-1344,0,6,0,1,1,1,1,8755,91915,0x00346dc5d639,140737488355327,-140737488355328,-42,556,556
4,187,3089,188,100500.000000,100000.000000,0x00346dc5d639,16,7,0x00346dc74172,92938,93489,70568,-1344,0,6,0,1,1,1,1,8755,92429,0x00346dc5d639,140737488355327,-140737488355328,-42,551,551
4,188,3105,189,100500.000000,100000.000000,0x00346dc5d639,16,7,0x00346dc7436a,93442,93988,69896,-1344,0,6,0,1,1,1,1,8755,92938,0x00346dc5d639,140737488355327,-140737488355328,-42,546,546
4,189,3121,190,100500.000000,100000.000000,0x00346dc5d639,16,7,0x00346dc7455d,93940,94480,69224,-1344,0,6,0,1,1,1,1,8755,93442,0x00346dc5d639,140737488355327,-140737488355328,-42,540,540
4,190,3137,191,100500.000000,100000.000000,0x00346dc5d639,16,7,0x00346dc74749,94433,94968,68556,-1340,0,6,0,1,1,1,1,8755,93940,0x00346dc5d639,140737488355327,-140737488355328,-42,535,535
4,191,3153,192,100500.000000,100000.000000,0x00346dc5d639,16,7,0x00346dc74931,94921,95451,67884,-1340,0,6,0,1,1,1,1,8756,94433,0x00346dc5d639,140737488355327,-140737488355328,-42,530,530
4,192,3169,193,100500.000000,100000.000000,0x00346dc5d639,16,7,0x00346dc74b14,95404,95929,67212,-1344,0,6,0,1,1,1,1,8756,94921,0x00346dc5d639,140737488355327,-140737488355328,-42,525,525
4,193,3185,194,100500.000000,100000.000000,0x00346dc5d639,16,7,0x00346dc74cf2,95881,96400,66540,-1344,0,6,0,1,1,1,1,8756,95404,0x00346dc5d639,140737488355327,-140737488355328,-42,519,519
4,194,3201,195,100500.000000,100000.000000,0x00346dc5d639,16,7,0x00346dc74ec9,96353,96867,65872,-1340,0,6,0,1,1,1,1,8757,95881,0x00346dc5d639,140737488355327,-140737488355328,-42,514,514
4,195,3217,196,100500.000000,100000.000000,0x00346dc5d639,16,7,0x00346dc7509c,96820,97329,65196,-1344,0,6,0,1,1,1,1,8756,96353,0x00346dc5d639,140737488355327,-140737488355328,-42,509,509
4,196,3233,197,100500.000000,100000.000000,0x00346dc5d639,16,7,0x00346dc7526a,97281,97785,64524,-1348,0,6,0,1,1,1,1,8756,96820,0x00346dc5d639,140737488355327,-140737488355328,-43,504,504
4,197,3249,198,100500.000000,100000.000000,0x00346dc5d639,16,7,0x00346dc75432,97737,98235,63856,-1340,0,6,0,1,1,1,1,8756,97281,0x00346dc5d639,140737488355327,-140737488355328,-42,498,498
4,198,3265,199,100500.000000,100000.000000,0x00346dc5d639,16,7,0x00346dc755f4,98188,98681,63184,-1340,0,6,0,1,1,1,1,8756,97737,0x00346dc5d639,140737488355327,-140737488355328,-42,493,493
4,199,3281,200,100500.000000,100000.000000,0x00346dc5d639,16,7,0x00346dc757b2,98634,99122,62512,-1344,0,6,0,1,1,1,1,8756,98188,0x00346dc5d639,140737488355327,-140737488355328,-42,488,488
4,200,3297,201,100500.000000,100000.000000,0x00346dc5d639,16,7,0x00346dc7596b,99075,99558,61844,-1340,0,6,0,1,1,1,1,8756,98634,0x00346dc5d639,140737488355327,-140737488355328,-42,483,483
4,201,3313,202,100500.000000,100000.000000,0x00346dc5d639,16,7,0x00346dc75b1f,99510,99987,61172,-1340,0,6,0,1,1,1,1,8757,99075,0x00346dc5d639,140737488355327,-140737488355328,-42,477,477
4,202,3329,203,100500.000000,100000.000000,0x00346dc5d639,16,7,0x00346dc75ccc,99940,100412,60500,-1344,0,6,0,1,1,1,1,8756,99510,0x00346dc5d639,140737488355327,-140737488355328,-42,472,472
4,203,3345,204,100500.000000,100000.000000,0x00346dc5d639,16,7,0x00346dc75e75,100365,100832,59828,-1344,0,6,0,1,1,1,1,8756,99940,0x00346dc5d639,140737488355327,-140737488355328,-42,467,467
4,204,3361,205,100500.000000,100000.000000,0x00346dc5d639,16,7,0x00346dc76019,100785,101247,59156,-1344,0,6,0,1,1,1,1,8756,100365,0x00346dc5d639,140737488355327,-140737488355328,-42,462,462
4,205,3377,206,100500.000000,100000.000000,0x00346dc5d639,16,7,0x00346dc761b8,101199,101655,58488,-1340,0,6,0,1,1,1,1,8757,100785,0x00346dc5d639,140737488355327,-140737488355328,-42,456,456
4,206,3393,207,100500.000000,100000.000000,0x00346dc5d639,16,7,0x00346dc76350,101608,102059,57816,-1340,0,6,0,1,1,1,1,8756,101199,0x00346dc5d639,140737488355327,-140737488355328,-42,451,451
4,207,3409,208,100500.000000,100000.000000,0x00346dc5d639,16,7,0x00346dc764e4,102012,102458,57144,-1344,0,6,0,1,1,1,1,8757,101608,0x00346dc5d639,140737488355327,-140737488355328,-42,446,446
4,208,3425,209,100500.000000,100000.000000,0x00346dc5d639,16,7,0x00346dc76673,102411,102852,56476,-1340,0,6,0,1,1,1,1,8757,102012,0x00346dc5d639,140737488355327,-140737488355328,-42,441,441
4,209,3441,210,100500.000000,100000.000000,0x00346dc5d639,16,7,0x00346dc767fd,102804,103239,55804,-1340,0,6,0,1,1,1,1,8757,102411,0x00346dc5d639,140737488355327,-140737488355328,-42,435,435
4,210,3457,211,100500.000000,100000.000000,0x00346dc5d639,16,7,0x00346dc76980,103192,103622,55132,-1344,0,6,0,1,1,1,1,8757,102804,0x00346dc5d639,140737488355327,-140737488355328,-42,430,430
4,211,3473,212,100500.000000,100000.000000,0x00346dc5d639,16,7,0x00346dc76aff,103575,104000,54460,-1344,0,6,0,1,1,1,1,8757,103192,0x00346dc5d639,140737488355327,-140737488355328,-42,425,425
4,212,3489,213,100500.000000,100000.000000,0x00346dc5d639,16,7,0x00346dc76c79,103953,104373,53792,-1340,0,6,0,1,1,1,1,8758,103575,0x00346dc5d639,140737488355327,-140737488355328,-42,420,420
4,213,3505,214,100500.000000,100000.000000,0x00346dc5d639,16,7,0x00346dc76dee,104326,104741,53120,-1340,0,6,0,1,1,1,1,8758,103953,0x00346dc5d639,140737488355327,-140737488355328,-42,415,415
4,214,3521,215,100500.000000,100000.000000,0x00346dc5d639,16,7,0x00346dc76f5e,104693,105102,52448,-1344,0,6,0,1,1,1,1,8759,104326,0x00346dc5d639,140737488355327,-140737488355328,-42,409,409
4,215,3537,216,100500.000000,100000.000000,0x00346dc5d639,16,7,0x00346dc770c7,105055,105459,51776,-1344,0,6,0,1,1,1,1,8759,104693,0x00346dc5d639,140737488355327,-140737488355328,-42,404,404
4,216,3553,217,100500.000000,100000.000000,0x00346dc5d639,16,7,0x00346dc7722c,105412,105811,51108,-1340,0,6,0,1,1,1,1,8758,105055,0x00346dc5d639,140737488355327,-140737488355328,-42,399,399
4,217,3569,218,100500.000000,100000.000000,0x00346dc5d639,16,7,0x00346dc7738c,105764,106158,50436,-1340,0,6,0,1,1,1,1,8759,105412,0x00346dc5d639,140737488355327,-140737488355328,-42,394,394
4,218,3585,219,100500.000000,100000.000000,0x00346dc5d639,16,7,0x00346dc774e7,106110,106498,49764,-1344,0,6,0,1,1,1,1,8759,105764,0x00346dc5d639,140737488355327,-140737488355328,-42,388,388
4,219,3601,220,100500.000000,100000.000000,0x00346dc5d639,16,7,0x00346dc7763b,106451,106834,49092,-1344,0,6,0,1,1,1,1,8759,106110,0x00346dc5d639,140737488355327,-140737488355328,-42,383,383
4,220,3617,221,100500.000000,100000.000000,0x00346dc5d639,16,7,0x00346dc7778b,106787,107165,48420,-1344,0,6,0,1,1,1,1,8760,106451,0x00346dc5d639,140737488355327,-140737488355328,-42,378,378
4,221,3633,222,100500.000000,100000.000000,0x00346dc5d639,16,7,0x00346dc778d6,107118,107491,47752,-1340,0,6,0,1,1,1,1,8760,106787,0x00346dc5d639,140737488355327,-140737488355328,-42,373,373
4,222,3649,223,100500.000000,100000.000000,0x00346dc5d639,16,7,0x00346dc77a1c,107443,107810,47080,-1340,0,6,0,1,1,1,1,8760,107118,0x00346dc5d639,140737488355327,-140737488355328,-42,367,367
4,223,3665,224,100500.000000,100000.000000,0x00346dc5d639,16,7,0x00346dc77b5b,107763,108125,46408,-1344,0,6,0,1,1,1,1,8760,107443,0x00346dc5d639,140737488355327,-140737488355328,-42,362,362
4,224,3681,225,100500.000000,100000.000000,0x00346dc5d639,16,7,0x00346dc77c96,108078,108435,45736,-1344,0,6,0,1,1,1,1,8760,107763,0x00346dc5d639,140737488355327,-140737488355328,-42,357,357
4,225,3697,226,100500.000000,100000.000000,0x00346dc5d639,16,7,0x00346dc77dcc,108388,108740,45068,-1340,0,6,0,1,1,1,1,8760,108078,0x00346dc5d639,140737488355327,-140737488355328,-42,352,352
4,226,3713,227,100500.000000,100000.000000,0x00346dc5d639,16,7,0x00346dc77efd,108692,109038,44396,-1340,0,6,0,1,1,1,1,8760,108388,0x00346dc5d639,140737488355327,-140737488355328,-42,346,346
4,227,3729,228,100500.000000,100000.000000,0x00346dc5d639,16,7,0x00346dc78027,108991,109332,43724,-1344,0,6,0,1,1,1,1,8760,108692,0x00346dc5d639,140737488355327,-140737488355328,-42,341,341
4,228,3745,229,100500.000000,100000.000000,0x00346dc5d639,16,7,0x00346dc7814d,109285,109621,43052,-1344,0,6,0,1,1,1,1,8760,108991,0x00346dc5d639,140737488355327,-140737488355328,-42,336,336
4,229,3761,230,100500.000000,100000.000000,0x00346dc5d639,16,7,0x00346dc7826e,109574,109905,42380,-1344,0,6,0,1,1,1,1,8760,109285,0x00346dc5d639,140737488355327,-140737488355328,-42,331,331
4,230,3777,231,100500.000000,100000.000000,0x00346dc5d639,16,7,0x00346dc7838a,109857,110182,41712,-1340,0,6,0,1,1,1,1,8760,109574,0x00346dc5d639,140737488355327,-140737488355328,-42,325,325
4,231,3793,232,100500.000000,100000.000000,0x00346dc5d639,16,7,0x00346dc7849f,110135,110455,41040,-1340,0,6,0,1,1,1,1,8760,109857,0x00346dc5d639,140737488355327,-140737488355328,-42,320,320
4,232,3809,233,100500.000000,100000.000000,0x00346dc5d639,16,7,0x00346dc785b0,110408,110723,40368,-1344,0,6,0,1,1,1,1,8760,110135,0x00346dc5d639,140737488355327,-140737488355328,-42,315,315
4,233,3825,234,100500.000000,100000.000000,0x00346dc5d639,16,7,0x00346dc786bc,110676,110986,39700,-1340,0,6,0,1,1,1,1,8760,110408,0x00346dc5d639,140737488355327,-140737488355328,-42,310,310
4,234,3841,235,100500.000000,100000.000000,0x00346dc5d639,16,7,0x00346dc787c3,110938,111242,39028,-1340,0,6,0,1,1,1,1,8760,110676,0x00346dc5d639,140737488355327,-140737488355328,-42,304,304
4,235,3857,236,100500.000000,100000.000000,0x00346dc5d639,16,7,0x00346dc788c3,111195,111494,38356,-1344,0,6,0,1,1,1,1,8759,110938,0x00346dc5d639,140737488355327,-140737488355328,-42,299,299
4,236,3873,237,100500.000000,100000.000000,0x00346dc5d639,16,7,0x00346dc789bf,111447,111741,37688,-1340,0,6,0,1,1,1,1,8759,111195,0x00346dc5d639,140737488355327,-140737488355328,-42,294,294
4,237,3889,238,100500.000000,100000.000000,0x00346dc5d639,16,7,0x00346dc78ab6,111694,111983,37016,-1340,0,6,0,1,1,1,1,8759,111447,0x00346dc5d639,140737488355327,-140737488355328,-42,289,289
4,238,3905,239,100500.000000,100000.000000,0x00346dc5d639,16,7,0x00346dc78ba8,111935,112218,36344,-1344,0,6,0,1,1,1,1,8760,111694,0x00346dc5d639,140737488355327,-140737488355328,-42,283,283
4,239,3921,240,100500.000000,100000.000000,0x00346dc5d639,16,7,0x00346dc78c93,112171,112449,35676,-1340,0,6,0,1,1,1,1,8759,111935,0x00346dc5d639,140737488355327,-140737488355328,-42,278,278
4,240,3937,241,100500.000000,100000.000000,0x00346dc5d639,16,7,0x00346dc78d7a,112402,112675,35004,-1340,0,6,0,1,1,1,1,8759,112171,0x00346dc5d639,140737488355327,-140737488355328,-42,273,273
4,241,3953,242,100500.000000,100000.000000,0x00346dc5d639,16,7,0x00346dc78e5c,112628,112896,34332,-1344,0,6,0,1,1,1,1,8758,112402,0x00346dc5d639,140737488355327,-140737488355328,-42,268,268
4,242,3969,243,100500.000000,100000.000000,0x00346dc5d639,16,7,0x00346dc78f39,112849,113112,33664,-1340,0,6,0,1,1,1,1,8758,112628,0x00346dc5d639,140737488355327,-140737488355328,-42,263,263
4,243,3985,244,100500.000000,100000.000000,0x00346dc5d639,16,7,0x00346dc79011,113064,113321,32992,-1340,0,6,0,1,1,1,1,8759,112849,0x00346dc5d639,140737488355327,-140737488355328,-42,257,257
4,244,4001,245,100500.000000,100000.000000,0x00346dc5d639,16,7,0x00346dc790e2,115834,116598,97856,64192,0,6,0,1,1,1,1,8759,113064,0x00346dc5d639,140737488355327,-140737488355328,2006,764,764
4,245,4017,246,100500.000000,100000.000000,0x00346dc5d639,16,7,0x00346dc79daf,118599,119358,97184,64192,0,6,0,1,1,1,1,8758,115834,0x00346dc5d639,140737488355327,-140737488355328,2006,759,759
4,246,4033,247,100500.000000,100000.000000,0x00346dc5d639,16,7,0x00346dc7a877,119311,120065,96512,-1344,0,6,0,1,1,1,1,8759,118599,0x00346dc5d639,140737488355327,-140737488355328,-42,754,754
4,247,4049,248,100500.000000,100000.000000,0x00346dc5d639,16,7,0x00346dc7ab3a,120017,120765,95844,-1340,0,6,0,1,1,1,1,8758,119311,0x00346dc5d639,140737488355327,-140737488355328,-42,748,748
4,248,4065,249,100500.000000,100000.000000,0x00346dc5d639,16,7,0x00346dc7adf6,120718,121461,95172,-1340,0,6,0,1,1,1,1,8759,120017,0x00346dc5d639,140737488355327,-140737488355328,-42,743,743
4,249,4081,250,100500.000000,100000.000000,0x00346dc5d639,16,7,0x00346dc7b0ae,121414,122152,94500,-1344,0,6,0,1,1,1,1,8759,120718,0x00346dc5d639,140737488355327,-140737488355328,-42,738,738
4,250,4097,251,100500.000000,100000.000000,0x00346dc5d639,16,7,0x00346dc7b361,122105,122838,93828,-1344,0,6,0,1,1,1,1,8759,121414,0x00346dc5d639,140737488355327,-140737488355328,-42,733,733
4,251,4113,252,100500.000000,100000.000000,0x00346dc5d639,16,7,0x00346dc7b60f,122790,123517,93160,-1340,0,6,0,1,1,1,1,8757,122105,0x00346dc5d639,140737488355327,-140737488355328,-42,727,727
4,252,4129,253,100500.000000,100000.000000,0x00346dc5d639,16,7,0x00346dc7b8b6,123470,124192,92488,-1340,0,6,0,1,1,1,1,8759,122790,0x00346dc5d639,140737488355327,-140737488355328,-42,722,722
4,253,4145,254,100500.000000,100000.000000,0x00346dc5d639,16,7,0x00346dc7bb59,124145,124862,91816,-1344,0,6,0,1,1,1,1,8758,123470,0x00346dc5d639,140737488355327,-140737488355328,-42,717,717
4,254,4161,255,100500.000000,100000.000000,0x00346dc5d639,16,7,0x00346dc7bdf7,124815,125527,91144,-1344,0,6,0,1,1,1,1,8758,124145,0x00346dc5d639,140737488355327,-140737488355328,-42,712,712
4,255,4177,256,100500.000000,100000.000000,0x00346dc5d639,16,7,0x00346dc7c090,125479,126185,90476,-1340,0,6,0,1,1,1,1,8758,124815,0x00346dc5d639,140737488355327,-140737488355328,-42,706,706
4,256,4193,257,100500.000000,100000.000000,0x00346dc5d639,16,7,0x00346dc7c322,126138,126839,89804,-1340,0,6,0,1,1,1,1,8757,125479,0x00346dc5d639,140737488355327,-140737488355328,-42,701,701
4,257,4209,258,100500.000000,100000.000000,0x00346dc5d639,16,7,0x00346dc7c5b0,126792,127488,89132,-1344,0,6,0,1,1,1,1,8758,126138,0x00346dc5d639,140737488355327,-140737488355328,-42,696,696
4,258,4225,259,100500.000000,100000.000000,0x00346dc5d639,16,7,0x00346dc7c839,127441,128132,88460,-1344,0,6,0,1,1,1,1,8758,126792,0x00346dc5d639,140737488355327,-140737488355328,-42,691,691
4,259,4241,260,100500.000000,100000.000000,0x00346dc5d639,16,7,0x00346dc7cabd,128084,128769,87788,-1344,0,6,0,1,1,1,1,8757,127441,0x00346dc5d639,140737488355327,-140737488355328,-42,685,685
4,260,4257,261,100500.000000,100000.000000,0x00346dc5d639,16,7,0x00346dc7cd3a,128722,129402,87116,-1344,0,6,0,1,1,1,1,8757,128084,0x00346dc5d639,140737488355327,-140737488355328,-42,680,680
4,261,4273,262,100500.000000,100000.000000,0x00346dc5d639,16,7,0x00346dc7cfb3,129355,130030,86448,-1340,0,6,0,1,1,1,1,8757,128722,0x00346dc5d639,140737488355327,-140737488355328,-42,675,675
4,262,4289,263,100500.000000,100000.000000,0x00346dc5d639,16,7,0x00346dc7d227,129983,130653,85776,-1340,0,6,0,1,1,1,1,8757,129355,0x00346dc5d639,140737488355327,-140737488355328,-42,670,670
4,263,4305,264,100500.000000,100000.000000,0x00346dc5d639,16,7,0x00346dc7d496,130605,131269,85104,-1344,0,6,0,1,1,1,1,8756,129983,0x00346dc5d639,140737488355327,-140737488355328,-42,664,664
4,264,4321,265,100500.000000,100000.000000,0x00346dc5d639,16,7,0x00346dc7d6fe,131222,131881,84432,-1344,0,6,0,1,1,1,1,8756,130605,0x00346dc5d639,140737488355327,-140737488355328,-42,659,659
4,265,4337,266,100500.000000,100000.000000,0x00346dc5d639,16,7,0x00346dc7d962,131834,132488,83760,-1344,0,6,0,1,1,1,1,8757,131222,0x00346dc5d639,140737488355327,-140737488355328,-42,654,654
4,266,4353,267,100500.000000,100000.000000,0x00346dc5d639,16,7,0x00346dc7dbc1,132441,133090,83092,-1340,0,6,0,1,1,1,1,8756,131834,0x00346dc5d639,140737488355327,-140737488355328,-42,649,649
4,267,4369,268,100500.000000,100000.000000,0x00346dc5d639,16,7,0x00346dc7de1b,133042,133685,82420,-1340,0,6,0,1,1,1,1,8756,132441,0x00346dc5d639,140737488355327,-140737488355328,-42,643,643
4,268,4385,269,100500.000000,100000.000000,0x00346dc5d639,16,7,0x00346dc7e06e,133638,134276,81748,-1344,0,6,0,1,1,1,1,8755,133042,0x00346dc5d639,140737488355327,-140737488355328,-42,638,638
4,269,4401,270,100500.000000,100000.000000,0x00346dc5d639,16,7,0x00346dc7e2bd,134229,134862,81076,-1344,0,6,0,1,1,1,1,8755,133638,0x00346dc5d639,140737488355327,-140737488355328,-42,633,633
4,270,4417,271,100500.000000,100000.000000,0x00346dc5d639,16,7,0x00346dc7e507,134815,135443,80404,-1344,0,6,0,1,1,1,1,8755,134229,0x00346dc5d639,140737488355327,-140737488355328,-42,628,628
4,271,4433,272,100500.000000,100000.000000,0x00346dc5d639,16,7,0x00346dc7e74c,135395,136017,79736,-1340,0,6,0,1,1,1,1,8755,134815,0x00346dc5d639,140737488355327,-140737488355328,-42,622,622
4,272,4449,273,100500.000000,100000.000000,0x00346dc5d639,16,7,0x00346dc7e98a,135970,136587,79064,-1340,0,6,0,1,1,1,1,8755,135395,0x00346dc5d639,140737488355327,-140737488355328,-42,617,617
4,273,4465,274,100500.000000,100000.000000,0x00346dc5d639,16,7,0x00346dc7ebc4,136540,137152,78392,-1344,0,6,0,1,1,1,1,8754,135970,0x00346dc5d639,140737488355327,-140737488355328,-42,612,612
4,274,4481,275,100500.000000,100000.000000,0x00346dc5d639,16,7,0x00346dc7edf9,137105,137712,77720,-1344,0,6,0,1,1,1,1,8755,136540,0x00346dc5d639,140737488355327,-140737488355328,-42,607,607
4,275,4497,276,100500.000000,100000.000000,0x00346dc5d639,16,7,0x00346dc7f029,137664,138265,77052,-1340,0,6,0,1,1,1,1,8754,137105,0x00346dc5d639,140737488355327,-140737488355328,-42,601,601
4,276,4513,277,100500.000000,100000.000000,0x00346dc5d639,16,7,0x00346dc7f252,138218,138814,76380,-1340,0,6,0,1,1,1,1,8754,137664,0x00346dc5d639,140737488355327,-140737488355328,-42,596,596
4,277,4529,278,100500.000000,100000.000000,0x00346dc5d639,16,7,0x00346dc7f477,138767,139358,75708,-1344,0,6,0,1,1,1,1,8754,138218,0x00346dc5d639,140737488355327,-140737488355328,-42,591,591
4,278,4545,279,100500.000000,100000.000000,0x00346dc5d639,16,7,0x00346dc7f697,139311,139897,75036,-1344,0,6,0,1,1,1,1,8754,138767,0x00346dc5d639,140737488355327,-140737488355328,-42,586,586
4,279,4561,280,100500.000000,100000.000000,0x00346dc5d639,16,7,0x00346dc7f8b2,139849,140429,74364,-1344,0,6,0,1,1,1,1,8754,139311,0x00346dc5d639,140737488355327,-140737488355328,-42,580,580
4,280,4577,281,100500.000000,100000.000000,0x00346dc5d639,16,7,0x00346dc7fac6,140382,140957,73692,-1344,0,6,0,1,1,1,1,8755,139849,0x00346dc5d639,140737488355327,-140737488355328,-42,575,575
4,281,4593,282,100500.000000,100000.000000,0x00346dc5d639,16,7,0x00346dc7fcd6,140910,141480,73020,-1344,0,6,0,1,1,1,1,8756,140382,0x00346dc5d639,140737488355327,-140737488355328,-42,570,570
4,282,4609,283,100500.000000,100000.000000,0x00346dc5d639,16,7,0x00346dc7fee1,141433,141998,72352,-1340,0,6,0,1,1,1,1,8755,140910,0x00346dc5d639,140737488355327,-140737488355328,-42,565,565
4,283,4625,284,100500.000000,100000.000000,0x00346dc5d639,16,7,0x00346dc800e7,141951,142511,71680,-1340,0,6,0,1,1,1,1,8756,141433,0x00346dc5d639,140737488355327,-140737488355328,-42,560,560
4,284,4641,285,100500.000000,100000.000000,0x00346dc5d639,16,7,0x00346dc802e8,142463,143017,71008,-1344,0,6,0,1,1,1,1,8755,141951,0x00346dc5d639,140737488355327,-140737488355328,-42,554,554
4,285,4657,286,100500.000000,100000.000000,0x00346dc5d639,16,7,0x00346dc804e2,142970,143519,70336,-1344,0,6,0,1,1,1,1,8755,142463,0x00346dc5d639,140737488355327,-140737488355328,-42,549,549
4,286,4673,287,100500.000000,100000.000000,0x00346dc5d639,16,7,0x00346dc806d8,143472,144016,69668,-1340,0,6,0,1,1,1,1,8755,142970,0x00346dc5d639,140737488355327,-140737488355328,-42,544,544
4,287,4689,288,100500.000000,100000.000000,0x00346dc5d639,16,7,0x00346dc808c9,143969,144508,68996,-1340,0,6,0,1,1,1,1,8755,143472,0x00346dc5d639,140737488355327,-140737488355328,-42,539,539
4,288,4705,289,100500.000000,100000.000000,0x00346dc5d639,16,7,0x00346dc80ab5,144460,144993,68324,-1344,0,6,0,1,1,1,1,8756,143969,0x00346dc5d639,140737488355327,-140737488355328,-42,533,533
4,289,4721,290,100500.000000,100000.000000,0x00346dc5d639,16,7,0x00346dc80c9a,144946,145474,67652,-1344,0,6,0,1,1,1,1,8756,144460,0x00346dc5d639,140737488355327,-140737488355328,-42,528,528
4,290,4737,291,100500.000000,100000.000000,0x00346dc5d639,16,7,0x00346dc80e7b,145427,145950,66980,-1344,0,6,0,1,1,1,1,8756,144946,0x00346dc5d639,140737488355327,-140737488355328,-42,523,523
4,291,4753,292,100500.000000,100000.000000,0x00346dc5d639,16,7,0x00346dc81057,145903,146421,66308,-1344,0,6,0,1,1,1,1,8756,145427,0x00346dc5d639,140737488355327,-140737488355328,-42,518,518
4,292,4769,293,100500.000000,100000.000000,0x00346dc5d639,16,7,0x00346dc8122e,146373,146885,65640,-1340,0,6,0,1,1,1,1,8756,145903,0x00346dc5d639,140737488355327,-140737488355328,-42,512,512
4,293,4785,294,100500.000000,100000.000000,0x00346dc5d639,16,7,0x00346dc813fe,146838,147345,64968,-1340,0,6,0,1,1,1,1,8757,146373,0x00346dc5d639,140737488355327,-140737488355328,-42,507,507
4,294,4801,295,100500.000000,100000.000000,0x00346dc5d639,16,7,0x00346dc815ca,147298,147800,64296,-1344,0,6,0,1,1,1,1,8757,146838,0x00346dc5d639,140737488355327,-140737488355328,-42,502,502
4,295,4817,296,100500.000000,100000.000000,0x00346dc5d639,16,7,0x00346dc81791,147753,148250,63624,-1344,0,6,0,1,1,1,1,8757,147298,0x00346dc5d639,140737488355327,-140737488355328,-42,497,497
4,296,4833,297,100500.000000,100000.000000,0x00346dc5d639,16,7,0x00346dc81953,148202,148693,62952,-1344,0,6,0,1,1,1,1,8756,147753,0x00346dc5d639,140737488355327,-140737488355328,-42,491,491
4,297,4849,298,100500.000000,100000.000000,0x00346dc5d639,16,7,0x00346dc81b0e,148646,149132,62280,-1344,0,6,0,1,1,1,1,8757,148202,0x00346dc5d639,140737488355327,-140737488355328,-42,486,486
4,298,4865,299,100500.000000,100000.000000,0x00346dc5d639,16,7,0x00346dc81cc5,149085,149566,61608,-1344,0,6,0,1,1,1,1,8756,148646,0x00346dc5d639,140737488355327,-140737488355328,-42,481,481
4,299,4881,300,100500.000000,100000.000000,0x00346dc5d639,16,7,0x00346dc81e77,149519,149995,60936,-1344,0,6,0,1,1,1,1,8757,149085,0x00346dc5d639,140737488355327,-140737488355328,-42,476,476
4,300,4897,301,100500.000000,100000.000000,0x00346dc5d639,16,7,0x00346dc82024,149947,150417,60268,-1340,0,6,0,1,1,1,1,8757,149519,0x00346dc5d639,140737488355327,-140737488355328,-42,470,470
4,301,4913,302,100500.000000,100000.000000,0x00346dc5d639,16,7,0x00346dc821ca,150370,150835,59596,-1340,0,6,0,1,1,1,1,8756,149947,0x00346dc5d639,140737488355327,-140737488355328,-42,465,465
4,302,4929,303,100500.000000,100000.000000,0x00346dc5d639,16,7,0x00346dc8236c,150788,151248,58924,-1344,0,6,0,1,1,1,1,8758,150370,0x00346dc5d639,140737488355327,-140737488355328,-42,460,460
4,303,4945,304,100500.000000,100000.000000,0x00346dc5d639,16,7,0x00346dc82509,151201,151656,58256,-1340,0,6,0,1,1,1,1,8757,150788,0x00346dc5d639,140737488355327,-140737488355328,-42,455,455
4,304,4961,305,100500.000000,100000.000000,0x00346dc5d639,16,7,0x00346dc826a1,151608,152057,57584,-1340,0,6,0,1,1,1,1,8757,151201,0x00346dc5d639,140737488355327,-140737488355328,-42,449,449
4,305,4977,306,100500.000000,100000.000000,0x00346dc5d639,16,7,0x00346dc82832,152010,152454,56912,-1344,0,6,0,1,1,1,1,8757,151608,0x00346dc5d639,140737488355327,-140737488355328,-42,444,444
4,306,4993,307,100500.000000,100000.000000,0x00346dc5d639,16,7,0x00346dc829bf,152407,152846,56240,-1344,0,6,0,1,1,1,1,8758,152010,0x00346dc5d639,140737488355327,-140737488355328,-42,439,439
4,307,5009,308,100500.000000,100000.000000,0x00346dc5d639,16,7,0x00346dc82b47,152799,153233,55572,-1340,0,6,0,1,1,1,1,8757,152407,0x00346dc5d639,140737488355327,-140737488355328,-42,434,434
4,308,5025,309,100500.000000,100000.000000,0x00346dc5d639,16,7,0x00346dc82cca,153185,153613,54900,-1340,0,6,0,1,1,1,1,8758,152799,0x00346dc5d639,140737488355327,-140737488355328,-42,428,428
4,309,5041,310,100500.000000,100000.000000,0x00346dc5d639,16,7,0x00346dc82e46,153566,153989,54228,-1344,0,6,0,1,1,1,1,8758,153185,0x00346dc5d639,140737488355327,-140737488355328,-42,423,423
4,310,5057,311,100500.000000,100000.000000,0x00346dc5d639,16,7,0x00346dc82fbe,153942,154360,53556,-1344,0,6,0,1,1,1,1,8758,153566,0x00346dc5d639,140737488355327,-140737488355328,-42,418,418
4,311,5073,312,100500.000000,100000.000000,0x00346dc5d639,16,7,0x00346dc83131,154313,154726,52888,-1340,0,6,0,1,1,1,1,8758,153942,0x00346dc5d639,140737488355327,-140737488355328,-42,413,413
4,312,5089,313,100500.000000,100000.000000,0x00346dc5d639,16,7,0x00346dc8329f,154678,155085,52216,-1340,0,6,0,1,1,1,1,8758,154313,0x00346dc5d639,140737488355327,-140737488355328,-42,407,407
4,313,5105,314,100500.000000,100000.000000,0x00346dc5d639,16,7,0x00346dc83406,155038,155440,51544,-1344,0,6,0,1,1,1,1,8758,154678,0x00346dc5d639,140737488355327,-140737488355328,-42,402,402
4,314,5121,315,100500.000000,100000.000000,0x00346dc5d639,16,7,0x00346dc83569,155393,155790,50872,-1344,0,6,0,1,1,1,1,8758,155038,0x00346dc5d639,140737488355327,-140737488355328,-42,397,397
4,315,5137,316,100500.000000,100000.000000,0x00346dc5d639,16,7,0x00346dc836c7,155743,156135,50204,-1340,0,6,0,1,1,1,1,8758,155393,0x00346dc5d639,140737488355327,-140737488355328,-42,392,392
4,316,5153,317,100500.000000,100000.000000,0x00346dc5d639,16,7,0x00346dc83820,156087,156473,49532,-1340,0,6,0,1,1,1,1,8759,155743,0x00346dc5d639,140737488355327,-140737488355328,-42,386,386
4,317,5169,318,100500.000000,100000.000000,0x00346dc5d639,16,7,0x00346dc83972,156426,156807,48860,-1344,0,6,0,1,1,1,1,8759,156087,0x00346dc5d639,140737488355327,-140737488355328,-42,381,381
4,318,5185,319,100500.000000,100000.000000,0x00346dc5d639,16,7,0x00346dc83ac0,156760,157136,48188,-1344,0,6,0,1,1,1,1,8759,156426,0x00346dc5d639,140737488355327,-140737488355328,-42,376,376
4,319,5201,320,100500.000000,100000.000000,0x00346dc5d639,16,7,0x00346dc83c09,157089,157460,47516,-1344,0,6,0,1,1,1,1,8760,156760,0x00346dc5d639,140737488355327,-140737488355328,-42,371,371
4,320,5217,321,100500.000000,100000.000000,0x00346dc5d639,16,7,0x00346dc83d4d,157413,157779,46848,-1340,0,6,0,1,1,1,1,8760,157089,0x00346dc5d639,140737488355327,-140737488355328,-42,366,366
4,321,5233,322,100500.000000,100000.000000,0x00346dc5d639,16,7,0x00346dc83e8c,157731,158091,46176,-1340,0,6,0,1,1,1,1,8760,157413,0x00346dc5d639,140737488355327,-140737488355328,-42,360,360
4,322,5249,323,100500.000000,100000.000000,0x00346dc5d639,16,7,0x00346dc83fc4,158044,158399,45504,-1344,0,6,0,1,1,1,1,8760,157731,0x00346dc5d639,140737488355327,-140737488355328,-42,355,355
4,323,5265,324,100500.000000,100000.000000,0x00346dc5d639,16,7,0x00346dc840f8,158352,158702,44836,-1340,0,6,0,1,1,1,1,8761,158044,0x00346dc5d639,140737488355327,-140737488355328,-42,350,350
4,324,5281,325,100500.000000,100000.000000,0x00346dc5d639,16,7,0x00346dc84227,158655,159000,44164,-1340,0,6,0,1,1,1,1,8760,158352,0x00346dc5d639,140737488355327,-140737488355328,-42,345,345
4,325,5297,326,100500.000000,100000.000000,0x00346dc5d639,16,7,0x00346dc84351,158952,159291,43492,-1344,0,6,0,1,1,1,1,8760,158655,0x00346dc5d639,140737488355327,-140737488355328,-42,339,339
4,326,5313,327,100500.000000,100000.000000,0x00346dc5d639,16,7,0x00346dc84474,159244,159578,42820,-1344,0,6,0,1,1,1,1,8760,158952,0x00346dc5d639,140737488355327,-140737488355328,-42,334,334
4,327,5329,328,100500.000000,100000.000000,0x00346dc5d639,16,7,0x00346dc84593,159531,159860,42152,-1340,0,6,0,1,1,1,1,8761,159244,0x00346dc5d639,140737488355327,-140737488355328,-42,329,329
4,328,5345,329,100500.000000,100000.000000,0x00346dc5d639,16,7,0x00346dc846ad,159813,160137,41480,-1340,0,6,0,1,1,1,1,8761,159531,0x00346dc5d639,140737488355327,-140737488355328,-42,324,324
4,329,5361,330,100500.000000,100000.000000,0x00346dc5d639,16,7,0x00346dc847c2,160089,160407,40808,-1344,0,6,0,1,1,1,1,8760,159813,0x00346dc5d639,140737488355327,-140737488355328,-42,318,318
4,330,5377,331,100500.000000,100000.000000,0x00346dc5d639,16,7,0x00346dc848d0,160360,160673,40136,-1344,0,6,0,1,1,1,1,8760,160089,0x00346dc5d639,140737488355327,-140737488355328,-42,313,313
4,331,5393,332,100500.000000,100000.000000,0x00346dc5d639,16,7,0x00346dc849da,160626,160934,39468,-1340,0,6,0,1,1,1,1,8760,160360,0x00346dc5d639,140737488355327,-140737488355328,-42,308,308
4,332,5409,333,100500.000000,100000.000000,0x00346dc5d639,16,7,0x00346dc84adf,160887,161190,38796,-1340,0,6,0,1,1,1,1,8759,160626,0x00346dc5d639,140737488355327,-140737488355328,-42,303,303
4,333,5425,334,100500.000000,100000.000000,0x00346dc5d639,16,7,0x00346dc84bdf,161142,161439,38124,-1344,0,6,0,1,1,1,1,8760,160887,0x00346dc5d639,140737488355327,-140737488355328,-42,297,297
4,334,5441,335,100500.000000,100000.000000,0x00346dc5d639,16,7,0x00346dc84cd8,161392,161684,37456,-1340,0,6,0,1,1,1,1,8759,161142,0x00346dc5d639,140737488355327,-140737488355328,-42,292,292
4,335,5457,336,100500.000000,100000.000000,0x00346dc5d639,16,7,0x00346dc84dcd,161637,161924,36784,-1340,0,6,0,1,1,1,1,8760,161392,0x00346dc5d639,140737488355327,-140737488355328,-42,287,287
4,336,5473,337,100500.000000,100000.000000,0x00346dc5d639,16,7,0x00346dc84ebd,161877,162159,36112,-1344,0,6,0,1,1,1,1,8760,161637,0x00346dc5d639,140737488355327,-140737488355328,-42,282,282
4,337,5489,338,100500.000000,100000.000000,0x00346dc5d639,16,7,0x00346dc84fa8,162111,162387,35440,-1344,0,6,0,1,1,1,1,8760,161877,0x00346dc5d639,140737488355327,-140737488355328,-42,276,276
4,338,5505,339,100500.000000,100000.000000,0x00346dc5d639,16,7,0x00346dc8508c,162340,162611,34768,-1344,0,6,0,1,1,1,1,8759,162111,0x00346dc5d639,140737488355327,-140737488355328,-42,271,271
4,339,5521,340,100500.000000,100000.000000,0x00346dc5d639,16,7,0x00346dc8516c,162564,162830,34100,-1340,0,6,0,1,1,1,1,8759,162340,0x00346dc5d639,140737488355327,-140737488355328,-42,266,266
4,340,5537,341,100500.000000,100000.000000,0x00346dc5d639,16,7,0x00346dc85247,162783,163044,33428,-1340,0,6,0,1,1,1,1,8759,162564,0x00346dc5d639,140737488355327,-140737488355328,-42,261,261
4,341,5553,342,100500.000000,100000.000000,0x00346dc5d639,16,7,0x00346dc8531d,165556,166323,98292,64192,0,6,0,1,1,1,1,8759,162783,0x00346dc5d639,140737488355327,-140737488355328,2006,767,767
4,342,5569,343,100500.000000,100000.000000,0x00346dc5d639,16,7,0x00346dc85fec,168324,169086,97620,64192,0,6,0,1,1,1,1,8758,165556,0x00346dc5d639,140737488355327,-140737488355328,2006,762,762
4,343,5585,344,100500.000000,100000.000000,0x00346dc5d639,16,7,0x00346dc86ab7,169039,169796,96952,-1340,0,6,0,1,1,1,1,8759,168324,0x00346dc5d639,140737488355327,-140737488355328,-42,757,757
4,344,5601,345,100500.000000,100000.000000,0x00346dc5d639,16,7,0x00346dc86d7d,169749,170501,96280,-1340,0,6,0,1,1,1,1,8758,169039,0x00346dc5d639,140737488355327,-140737488355328,-42,752,752
4,345,5617,346,100500.000000,100000.000000,0x00346dc5d639,16,7,0x00346dc8703e,170453,171199,95608,-1344,0,6,0,1,1,1,1,8759,169749,0x00346dc5d639,140737488355327,-140737488355328,-42,746,746
4,346,5633,347,100500.000000,100000.000000,0x00346dc5d639,16,7,0x00346dc872f8,171152,171893,94940,-1340,0,6,0,1,1,1,1,8758,170453,0x00346dc5d639,140737488355327,-140737488355328,-42,741,741
4,347,5649,348,100500.000000,100000.000000,0x00346dc5d639,16,7,0x00346dc875ae,171846,172582,94268,-1340,0,6,0,1,1,1,1,8758,171152,0x00346dc5d639,140737488355327,-140737488355328,-42,736,736
4,348,5665,349,100500.000000,100000.000000,0x00346dc5d639,16,7,0x00346dc8785f,172535,173266,93596,-1344,0,6,0,1,1,1,1,8758,171846,0x00346dc5d639,140737488355327,-140737488355328,-42,731,731
4,349,5681,350,100500.000000,100000.000000,0x00346dc5d639,16,7,0x00346dc87b0b,173218,173943,92924,-1344,0,6,0,1,1,1,1,8758,172535,0x00346dc5d639,140737488355327,-140737488355328,-42,725,725
4,350,5697,351,100500.000000,100000.000000,0x00346dc5d639,16,7,0x00346dc87db0,173896,174616,92256,-1340,0,6,0,1,1,1,1,8758,173218,0x00346dc5d639,140737488355327,-140737488355328,-42,720,720
4,351,5713,352,100500.000000,100000.000000,0x00346dc5d639,16,7,0x00346dc88051,174569,175284,91584,-1340,0,6,0,1,1,1,1,8758,173896,0x00346dc5d639,140737488355327,-140737488355328,-42,715,715
4,352,5729,353,100500.000000,100000.000000,0x00346dc5d639,16,7,0x00346dc882ed,175237,175947,90912,-1344,0,6,0,1,1,1,1,8758,174569,0x00346dc5d639,140737488355327,-140737488355328,-42,710,710
4,353,5745,354,100500.000000,100000.000000,0x00346dc5d639,16,7,0x00346dc88584,175900,176605,90240,-1344,0,6,0,1,1,1,1,8757,175237,0x00346dc5d639,140737488355327,-140737488355328,-42,705,705
4,354,5761,355,100500.000000,100000.000000,0x00346dc5d639,16,7,0x00346dc88816,176557,177256,89572,-1340,0,6,0,1,1,1,1,8758,175900,0x00346dc5d639,140737488355327,-140737488355328,-42,699,699
4,355,5777,356,100500.000000,100000.000000,0x00346dc5d639,16,7,0x00346dc88aa1,177209,177903,88900,-1340,0,6,0,1,1,1,1,8757,176557,0x00346dc5d639,140737488355327,-140737488355328,-42,694,694
4,356,5793,357,100500.000000,100000.000000,0x00346dc5d639,16,7,0x00346dc88d28,177856,178545,88228,-1344,0,6,0,1,1,1,1,8758,177209,0x00346dc5d639,140737488355327,-140737488355328,-42,689,689
4,357,5809,358,100500.000000,100000.000000,0x00346dc5d639,16,7,0x00346dc88faa,178498,179182,87556,-1344,0,6,0,1,1,1,1,8757,177856,0x00346dc5d639,140737488355327,-140737488355328,-42,684,684
4,358,5825,359,100500.000000,100000.000000,0x00346dc5d639,16,7,0x00346dc89227,179134,179812,86888,-1340,0,6,0,1,1,1,1,8757,178498,0x00346dc5d639,140737488355327,-140737488355328,-42,678,678
4,359,5841,360,100500.000000,100000.000000,0x00346dc5d639,16,7,0x00346dc8949d,179765,180438,86216,-1340,0,6,0,1,1,1,1,8757,179134,0x00346dc5d639,140737488355327,-140737488355328,-42,673,673
4,360,5857,361,100500.000000,100000.000000,0x00346dc5d639,16,7,0x00346dc8970f,180391,181059,85544,-1344,0,6,0,1,1,1,1,8757,179765,0x00346dc5d639,140737488355327,-140737488355328,-42,668,668
4,361,5873,362,100500.000000,100000.000000,0x00346dc5d639,16,7,0x00346dc8997c,181012,181675,84872,-1344,0,6,0,1,1,1,1,8757,180391,0x00346dc5d639,140737488355327,-140737488355328,-42,663,663
4,362,5889,363,100500.000000,100000.000000,0x00346dc5d639,16,7,0x00346dc89be4,181627,182284,84200,-1344,0,6,0,1,1,1,1,8756,181012,0x00346dc5d639,140737488355327,-140737488355328,-42,657,657
4,363,5905,364,100500.000000,100000.000000,0x00346dc5d639,16,7,0x00346dc89e45,182237,182889,83528,-1344,0,6,0,1,1,1,1,8756,181627,0x00346dc5d639,140737488355327,-140737488355328,-42,652,652
4,364,5921,365,100500.000000,100000.000000,0x00346dc5d639,16,7,0x00346dc8a0a2,182842,183489,82860,-1340,0,6,0,1,1,1,1,8756,182237,0x00346dc5d639,140737488355327,-140737488355328,-42,647,647
4,365,5937,366,100500.000000,100000.000000,0x00346dc5d639,16,7,0x00346dc8a2fa,183442,184084,82188,-1340,0,6,0,1,1,1,1,8756,182842,0x00346dc5d639,140737488355327,-140737488355328,-42,642,642
4,366,5953,367,100500.000000,100000.000000,0x00346dc5d639,16,7,0x00346dc8a54d,184035,184671,81512,-1348,0,6,0,1,1,1,1,8756,183442,0x00346dc5d639,140737488355327,-140737488355328,-43,636,636
4,367,5969,368,100500.000000,100000.000000,0x00346dc5d639,16,7,0x00346dc8a798,184624,185255,80844,-1344,0,6,0,1,1,1,1,8755,184035,0x00346dc5d639,140737488355327,-140737488355328,-42,631,631
4,368,5985,369,100500.000000,100000.000000,0x00346dc5d639,16,7,0x00346dc8a9e0,185208,185834,80172,-1340,0,6,0,1,1,1,1,8756,184624,0x00346dc5d639,140737488355327,-140737488355328,-42,626,626
4,369,6001,370,100500.000000,100000.000000,0x00346dc5d639,16,7,0x00346dc8ac23,185787,186408,79500,-1344,0,6,0,1,1,1,1,8756,185208,0x00346dc5d639,140737488355327,-140737488355328,-42,621,621
4,370,6017,371,100500.000000,100000.000000,0x00346dc5d639,16,7,0x00346dc8ae61,186360,186975,78828,-1344,0,6,0,1,1,1,1,8755,185787,0x00346dc5d639,140737488355327,-140737488355328,-42,615,615
4,371,6033,372,100500.000000,100000.000000,0x00346dc5d639,16,7,0x00346dc8b098,186928,187538,78160,-1340,0,6,0,1,1,1,1,8755,186360,0x00346dc5d639,140737488355327,-140737488355328,-42,610,610
4,372,6049,373,100500.000000,100000.000000,0x00346dc5d639,16,7,0x00346dc8b2cb,187491,188096,77488,-1340,0,6,0,1,1,1,1,8755,186928,0x00346dc5d639,140737488355327,-140737488355328,-42,605,605
4,373,6065,374,100500.000000,100000.000000,0x00346dc5d639,16,7,0x00346dc8b4f9,188049,188649,76816,-1344,0,6,0,1,1,1,1,8754,187491,0x00346dc5d639,140737488355327,-140737488355328,-42,600,600
4,374,6081,375,100500.000000,100000.000000,0x00346dc5d639,16,7,0x00346dc8b722,188601,189195,76144,-1344,0,6,0,1,1,1,1,8754,188049,0x00346dc5d639,140737488355327,-140737488355328,-42,594,594
4,375,6097,376,100500.000000,100000.000000,0x00346dc5d639,16,7,0x00346dc8b944,189148,189737,75472,-1344,0,6,0,1,1,1,1,8754,188601,0x00346dc5d639,140737488355327,-140737488355328,-42,589,589
4,376,6113,377,100500.000000,100000.000000,0x00346dc5d639,16,7,0x00346dc8bb62,189690,190274,74800,-1344,0,6,0,1,1,1,1,8755,189148,0x00346dc5d639,140737488355327,-140737488355328,-42,584,584
4,377,6129,378,100500.000000,100000.000000,0x00346dc5d639,16,7,0x00346dc8bd7b,190227,190806,74132,-1340,0,6,0,1,1,1,1,8754,189690,0x00346dc5d639,140737488355327,-140737488355328,-42,579,579
4,378,6145,379,100500.000000,100000.000000,0x00346dc5d639,16,7,0x00346dc8bf8f,190758,191331,73460,-1340,0,6,0,1,1,1,1,8755,190227,0x00346dc5d639,140737488355327,-140737488355328,-42,573,573
4,379,6161,380,100500.000000,100000.000000,0x00346dc5d639,16,7,0x00346dc8c19c,191284,191852,72788,-1344,0,6,0,1,1,1,1,8755,190758,0x00346dc5d639,140737488355327,-140737488355328,-42,568,568
4,380,6177,381,100500.000000,100000.000000,0x00346dc5d639,16,7,0x00346dc8c3a5,191805,192368,72116,-1344,0,6,0,1,1,1,1,8754,191284,0x00346dc5d639,140737488355327,-140737488355328,-42,563,563
4,381,6193,382,100500.000000,100000.000000,0x00346dc5d639,16,7,0x00346dc8c5a9,192321,192879,71448,-1340,0,6,0,1,1,1,1,8754,191805,0x00346dc5d639,140737488355327,-140737488355328,-42,558,558
4,382,6209,383,100500.000000,100000.000000,0x00346dc5d639,16,7,0x00346dc8c7a8,192831,193383,70776,-1340,0,6,0,1,1,1,1,8755,192321,0x00346dc5d639,140737488355327,-140737488355328,-42,552,552
4,383,6225,384,100500.000000,100000.000000,0x00346dc5d639,16,7,0x00346dc8c9a0,193336,193883,70104,-1344,0,6,0,1,1,1,1,8754,192831,0x00346dc5d639,140737488355327,-140737488355328,-42,547,547
4,384,6241,385,100500.000000,100000.000000,0x00346dc5d639,16,7,0x00346dc8cb94,193836,194378,69432,-1344,0,6,0,1,1,1,1,8755,193336,0x00346dc5d639,140737488355327,-140737488355328,-42,542,542
4,385,6257,386,100500.000000,100000.000000,0x00346dc5d639,16,7,0x00346dc8cd83,194331,194868,68760,-1344,0,6,0,1,1,1,1,8755,193836,0x00346dc5d639,140737488355327,-140737488355328,-42,537,537
4,386,6273,387,100500.000000,100000.000000,0x00346dc5d639,16,7,0x00346dc8cf6d,194820,195351,68092,-1340,0,6,0,1,1,1,1,8756,194331,0x00346dc5d639,140737488355327,-140737488355328,-42,531,531
4,387,6289,388,100500.000000,100000.000000,0x00346dc5d639,16,7,0x00346dc8d150,195304,195830,67420,-1340,0,6,0,1,1,1,1,8756,194820,0x00346dc5d639,140737488355327,-140737488355328,-42,526,526
4,388,6305,389,100500.000000,100000.000000,0x00346dc5d639,16,7,0x00346dc8d32f,195783,196304,66748,-1344,0,6,0,1,1,1,1,8755,195304,0x00346dc5d639,140737488355327,-140737488355328,-42,521,521
4,389,6321,390,100500.000000,100000.000000,0x00346dc5d639,16,7,0x00346dc8d509,196257,196773,66076,-1344,0,6,0,1,1,1,1,8756,195783,0x00346dc5d639,140737488355327,-140737488355328,-42,516,516
4,390,6337,391,100500.000000,100000.000000,0x00346dc5d639,16,7,0x00346dc8d6de,196725,197235,65404,-1344,0,6,0,1,1,1,1,8756,196257,0x00346dc5d639,140737488355327,-140737488355328,-42,510,510
4,391,6353,392,100500.000000,100000.000000,0x00346dc5d639,16,7,0x00346dc8d8ac,197188,197693,64732,-1344,0,6,0,1,1,1,1,8756,196725,0x00346dc5d639,140737488355327,-140737488355328,-42,505,505
4,392,6369,393,100500.000000,100000.000000,0x00346dc5d639,16,7,0x00346dc8da76,197646,198146,64060,-1344,0,6,0,1,1,1,1,8757,197188,0x00346dc5d639,140737488355327,-140737488355328,-42,500,500
4,393,6385,394,100500.000000,100000.000000,0x00346dc5d639,16,7,0x00346dc8dc3b,198099,198594,63388,-1344,0,6,0,1,1,1,1,8756,197646,0x00346dc5d639,140737488355327,-140737488355328,-42,495,495
4,394,6401,395,100500.000000,100000.000000,0x00346dc5d639,16,7,0x00346dc8ddfb,198547,199037,62720,-1340,0,6,0,1,1,1,1,8756,198099,0x00346dc5d639,140737488355327,-140737488355328,-42,490,490
4,395,6417,396,100500.000000,100000.000000,0x00346dc5d639,16,7,0x00346dc8dfb6,198989,199473,62048,-1340,0,6,0,1,1,1,1,8757,198547,0x00346dc5d639,140737488355327,-140737488355328,-42,484,484
4,396,6433,397,100500.000000,100000.000000,0x00346dc5d639,16,7,0x00346dc8e16a,199426,199905,61376,-1344,0,6,0,1,1,1,1,8757,198989,0x00346dc5d639,140737488355327,-140737488355328,-42,479,479
4,397,6449,398,100500.000000,100000.000000,0x00346dc5d639,16,7,0x00346dc8e31a,199858,200332,60704,-1344,0,6,0,1,1,1,1,8757,199426,0x00346dc5d639,140737488355327,-140737488355328,-42,474,474
4,398,6465,399,100500.000000,100000.000000,0x00346dc5d639,16,7,0x00346dc8e4c5,200285,200754,60036,-1340,0,6,0,1,1,1,1,8757,199858,0x00346dc5d639,140737488355327,-140737488355328,-42,469,469
4,399,6481,400,100500.000000,100000.000000,0x00346dc5d639,16,7,0x00346dc8e66b,200706,201169,59364,-1340,0,6,0,1,1,1,1,8758,200285,0x00346dc5d639,140737488355327,-140737488355328,-42,463,463
4,400,6497,401,100500.000000,100000.000000,0x00346dc5d639,16,7,0x00346dc8e80a,201122,201580,58692,-1344,0,6,0,1,1,1,1,8758,200706,0x00346dc5d639,140737488355327,-140737488355328,-42,458,458
4,401,6513,402,100500.000000,100000.000000,0x00346dc5d639,16,7,0x00346dc8e9a5,201533,201986,58020,-1344,0,6,0,1,1,1,1,8758,201122,0x00346dc5d639,140737488355327,-140737488355328,-42,453,453
4,402,6529,403,100500.000000,100000.000000,0x00346dc5d639,16,7,0x00346dc8eb3b,201939,202387,57352,-1340,0,6,0,1,1,1,1,8758,201533,0x00346dc5d639,140737488355327,-140737488355328,-42,448,448
4,403,6545,404,100500.000000,100000.000000,0x00346dc5d639,16,7,0x00346dc8eccc,202339,202781,56676,-1344,0,6,0,1,1,1,1,8757,201939,0x00346dc5d639,140737488355327,-140737488355328,-42,442,442
4,404,6561,405,100500.000000,100000.000000,0x00346dc5d639,16,7,0x00346dc8ee56,202734,203171,56008,-1344,0,6,0,1,1,1,1,8758,202339,0x00346dc5d639,140737488355327,-140737488355328,-42,437,437
4,405,6577,406,100500.000000,100000.000000,0x00346dc5d639,16,7,0x00346dc8efdc,203124,203556,55336,-1340,0,6,0,1,1,1,1,8757,202734,0x00346dc5d639,140737488355327,-140737488355328,-42,432,432
4,406,6593,407,100500.000000,100000.000000,0x00346dc5d639,16,7,0x00346dc8f15d,203509,203936,54664,-1344,0,6,0,1,1,1,1,8758,203124,0x00346dc5d639,140737488355327,-140737488355328,-42,427,427
4,407,6609,408,100500.000000,100000.000000,0x00346dc5d639,16,7,0x00346dc8f2d9,203888,204309,53996,-1340,0,6,0,1,1,1,1,8758,203509,0x00346dc5d639,140737488355327,-140737488355328,-42,421,421
4,408,6625,409,100500.000000,100000.000000,0x00346dc5d639,16,7,0x00346dc8f44e,204262,204678,53324,-1340,0,6,0,1,1,1,1,8759,203888,0x00346dc5d639,140737488355327,-140737488355328,-42,416,416
4,409,6641,410,100500.000000,100000.000000,0x00346dc5d639,16,7,0x00346dc8f5bf,204631,205042,52652,-1344,0,6,0,1,1,1,1,8758,204262,0x00346dc5d639,140737488355327,-140737488355328,-42,411,411
4,410,6657,411,100500.000000,100000.000000,0x00346dc5d639,16,7,0x00346dc8f72b,204995,205401,51984,-1340,0,6,0,1,1,1,1,8758,204631,0x00346dc5d639,140737488355327,-140737488355328,-42,406,406
4,411,6673,412,100500.000000,100000.000000,0x00346dc5d639,16,7,0x00346dc8f892,205353,205753,51312,-1340,0,6,0,1,1,1,1,8758,204995,0x00346dc5d639,140737488355327,-140737488355328,-42,400,400
4,412,6689,413,100500.000000,100000.000000,0x00346dc5d639,16,7,0x00346dc8f9f2,205706,206101,50640,-1344,0,6,0,1,1,1,1,8758,205353,0x00346dc5d639,140737488355327,-140737488355328,-42,395,395
4,413,6705,414,100500.000000,100000.000000,0x00346dc5d639,16,7,0x00346dc8fb4e,206054,206444,49972,-1340,0,6,0,1,1,1,1,8759,205706,0x00346dc5d639,140737488355327,-140737488355328,-42,390,390
4,414,6721,415,100500.000000,100000.000000,0x00346dc5d639,16,7,0x00346dc8fca5,206397,206782,49296,-1344,0,6,0,1,1,1,1,8759,206054,0x00346dc5d639,140737488355327,-140737488355328,-42,385,385
4,415,6737,416,100500.000000,100000.000000,0x00346dc5d639,16,7,0x00346dc8fdf7,206734,207113,48628,-1344,0,6,0,1,1,1,1,8758,206397,0x00346dc5d639,140737488355327,-140737488355328,-42,379,379
4,416,6753,417,100500.000000,100000.000000,0x00346dc5d639,16,7,0x00346dc8ff42,207066,207440,47956,-1340,0,6,0,1,1,1,1,8758,206734,0x00346dc5d639,140737488355327,-140737488355328,-42,374,374
4,417,6769,418,100500.000000,100000.000000,0x00346dc5d639,16,7,0x00346dc90089,207393,207762,47284,-1344,0,6,0,1,1,1,1,8760,207066,0x00346dc5d639,140737488355327,-140737488355328,-42,369,369
4,418,6785,419,100500.000000,100000.000000,0x00346dc5d639,16,7,0x00346dc901cb,207715,208079,46612,-1344,0,6,0,1,1,1,1,8759,207393,0x00346dc5d639,140737488355327,-140737488355328,-42,364,364
4,419,6801,420,100500.000000,100000.000000,0x00346dc5d639,16,7,0x00346dc90308,208031,208389,45944,-1340,0,6,0,1,1,1,1,8759,207715,0x00346dc5d639,140737488355327,-140737488355328,-42,358,358
4,420,6817,421,100500.000000,100000.000000,0x00346dc5d639,16,7,0x00346dc9043e,208342,208695,45272,-1340,0,6,0,1,1,1,1,8760,208031,0x00346dc5d639,140737488355327,-140737488355328,-42,353,353
4,421,6833,422,100500.000000,100000.000000,0x00346dc5d639,16,7,0x00346dc90570,208648,208996,44600,-1344,0,6,0,1,1,1,1,8760,208342,0x00346dc5d639,140737488355327,-140737488355328,-42,348,348
4,422,6849,423,100500.000000,100000.000000,0x00346dc5d639,16,7,0x00346dc9069d,208949,209292,43928,-1344,0,6,0,1,1,1,1,8759,208648,0x00346dc5d639,140737488355327,-140737488355328,-42,343,343
4,423,6865,424,100500.000000,100000.000000,0x00346dc5d639,16,7,0x00346dc907c5,209244,209581,43260,-1340,0,6,0,1,1,1,1,8760,208949,0x00346dc5d639,140737488355327,-140737488355328,-42,337,337
4,424,6881,425,100500.000000,100000.000000,0x00346dc5d639,16,7,0x00346dc908e6,209534,209866,42588,-1340,0,6,0,1,1,1,1,8760,209244,0x00346dc5d639,140737488355327,-140737488355328,-42,332,332
4,425,6897,426,100500.000000,100000.000000,0x00346dc5d639,16,7,0x00346dc90a03,209819,210146,41916,-1344,0,6,0,1,1,1,1,8761,209534,0x00346dc5d639,140737488355327,-140737488355328,-42,327,327
4,426,6913,427,100500.000000,100000.000000,0x00346dc5d639,16,7,0x00346dc90b1b,210099,210421,41248,-1340,0,6,0,1,1,1,1,8760,209819,0x00346dc5d639,140737488355327,-140737488355328,-42,322,322
4,427,6929,428,100500.000000,100000.000000,0x00346dc5d639,16,7,0x00346dc90c2e,210374,210691,40576,-1340,0,6,0,1,1,1,1,8760,210099,0x00346dc5d639,140737488355327,-140737488355328,-42,317,317
4,428,6945,429,100500.000000,100000.000000,0x00346dc5d639,16,7,0x00346dc90d3c,210643,210954,39904,-1344,0,6,0,1,1,1,1,8760,210374,0x00346dc5d639,140737488355327,-140737488355328,-42,311,311
4,429,6961,430,100500.000000,100000.000000,0x00346dc5d639,16,7,0x00346dc90e43,210907,211213,39232,-1344,0,6,0,1,1,1,1,8761,210643,0x00346dc5d639,140737488355327,-140737488355328,-42,306,306
4,430,6977,431,100500.000000,100000.000000,0x00346dc5d639,16,7,0x00346dc90f46,211166,211467,38564,-1340,0,6,0,1,1,1,1,8761,210907,0x00346dc5d639,140737488355327,-140737488355328,-42,301,301
4,431,6993,432,100500.000000,100000.000000,0x00346dc5d639,16,7,0x00346dc91044,211420,211716,37892,-1340,0,6,0,1,1,1,1,8761,211166,0x00346dc5d639,140737488355327,-140737488355328,-42,296,296
4,432,7009,433,100500.000000,100000.000000,0x00346dc5d639,16,7,0x00346dc9113d,211668,211958,37220,-1344,0,6,0,1,1,1,1,8760,211420,0x00346dc5d639,140737488355327,-140737488355328,-42,290,290
4,433,7025,434,100500.000000,100000.000000,0x00346dc5d639,16,7,0x00346dc9122f,211911,212196,36548,-1344,0,6,0,1,1,1,1,8760,211668,0x00346dc5d639,140737488355327,-140737488355328,-42,285,285
4,434,7041,435,100500.000000,100000.000000,0x00346dc5d639,16,7,0x00346dc9131d,212149,212429,35880,-1340,0,6,0,1,1,1,1,8759,211911,0x00346dc5d639,140737488355327,-140737488355328,-42,280,280
4,435,7057,436,100500.000000,100000.000000,0x00346dc5d639,16,7,0x00346dc91406,212382,212657,35208,-1340,0,6,0,1,1,1,1,8760,212149,0x00346dc5d639,140737488355327,-140737488355328,-42,275,275
4,436,7073,437,100500.000000,100000.000000,0x00346dc5d639,16,7,0x00346dc914ea,212609,212878,34536,-1344,0,6,0,1,1,1,1,8760,212382,0x00346dc5d639,140737488355327,-140737488355328,-42,269,269
4,437,7089,438,100500.000000,100000.000000,0x00346dc5d639,16,7,0x00346dc915c7,212831,213095,33864,-1344,0,6,0,1,1,1,1,8760,212609,0x00346dc5d639,140737488355327,-140737488355328,-42,264,264
4,438,7105,439,100500.000000,100000.000000,0x00346dc5d639,16,7,0x00346dc916a0,213048,213307,33196,-1340,0,6,0,1,1,1,1,8759,212831,0x00346dc5d639,140737488355327,-140737488355328,-42,259,259
4,439,7121,440,100500.000000,100000.000000,0x00346dc5d639,16,7,0x00346dc91774,215820,216586,98060,64196,0,6,0,1,1,1,1,8759,213048,0x00346dc5d639,140737488355327,-140737488355328,2006,766,766
4,440,7137,441,100500.000000,100000.000000,0x00346dc5d639,16,7,0x00346dc92443,218586,219346,97388,64192,0,6,0,1,1,1,1,8759,215820,0x00346dc5d639,140737488355327,-140737488355328,2006,760,760
4,441,7153,442,100500.000000,100000.000000,0x00346dc5d639,16,7,0x00346dc92f0b,219299,220054,96716,-1344,0,6,0,1,1,1,1,8759,218586,0x00346dc5d639,140737488355327,-140737488355328,-42,755,755
4,442,7169,443,100500.000000,100000.000000,0x00346dc5d639,16,7,0x00346dc931cf,220007,220757,96044,-1344,0,6,0,1,1,1,1,8759,219299,0x00346dc5d639,140737488355327,-140737488355328,-42,750,750
4,443,7185,444,100500.000000,100000.000000,0x00346dc5d639,16,7,0x00346dc9348e,220710,221455,95376,-1340,0,6,0,1,1,1,1,8758,220007,0x00346dc5d639,140737488355327,-140737488355328,-42,745,745
4,444,7201,445,100500.000000,100000.000000,0x00346dc5d639,16,7,0x00346dc93748,221407,222146,94704,-1340,0,6,0,1,1,1,1,8758,220710,0x00346dc5d639,140737488355327,-140737488355328,-42,739,739
4,445,7217,446,100500.000000,100000.000000,0x00346dc5d639,16,7,0x00346dc939fb,222099,222833,94036,-1340,0,6,0,1,1,1,1,8757,221407,0x00346dc5d639,140737488355327,-140737488355328,-42,734,734
4,446,7233,447,100500.000000,100000.000000,0x00346dc5d639,16,7,0x00346dc93caa,222786,223515,93360,-1344,0,6,0,1,1,1,1,8758,222099,0x00346dc5d639,140737488355327,-140737488355328,-42,729,729
4,447,7249,448,100500.000000,100000.000000,0x00346dc5d639,16,7,0x00346dc93f54,223468,224192,92692,-1344,0,6,0,1,1,1,1,8758,222786,0x00346dc5d639,140737488355327,-140737488355328,-42,724,724
4,448,7265,449,100500.000000,100000.000000,0x00346dc5d639,16,7,0x00346dc941f9,224144,224862,92020,-1340,0,6,0,1,1,1,1,8758,223468,0x00346dc5d639,140737488355327,-140737488355328,-42,718,718
4,449,7281,450,100500.000000,100000.000000,0x00346dc5d639,16,7,0x00346dc94497,224815,225528,91348,-1344,0,6,0,1,1,1,1,8757,224144,0x00346dc5d639,140737488355327,-140737488355328,-42,713,713
4,450,7297,451,100500.000000,100000.000000,0x00346dc5d639,16,7,0x00346dc94731,225481,226189,90680,-1340,0,6,0,1,1,1,1,8757,224815,0x00346dc5d639,140737488355327,-140737488355328,-42,708,708
4,451,7313,452,100500.000000,100000.000000,0x00346dc5d639,16,7,0x00346dc949c6,226142,226845,90008,-1340,0,6,0,1,1,1,1,8757,225481,0x00346dc5d639,140737488355327,-140737488355328,-42,703,703
4,452,7329,453,100500.000000,100000.000000,0x00346dc5d639,16,7,0x00346dc94c56,226797,227494,89336,-1344,0,6,0,1,1,1,1,8757,226142,0x00346dc5d639,140737488355327,-140737488355328,-42,697,697
4,453,7345,454,100500.000000,100000.000000,0x00346dc5d639,16,7,0x00346dc94edf,227447,228139,88664,-1344,0,6,0,1,1,1,1,8757,226797,0x00346dc5d639,140737488355327,-140737488355328,-42,692,692
4,454,7361,455,100500.000000,100000.000000,0x00346dc5d639,16,7,0x00346dc95164,228092,228779,87992,-1344,0,6,0,1,1,1,1,8757,227447,0x00346dc5d639,140737488355327,-140737488355328,-42,687,687
4,455,7377,456,100500.000000,100000.000000,0x00346dc5d639,16,7,0x00346dc953e4,228732,229414,87324,-1340,0,6,0,1,1,1,1,8757,228092,0x00346dc5d639,140737488355327,-140737488355328,-42,682,682
4,456,7393,457,100500.000000,100000.000000,0x00346dc5d639,16,7,0x00346dc9565f,229366,230042,86652,-1340,0,6,0,1,1,1,1,8756,228732,0x00346dc5d639,140737488355327,-140737488355328,-42,676,676
4,457,7409,458,100500.000000,100000.000000,0x00346dc5d639,16,7,0x00346dc958d3,229995,230666,85980,-1344,0,6,0,1,1,1,1,8756,229366,0x00346dc5d639,140737488355327,-140737488355328,-42,671,671
4,458,7425,459,100500.000000,100000.000000,0x00346dc5d639,16,7,0x00346dc95b43,230619,231285,85308,-1344,0,6,0,1,1,1,1,8757,229995,0x00346dc5d639,140737488355327,-140737488355328,-42,666,666
4,459,7441,460,100500.000000,100000.000000,0x00346dc5d639,16,7,0x00346dc95dae,231238,231899,84640,-1340,0,6,0,1,1,1,1,8757,230619,0x00346dc5d639,140737488355327,-140737488355328,-42,661,661
4,460,7457,461,100500.000000,100000.000000,0x00346dc5d639,16,7,0x00346dc96014,231852,232508,83968,-1340,0,6,0,1,1,1,1,8756,231238,0x00346dc5d639,140737488355327,-140737488355328,-42,656,656
4,461,7473,462,100500.000000,100000.000000,0x00346dc5d639,16,7,0x00346dc96275,232460,233110,83296,-1344,0,6,0,1,1,1,1,8756,231852,0x00346dc5d639,140737488355327,-140737488355328,-42,650,650
4,462,7489,463,100500.000000,100000.000000,0x00346dc5d639,16,7,0x00346dc964cf,233063,233708,82624,-1344,0,6,0,1,1,1,1,8756,232460,0x00346dc5d639,140737488355327,-140737488355328,-42,645,645
4,463,7505,464,100500.000000,100000.000000,0x00346dc5d639,16,7,0x00346dc96725,233661,234301,81952,-1344,0,6,0,1,1,1,1,8756,233063,0x00346dc5d639,140737488355327,-140737488355328,-42,640,640
4,464,7521,465,100500.000000,100000.000000,0x00346dc5d639,16,7,0x00346dc96976,234254,234889,81280,-1344,0,6,0,1,1,1,1,8756,233661,0x00346dc5d639,140737488355327,-140737488355328,-42,635,635
4,465,7537,466,100500.000000,100000.000000,0x00346dc5d639,16,7,0x00346dc96bc2,234841,235470,80612,-1340,0,6,0,1,1,1,1,8756,234254,0x00346dc5d639,140737488355327,-140737488355328,-42,629,629
4,466,7553,467,100500.000000,100000.000000,0x00346dc5d639,16,7,0x00346dc96e07,235423,236047,79940,-1340,0,6,0,1,1,1,1,8756,234841,0x00346dc5d639,140737488355327,-140737488355328,-42,624,624
4,467,7569,468,100500.000000,100000.000000,0x00346dc5d639,16,7,0x00346dc97048,236000,236619,79268,-1344,0,6,0,1,1,1,1,8755,235423,0x00346dc5d639,140737488355327,-140737488355328,-42,619,619
4,468,7585,469,100500.000000,100000.000000,0x00346dc5d639,16,7,0x00346dc97284,236572,237186,78596,-1344,0,6,0,1,1,1,1,8756,236000,0x00346dc5d639,140737488355327,-140737488355328,-42,614,614
4,469,7601,470,100500.000000,100000.000000,0x00346dc5d639,16,7,0x00346dc974bb,237138,237746,77924,-1344,0,6,0,1,1,1,1,8755,236572,0x00346dc5d639,140737488355327,-140737488355328,-42,608,608
4,470,7617,471,100500.000000,100000.000000,0x00346dc5d639,16,7,0x00346dc976eb,237699,238302,77252,-1344,0,6,0,1,1,1,1,8755,237138,0x00346dc5d639,140737488355327,-140737488355328,-42,603,603
4,471,7633,472,100500.000000,100000.000000,0x00346dc5d639,16,7,0x00346dc97917,238255,238853,76580,-1344,0,6,0,1,1,1,1,8755,237699,0x00346dc5d639,140737488355327,-140737488355328,-42,598,598
4,472,7649,473,100500.000000,100000.000000,0x00346dc5d639,16,7,0x00346dc97b3e,238806,239399,75912,-1340,0,6,0,1,1,1,1,8755,238255,0x00346dc5d639,140737488355327,-140737488355328,-42,593,593
4,473,7665,474,100500.000000,100000.000000,0x00346dc5d639,16,7,0x00346dc97d60,239351,239938,75240,-1340,0,6,0,1,1,1,1,8755,238806,0x00346dc5d639,140737488355327,-140737488355328,-42,587,587
4,474,7681,475,100500.000000,100000.000000,0x00346dc5d639,16,7,0x00346dc97f7b,239891,240473,74568,-1344,0,6,0,1,1,1,1,8755,239351,0x00346dc5d639,140737488355327,-140737488355328,-42,582,582
4,475,7697,476,100500.000000,100000.000000,0x00346dc5d639,16,7,0x00346dc98192,240426,241003,73896,-1344,0,6,0,1,1,1,1,8756,239891,0x00346dc5d639,140737488355327,-140737488355328,-42,577,577
4,476,7713,477,100500.000000,100000.000000,0x00346dc5d639,16,7,0x00346dc983a4,240956,241528,73224,-1344,0,6,0,1,1,1,1,8754,240426,0x00346dc5d639,140737488355327,-140737488355328,-42,572,572
4,477,7729,478,100500.000000,100000.000000,0x00346dc5d639,16,7,0x00346dc985b1,241480,242046,72556,-1340,0,6,0,1,1,1,1,8754,240956,0x00346dc5d639,140737488355327,-140737488355328,-42,566,566
4,478,7745,479,100500.000000,100000.000000,0x00346dc5d639,16,7,0x00346dc987b7,241999,242560,71884,-1340,0,6,0,1,1,1,1,8754,241480,0x00346dc5d639,140737488355327,-140737488355328,-42,561,561
4,479,7761,480,100500.000000,100000.000000,0x00346dc5d639,16,7,0x00346dc989b9,242513,243069,71212,-1344,0,6,0,1,1,1,1,8754,241999,0x00346dc5d639,140737488355327,-140737488355328,-42,556,556
4,480,7777,481,100500.000000,100000.000000,0x00346dc5d639,16,7,0x00346dc98bb6,243022,243573,70540,-1344,0,6,0,1,1,1,1,8754,242513,0x00346dc5d639,140737488355327,-140737488355328,-42,551,551
4,481,7793,482,100500.000000,100000.000000,0x00346dc5d639,16,7,0x00346dc98dae,243525,244070,69868,-1344,0,6,0,1,1,1,1,8755,243022,0x00346dc5d639,140737488355327,-140737488355328,-42,545,545
4,482,7809,483,100500.000000,100000.000000,0x00346dc5d639,16,7,0x00346dc98f9f,244023,244563,69200,-1340,0,6,0,1,1,1,1,8754,243525,0x00346dc5d639,140737488355327,-140737488355328,-42,540,540
4,483,7825,484,100500.000000,100000.000000,0x00346dc5d639,16,7,0x00346dc9918c,244516,245051,68528,-1340,0,6,0,1,1,1,1,8755,244023,0x00346dc5d639,140737488355327,-140737488355328,-42,535,535
4,484,7841,485,100500.000000,100000.000000,0x00346dc5d639,16,7,0x00346dc99374,245004,245534,67856,-1344,0,6,0,1,1,1,1,8755,244516,0x00346dc5d639,140737488355327,-140737488355328,-42,530,530
4,485,7857,486,100500.000000,100000.000000,0x00346dc5d639,16,7,0x00346dc99557,245486,246010,67184,-1344,0,6,0,1,1,1,1,8755,245004,0x00346dc5d639,140737488355327,-140737488355328,-42,524,524
4,486,7873,487,100500.000000,100000.000000,0x00346dc5d639,16,7,0x00346dc99733,245963,246482,66516,-1340,0,6,0,1,1,1,1,8755,245486,0x00346dc5d639,140737488355327,-140737488355328,-42,519,519
4,487,7889,488,100500.000000,100000.000000,0x00346dc5d639,16,7,0x00346dc9990b,246435,246949,65844,-1340,0,6,0,1,1,1,1,8756,245963,0x00346dc5d639,140737488355327,-140737488355328,-42,514,514
4,488,7905,489,100500.000000,100000.000000,0x00346dc5d639,16,7,0x00346dc99ade,246901,247410,65168,-1348,0,6,0,1,1,1,1,8755,246435,0x00346dc5d639,140737488355327,-140737488355328,-43,509,509
4,489,7921,490,100500.000000,100000.000000,0x00346dc5d639,16,7,0x00346dc99cab,247362,247865,64500,-1344,0,6,0,1,1,1,1,8756,246901,0x00346dc5d639,140737488355327,-140737488355328,-42,503,503
4,490,7937,491,100500.000000,100000.000000,0x00346dc5d639,16,7,0x00346dc99e72,247818,248316,63828,-1340,0,6,0,1,1,1,1,8756,247362,0x00346dc5d639,140737488355327,-140737488355328,-42,498,498
4,491,7953,492,100500.000000,100000.000000,0x00346dc5d639,16,7,0x00346dc9a035,248269,248762,63156,-1344,0,6,0,1,1,1,1,8756,247818,0x00346dc5d639,140737488355327,-140737488355328,-42,493,493
4,492,7969,493,100500.000000,100000.000000,0x00346dc5d639,16,7,0x00346dc9a1f3,248715,249203,62484,-1344,0,6,0,1,1,1,1,8756,248269,0x00346dc5d639,140737488355327,-140737488355328,-42,488,488
4,493,7985,494,100500.000000,100000.000000,0x00346dc5d639,16,7,0x00346dc9a3ac,249155,249637,61812,-1344,0,6,0,1,1,1,1,8756,248715,0x00346dc5d639,140737488355327,-140737488355328,-42,482,482
4,494,8001,495,100500.000000,100000.000000,0x00346dc5d639,16,7,0x00346dc9a55e,249590,250067,61144,-1340,0,6,0,1,1,1,1,8757,249155,0x00346dc5d639,140737488355327,-140737488355328,-42,477,477
4,495,8017,496,100500.000000,100000.000000,0x00346dc5d639,16,7,0x00346dc9a70c,250020,250492,60472,-1340,0,6,0,1,1,1,1,8757,249590,0x00346dc5d639,140737488355327,-140737488355328,-42,472,472
4,496,8033,497,100500.000000,100000.000000,0x00346dc5d639,16,7,0x00346dc9a8b5,250445,250912,59800,-1344,0,6,0,1,1,1,1,8757,250020,0x00346dc5d639,140737488355327,-140737488355328,-42,467,467
4,497,8049,498,100500.000000,100000.000000,0x00346dc5d639,16,7,0x00346dc9aa59,250864,251325,59128,-1344,0,6,0,1,1,1,1,8757,250445,0x00346dc5d639,140737488355327,-140737488355328,-42,461,461
4,498,8065,499,100500.000000,100000.000000,0x00346dc5d639,16,7,0x00346dc9abf6,251278,251734,58456,-1344,0,6,0,1,1,1,1,8758,250864,0x00346dc5d639,140737488355327,-140737488355328,-42,456,456
4,499,8081,500,100500.000000,100000.000000,0x00346dc5d639,16,7,0x00346dc9ad8f,251687,252138,57788,-1340,0,6,0,1,1,1,1,8758,251278,0x00346dc5d639,140737488355327,-140737488355328,-42,451,451
4,500,8097,501,100500.000000,100000.000000,0x00346dc5d639,16,7,0x00346dc9af23,252091,252537,57116,-1340,0,6,0,1,1,1,1,8758,251687,0x00346dc5d639,140737488355327,-140737488355328,-42,446,446
4,501,8113,502,100500.000000,100000.000000,0x00346dc5d639,16,7,0x00346dc9b0b2,252489,252929,56444,-1344,0,6,0,1,1,1,1,8759,252091,0x00346dc5d639,140737488355327,-140737488355328,-42,440,440
4,502,8129,503,100500.000000,100000.000000,0x00346dc5d639,16,7,0x00346dc9b23a,252882,253317,55776,-1340,0,6,0,1,1,1,1,8759,252489,0x00346dc5d639,140737488355327,-140737488355328,-42,435,435
4,503,8145,504,100500.000000,100000.000000,0x00346dc5d639,16,7,0x00346dc9b3be,253270,253700,55104,-1340,0,6,0,1,1,1,1,8758,252882,0x00346dc5d639,140737488355327,-140737488355328,-42,430,430
4,504,8161,505,100500.000000,100000.000000,0x00346dc5d639,16,7,0x00346dc9b53d,253653,254078,54432,-1344,0,6,0,1,1,1,1,8758,253270,0x00346dc5d639,140737488355327,-140737488355328,-42,425,425
4,505,8177,506,100500.000000,100000.000000,0x00346dc5d639,16,7,0x00346dc9b6b7,254031,254451,53760,-1344,0,6,0,1,1,1,1,8758,253653,0x00346dc5d639,140737488355327,-140737488355328,-42,420,420
4,506,8193,507,100500.000000,100000.000000,0x00346dc5d639,16,7,0x00346dc9b82c,254403,254817,53088,-1344,0,6,0,1,1,1,1,8758,254031,0x00346dc5d639,140737488355327,-140737488355328,-42,414,414
4,507,8209,508,100500.000000,100000.000000,0x00346dc5d639,16,7,0x00346dc9b99a,254770,255179,52416,-1344,0,6,0,1,1,1,1,8759,254403,0x00346dc5d639,140737488355327,-140737488355328,-42,409,409
4,508,8225,509,100500.000000,100000.000000,0x00346dc5d639,16,7,0x00346dc9bb04,255132,255536,51748,-1340,0,6,0,1,1,1,1,8758,254770,0x00346dc5d639,140737488355327,-140737488355328,-42,404,404
4,509,8241,510,100500.000000,100000.000000,0x00346dc5d639,16,7,0x00346dc9bc69,255489,255888,51076,-1340,0,6,0,1,1,1,1,8759,255132,0x00346dc5d639,140737488355327,-140737488355328,-42,399,399
4,510,8257,511,100500.000000,100000.000000,0x00346dc5d639,16,7,0x00346dc9bdc9,255840,256233,50404,-1344,0,6,0,1,1,1,1,8759,255489,0x00346dc5d639,140737488355327,-140737488355328,-42,393,393
4,511,8273,512,100500.000000,100000.000000,0x00346dc5d639,16,7,0x00346dc9bf22,256186,256574,49736,-1340,0,6,0,1,1,1,1,8759,255840,0x00346dc5d639,140737488355327,-140737488355328,-42,388,388
4,512,8289,513,100500.000000,100000.000000,0x00346dc5d639,16,7,0x00346dc9c077,256527,256910,49060,-1344,0,6,0,1,1,1,1,8759,256186,0x00346dc5d639,140737488355327,-140737488355328,-42,383,383
4,513,8305,514,100500.000000,100000.000000,0x00346dc5d639,16,7,0x00346dc9c1c7,256863,257241,48392,-1344,0,6,0,1,1,1,1,8759,256527,0x00346dc5d639,140737488355327,-140737488355328,-42,378,378
4,514,8321,515,100500.000000,100000.000000,0x00346dc5d639,16,7,0x00346dc9c312,257193,257565,47720,-1340,0,6,0,1,1,1,1,8759,256863,0x00346dc5d639,140737488355327,-140737488355328,-42,372,372
4,515,8337,516,100500.000000,100000.000000,0x00346dc5d639,16,7,0x00346dc9c456,257518,257885,47048,-1344,0,6,0,1,1,1,1,8760,257193,0x00346dc5d639,140737488355327,-140737488355328,-42,367,367
4,516,8353,517,100500.000000,100000.000000,0x00346dc5d639,16,7,0x00346dc9c596,257838,258200,46380,-1340,0,6,0,1,1,1,1,8759,257518,0x00346dc5d639,140737488355327,-140737488355328,-42,362,362
4,517,8369,518,100500.000000,100000.000000,0x00346dc5d639,16,7,0x00346dc9c6d1,258153,258510,45708,-1340,0,6,0,1,1,1,1,8760,257838,0x00346dc5d639,140737488355327,-140737488355328,-42,357,357
4,518,8385,519,100500.000000,100000.000000,0x00346dc5d639,16,7,0x00346dc9c807,258462,258813,45040,-1340,0,6,0,1,1,1,1,8760,258153,0x00346dc5d639,140737488355327,-140737488355328,-42,351,351
4,519,8401,520,100500.000000,100000.000000,0x00346dc5d639,16,7,0x00346dc9c936,258766,259112,44368,-1340,0,6,0,1,1,1,1,8759,258462,0x00346dc5d639,140737488355327,-140737488355328,-42,346,346
4,520,8417,521,100500.000000,100000.000000,0x00346dc5d639,16,7,0x00346dc9ca61,259065,259406,43696,-1344,0,6,0,1,1,1,1,8760,258766,0x00346dc5d639,140737488355327,-140737488355328,-42,341,341
4,521,8433,522,100500.000000,100000.000000,0x00346dc5d639,16,7,0x00346dc9cb87,259359,259695,43024,-1344,0,6,0,1,1,1,1,8759,259065,0x00346dc5d639,140737488355327,-140737488355328,-42,336,336
4,522,8449,523,100500.000000,100000.000000,0x00346dc5d639,16,7,0x00346dc9cca8,259647,259977,42356,-1340,0,6,0,1,1,1,1,8759,259359,0x00346dc5d639,140737488355327,-140737488355328,-42,330,330
4,523,8465,524,100500.000000,100000.000000,0x00346dc5d639,16,7,0x00346dc9cdc2,259930,260255,41684,-1340,0,6,0,1,1,1,1,8760,259647,0x00346dc5d639,140737488355327,-140737488355328,-42,325,325
4,524,8481,525,100500.000000,100000.000000,0x00346dc5d639,16,7,0x00346dc9ced8,260208,260528,41012,-1344,0,6,0,1,1,1,1,8759,259930,0x00346dc5d639,140737488355327,-140737488355328,-42,320,320
4,525,8497,526,100500.000000,100000.000000,0x00346dc5d639,16,7,0x00346dc9cfe9,260481,260796,40344,-1340,0,6,0,1,1,1,1,8760,260208,0x00346dc5d639,140737488355327,-140737488355328,-42,315,315
4,526,8513,527,100500.000000,100000.000000,0x00346dc5d639,16,7,0x00346dc9d0f5,260748,261057,39672,-1340,0,6,0,1,1,1,1,8760,260481,0x00346dc5d639,140737488355327,-140737488355328,-42,309,309
4,527,8529,528,100500.000000,100000.000000,0x00346dc5d639,16,7,0x00346dc9d1fa,261010,261314,39000,-1344,0,6,0,1,1,1,1,8760,260748,0x00346dc5d639,140737488355327,-140737488355328,-42,304,304
4,528,8545,529,100500.000000,100000.000000,0x00346dc5d639,16,7,0x00346dc9d2fb,261267,261566,38328,-1344,0,6,0,1,1,1,1,8760,261010,0x00346dc5d639,140737488355327,-140737488355328,-42,299,299
4,529,8561,530,100500.000000,100000.000000,0x00346dc5d639,16,7,0x00346dc9d3f7,261519,261813,37660,-1340,0,6,0,1,1,1,1,8760,261267,0x00346dc5d639,140737488355327,-140737488355328,-42,294,294
4,530,8577,531,100500.000000,100000.000000,0x00346dc5d639,16,7,0x00346dc9d4ee,261765,262053,36988,-1340,0,6,0,1,1,1,1,8760,261519,0x00346dc5d639,140737488355327,-140737488355328,-42,288,288
4,531,8593,532,100500.000000,100000.000000,0x00346dc5d639,16,7,0x00346dc9d5de,262006,262289,36316,-1344,0,6,0,1,1,1,1,8760,261765,0x00346dc5d639,140737488355327,-140737488355328,-42,283,283
4,532,8609,533,100500.000000,100000.000000,0x00346dc5d639,16,7,0x00346dc9d6ca,262242,262520,35648,-1340,0,6,0,1,1,1,1,8760,262006,0x00346dc5d639,140737488355327,-140737488355328,-42,278,278
4,533,8625,534,100500.000000,100000.000000,0x00346dc5d639,16,7,0x00346dc9d7b1,262473,262746,34972,-1344,0,6,0,1,1,1,1,8760,262242,0x00346dc5d639,140737488355327,-140737488355328,-42,273,273
4,534,8641,535,100500.000000,100000.000000,0x00346dc5d639,16,7,0x00346dc9d893,262699,262967,34304,-1344,0,6,0,1,1,1,1,8759,262473,0x00346dc5d639,140737488355327,-140737488355328,-42,268,268
4,535,8657,536,100500.000000,100000.000000,0x00346dc5d639,16,7,0x00346dc9d970,262919,263181,33632,-1340,0,6,0,1,1,1,1,8760,262699,0x00346dc5d639,140737488355327,-140737488355328,-42,262,262
4,536,8673,537,100500.000000,100000.000000,0x00346dc5d639,16,7,0x00346dc9da46,263134,263391,32960,-1344,0,6,0,1,1,1,1,8760,262919,0x00346dc5d639,140737488355327,-140737488355328,-42,257,257
4,537,8689,538,100500.000000,100000.000000,0x00346dc5d639,16,7,0x00346dc9db18,265904,266668,97824,64192,0,6,0,1,1,1,1,8759,263134,0x00346dc5d639,140737488355327,-140737488355328,2006,764,764
4,538,8705,539,100500.000000,100000.000000,0x00346dc5d639,16,7,0x00346dc9e7e5,268669,269428,97152,64192,0,6,0,1,1,1,1,8759,265904,0x00346dc5d639,140737488355327,-140737488355328,2006,759,759
4,539,8721,540,100500.000000,100000.000000,0x00346dc5d639,16,7,0x00346dc9f2ad,269380,270133,96484,-1340,0,6,0,1,1,1,1,8760,268669,0x00346dc5d639,140737488355327,-140737488355328,-42,753,753
4,540,8737,541,100500.000000,100000.000000,0x00346dc5d639,16,7,0x00346dc9f56e,270086,270834,95812,-1340,0,6,0,1,1,1,1,8759,269380,0x00346dc5d639,140737488355327,-140737488355328,-42,748,748
4,541,8753,542,100500.000000,100000.000000,0x00346dc5d639,16,7,0x00346dc9f82b,270787,271530,95140,-1344,0,6,0,1,1,1,1,8758,270086,0x00346dc5d639,140737488355327,-140737488355328,-42,743,743
4,542,8769,543,100500.000000,100000.000000,0x00346dc5d639,16,7,0x00346dc9fae3,271483,272221,94468,-1344,0,6,0,1,1,1,1,8757,270787,0x00346dc5d639,140737488355327,-140737488355328,-42,738,738
4,543,8785,544,100500.000000,100000.000000,0x00346dc5d639,16,7,0x00346dc9fd96,272173,272905,93800,-1340,0,6,0,1,1,1,1,8758,271483,0x00346dc5d639,140737488355327,-140737488355328,-42,732,732
4,544,8801,545,100500.000000,100000.000000,0x00346dc5d639,16,7,0x00346dca0042,272858,273585,93128,-1340,0,6,0,1,1,1,1,8757,272173,0x00346dc5d639,140737488355327,-140737488355328,-42,727,727
4,545,8817,546,100500.000000,100000.000000,0x00346dc5d639,16,7,0x00346dca02ea,273538,274260,92456,-1344,0,6,0,1,1,1,1,8758,272858,0x00346dc5d639,140737488355327,-140737488355328,-42,722,722
4,546,8833,547,100500.000000,100000.000000,0x00346dc5d639,16,7,0x00346dca058d,274213,274930,91784,-1344,0,6,0,1,1,1,1,8757,273538,0x00346dc5d639,140737488355327,-140737488355328,-42,717,717
4,547,8849,548,100500.000000,100000.000000,0x00346dc5d639,16,7,0x00346dca082b,274882,275593,91112,-1344,0,6,0,1,1,1,1,8757,274213,0x00346dc5d639,140737488355327,-140737488355328,-42,711,711
4,548,8865,549,100500.000000,100000.000000,0x00346dc5d639,16,7,0x00346dca0ac2,275546,276252,90444,-1340,0,6,0,1,1,1,1,8757,274882,0x00346dc5d639,140737488355327,-140737488355328,-42,706,706
4,549,8881,550,100500.000000,100000.000000,0x00346dc5d639,16,7,0x00346dca0d55,276205,276906,89772,-1340,0,6,0,1,1,1,1,8757,275546,0x00346dc5d639,140737488355327,-140737488355328,-42,701,701
4,550,8897,551,100500.000000,100000.000000,0x00346dc5d639,16,7,0x00346dca0fe3,276859,277555,89100,-1344,0,6,0,1,1,1,1,8757,276205,0x00346dc5d639,140737488355327,-140737488355328,-42,696,696
4,551,8913,552,100500.000000,100000.000000,0x00346dc5d639,16,7,0x00346dca126c,277507,278197,88432,-1340,0,6,0,1,1,1,1,8757,276859,0x00346dc5d639,140737488355327,-140737488355328,-42,690,690
4,552,8929,553,100500.000000,100000.000000,0x00346dc5d639,16,7,0x00346dca14ee,278150,278835,87760,-1340,0,6,0,1,1,1,1,8757,277507,0x00346dc5d639,140737488355327,-140737488355328,-42,685,685
4,553,8945,554,100500.000000,100000.000000,0x00346dc5d639,16,7,0x00346dca176c,278788,279468,87088,-1344,0,6,0,1,1,1,1,8756,278150,0x00346dc5d639,140737488355327,-140737488355328,-42,680,680
4,554,8961,555,100500.000000,100000.000000,0x00346dc5d639,16,7,0x00346dca19e5,279421,280096,86420,-1340,0,6,0,1,1,1,1,8756,278788,0x00346dc5d639,140737488355327,-140737488355328,-42,675,675
4,555,8977,556,100500.000000,100000.000000,0x00346dc5d639,16,7,0x00346dca1c59,280048,280717,85748,-1340,0,6,0,1,1,1,1,8756,279421,0x00346dc5d639,140737488355327,-140737488355328,-42,669,669
4,556,8993,557,100500.000000,100000.000000,0x00346dc5d639,16,7,0x00346dca1ec6,280670,281334,85076,-1344,0,6,0,1,1,1,1,8756,280048,0x00346dc5d639,140737488355327,-140737488355328,-42,664,664
4,557,9009,558,100500.000000,100000.000000,0x00346dc5d639,16,7,0x00346dca212f,281287,281946,84404,-1344,0,6,0,1,1,1,1,8756,280670,0x00346dc5d639,140737488355327,-140737488355328,-42,659,659
4,558,9025,559,100500.000000,100000.000000,0x00346dc5d639,16,7,0x00346dca2393,281899,282553,83732,-1344,0,6,0,1,1,1,1,8756,281287,0x00346dc5d639,140737488355327,-140737488355328,-42,654,654
4,559,9041,560,100500.000000,100000.000000,0x00346dc5d639,16,7,0x00346dca25f2,282505,283153,83060,-1344,0,6,0,1,1,1,1,8755,281899,0x00346dc5d639,140737488355327,-140737488355328,-42,648,648
4,560,9057,561,100500.000000,100000.000000,0x00346dc5d639,16,7,0x00346dca284a,283106,283749,82392,-1340,0,6,0,1,1,1,1,8756,282505,0x00346dc5d639,140737488355327,-140737488355328,-42,643,643
4,561,9073,562,100500.000000,100000.000000,0x00346dc5d639,16,7,0x00346dca2a9e,283702,284340,81716,-1344,0,6,0,1,1,1,1,8756,283106,0x00346dc5d639,140737488355327,-140737488355328,-42,638,638
4,562,9089,563,100500.000000,100000.000000,0x00346dc5d639,16,7,0x00346dca2ced,284293,284926,81048,-1344,0,6,0,1,1,1,1,8756,283702,0x00346dc5d639,140737488355327,-140737488355328,-42,633,633
4,563,9105,564,100500.000000,100000.000000,0x00346dc5d639,16,7,0x00346dca2f37,284878,285505,80376,-1340,0,6,0,1,1,1,1,8756,284293,0x00346dc5d639,140737488355327,-140737488355328,-42,627,627
4,564,9121,565,100500.000000,100000.000000,0x00346dc5d639,16,7,0x00346dca317a,285458,286080,79704,-1344,0,6,0,1,1,1,1,8755,284878,0x00346dc5d639,140737488355327,-140737488355328,-42,622,622
4,565,9137,566,100500.000000,100000.000000,0x00346dc5d639,16,7,0x00346dca33b9,286033,286650,79032,-1344,0,6,0,1,1,1,1,8756,285458,0x00346dc5d639,140737488355327,-140737488355328,-42,617,617
4,566,9153,567,100500.000000,100000.000000,0x00346dc5d639,16,7,0x00346dca35f3,286603,287215,78360,-1344,0,6,0,1,1,1,1,8756,286033,0x00346dc5d639,140737488355327,-140737488355328,-42,612,612
4,567,9169,568,100500.000000,100000.000000,0x00346dc5d639,16,7,0x00346dca3828,287167,287773,77688,-1344,0,6,0,1,1,1,1,8756,286603,0x00346dc5d639,140737488355327,-140737488355328,-42,606,606
4,568,9185,569,100500.000000,100000.000000,0x00346dc5d639,16,7,0x00346dca3a56,287726,288327,77020,-1340,0,6,0,1,1,1,1,8756,287167,0x00346dc5d639,140737488355327,-140737488355328,-42,601,601
4,569,9201,570,100500.000000,100000.000000,0x00346dc5d639,16,7,0x00346dca3c80,288280,288876,76348,-1340,0,6,0,1,1,1,1,8756,287726,0x00346dc5d639,140737488355327,-140737488355328,-42,596,596
4,570,9217,571,100500.000000,100000.000000,0x00346dc5d639,16,7,0x00346dca3ea5,288829,289420,75676,-1344,0,6,0,1,1,1,1,8755,288280,0x00346dc5d639,140737488355327,-140737488355328,-42,591,591
4,571,9233,572,100500.000000,100000.000000,0x00346dc5d639,16,7,0x00346dca40c5,289372,289957,75004,-1344,0,6,0,1,1,1,1,8755,288829,0x00346dc5d639,140737488355327,-140737488355328,-42,585,585
4,572,9249,573,100500.000000,100000.000000,0x00346dc5d639,16,7,0x00346dca42de,289910,290490,74332,-1344,0,6,0,1,1,1,1,8755,289372,0x00346dc5d639,140737488355327,-140737488355328,-42,580,580
4,573,9265,574,100500.000000,100000.000000,0x00346dc5d639,16,7,0x00346dca44f3,290443,291018,73660,-1344,0,6,0,1,1,1,1,8755,289910,0x00346dc5d639,140737488355327,-140737488355328,-42,575,575
4,574,9281,575,100500.000000,100000.000000,0x00346dc5d639,16,7,0x00346dca4703,290971,291541,72992,-1340,0,6,0,1,1,1,1,8756,290443,0x00346dc5d639,140737488355327,-140737488355328,-42,570,570
4,575,9297,576,100500.000000,100000.000000,0x00346dc5d639,16,7,0x00346dca490e,291494,292059,72320,-1340,0,6,0,1,1,1,1,8755,290971,0x00346dc5d639,140737488355327,-140737488355328,-42,565,565
4,576,9313,577,100500.000000,100000.000000,0x00346dc5d639,16,7,0x00346dca4b14,292011,292570,71648,-1344,0,6,0,1,1,1,1,8755,291494,0x00346dc5d639,140737488355327,-140737488355328,-42,559,559
4,577,9329,578,100500.000000,100000.000000,0x00346dc5d639,16,7,0x00346dca4d13,292523,293077,70980,-1340,0,6,0,1,1,1,1,8754,292011,0x00346dc5d639,140737488355327,-140737488355328,-42,554,554
4,578,9345,579,100500.000000,100000.000000,0x00346dc5d639,16,7,0x00346dca4f0e,293030,293579,70308,-1340,0,6,0,1,1,1,1,8755,292523,0x00346dc5d639,140737488355327,-140737488355328,-42,549,549
4,579,9361,580,100500.000000,100000.000000,0x00346dc5d639,16,7,0x00346dca5104,293531,294075,69632,-1348,0,6,0,1,1,1,1,8755,293030,0x00346dc5d639,140737488355327,-140737488355328,-43,544,544
4,580,9377,581,100500.000000,100000.000000,0x00346dc5d639,16,7,0x00346dca52f4,294027,294565,68964,-1344,0,6,0,1,1,1,1,8755,293531,0x00346dc5d639,140737488355327,-140737488355328,-42,538,538
4,581,9393,582,100500.000000,100000.000000,0x00346dc5d639,16,7,0x00346dca54de,294518,295051,68292,-1340,0,6,0,1,1,1,1,8754,294027,0x00346dc5d639,140737488355327,-140737488355328,-42,533,533
4,582,9409,583,100500.000000,100000.000000,0x00346dc5d639,16,7,0x00346dca56c4,295004,295532,67620,-1344,0,6,0,1,1,1,1,8755,294518,0x00346dc5d639,140737488355327,-140737488355328,-42,528,528
4,583,9425,584,100500.000000,100000.000000,0x00346dc5d639,16,7,0x00346dca58a5,295485,296008,66952,-1340,0,6,0,1,1,1,1,8754,295004,0x00346dc5d639,140737488355327,-140737488355328,-42,523,523
4,584,9441,585,100500.000000,100000.000000,0x00346dc5d639,16,7,0x00346dca5a81,295960,296477,66280,-1340,0,6,0,1,1,1,1,8756,295485,0x00346dc5d639,140737488355327,-140737488355328,-42,517,517
4,585,9457,586,100500.000000,100000.000000,0x00346dc5d639,16,7,0x00346dca5c56,296430,296942,65608,-1344,0,6,0,1,1,1,1,8755,295960,0x00346dc5d639,140737488355327,-140737488355328,-42,512,512
4,586,9473,587,100500.000000,100000.000000,0x00346dc5d639,16,7,0x00346dca5e27,296895,297402,64936,-1344,0,6,0,1,1,1,1,8756,296430,0x00346dc5d639,140737488355327,-140737488355328,-42,507,507
4,587,9489,588,100500.000000,100000.000000,0x00346dc5d639,16,7,0x00346dca5ff3,297355,297857,64264,-1344,0,6,0,1,1,1,1,8755,296895,0x00346dc5d639,140737488355327,-140737488355328,-42,502,502
4,588,9505,589,100500.000000,100000.000000,0x00346dc5d639,16,7,0x00346dca61ba,297809,298305,63592,-1344,0,6,0,1,1,1,1,8756,297355,0x00346dc5d639,140737488355327,-140737488355328,-42,496,496
4,589,9521,590,100500.000000,100000.000000,0x00346dc5d639,16,7,0x00346dca637a,298258,298749,62920,-1344,0,6,0,1,1,1,1,8755,297809,0x00346dc5d639,140737488355327,-140737488355328,-42,491,491
4,590,9537,591,100500.000000,100000.000000,0x00346dc5d639,16,7,0x00346dca6536,298702,299188,62248,-1344,0,6,0,1,1,1,1,8757,298258,0x00346dc5d639,140737488355327,-140737488355328,-42,486,486
4,591,9553,592,100500.000000,100000.000000,0x00346dc5d639,16,7,0x00346dca66ed,299141,299622,61580,-1340,0,6,0,1,1,1,1,8756,298702,0x00346dc5d639,140737488355327,-140737488355328,-42,481,481
4,592,9569,593,100500.000000,100000.000000,0x00346dc5d639,16,7,0x00346dca689f,299574,300049,60908,-1340,0,6,0,1,1,1,1,8757,299141,0x00346dc5d639,140737488355327,-140737488355328,-42,475,475
4,593,9585,594,100500.000000,100000.000000,0x00346dc5d639,16,7,0x00346dca6a4a,300002,300472,60236,-1344,0,6,0,1,1,1,1,8756,299574,0x00346dc5d639,140737488355327,-140737488355328,-42,470,470
4,594,9601,595,100500.000000,100000.000000,0x00346dc5d639,16,7,0x00346dca6bf1,300425,300890,59568,-1340,0,6,0,1,1,1,1,8757,300002,0x00346dc5d639,140737488355327,-140737488355328,-42,465,465
4,595,9617,596,100500.000000,100000.000000,0x00346dc5d639,16,7,0x00346dca6d93,300843,301303,58896,-1340,0,6,0,1,1,1,1,8757,300425,0x00346dc5d639,140737488355327,-140737488355328,-42,460,460
4,596,9633,597,100500.000000,100000.000000,0x00346dc5d639,16,7,0x00346dca6f30,301255,301709,58224,-1344,0,6,0,1,1,1,1,8758,300843,0x00346dc5d639,140737488355327,-140737488355328,-42,454,454
4,597,9649,598,100500.000000,100000.000000,0x00346dc5d639,16,7,0x00346dca70c6,301662,302111,57552,-1344,0,6,0,1,1,1,1,8758,301255,0x00346dc5d639,140737488355327,-140737488355328,-42,449,449
4,598,9665,599,100500.000000,100000.000000,0x00346dc5d639,16,7,0x00346dca7258,302064,302508,56880,-1344,0,6,0,1,1,1,1,8758,301662,0x00346dc5d639,140737488355327,-140737488355328,-42,444,444
4,599,9681,600,100500.000000,100000.000000,0x00346dc5d639,16,7,0x00346dca73e5,302461,302900,56212,-1340,0,6,0,1,1,1,1,8758,302064,0x00346dc5d639,140737488355327,-140737488355328,-42,439,439
4,600,9697,601,100500.000000,100000.000000,0x00346dc5d639,16,7,0x00346dca756d,302852,303285,55540,-1340,0,6,0,1,1,1,1,8758,302461,0x00346dc5d639,140737488355327,-140737488355328,-42,433,433
4,601,9713,602,100500.000000,100000.000000,0x00346dc5d639,16,7,0x00346dca76ee,303238,303666,54868,-1344,0,6,0,1,1,1,1,8759,302852,0x00346dc5d639,140737488355327,-140737488355328,-42,428,428
4,602,9729,603,100500.000000,100000.000000,0x00346dc5d639,16,7,0x00346dca786b,303619,304042,54196,-1344,0,6,0,1,1,1,1,8759,303238,0x00346dc5d639,140737488355327,-140737488355328,-42,423,423
4,603,9745,604,100500.000000,100000.000000,0x00346dc5d639,16,7,0x00346dca79e3,303995,304413,53528,-1340,0,6,0,1,1,1,1,8759,303619,0x00346dc5d639,140737488355327,-140737488355328,-42,418,418
4,604,9761,605,100500.000000,100000.000000,0x00346dc5d639,16,7,0x00346dca7b56,304365,304777,52856,-1340,0,6,0,1,1,1,1,8759,303995,0x00346dc5d639,140737488355327,-140737488355328,-42,412,412
4,605,9777,606,100500.000000,100000.000000,0x00346dc5d639,16,7,0x00346dca7cc2,304730,305137,52184,-1344,0,6,0,1,1,1,1,8760,304365,0x00346dc5d639,140737488355327,-140737488355328,-42,407,407
4,606,9793,607,100500.000000,100000.000000,0x00346dc5d639,16,7,0x00346dca7e2a,305090,305492,51512,-1344,0,6,0,1,1,1,1,8759,304730,0x00346dc5d639,140737488355327,-140737488355328,-42,402,402
4,607,9809,608,100500.000000,100000.000000,0x00346dc5d639,16,7,0x00346dca7f8d,305445,305842,50840,-1344,0,6,0,1,1,1,1,8760,305090,0x00346dc5d639,140737488355327,-140737488355328,-42,397,397
4,608,9825,609,100500.000000,100000.000000,0x00346dc5d639,16,7,0x00346dca80eb,305794,306185,50172,-1340,0,6,0,1,1,1,1,8759,305445,0x00346dc5d639,140737488355327,-140737488355328,-42,391,391
4,609,9841,610,100500.000000,100000.000000,0x00346dc5d639,16,7,0x00346dca8242,306138,306524,49500,-1340,0,6,0,1,1,1,1,8760,305794,0x00346dc5d639,140737488355327,-140737488355328,-42,386,386
4,610,9857,611,100500.000000,100000.000000,0x00346dc5d639,16,7,0x00346dca8395,306477,306858,48828,-1344,0,6,0,1,1,1,1,8760,306138,0x00346dc5d639,140737488355327,-140737488355328,-42,381,381
4,611,9873,612,100500.000000,100000.000000,0x00346dc5d639,16,7,0x00346dca84e3,306811,307187,48156,-1344,0,6,0,1,1,1,1,8759,306477,0x00346dc5d639,140737488355327,-140737488355328,-42,376,376
4,612,9889,613,100500.000000,100000.000000,0x00346dc5d639,16,7,0x00346dca862c,307139,307509,47484,-1344,0,6,0,1,1,1,1,8759,306811,0x00346dc5d639,140737488355327,-140737488355328,-42,370,370
4,613,9905,614,100500.000000,100000.000000,0x00346dc5d639,16,7,0x00346dca876e,307462,307827,46812,-1344,0,6,0,1,1,1,1,8759,307139,0x00346dc5d639,140737488355327,-140737488355328,-42,365,365
4,614,9921,615,100500.000000,100000.000000,0x00346dc5d639,16,7,0x00346dca88ac,307780,308140,46144,-1340,0,6,0,1,1,1,1,8760,307462,0x00346dc5d639,140737488355327,-140737488355328,-42,360,360
4,615,9937,616,100500.000000,100000.000000,0x00346dc5d639,16,7,0x00346dca89e5,308093,308448,45472,-1340,0,6,0,1,1,1,1,8759,307780,0x00346dc5d639,140737488355327,-140737488355328,-42,355,355
4,616,9953,617,100500.000000,100000.000000,0x00346dc5d639,16,7,0x00346dca8b19,308401,308751,44800,-1344,0,6,0,1,1,1,1,8759,308093,0x00346dc5d639,140737488355327,-140737488355328,-42,350,350
4,617,9969,618,100500.000000,100000.000000,0x00346dc5d639,16,7,0x00346dca8c48,308703,309047,44132,-1340,0,6,0,1,1,1,1,8760,308401,0x00346dc5d639,140737488355327,-140737488355328,-42,344,344
4,618,9985,619,100500.000000,100000.000000,0x00346dc5d639,16,7,0x00346dca8d70,309000,309339,43460,-1340,0,6,0,1,1,1,1,8759,308703,0x00346dc5d639,140737488355327,-140737488355328,-42,339,339
4,619,10001,620,100500.000000,100000.000000,0x00346dc5d639,16,7,0x00346dca8e94,309292,309626,42792,-1340,0,6,0,1,1,1,1,8760,309000,0x00346dc5d639,140737488355327,-140737488355328,-42,334,334
4,620,10017,621,100500.000000,100000.000000,0x00346dc5d639,16,7,0x00346dca8fb3,309579,309908,42120,-1340,0,6,0,1,1,1,1,8759,309292,0x00346dc5d639,140737488355327,-140737488355328,-42,329,329
4,621,10033,622,100500.000000,100000.000000,0x00346dc5d639,16,7,0x00346dca90cd,309860,310183,41448,-1344,0,6,0,1,1,1,1,8759,309579,0x00346dc5d639,140737488355327,-140737488355328,-42,323,323
4,622,10049,623,100500.000000,100000.000000,0x00346dc5d639,16,7,0x00346dca91e0,310136,310454,40776,-1344,0,6,0,1,1,1,1,8759,309860,0x00346dc5d639,140737488355327,-140737488355328,-42,318,318
4,623,10065,624,100500.000000,100000.000000,0x00346dc5d639,16,7,0x00346dca92ef,310407,310720,40108,-1340,0,6,0,1,1,1,1,8760,310136,0x00346dc5d639,140737488355327,-140737488355328,-42,313,313
4,624,10081,625,100500.000000,100000.000000,0x00346dc5d639,16,7,0x00346dca93f9,310673,310981,39436,-1340,0,6,0,1,1,1,1,8760,310407,0x00346dc5d639,140737488355327,-140737488355328,-42,308,308
4,625,10097,626,100500.000000,100000.000000,0x00346dc5d639,16,7,0x00346dca94fe,310933,311235,38764,-1344,0,6,0,1,1,1,1,8760,310673,0x00346dc5d639,140737488355327,-140737488355328,-42,302,302
4,626,10113,627,100500.000000,100000.000000,0x00346dc5d639,16,7,0x00346dca95fc,311188,311485,38096,-1340,0,6,0,1,1,1,1,8760,310933,0x00346dc5d639,140737488355327,-140737488355328,-42,297,297
4,627,10129,628,100500.000000,100000.000000,0x00346dc5d639,16,7,0x00346dca96f6,311438,311730,37424,-1340,0,6,0,1,1,1,1,8760,311188,0x00346dc5d639,140737488355327,-140737488355328,-42,292,292
4,628,10145,629,100500.000000,100000.000000,0x00346dc5d639,16,7,0x00346dca97eb,311683,311970,36752,-1344,0,6,0,1,1,1,1,8759,311438,0x00346dc5d639,140737488355327,-140737488355328,-42,287,287
4,629,10161,630,100500.000000,100000.000000,0x00346dc5d639,16,7,0x00346dca98db,311922,312203,36080,-1344,0,6,0,1,1,1,1,8759,311683,0x00346dc5d639,140737488355327,-140737488355328,-42,281,281
4,630,10177,631,100500.000000,100000.000000,0x00346dc5d639,16,7,0x00346dca99c4,312156,312432,35412,-1340,0,6,0,1,1,1,1,8759,311922,0x00346dc5d639,140737488355327,-140737488355328,-42,276,276
4,631,10193,632,100500.000000,100000.000000,0x00346dc5d639,16,7,0x00346dca9aa9,312385,312656,34740,-1340,0,6,0,1,1,1,1,8760,312156,0x00346dc5d639,140737488355327,-140737488355328,-42,271,271
4,632,10209,633,100500.000000,100000.000000,0x00346dc5d639,16,7,0x00346dca9b89,312609,312875,34068,-1344,0,6,0,1,1,1,1,8759,312385,0x00346dc5d639,140737488355327,-140737488355328,-42,266,266
4,633,10225,634,100500.000000,100000.000000,0x00346dc5d639,16,7,0x00346dca9c64,312827,313087,33396,-1344,0,6,0,1,1,1,1,8760,312609,0x00346dc5d639,140737488355327,-140737488355328,-42,260,260
4,634,10241,635,100500.000000,100000.000000,0x00346dc5d639,16,7,0x00346dca9d38,315600,316367,98260,64192,0,6,0,1,1,1,1,8759,312827,0x00346dc5d639,140737488355327,-140737488355328,2006,767,767
4,635,10257,636,100500.000000,100000.000000,0x00346dc5d639,16,7,0x00346dcaaa08,318368,319130,97592,64196,0,6,0,1,1,1,1,8760,315600,0x00346dc5d639,140737488355327,-140737488355328,2006,762,762
4,636,10273,637,100500.000000,100000.000000,0x00346dc5d639,16,7,0x00346dcab4d3,319083,319840,96920,-1340,0,6,0,1,1,1,1,8759,318368,0x00346dc5d639,140737488355327,-140737488355328,-42,757,757
4,637,10289,638,100500.000000,100000.000000,0x00346dc5d639,16,7,0x00346dcab799,319792,320543,96248,-1344,0,6,0,1,1,1,1,8759,319083,0x00346dc5d639,140737488355327,-140737488355328,-42,751,751
4,638,10305,639,100500.000000,100000.000000,0x00346dc5d639,16,7,0x00346dcaba58,320496,321242,95576,-1344,0,6,0,1,1,1,1,8760,319792,0x00346dc5d639,140737488355327,-140737488355328,-42,746,746
4,639,10321,640,100500.000000,100000.000000,0x00346dc5d639,16,7,0x00346dcabd13,321195,321936,94904,-1344,0,6,0,1,1,1,1,8759,320496,0x00346dc5d639,140737488355327,-140737488355328,-42,741,741
4,640,10337,641,100500.000000,100000.000000,0x00346dc5d639,16,7,0x00346dcabfc9,321889,322625,94232,-1344,0,6,0,1,1,1,1,8758,321195,0x00346dc5d639,140737488355327,-140737488355328,-42,736,736
4,641,10353,642,100500.000000,100000.000000,0x00346dc5d639,16,7,0x00346dcac27a,322577,323307,93564,-1340,0,6,0,1,1,1,1,8759,321889,0x00346dc5d639,140737488355327,-140737488355328,-42,730,730
4,642,10369,643,100500.000000,100000.000000,0x00346dc5d639,16,7,0x00346dcac524,323260,323985,92892,-1340,0,6,0,1,1,1,1,8757,322577,0x00346dc5d639,140737488355327,-140737488355328,-42,725,725
4,643,10385,644,100500.000000,100000.000000,0x00346dc5d639,16,7,0x00346dcac7ca,323938,324658,92220,-1344,0,6,0,1,1,1,1,8758,323260,0x00346dc5d639,140737488355327,-140737488355328,-42,720,720
4,644,10401,645,100500.000000,100000.000000,0x00346dc5d639,16,7,0x00346dcaca6b,324611,325326,91552,-1340,0,6,0,1,1,1,1,8758,323938,0x00346dc5d639,140737488355327,-140737488355328,-42,715,715
4,645,10417,646,100500.000000,100000.000000,0x00346dc5d639,16,7,0x00346dcacd07,325279,325989,90880,-1340,0,6,0,1,1,1,1,8757,324611,0x00346dc5d639,140737488355327,-140737488355328,-42,710,710
4,646,10433,647,100500.000000,100000.000000,0x00346dc5d639,16,7,0x00346dcacf9e,325941,326645,90208,-1344,0,6,0,1,1,1,1,8758,325279,0x00346dc5d639,140737488355327,-140737488355328,-42,704,704
4,647,10449,648,100500.000000,100000.000000,0x00346dc5d639,16,7,0x00346dcad22e,326598,327297,89536,-1344,0,6,0,1,1,1,1,8757,325941,0x00346dc5d639,140737488355327,-140737488355328,-42,699,699
4,648,10465,649,100500.000000,100000.000000,0x00346dc5d639,16,7,0x00346dcad4ba,327250,327944,88868,-1340,0,6,0,1,1,1,1,8757,326598,0x00346dc5d639,140737488355327,-140737488355328,-42,694,694
4,649,10481,650,100500.000000,100000.000000,0x00346dc5d639,16,7,0x00346dcad741,327897,328586,88196,-1340,0,6,0,1,1,1,1,8757,327250,0x00346dc5d639,140737488355327,-140737488355328,-42,689,689
4,650,10497,651,100500.000000,100000.000000,0x00346dc5d639,16,7,0x00346dcad9c3,328538,329221,87524,-1344,0,6,0,1,1,1,1,8757,327897,0x00346dc5d639,140737488355327,-140737488355328,-42,683,683
4,651,10513,652,100500.000000,100000.000000,0x00346dc5d639,16,7,0x00346dcadc3e,329174,329852,86852,-1344,0,6,0,1,1,1,1,8756,328538,0x00346dc5d639,140737488355327,-140737488355328,-42,678,678
4,652,10529,653,100500.000000,100000.000000,0x00346dc5d639,16,7,0x00346dcadeb5,329805,330478,86184,-1340,0,6,0,1,1,1,1,8756,329174,0x00346dc5d639,140737488355327,-140737488355328,-42,673,673
4,653,10545,654,100500.000000,100000.000000,0x00346dc5d639,16,7,0x00346dcae127,330431,331099,85512,-1340,0,6,0,1,1,1,1,8756,329805,0x00346dc5d639,140737488355327,-140737488355328,-42,668,668
4,654,10561,655,100500.000000,100000.000000,0x00346dc5d639,16,7,0x00346dcae394,331051,331713,84840,-1344,0,6,0,1,1,1,1,8755,330431,0x00346dc5d639,140737488355327,-140737488355328,-42,662,662
4,655,10577,656,100500.000000,100000.000000,0x00346dc5d639,16,7,0x00346dcae5fa,331666,332323,84168,-1344,0,6,0,1,1,1,1,8756,331051,0x00346dc5d639,140737488355327,-140737488355328,-42,657,657
4,656,10593,657,100500.000000,100000.000000,0x00346dc5d639,16,7,0x00346dcae85c,332276,332928,83500,-1340,0,6,0,1,1,1,1,8755,331666,0x00346dc5d639,140737488355327,-140737488355328,-42,652,652
4,657,10609,658,100500.000000,100000.000000,0x00346dc5d639,16,7,0x00346dcaeab9,332881,333528,82828,-1340,0,6,0,1,1,1,1,8755,332276,0x00346dc5d639,140737488355327,-140737488355328,-42,647,647
4,658,10625,659,100500.000000,100000.000000,0x00346dc5d639,16,7,0x00346dcaed11,333480,334121,82156,-1344,0,6,0,1,1,1,1,8755,332881,0x00346dc5d639,140737488355327,-140737488355328,-42,641,641
4,659,10641,660,100500.000000,100000.000000,0x00346dc5d639,16,7,0x00346dcaef62,334074,334710,81484,-1344,0,6,0,1,1,1,1,8755,333480,0x00346dc5d639,140737488355327,-140737488355328,-42,636,636
4,660,10657,661,100500.000000,100000.000000,0x00346dc5d639,16,7,0x00346dcaf1af,334663,335294,80812,-1344,0,6,0,1,1,1,1,8755,334074,0x00346dc5d639,140737488355327,-140737488355328,-42,631,631
4,661,10673,662,100500.000000,100000.000000,0x00346dc5d639,16,7,0x00346dcaf3f7,335247,335873,80140,-1344,0,6,0,1,1,1,1,8756,334663,0x00346dc5d639,140737488355327,-140737488355328,-42,626,626
4,662,10689,663,100500.000000,100000.000000,0x00346dc5d639,16,7,0x00346dcaf63a,335825,336445,79468,-1344,0,6,0,1,1,1,1,8755,335247,0x00346dc5d639,140737488355327,-140737488355328,-42,620,620
4,663,10705,664,100500.000000,100000.000000,0x00346dc5d639,16,7,0x00346dcaf876,336398,337013,78796,-1344,0,6,0,1,1,1,1,8756,335825,0x00346dc5d639,140737488355327,-140737488355328,-42,615,615
4,664,10721,665,100500.000000,100000.000000,0x00346dc5d639,16,7,0x00346dcafaae,336966,337576,78128,-1340,0,6,0,1,1,1,1,8755,336398,0x00346dc5d639,140737488355327,-140737488355328,-42,610,610
4,665,10737,666,100500.000000,100000.000000,0x00346dc5d639,16,7,0x00346dcafce1,337529,338134,77456,-1340,0,6,0,1,1,1,1,8755,336966,0x00346dc5d639,140737488355327,-140737488355328,-42,605,605
4,666,10753,667,100500.000000,100000.000000,0x00346dc5d639,16,7,0x00346dcaff0f,338086,338685,76784,-1344,0,6,0,1,1,1,1,8755,337529,0x00346dc5d639,140737488355327,-140737488355328,-42,599,599
4,667,10769,668,100500.000000,100000.000000,0x00346dc5d639,16,7,0x00346dcb0136,338638,339232,76112,-1344,0,6,0,1,1,1,1,8755,338086,0x00346dc5d639,140737488355327,-140737488355328,-42,594,594
4,668,10785,669,100500.000000,100000.000000,0x00346dc5d639,16,7,0x00346dcb0359,339185,339774,75440,-1344,0,6,0,1,1,1,1,8755,338638,0x00346dc5d639,140737488355327,-140737488355328,-42,589,589
4,669,10801,670,100500.000000,100000.000000,0x00346dc5d639,16,7,0x00346dcb0577,339727,340311,74768,-1344,0,6,0,1,1,1,1,8755,339185,0x00346dc5d639,140737488355327,-140737488355328,-42,584,584
4,670,10817,671,100500.000000,100000.000000,0x00346dc5d639,16,7,0x00346dcb0790,340263,340841,74100,-1340,0,6,0,1,1,1,1,8756,339727,0x00346dc5d639,140737488355327,-140737488355328,-42,578,578
4,671,10833,672,100500.000000,100000.000000,0x00346dc5d639,16,7,0x00346dcb09a2,340794,341367,73428,-1340,0,6,0,1,1,1,1,8756,340263,0x00346dc5d639,140737488355327,-140737488355328,-42,573,573
4,672,10849,673,100500.000000,100000.000000,0x00346dc5d639,16,7,0x00346dcb0bb0,341320,341888,72756,-1344,0,6,0,1,1,1,1,8755,340794,0x00346dc5d639,140737488355327,-140737488355328,-42,568,568
4,673,10865,674,100500.000000,100000.000000,0x00346dc5d639,16,7,0x00346dcb0db9,341841,342404,72084,-1344,0,6,0,1,1,1,1,8755,341320,0x00346dc5d639,140737488355327,-140737488355328,-42,563,563
4,674,10881,675,100500.000000,100000.000000,0x00346dc5d639,16,7,0x00346dcb0fbd,342356,342913,71412,-1344,0,6,0,1,1,1,1,8756,341841,0x00346dc5d639,140737488355327,-140737488355328,-42,557,557
4,675,10897,676,100500.000000,100000.000000,0x00346dc5d639,16,7,0x00346dcb11ba,342866,343418,70744,-1340,0,6,0,1,1,1,1,8756,342356,0x00346dc5d639,140737488355327,-140737488355328,-42,552,552
4,676,10913,677,100500.000000,100000.000000,0x00346dc5d639,16,7,0x00346dcb13b3,343371,343918,70068,-1344,0,6,0,1,1,1,1,8754,342866,0x00346dc5d639,140737488355327,-140737488355328,-42,547,547
4,677,10929,678,100500.000000,100000.000000,0x00346dc5d639,16,7,0x00346dcb15a7,343871,344413,69400,-1344,0,6,0,1,1,1,1,8756,343371,0x00346dc5d639,140737488355327,-140737488355328,-42,542,542
4,678,10945,679,100500.000000,100000.000000,0x00346dc5d639,16,7,0x00346dcb1796,344365,344901,68728,-1340,0,6,0,1,1,1,1,8755,343871,0x00346dc5d639,140737488355327,-140737488355328,-42,536,536
4,679,10961,680,100500.000000,100000.000000,0x00346dc5d639,16,7,0x00346dcb197e,344854,345385,68056,-1344,0,6,0,1,1,1,1,8755,344365,0x00346dc5d639,140737488355327,-140737488355328,-42,531,531
4,680,10977,681,100500.000000,100000.000000,0x00346dc5d639,16,7,0x00346dcb1b62,345338,345864,67384,-1344,0,6,0,1,1,1,1,8755,344854,0x00346dc5d639,140737488355327,-140737488355328,-42,526,526
4,681,10993,682,100500.000000,100000.000000,0x00346dc5d639,16,7,0x00346dcb1d41,345817,346338,66716,-1340,0,6,0,1,1,1,1,8756,345338,0x00346dc5d639,140737488355327,-140737488355328,-42,521,521
4,682,11009,683,100500.000000,100000.000000,0x00346dc5d639,16,7,0x00346dcb1f1b,346290,346805,66044,-1340,0,6,0,1,1,1,1,8756,345817,0x00346dc5d639,140737488355327,-140737488355328,-42,515,515
4,683,11025,684,100500.000000,100000.000000,0x00346dc5d639,16,7,0x00346dcb20ee,346758,347268,65372,-1344,0,6,0,1,1,1,1,8756,346290,0x00346dc5d639,140737488355327,-140737488355328,-42,510,510
4,684,11041,685,100500.000000,100000.000000,0x00346dc5d639,16,7,0x00346dcb22bd,347221,347726,64700,-1344,0,6,0,1,1,1,1,8756,346758,0x00346dc5d639,140737488355327,-140737488355328,-42,505,505
4,685,11057,686,100500.000000,100000.000000,0x00346dc5d639,16,7,0x00346dcb2487,347679,348179,64028,-1344,0,6,0,1,1,1,1,8756,347221,0x00346dc5d639,140737488355327,-140737488355328,-42,500,500
4,686,11073,687,100500.000000,100000.000000,0x00346dc5d639,16,7,0x00346dcb264c,348131,348625,63356,-1344,0,6,0,1,1,1,1,8755,347679,0x00346dc5d639,140737488355327,-140737488355328,-42,494,494
4,687,11089,688,100500.000000,100000.000000,0x00346dc5d639,16,7,0x00346dcb280a,348578,349067,62684,-1344,0,6,0,1,1,1,1,8756,348131,0x00346dc5d639,140737488355327,-140737488355328,-42,489,489
4,688,11105,689,100500.000000,100000.000000,0x00346dc5d639,16,7,0x00346dcb29c4,349020,349504,62012,-1344,0,6,0,1,1,1,1,8756,348578,0x00346dc5d639,140737488355327,-140737488355328,-42,484,484
4,689,11121,690,100500.000000,100000.000000,0x00346dc5d639,16,7,0x00346dcb2b79,349457,349936,61344,-1340,0,6,0,1,1,1,1,8756,349020,0x00346dc5d639,140737488355327,-140737488355328,-42,479,479
4,690,11137,691,100500.000000,100000.000000,0x00346dc5d639,16,7,0x00346dcb2d29,349889,350363,60672,-1340,0,6,0,1,1,1,1,8756,349457,0x00346dc5d639,140737488355327,-140737488355328,-42,474,474
4,691,11153,692,100500.000000,100000.000000,0x00346dc5d639,16,7,0x00346dcb2ed4,350315,350783,60000,-1344,0,6,0,1,1,1,1,8756,349889,0x00346dc5d639,140737488355327,-140737488355328,-42,468,468
4,692,11169,693,100500.000000,100000.000000,0x00346dc5d639,16,7,0x00346dcb3078,350736,351199,59332,-1340,0,6,0,1,1,1,1,8756,350315,0x00346dc5d639,140737488355327,-140737488355328,-42,463,463
4,693,11185,694,100500.000000,100000.000000,0x00346dc5d639,16,7,0x00346dcb3218,351152,351610,58660,-1340,0,6,0,1,1,1,1,8756,350736,0x00346dc5d639,140737488355327,-140737488355328,-42,458,458
4,694,11201,695,100500.000000,100000.000000,0x00346dc5d639,16,7,0x00346dcb33b3,351563,352016,57988,-1344,0,6,0,1,1,1,1,8757,351152,0x00346dc5d639,140737488355327,-140737488355328,-42,453,453
4,695,11217,696,100500.000000,100000.000000,0x00346dc5d639,16,7,0x00346dcb3549,351968,352415,57316,-1344,0,6,0,1,1,1,1,8758,351563,0x00346dc5d639,140737488355327,-140737488355328,-42,447,447
4,696,11233,697,100500.000000,100000.000000,0x00346dc5d639,16,7,0x00346dcb36d8,352368,352810,56644,-1344,0,6,0,1,1,1,1,8758,351968,0x00346dc5d639,140737488355327,-140737488355328,-42,442,442
4,697,11249,698,100500.000000,100000.000000,0x00346dc5d639,16,7,0x00346dcb3863,352763,353200,55976,-1340,0,6,0,1,1,1,1,8757,352368,0x00346dc5d639,140737488355327,-140737488355328,-42,437,437
4,698,11265,699,100500.000000,100000.000000,0x00346dc5d639,16,7,0x00346dcb39e9,353153,353585,55304,-1340,0,6,0,1,1,1,1,8758,352763,0x00346dc5d639,140737488355327,-140737488355328,-42,432,432
4,699,11281,700,100500.000000,100000.000000,0x00346dc5d639,16,7,0x00346dcb3b6a,353537,353963,54632,-1344,0,6,0,1,1,1,1,8759,353153,0x00346dc5d639,140737488355327,-140737488355328,-42,426,426
4,700,11297,701,100500.000000,100000.000000,0x00346dc5d639,16,7,0x00346dcb3ce4,353916,354337,53960,-1344,0,6,0,1,1,1,1,8759,353537,0x00346dc5d639,140737488355327,-140737488355328,-42,421,421
4,701,11313,702,100500.000000,100000.000000,0x00346dc5d639,16,7,0x00346dcb3e5a,354290,354706,53292,-1340,0,6,0,1,1,1,1,8758,353916,0x00346dc5d639,140737488355327,-140737488355328,-42,416,416
4,702,11329,703,100500.000000,100000.000000,0x00346dc5d639,16,7,0x00346dcb3fcb,354659,355070,52620,-1340,0,6,0,1,1,1,1,8759,354290,0x00346dc5d639,140737488355327,-140737488355328,-42,411,411
4,703,11345,704,100500.000000,100000.000000,0x00346dc5d639,16,7,0x00346dcb4137,355022,355427,51948,-1344,0,6,0,1,1,1,1,8759,354659,0x00346dc5d639,140737488355327,-140737488355328,-42,405,405
4,704,11361,705,100500.000000,100000.000000,0x00346dc5d639,16,7,0x00346dcb429c,355380,355780,51280,-1340,0,6,0,1,1,1,1,8759,355022,0x00346dc5d639,140737488355327,-140737488355328,-42,400,400
4,705,11377,706,100500.000000,100000.000000,0x00346dc5d639,16,7,0x00346dcb43fd,355733,356128,50608,-1340,0,6,0,1,1,1,1,8759,355380,0x00346dc5d639,140737488355327,-140737488355328,-42,395,395
4,706,11393,707,100500.000000,100000.000000,0x00346dc5d639,16,7,0x00346dcb4559,356081,356471,49936,-1344,0,6,0,1,1,1,1,8759,355733,0x00346dc5d639,140737488355327,-140737488355328,-42,390,390
4,707,11409,708,100500.000000,100000.000000,0x00346dc5d639,16,7,0x00346dcb46b0,356423,356807,49264,-1344,0,6,0,1,1,1,1,8760,356081,0x00346dc5d639,140737488355327,-140737488355328,-42,384,384
4,708,11425,709,100500.000000,100000.000000,0x00346dc5d639,16,7,0x00346dcb4800,356760,357139,48592,-1344,0,6,0,1,1,1,1,8760,356423,0x00346dc5d639,140737488355327,-140737488355328,-42,379,379
4,709,11441,710,100500.000000,100000.000000,0x00346dc5d639,16,7,0x00346dcb494c,357092,357466,47920,-1344,0,6,0,1,1,1,1,8759,356760,0x00346dc5d639,140737488355327,-140737488355328,-42,374,374
4,710,11457,711,100500.000000,100000.000000,0x00346dc5d639,16,7,0x00346dcb4a93,357419,357788,47252,-1340,0,6,0,1,1,1,1,8760,357092,0x00346dc5d639,140737488355327,-140737488355328,-42,369,369
4,711,11473,712,100500.000000,100000.000000,0x00346dc5d639,16,7,0x00346dcb4bd5,357740,358103,46580,-1340,0,6,0,1,1,1,1,8760,357419,0x00346dc5d639,140737488355327,-140737488355328,-42,363,363
4,712,11489,713,100500.000000,100000.000000,0x00346dc5d639,16,7,0x00346dcb4d10,358056,358414,45908,-1344,0,6,0,1,1,1,1,8760,357740,0x00346dc5d639,140737488355327,-140737488355328,-42,358,358
4,713,11505,714,100500.000000,100000.000000,0x00346dc5d639,16,7,0x00346dcb4e47,358367,358720,45236,-1344,0,6,0,1,1,1,1,8760,358056,0x00346dc5d639,140737488355327,-140737488355328,-42,353,353
4,714,11521,715,100500.000000,100000.000000,0x00346dc5d639,16,7,0x00346dcb4f79,358673,359021,44568,-1340,0,6,0,1,1,1,1,8760,358367,0x00346dc5d639,140737488355327,-140737488355328,-42,348,348
4,715,11537,716,100500.000000,100000.000000,0x00346dc5d639,16,7,0x00346dcb50a6,358973,359315,43896,-1340,0,6,0,1,1,1,1,8760,358673,0x00346dc5d639,140737488355327,-140737488355328,-42,342,342
4,716,11553,717,100500.000000,100000.000000,0x00346dc5d639,16,7,0x00346dcb51cc,359268,359605,43224,-1344,0,6,0,1,1,1,1,8760,358973,0x00346dc5d639,140737488355327,-140737488355328,-42,337,337
4,717,11569,718,100500.000000,100000.000000,0x00346dc5d639,16,7,0x00346dcb52ee,359558,359890,42552,-1344,0,6,0,1,1,1,1,8760,359268,0x00346dc5d639,140737488355327,-140737488355328,-42,332,332
4,718,11585,719,100500.000000,100000.000000,0x00346dc5d639,16,7,0x00346dcb540b,359843,360170,41880,-1344,0,6,0,1,1,1,1,8760,359558,0x00346dc5d639,140737488355327,-140737488355328,-42,327,327
4,719,11601,720,100500.000000,100000.000000,0x00346dc5d639,16,7,0x00346dcb5523,360122,360443,41212,-1340,0,6,0,1,1,1,1,8759,359843,0x00346dc5d639,140737488355327,-140737488355328,-42,321,321
4,720,11617,721,100500.000000,100000.000000,0x00346dc5d639,16,7,0x00346dcb5634,360396,360712,40540,-1340,0,6,0,1,1,1,1,8759,360122,0x00346dc5d639,140737488355327,-140737488355328,-42,316,316
4,721,11633,722,100500.000000,100000.000000,0x00346dc5d639,16,7,0x00346dcb5741,360665,360976,39872,-1340,0,6,0,1,1,1,1,8759,360396,0x00346dc5d639,140737488355327,-140737488355328,-42,311,311
4,722,11649,723,100500.000000,100000.000000,0x00346dc5d639,16,7,0x00346dcb5849,360929,361235,39200,-1340,0,6,0,1,1,1,1,8759,360665,0x00346dc5d639,140737488355327,-140737488355328,-42,306,306
4,723,11665,724,100500.000000,100000.000000,0x00346dc5d639,16,7,0x00346dcb594c,361188,361489,38528,-1344,0,6,0,1,1,1,1,8760,360929,0x00346dc5d639,140737488355327,-140737488355328,-42,301,301
4,724,11681,725,100500.000000,100000.000000,0x00346dc5d639,16,7,0x00346dcb5a4a,361441,361736,37856,-1344,0,6,0,1,1,1,1,8759,361188,0x00346dc5d639,140737488355327,-140737488355328,-42,295,295
4,725,11697,726,100500.000000,100000.000000,0x00346dc5d639,16,7,0x00346dcb5b41,361689,361979,37188,-1340,0,6,0,1,1,1,1,8759,361441,0x00346dc5d639,140737488355327,-140737488355328,-42,290,290
4,726,11713,727,100500.000000,100000.000000,0x00346dc5d639,16,7,0x00346dcb5c34,361932,362217,36516,-1340,0,6,0,1,1,1,1,8759,361689,0x00346dc5d639,140737488355327,-140737488355328,-42,285,285
4,727,11729,728,100500.000000,100000.000000,0x00346dc5d639,16,7,0x00346dcb5d22,362170,362450,35844,-1344,0,6,0,1,1,1,1,8759,361932,0x00346dc5d639,140737488355327,-140737488355328,-42,280,280
4,728,11745,729,100500.000000,100000.000000,0x00346dc5d639,16,7,0x00346dcb5e0b,362402,362676,35176,-1340,0,6,0,1,1,1,1,8759,362170,0x00346dc5d639,140737488355327,-140737488355328,-42,274,274
4,729,11761,730,100500.000000,100000.000000,0x00346dc5d639,16,7,0x00346dcb5eed,362629,362898,34504,-1340,0,6,0,1,1,1,1,8759,362402,0x00346dc5d639,140737488355327,-140737488355328,-42,269,269
4,730,11777,731,100500.000000,100000.000000,0x00346dc5d639,16,7,0x00346dcb5fcb,362851,363115,33832,-1344,0,6,0,1,1,1,1,8760,362629,0x00346dc5d639,140737488355327,-140737488355328,-42,264,264
4,731,11793,732,100500.000000,100000.000000,0x00346dc5d639,16,7,0x00346dcb60a4,363068,363327,33164,-1340,0,6,0,1,1,1,1,8760,362851,0x00346dc5d639,140737488355327,-140737488355328,-42,259,259
4,732,11809,733,100500.000000,100000.000000,0x00346dc5d639,16,7,0x00346dcb6178,365839,366604,98024,64192,0,6,0,1,1,1,1,8760,363068,0x00346dc5d639,140737488355327,-140737488355328,2006,765,765
4,733,11825,734,100500.000000,100000.000000,0x00346dc5d639,16,7,0x00346dcb6e45,368605,369365,97356,64192,0,6,0,1,1,1,1,8759,365839,0x00346dc5d639,140737488355327,-140737488355328,2006,760,760
4,734,11841,735,100500.000000,100000.000000,0x00346dc5d639,16,7,0x00346dcb790e,369318,370073,96684,-1340,0,6,0,1,1,1,1,8759,368605,0x00346dc5d639,140737488355327,-140737488355328,-42,755,755
4,735,11857,736,100500.000000,100000.000000,0x00346dc5d639,16,7,0x00346dcb7bd2,370026,370776,96012,-1344,0,6,0,1,1,1,1,8759,369318,0x00346dc5d639,140737488355327,-140737488355328,-42,750,750
4,736,11873,737,100500.000000,100000.000000,0x00346dc5d639,16,7,0x00346dcb7e91,370728,371472,95340,-1344,0,6,0,1,1,1,1,8759,370026,0x00346dc5d639,140737488355327,-140737488355328,-42,744,744
4,737,11889,738,100500.000000,100000.000000,0x00346dc5d639,16,7,0x00346dcb8149,371425,372164,94672,-1340,0,6,0,1,1,1,1,8759,370728,0x00346dc5d639,140737488355327,-140737488355328,-42,739,739
4,738,11905,739,100500.000000,100000.000000,0x00346dc5d639,16,7,0x00346dcb83fd,372117,372851,94000,-1340,0,6,0,1,1,1,1,8759,371425,0x00346dc5d639,140737488355327,-140737488355328,-42,734,734
4,739,11921,740,100500.000000,100000.000000,0x00346dc5d639,16,7,0x00346dcb86ac,372804,373533,93328,-1344,0,6,0,1,1,1,1,8759,372117,0x00346dc5d639,140737488355327,-140737488355328,-42,729,729
4,740,11937,741,100500.000000,100000.000000,0x00346dc5d639,16,7,0x00346dcb8956,373485,374208,92656,-1344,0,6,0,1,1,1,1,8759,372804,0x00346dc5d639,140737488355327,-140737488355328,-42,723,723
4,741,11953,742,100500.000000,100000.000000,0x00346dc5d639,16,7,0x00346dcb8bf9,374161,374879,91984,-1344,0,6,0,1,1,1,1,8758,373485,0x00346dc5d639,140737488355327,-140737488355328,-42,718,718
4,742,11969,743,100500.000000,100000.000000,0x00346dc5d639,16,7,0x00346dcb8e98,374832,375545,91316,-1340,0,6,0,1,1,1,1,8758,374161,0x00346dc5d639,140737488355327,-140737488355328,-42,713,713
4,743,11985,744,100500.000000,100000.000000,0x00346dc5d639,16,7,0x00346dcb9132,375498,376206,90644,-1340,0,6,0,1,1,1,1,8758,374832,0x00346dc5d639,140737488355327,-140737488355328,-42,708,708
4,744,12000,745,100500.000000,100000.000000,0x00346dc5d639,16,7,0x00346dcb93c7,376158,376860,89972,-1344,0,6,0,1,1,1,1,8758,375498,0x00346dc5d639,140737488355327,-140737488355328,-42,702,702
5,0,49,1,150500.000000,150000.000000,0x004ea4a8c155,8,4,0x004ea4a8c155,0,0,79312,-780,0,3,0,1,1,1,0,8718,0,0x004ea4a8c155,140737488355327,-140737488355328,0,0,0
5,1,57,2,150500.000000,150000.000000,0x004ea4a8c155,8,4,0x004ea4a8c155,0,0,78664,-1084,0,4,0,1,1,1,0,8595,0,0x004ea4a8c155,140737488355327,-140737488355328,0,0,0
5,2,65,3,150500.000000,150000.000000,0x004ea4a8c155,8,4,0x004ea4a8c155,-369,-369,77836,-1476,0,4,0,1,1,1,0,8762,0,0x004ea4a8c155,140737488355327,-140737488355328,-369,0,0
5,3,73,4,150500.000000,150000.000000,0x004ea4a8c155,8,4,0x004ea4a8bfe4,-669,-669,77464,-1200,0,5,0,1,1,1,0,8883,-369,0x004ea4a8c155,140737488355327,-140737488355328,-300,0,0
5,4,81,5,150500.000000,150000.000000,0x004ea4a8c155,8,4,0x004ea4a8beb8,-451,-150,77172,-664,0,5,0,1,1,1,0,8855,-669,0x004ea4a8c155,140737488355327,-140737488355328,-83,301,301
5,5,89,6,150500.000000,150000.000000,0x004ea4a8c155,8,4,0x004ea4a8c0bf,-274,24,76496,-968,0,6,0,1,1,1,1,8613,-451,0x004ea4a8c155,140737488355327,-140737488355328,-121,298,298
5,6,97,7,150500.000000,150000.000000,0x004ea4a8c155,8,4,0x004ea4a8c16d,272,863,75760,-1412,0,6,0,1,1,1,1,8644,-274,0x004ea4a8c155,140737488355327,-140737488355328,-45,591,591
5,7,105,8,150500.000000,150000.000000,0x004ea4a8c155,8,4,0x004ea4a8c4b4,818,1405,75184,-1312,0,6,0,1,1,1,1,8900,272,0x004ea4a8c155,140737488355327,-140737488355328,-41,587,587
5,8,113,9,150500.000000,150000.000000,0x004ea4a8c155,8,4,0x004ea4a8c6d2,1376,1961,74896,-864,0,6,0,1,1,1,1,8869,818,0x004ea4a8c155,140737488355327,-140737488355328,-27,585,585
5,9,121,10,150500.000000,150000.000000,0x004ea4a8c155,8,4,0x004ea4a8c8fe,1933,2514,74444,-740,0,6,0,1,1,1,1,8693,1376,0x004ea4a8c155,140737488355327,-140737488355328,-24,581,581
5,10,129,11,150500.000000,150000.000000,0x004ea4a8c155,8,4,0x004ea4a8cb27,2467,3042,73600,-1296,0,6,0,1,1,1,1,8613,1933,0x004ea4a8c155,140737488355327,-140737488355328,-41,575,575
5,11,137,12,150500.000000,150000.000000,0x004ea4a8c155,8,4,0x004ea4a8cd37,2991,3561,72980,-1464,0,6,0,1,1,1,1,8784,2467,0x004ea4a8c155,140737488355327,-140737488355328,-46,570,570
5,12,145,13,150500.000000,150000.000000,0x004ea4a8c155,8,4,0x004ea4a8cf3e,3527,4094,72632,-968,0,6,0,1,1,1,1,8944,2991,0x004ea4a8c155,140737488355327,-140737488355328,-31,567,567
5,13,153,14,150500.000000,150000.000000,0x004ea4a8c155,8,4,0x004ea4a8d153,4068,4632,72244,-736,0,6,0,1,1,1,1,8751,3527,0x004ea4a8c155,140737488355327,-140737488355328,-23,564,564
5,14,161,15,150500.000000,150000.000000,0x004ea4a8c155,8,4,0x004ea4a8d36d,4593,5152,71568,-1064,0,6,0,1,1,1,1,8598,4068,0x004ea4a8c155,140737488355327,-140737488355328,-34,559,559
5,15,169,16,150500.000000,150000.000000,0x004ea4a8c155,8,4,0x004ea4a8d575,5099,5651,70772,-1472,0,6,0,1,1,1,1,8728,4593,0x004ea4a8c155,140737488355327,-140737488355328,-46,552,552
5,16,177,17,150500.000000,150000.000000,0x004ea4a8c155,8,4,0x004ea4a8d768,5610,6159,70356,-1212,0,6,0,1,1,1,1,8897,5099,0x004ea4a8c155,140737488355327,-140737488355328,-38,549,549
5,17,185,18,150500.000000,150000.000000,0x004ea4a8c155,8,4,0x004ea4a8d964,6134,6681,70056,-716,0,6,0,1,1,1,1,8856,5610,0x004ea4a8c155,140737488355327,-140737488355328,-23,547,547
5,18,193,19,150500.000000,150000.000000,0x004ea4a8c155,8,4,0x004ea4a8db6e,6647,7189,69444,-912,0,6,0,1,1,1,1,8627,6134,0x004ea4a8c155,140737488355327,-140737488355328,-29,542,542
5,19,201,20,150500.000000,150000.000000,0x004ea4a8c155,8,4,0x004ea4a8dd6a,7139,7675,68664,-1392,0,6,0,1,1,1,1,8639,6647,0x004ea4a8c155,140737488355327,-140737488355328,-44,536,536
5,20,209,21,150500.000000,150000.000000,0x004ea4a8c155,8,4,0x004ea4a8df50,7627,8158,68088,-1356,0,6,0,1,1,1,1,8872,7139,0x004ea4a8c155,140737488355327,-140737488355328,-43,531,531
5,21,217,22,150500.000000,150000.000000,0x004ea4a8c155,8,4,0x004ea4a8e133,8128,8657,67792,-872,0,6,0,1,1,1,1,8893,7627,0x004ea4a8c155,140737488355327,-140737488355328,-28,529,529
5,22,225,23,150500.000000,150000.000000,0x004ea4a8c155,8,4,0x004ea4a8e326,8630,9156,67348,-740,0,6,0,1,1,1,1,8704,8128,0x004ea4a8c155,140737488355327,-140737488355328,-24,526,526
5,23,233,24,150500.000000,150000.000000,0x004ea4a8c155,8,4,0x004ea4a8e519,9110,9629,66548,-1244,0,6,0,1,1,1,1,8604,8630,0x004ea4a8c155,140737488355327,-140737488355328,-39,519,519
5,24,241,25,150500.000000,150000.000000,0x004ea4a8c155,8,4,0x004ea4a8e6f2,9578,10092,65880,-1468,0,6,0,1,1,1,1,8777,9110,0x004ea4a8c155,140737488355327,-140737488355328,-46,514,514
5,25,249,26,150500.000000,150000.000000,0x004ea4a8c155,8,4,0x004ea4a8e8c1,10056,10567,65520,-1028,0,6,0,1,1,1,1,8934,9578,0x004ea4a8c155,140737488355327,-140737488355328,-33,511,511
5,26,257,27,150500.000000,150000.000000,0x004ea4a8c155,8,4,0x004ea4a8ea9c,10542,11051,65160,-720,0,6,0,1,1,1,1,8776,10056,0x004ea4a8c155,140737488355327,-140737488355328,-23,509,509
5,27,265,28,150500.000000,150000.000000,0x004ea4a8c155,8,4,0x004ea4a8ec80,11012,11515,64488,-1032,0,6,0,1,1,1,1,8602,10542,0x004ea4a8c155,140737488355327,-140737488355328,-33,503,503
5,28,273,29,150500.000000,150000.000000,0x004ea4a8c155,8,4,0x004ea4a8ee50,11463,11960,63692,-1468,0,6,0,1,1,1,1,8706,11012,0x004ea4a8c155,140737488355327,-140737488355328,-46,497,497
5,29,281,30,150500.000000,150000.000000,0x004ea4a8c155,8,4,0x004ea4a8f00d,11918,12412,63244,-1244,0,6,0,1,1,1,1,8900,11463,0x004ea4a8c155,140737488355327,-140737488355328,-39,494,494
5,30,289,31,150500.000000,150000.000000,0x004ea4a8c155,8,4,0x004ea4a8f1d1,12385,12876,62952,-740,0,6,0,1,1,1,1,8866,11918,0x004ea4a8c155,140737488355327,-140737488355328,-24,491,491
5,31,297,32,150500.000000,150000.000000,0x004ea4a8c155,8,4,0x004ea4a8f3a1,12845,13332,62380,-864,0,6,0,1,1,1,1,8642,12385,0x004ea4a8c155,140737488355327,-140737488355328,-27,487,487
5,32,305,33,150500.000000,150000.000000,0x004ea4a8c155,8,4,0x004ea4a8f569,13283,13764,61584,-1368,0,6,0,1,1,1,1,8632,12845,0x004ea4a8c155,140737488355327,-140737488355328,-43,481,481
5,33,313,34,150500.000000,150000.000000,0x004ea4a8c155,8,4,0x004ea4a8f719,13715,14191,60988,-1392,0,6,0,1,1,1,1,8853,13283,0x004ea4a8c155,140737488355327,-140737488355328,-44,476,476
5,34,321,35,150500.000000,150000.000000,0x004ea4a8c155,8,4,0x004ea4a8f8c4,14161,14635,60688,-896,0,6,0,1,1,1,1,8908,13715,0x004ea4a8c155,140737488355327,-140737488355328,-28,474,474
5,35,329,36,150500.000000,150000.000000,0x004ea4a8c155,8,4,0x004ea4a8fa80,14608,15078,60256,-732,0,6,0,1,1,1,1,8720,14161,0x004ea4a8c155,140737488355327,-140737488355328,-23,470,470
5,36,337,37,150500.000000,150000.000000,0x004ea4a8c155,8,4,0x004ea4a8fc3b,15034,15498,59484,-1204,0,6,0,1,1,1,1,8600,14608,0x004ea4a8c155,140737488355327,-140737488355328,-38,464,464
5,37,345,38,150500.000000,150000.000000,0x004ea4a8c155,8,4,0x004ea4a8fddf,15447,15906,58784,-1472,0,6,0,1,1,1,1,8766,15034,0x004ea4a8c155,140737488355327,-140737488355328,-46,459,459
5,38,353,39,150500.000000,150000.000000,0x004ea4a8c155,8,4,0x004ea4a8ff77,15869,16325,58408,-1076,0,6,0,1,1,1,1,8929,15447,0x004ea4a8c155,140737488355327,-140737488355328,-34,456,456
5,39,361,40,150500.000000,150000.000000,0x004ea4a8c155,8,4,0x004ea4a9011a,16299,16752,58072,-712,0,6,0,1,1,1,1,8799,15869,0x004ea4a8c155,140737488355327,-140737488355328,-23,453,453
5,40,369,41,150500.000000,150000.000000,0x004ea4a8c155,8,4,0x004ea4a902c5,16715,17163,57412,-996,0,6,0,1,1,1,1,8609,16299,0x004ea4a8c155,140737488355327,-140737488355328,-32,448,448
5,41,377,42,150500.000000,150000.000000,0x004ea4a8c155,8,4,0x004ea4a90460,17111,17553,56616,-1456,0,6,0,1,1,1,1,8688,16715,0x004ea4a8c155,140737488355327,-140737488355328,-46,442,442
5,42,385,43,150500.000000,150000.000000,0x004ea4a8c155,8,4,0x004ea4a905e6,17509,17947,56136,-1276,0,6,0,1,1,1,1,8895,17111,0x004ea4a8c155,140737488355327,-140737488355328,-40,438,438
5,43,393,44,150500.000000,150000.000000,0x004ea4a8c155,8,4,0x004ea4a90770,17921,18357,55848,-768,0,6,0,1,1,1,1,8879,17509,0x004ea4a8c155,140737488355327,-140737488355328,-24,436,436
5,44,401,45,150500.000000,150000.000000,0x004ea4a8c155,8,4,0x004ea4a9090a,18327,18759,55308,-828,0,6,0,1,1,1,1,8659,17921,0x004ea4a8c155,140737488355327,-140737488355328,-26,432,432
5,45,409,46,150500.000000,150000.000000,0x004ea4a8c155,8,4,0x004ea4a90a9c,18710,19135,54508,-1340,0,6,0,1,1,1,1,8625,18327,0x004ea4a8c155,140737488355327,-140737488355328,-42,425,425
5,46,417,47,150500.000000,150000.000000,0x004ea4a8c155,8,4,0x004ea4a90c14,19086,19507,53892,-1416,0,6,0,1,1,1,1,8836,18710,0x004ea4a8c155,140737488355327,-140737488355328,-45,421,421
5,47,425,48,150500.000000,150000.000000,0x004ea4a8c155,8,4,0x004ea4a90d88,19475,19893,53580,-928,0,6,0,1,1,1,1,8918,19086,0x004ea4a8c155,140737488355327,-140737488355328,-29,418,418
5,48,433,49,150500.000000,150000.000000,0x004ea4a8c155,8,4,0x004ea4a90f0a,19867,20282,53172,-720,0,6,0,1,1,1,1,8737,19475,0x004ea4a8c155,140737488355327,-140737488355328,-23,415,415
5,49,441,50,150500.000000,150000.000000,0x004ea4a8c155,8,4,0x004ea4a9108f,20239,20648,52420,-1160,0,6,0,1,1,1,1,8600,19867,0x004ea4a8c155,140737488355327,-140737488355328,-37,409,409
5,50,449,51,150500.000000,150000.000000,0x004ea4a8c155,8,4,0x004ea4a911fd,20595,20998,51696,-1476,0,6,0,1,1,1,1,8751,20239,0x004ea4a8c155,140737488355327,-140737488355328,-47,403,403
5,51,457,52,150500.000000,150000.000000,0x004ea4a8c155,8,4,0x004ea4a9135b,20960,21360,51300,-1120,0,6,0,1,1,1,1,8927,20595,0x004ea4a8c155,140737488355327,-140737488355328,-35,400,400
5,52,465,53,150500.000000,150000.000000,0x004ea4a8c155,8,4,0x004ea4a914c5,21335,21733,50980,-716,0,6,0,1,1,1,1,8819,20960,0x004ea4a8c155,140737488355327,-140737488355328,-23,398,398
5,53,473,54,150500.000000,150000.000000,0x004ea4a8c155,8,4,0x004ea4a9163a,21698,22091,50340,-960,0,6,0,1,1,1,1,8618,21335,0x004ea4a8c155,140737488355327,-140737488355328,-30,393,393
5,54,481,55,150500.000000,150000.000000,0x004ea4a8c155,8,4,0x004ea4a917a0,22040,22427,49540,-1440,0,6,0,1,1,1,1,8673,21698,0x004ea4a8c155,140737488355327,-140737488355328,-45,387,387
5,55,489,56,150500.000000,150000.000000,0x004ea4a8c155,8,4,0x004ea4a918f0,22382,22765,49032,-1308,0,6,0,1,1,1,1,8887,22040,0x004ea4a8c155,140737488355327,-140737488355328,-41,383,383
5,56,497,57,150500.000000,150000.000000,0x004ea4a8c155,8,4,0x004ea4a91a42,22737,23117,48744,-796,0,6,0,1,1,1,1,8890,22382,0x004ea4a8c155,140737488355327,-140737488355328,-25,380,380
5,57,505,58,150500.000000,150000.000000,0x004ea4a8c155,8,4,0x004ea4a91ba2,23088,23464,48232,-800,0,6,0,1,1,1,1,8674,22737,0x004ea4a8c155,140737488355327,-140737488355328,-25,376,376
5,58,513,59,150500.000000,150000.000000,0x004ea4a8c155,8,4,0x004ea4a91cfd,23417,23787,47440,-1304,0,6,0,1,1,1,1,8617,23088,0x004ea4a8c155,140737488355327,-140737488355328,-41,370,370
5,59,521,60,150500.000000,150000.000000,0x004ea4a8c155,8,4,0x004ea4a91e40,23737,24102,46796,-1436,0,6,0,1,1,1,1,8820,23417,0x004ea4a8c155,140737488355327,-140737488355328,-45,365,365
5,60,529,61,150500.000000,150000.000000,0x004ea4a8c155,8,4,0x004ea4a91f7b,24069,24432,46472,-968,0,6,0,1,1,1,1,8926,23737,0x004ea4a8c155,140737488355327,-140737488355328,-31,363,363
5,61,537,62,150500.000000,150000.000000,0x004ea4a8c155,8,4,0x004ea4a920c5,24406,24766,46084,-712,0,6,0,1,1,1,1,8755,24069,0x004ea4a8c155,140737488355327,-140737488355328,-23,360,360
5,62,545,63,150500.000000,150000.000000,0x004ea4a8c155,8,4,0x004ea4a92213,24725,25079,45356,-1116,0,6,0,1,1,1,1,8600,24406,0x004ea4a8c155,140737488355327,-140737488355328,-35,354,354
5,63,553,64,150500.000000,150000.000000,0x004ea4a8c155,8,4,0x004ea4a9234c,25026,25374,44608,-1476,0,6,0,1,1,1,1,8735,24725,0x004ea4a8c155,140737488355327,-140737488355328,-47,348,348
5,64,561,65,150500.000000,150000.000000,0x004ea4a8c155,8,4,0x004ea4a92473,25334,25679,44196,-1160,0,6,0,1,1,1,1,8922,25026,0x004ea4a8c155,140737488355327,-140737488355328,-37,345,345
5,65,569,66,150500.000000,150000.000000,0x004ea4a8c155,8,4,0x004ea4a925a4,25653,25995,43884,-724,0,6,0,1,1,1,1,8838,25334,0x004ea4a8c155,140737488355327,-140737488355328,-23,342,342
5,66,577,67,150500.000000,150000.000000,0x004ea4a8c155,8,4,0x004ea4a926e0,25962,26300,43272,-924,0,6,0,1,1,1,1,8628,25653,0x004ea4a8c155,140737488355327,-140737488355328,-29,338,338
5,67,585,68,150500.000000,150000.000000,0x004ea4a8c155,8,4,0x004ea4a92811,26248,26579,42468,-1416,0,6,0,1,1,1,1,8660,25962,0x004ea4a8c155,140737488355327,-140737488355328,-45,331,331
5,68,593,69,150500.000000,150000.000000,0x004ea4a8c155,8,4,0x004ea4a92928,26533,26860,41932,-1340,0,6,0,1,1,1,1,8876,26248,0x004ea4a8c155,140737488355327,-140737488355328,-42,327,327
5,69,601,70,150500.000000,150000.000000,0x004ea4a8c155,8,4,0x004ea4a92a41,26832,27157,41640,-828,0,6,0,1,1,1,1,8901,26533,0x004ea4a8c155,140737488355327,-140737488355328,-26,325,325
5,70,609,71,150500.000000,150000.000000,0x004ea4a8c155,8,4,0x004ea4a92b6a,27128,27449,41160,-772,0,6,0,1,1,1,1,8691,26832,0x004ea4a8c155,140737488355327,-140737488355328,-25,321,321
5,71,617,72,150500.000000,150000.000000,0x004ea4a8c155,8,4,0x004ea4a92c8e,27403,27718,40372,-1268,0,6,0,1,1,1,1,8610,27128,0x004ea4a8c155,140737488355327,-140737488355328,-40,315,315
5,72,625,73,150500.000000,150000.000000,0x004ea4a8c155,8,4,0x004ea4a92d9b,27667,27977,39704,-1456,0,6,0,1,1,1,1,8802,27403,0x004ea4a8c155,140737488355327,-140737488355328,-46,310,310
5,73,633,74,150500.000000,150000.000000,0x004ea4a8c155,8,4,0x004ea4a92e9e,27942,28249,39368,-1004,0,6,0,1,1,1,1,8928,27667,0x004ea4a8c155,140737488355327,-140737488355328,-32,307,307
5,74,641,75,150500.000000,150000.000000,0x004ea4a8c155,8,4,0x004ea4a92fae,28224,28528,39000,-704,0,6,0,1,1,1,1,8773,27942,0x004ea4a8c155,140737488355327,-140737488355328,-22,304,304
5,75,649,76,150500.000000,150000.000000,0x004ea4a8c155,8,4,0x004ea4a930c5,28489,28788,38292,-1076,0,6,0,1,1,1,1,8603,28224,0x004ea4a8c155,140737488355327,-140737488355328,-34,299,299
5,76,657,77,150500.000000,150000.000000,0x004ea4a8c155,8,4,0x004ea4a931c9,28735,29028,37524,-1476,0,6,0,1,1,1,1,8719,28489,0x004ea4a8c155,140737488355327,-140737488355328,-47,293,293
5,77,665,78,150500.000000,150000.000000,0x004ea4a8c155,8,4,0x004ea4a932b9,28986,29275,37088,-1204,0,6,0,1,1,1,1,8914,28735,0x004ea4a8c155,140737488355327,-140737488355328,-38,289,289
5,78,673,79,150500.000000,150000.000000,0x004ea4a8c155,8,4,0x004ea4a933b0,29250,29537,36788,-736,0,6,0,1,1,1,1,8853,28986,0x004ea4a8c155,140737488355327,-140737488355328,-23,287,287
5,79,681,80,150500.000000,150000.000000,0x004ea4a8c155,8,4,0x004ea4a934b6,29504,29786,36204,-884,0,6,0,1,1,1,1,8638,29250,0x004ea4a8c155,140737488355327,-140737488355328,-28,282,282
5,80,689,81,150500.000000,150000.000000,0x004ea4a8c155,8,4,0x004ea4a935af,29736,30012,35396,-1392,0,6,0,1,1,1,1,8646,29504,0x004ea4a8c155,140737488355327,-140737488355328,-44,276,276
5,81,697,82,150500.000000,150000.000000,0x004ea4a8c155,8,4,0x004ea4a93691,29965,30237,34832,-1372,0,6,0,1,1,1,1,8862,29736,0x004ea4a8c155,140737488355327,-140737488355328,-43,272,272
5,82,705,83,150500.000000,150000.000000,0x004ea4a8c155,8,4,0x004ea4a93772,30207,30476,34536,-860,0,6,0,1,1,1,1,8910,29965,0x004ea4a8c155,140737488355327,-140737488355328,-27,269,269
5,83,713,84,150500.000000,150000.000000,0x004ea4a8c155,8,4,0x004ea4a93861,30449,30715,34080,-752,0,6,0,1,1,1,1,8707,30207,0x004ea4a8c155,140737488355327,-140737488355328,-24,266,266
5,84,721,85,150500.000000,150000.000000,0x004ea4a8c155,8,4,0x004ea4a93950,30670,30930,33308,-1228,0,6,0,1,1,1,1,8605,30449,0x004ea4a8c155,140737488355327,-140737488355328,-39,260,260
5,85,729,86,150500.000000,150000.000000,0x004ea4a8c155,8,4,0x004ea4a93a27,33438,34204,98148,64068,0,6,0,1,1,1,1,8784,30670,0x004ea4a8c155,140737488355327,-140737488355328,2002,766,766
5,86,737,87,150500.000000,150000.000000,0x004ea4a8c155,8,4,0x004ea4a946f1,36217,36981,97792,64484,0,6,0,1,1,1,1,8929,33438,0x004ea4a8c155,140737488355327,-140737488355328,2015,764,764
5,87,745,88,150500.000000,150000.000000,0x004ea4a8c155,8,4,0x004ea4a951ca,36956,37717,97444,-704,0,6,0,1,1,1,1,8790,36217,0x004ea4a8c155,140737488355327,-140737488355328,-22,761,761
5,88,753,89,150500.000000,150000.000000,0x004ea4a8c155,8,4,0x004ea4a954aa,37678,38433,96760,-1032,0,6,0,1,1,1,1,8606,36956,0x004ea4a8c155,140737488355327,-140737488355328,-33,755,755
5,89,761,90,150500.000000,150000.000000,0x004ea4a8c155,8,4,0x004ea4a95776,38381,39130,95980,-1464,0,6,0,1,1,1,1,8700,37678,0x004ea4a8c155,140737488355327,-140737488355328,-46,749,749
5,90,769,91,150500.000000,150000.000000,0x004ea4a8c155,8,4,0x004ea4a95a2f,39088,39834,95516,-1244,0,6,0,1,1,1,1,8905,38381,0x004ea4a8c155,140737488355327,-140737488355328,-39,746,746
5,91,777,92,150500.000000,150000.000000,0x004ea4a8c155,8,4,0x004ea4a95cef,39807,40550,95224,-756,0,6,0,1,1,1,1,8866,39088,0x004ea4a8c155,140737488355327,-140737488355328,-24,743,743
5,92,785,93,150500.000000,150000.000000,0x004ea4a8c155,8,4,0x004ea4a95fbb,40519,41258,94668,-848,0,6,0,1,1,1,1,8649,39807,0x004ea4a8c155,140737488355327,-140737488355328,-27,739,739
5,93,793,94,150500.000000,150000.000000,0x004ea4a8c155,8,4,0x004ea4a9627f,41209,41942,93864,-1360,0,6,0,1,1,1,1,8633,40519,0x004ea4a8c155,140737488355327,-140737488355328,-43,733,733
5,94,801,95,150500.000000,150000.000000,0x004ea4a8c155,8,4,0x004ea4a9652b,41893,42621,93268,-1400,0,6,0,1,1,1,1,8846,41209,0x004ea4a8c155,140737488355327,-140737488355328,-44,728,728
5,95,809,96,150500.000000,150000.000000,0x004ea4a8c155,8,4,0x004ea4a967d2,42590,43316,92964,-900,0,6,0,1,1,1,1,8916,41893,0x004ea4a8c155,140737488355327,-140737488355328,-29,726,726
5,96,817,97,150500.000000,150000.000000,0x004ea4a8c155,8,4,0x004ea4a96a89,43289,44011,92536,-732,0,6,0,1,1,1,1,8723,42590,0x004ea4a8c155,140737488355327,-140737488355328,-23,722,722
5,97,825,98,150500.000000,150000.000000,0x004ea4a8c155,8,4,0x004ea4a96d40,43968,44685,91776,-1188,0,6,0,1,1,1,1,8600,43289,0x004ea4a8c155,140737488355327,-140737488355328,-38,717,717
5,98,833,99,150500.000000,150000.000000,0x004ea4a8c155,8,4,0x004ea4a96fe2,44632,45343,91060,-1476,0,6,0,1,1,1,1,8764,43968,0x004ea4a8c155,140737488355327,-140737488355328,-47,711,711
5,99,841,100,150500.000000,150000.000000,0x004ea4a8c155,8,4,0x004ea4a97274,45306,46014,90688,-1088,0,6,0,1,1,1,1,8926,44632,0x004ea4a8c155,140737488355327,-140737488355328,-34,708,708
5,100,849,101,150500.000000,150000.000000,0x004ea4a8c155,8,4,0x004ea4a97513,45988,46693,90352,-708,0,6,0,1,1,1,1,8805,45306,0x004ea4a8c155,140737488355327,-140737488355328,-23,705,705
5,101,857,102,150500.000000,150000.000000,0x004ea4a8c155,8,4,0x004ea4a977ba,46657,47357,89696,-992,0,6,0,1,1,1,1,8611,45988,0x004ea4a8c155,140737488355327,-140737488355328,-31,700,700
5,102,865,103,150500.000000,150000.000000,0x004ea4a8c155,8,4,0x004ea4a97a52,47305,47999,88904,-1448,0,6,0,1,1,1,1,8682,46657,0x004ea4a8c155,140737488355327,-140737488355328,-46,694,694
5,103,873,104,150500.000000,150000.000000,0x004ea4a8c155,8,4,0x004ea4a97cd4,47954,48644,88412,-1284,0,6,0,1,1,1,1,8894,47305,0x004ea4a8c155,140737488355327,-140737488355328,-41,690,690
5,104,881,105,150500.000000,150000.000000,0x004ea4a8c155,8,4,0x004ea4a97f59,48617,49305,88124,-780,0,6,0,1,1,1,1,8878,47954,0x004ea4a8c155,140737488355327,-140737488355328,-25,688,688
5,105,889,106,150500.000000,150000.000000,0x004ea4a8c155,8,4,0x004ea4a981ee,49275,49959,87596,-816,0,6,0,1,1,1,1,8661,48617,0x004ea4a8c155,140737488355327,-140737488355328,-26,684,684
5,106,897,107,150500.000000,150000.000000,0x004ea4a8c155,8,4,0x004ea4a9847c,49911,50589,86792,-1332,0,6,0,1,1,1,1,8621,49275,0x004ea4a8c155,140737488355327,-140737488355328,-42,678,678
5,107,905,108,150500.000000,150000.000000,0x004ea4a8c155,8,4,0x004ea4a986f2,50539,51212,86168,-1428,0,6,0,1,1,1,1,8828,49911,0x004ea4a8c155,140737488355327,-140737488355328,-45,673,673
5,108,913,109,150500.000000,150000.000000,0x004ea4a8c155,8,4,0x004ea4a98961,51179,51849,85856,-936,0,6,0,1,1,1,1,8920,50539,0x004ea4a8c155,140737488355327,-140737488355328,-30,670,670
5,109,921,110,150500.000000,150000.000000,0x004ea4a8c155,8,4,0x004ea4a98bde,51823,52490,85452,-716,0,6,0,1,1,1,1,8739,51179,0x004ea4a8c155,140737488355327,-140737488355328,-23,667,667
5,110,929,111,150500.000000,150000.000000,0x004ea4a8c155,8,4,0x004ea4a98e5f,52448,53109,84708,-1148,0,6,0,1,1,1,1,8597,51823,0x004ea4a8c155,140737488355327,-140737488355328,-36,661,661
5,111,937,112,150500.000000,150000.000000,0x004ea4a8c155,8,4,0x004ea4a990ca,53057,53713,83972,-1480,0,6,0,1,1,1,1,8745,52448,0x004ea4a8c155,140737488355327,-140737488355328,-47,656,656
5,112,945,113,150500.000000,150000.000000,0x004ea4a8c155,8,4,0x004ea4a99326,53673,54325,83576,-1132,0,6,0,1,1,1,1,8922,53057,0x004ea4a8c155,140737488355327,-140737488355328,-36,652,652
5,113,953,114,150500.000000,150000.000000,0x004ea4a8c155,8,4,0x004ea4a9958a,54300,54950,83256,-716,0,6,0,1,1,1,1,8821,53673,0x004ea4a8c155,140737488355327,-140737488355328,-23,650,650
5,114,961,115,150500.000000,150000.000000,0x004ea4a8c155,8,4,0x004ea4a997fb,54915,55560,82628,-948,0,6,0,1,1,1,1,8617,54300,0x004ea4a8c155,140737488355327,-140737488355328,-30,645,645
5,115,969,116,150500.000000,150000.000000,0x004ea4a8c155,8,4,0x004ea4a99a5d,55509,56148,81824,-1432,0,6,0,1,1,1,1,8666,54915,0x004ea4a8c155,140737488355327,-140737488355328,-45,639,639
5,116,977,117,150500.000000,150000.000000,0x004ea4a8c155,8,4,0x004ea4a99ca9,56102,56737,81308,-1320,0,6,0,1,1,1,1,8882,55509,0x004ea4a8c155,140737488355327,-140737488355328,-42,635,635
5,117,985,118,150500.000000,150000.000000,0x004ea4a8c155,8,4,0x004ea4a99ef6,56708,57340,81016,-808,0,6,0,1,1,1,1,8889,56102,0x004ea4a8c155,140737488355327,-140737488355328,-26,632,632
5,118,993,119,150500.000000,150000.000000,0x004ea4a8c155,8,4,0x004ea4a9a151,57312,57941,80516,-792,0,6,0,1,1,1,1,8674,56708,0x004ea4a8c155,140737488355327,-140737488355328,-25,629,629
5,119,1001,120,150500.000000,150000.000000,0x004ea4a8c155,8,4,0x004ea4a9a3aa,57893,58515,79720,-1296,0,6,0,1,1,1,1,8611,57312,0x004ea4a8c155,140737488355327,-140737488355328,-41,622,622
5,120,1009,121,150500.000000,150000.000000,0x004ea4a8c155,8,4,0x004ea4a9a5e8,58464,59081,79072,-1444,0,6,0,1,1,1,1,8811,57893,0x004ea4a8c155,140737488355327,-140737488355328,-46,617,617
5,121,1017,122,150500.000000,150000.000000,0x004ea4a8c155,8,4,0x004ea4a9a81e,59048,59663,78744,-976,0,6,0,1,1,1,1,8922,58464,0x004ea4a8c155,140737488355327,-140737488355328,-31,615,615
5,122,1025,123,150500.000000,150000.000000,0x004ea4a8c155,8,4,0x004ea4a9aa64,59637,60249,78364,-708,0,6,0,1,1,1,1,8755,59048,0x004ea4a8c155,140737488355327,-140737488355328,-23,612,612
5,123,1033,124,150500.000000,150000.000000,0x004ea4a8c155,8,4,0x004ea4a9acae,60208,60814,77640,-1104,0,6,0,1,1,1,1,8596,59637,0x004ea4a8c155,140737488355327,-140737488355328,-35,606,606
5,124,1041,125,150500.000000,150000.000000,0x004ea4a8c155,8,4,0x004ea4a9aee3,60761,61361,76884,-1480,0,6,0,1,1,1,1,8726,60208,0x004ea4a8c155,140737488355327,-140737488355328,-47,600,600
5,125,1049,126,150500.000000,150000.000000,0x004ea4a8c155,8,4,0x004ea4a9b106,61321,61918,76464,-1176,0,6,0,1,1,1,1,8915,60761,0x004ea4a8c155,140737488355327,-140737488355328,-37,597,597
5,126,1057,127,150500.000000,150000.000000,0x004ea4a8c155,8,4,0x004ea4a9b333,61893,62488,76160,-724,0,6,0,1,1,1,1,8837,61321,0x004ea4a8c155,140737488355327,-140737488355328,-23,595,595
5,127,1065,128,150500.000000,150000.000000,0x004ea4a8c155,8,4,0x004ea4a9b56d,62454,63044,75552,-912,0,6,0,1,1,1,1,8626,61893,0x004ea4a8c155,140737488355327,-140737488355328,-29,590,590
5,128,1073,129,150500.000000,150000.000000,0x004ea4a8c155,8,4,0x004ea4a9b799,62992,63575,74748,-1412,0,6,0,1,1,1,1,8652,62454,0x004ea4a8c155,140737488355327,-140737488355328,-45,583,583
5,129,1081,130,150500.000000,150000.000000,0x004ea4a8c155,8,4,0x004ea4a9b9ac,63528,64107,74204,-1348,0,6,0,1,1,1,1,8869,62992,0x004ea4a8c155,140737488355327,-140737488355328,-43,579,579
5,130,1089,131,150500.000000,150000.000000,0x004ea4a8c155,8,4,0x004ea4a9bbc0,64078,64655,73912,-836,0,6,0,1,1,1,1,8899,63528,0x004ea4a8c155,140737488355327,-140737488355328,-27,577,577
5,131,1097,132,150500.000000,150000.000000,0x004ea4a8c155,8,4,0x004ea4a9bde4,64627,65200,73436,-768,0,6,0,1,1,1,1,8689,64078,0x004ea4a8c155,140737488355327,-140737488355328,-24,573,573
5,132,1105,133,150500.000000,150000.000000,0x004ea4a8c155,8,4,0x004ea4a9c005,65154,65721,72648,-1264,0,6,0,1,1,1,1,8604,64627,0x004ea4a8c155,140737488355327,-140737488355328,-40,567,567
5,133,1113,134,150500.000000,150000.000000,0x004ea4a8c155,8,4,0x004ea4a9c20e,65670,66232,71976,-1460,0,6,0,1,1,1,1,8793,65154,0x004ea4a8c155,140737488355327,-140737488355328,-46,562,562
5,134,1121,135,150500.000000,150000.000000,0x004ea4a8c155,8,4,0x004ea4a9c40d,66197,66756,71636,-1012,0,6,0,1,1,1,1,8924,65670,0x004ea4a8c155,140737488355327,-140737488355328,-32,559,559
5,135,1129,136,150500.000000,150000.000000,0x004ea4a8c155,8,4,0x004ea4a9c619,66731,67287,71272,-704,0,6,0,1,1,1,1,8773,66197,0x004ea4a8c155,140737488355327,-140737488355328,-22,556,556
5,136,1137,137,150500.000000,150000.000000,0x004ea4a8c155,8,4,0x004ea4a9c82c,67248,67799,70568,-1068,0,6,0,1,1,1,1,8599,66731,0x004ea4a8c155,140737488355327,-140737488355328,-34,551,551
5,137,1145,138,150500.000000,150000.000000,0x004ea4a8c155,8,4,0x004ea4a9ca2c,67747,68292,69800,-1472,0,6,0,1,1,1,1,8709,67248,0x004ea4a8c155,140737488355327,-140737488355328,-46,545,545
5,138,1153,139,150500.000000,150000.000000,0x004ea4a8c155,8,4,0x004ea4a9cc19,68250,68791,69356,-1212,0,6,0,1,1,1,1,8908,67747,0x004ea4a8c155,140737488355327,-140737488355328,-38,541,541
5,139,1161,140,150500.000000,150000.000000,0x004ea4a8c155,8,4,0x004ea4a9ce0c,68765,69304,69060,-740,0,6,0,1,1,1,1,8852,68250,0x004ea4a8c155,140737488355327,-140737488355328,-24,539,539
5,140,1169,141,150500.000000,150000.000000,0x004ea4a8c155,8,4,0x004ea4a9d00d,69272,69807,68480,-876,0,6,0,1,1,1,1,8636,68765,0x004ea4a8c155,140737488355327,-140737488355328,-28,535,535
5,141,1177,142,150500.000000,150000.000000,0x004ea4a8c155,8,4,0x004ea4a9d204,69756,70284,67672,-1388,0,6,0,1,1,1,1,8639,69272,0x004ea4a8c155,140737488355327,-140737488355328,-44,528,528
5,142,1185,143,150500.000000,150000.000000,0x004ea4a8c155,8,4,0x004ea4a9d3e1,70236,70760,67100,-1380,0,6,0,1,1,1,1,8855,69756,0x004ea4a8c155,140737488355327,-140737488355328,-44,524,524
5,143,1193,144,150500.000000,150000.000000,0x004ea4a8c155,8,4,0x004ea4a9d5bd,70729,71250,66804,-868,0,6,0,1,1,1,1,8907,70236,0x004ea4a8c155,140737488355327,-140737488355328,-28,521,521
5,144,1201,145,150500.000000,150000.000000,0x004ea4a8c155,8,4,0x004ea4a9d7a7,71223,71741,66356,-744,0,6,0,1,1,1,1,8706,70729,0x004ea4a8c155,140737488355327,-140737488355328,-24,518,518
5,145,1209,146,150500.000000,150000.000000,0x004ea4a8c155,8,4,0x004ea4a9d992,71696,72208,65584,-1220,0,6,0,1,1,1,1,8601,71223,0x004ea4a8c155,140737488355327,-140737488355328,-39,512,512
5,146,1217,147,150500.000000,150000.000000,0x004ea4a8c155,8,4,0x004ea4a9db65,72156,72662,64884,-1472,0,6,0,1,1,1,1,8776,71696,0x004ea4a8c155,140737488355327,-140737488355328,-46,506,506
5,147,1225,148,150500.000000,150000.000000,0x004ea4a8c155,8,4,0x004ea4a9dd2b,72626,73130,64524,-1060,0,6,0,1,1,1,1,8926,72156,0x004ea4a8c155,140737488355327,-140737488355328,-34,504,504
5,148,1233,149,150500.000000,150000.000000,0x004ea4a8c155,8,4,0x004ea4a9deff,73105,73606,64180,-704,0,6,0,1,1,1,1,8791,72626,0x004ea4a8c155,140737488355327,-140737488355328,-22,501,501
5,149,1241,150,150500.000000,150000.000000,0x004ea4a8c155,8,4,0x004ea4a9e0db,73569,74065,63500,-1024,0,6,0,1,1,1,1,8605,73105,0x004ea4a8c155,140737488355327,-140737488355328,-32,496,496
5,150,1249,151,150500.000000,150000.000000,0x004ea4a8c155,8,4,0x004ea4a9e2a6,74013,74503,62720,-1460,0,6,0,1,1,1,1,8694,73569,0x004ea4a8c155,140737488355327,-140737488355328,-46,490,490
5,151,1257,152,150500.000000,150000.000000,0x004ea4a8c155,8,4,0x004ea4a9e45c,74459,74945,62248,-1252,0,6,0,1,1,1,1,8901,74013,0x004ea4a8c155,140737488355327,-140737488355328,-40,486,486
5,152,1265,153,150500.000000,150000.000000,0x004ea4a8c155,8,4,0x004ea4a9e616,74919,75403,61956,-764,0,6,0,1,1,1,1,8867,74459,0x004ea4a8c155,140737488355327,-140737488355328,-24,484,484
5,153,1273,154,150500.000000,150000.000000,0x004ea4a8c155,8,4,0x004ea4a9e7e0,75371,75850,61404,-844,0,6,0,1,1,1,1,8651,74919,0x004ea4a8c155,140737488355327,-140737488355328,-27,479,479
5,154,1281,155,150500.000000,150000.000000,0x004ea4a8c155,8,4,0x004ea4a9e99f,75801,76274,60600,-1356,0,6,0,1,1,1,1,8629,75371,0x004ea4a8c155,140737488355327,-140737488355328,-43,473,473
5,155,1289,156,150500.000000,150000.000000,0x004ea4a8c155,8,4,0x004ea4a9eb47,76225,76693,60000,-1404,0,6,0,1,1,1,1,8840,75801,0x004ea4a8c155,140737488355327,-140737488355328,-44,468,468
5,156,1297,157,150500.000000,150000.000000,0x004ea4a8c155,8,4,0x004ea4a9ecea,76662,77128,59692,-908,0,6,0,1,1,1,1,8916,76225,0x004ea4a8c155,140737488355327,-140737488355328,-29,466,466
5,157,1305,158,150500.000000,150000.000000,0x004ea4a8c155,8,4,0x004ea4a9ee9d,77102,77565,59268,-732,0,6,0,1,1,1,1,8725,76662,0x004ea4a8c155,140737488355327,-140737488355328,-23,463,463
5,158,1313,159,150500.000000,150000.000000,0x004ea4a8c155,8,4,0x004ea4a9f052,77522,77979,58512,-1180,0,6,0,1,1,1,1,8599,77102,0x004ea4a8c155,140737488355327,-140737488355328,-37,457,457
5,159,1321,160,150500.000000,150000.000000,0x004ea4a8c155,8,4,0x004ea4a9f1f0,77926,78377,57792,-1476,0,6,0,1,1,1,1,8760,77522,0x004ea4a8c155,140737488355327,-140737488355328,-47,451,451
5,160,1329,161,150500.000000,150000.000000,0x004ea4a8c155,8,4,0x004ea4a9f37e,78339,78787,57412,-1100,0,6,0,1,1,1,1,8924,77926,0x004ea4a8c155,140737488355327,-140737488355328,-35,448,448
5,161,1337,162,150500.000000,150000.000000,0x004ea4a8c155,8,4,0x004ea4a9f518,78761,79206,57084,-708,0,6,0,1,1,1,1,8810,78339,0x004ea4a8c155,140737488355327,-140737488355328,-23,445,445
5,162,1345,163,150500.000000,150000.000000,0x004ea4a8c155,8,4,0x004ea4a9f6bb,79170,79610,56432,-980,0,6,0,1,1,1,1,8612,78761,0x004ea4a8c155,140737488355327,-140737488355328,-31,440,440
5,163,1353,164,150500.000000,150000.000000,0x004ea4a8c155,8,4,0x004ea4a9f84f,79558,79992,55640,-1444,0,6,0,1,1,1,1,8679,79170,0x004ea4a8c155,140737488355327,-140737488355328,-46,434,434
5,164,1361,165,150500.000000,150000.000000,0x004ea4a8c155,8,4,0x004ea4a9f9cd,79947,80377,55140,-1292,0,6,0,1,1,1,1,8893,79558,0x004ea4a8c155,140737488355327,-140737488355328,-41,430,430
5,165,1369,166,150500.000000,150000.000000,0x004ea4a8c155,8,4,0x004ea4a9fb4e,80350,80778,54852,-788,0,6,0,1,1,1,1,8881,79947,0x004ea4a8c155,140737488355327,-140737488355328,-25,428,428
5,166,1377,167,150500.000000,150000.000000,0x004ea4a8c155,8,4,0x004ea4a9fcdf,80748,81172,54332,-808,0,6,0,1,1,1,1,8666,80350,0x004ea4a8c155,140737488355327,-140737488355328,-26,424,424
5,167,1385,168,150500.000000,150000.000000,0x004ea4a8c155,8,4,0x004ea4a9fe69,81124,81542,53528,-1324,0,6,0,1,1,1,1,8621,80748,0x004ea4a8c155,140737488355327,-140737488355328,-42,418,418
5,168,1393,169,150500.000000,150000.000000,0x004ea4a8c155,8,4,0x004ea4a9ffdb,81492,81905,52900,-1432,0,6,0,1,1,1,1,8826,81124,0x004ea4a8c155,140737488355327,-140737488355328,-45,413,413
5,169,1401,170,150500.000000,150000.000000,0x004ea4a8c155,8,4,0x004ea4aa0146,81872,82282,52584,-944,0,6,0,1,1,1,1,8924,81492,0x004ea4a8c155,140737488355327,-140737488355328,-30,410,410
5,170,1409,171,150500.000000,150000.000000,0x004ea4a8c155,8,4,0x004ea4aa02bf,82256,82663,52188,-712,0,6,0,1,1,1,1,8745,81872,0x004ea4a8c155,140737488355327,-140737488355328,-23,407,407
5,171,1417,172,150500.000000,150000.000000,0x004ea4a8c155,8,4,0x004ea4aa043c,82621,83022,51448,-1136,0,6,0,1,1,1,1,8600,82256,0x004ea4a8c155,140737488355327,-140737488355328,-36,401,401
5,172,1425,173,150500.000000,150000.000000,0x004ea4a8c155,8,4,0x004ea4aa05a3,82970,83366,50708,-1480,0,6,0,1,1,1,1,8744,82621,0x004ea4a8c155,140737488355327,-140737488355328,-47,396,396
5,173,1433,174,150500.000000,150000.000000,0x004ea4a8c155,8,4,0x004ea4aa06fb,83327,83720,50308,-1140,0,6,0,1,1,1,1,8923,82970,0x004ea4a8c155,140737488355327,-140737488355328,-36,393,393
5,174,1441,175,150500.000000,150000.000000,0x004ea4a8c155,8,4,0x004ea4aa085d,83694,84084,49992,-716,0,6,0,1,1,1,1,8829,83327,0x004ea4a8c155,140737488355327,-140737488355328,-23,390,390
5,175,1449,176,150500.000000,150000.000000,0x004ea4a8c155,8,4,0x004ea4aa09c9,84049,84434,49364,-944,0,6,0,1,1,1,1,8622,83694,0x004ea4a8c155,140737488355327,-140737488355328,-30,385,385
5,176,1457,177,150500.000000,150000.000000,0x004ea4a8c155,8,4,0x004ea4aa0b27,84383,84762,48560,-1432,0,6,0,1,1,1,1,8666,84049,0x004ea4a8c155,140737488355327,-140737488355328,-45,379,379
5,177,1465,178,150500.000000,150000.000000,0x004ea4a8c155,8,4,0x004ea4aa0c6f,84716,85091,48040,-1324,0,6,0,1,1,1,1,8883,84383,0x004ea4a8c155,140737488355327,-140737488355328,-42,375,375
5,178,1473,179,150500.000000,150000.000000,0x004ea4a8c155,8,4,0x004ea4aa0db8,85063,85436,47748,-812,0,6,0,1,1,1,1,8894,84716,0x004ea4a8c155,140737488355327,-140737488355328,-26,373,373
5,179,1481,180,150500.000000,150000.000000,0x004ea4a8c155,8,4,0x004ea4aa0f11,85407,85776,47256,-784,0,6,0,1,1,1,1,8682,85063,0x004ea4a8c155,140737488355327,-140737488355328,-25,369,369
5,180,1489,181,150500.000000,150000.000000,0x004ea4a8c155,8,4,0x004ea4aa1065,85728,86090,46460,-1288,0,6,0,1,1,1,1,8613,85407,0x004ea4a8c155,140737488355327,-140737488355328,-41,362,362
5,181,1497,182,150500.000000,150000.000000,0x004ea4a8c155,8,4,0x004ea4aa119f,86039,86396,45808,-1448,0,6,0,1,1,1,1,8810,85728,0x004ea4a8c155,140737488355327,-140737488355328,-46,357,357
5,182,1505,183,150500.000000,150000.000000,0x004ea4a8c155,8,4,0x004ea4aa12d1,86363,86718,45476,-984,0,6,0,1,1,1,1,8928,86039,0x004ea4a8c155,140737488355327,-140737488355328,-31,355,355
5,183,1513,184,150500.000000,150000.000000,0x004ea4a8c155,8,4,0x004ea4aa1413,86692,87044,45100,-708,0,6,0,1,1,1,1,8763,86363,0x004ea4a8c155,140737488355327,-140737488355328,-23,352,352
5,184,1521,185,150500.000000,150000.000000,0x004ea4a8c155,8,4,0x004ea4aa1559,87003,87349,44380,-1096,0,6,0,1,1,1,1,8601,86692,0x004ea4a8c155,140737488355327,-140737488355328,-35,346,346
5,185,1529,186,150500.000000,150000.000000,0x004ea4a8c155,8,4,0x004ea4aa168a,87296,87636,43624,-1476,0,6,0,1,1,1,1,8727,87003,0x004ea4a8c155,140737488355327,-140737488355328,-47,340,340
5,186,1537,187,150500.000000,150000.000000,0x004ea4a8c155,8,4,0x004ea4aa17a9,87596,87933,43200,-1180,0,6,0,1,1,1,1,8919,87296,0x004ea4a8c155,140737488355327,-140737488355328,-37,337,337
5,187,1545,188,150500.000000,150000.000000,0x004ea4a8c155,8,4,0x004ea4aa18d2,87908,88243,42896,-728,0,6,0,1,1,1,1,8846,87596,0x004ea4a8c155,140737488355327,-140737488355328,-23,335,335
5,188,1553,189,150500.000000,150000.000000,0x004ea4a8c155,8,4,0x004ea4aa1a08,88209,88539,42296,-904,0,6,0,1,1,1,1,8632,87908,0x004ea4a8c155,140737488355327,-140737488355328,-29,330,330
5,189,1561,190,150500.000000,150000.000000,0x004ea4a8c155,8,4,0x004ea4aa1b30,88489,88813,41488,-1408,0,6,0,1,1,1,1,8653,88209,0x004ea4a8c155,140737488355327,-140737488355328,-44,324,324
5,190,1569,191,150500.000000,150000.000000,0x004ea4a8c155,8,4,0x004ea4aa1c42,88765,89084,40936,-1360,0,6,0,1,1,1,1,8871,88489,0x004ea4a8c155,140737488355327,-140737488355328,-43,319,319
5,191,1577,192,150500.000000,150000.000000,0x004ea4a8c155,8,4,0x004ea4aa1d51,89055,89372,40644,-844,0,6,0,1,1,1,1,8905,88765,0x004ea4a8c155,140737488355327,-140737488355328,-27,317,317
5,192,1585,193,150500.000000,150000.000000,0x004ea4a8c155,8,4,0x004ea4aa1e71,89344,89657,40180,-756,0,6,0,1,1,1,1,8699,89055,0x004ea4a8c155,140737488355327,-140737488355328,-24,313,313
5,193,1593,194,150500.000000,150000.000000,0x004ea4a8c155,8,4,0x004ea4aa1f8e,89612,89919,39396,-1248,0,6,0,1,1,1,1,8608,89344,0x004ea4a8c155,140737488355327,-140737488355328,-39,307,307
5,194,1601,195,150500.000000,150000.000000,0x004ea4a8c155,8,4,0x004ea4aa2094,89868,90170,38716,-1464,0,6,0,1,1,1,1,8794,89612,0x004ea4a8c155,140737488355327,-140737488355328,-46,302,302
5,195,1609,196,150500.000000,150000.000000,0x004ea4a8c155,8,4,0x004ea4aa218f,90134,90433,38368,-1028,0,6,0,1,1,1,1,8930,89868,0x004ea4a8c155,140737488355327,-140737488355328,-33,299,299
5,196,1617,197,150500.000000,150000.000000,0x004ea4a8c155,8,4,0x004ea4aa2296,90408,90704,38012,-704,0,6,0,1,1,1,1,8782,90134,0x004ea4a8c155,140737488355327,-140737488355328,-22,296,296
5,197,1625,198,150500.000000,150000.000000,0x004ea4a8c155,8,4,0x004ea4aa23a5,90666,90957,37316,-1052,0,6,0,1,1,1,1,8604,90408,0x004ea4a8c155,140737488355327,-140737488355328,-33,291,291
5,198,1633,199,150500.000000,150000.000000,0x004ea4a8c155,8,4,0x004ea4aa24a2,90905,91190,36544,-1468,0,6,0,1,1,1,1,8709,90666,0x004ea4a8c155,140737488355327,-140737488355328,-46,285,285
5,199,1641,200,150500.000000,150000.000000,0x004ea4a8c155,8,4,0x004ea4aa258b,91147,91428,36092,-1224,0,6,0,1,1,1,1,8910,90905,0x004ea4a8c155,140737488355327,-140737488355328,-39,281,281
5,200,1649,201,150500.000000,150000.000000,0x004ea4a8c155,8,4,0x004ea4aa2679,91402,91681,35796,-748,0,6,0,1,1,1,1,8860,91147,0x004ea4a8c155,140737488355327,-140737488355328,-24,279,279
5,201,1657,202,150500.000000,150000.000000,0x004ea4a8c155,8,4,0x004ea4aa2776,91649,91924,35224,-868,0,6,0,1,1,1,1,8644,91402,0x004ea4a8c155,140737488355327,-140737488355328,-28,275,275
5,202,1665,203,150500.000000,150000.000000,0x004ea4a8c155,8,4,0x004ea4aa2869,91874,92142,34420,-1376,0,6,0,1,1,1,1,8640,91649,0x004ea4a8c155,140737488355327,-140737488355328,-43,268,268
5,203,1673,204,150500.000000,150000.000000,0x004ea4a8c155,8,4,0x004ea4aa2943,92094,92358,33840,-1384,0,6,0,1,1,1,1,8855,91874,0x004ea4a8c155,140737488355327,-140737488355328,-44,264,264
5,204,1681,205,150500.000000,150000.000000,0x004ea4a8c155,8,4,0x004ea4aa2a1b,92328,92590,33540,-880,0,6,0,1,1,1,1,8913,92094,0x004ea4a8c155,140737488355327,-140737488355328,-28,262,262
5,205,1689,206,150500.000000,150000.000000,0x004ea4a8c155,8,4,0x004ea4aa2b03,92562,92820,33100,-740,0,6,0,1,1,1,1,8714,92328,0x004ea4a8c155,140737488355327,-140737488355328,-24,258,258
5,206,1697,207,150500.000000,150000.000000,0x004ea4a8c155,8,4,0x004ea4aa2be9,95336,96100,97864,64324,0,6,0,1,1,1,1,8604,92562,0x004ea4a8c155,140737488355327,-140737488355328,2010,764,764
5,207,1705,208,150500.000000,150000.000000,0x004ea4a8c155,8,4,0x004ea4aa38b9,98096,98855,97160,64060,0,6,0,1,1,1,1,8776,95336,0x004ea4a8c155,140737488355327,-140737488355328,2001,759,759
5,208,1713,209,150500.000000,150000.000000,0x004ea4a8c155,8,4,0x004ea4aa437c,98818,99574,96796,-1068,0,6,0,1,1,1,1,8929,98096,0x004ea4a8c155,140737488355327,-140737488355328,-34,756,756
5,209,1721,210,150500.000000,150000.000000,0x004ea4a8c155,8,4,0x004ea4aa464b,99549,100302,96456,-704,0,6,0,1,1,1,1,8798,98818,0x004ea4a8c155,140737488355327,-140737488355328,-22,753,753
5,210,1729,211,150500.000000,150000.000000,0x004ea4a8c155,8,4,0x004ea4aa4923,100265,101013,95788,-1008,0,6,0,1,1,1,1,8608,99549,0x004ea4a8c155,140737488355327,-140737488355328,-32,748,748
5,211,1737,212,150500.000000,150000.000000,0x004ea4a8c155,8,4,0x004ea4aa4bea,100961,101703,95000,-1456,0,6,0,1,1,1,1,8692,100265,0x004ea4a8c155,140737488355327,-140737488355328,-46,742,742
5,212,1745,213,150500.000000,150000.000000,0x004ea4a8c155,8,4,0x004ea4aa4e9c,101659,102397,94524,-1264,0,6,0,1,1,1,1,8901,100961,0x004ea4a8c155,140737488355327,-140737488355328,-40,738,738
5,213,1753,214,150500.000000,150000.000000,0x004ea4a8c155,8,4,0x004ea4aa5152,102371,103107,94232,-768,0,6,0,1,1,1,1,8872,101659,0x004ea4a8c155,140737488355327,-140737488355328,-24,736,736
5,214,1761,215,150500.000000,150000.000000,0x004ea4a8c155,8,4,0x004ea4aa5418,103075,103806,93688,-836,0,6,0,1,1,1,1,8656,102371,0x004ea4a8c155,140737488355327,-140737488355328,-27,731,731
5,215,1769,216,150500.000000,150000.000000,0x004ea4a8c155,8,4,0x004ea4aa56d3,103757,104482,92884,-1348,0,6,0,1,1,1,1,8628,103075,0x004ea4a8c155,140737488355327,-140737488355328,-43,725,725
5,216,1777,217,150500.000000,150000.000000,0x004ea4a8c155,8,4,0x004ea4aa5977,104432,105152,92276,-1412,0,6,0,1,1,1,1,8839,103757,0x004ea4a8c155,140737488355327,-140737488355328,-45,720,720
5,217,1785,218,150500.000000,150000.000000,0x004ea4a8c155,8,4,0x004ea4aa5c15,105121,105839,91968,-916,0,6,0,1,1,1,1,8918,104432,0x004ea4a8c155,140737488355327,-140737488355328,-29,718,718
5,218,1793,219,150500.000000,150000.000000,0x004ea4a8c155,8,4,0x004ea4aa5ec4,105813,106528,91552,-724,0,6,0,1,1,1,1,8731,105121,0x004ea4a8c155,140737488355327,-140737488355328,-23,715,715
5,219,1801,220,150500.000000,150000.000000,0x004ea4a8c155,8,4,0x004ea4aa6175,106485,107194,90800,-1168,0,6,0,1,1,1,1,8599,105813,0x004ea4a8c155,140737488355327,-140737488355328,-37,709,709
5,220,1809,221,150500.000000,150000.000000,0x004ea4a8c155,8,4,0x004ea4aa640f,107141,107844,90076,-1476,0,6,0,1,1,1,1,8756,106485,0x004ea4a8c155,140737488355327,-140737488355328,-47,703,703
5,221,1817,222,150500.000000,150000.000000,0x004ea4a8c155,8,4,0x004ea4aa6699,107806,108506,89688,-1112,0,6,0,1,1,1,1,8926,107141,0x004ea4a8c155,140737488355327,-140737488355328,-35,700,700
5,222,1825,223,150500.000000,150000.000000,0x004ea4a8c155,8,4,0x004ea4aa692f,108481,109179,89364,-712,0,6,0,1,1,1,1,8814,107806,0x004ea4a8c155,140737488355327,-140737488355328,-23,698,698
5,223,1833,224,150500.000000,150000.000000,0x004ea4a8c155,8,4,0x004ea4aa6bd0,109143,109836,88716,-972,0,6,0,1,1,1,1,8614,108481,0x004ea4a8c155,140737488355327,-140737488355328,-31,693,693
5,224,1841,225,150500.000000,150000.000000,0x004ea4a8c155,8,4,0x004ea4aa6e61,109784,110470,87924,-1440,0,6,0,1,1,1,1,8675,109143,0x004ea4a8c155,140737488355327,-140737488355328,-45,686,686
5,225,1849,226,150500.000000,150000.000000,0x004ea4a8c155,8,4,0x004ea4aa70db,110425,111107,87420,-1296,0,6,0,1,1,1,1,8889,109784,0x004ea4a8c155,140737488355327,-140737488355328,-41,682,682
5,226,1857,227,150500.000000,150000.000000,0x004ea4a8c155,8,4,0x004ea4aa7358,111080,111760,87128,-796,0,6,0,1,1,1,1,8883,110425,0x004ea4a8c155,140737488355327,-140737488355328,-25,680,680
5,227,1865,228,150500.000000,150000.000000,0x004ea4a8c155,8,4,0x004ea4aa75e5,111730,112406,86612,-808,0,6,0,1,1,1,1,8667,111080,0x004ea4a8c155,140737488355327,-140737488355328,-26,676,676
5,228,1873,229,150500.000000,150000.000000,0x004ea4a8c155,8,4,0x004ea4aa786b,112359,113029,85816,-1312,0,6,0,1,1,1,1,8616,111730,0x004ea4a8c155,140737488355327,-140737488355328,-41,670,670
5,229,1881,230,150500.000000,150000.000000,0x004ea4a8c155,8,4,0x004ea4aa7ada,112979,113644,85180,-1432,0,6,0,1,1,1,1,8821,112359,0x004ea4a8c155,140737488355327,-140737488355328,-45,665,665
5,230,1889,231,150500.000000,150000.000000,0x004ea4a8c155,8,4,0x004ea4aa7d41,113611,114273,84860,-956,0,6,0,1,1,1,1,8922,112979,0x004ea4a8c155,140737488355327,-140737488355328,-30,662,662
5,231,1897,232,150500.000000,150000.000000,0x004ea4a8c155,8,4,0x004ea4aa7fb6,114247,114906,84468,-712,0,6,0,1,1,1,1,8747,113611,0x004ea4a8c155,140737488355327,-140737488355328,-23,659,659
5,232,1905,233,150500.000000,150000.000000,0x004ea4a8c155,8,4,0x004ea4aa822f,114865,115519,83732,-1128,0,6,0,1,1,1,1,8597,114247,0x004ea4a8c155,140737488355327,-140737488355328,-36,654,654
5,233,1913,234,150500.000000,150000.000000,0x004ea4a8c155,8,4,0x004ea4aa8494,115466,116114,82988,-1480,0,6,0,1,1,1,1,8736,114865,0x004ea4a8c155,140737488355327,-140737488355328,-47,648,648
5,234,1921,235,150500.000000,150000.000000,0x004ea4a8c155,8,4,0x004ea4aa86e7,116075,116720,82580,-1152,0,6,0,1,1,1,1,8919,115466,0x004ea4a8c155,140737488355327,-140737488355328,-36,645,645
5,235,1929,236,150500.000000,150000.000000,0x004ea4a8c155,8,4,0x004ea4aa8945,116694,117336,82264,-724,0,6,0,1,1,1,1,8829,116075,0x004ea4a8c155,140737488355327,-140737488355328,-23,642,642
5,236,1937,237,150500.000000,150000.000000,0x004ea4a8c155,8,4,0x004ea4aa8bad,117301,117938,81644,-936,0,6,0,1,1,1,1,8621,116694,0x004ea4a8c155,140737488355327,-140737488355328,-30,637,637
5,237,1945,238,150500.000000,150000.000000,0x004ea4a8c155,8,4,0x004ea4aa8e07,117887,118518,80844,-1420,0,6,0,1,1,1,1,8658,117301,0x004ea4a8c155,140737488355327,-140737488355328,-45,631,631
5,238,1953,239,150500.000000,150000.000000,0x004ea4a8c155,8,4,0x004ea4aa904b,118472,119099,80312,-1332,0,6,0,1,1,1,1,8875,117887,0x004ea4a8c155,140737488355327,-140737488355328,-42,627,627
5,239,1961,240,150500.000000,150000.000000,0x004ea4a8c155,8,4,0x004ea4aa9290,119071,119696,80024,-820,0,6,0,1,1,1,1,8893,118472,0x004ea4a8c155,140737488355327,-140737488355328,-26,625,625
5,240,1969,241,150500.000000,150000.000000,0x004ea4a8c155,8,4,0x004ea4aa94e5,119667,120288,79536,-776,0,6,0,1,1,1,1,8682,119071,0x004ea4a8c155,140737488355327,-140737488355328,-25,621,621
5,241,1977,242,150500.000000,150000.000000,0x004ea4a8c155,8,4,0x004ea4aa9735,120242,120857,78744,-1280,0,6,0,1,1,1,1,8608,119667,0x004ea4a8c155,140737488355327,-140737488355328,-40,615,615
5,242,1985,243,150500.000000,150000.000000,0x004ea4a8c155,8,4,0x004ea4aa996e,120806,121416,78084,-1452,0,6,0,1,1,1,1,8803,120242,0x004ea4a8c155,140737488355327,-140737488355328,-46,610,610
5,243,1993,244,150500.000000,150000.000000,0x004ea4a8c155,8,4,0x004ea4aa9b9d,121381,121988,77748,-996,0,6,0,1,1,1,1,8923,120806,0x004ea4a8c155,140737488355327,-140737488355328,-32,607,607
5,244,2001,245,150500.000000,150000.000000,0x004ea4a8c155,8,4,0x004ea4aa9dd9,121962,122566,77376,-708,0,6,0,1,1,1,1,8764,121381,0x004ea4a8c155,140737488355327,-140737488355328,-23,604,604
5,245,2009,246,150500.000000,150000.000000,0x004ea4a8c155,8,4,0x004ea4aaa01b,122526,123124,76664,-1084,0,6,0,1,1,1,1,8598,121962,0x004ea4a8c155,140737488355327,-140737488355328,-34,598,598
5,246,2017,247,150500.000000,150000.000000,0x004ea4a8c155,8,4,0x004ea4aaa249,123071,123663,75900,-1476,0,6,0,1,1,1,1,8718,122526,0x004ea4a8c155,140737488355327,-140737488355328,-47,592,592
5,247,2025,248,150500.000000,150000.000000,0x004ea4a8c155,8,4,0x004ea4aaa464,123622,124211,75468,-1196,0,6,0,1,1,1,1,8913,123071,0x004ea4a8c155,140737488355327,-140737488355328,-38,589,589
5,248,2033,249,150500.000000,150000.000000,0x004ea4a8c155,8,4,0x004ea4aaa688,124186,124773,75168,-732,0,6,0,1,1,1,1,8843,123622,0x004ea4a8c155,140737488355327,-140737488355328,-23,587,587
5,249,2041,250,150500.000000,150000.000000,0x004ea4a8c155,8,4,0x004ea4aaa8ba,124740,125322,74576,-892,0,6,0,1,1,1,1,8631,124186,0x004ea4a8c155,140737488355327,-140737488355328,-28,582,582
5,250,2049,251,150500.000000,150000.000000,0x004ea4a8c155,8,4,0x004ea4aaaadf,125272,125848,73768,-1400,0,6,0,1,1,1,1,8645,124740,0x004ea4a8c155,140737488355327,-140737488355328,-44,576,576
5,251,2057,252,150500.000000,150000.000000,0x004ea4a8c155,8,4,0x004ea4aaaced,125800,126371,73208,-1368,0,6,0,1,1,1,1,8862,125272,0x004ea4a8c155,140737488355327,-140737488355328,-43,571,571
5,252,2065,253,150500.000000,150000.000000,0x004ea4a8c155,8,4,0x004ea4aaaef8,126342,126911,72916,-852,0,6,0,1,1,1,1,8902,125800,0x004ea4a8c155,140737488355327,-140737488355328,-27,569,569
5,253,2073,254,150500.000000,150000.000000,0x004ea4a8c155,8,4,0x004ea4aab114,126884,127450,72452,-756,0,6,0,1,1,1,1,8698,126342,0x004ea4a8c155,140737488355327,-140737488355328,-24,566,566
5,254,2081,255,150500.000000,150000.000000,0x004ea4a8c155,8,4,0x004ea4aab32f,127404,127963,71676,-1240,0,6,0,1,1,1,1,8602,126884,0x004ea4a8c155,140737488355327,-140737488355328,-39,559,559
5,255,2089,256,150500.000000,150000.000000,0x004ea4a8c155,8,4,0x004ea4aab530,127912,128466,70988,-1464,0,6,0,1,1,1,1,8785,127404,0x004ea4a8c155,140737488355327,-140737488355328,-46,554,554
5,256,2097,257,150500.000000,150000.000000,0x004ea4a8c155,8,4,0x004ea4aab727,128430,128981,70640,-1036,0,6,0,1,1,1,1,8924,127912,0x004ea4a8c155,140737488355327,-140737488355328,-33,551,551
5,257,2105,258,150500.000000,150000.000000,0x004ea4a8c155,8,4,0x004ea4aab92a,128957,129506,70284,-704,0,6,0,1,1,1,1,8781,128430,0x004ea4a8c155,140737488355327,-140737488355328,-22,549,549
5,258,2113,259,150500.000000,150000.000000,0x004ea4a8c155,8,4,0x004ea4aabb37,129467,130010,69596,-1044,0,6,0,1,1,1,1,8601,128957,0x004ea4a8c155,140737488355327,-140737488355328,-33,543,543
5,259,2121,260,150500.000000,150000.000000,0x004ea4a8c155,8,4,0x004ea4aabd2f,129958,130495,68816,-1468,0,6,0,1,1,1,1,8702,129467,0x004ea4a8c155,140737488355327,-140737488355328,-46,537,537
5,260,2129,261,150500.000000,150000.000000,0x004ea4a8c155,8,4,0x004ea4aabf14,130453,130987,68360,-1236,0,6,0,1,1,1,1,8905,129958,0x004ea4a8c155,140737488355327,-140737488355328,-39,534,534
5,261,2137,262,150500.000000,150000.000000,0x004ea4a8c155,8,4,0x004ea4aac100,130960,131491,68064,-752,0,6,0,1,1,1,1,8859,130453,0x004ea4a8c155,140737488355327,-140737488355328,-24,531,531
5,262,2145,263,150500.000000,150000.000000,0x004ea4a8c155,8,4,0x004ea4aac2f8,131460,131987,67500,-860,0,6,0,1,1,1,1,8643,130960,0x004ea4a8c155,140737488355327,-140737488355328,-27,527,527
5,263,2153,264,150500.000000,150000.000000,0x004ea4a8c155,8,4,0x004ea4aac4e8,131938,132459,66692,-1372,0,6,0,1,1,1,1,8634,131460,0x004ea4a8c155,140737488355327,-140737488355328,-43,521,521
5,264,2161,265,150500.000000,150000.000000,0x004ea4a8c155,8,4,0x004ea4aac6c0,132410,132926,66108,-1392,0,6,0,1,1,1,1,8847,131938,0x004ea4a8c155,140737488355327,-140737488355328,-44,516,516
5,265,2169,266,150500.000000,150000.000000,0x004ea4a8c155,8,4,0x004ea4aac893,132896,133410,65804,-888,0,6,0,1,1,1,1,8911,132410,0x004ea4a8c155,140737488355327,-140737488355328,-28,514,514
5,266,2177,267,150500.000000,150000.000000,0x004ea4a8c155,8,4,0x004ea4aaca77,133382,133892,65368,-740,0,6,0,1,1,1,1,8716,132896,0x004ea4a8c155,140737488355327,-140737488355328,-24,510,510
5,267,2185,268,150500.000000,150000.000000,0x004ea4a8c155,8,4,0x004ea4aacc59,133848,134352,64604,-1200,0,6,0,1,1,1,1,8599,133382,0x004ea4a8c155,140737488355327,-140737488355328,-38,504,504
5,268,2193,269,150500.000000,150000.000000,0x004ea4a8c155,8,4,0x004ea4aace25,134301,134800,63896,-1472,0,6,0,1,1,1,1,8768,133848,0x004ea4a8c155,140737488355327,-140737488355328,-46,499,499
5,269,2201,270,150500.000000,150000.000000,0x004ea4a8c155,8,4,0x004ea4aacfe5,134763,135259,63528,-1076,0,6,0,1,1,1,1,8924,134301,0x004ea4a8c155,140737488355327,-140737488355328,-34,496,496
5,270,2209,271,150500.000000,150000.000000,0x004ea4a8c155,8,4,0x004ea4aad1b0,135233,135726,63188,-708,0,6,0,1,1,1,1,8800,134763,0x004ea4a8c155,140737488355327,-140737488355328,-23,493,493
5,271,2217,272,150500.000000,150000.000000,0x004ea4a8c155,8,4,0x004ea4aad383,135689,136177,62524,-1004,0,6,0,1,1,1,1,8608,135233,0x004ea4a8c155,140737488355327,-140737488355328,-32,488,488
5,272,2225,273,150500.000000,150000.000000,0x004ea4a8c155,8,4,0x004ea4aad546,136125,136607,61736,-1452,0,6,0,1,1,1,1,8686,135689,0x004ea4a8c155,140737488355327,-140737488355328,-46,482,482
5,273,2233,274,150500.000000,150000.000000,0x004ea4a8c155,8,4,0x004ea4aad6f4,136563,137041,61252,-1272,0,6,0,1,1,1,1,8897,136125,0x004ea4a8c155,140737488355327,-140737488355328,-40,478,478
5,274,2241,275,150500.000000,150000.000000,0x004ea4a8c155,8,4,0x004ea4aad8a6,137014,137490,60960,-776,0,6,0,1,1,1,1,8874,136563,0x004ea4a8c155,140737488355327,-140737488355328,-25,476,476
5,275,2249,276,150500.000000,150000.000000,0x004ea4a8c155,8,4,0x004ea4aada67,137460,137932,60424,-828,0,6,0,1,1,1,1,8657,137014,0x004ea4a8c155,140737488355327,-140737488355328,-26,472,472
5,276,2257,277,150500.000000,150000.000000,0x004ea4a8c155,8,4,0x004ea4aadc21,137883,138348,59620,-1340,0,6,0,1,1,1,1,8625,137460,0x004ea4a8c155,140737488355327,-140737488355328,-42,465,465
5,277,2265,278,150500.000000,150000.000000,0x004ea4a8c155,8,4,0x004ea4aaddc1,138299,138760,59008,-1416,0,6,0,1,1,1,1,8834,137883,0x004ea4a8c155,140737488355327,-140737488355328,-45,461,461
5,278,2273,279,150500.000000,150000.000000,0x004ea4a8c155,8,4,0x004ea4aadf5d,138728,139186,58696,-924,0,6,0,1,1,1,1,8919,138299,0x004ea4a8c155,140737488355327,-140737488355328,-29,458,458
5,279,2281,280,150500.000000,150000.000000,0x004ea4a8c155,8,4,0x004ea4aae107,139160,139615,58284,-724,0,6,0,1,1,1,1,8734,138728,0x004ea4a8c155,140737488355327,-140737488355328,-23,455,455
5,280,2289,281,150500.000000,150000.000000,0x004ea4a8c155,8,4,0x004ea4aae2b4,139572,140021,57536,-1160,0,6,0,1,1,1,1,8599,139160,0x004ea4a8c155,140737488355327,-140737488355328,-37,449,449
5,281,2297,282,150500.000000,150000.000000,0x004ea4a8c155,8,4,0x004ea4aae44a,139968,140411,56808,-1476,0,6,0,1,1,1,1,8752,139572,0x004ea4a8c155,140737488355327,-140737488355328,-47,443,443
5,282,2305,283,150500.000000,150000.000000,0x004ea4a8c155,8,4,0x004ea4aae5d0,140373,140813,56420,-1116,0,6,0,1,1,1,1,8924,139968,0x004ea4a8c155,140737488355327,-140737488355328,-35,440,440
5,283,2313,284,150500.000000,150000.000000,0x004ea4a8c155,8,4,0x004ea4aae762,140788,141226,56096,-712,0,6,0,1,1,1,1,8818,140373,0x004ea4a8c155,140737488355327,-140737488355328,-23,438,438
5,284,2321,285,150500.000000,150000.000000,0x004ea4a8c155,8,4,0x004ea4aae8ff,141190,141623,55456,-964,0,6,0,1,1,1,1,8616,140788,0x004ea4a8c155,140737488355327,-140737488355328,-31,433,433
5,285,2329,286,150500.000000,150000.000000,0x004ea4a8c155,8,4,0x004ea4aaea8c,141572,141999,54656,-1440,0,6,0,1,1,1,1,8672,141190,0x004ea4a8c155,140737488355327,-140737488355328,-45,427,427
5,286,2337,287,150500.000000,150000.000000,0x004ea4a8c155,8,4,0x004ea4aaec04,141954,142377,54148,-1308,0,6,0,1,1,1,1,8889,141572,0x004ea4a8c155,140737488355327,-140737488355328,-41,423,423
5,287,2345,288,150500.000000,150000.000000,0x004ea4a8c155,8,4,0x004ea4aaed7e,142349,142769,53860,-796,0,6,0,1,1,1,1,8887,141954,0x004ea4a8c155,140737488355327,-140737488355328,-25,420,420
5,288,2353,289,150500.000000,150000.000000,0x004ea4a8c155,8,4,0x004ea4aaef06,142740,143156,53352,-796,0,6,0,1,1,1,1,8673,142349,0x004ea4a8c155,140737488355327,-140737488355328,-25,416,416
5,289,2361,290,150500.000000,150000.000000,0x004ea4a8c155,8,4,0x004ea4aaf089,143109,143519,52552,-1308,0,6,0,1,1,1,1,8616,142740,0x004ea4a8c155,140737488355327,-140737488355328,-41,410,410
5,290,2369,291,150500.000000,150000.000000,0x004ea4a8c155,8,4,0x004ea4aaf1f4,143469,143874,51912,-1440,0,6,0,1,1,1,1,8818,143109,0x004ea4a8c155,140737488355327,-140737488355328,-45,405,405
5,291,2377,292,150500.000000,150000.000000,0x004ea4a8c155,8,4,0x004ea4aaf357,143841,144244,51588,-964,0,6,0,1,1,1,1,8925,143469,0x004ea4a8c155,140737488355327,-140737488355328,-31,403,403
5,292,2385,293,150500.000000,150000.000000,0x004ea4a8c155,8,4,0x004ea4aaf4c9,144218,144618,51200,-712,0,6,0,1,1,1,1,8754,143841,0x004ea4a8c155,140737488355327,-140737488355328,-23,400,400
5,293,2393,294,150500.000000,150000.000000,0x004ea4a8c155,8,4,0x004ea4aaf63f,144577,144971,50472,-1116,0,6,0,1,1,1,1,8600,144218,0x004ea4a8c155,140737488355327,-140737488355328,-35,394,394
5,294,2401,295,150500.000000,150000.000000,0x004ea4a8c155,8,4,0x004ea4aaf7a0,144918,145306,49720,-1480,0,6,0,1,1,1,1,8736,144577,0x004ea4a8c155,140737488355327,-140737488355328,-47,388,388
5,295,2409,296,150500.000000,150000.000000,0x004ea4a8c155,8,4,0x004ea4aaf8ef,145266,145651,49308,-1164,0,6,0,1,1,1,1,8921,144918,0x004ea4a8c155,140737488355327,-140737488355328,-37,385,385
5,296,2417,297,150500.000000,150000.000000,0x004ea4a8c155,8,4,0x004ea4aafa48,145625,146007,48996,-724,0,6,0,1,1,1,1,8837,145266,0x004ea4a8c155,140737488355327,-140737488355328,-23,382,382
5,297,2425,298,150500.000000,150000.000000,0x004ea4a8c155,8,4,0x004ea4aafbac,145974,146352,48384,-924,0,6,0,1,1,1,1,8626,145625,0x004ea4a8c155,140737488355327,-140737488355328,-29,378,378
5,298,2433,299,150500.000000,150000.000000,0x004ea4a8c155,8,4,0x004ea4aafd05,146300,146671,47584,-1412,0,6,0,1,1,1,1,8659,145974,0x004ea4a8c155,140737488355327,-140737488355328,-45,371,371
5,299,2441,300,150500.000000,150000.000000,0x004ea4a8c155,8,4,0x004ea4aafe44,146625,146992,47044,-1340,0,6,0,1,1,1,1,8877,146300,0x004ea4a8c155,140737488355327,-140737488355328,-42,367,367
5,300,2449,301,150500.000000,150000.000000,0x004ea4a8c155,8,4,0x004ea4aaff85,146964,147329,46752,-832,0,6,0,1,1,1,1,8899,146625,0x004ea4a8c155,140737488355327,-140737488355328,-26,365,365
5,301,2457,302,150500.000000,150000.000000,0x004ea4a8c155,8,4,0x004ea4ab00d6,147300,147661,46272,-772,0,6,0,1,1,1,1,8690,146964,0x004ea4a8c155,140737488355327,-140737488355328,-25,361,361
5,302,2465,303,150500.000000,150000.000000,0x004ea4a8c155,8,4,0x004ea4ab0222,147615,147970,45484,-1268,0,6,0,1,1,1,1,8611,147300,0x004ea4a8c155,140737488355327,-140737488355328,-40,355,355
5,303,2473,304,150500.000000,150000.000000,0x004ea4a8c155,8,4,0x004ea4ab0357,147919,148269,44816,-1456,0,6,0,1,1,1,1,8803,147615,0x004ea4a8c155,140737488355327,-140737488355328,-46,350,350
5,304,2481,305,150500.000000,150000.000000,0x004ea4a8c155,8,4,0x004ea4ab0482,148234,148581,44480,-1004,0,6,0,1,1,1,1,8930,147919,0x004ea4a8c155,140737488355327,-140737488355328,-32,347,347
5,305,2489,306,150500.000000,150000.000000,0x004ea4a8c155,8,4,0x004ea4ab05ba,148556,148900,44112,-704,0,6,0,1,1,1,1,8772,148234,0x004ea4a8c155,140737488355327,-140737488355328,-22,344,344
5,306,2497,307,150500.000000,150000.000000,0x004ea4a8c155,8,4,0x004ea4ab06f9,148861,149200,43404,-1076,0,6,0,1,1,1,1,8602,148556,0x004ea4a8c155,140737488355327,-140737488355328,-34,339,339
5,307,2505,308,150500.000000,150000.000000,0x004ea4a8c155,8,4,0x004ea4ab0825,149147,149480,42636,-1476,0,6,0,1,1,1,1,8719,148861,0x004ea4a8c155,140737488355327,-140737488355328,-47,333,333
5,308,2513,309,150500.000000,150000.000000,0x004ea4a8c155,8,4,0x004ea4ab093d,149438,149767,42204,-1200,0,6,0,1,1,1,1,8916,149147,0x004ea4a8c155,140737488355327,-140737488355328,-38,329,329
5,309,2521,310,150500.000000,150000.000000,0x004ea4a8c155,8,4,0x004ea4ab0a5c,149742,150069,41904,-732,0,6,0,1,1,1,1,8853,149438,0x004ea4a8c155,140737488355327,-140737488355328,-23,327,327
5,310,2529,311,150500.000000,150000.000000,0x004ea4a8c155,8,4,0x004ea4ab0b8a,150036,150358,41316,-888,0,6,0,1,1,1,1,8637,149742,0x004ea4a8c155,140737488355327,-140737488355328,-28,322,322
5,311,2537,312,150500.000000,150000.000000,0x004ea4a8c155,8,4,0x004ea4ab0cab,150308,150624,40508,-1396,0,6,0,1,1,1,1,8646,150036,0x004ea4a8c155,140737488355327,-140737488355328,-44,316,316
5,312,2545,313,150500.000000,150000.000000,0x004ea4a8c155,8,4,0x004ea4ab0db5,150577,150889,39944,-1372,0,6,0,1,1,1,1,8864,150308,0x004ea4a8c155,140737488355327,-140737488355328,-43,312,312
5,313,2553,314,150500.000000,150000.000000,0x004ea4a8c155,8,4,0x004ea4ab0ebe,150859,151168,39648,-860,0,6,0,1,1,1,1,8908,150577,0x004ea4a8c155,140737488355327,-140737488355328,-27,309,309
5,314,2561,315,150500.000000,150000.000000,0x004ea4a8c155,8,4,0x004ea4ab0fd5,151141,151447,39196,-748,0,6,0,1,1,1,1,8707,150859,0x004ea4a8c155,140737488355327,-140737488355328,-24,306,306
5,315,2569,316,150500.000000,150000.000000,0x004ea4a8c155,8,4,0x004ea4ab10ec,151402,151702,38416,-1232,0,6,0,1,1,1,1,8605,151141,0x004ea4a8c155,140737488355327,-140737488355328,-39,300,300
5,316,2577,317,150500.000000,150000.000000,0x004ea4a8c155,8,4,0x004ea4ab11eb,151650,151944,37728,-1468,0,6,0,1,1,1,1,8786,151402,0x004ea4a8c155,140737488355327,-140737488355328,-46,294,294
5,317,2585,318,150500.000000,150000.000000,0x004ea4a8c155,8,4,0x004ea4ab12dd,151908,152199,37372,-1044,0,6,0,1,1,1,1,8929,151650,0x004ea4a8c155,140737488355327,-140737488355328,-33,291,291
5,318,2593,319,150500.000000,150000.000000,0x004ea4a8c155,8,4,0x004ea4ab13dc,152175,152464,37024,-704,0,6,0,1,1,1,1,8790,151908,0x004ea4a8c155,140737488355327,-140737488355328,-22,289,289
5,319,2601,320,150500.000000,150000.000000,0x004ea4a8c155,8,4,0x004ea4ab14e5,152425,152708,36340,-1032,0,6,0,1,1,1,1,8606,152175,0x004ea4a8c155,140737488355327,-140737488355328,-33,283,283
5,320,2609,321,150500.000000,150000.000000,0x004ea4a8c155,8,4,0x004ea4ab15d9,152656,152933,35560,-1464,0,6,0,1,1,1,1,8702,152425,0x004ea4a8c155,140737488355327,-140737488355328,-46,277,277
5,321,2617,322,150500.000000,150000.000000,0x004ea4a8c155,8,4,0x004ea4ab16ba,152891,153165,35100,-1240,0,6,0,1,1,1,1,8907,152656,0x004ea4a8c155,140737488355327,-140737488355328,-39,274,274
5,322,2625,323,150500.000000,150000.000000,0x004ea4a8c155,8,4,0x004ea4ab17a2,153138,153409,34804,-756,0,6,0,1,1,1,1,8867,152891,0x004ea4a8c155,140737488355327,-140737488355328,-24,271,271
5,323,2633,324,150500.000000,150000.000000,0x004ea4a8c155,8,4,0x004ea4ab1896,153378,153645,34244,-856,0,6,0,1,1,1,1,8650,153138,0x004ea4a8c155,140737488355327,-140737488355328,-27,267,267
5,324,2641,325,150500.000000,150000.000000,0x004ea4a8c155,8,4,0x004ea4ab1982,153596,153857,33440,-1364,0,6,0,1,1,1,1,8634,153378,0x004ea4a8c155,140737488355327,-140737488355328,-43,261,261
5,325,2649,326,150500.000000,150000.000000,0x004ea4a8c155,8,4,0x004ea4ab1a56,153808,154064,32848,-1396,0,6,0,1,1,1,1,8848,153596,0x004ea4a8c155,140737488355327,-140737488355328,-44,256,256
5,326,2657,327,150500.000000,150000.000000,0x004ea4a8c155,8,4,0x004ea4ab1b25,156593,157359,98076,64636,0,6,0,1,1,1,1,8916,153808,0x004ea4a8c155,140737488355327,-140737488355328,2019,766,766
5,327,2665,328,150500.000000,150000.000000,0x004ea4a8c155,8,4,0x004ea4ab2804,159380,160142,97652,64804,0,6,0,1,1,1,1,8724,156593,0x004ea4a8c155,140737488355327,-140737488355328,2025,762,762
5,328,2673,329,150500.000000,150000.000000,0x004ea4a8c155,8,4,0x004ea4ab32e3,160098,160854,96888,-1188,0,6,0,1,1,1,1,8602,159380,0x004ea4a8c155,140737488355327,-140737488355328,-38,756,756
5,329,2681,330,150500.000000,150000.000000,0x004ea4a8c155,8,4,0x004ea4ab35ab,160802,161553,96176,-1476,0,6,0,1,1,1,1,8766,160098,0x004ea4a8c155,140737488355327,-140737488355328,-47,751,751
5,330,2689,331,150500.000000,150000.000000,0x004ea4a8c155,8,4,0x004ea4ab3866,161516,162264,95800,-1088,0,6,0,1,1,1,1,8927,160802,0x004ea4a8c155,140737488355327,-140737488355328,-34,748,748
5,331,2697,332,150500.000000,150000.000000,0x004ea4a8c155,8,4,0x004ea4ab3b2d,162238,162983,95468,-708,0,6,0,1,1,1,1,8807,161516,0x004ea4a8c155,140737488355327,-140737488355328,-23,745,745
5,332,2705,333,150500.000000,150000.000000,0x004ea4a8c155,8,4,0x004ea4ab3dfc,162947,163687,94808,-992,0,6,0,1,1,1,1,8612,162238,0x004ea4a8c155,140737488355327,-140737488355328,-31,740,740
5,333,2713,334,150500.000000,150000.000000,0x004ea4a8c155,8,4,0x004ea4ab40bc,163635,164369,94016,-1452,0,6,0,1,1,1,1,8685,162947,0x004ea4a8c155,140737488355327,-140737488355328,-46,734,734
5,334,2721,335,150500.000000,150000.000000,0x004ea4a8c155,8,4,0x004ea4ab4366,164325,165055,93532,-1276,0,6,0,1,1,1,1,8896,163635,0x004ea4a8c155,140737488355327,-140737488355328,-40,730,730
5,335,2729,336,150500.000000,150000.000000,0x004ea4a8c155,8,4,0x004ea4ab4614,165028,165756,93236,-780,0,6,0,1,1,1,1,8879,164325,0x004ea4a8c155,140737488355327,-140737488355328,-25,728,728
5,336,2737,337,150500.000000,150000.000000,0x004ea4a8c155,8,4,0x004ea4ab48d1,165726,166450,92708,-824,0,6,0,1,1,1,1,8661,165028,0x004ea4a8c155,140737488355327,-140737488355328,-26,724,724
5,337,2745,338,150500.000000,150000.000000,0x004ea4a8c155,8,4,0x004ea4ab4b87,166402,167120,91904,-1332,0,6,0,1,1,1,1,8623,165726,0x004ea4a8c155,140737488355327,-140737488355328,-42,718,718
5,338,2753,339,150500.000000,150000.000000,0x004ea4a8c155,8,4,0x004ea4ab4e25,167070,167783,91284,-1424,0,6,0,1,1,1,1,8831,166402,0x004ea4a8c155,140737488355327,-140737488355328,-45,713,713
5,339,2761,340,150500.000000,150000.000000,0x004ea4a8c155,8,4,0x004ea4ab50bc,167750,168460,90972,-932,0,6,0,1,1,1,1,8921,167070,0x004ea4a8c155,140737488355327,-140737488355328,-30,710,710
5,340,2769,341,150500.000000,150000.000000,0x004ea4a8c155,8,4,0x004ea4ab5361,168434,169141,90568,-716,0,6,0,1,1,1,1,8739,167750,0x004ea4a8c155,140737488355327,-140737488355328,-23,707,707
5,341,2777,342,150500.000000,150000.000000,0x004ea4a8c155,8,4,0x004ea4ab560a,169099,169800,89824,-1148,0,6,0,1,1,1,1,8598,168434,0x004ea4a8c155,140737488355327,-140737488355328,-36,701,701
5,342,2785,343,150500.000000,150000.000000,0x004ea4a8c155,8,4,0x004ea4ab589d,169748,170444,89088,-1480,0,6,0,1,1,1,1,8747,169099,0x004ea4a8c155,140737488355327,-140737488355328,-47,696,696
5,343,2793,344,150500.000000,150000.000000,0x004ea4a8c155,8,4,0x004ea4ab5b21,170404,171096,88692,-1132,0,6,0,1,1,1,1,8922,169748,0x004ea4a8c155,140737488355327,-140737488355328,-36,692,692
5,344,2801,345,150500.000000,150000.000000,0x004ea4a8c155,8,4,0x004ea4ab5dad,171071,171761,88376,-712,0,6,0,1,1,1,1,8821,170404,0x004ea4a8c155,140737488355327,-140737488355328,-23,690,690
5,345,2809,346,150500.000000,150000.000000,0x004ea4a8c155,8,4,0x004ea4ab6046,171726,172411,87740,-952,0,6,0,1,1,1,1,8618,171071,0x004ea4a8c155,140737488355327,-140737488355328,-30,685,685
5,346,2817,347,150500.000000,150000.000000,0x004ea4a8c155,8,4,0x004ea4ab62d0,172360,173039,86940,-1436,0,6,0,1,1,1,1,8668,171726,0x004ea4a8c155,140737488355327,-140737488355328,-45,679,679
5,347,2825,348,150500.000000,150000.000000,0x004ea4a8c155,8,4,0x004ea4ab6544,172993,173668,86424,-1316,0,6,0,1,1,1,1,8883,172360,0x004ea4a8c155,140737488355327,-140737488355328,-42,675,675
5,348,2833,349,150500.000000,150000.000000,0x004ea4a8c155,8,4,0x004ea4ab67b9,173639,174311,86136,-804,0,6,0,1,1,1,1,8889,172993,0x004ea4a8c155,140737488355327,-140737488355328,-26,672,672
5,349,2841,350,150500.000000,150000.000000,0x004ea4a8c155,8,4,0x004ea4ab6a3c,174283,174952,85632,-792,0,6,0,1,1,1,1,8675,173639,0x004ea4a8c155,140737488355327,-140737488355328,-25,669,669
5,350,2849,351,150500.000000,150000.000000,0x004ea4a8c155,8,4,0x004ea4ab6cbd,174904,175566,84836,-1300,0,6,0,1,1,1,1,8612,174283,0x004ea4a8c155,140737488355327,-140737488355328,-41,662,662
5,351,2857,352,150500.000000,150000.000000,0x004ea4a8c155,8,4,0x004ea4ab6f23,175515,176172,84188,-1444,0,6,0,1,1,1,1,8812,174904,0x004ea4a8c155,140737488355327,-140737488355328,-46,657,657
5,352,2865,353,150500.000000,150000.000000,0x004ea4a8c155,8,4,0x004ea4ab7181,176139,176794,83864,-972,0,6,0,1,1,1,1,8923,175515,0x004ea4a8c155,140737488355327,-140737488355328,-31,655,655
5,353,2873,354,150500.000000,150000.000000,0x004ea4a8c155,8,4,0x004ea4ab73ef,176768,177420,83480,-708,0,6,0,1,1,1,1,8756,176139,0x004ea4a8c155,140737488355327,-140737488355328,-23,652,652
5,354,2881,355,150500.000000,150000.000000,0x004ea4a8c155,8,4,0x004ea4ab7661,177379,178025,82756,-1108,0,6,0,1,1,1,1,8597,176768,0x004ea4a8c155,140737488355327,-140737488355328,-35,646,646
5,355,2889,356,150500.000000,150000.000000,0x004ea4a8c155,8,4,0x004ea4ab78be,177972,178612,82004,-1476,0,6,0,1,1,1,1,8728,177379,0x004ea4a8c155,140737488355327,-140737488355328,-47,640,640
5,356,2897,357,150500.000000,150000.000000,0x004ea4a8c155,8,4,0x004ea4ab7b09,178572,179209,81584,-1172,0,6,0,1,1,1,1,8916,177972,0x004ea4a8c155,140737488355327,-140737488355328,-37,637,637
5,357,2905,358,150500.000000,150000.000000,0x004ea4a8c155,8,4,0x004ea4ab7d5e,179183,179817,81276,-728,0,6,0,1,1,1,1,8836,178572,0x004ea4a8c155,140737488355327,-140737488355328,-23,634,634
5,358,2913,359,150500.000000,150000.000000,0x004ea4a8c155,8,4,0x004ea4ab7fbe,179784,180414,80668,-916,0,6,0,1,1,1,1,8626,179183,0x004ea4a8c155,140737488355327,-140737488355328,-29,630,630
5,359,2921,360,150500.000000,150000.000000,0x004ea4a8c155,8,4,0x004ea4ab8213,180362,180985,79864,-1412,0,6,0,1,1,1,1,8652,179784,0x004ea4a8c155,140737488355327,-140737488355328,-45,623,623
5,360,2929,361,150500.000000,150000.000000,0x004ea4a8c155,8,4,0x004ea4ab844e,180938,181557,79320,-1348,0,6,0,1,1,1,1,8869,180362,0x004ea4a8c155,140737488355327,-140737488355328,-43,619,619
5,361,2937,362,150500.000000,150000.000000,0x004ea4a8c155,8,4,0x004ea4ab868a,181528,182145,79024,-840,0,6,0,1,1,1,1,8898,180938,0x004ea4a8c155,140737488355327,-140737488355328,-27,617,617
5,362,2945,363,150500.000000,150000.000000,0x004ea4a8c155,8,4,0x004ea4ab88d6,182117,182730,78552,-768,0,6,0,1,1,1,1,8689,181528,0x004ea4a8c155,140737488355327,-140737488355328,-24,613,613
5,363,2953,364,150500.000000,150000.000000,0x004ea4a8c155,8,4,0x004ea4ab8b1f,182684,183291,77764,-1260,0,6,0,1,1,1,1,8605,182117,0x004ea4a8c155,140737488355327,-140737488355328,-40,607,607
5,364,2961,365,150500.000000,150000.000000,0x004ea4a8c155,8,4,0x004ea4ab8d50,183240,183842,77092,-1460,0,6,0,1,1,1,1,8794,182684,0x004ea4a8c155,140737488355327,-140737488355328,-46,602,602
5,365,2969,366,150500.000000,150000.000000,0x004ea4a8c155,8,4,0x004ea4ab8f77,183807,184406,76752,-1012,0,6,0,1,1,1,1,8924,183240,0x004ea4a8c155,140737488355327,-140737488355328,-32,599,599
5,366,2977,367,150500.000000,150000.000000,0x004ea4a8c155,8,4,0x004ea4ab91ab,184381,184977,76388,-704,0,6,0,1,1,1,1,8772,183807,0x004ea4a8c155,140737488355327,-140737488355328,-22,596,596
5,367,2985,368,150500.000000,150000.000000,0x004ea4a8c155,8,4,0x004ea4ab93e6,184938,185529,75688,-1064,0,6,0,1,1,1,1,8598,184381,0x004ea4a8c155,140737488355327,-140737488355328,-34,591,591
5,368,2993,369,150500.000000,150000.000000,0x004ea4a8c155,8,4,0x004ea4ab960e,185477,186062,74916,-1472,0,6,0,1,1,1,1,8709,184938,0x004ea4a8c155,140737488355327,-140737488355328,-46,585,585
5,369,3001,370,150500.000000,150000.000000,0x004ea4a8c155,8,4,0x004ea4ab9823,186020,186601,74472,-1216,0,6,0,1,1,1,1,8909,185477,0x004ea4a8c155,140737488355327,-140737488355328,-38,581,581
5,370,3009,371,150500.000000,150000.000000,0x004ea4a8c155,8,4,0x004ea4ab9a3e,186575,187154,74172,-744,0,6,0,1,1,1,1,8851,186020,0x004ea4a8c155,140737488355327,-140737488355328,-24,579,579
5,371,3017,372,150500.000000,150000.000000,0x004ea4a8c155,8,4,0x004ea4ab9c67,187121,187695,73596,-876,0,6,0,1,1,1,1,8636,186575,0x004ea4a8c155,140737488355327,-140737488355328,-28,574,574
5,372,3025,373,150500.000000,150000.000000,0x004ea4a8c155,8,4,0x004ea4ab9e84,187645,188213,72788,-1384,0,6,0,1,1,1,1,8639,187121,0x004ea4a8c155,140737488355327,-140737488355328,-44,568,568
5,373,3033,374,150500.000000,150000.000000,0x004ea4a8c155,8,4,0x004ea4aba08a,188165,188729,72216,-1380,0,6,0,1,1,1,1,8854,187645,0x004ea4a8c155,140737488355327,-140737488355328,-44,564,564
5,374,3041,375,150500.000000,150000.000000,0x004ea4a8c155,8,4,0x004ea4aba28e,188698,189259,71920,-868,0,6,0,1,1,1,1,8907,188165,0x004ea4a8c155,140737488355327,-140737488355328,-28,561,561
5,375,3049,376,150500.000000,150000.000000,0x004ea4a8c155,8,4,0x004ea4aba4a0,189232,189790,71468,-748,0,6,0,1,1,1,1,8706,188698,0x004ea4a8c155,140737488355327,-140737488355328,-24,558,558
5,376,3057,377,150500.000000,150000.000000,0x004ea4a8c155,8,4,0x004ea4aba6b3,189745,190297,70696,-1224,0,6,0,1,1,1,1,8600,189232,0x004ea4a8c155,140737488355327,-140737488355328,-39,552,552
5,377,3065,378,150500.000000,150000.000000,0x004ea4a8c155,8,4,0x004ea4aba8ae,190245,190791,70000,-1468,0,6,0,1,1,1,1,8776,189745,0x004ea4a8c155,140737488355327,-140737488355328,-46,546,546
5,378,3073,379,150500.000000,150000.000000,0x004ea4a8c155,8,4,0x004ea4abaa9c,190756,191300,69640,-1056,0,6,0,1,1,1,1,8924,190245,0x004ea4a8c155,140737488355327,-140737488355328,-33,544,544
5,379,3081,380,150500.000000,150000.000000,0x004ea4a8c155,8,4,0x004ea4abac99,191275,191816,69296,-704,0,6,0,1,1,1,1,8790,190756,0x004ea4a8c155,140737488355327,-140737488355328,-22,541,541
5,380,3089,381,150500.000000,150000.000000,0x004ea4a8c155,8,4,0x004ea4abae9d,191779,192315,68616,-1024,0,6,0,1,1,1,1,8604,191275,0x004ea4a8c155,140737488355327,-140737488355328,-32,536,536
5,381,3097,382,150500.000000,150000.000000,0x004ea4a8c155,8,4,0x004ea4abb090,192262,192791,67832,-1464,0,6,0,1,1,1,1,8693,191779,0x004ea4a8c155,140737488355327,-140737488355328,-46,529,529
5,382,3105,383,150500.000000,150000.000000,0x004ea4a8c155,8,4,0x004ea4abb26c,192749,193275,67368,-1248,0,6,0,1,1,1,1,8900,192262,0x004ea4a8c155,140737488355327,-140737488355328,-39,526,526
5,383,3113,384,150500.000000,150000.000000,0x004ea4a8c155,8,4,0x004ea4abb450,193249,193773,67072,-760,0,6,0,1,1,1,1,8865,192749,0x004ea4a8c155,140737488355327,-140737488355328,-24,524,524
5,384,3121,385,150500.000000,150000.000000,0x004ea4a8c155,8,4,0x004ea4abb642,193741,194260,66524,-844,0,6,0,1,1,1,1,8650,193249,0x004ea4a8c155,140737488355327,-140737488355328,-27,519,519
5,385,3129,386,150500.000000,150000.000000,0x004ea4a8c155,8,4,0x004ea4abb829,194211,194724,65716,-1356,0,6,0,1,1,1,1,8629,193741,0x004ea4a8c155,140737488355327,-140737488355328,-43,513,513
5,386,3137,387,150500.000000,150000.000000,0x004ea4a8c155,8,4,0x004ea4abb9f9,194674,195182,65112,-1412,0,6,0,1,1,1,1,8839,194211,0x004ea4a8c155,140737488355327,-140737488355328,-45,508,508
5,387,3145,388,150500.000000,150000.000000,0x004ea4a8c155,8,4,0x004ea4abbbc3,195151,195657,64808,-908,0,6,0,1,1,1,1,8915,194674,0x004ea4a8c155,140737488355327,-140737488355328,-29,506,506
5,388,3153,389,150500.000000,150000.000000,0x004ea4a8c155,8,4,0x004ea4abbd9e,195631,196134,64384,-728,0,6,0,1,1,1,1,8723,195151,0x004ea4a8c155,140737488355327,-140737488355328,-23,503,503
5,389,3161,390,150500.000000,150000.000000,0x004ea4a8c155,8,4,0x004ea4abbf7b,196091,196588,63628,-1180,0,6,0,1,1,1,1,8597,195631,0x004ea4a8c155,140737488355327,-140737488355328,-37,497,497
5,390,3169,391,150500.000000,150000.000000,0x004ea4a8c155,8,4,0x004ea4abc141,196535,197026,62908,-1476,0,6,0,1,1,1,1,8760,196091,0x004ea4a8c155,140737488355327,-140737488355328,-47,491,491
5,391,3177,392,150500.000000,150000.000000,0x004ea4a8c155,8,4,0x004ea4abc2f7,196988,197476,62528,-1100,0,6,0,1,1,1,1,8924,196535,0x004ea4a8c155,140737488355327,-140737488355328,-35,488,488
5,392,3185,393,150500.000000,150000.000000,0x004ea4a8c155,8,4,0x004ea4abc4b9,197450,197935,62200,-708,0,6,0,1,1,1,1,8808,196988,0x004ea4a8c155,140737488355327,-140737488355328,-23,485,485
5,393,3193,394,150500.000000,150000.000000,0x004ea4a8c155,8,4,0x004ea4abc684,197899,198379,61544,-984,0,6,0,1,1,1,1,8610,197450,0x004ea4a8c155,140737488355327,-140737488355328,-31,480,480
5,394,3201,395,150500.000000,150000.000000,0x004ea4a8c155,8,4,0x004ea4abc840,198327,198801,60752,-1448,0,6,0,1,1,1,1,8679,197899,0x004ea4a8c155,140737488355327,-140737488355328,-46,474,474
5,395,3209,396,150500.000000,150000.000000,0x004ea4a8c155,8,4,0x004ea4abc9e6,198756,199226,60256,-1288,0,6,0,1,1,1,1,8892,198327,0x004ea4a8c155,140737488355327,-140737488355328,-41,470,470
5,396,3217,397,150500.000000,150000.000000,0x004ea4a8c155,8,4,0x004ea4abcb8f,199199,199667,59968,-784,0,6,0,1,1,1,1,8880,198756,0x004ea4a8c155,140737488355327,-140737488355328,-25,468,468
5,397,3225,398,150500.000000,150000.000000,0x004ea4a8c155,8,4,0x004ea4abcd48,199637,200101,59444,-812,0,6,0,1,1,1,1,8664,199199,0x004ea4a8c155,140737488355327,-140737488355328,-26,464,464
5,398,3233,399,150500.000000,150000.000000,0x004ea4a8c155,8,4,0x004ea4abcefa,200053,200511,58640,-1328,0,6,0,1,1,1,1,8619,199637,0x004ea4a8c155,140737488355327,-140737488355328,-42,458,458
5,399,3241,400,150500.000000,150000.000000,0x004ea4a8c155,8,4,0x004ea4abd094,200461,200914,58016,-1428,0,6,0,1,1,1,1,8825,200053,0x004ea4a8c155,140737488355327,-140737488355328,-45,453,453
5,400,3249,401,150500.000000,150000.000000,0x004ea4a8c155,8,4,0x004ea4abd227,200881,201331,57700,-940,0,6,0,1,1,1,1,8922,200461,0x004ea4a8c155,140737488355327,-140737488355328,-30,450,450
5,401,3257,402,150500.000000,150000.000000,0x004ea4a8c155,8,4,0x004ea4abd3c8,201305,201752,57300,-716,0,6,0,1,1,1,1,8743,200881,0x004ea4a8c155,140737488355327,-140737488355328,-23,447,447
5,402,3265,403,150500.000000,150000.000000,0x004ea4a8c155,8,4,0x004ea4abd56d,201710,202151,56560,-1140,0,6,0,1,1,1,1,8599,201305,0x004ea4a8c155,140737488355327,-140737488355328,-36,441,441
5,403,3273,404,150500.000000,150000.000000,0x004ea4a8c155,8,4,0x004ea4abd6fc,202099,202535,55820,-1480,0,6,0,1,1,1,1,8744,201710,0x004ea4a8c155,140737488355327,-140737488355328,-47,436,436
5,404,3281,405,150500.000000,150000.000000,0x004ea4a8c155,8,4,0x004ea4abd87c,202495,202927,55420,-1140,0,6,0,1,1,1,1,8923,202099,0x004ea4a8c155,140737488355327,-140737488355328,-36,432,432
5,405,3289,406,150500.000000,150000.000000,0x004ea4a8c155,8,4,0x004ea4abda04,202902,203332,55104,-716,0,6,0,1,1,1,1,8827,202495,0x004ea4a8c155,140737488355327,-140737488355328,-23,430,430
5,406,3297,407,150500.000000,150000.000000,0x004ea4a8c155,8,4,0x004ea4abdb99,203297,203722,54476,-944,0,6,0,1,1,1,1,8620,202902,0x004ea4a8c155,140737488355327,-140737488355328,-30,425,425
5,407,3305,408,150500.000000,150000.000000,0x004ea4a8c155,8,4,0x004ea4abdd1f,203671,204090,53676,-1428,0,6,0,1,1,1,1,8664,203297,0x004ea4a8c155,140737488355327,-140737488355328,-45,419,419
5,408,3313,409,150500.000000,150000.000000,0x004ea4a8c155,8,4,0x004ea4abde8f,204044,204459,53152,-1324,0,6,0,1,1,1,1,8882,203671,0x004ea4a8c155,140737488355327,-140737488355328,-42,415,415
5,409,3321,410,150500.000000,150000.000000,0x004ea4a8c155,8,4,0x004ea4abe000,204430,204842,52860,-816,0,6,0,1,1,1,1,8893,204044,0x004ea4a8c155,140737488355327,-140737488355328,-26,412,412
5,410,3329,411,150500.000000,150000.000000,0x004ea4a8c155,8,4,0x004ea4abe17f,204814,205223,52368,-784,0,6,0,1,1,1,1,8681,204430,0x004ea4a8c155,140737488355327,-140737488355328,-25,409,409
5,411,3337,412,150500.000000,150000.000000,0x004ea4a8c155,8,4,0x004ea4abe2fc,205175,205577,51576,-1284,0,6,0,1,1,1,1,8613,204814,0x004ea4a8c155,140737488355327,-140737488355328,-41,402,402
5,412,3345,413,150500.000000,150000.000000,0x004ea4a8c155,8,4,0x004ea4abe45e,205526,205923,50920,-1448,0,6,0,1,1,1,1,8811,205175,0x004ea4a8c155,140737488355327,-140737488355328,-46,397,397
5,413,3353,414,150500.000000,150000.000000,0x004ea4a8c155,8,4,0x004ea4abe5b8,205890,206285,50592,-984,0,6,0,1,1,1,1,8927,205526,0x004ea4a8c155,140737488355327,-140737488355328,-31,395,395
5,414,3361,415,150500.000000,150000.000000,0x004ea4a8c155,8,4,0x004ea4abe722,206260,206652,50216,-704,0,6,0,1,1,1,1,8762,205890,0x004ea4a8c155,140737488355327,-140737488355328,-22,392,392
5,415,3369,416,150500.000000,150000.000000,0x004ea4a8c155,8,4,0x004ea4abe891,206611,206997,49496,-1096,0,6,0,1,1,1,1,8601,206260,0x004ea4a8c155,140737488355327,-140737488355328,-35,386,386
5,416,3377,417,150500.000000,150000.000000,0x004ea4a8c155,8,4,0x004ea4abe9ea,206944,207324,48736,-1480,0,6,0,1,1,1,1,8727,206611,0x004ea4a8c155,140737488355327,-140737488355328,-47,380,380
5,417,3385,418,150500.000000,150000.000000,0x004ea4a8c155,8,4,0x004ea4abeb31,207284,207661,48312,-1184,0,6,0,1,1,1,1,8918,206944,0x004ea4a8c155,140737488355327,-140737488355328,-37,377,377
5,418,3393,419,150500.000000,150000.000000,0x004ea4a8c155,8,4,0x004ea4abec82,207636,208011,48008,-728,0,6,0,1,1,1,1,8844,207284,0x004ea4a8c155,140737488355327,-140737488355328,-23,375,375
5,419,3401,420,150500.000000,150000.000000,0x004ea4a8c155,8,4,0x004ea4abede0,207977,208347,47404,-908,0,6,0,1,1,1,1,8632,207636,0x004ea4a8c155,140737488355327,-140737488355328,-29,370,370
5,420,3409,421,150500.000000,150000.000000,0x004ea4a8c155,8,4,0x004ea4abef30,208297,208661,46600,-1408,0,6,0,1,1,1,1,8653,207977,0x004ea4a8c155,140737488355327,-140737488355328,-44,364,364
5,421,3417,422,150500.000000,150000.000000,0x004ea4a8c155,8,4,0x004ea4abf06a,208613,208972,46052,-1352,0,6,0,1,1,1,1,8870,208297,0x004ea4a8c155,140737488355327,-140737488355328,-43,359,359
5,422,3425,423,150500.000000,150000.000000,0x004ea4a8c155,8,4,0x004ea4abf1a1,208943,209300,45756,-844,0,6,0,1,1,1,1,8904,208613,0x004ea4a8c155,140737488355327,-140737488355328,-27,357,357
5,423,3433,424,150500.000000,150000.000000,0x004ea4a8c155,8,4,0x004ea4abf2e9,209272,209625,45292,-760,0,6,0,1,1,1,1,8698,208943,0x004ea4a8c155,140737488355327,-140737488355328,-24,353,353
5,424,3441,425,150500.000000,150000.000000,0x004ea4a8c155,8,4,0x004ea4abf42e,209580,209927,44508,-1248,0,6,0,1,1,1,1,8608,209272,0x004ea4a8c155,140737488355327,-140737488355328,-39,347,347
5,425,3449,426,150500.000000,150000.000000,0x004ea4a8c155,8,4,0x004ea4abf55c,209876,210218,43828,-1464,0,6,0,1,1,1,1,8793,209580,0x004ea4a8c155,140737488355327,-140737488355328,-46,342,342
5,426,3457,427,150500.000000,150000.000000,0x004ea4a8c155,8,4,0x004ea4abf67f,210183,210522,43484,-1024,0,6,0,1,1,1,1,8929,209876,0x004ea4a8c155,140737488355327,-140737488355328,-32,339,339
5,427,3465,428,150500.000000,150000.000000,0x004ea4a8c155,8,4,0x004ea4abf7af,210497,210833,43124,-704,0,6,0,1,1,1,1,8780,210183,0x004ea4a8c155,140737488355327,-140737488355328,-22,336,336
5,428,3473,429,150500.000000,150000.000000,0x004ea4a8c155,8,4,0x004ea4abf8e6,210795,211126,42428,-1056,0,6,0,1,1,1,1,8605,210497,0x004ea4a8c155,140737488355327,-140737488355328,-33,331,331
5,429,3481,430,150500.000000,150000.000000,0x004ea4a8c155,8,4,0x004ea4abfa0b,211074,211399,41656,-1468,0,6,0,1,1,1,1,8710,210795,0x004ea4a8c155,140737488355327,-140737488355328,-46,325,325
5,430,3489,431,150500.000000,150000.000000,0x004ea4a8c155,8,4,0x004ea4abfb1c,211356,211677,41208,-1220,0,6,0,1,1,1,1,8912,211074,0x004ea4a8c155,140737488355327,-140737488355328,-39,321,321
5,431,3497,432,150500.000000,150000.000000,0x004ea4a8c155,8,4,0x004ea4abfc32,211651,211970,40912,-744,0,6,0,1,1,1,1,8860,211356,0x004ea4a8c155,140737488355327,-140737488355328,-24,319,319
5,432,3505,433,150500.000000,150000.000000,0x004ea4a8c155,8,4,0x004ea4abfd57,211938,212253,40336,-872,0,6,0,1,1,1,1,8644,211651,0x004ea4a8c155,140737488355327,-140737488355328,-28,315,315
5,433,3513,434,150500.000000,150000.000000,0x004ea4a8c155,8,4,0x004ea4abfe72,212202,212510,39532,-1380,0,6,0,1,1,1,1,8640,211938,0x004ea4a8c155,140737488355327,-140737488355328,-44,308,308
5,434,3521,435,150500.000000,150000.000000,0x004ea4a8c155,8,4,0x004ea4abff73,212462,212766,38952,-1384,0,6,0,1,1,1,1,8856,212202,0x004ea4a8c155,140737488355327,-140737488355328,-44,304,304
5,435,3529,436,150500.000000,150000.000000,0x004ea4a8c155,8,4,0x004ea4ac0073,212735,213036,38652,-880,0,6,0,1,1,1,1,8913,212462,0x004ea4a8c155,140737488355327,-140737488355328,-28,301,301
5,436,3537,437,150500.000000,150000.000000,0x004ea4a8c155,8,4,0x004ea4ac0181,213009,213307,38212,-740,0,6,0,1,1,1,1,8715,212735,0x004ea4a8c155,140737488355327,-140737488355328,-24,298,298
5,437,3545,438,150500.000000,150000.000000,0x004ea4a8c155,8,4,0x004ea4ac0290,213263,213555,37440,-1212,0,6,0,1,1,1,1,8603,213009,0x004ea4a8c155,140737488355327,-140737488355328,-38,292,292
5,438,3553,439,150500.000000,150000.000000,0x004ea4a8c155,8,4,0x004ea4ac0388,213504,213791,36740,-1472,0,6,0,1,1,1,1,8776,213263,0x004ea4a8c155,140737488355327,-140737488355328,-46,287,287
5,439,3561,440,150500.000000,150000.000000,0x004ea4a8c155,8,4,0x004ea4ac0474,213754,214038,36376,-1064,0,6,0,1,1,1,1,8930,213504,0x004ea4a8c155,140737488355327,-140737488355328,-34,284,284
5,440,3569,441,150500.000000,150000.000000,0x004ea4a8c155,8,4,0x004ea4ac056b,214013,214294,36036,-704,0,6,0,1,1,1,1,8798,213754,0x004ea4a8c155,140737488355327,-140737488355328,-22,281,281
5,441,3577,442,150500.000000,150000.000000,0x004ea4a8c155,8,4,0x004ea4ac066b,214257,214533,35364,-1012,0,6,0,1,1,1,1,8610,214013,0x004ea4a8c155,140737488355327,-140737488355328,-32,276,276
5,442,3585,443,150500.000000,150000.000000,0x004ea4a8c155,8,4,0x004ea4ac075a,214481,214751,34576,-1460,0,6,0,1,1,1,1,8694,214257,0x004ea4a8c155,140737488355327,-140737488355328,-46,270,270
5,443,3593,444,150500.000000,150000.000000,0x004ea4a8c155,8,4,0x004ea4ac0834,214707,214973,34104,-1260,0,6,0,1,1,1,1,8902,214481,0x004ea4a8c155,140737488355327,-140737488355328,-40,266,266
5,444,3601,445,150500.000000,150000.000000,0x004ea4a8c155,8,4,0x004ea4ac0912,214947,215211,33808,-768,0,6,0,1,1,1,1,8873,214707,0x004ea4a8c155,140737488355327,-140737488355328,-24,264,264
5,445,3609,446,150500.000000,150000.000000,0x004ea4a8c155,8,4,0x004ea4ac0a00,215179,215438,33268,-836,0,6,0,1,1,1,1,8656,214947,0x004ea4a8c155,140737488355327,-140737488355328,-27,259,259
5,446,3617,447,150500.000000,150000.000000,0x004ea4a8c155,8,4,0x004ea4ac0ae3,217949,218714,97996,64188,0,6,0,1,1,1,1,8629,215179,0x004ea4a8c155,140737488355327,-140737488355328,2005,765,765
5,447,3625,448,150500.000000,150000.000000,0x004ea4a8c155,8,4,0x004ea4ac17af,220712,221472,97392,64124,0,6,0,1,1,1,1,8840,217949,0x004ea4a8c155,140737488355327,-140737488355328,2003,760,760
5,448,3633,449,150500.000000,150000.000000,0x004ea4a8c155,8,4,0x004ea4ac2275,221441,222199,97084,-912,0,6,0,1,1,1,1,8919,220712,0x004ea4a8c155,140737488355327,-140737488355328,-29,758,758
5,449,3641,450,150500.000000,150000.000000,0x004ea4a8c155,8,4,0x004ea4ac254c,222173,222928,96664,-728,0,6,0,1,1,1,1,8732,221441,0x004ea4a8c155,140737488355327,-140737488355328,-23,755,755
5,450,3649,451,150500.000000,150000.000000,0x004ea4a8c155,8,4,0x004ea4ac2825,222885,223634,95912,-1172,0,6,0,1,1,1,1,8600,222173,0x004ea4a8c155,140737488355327,-140737488355328,-37,749,749
5,451,3657,452,150500.000000,150000.000000,0x004ea4a8c155,8,4,0x004ea4ac2ae7,223581,224324,95188,-1476,0,6,0,1,1,1,1,8757,222885,0x004ea4a8c155,140737488355327,-140737488355328,-47,743,743
5,452,3665,453,150500.000000,150000.000000,0x004ea4a8c155,8,4,0x004ea4ac2d99,224286,225026,94804,-1108,0,6,0,1,1,1,1,8926,223581,0x004ea4a8c155,140737488355327,-140737488355328,-35,740,740
5,453,3673,454,150500.000000,150000.000000,0x004ea4a8c155,8,4,0x004ea4ac3057,225001,225739,94476,-712,0,6,0,1,1,1,1,8814,224286,0x004ea4a8c155,140737488355327,-140737488355328,-23,738,738
5,454,3681,455,150500.000000,150000.000000,0x004ea4a8c155,8,4,0x004ea4ac3320,225703,226436,93832,-972,0,6,0,1,1,1,1,8615,225001,0x004ea4a8c155,140737488355327,-140737488355328,-31,733,733
5,455,3689,456,150500.000000,150000.000000,0x004ea4a8c155,8,4,0x004ea4ac35d9,226384,227110,93036,-1440,0,6,0,1,1,1,1,8678,225703,0x004ea4a8c155,140737488355327,-140737488355328,-45,726,726
5,456,3697,457,150500.000000,150000.000000,0x004ea4a8c155,8,4,0x004ea4ac387b,227065,227787,92532,-1300,0,6,0,1,1,1,1,8891,226384,0x004ea4a8c155,140737488355327,-140737488355328,-41,722,722
5,457,3705,458,150500.000000,150000.000000,0x004ea4a8c155,8,4,0x004ea4ac3b20,227760,228480,92240,-796,0,6,0,1,1,1,1,8885,227065,0x004ea4a8c155,140737488355327,-140737488355328,-25,720,720
5,458,3713,459,150500.000000,150000.000000,0x004ea4a8c155,8,4,0x004ea4ac3dd5,228450,229166,91728,-804,0,6,0,1,1,1,1,8669,227760,0x004ea4a8c155,140737488355327,-140737488355328,-26,716,716
5,459,3721,460,150500.000000,150000.000000,0x004ea4a8c155,8,4,0x004ea4ac4083,229119,229829,90928,-1312,0,6,0,1,1,1,1,8618,228450,0x004ea4a8c155,140737488355327,-140737488355328,-41,710,710
5,460,3729,461,150500.000000,150000.000000,0x004ea4a8c155,8,4,0x004ea4ac431a,229779,230484,90296,-1432,0,6,0,1,1,1,1,8822,229119,0x004ea4a8c155,140737488355327,-140737488355328,-45,705,705
5,461,3737,462,150500.000000,150000.000000,0x004ea4a8c155,8,4,0x004ea4ac45a9,230451,231153,89976,-952,0,6,0,1,1,1,1,8922,229779,0x004ea4a8c155,140737488355327,-140737488355328,-30,702,702
5,462,3745,463,150500.000000,150000.000000,0x004ea4a8c155,8,4,0x004ea4ac4846,231127,231826,89580,-716,0,6,0,1,1,1,1,8748,230451,0x004ea4a8c155,140737488355327,-140737488355328,-23,699,699
5,463,3753,464,150500.000000,150000.000000,0x004ea4a8c155,8,4,0x004ea4ac4ae7,231785,232479,88844,-1132,0,6,0,1,1,1,1,8598,231127,0x004ea4a8c155,140737488355327,-140737488355328,-36,694,694
5,464,3761,465,150500.000000,150000.000000,0x004ea4a8c155,8,4,0x004ea4ac4d74,232426,233114,88100,-1480,0,6,0,1,1,1,1,8738,231785,0x004ea4a8c155,140737488355327,-140737488355328,-47,688,688
5,465,3769,466,150500.000000,150000.000000,0x004ea4a8c155,8,4,0x004ea4ac4fef,233075,233760,87696,-1148,0,6,0,1,1,1,1,8920,232426,0x004ea4a8c155,140737488355327,-140737488355328,-36,685,685
5,466,3777,467,150500.000000,150000.000000,0x004ea4a8c155,8,4,0x004ea4ac5275,233734,234416,87380,-720,0,6,0,1,1,1,1,8830,233075,0x004ea4a8c155,140737488355327,-140737488355328,-23,682,682
5,467,3785,468,150500.000000,150000.000000,0x004ea4a8c155,8,4,0x004ea4ac5505,234381,235058,86760,-936,0,6,0,1,1,1,1,8621,233734,0x004ea4a8c155,140737488355327,-140737488355328,-30,677,677
5,468,3793,469,150500.000000,150000.000000,0x004ea4a8c155,8,4,0x004ea4ac5787,235007,235678,85960,-1420,0,6,0,1,1,1,1,8661,234381,0x004ea4a8c155,140737488355327,-140737488355328,-45,671,671
5,469,3801,470,150500.000000,150000.000000,0x004ea4a8c155,8,4,0x004ea4ac59f3,235632,236299,85432,-1328,0,6,0,1,1,1,1,8876,235007,0x004ea4a8c155,140737488355327,-140737488355328,-42,667,667
5,470,3809,471,150500.000000,150000.000000,0x004ea4a8c155,8,4,0x004ea4ac5c60,236271,236936,85140,-820,0,6,0,1,1,1,1,8894,235632,0x004ea4a8c155,140737488355327,-140737488355328,-26,665,665
5,471,3817,472,150500.000000,150000.000000,0x004ea4a8c155,8,4,0x004ea4ac5edd,236907,237568,84652,-780,0,6,0,1,1,1,1,8682,236271,0x004ea4a8c155,140737488355327,-140737488355328,-25,661,661
5,472,3825,473,150500.000000,150000.000000,0x004ea4a8c155,8,4,0x004ea4ac6155,237521,238176,83856,-1284,0,6,0,1,1,1,1,8609,236907,0x004ea4a8c155,140737488355327,-140737488355328,-41,655,655
5,473,3833,474,150500.000000,150000.000000,0x004ea4a8c155,8,4,0x004ea4ac63b5,238124,238773,83196,-1456,0,6,0,1,1,1,1,8804,237521,0x004ea4a8c155,140737488355327,-140737488355328,-46,649,649
5,474,3841,475,150500.000000,150000.000000,0x004ea4a8c155,8,4,0x004ea4ac660a,238740,239387,82864,-992,0,6,0,1,1,1,1,8924,238124,0x004ea4a8c155,140737488355327,-140737488355328,-31,647,647
5,475,3849,476,150500.000000,150000.000000,0x004ea4a8c155,8,4,0x004ea4ac6870,239362,240006,82492,-704,0,6,0,1,1,1,1,8764,238740,0x004ea4a8c155,140737488355327,-140737488355328,-22,644,644
5,476,3857,477,150500.000000,150000.000000,0x004ea4a8c155,8,4,0x004ea4ac6adb,239966,240604,81776,-1088,0,6,0,1,1,1,1,8598,239362,0x004ea4a8c155,140737488355327,-140737488355328,-34,638,638
5,477,3865,478,150500.000000,150000.000000,0x004ea4a8c155,8,4,0x004ea4ac6d31,240551,241183,81016,-1476,0,6,0,1,1,1,1,8720,239966,0x004ea4a8c155,140737488355327,-140737488355328,-47,632,632
5,478,3873,479,150500.000000,150000.000000,0x004ea4a8c155,8,4,0x004ea4ac6f74,241142,241771,80584,-1192,0,6,0,1,1,1,1,8912,240551,0x004ea4a8c155,140737488355327,-140737488355328,-38,629,629
5,479,3881,480,150500.000000,150000.000000,0x004ea4a8c155,8,4,0x004ea4ac71c0,241746,242373,80284,-732,0,6,0,1,1,1,1,8843,241142,0x004ea4a8c155,140737488355327,-140737488355328,-23,627,627
5,480,3889,481,150500.000000,150000.000000,0x004ea4a8c155,8,4,0x004ea4ac741a,242340,242962,79688,-896,0,6,0,1,1,1,1,8631,241746,0x004ea4a8c155,140737488355327,-140737488355328,-28,622,622
5,481,3897,482,150500.000000,150000.000000,0x004ea4a8c155,8,4,0x004ea4ac7667,242912,243528,78880,-1404,0,6,0,1,1,1,1,8646,242340,0x004ea4a8c155,140737488355327,-140737488355328,-44,616,616
5,482,3905,483,150500.000000,150000.000000,0x004ea4a8c155,8,4,0x004ea4ac789d,243480,244091,78324,-1364,0,6,0,1,1,1,1,8862,242912,0x004ea4a8c155,140737488355327,-140737488355328,-43,611,611
5,483,3913,484,150500.000000,150000.000000,0x004ea4a8c155,8,4,0x004ea4ac7ad0,244062,244671,78028,-852,0,6,0,1,1,1,1,8903,243480,0x004ea4a8c155,140737488355327,-140737488355328,-27,609,609
5,484,3921,485,150500.000000,150000.000000,0x004ea4a8c155,8,4,0x004ea4ac7d14,244644,245250,77568,-756,0,6,0,1,1,1,1,8697,244062,0x004ea4a8c155,140737488355327,-140737488355328,-24,606,606
5,485,3929,486,150500.000000,150000.000000,0x004ea4a8c155,8,4,0x004ea4ac7f57,245204,245803,76788,-1240,0,6,0,1,1,1,1,8602,244644,0x004ea4a8c155,140737488355327,-140737488355328,-39,599,599
5,486,3937,487,150500.000000,150000.000000,0x004ea4a8c155,8,4,0x004ea4ac8180,245752,246346,76104,-1464,0,6,0,1,1,1,1,8785,245204,0x004ea4a8c155,140737488355327,-140737488355328,-46,594,594
5,487,3945,488,150500.000000,150000.000000,0x004ea4a8c155,8,4,0x004ea4ac839f,246310,246901,75752,-1036,0,6,0,1,1,1,1,8924,245752,0x004ea4a8c155,140737488355327,-140737488355328,-33,591,591
5,488,3953,489,150500.000000,150000.000000,0x004ea4a8c155,8,4,0x004ea4ac85ca,246877,247466,75400,-704,0,6,0,1,1,1,1,8780,246310,0x004ea4a8c155,140737488355327,-140737488355328,-22,589,589
5,489,3961,490,150500.000000,150000.000000,0x004ea4a8c155,8,4,0x004ea4ac87ff,247427,248010,74708,-1044,0,6,0,1,1,1,1,8601,246877,0x004ea4a8c155,140737488355327,-140737488355328,-33,583,583
5,490,3969,491,150500.000000,150000.000000,0x004ea4a8c155,8,4,0x004ea4ac8a1f,247958,248535,73932,-1468,0,6,0,1,1,1,1,8702,247427,0x004ea4a8c155,140737488355327,-140737488355328,-46,577,577
5,491,3977,492,150500.000000,150000.000000,0x004ea4a8c155,8,4,0x004ea4ac8c2c,248493,249067,73476,-1232,0,6,0,1,1,1,1,8904,247958,0x004ea4a8c155,140737488355327,-140737488355328,-39,574,574
5,492,3985,493,150500.000000,150000.000000,0x004ea4a8c155,8,4,0x004ea4ac8e40,249040,249611,73180,-752,0,6,0,1,1,1,1,8858,248493,0x004ea4a8c155,140737488355327,-140737488355328,-24,571,571
5,493,3993,494,150500.000000,150000.000000,0x004ea4a8c155,8,4,0x004ea4ac9060,249580,250147,72616,-860,0,6,0,1,1,1,1,8642,249040,0x004ea4a8c155,140737488355327,-140737488355328,-27,567,567
5,494,4001,495,150500.000000,150000.000000,0x004ea4a8c155,8,4,0x004ea4ac9278,250098,250659,71808,-1372,0,6,0,1,1,1,1,8633,249580,0x004ea4a8c155,140737488355327,-140737488355328,-43,561,561
5,495,4009,496,150500.000000,150000.000000,0x004ea4a8c155,8,4,0x004ea4ac9478,250610,251166,71224,-1392,0,6,0,1,1,1,1,8847,250098,0x004ea4a8c155,140737488355327,-140737488355328,-44,556,556
5,496,4017,497,150500.000000,150000.000000,0x004ea4a8c155,8,4,0x004ea4ac9673,251136,251690,70920,-888,0,6,0,1,1,1,1,8911,250610,0x004ea4a8c155,140737488355327,-140737488355328,-28,554,554
5,497,4025,498,150500.000000,150000.000000,0x004ea4a8c155,8,4,0x004ea4ac987f,251662,252212,70484,-740,0,6,0,1,1,1,1,8714,251136,0x004ea4a8c155,140737488355327,-140737488355328,-24,550,550
5,498,4033,499,150500.000000,150000.000000,0x004ea4a8c155,8,4,0x004ea4ac9a89,252168,252712,69720,-1200,0,6,0,1,1,1,1,8598,251662,0x004ea4a8c155,140737488355327,-140737488355328,-38,544,544
5,499,4041,500,150500.000000,150000.000000,0x004ea4a8c155,8,4,0x004ea4ac9c7d,252661,253200,69012,-1472,0,6,0,1,1,1,1,8768,252168,0x004ea4a8c155,140737488355327,-140737488355328,-46,539,539
5,500,4049,501,150500.000000,150000.000000,0x004ea4a8c155,8,4,0x004ea4ac9e65,253163,253699,68644,-1076,0,6,0,1,1,1,1,8924,252661,0x004ea4a8c155,140737488355327,-140737488355328,-34,536,536
5,501,4057,502,150500.000000,150000.000000,0x004ea4a8c155,8,4,0x004ea4aca058,253673,254206,68304,-708,0,6,0,1,1,1,1,8799,253163,0x004ea4a8c155,140737488355327,-140737488355328,-23,533,533
5,502,4065,503,150500.000000,150000.000000,0x004ea4a8c155,8,4,0x004ea4aca253,254169,254697,67640,-1004,0,6,0,1,1,1,1,8607,253673,0x004ea4a8c155,140737488355327,-140737488355328,-32,528,528
5,503,4073,504,150500.000000,150000.000000,0x004ea4a8c155,8,4,0x004ea4aca43e,254645,255167,66848,-1456,0,6,0,1,1,1,1,8686,254169,0x004ea4a8c155,140737488355327,-140737488355328,-46,522,522
5,504,4081,505,150500.000000,150000.000000,0x004ea4a8c155,8,4,0x004ea4aca614,255123,255641,66368,-1272,0,6,0,1,1,1,1,8897,254645,0x004ea4a8c155,140737488355327,-140737488355328,-40,518,518
5,505,4089,506,150500.000000,150000.000000,0x004ea4a8c155,8,4,0x004ea4aca7ee,255614,256130,66076,-772,0,6,0,1,1,1,1,8872,255123,0x004ea4a8c155,140737488355327,-140737488355328,-25,516,516
5,506,4097,507,150500.000000,150000.000000,0x004ea4a8c155,8,4,0x004ea4aca9d7,256100,256612,65540,-828,0,6,0,1,1,1,1,8655,255614,0x004ea4a8c155,140737488355327,-140737488355328,-26,512,512
5,507,4105,508,150500.000000,150000.000000,0x004ea4a8c155,8,4,0x004ea4acabb9,256563,257068,64736,-1340,0,6,0,1,1,1,1,8624,256100,0x004ea4a8c155,140737488355327,-140737488355328,-42,505,505
5,508,4113,509,150500.000000,150000.000000,0x004ea4a8c155,8,4,0x004ea4acad81,257018,257518,64120,-1420,0,6,0,1,1,1,1,8833,256563,0x004ea4a8c155,140737488355327,-140737488355328,-45,500,500
5,509,4121,510,150500.000000,150000.000000,0x004ea4a8c155,8,4,0x004ea4acaf43,257487,257985,63812,-924,0,6,0,1,1,1,1,8918,257018,0x004ea4a8c155,140737488355327,-140737488355328,-29,498,498
5,510,4129,511,150500.000000,150000.000000,0x004ea4a8c155,8,4,0x004ea4acb116,257959,258454,63400,-720,0,6,0,1,1,1,1,8732,257487,0x004ea4a8c155,140737488355327,-140737488355328,-23,495,495
5,511,4137,512,150500.000000,150000.000000,0x004ea4a8c155,8,4,0x004ea4acb2eb,258411,258900,62648,-1164,0,6,0,1,1,1,1,8597,257959,0x004ea4a8c155,140737488355327,-140737488355328,-37,489,489
5,512,4145,513,150500.000000,150000.000000,0x004ea4a8c155,8,4,0x004ea4acb4a9,258847,259330,61920,-1480,0,6,0,1,1,1,1,8751,258411,0x004ea4a8c155,140737488355327,-140737488355328,-47,483,483
5,513,4153,514,150500.000000,150000.000000,0x004ea4a8c155,8,4,0x004ea4acb657,259292,259772,61532,-1116,0,6,0,1,1,1,1,8922,258847,0x004ea4a8c155,140737488355327,-140737488355328,-35,480,480
5,514,4161,515,150500.000000,150000.000000,0x004ea4a8c155,8,4,0x004ea4acb811,259747,260225,61208,-712,0,6,0,1,1,1,1,8816,259292,0x004ea4a8c155,140737488355327,-140737488355328,-23,478,478
5,515,4169,516,150500.000000,150000.000000,0x004ea4a8c155,8,4,0x004ea4acb9d6,260189,260662,60568,-964,0,6,0,1,1,1,1,8615,259747,0x004ea4a8c155,140737488355327,-140737488355328,-31,473,473
5,516,4177,517,150500.000000,150000.000000,0x004ea4a8c155,8,4,0x004ea4acbb8b,260610,261076,59772,-1436,0,6,0,1,1,1,1,8672,260189,0x004ea4a8c155,140737488355327,-140737488355328,-45,466,466
5,517,4185,518,150500.000000,150000.000000,0x004ea4a8c155,8,4,0x004ea4acbd29,261032,261495,59264,-1304,0,6,0,1,1,1,1,8886,260610,0x004ea4a8c155,140737488355327,-140737488355328,-41,463,463
5,518,4193,519,150500.000000,150000.000000,0x004ea4a8c155,8,4,0x004ea4acbecc,261467,261927,58972,-800,0,6,0,1,1,1,1,8886,261032,0x004ea4a8c155,140737488355327,-140737488355328,-25,460,460
5,519,4201,520,150500.000000,150000.000000,0x004ea4a8c155,8,4,0x004ea4acc07c,261898,262354,58464,-800,0,6,0,1,1,1,1,8671,261467,0x004ea4a8c155,140737488355327,-140737488355328,-25,456,456
5,520,4209,521,150500.000000,150000.000000,0x004ea4a8c155,8,4,0x004ea4acc227,262307,262757,57664,-1308,0,6,0,1,1,1,1,8616,261898,0x004ea4a8c155,140737488355327,-140737488355328,-41,450,450
5,521,4217,522,150500.000000,150000.000000,0x004ea4a8c155,8,4,0x004ea4acc3ba,262707,263152,57024,-1440,0,6,0,1,1,1,1,8818,262307,0x004ea4a8c155,140737488355327,-140737488355328,-45,445,445
5,522,4225,523,150500.000000,150000.000000,0x004ea4a8c155,8,4,0x004ea4acc545,263118,263560,56700,-964,0,6,0,1,1,1,1,8924,262707,0x004ea4a8c155,140737488355327,-140737488355328,-31,442,442
5,523,4233,524,150500.000000,150000.000000,0x004ea4a8c155,8,4,0x004ea4acc6dd,263534,263973,56312,-712,0,6,0,1,1,1,1,8752,263118,0x004ea4a8c155,140737488355327,-140737488355328,-23,439,439
5,524,4241,525,150500.000000,150000.000000,0x004ea4a8c155,8,4,0x004ea4acc87a,263933,264367,55584,-1116,0,6,0,1,1,1,1,8599,263534,0x004ea4a8c155,140737488355327,-140737488355328,-35,434,434
5,525,4249,526,150500.000000,150000.000000,0x004ea4a8c155,8,4,0x004ea4acca04,264314,264742,54832,-1480,0,6,0,1,1,1,1,8735,263933,0x004ea4a8c155,140737488355327,-140737488355328,-47,428,428
5,526,4257,527,150500.000000,150000.000000,0x004ea4a8c155,8,4,0x004ea4accb7b,264702,265127,54424,-1160,0,6,0,1,1,1,1,8920,264314,0x004ea4a8c155,140737488355327,-140737488355328,-37,425,425
5,527,4265,528,150500.000000,150000.000000,0x004ea4a8c155,8,4,0x004ea4acccfc,265101,265523,54112,-720,0,6,0,1,1,1,1,8835,264702,0x004ea4a8c155,140737488355327,-140737488355328,-23,422,422
5,528,4273,529,150500.000000,150000.000000,0x004ea4a8c155,8,4,0x004ea4acce88,265489,265906,53500,-924,0,6,0,1,1,1,1,8625,265101,0x004ea4a8c155,140737488355327,-140737488355328,-29,417,417
5,529,4281,530,150500.000000,150000.000000,0x004ea4a8c155,8,4,0x004ea4acd007,265855,266266,52696,-1416,0,6,0,1,1,1,1,8659,265489,0x004ea4a8c155,140737488355327,-140737488355328,-45,411,411
5,530,4289,531,150500.000000,150000.000000,0x004ea4a8c155,8,4,0x004ea4acd16f,266220,266627,52156,-1344,0,6,0,1,1,1,1,8876,265855,0x004ea4a8c155,140737488355327,-140737488355328,-42,407,407
5,531,4297,532,150500.000000,150000.000000,0x004ea4a8c155,8,4,0x004ea4acd2d8,266599,267004,51868,-828,0,6,0,1,1,1,1,8898,266220,0x004ea4a8c155,140737488355327,-140737488355328,-26,405,405
5,532,4305,533,150500.000000,150000.000000,0x004ea4a8c155,8,4,0x004ea4acd451,266975,267376,51384,-772,0,6,0,1,1,1,1,8688,266599,0x004ea4a8c155,140737488355327,-140737488355328,-25,401,401
5,533,4313,534,150500.000000,150000.000000,0x004ea4a8c155,8,4,0x004ea4acd5c5,267330,267725,50596,-1272,0,6,0,1,1,1,1,8610,266975,0x004ea4a8c155,140737488355327,-140737488355328,-40,395,395
5,534,4321,535,150500.000000,150000.000000,0x004ea4a8c155,8,4,0x004ea4acd722,267674,268064,49932,-1452,0,6,0,1,1,1,1,8802,267330,0x004ea4a8c155,140737488355327,-140737488355328,-46,390,390
5,535,4329,536,150500.000000,150000.000000,0x004ea4a8c155,8,4,0x004ea4acd875,268029,268416,49596,-1000,0,6,0,1,1,1,1,8928,267674,0x004ea4a8c155,140737488355327,-140737488355328,-32,387,387
5,536,4337,537,150500.000000,150000.000000,0x004ea4a8c155,8,4,0x004ea4acd9d5,268390,268774,49224,-708,0,6,0,1,1,1,1,8771,268029,0x004ea4a8c155,140737488355327,-140737488355328,-23,384,384
5,537,4345,538,150500.000000,150000.000000,0x004ea4a8c155,8,4,0x004ea4acdb3b,268735,269114,48516,-1080,0,6,0,1,1,1,1,8603,268390,0x004ea4a8c155,140737488355327,-140737488355328,-34,379,379
5,538,4353,539,150500.000000,150000.000000,0x004ea4a8c155,8,4,0x004ea4acdc8f,269061,269434,47748,-1476,0,6,0,1,1,1,1,8719,268735,0x004ea4a8c155,140737488355327,-140737488355328,-47,373,373
5,539,4361,540,150500.000000,150000.000000,0x004ea4a8c155,8,4,0x004ea4acddcf,269392,269761,47316,-1200,0,6,0,1,1,1,1,8914,269061,0x004ea4a8c155,140737488355327,-140737488355328,-38,369,369
5,540,4369,541,150500.000000,150000.000000,0x004ea4a8c155,8,4,0x004ea4acdf16,269736,270103,47016,-732,0,6,0,1,1,1,1,8852,269392,0x004ea4a8c155,140737488355327,-140737488355328,-23,367,367
5,541,4377,542,150500.000000,150000.000000,0x004ea4a8c155,8,4,0x004ea4ace06c,270070,270432,46428,-888,0,6,0,1,1,1,1,8637,269736,0x004ea4a8c155,140737488355327,-140737488355328,-28,362,362
5,542,4385,543,150500.000000,150000.000000,0x004ea4a8c155,8,4,0x004ea4ace1b5,270382,270738,45620,-1396,0,6,0,1,1,1,1,8647,270070,0x004ea4a8c155,140737488355327,-140737488355328,-44,356,356
5,543,4393,544,150500.000000,150000.000000,0x004ea4a8c155,8,4,0x004ea4ace2e7,270691,271043,45056,-1372,0,6,0,1,1,1,1,8864,270382,0x004ea4a8c155,140737488355327,-140737488355328,-43,352,352
5,544,4401,545,150500.000000,150000.000000,0x004ea4a8c155,8,4,0x004ea4ace418,271013,271362,44764,-856,0,6,0,1,1,1,1,8909,270691,0x004ea4a8c155,140737488355327,-140737488355328,-27,349,349
5,545,4409,546,150500.000000,150000.000000,0x004ea4a8c155,8,4,0x004ea4ace557,271335,271681,44308,-748,0,6,0,1,1,1,1,8705,271013,0x004ea4a8c155,140737488355327,-140737488355328,-24,346,346
5,546,4417,547,150500.000000,150000.000000,0x004ea4a8c155,8,4,0x004ea4ace696,271636,271976,43528,-1236,0,6,0,1,1,1,1,8606,271335,0x004ea4a8c155,140737488355327,-140737488355328,-39,340,340
5,547,4425,548,150500.000000,150000.000000,0x004ea4a8c155,8,4,0x004ea4ace7bd,271924,272258,42840,-1468,0,6,0,1,1,1,1,8786,271636,0x004ea4a8c155,140737488355327,-140737488355328,-46,334,334
5,548,4433,549,150500.000000,150000.000000,0x004ea4a8c155,8,4,0x004ea4ace8d7,272222,272553,42484,-1044,0,6,0,1,1,1,1,8930,271924,0x004ea4a8c155,140737488355327,-140737488355328,-33,331,331
5,549,4441,550,150500.000000,150000.000000,0x004ea4a8c155,8,4,0x004ea4ace9fe,272529,272858,42136,-704,0,6,0,1,1,1,1,8790,272222,0x004ea4a8c155,140737488355327,-140737488355328,-22,329,329
5,550,4449,551,150500.000000,150000.000000,0x004ea4a8c155,8,4,0x004ea4aceb2f,272819,273142,41452,-1032,0,6,0,1,1,1,1,8608,272529,0x004ea4a8c155,140737488355327,-140737488355328,-33,323,323
5,551,4457,552,150500.000000,150000.000000,0x004ea4a8c155,8,4,0x004ea4acec4b,273090,273407,40672,-1464,0,6,0,1,1,1,1,8702,272819,0x004ea4a8c155,140737488355327,-140737488355328,-46,317,317
5,552,4465,553,150500.000000,150000.000000,0x004ea4a8c155,8,4,0x004ea4aced54,273365,273679,40208,-1244,0,6,0,1,1,1,1,8907,273090,0x004ea4a8c155,140737488355327,-140737488355328,-39,314,314
5,553,4473,554,150500.000000,150000.000000,0x004ea4a8c155,8,4,0x004ea4acee64,273652,273963,39916,-756,0,6,0,1,1,1,1,8866,273365,0x004ea4a8c155,140737488355327,-140737488355328,-24,311,311
5,554,4481,555,150500.000000,150000.000000,0x004ea4a8c155,8,4,0x004ea4acef80,273932,274239,39360,-848,0,6,0,1,1,1,1,8650,273652,0x004ea4a8c155,140737488355327,-140737488355328,-27,307,307
5,555,4489,556,150500.000000,150000.000000,0x004ea4a8c155,8,4,0x004ea4acf094,274190,274491,38552,-1364,0,6,0,1,1,1,1,8634,273932,0x004ea4a8c155,140737488355327,-140737488355328,-43,301,301
5,556,4497,557,150500.000000,150000.000000,0x004ea4a8c155,8,4,0x004ea4acf190,274442,274738,37960,-1400,0,6,0,1,1,1,1,8849,274190,0x004ea4a8c155,140737488355327,-140737488355328,-44,296,296
5,557,4505,558,150500.000000,150000.000000,0x004ea4a8c155,8,4,0x004ea4acf287,274708,275002,37656,-896,0,6,0,1,1,1,1,8916,274442,0x004ea4a8c155,140737488355327,-140737488355328,-28,294,294
5,558,4513,559,150500.000000,150000.000000,0x004ea4a8c155,8,4,0x004ea4acf38f,274975,275265,37228,-732,0,6,0,1,1,1,1,8723,274708,0x004ea4a8c155,140737488355327,-140737488355328,-23,290,290
5,559,4521,560,150500.000000,150000.000000,0x004ea4a8c155,8,4,0x004ea4acf496,275221,275505,36464,-1192,0,6,0,1,1,1,1,8602,274975,0x004ea4a8c155,140737488355327,-140737488355328,-38,284,284
5,560,4529,561,150500.000000,150000.000000,0x004ea4a8c155,8,4,0x004ea4acf586,275453,275732,35748,-1480,0,6,0,1,1,1,1,8768,275221,0x004ea4a8c155,140737488355327,-140737488355328,-47,279,279
5,561,4537,562,150500.000000,150000.000000,0x004ea4a8c155,8,4,0x004ea4acf669,275695,275971,35380,-1084,0,6,0,1,1,1,1,8929,275453,0x004ea4a8c155,140737488355327,-140737488355328,-34,276,276
5,562,4545,563,150500.000000,150000.000000,0x004ea4a8c155,8,4,0x004ea4acf758,275946,276219,35044,-704,0,6,0,1,1,1,1,8806,275695,0x004ea4a8c155,140737488355327,-140737488355328,-22,273,273
5,563,4553,564,150500.000000,150000.000000,0x004ea4a8c155,8,4,0x004ea4acf850,276182,276450,34384,-996,0,6,0,1,1,1,1,8612,275946,0x004ea4a8c155,140737488355327,-140737488355328,-32,268,268
5,564,4561,565,150500.000000,150000.000000,0x004ea4a8c155,8,4,0x004ea4acf937,276398,276660,33596,-1448,0,6,0,1,1,1,1,8686,276182,0x004ea4a8c155,140737488355327,-140737488355328,-46,262,262
5,565,4569,566,150500.000000,150000.000000,0x004ea4a8c155,8,4,0x004ea4acfa09,276616,276874,33108,-1276,0,6,0,1,1,1,1,8898,276398,0x004ea4a8c155,140737488355327,-140737488355328,-40,258,258
5,566,4577,567,150500.000000,150000.000000,0x004ea4a8c155,8,4,0x004ea4acfadf,276847,277103,32816,-780,0,6,0,1,1,1,1,8880,276616,0x004ea4a8c155,140737488355327,-140737488355328,-25,256,256
5,567,4585,568,150500.000000,150000.000000,0x004ea4a8c155,8,4,0x004ea4acfbc4,279633,280397,97820,64712,0,6,0,1,1,1,1,8662,276847,0x004ea4a8c155,140737488355327,-140737488355328,2022,764,764
5,568,4593,569,150500.000000,150000.000000,0x004ea4a8c155,8,4,0x004ea4ad08a2,282396,283153,97016,64200,0,6,0,1,1,1,1,8624,279633,0x004ea4a8c155,140737488355327,-140737488355328,2006,757,757
5,569,4601,570,150500.000000,150000.000000,0x004ea4a8c155,8,4,0x004ea4ad1366,283104,283857,96400,-1420,0,6,0,1,1,1,1,8832,282396,0x004ea4a8c155,140737488355327,-140737488355328,-45,753,753
5,570,4609,571,150500.000000,150000.000000,0x004ea4a8c155,8,4,0x004ea4ad1626,283824,284574,96084,-932,0,6,0,1,1,1,1,8922,283104,0x004ea4a8c155,140737488355327,-140737488355328,-30,750,750
5,571,4617,572,150500.000000,150000.000000,0x004ea4a8c155,8,4,0x004ea4ad18f3,284548,285295,95680,-720,0,6,0,1,1,1,1,8740,283824,0x004ea4a8c155,140737488355327,-140737488355328,-23,747,747
5,572,4625,573,150500.000000,150000.000000,0x004ea4a8c155,8,4,0x004ea4ad1bc4,285253,285994,94932,-1152,0,6,0,1,1,1,1,8599,284548,0x004ea4a8c155,140737488355327,-140737488355328,-36,741,741
5,573,4633,574,150500.000000,150000.000000,0x004ea4a8c155,8,4,0x004ea4ad1e7f,285941,286676,94200,-1480,0,6,0,1,1,1,1,8749,285253,0x004ea4a8c155,140737488355327,-140737488355328,-47,735,735
5,574,4641,575,150500.000000,150000.000000,0x004ea4a8c155,8,4,0x004ea4ad2129,286637,287369,93804,-1128,0,6,0,1,1,1,1,8924,285941,0x004ea4a8c155,140737488355327,-140737488355328,-36,732,732
5,575,4649,576,150500.000000,150000.000000,0x004ea4a8c155,8,4,0x004ea4ad23de,287344,288074,93484,-716,0,6,0,1,1,1,1,8822,286637,0x004ea4a8c155,140737488355327,-140737488355328,-23,730,730
5,576,4657,577,150500.000000,150000.000000,0x004ea4a8c155,8,4,0x004ea4ad269f,288039,288764,92852,-952,0,6,0,1,1,1,1,8618,287344,0x004ea4a8c155,140737488355327,-140737488355328,-30,725,725
5,577,4665,578,150500.000000,150000.000000,0x004ea4a8c155,8,4,0x004ea4ad2951,288713,289432,92052,-1432,0,6,0,1,1,1,1,8669,288039,0x004ea4a8c155,140737488355327,-140737488355328,-45,719,719
5,578,4673,579,150500.000000,150000.000000,0x004ea4a8c155,8,4,0x004ea4ad2bed,289386,290101,91536,-1316,0,6,0,1,1,1,1,8885,288713,0x004ea4a8c155,140737488355327,-140737488355328,-42,715,715
5,579,4681,580,150500.000000,150000.000000,0x004ea4a8c155,8,4,0x004ea4ad2e8a,290072,290784,91248,-804,0,6,0,1,1,1,1,8890,289386,0x004ea4a8c155,140737488355327,-140737488355328,-26,712,712
5,580,4689,581,150500.000000,150000.000000,0x004ea4a8c155,8,4,0x004ea4ad3135,290755,291463,90744,-792,0,6,0,1,1,1,1,8675,290072,0x004ea4a8c155,140737488355327,-140737488355328,-25,708,708
5,581,4697,582,150500.000000,150000.000000,0x004ea4a8c155,8,4,0x004ea4ad33dc,291416,292118,89948,-1300,0,6,0,1,1,1,1,8614,290755,0x004ea4a8c155,140737488355327,-140737488355328,-41,702,702
5,582,4705,583,150500.000000,150000.000000,0x004ea4a8c155,8,4,0x004ea4ad366b,292068,292765,89304,-1440,0,6,0,1,1,1,1,8814,291416,0x004ea4a8c155,140737488355327,-140737488355328,-45,697,697
5,583,4713,584,150500.000000,150000.000000,0x004ea4a8c155,8,4,0x004ea4ad38f2,292732,293427,88976,-972,0,6,0,1,1,1,1,8923,292068,0x004ea4a8c155,140737488355327,-140737488355328,-31,695,695
5,584,4721,585,150500.000000,150000.000000,0x004ea4a8c155,8,4,0x004ea4ad3b88,293401,294093,88592,-712,0,6,0,1,1,1,1,8756,292732,0x004ea4a8c155,140737488355327,-140737488355328,-23,692,692
5,585,4729,586,150500.000000,150000.000000,0x004ea4a8c155,8,4,0x004ea4ad3e22,294052,294738,87868,-1108,0,6,0,1,1,1,1,8598,293401,0x004ea4a8c155,140737488355327,-140737488355328,-35,686,686
5,586,4737,587,150500.000000,150000.000000,0x004ea4a8c155,8,4,0x004ea4ad40a7,294685,295365,87116,-1476,0,6,0,1,1,1,1,8730,294052,0x004ea4a8c155,140737488355327,-140737488355328,-47,680,680
5,587,4745,588,150500.000000,150000.000000,0x004ea4a8c155,8,4,0x004ea4ad431a,295325,296002,86696,-1172,0,6,0,1,1,1,1,8918,294685,0x004ea4a8c155,140737488355327,-140737488355328,-37,677,677
5,588,4753,589,150500.000000,150000.000000,0x004ea4a8c155,8,4,0x004ea4ad4597,295976,296650,86388,-728,0,6,0,1,1,1,1,8837,295325,0x004ea4a8c155,140737488355327,-140737488355328,-23,674,674
5,589,4761,590,150500.000000,150000.000000,0x004ea4a8c155,8,4,0x004ea4ad481f,296617,297287,85784,-912,0,6,0,1,1,1,1,8627,295976,0x004ea4a8c155,140737488355327,-140737488355328,-29,670,670
5,590,4769,591,150500.000000,150000.000000,0x004ea4a8c155,8,4,0x004ea4ad4a9c,297235,297898,84976,-1412,0,6,0,1,1,1,1,8653,296617,0x004ea4a8c155,140737488355327,-140737488355328,-45,663,663
5,591,4777,592,150500.000000,150000.000000,0x004ea4a8c155,8,4,0x004ea4ad4cff,297851,298510,84432,-1352,0,6,0,1,1,1,1,8870,297235,0x004ea4a8c155,140737488355327,-140737488355328,-43,659,659
5,592,4785,593,150500.000000,150000.000000,0x004ea4a8c155,8,4,0x004ea4ad4f63,298481,299138,84140,-836,0,6,0,1,1,1,1,8898,297851,0x004ea4a8c155,140737488355327,-140737488355328,-27,657,657
5,593,4793,594,150500.000000,150000.000000,0x004ea4a8c155,8,4,0x004ea4ad51d7,299110,299763,83668,-764,0,6,0,1,1,1,1,8690,298481,0x004ea4a8c155,140737488355327,-140737488355328,-24,653,653
5,594,4801,595,150500.000000,150000.000000,0x004ea4a8c155,8,4,0x004ea4ad5448,299717,300364,82880,-1260,0,6,0,1,1,1,1,8606,299110,0x004ea4a8c155,140737488355327,-140737488355328,-40,647,647
5,595,4809,596,150500.000000,150000.000000,0x004ea4a8c155,8,4,0x004ea4ad56a1,300313,300955,82208,-1460,0,6,0,1,1,1,1,8795,299717,0x004ea4a8c155,140737488355327,-140737488355328,-46,642,642
5,596,4817,597,150500.000000,150000.000000,0x004ea4a8c155,8,4,0x004ea4ad58f0,300920,301559,81868,-1012,0,6,0,1,1,1,1,8924,300313,0x004ea4a8c155,140737488355327,-140737488355328,-32,639,639
5,597,4825,598,150500.000000,150000.000000,0x004ea4a8c155,8,4,0x004ea4ad5b4c,301534,302170,81504,-704,0,6,0,1,1,1,1,8772,300920,0x004ea4a8c155,140737488355327,-140737488355328,-22,636,636
5,598,4833,599,150500.000000,150000.000000,0x004ea4a8c155,8,4,0x004ea4ad5daf,302131,302762,80800,-1068,0,6,0,1,1,1,1,8599,301534,0x004ea4a8c155,140737488355327,-140737488355328,-34,631,631
5,599,4841,600,150500.000000,150000.000000,0x004ea4a8c155,8,4,0x004ea4ad5fff,302710,303335,80032,-1472,0,6,0,1,1,1,1,8711,302131,0x004ea4a8c155,140737488355327,-140737488355328,-46,625,625
5,600,4849,601,150500.000000,150000.000000,0x004ea4a8c155,8,4,0x004ea4ad623c,303293,303914,79588,-1212,0,6,0,1,1,1,1,8910,302710,0x004ea4a8c155,140737488355327,-140737488355328,-38,621,621
5,601,4857,602,150500.000000,150000.000000,0x004ea4a8c155,8,4,0x004ea4ad647f,303888,304507,79288,-744,0,6,0,1,1,1,1,8851,303293,0x004ea4a8c155,140737488355327,-140737488355328,-24,619,619
5,602,4865,603,150500.000000,150000.000000,0x004ea4a8c155,8,4,0x004ea4ad66d0,304474,305088,78708,-880,0,6,0,1,1,1,1,8635,303888,0x004ea4a8c155,140737488355327,-140737488355328,-28,614,614
5,603,4873,604,150500.000000,150000.000000,0x004ea4a8c155,8,4,0x004ea4ad6915,305038,305646,77900,-1388,0,6,0,1,1,1,1,8639,304474,0x004ea4a8c155,140737488355327,-140737488355328,-44,608,608
5,604,4881,605,150500.000000,150000.000000,0x004ea4a8c155,8,4,0x004ea4ad6b43,305599,306203,77332,-1376,0,6,0,1,1,1,1,8855,305038,0x004ea4a8c155,140737488355327,-140737488355328,-43,604,604
5,605,4889,606,150500.000000,150000.000000,0x004ea4a8c155,8,4,0x004ea4ad6d70,306172,306773,77032,-868,0,6,0,1,1,1,1,8907,305599,0x004ea4a8c155,140737488355327,-140737488355328,-28,601,601
5,606,4897,607,150500.000000,150000.000000,0x004ea4a8c155,8,4,0x004ea4ad6faa,306746,307344,76584,-748,0,6,0,1,1,1,1,8705,306172,0x004ea4a8c155,140737488355327,-140737488355328,-24,598,598
5,607,4905,608,150500.000000,150000.000000,0x004ea4a8c155,8,4,0x004ea4ad71e5,307299,307891,75812,-1220,0,6,0,1,1,1,1,8600,306746,0x004ea4a8c155,140737488355327,-140737488355328,-39,592,592
5,608,4913,609,150500.000000,150000.000000,0x004ea4a8c155,8,4,0x004ea4ad7408,307839,308425,75112,-1472,0,6,0,1,1,1,1,8778,307299,0x004ea4a8c155,140737488355327,-140737488355328,-46,586,586
5,609,4921,610,150500.000000,150000.000000,0x004ea4a8c155,8,4,0x004ea4ad761e,308390,308974,74756,-1056,0,6,0,1,1,1,1,8924,307839,0x004ea4a8c155,140737488355327,-140737488355328,-33,584,584
5,610,4929,611,150500.000000,150000.000000,0x004ea4a8c155,8,4,0x004ea4ad7843,308949,309530,74412,-700,0,6,0,1,1,1,1,8789,308390,0x004ea4a8c155,140737488355327,-140737488355328,-22,581,581
5,611,4937,612,150500.000000,150000.000000,0x004ea4a8c155,8,4,0x004ea4ad7a6f,309492,310068,73728,-1028,0,6,0,1,1,1,1,8603,308949,0x004ea4a8c155,140737488355327,-140737488355328,-33,576,576
5,612,4945,613,150500.000000,150000.000000,0x004ea4a8c155,8,4,0x004ea4ad7c89,310015,310584,72948,-1464,0,6,0,1,1,1,1,8693,309492,0x004ea4a8c155,140737488355327,-140737488355328,-46,569,569
5,613,4953,614,150500.000000,150000.000000,0x004ea4a8c155,8,4,0x004ea4ad7e8d,310542,311108,72480,-1248,0,6,0,1,1,1,1,8901,310015,0x004ea4a8c155,140737488355327,-140737488355328,-39,566,566
5,614,4961,615,150500.000000,150000.000000,0x004ea4a8c155,8,4,0x004ea4ad8099,311081,311644,72184,-764,0,6,0,1,1,1,1,8865,310542,0x004ea4a8c155,140737488355327,-140737488355328,-24,563,563
5,615,4969,616,150500.000000,150000.000000,0x004ea4a8c155,8,4,0x004ea4ad82b1,311613,312172,71636,-844,0,6,0,1,1,1,1,8648,311081,0x004ea4a8c155,140737488355327,-140737488355328,-27,559,559
5,616,4977,617,150500.000000,150000.000000,0x004ea4a8c155,8,4,0x004ea4ad84c1,312123,312676,70828,-1356,0,6,0,1,1,1,1,8628,311613,0x004ea4a8c155,140737488355327,-140737488355328,-43,553,553
5,617,4985,618,150500.000000,150000.000000,0x004ea4a8c155,8,4,0x004ea4ad86b9,312627,313175,70228,-1408,0,6,0,1,1,1,1,8840,312123,0x004ea4a8c155,140737488355327,-140737488355328,-44,548,548
5,618,4993,619,150500.000000,150000.000000,0x004ea4a8c155,8,4,0x004ea4ad88ac,313144,313690,69924,-904,0,6,0,1,1,1,1,8914,312627,0x004ea4a8c155,140737488355327,-140737488355328,-29,546,546
5,619,5001,620,150500.000000,150000.000000,0x004ea4a8c155,8,4,0x004ea4ad8aaf,313663,314205,69500,-728,0,6,0,1,1,1,1,8722,313144,0x004ea4a8c155,140737488355327,-140737488355328,-23,542,542
5,620,5009,621,150500.000000,150000.000000,0x004ea4a8c155,8,4,0x004ea4ad8cb2,314163,314700,68740,-1184,0,6,0,1,1,1,1,8597,313663,0x004ea4a8c155,140737488355327,-140737488355328,-37,537,537
5,621,5017,622,150500.000000,150000.000000,0x004ea4a8c155,8,4,0x004ea4ad8ea1,314647,315178,68020,-1480,0,6,0,1,1,1,1,8760,314163,0x004ea4a8c155,140737488355327,-140737488355328,-47,531,531
5,622,5025,623,150500.000000,150000.000000,0x004ea4a8c155,8,4,0x004ea4ad907f,315140,315668,67644,-1096,0,6,0,1,1,1,1,8923,314647,0x004ea4a8c155,140737488355327,-140737488355328,-35,528,528
5,623,5033,624,150500.000000,150000.000000,0x004ea4a8c155,8,4,0x004ea4ad9269,315643,316168,67316,-704,0,6,0,1,1,1,1,8808,315140,0x004ea4a8c155,140737488355327,-140737488355328,-22,525,525
5,624,5041,625,150500.000000,150000.000000,0x004ea4a8c155,8,4,0x004ea4ad945d,316132,316652,66660,-984,0,6,0,1,1,1,1,8610,315643,0x004ea4a8c155,140737488355327,-140737488355328,-31,520,520
5,625,5049,626,150500.000000,150000.000000,0x004ea4a8c155,8,4,0x004ea4ad9641,316600,317114,65868,-1448,0,6,0,1,1,1,1,8678,316132,0x004ea4a8c155,140737488355327,-140737488355328,-46,514,514
5,626,5057,627,150500.000000,150000.000000,0x004ea4a8c155,8,4,0x004ea4ad980f,317069,317579,65372,-1288,0,6,0,1,1,1,1,8891,316600,0x004ea4a8c155,140737488355327,-140737488355328,-41,510,510
5,627,5065,628,150500.000000,150000.000000,0x004ea4a8c155,8,4,0x004ea4ad99e0,317552,318060,65080,-788,0,6,0,1,1,1,1,8878,317069,0x004ea4a8c155,140737488355327,-140737488355328,-25,508,508
5,628,5073,629,150500.000000,150000.000000,0x004ea4a8c155,8,4,0x004ea4ad9bc1,318030,318534,64556,-816,0,6,0,1,1,1,1,8663,317552,0x004ea4a8c155,140737488355327,-140737488355328,-26,504,504
5,629,5081,630,150500.000000,150000.000000,0x004ea4a8c155,8,4,0x004ea4ad9d9b,318486,318984,63756,-1324,0,6,0,1,1,1,1,8619,318030,0x004ea4a8c155,140737488355327,-140737488355328,-42,498,498
5,630,5089,631,150500.000000,150000.000000,0x004ea4a8c155,8,4,0x004ea4ad9f5d,318934,319427,63128,-1428,0,6,0,1,1,1,1,8825,318486,0x004ea4a8c155,140737488355327,-140737488355328,-45,493,493
5,631,5097,632,150500.000000,150000.000000,0x004ea4a8c155,8,4,0x004ea4ada118,319394,319884,62812,-944,0,6,0,1,1,1,1,8920,318934,0x004ea4a8c155,140737488355327,-140737488355328,-30,490,490
5,632,5105,633,150500.000000,150000.000000,0x004ea4a8c155,8,4,0x004ea4ada2e1,319858,320345,62412,-716,0,6,0,1,1,1,1,8741,319394,0x004ea4a8c155,140737488355327,-140737488355328,-23,487,487
5,633,5113,634,150500.000000,150000.000000,0x004ea4a8c155,8,4,0x004ea4ada4ae,320303,320784,61672,-1140,0,6,0,1,1,1,1,8597,319858,0x004ea4a8c155,140737488355327,-140737488355328,-36,481,481
5,634,5121,635,150500.000000,150000.000000,0x004ea4a8c155,8,4,0x004ea4ada665,320732,321208,60932,-1480,0,6,0,1,1,1,1,8744,320303,0x004ea4a8c155,140737488355327,-140737488355328,-47,476,476
5,635,5129,636,150500.000000,150000.000000,0x004ea4a8c155,8,4,0x004ea4ada80d,321168,321640,60532,-1140,0,6,0,1,1,1,1,8921,320732,0x004ea4a8c155,140737488355327,-140737488355328,-36,472,472
5,636,5137,637,150500.000000,150000.000000,0x004ea4a8c155,8,4,0x004ea4ada9bd,321615,322085,60216,-716,0,6,0,1,1,1,1,8825,321168,0x004ea4a8c155,140737488355327,-140737488355328,-23,470,470
5,637,5145,638,150500.000000,150000.000000,0x004ea4a8c155,8,4,0x004ea4adab7a,322050,322515,59588,-944,0,6,0,1,1,1,1,8619,321615,0x004ea4a8c155,140737488355327,-140737488355328,-30,465,465
5,638,5153,639,150500.000000,150000.000000,0x004ea4a8c155,8,4,0x004ea4adad28,322464,322923,58788,-1428,0,6,0,1,1,1,1,8664,322050,0x004ea4a8c155,140737488355327,-140737488355328,-45,459,459
5,639,5161,640,150500.000000,150000.000000,0x004ea4a8c155,8,4,0x004ea4adaec0,322877,323332,58264,-1324,0,6,0,1,1,1,1,8881,322464,0x004ea4a8c155,140737488355327,-140737488355328,-42,455,455
5,640,5169,641,150500.000000,150000.000000,0x004ea4a8c155,8,4,0x004ea4adb059,323303,323755,57976,-812,0,6,0,1,1,1,1,8892,322877,0x004ea4a8c155,140737488355327,-140737488355328,-26,452,452
5,641,5177,642,150500.000000,150000.000000,0x004ea4a8c155,8,4,0x004ea4adb200,323727,324176,57480,-784,0,6,0,1,1,1,1,8679,323303,0x004ea4a8c155,140737488355327,-140737488355328,-25,449,449
5,642,5185,643,150500.000000,150000.000000,0x004ea4a8c155,8,4,0x004ea4adb3a5,324128,324570,56684,-1292,0,6,0,1,1,1,1,8613,323727,0x004ea4a8c155,140737488355327,-140737488355328,-41,442,442
5,643,5193,644,150500.000000,150000.000000,0x004ea4a8c155,8,4,0x004ea4adb52f,324519,324956,56032,-1448,0,6,0,1,1,1,1,8810,324128,0x004ea4a8c155,140737488355327,-140737488355328,-46,437,437
5,644,5201,645,150500.000000,150000.000000,0x004ea4a8c155,8,4,0x004ea4adb6b1,324923,325358,55704,-980,0,6,0,1,1,1,1,8925,324519,0x004ea4a8c155,140737488355327,-140737488355328,-31,435,435
5,645,5209,646,150500.000000,150000.000000,0x004ea4a8c155,8,4,0x004ea4adb843,325332,325764,55324,-708,0,6,0,1,1,1,1,8761,324923,0x004ea4a8c155,140737488355327,-140737488355328,-23,432,432
5,646,5217,647,150500.000000,150000.000000,0x004ea4a8c155,8,4,0x004ea4adb9d9,325723,326149,54604,-1100,0,6,0,1,1,1,1,8600,325332,0x004ea4a8c155,140737488355327,-140737488355328,-35,426,426
5,647,5225,648,150500.000000,150000.000000,0x004ea4a8c155,8,4,0x004ea4adbb5a,326096,326516,53848,-1476,0,6,0,1,1,1,1,8727,325723,0x004ea4a8c155,140737488355327,-140737488355328,-47,420,420
5,648,5233,649,150500.000000,150000.000000,0x004ea4a8c155,8,4,0x004ea4adbcc9,326476,326893,53424,-1180,0,6,0,1,1,1,1,8917,326096,0x004ea4a8c155,140737488355327,-140737488355328,-37,417,417
5,649,5241,650,150500.000000,150000.000000,0x004ea4a8c155,8,4,0x004ea4adbe42,326868,327283,53120,-728,0,6,0,1,1,1,1,8842,326476,0x004ea4a8c155,140737488355327,-140737488355328,-23,415,415
5,650,5249,651,150500.000000,150000.000000,0x004ea4a8c155,8,4,0x004ea4adbfc8,327249,327659,52520,-904,0,6,0,1,1,1,1,8631,326868,0x004ea4a8c155,140737488355327,-140737488355328,-29,410,410
5,651,5257,652,150500.000000,150000.000000,0x004ea4a8c155,8,4,0x004ea4adc140,327609,328013,51712,-1408,0,6,0,1,1,1,1,8653,327249,0x004ea4a8c155,140737488355327,-140737488355328,-44,404,404
5,652,5265,653,150500.000000,150000.000000,0x004ea4a8c155,8,4,0x004ea4adc2a2,327965,328364,51164,-1356,0,6,0,1,1,1,1,8870,327609,0x004ea4a8c155,140737488355327,-140737488355328,-43,399,399
5,653,5273,654,150500.000000,150000.000000,0x004ea4a8c155,8,4,0x004ea4adc401,328335,328732,50872,-840,0,6,0,1,1,1,1,8903,327965,0x004ea4a8c155,140737488355327,-140737488355328,-27,397,397
5,654,5281,655,150500.000000,150000.000000,0x004ea4a8c155,8,4,0x004ea4adc571,328704,329097,50404,-760,0,6,0,1,1,1,1,8697,328335,0x004ea4a8c155,140737488355327,-140737488355328,-24,393,393
5,655,5289,656,150500.000000,150000.000000,0x004ea4a8c155,8,4,0x004ea4adc6de,329051,329438,49616,-1256,0,6,0,1,1,1,1,8608,328704,0x004ea4a8c155,140737488355327,-140737488355328,-40,387,387
5,656,5297,657,150500.000000,150000.000000,0x004ea4a8c155,8,4,0x004ea4adc833,329387,329769,48940,-1464,0,6,0,1,1,1,1,8795,329051,0x004ea4a8c155,140737488355327,-140737488355328,-46,382,382
5,657,5305,658,150500.000000,150000.000000,0x004ea4a8c155,8,4,0x004ea4adc97e,329734,330113,48596,-1020,0,6,0,1,1,1,1,8929,329387,0x004ea4a8c155,140737488355327,-140737488355328,-32,379,379
5,658,5313,659,150500.000000,150000.000000,0x004ea4a8c155,8,4,0x004ea4adcad6,330088,330464,48236,-704,0,6,0,1,1,1,1,8779,329734,0x004ea4a8c155,140737488355327,-140737488355328,-22,376,376
5,659,5321,660,150500.000000,150000.000000,0x004ea4a8c155,8,4,0x004ea4adcc35,330426,330797,47540,-1056,0,6,0,1,1,1,1,8604,330088,0x004ea4a8c155,140737488355327,-140737488355328,-33,371,371
5,660,5329,661,150500.000000,150000.000000,0x004ea4a8c155,8,4,0x004ea4adcd82,330745,331110,46764,-1472,0,6,0,1,1,1,1,8710,330426,0x004ea4a8c155,140737488355327,-140737488355328,-46,365,365
5,661,5337,662,150500.000000,150000.000000,0x004ea4a8c155,8,4,0x004ea4adcebb,331067,331428,46316,-1224,0,6,0,1,1,1,1,8911,330745,0x004ea4a8c155,140737488355327,-140737488355328,-39,361,361
5,662,5345,663,150500.000000,150000.000000,0x004ea4a8c155,8,4,0x004ea4adcff9,331402,331761,46020,-744,0,6,0,1,1,1,1,8859,331067,0x004ea4a8c155,140737488355327,-140737488355328,-24,359,359
5,663,5353,664,150500.000000,150000.000000,0x004ea4a8c155,8,4,0x004ea4add146,331729,332084,45448,-868,0,6,0,1,1,1,1,8643,331402,0x004ea4a8c155,140737488355327,-140737488355328,-28,355,355
5,664,5361,665,150500.000000,150000.000000,0x004ea4a8c155,8,4,0x004ea4add289,332033,332381,44640,-1380,0,6,0,1,1,1,1,8641,331729,0x004ea4a8c155,140737488355327,-140737488355328,-44,348,348
5,665,5369,666,150500.000000,150000.000000,0x004ea4a8c155,8,4,0x004ea4add3b2,332333,332677,44064,-1384,0,6,0,1,1,1,1,8857,332033,0x004ea4a8c155,140737488355327,-140737488355328,-44,344,344
5,666,5377,667,150500.000000,150000.000000,0x004ea4a8c155,8,4,0x004ea4add4da,332646,332987,43764,-876,0,6,0,1,1,1,1,8912,332333,0x004ea4a8c155,140737488355327,-140737488355328,-28,341,341
5,667,5385,668,150500.000000,150000.000000,0x004ea4a8c155,8,4,0x004ea4add610,332960,333298,43320,-744,0,6,0,1,1,1,1,8714,332646,0x004ea4a8c155,140737488355327,-140737488355328,-24,338,338
5,668,5393,669,150500.000000,150000.000000,0x004ea4a8c155,8,4,0x004ea4add747,333254,333586,42552,-1212,0,6,0,1,1,1,1,8604,332960,0x004ea4a8c155,140737488355327,-140737488355328,-38,332,332
5,669,5401,670,150500.000000,150000.000000,0x004ea4a8c155,8,4,0x004ea4add867,333534,333860,41848,-1472,0,6,0,1,1,1,1,8776,333254,0x004ea4a8c155,140737488355327,-140737488355328,-46,326,326
5,670,5409,671,150500.000000,150000.000000,0x004ea4a8c155,8,4,0x004ea4add979,333824,334148,41488,-1064,0,6,0,1,1,1,1,8929,333534,0x004ea4a8c155,140737488355327,-140737488355328,-34,324,324
5,671,5417,672,150500.000000,150000.000000,0x004ea4a8c155,8,4,0x004ea4adda99,334123,334444,41144,-704,0,6,0,1,1,1,1,8798,333824,0x004ea4a8c155,140737488355327,-140737488355328,-22,321,321
5,672,5425,673,150500.000000,150000.000000,0x004ea4a8c155,8,4,0x004ea4addbc1,334407,334723,40472,-1016,0,6,0,1,1,1,1,8609,334123,0x004ea4a8c155,140737488355327,-140737488355328,-32,316,316
5,673,5433,674,150500.000000,150000.000000,0x004ea4a8c155,8,4,0x004ea4addcd8,334671,334981,39688,-1456,0,6,0,1,1,1,1,8696,334407,0x004ea4a8c155,140737488355327,-140737488355328,-46,310,310
5,674,5441,675,150500.000000,150000.000000,0x004ea4a8c155,8,4,0x004ea4adddda,334937,335243,39212,-1260,0,6,0,1,1,1,1,8904,334671,0x004ea4a8c155,140737488355327,-140737488355328,-40,306,306
5,675,5449,676,150500.000000,150000.000000,0x004ea4a8c155,8,4,0x004ea4addee0,335217,335521,38920,-768,0,6,0,1,1,1,1,8873,334937,0x004ea4a8c155,140737488355327,-140737488355328,-24,304,304
5,676,5457,677,150500.000000,150000.000000,0x004ea4a8c155,8,4,0x004ea4addff6,335489,335788,38376,-836,0,6,0,1,1,1,1,8657,335217,0x004ea4a8c155,140737488355327,-140737488355328,-27,299,299
5,677,5465,678,150500.000000,150000.000000,0x004ea4a8c155,8,4,0x004ea4ade101,335739,336032,37572,-1348,0,6,0,1,1,1,1,8631,335489,0x004ea4a8c155,140737488355327,-140737488355328,-43,293,293
5,678,5473,679,150500.000000,150000.000000,0x004ea4a8c155,8,4,0x004ea4ade1f5,335982,336270,36964,-1412,0,6,0,1,1,1,1,8841,335739,0x004ea4a8c155,140737488355327,-140737488355328,-45,288,288
5,679,5481,680,150500.000000,150000.000000,0x004ea4a8c155,8,4,0x004ea4ade2e3,336239,336525,36660,-912,0,6,0,1,1,1,1,8919,335982,0x004ea4a8c155,140737488355327,-140737488355328,-29,286,286
5,680,5489,681,150500.000000,150000.000000,0x004ea4a8c155,8,4,0x004ea4ade3e2,336499,336782,36240,-724,0,6,0,1,1,1,1,8732,336239,0x004ea4a8c155,140737488355327,-140737488355328,-23,283,283
5,681,5497,682,150500.000000,150000.000000,0x004ea4a8c155,8,4,0x004ea4ade4e3,336739,337016,35484,-1176,0,6,0,1,1,1,1,8601,336499,0x004ea4a8c155,140737488355327,-140737488355328,-37,277,277
5,682,5505,683,150500.000000,150000.000000,0x004ea4a8c155,8,4,0x004ea4ade5cd,336963,337234,34760,-1480,0,6,0,1,1,1,1,8759,336739,0x004ea4a8c155,140737488355327,-140737488355328,-47,271,271
5,683,5513,684,150500.000000,150000.000000,0x004ea4a8c155,8,4,0x004ea4ade6a7,337196,337464,34380,-1104,0,6,0,1,1,1,1,8927,336963,0x004ea4a8c155,140737488355327,-140737488355328,-35,268,268
5,684,5521,685,150500.000000,150000.000000,0x004ea4a8c155,8,4,0x004ea4ade78d,337440,337706,34056,-704,0,6,0,1,1,1,1,8815,337196,0x004ea4a8c155,140737488355327,-140737488355328,-22,266,266
5,685,5529,686,150500.000000,150000.000000,0x004ea4a8c155,8,4,0x004ea4ade87f,337670,337931,33408,-972,0,6,0,1,1,1,1,8616,337440,0x004ea4a8c155,140737488355327,-140737488355328,-31,261,261
5,686,5537,687,150500.000000,150000.000000,0x004ea4a8c155,8,4,0x004ea4ade960,340438,341204,98144,64088,0,6,0,1,1,1,1,8679,337670,0x004ea4a8c155,140737488355327,-140737488355328,2002,766,766
5,687,5545,688,150500.000000,150000.000000,0x004ea4a8c155,8,4,0x004ea4adf629,343207,343969,97644,64236,0,6,0,1,1,1,1,8892,340438,0x004ea4a8c155,140737488355327,-140737488355328,2007,762,762
5,688,5553,689,150500.000000,150000.000000,0x004ea4a8c155,8,4,0x004ea4ae00f6,343942,344702,97356,-788,0,6,0,1,1,1,1,8886,343207,0x004ea4a8c155,140737488355327,-140737488355328,-25,760,760
5,689,5561,690,150500.000000,150000.000000,0x004ea4a8c155,8,4,0x004ea4ae03d3,344672,345428,96836,-808,0,6,0,1,1,1,1,8670,343942,0x004ea4a8c155,140737488355327,-140737488355328,-26,756,756
5,690,5569,691,150500.000000,150000.000000,0x004ea4a8c155,8,4,0x004ea4ae06a9,345380,346130,96040,-1316,0,6,0,1,1,1,1,8619,344672,0x004ea4a8c155,140737488355327,-140737488355328,-42,750,750
5,691,5577,692,150500.000000,150000.000000,0x004ea4a8c155,8,4,0x004ea4ae0967,346080,346825,95404,-1432,0,6,0,1,1,1,1,8825,345380,0x004ea4a8c155,140737488355327,-140737488355328,-45,745,745
5,692,5585,693,150500.000000,150000.000000,0x004ea4a8c155,8,4,0x004ea4ae0c1e,346792,347534,95088,-952,0,6,0,1,1,1,1,8924,346080,0x004ea4a8c155,140737488355327,-140737488355328,-30,742,742
5,693,5593,694,150500.000000,150000.000000,0x004ea4a8c155,8,4,0x004ea4ae0ee3,347508,348247,94692,-712,0,6,0,1,1,1,1,8747,346792,0x004ea4a8c155,140737488355327,-140737488355328,-23,739,739
5,694,5601,695,150500.000000,150000.000000,0x004ea4a8c155,8,4,0x004ea4ae11ac,348206,348940,93956,-1132,0,6,0,1,1,1,1,8599,347508,0x004ea4a8c155,140737488355327,-140737488355328,-36,734,734
5,695,5609,696,150500.000000,150000.000000,0x004ea4a8c155,8,4,0x004ea4ae1461,348887,349615,93212,-1480,0,6,0,1,1,1,1,8740,348206,0x004ea4a8c155,140737488355327,-140737488355328,-47,728,728
5,696,5617,697,150500.000000,150000.000000,0x004ea4a8c155,8,4,0x004ea4ae1704,349576,350301,92808,-1148,0,6,0,1,1,1,1,8921,348887,0x004ea4a8c155,140737488355327,-140737488355328,-36,725,725
5,697,5625,698,150500.000000,150000.000000,0x004ea4a8c155,8,4,0x004ea4ae19b2,350275,350997,92492,-720,0,6,0,1,1,1,1,8829,349576,0x004ea4a8c155,140737488355327,-140737488355328,-23,722,722
5,698,5633,699,150500.000000,150000.000000,0x004ea4a8c155,8,4,0x004ea4ae1c6a,350962,351679,91872,-936,0,6,0,1,1,1,1,8622,350275,0x004ea4a8c155,140737488355327,-140737488355328,-30,717,717
5,699,5641,700,150500.000000,150000.000000,0x004ea4a8c155,8,4,0x004ea4ae1f14,351628,352339,91072,-1420,0,6,0,1,1,1,1,8662,350962,0x004ea4a8c155,140737488355327,-140737488355328,-45,711,711
5,700,5649,701,150500.000000,150000.000000,0x004ea4a8c155,8,4,0x004ea4ae21a8,352293,353000,90544,-1328,0,6,0,1,1,1,1,8878,351628,0x004ea4a8c155,140737488355327,-140737488355328,-42,707,707
5,701,5657,702,150500.000000,150000.000000,0x004ea4a8c155,8,4,0x004ea4ae243d,352972,353677,90252,-820,0,6,0,1,1,1,1,8895,352293,0x004ea4a8c155,140737488355327,-140737488355328,-26,705,705
5,702,5665,703,150500.000000,150000.000000,0x004ea4a8c155,8,4,0x004ea4ae26e2,353648,354349,89760,-784,0,6,0,1,1,1,1,8683,352972,0x004ea4a8c155,140737488355327,-140737488355328,-25,701,701
5,703,5673,704,150500.000000,150000.000000,0x004ea4a8c155,8,4,0x004ea4ae2982,354302,354997,88968,-1284,0,6,0,1,1,1,1,8611,353648,0x004ea4a8c155,140737488355327,-140737488355328,-41,695,695
5,704,5681,705,150500.000000,150000.000000,0x004ea4a8c155,8,4,0x004ea4ae2c0a,354945,355634,88312,-1448,0,6,0,1,1,1,1,8806,354302,0x004ea4a8c155,140737488355327,-140737488355328,-46,689,689
5,705,5689,706,150500.000000,150000.000000,0x004ea4a8c155,8,4,0x004ea4ae2e87,355601,356288,87976,-992,0,6,0,1,1,1,1,8925,354945,0x004ea4a8c155,140737488355327,-140737488355328,-31,687,687
5,706,5697,707,150500.000000,150000.000000,0x004ea4a8c155,8,4,0x004ea4ae3115,356262,356946,87604,-708,0,6,0,1,1,1,1,8764,355601,0x004ea4a8c155,140737488355327,-140737488355328,-23,684,684
5,707,5705,708,150500.000000,150000.000000,0x004ea4a8c155,8,4,0x004ea4ae33a7,356906,357584,86888,-1088,0,6,0,1,1,1,1,8599,356262,0x004ea4a8c155,140737488355327,-140737488355328,-34,678,678
5,708,5713,709,150500.000000,150000.000000,0x004ea4a8c155,8,4,0x004ea4ae3625,357531,358203,86128,-1476,0,6,0,1,1,1,1,8721,356906,0x004ea4a8c155,140737488355327,-140737488355328,-47,672,672
5,709,5721,710,150500.000000,150000.000000,0x004ea4a8c155,8,4,0x004ea4ae3890,358162,358831,85700,-1188,0,6,0,1,1,1,1,8914,357531,0x004ea4a8c155,140737488355327,-140737488355328,-38,669,669
5,710,5729,711,150500.000000,150000.000000,0x004ea4a8c155,8,4,0x004ea4ae3b04,358806,359473,85396,-732,0,6,0,1,1,1,1,8844,358162,0x004ea4a8c155,140737488355327,-140737488355328,-23,667,667
5,711,5737,712,150500.000000,150000.000000,0x004ea4a8c155,8,4,0x004ea4ae3d86,359440,360102,84804,-896,0,6,0,1,1,1,1,8631,358806,0x004ea4a8c155,140737488355327,-140737488355328,-28,662,662
5,712,5745,713,150500.000000,150000.000000,0x004ea4a8c155,8,4,0x004ea4ae3ffb,360052,360708,83996,-1400,0,6,0,1,1,1,1,8646,359440,0x004ea4a8c155,140737488355327,-140737488355328,-44,656,656
5,713,5753,714,150500.000000,150000.000000,0x004ea4a8c155,8,4,0x004ea4ae4259,360660,361311,83440,-1364,0,6,0,1,1,1,1,8863,360052,0x004ea4a8c155,140737488355327,-140737488355328,-43,651,651
5,714,5761,715,150500.000000,150000.000000,0x004ea4a8c155,8,4,0x004ea4ae44b4,361282,361931,83144,-852,0,6,0,1,1,1,1,8903,360660,0x004ea4a8c155,140737488355327,-140737488355328,-27,649,649
5,715,5769,716,150500.000000,150000.000000,0x004ea4a8c155,8,4,0x004ea4ae4720,361903,362548,82680,-760,0,6,0,1,1,1,1,8697,361282,0x004ea4a8c155,140737488355327,-140737488355328,-24,645,645
5,716,5777,717,150500.000000,150000.000000,0x004ea4a8c155,8,4,0x004ea4ae4989,362503,363142,81900,-1244,0,6,0,1,1,1,1,8603,361903,0x004ea4a8c155,140737488355327,-140737488355328,-39,639,639
5,717,5785,718,150500.000000,150000.000000,0x004ea4a8c155,8,4,0x004ea4ae4bdb,363091,363725,81216,-1464,0,6,0,1,1,1,1,8787,362503,0x004ea4a8c155,140737488355327,-140737488355328,-46,634,634
5,718,5793,719,150500.000000,150000.000000,0x004ea4a8c155,8,4,0x004ea4ae4e22,363689,364320,80868,-1032,0,6,0,1,1,1,1,8924,363091,0x004ea4a8c155,140737488355327,-140737488355328,-33,631,631
5,719,5801,720,150500.000000,150000.000000,0x004ea4a8c155,8,4,0x004ea4ae5075,364296,364925,80512,-704,0,6,0,1,1,1,1,8781,363689,0x004ea4a8c155,140737488355327,-140737488355328,-22,629,629
5,720,5809,721,150500.000000,150000.000000,0x004ea4a8c155,8,4,0x004ea4ae52d2,364886,365509,79820,-1048,0,6,0,1,1,1,1,8601,364296,0x004ea4a8c155,140737488355327,-140737488355328,-33,623,623
5,721,5817,722,150500.000000,150000.000000,0x004ea4a8c155,8,4,0x004ea4ae551a,365457,366074,79044,-1468,0,6,0,1,1,1,1,8702,364886,0x004ea4a8c155,140737488355327,-140737488355328,-46,617,617
5,722,5825,723,150500.000000,150000.000000,0x004ea4a8c155,8,4,0x004ea4ae574f,366032,366646,78592,-1228,0,6,0,1,1,1,1,8905,365457,0x004ea4a8c155,140737488355327,-140737488355328,-39,614,614
5,723,5833,724,150500.000000,150000.000000,0x004ea4a8c155,8,4,0x004ea4ae598b,366619,367230,78296,-748,0,6,0,1,1,1,1,8858,366032,0x004ea4a8c155,140737488355327,-140737488355328,-24,611,611
5,724,5841,725,150500.000000,150000.000000,0x004ea4a8c155,8,4,0x004ea4ae5bd3,367199,367806,77728,-864,0,6,0,1,1,1,1,8642,366619,0x004ea4a8c155,140737488355327,-140737488355328,-27,607,607
5,725,5849,726,150500.000000,150000.000000,0x004ea4a8c155,8,4,0x004ea4ae5e13,367756,368356,76920,-1376,0,6,0,1,1,1,1,8634,367199,0x004ea4a8c155,140737488355327,-140737488355328,-43,600,600
5,726,5857,727,150500.000000,150000.000000,0x004ea4a8c155,8,4,0x004ea4ae6039,368308,368904,76336,-1392,0,6,0,1,1,1,1,8849,367756,0x004ea4a8c155,140737488355327,-140737488355328,-44,596,596
5,727,5865,728,150500.000000,150000.000000,0x004ea4a8c155,8,4,0x004ea4ae625d,368874,369468,76036,-884,0,6,0,1,1,1,1,8911,368308,0x004ea4a8c155,140737488355327,-140737488355328,-28,594,594
5,728,5873,729,150500.000000,150000.000000,0x004ea4a8c155,8,4,0x004ea4ae6491,369440,370030,75596,-740,0,6,0,1,1,1,1,8714,368874,0x004ea4a8c155,140737488355327,-140737488355328,-24,590,590
5,729,5881,730,150500.000000,150000.000000,0x004ea4a8c155,8,4,0x004ea4ae66c3,369986,370570,74832,-1204,0,6,0,1,1,1,1,8598,369440,0x004ea4a8c155,140737488355327,-140737488355328,-38,584,584
5,730,5889,731,150500.000000,150000.000000,0x004ea4a8c155,8,4,0x004ea4ae68df,370519,371098,74124,-1472,0,6,0,1,1,1,1,8768,369986,0x004ea4a8c155,140737488355327,-140737488355328,-46,579,579
5,731,5897,732,150500.000000,150000.000000,0x004ea4a8c155,8,4,0x004ea4ae6aef,371061,371637,73756,-1076,0,6,0,1,1,1,1,8923,370519,0x004ea4a8c155,140737488355327,-140737488355328,-34,576,576
5,732,5905,733,150500.000000,150000.000000,0x004ea4a8c155,8,4,0x004ea4ae6d0a,371611,372184,73416,-708,0,6,0,1,1,1,1,8798,371061,0x004ea4a8c155,140737488355327,-140737488355328,-23,573,573
5,733,5913,734,150500.000000,150000.000000,0x004ea4a8c155,8,4,0x004ea4ae6f2d,372147,372715,72752,-1004,0,6,0,1,1,1,1,8606,371611,0x004ea4a8c155,140737488355327,-140737488355328,-32,568,568
5,734,5921,735,150500.000000,150000.000000,0x004ea4a8c155,8,4,0x004ea4ae7140,372663,373225,71960,-1456,0,6,0,1,1,1,1,8686,372147,0x004ea4a8c155,140737488355327,-140737488355328,-46,562,562
5,735,5929,736,150500.000000,150000.000000,0x004ea4a8c155,8,4,0x004ea4ae733e,373181,373739,71480,-1272,0,6,0,1,1,1,1,8896,372663,0x004ea4a8c155,140737488355327,-140737488355328,-40,558,558
5,736,5937,737,150500.000000,150000.000000,0x004ea4a8c155,8,4,0x004ea4ae7540,373712,374268,71188,-772,0,6,0,1,1,1,1,8871,373181,0x004ea4a8c155,140737488355327,-140737488355328,-25,556,556
5,737,5945,738,150500.000000,150000.000000,0x004ea4a8c155,8,4,0x004ea4ae7751,374237,374788,70652,-828,0,6,0,1,1,1,1,8654,373712,0x004ea4a8c155,140737488355327,-140737488355328,-26,551,551
5,738,5953,739,150500.000000,150000.000000,0x004ea4a8c155,8,4,0x004ea4ae7959,374740,375285,69848,-1340,0,6,0,1,1,1,1,8623,374237,0x004ea4a8c155,140737488355327,-140737488355328,-42,545,545
5,739,5961,740,150500.000000,150000.000000,0x004ea4a8c155,8,4,0x004ea4ae7b4a,375235,375775,69236,-1416,0,6,0,1,1,1,1,8834,374740,0x004ea4a8c155,140737488355327,-140737488355328,-45,540,540
5,740,5969,741,150500.000000,150000.000000,0x004ea4a8c155,8,4,0x004ea4ae7d34,375744,376282,68924,-924,0,6,0,1,1,1,1,8917,375235,0x004ea4a8c155,140737488355327,-140737488355328,-29,538,538
5,741,5977,742,150500.000000,150000.000000,0x004ea4a8c155,8,4,0x004ea4ae7f2f,376256,376791,68512,-724,0,6,0,1,1,1,1,8731,375744,0x004ea4a8c155,140737488355327,-140737488355328,-23,535,535
5,742,5985,743,150500.000000,150000.000000,0x004ea4a8c155,8,4,0x004ea4ae812c,376748,377277,67764,-1160,0,6,0,1,1,1,1,8597,376256,0x004ea4a8c155,140737488355327,-140737488355328,-37,529,529
5,743,5993,744,150500.000000,150000.000000,0x004ea4a8c155,8,4,0x004ea4ae8312,377224,377747,67032,-1480,0,6,0,1,1,1,1,8751,376748,0x004ea4a8c155,140737488355327,-140737488355328,-47,523,523
5,744,6001,745,150500.000000,150000.000000,0x004ea4a8c155,8,4,0x004ea4ae84e8,377709,378229,66644,-1120,0,6,0,1,1,1,1,8921,377224,0x004ea4a8c155,140737488355327,-140737488355328,-35,520,520
5,745,6009,746,150500.000000,150000.000000,0x004ea4a8c155,8,4,0x004ea4ae86ca,378204,378722,66324,-708,0,6,0,1,1,1,1,8814,377709,0x004ea4a8c155,140737488355327,-140737488355328,-23,518,518
5,746,6017,747,150500.000000,150000.000000,0x004ea4a8c155,8,4,0x004ea4ae88b7,378686,379199,65680,-964,0,6,0,1,1,1,1,8613,378204,0x004ea4a8c155,140737488355327,-140737488355328,-31,513,513
5,747,6025,748,150500.000000,150000.000000,0x004ea4a8c155,8,4,0x004ea4ae8a94,379146,379652,64880,-1444,0,6,0,1,1,1,1,8671,378686,0x004ea4a8c155,140737488355327,-140737488355328,-46,506,506
5,748,6033,749,150500.000000,150000.000000,0x004ea4a8c155,8,4,0x004ea4ae8c59,379607,380109,64376,-1304,0,6,0,1,1,1,1,8886,379146,0x004ea4a8c155,140737488355327,-140737488355328,-41,502,502
5,749,6041,750,150500.000000,150000.000000,0x004ea4a8c155,8,4,0x004ea4ae8e22,380082,380582,64084,-796,0,6,0,1,1,1,1,8885,379607,0x004ea4a8c155,140737488355327,-140737488355328,-25,500,500
5,750,6049,751,150500.000000,150000.000000,0x004ea4a8c155,8,4,0x004ea4ae8ffb,380552,381048,63572,-804,0,6,0,1,1,1,1,8670,380082,0x004ea4a8c155,140737488355327,-140737488355328,-26,496,496
5,751,6057,752,150500.000000,150000.000000,0x004ea4a8c155,8,4,0x004ea4ae91cd,381001,381491,62776,-1308,0,6,0,1,1,1,1,8616,380552,0x004ea4a8c155,140737488355327,-140737488355328,-41,490,490
5,752,6065,753,150500.000000,150000.000000,0x004ea4a8c155,8,4,0x004ea4ae9388,381441,381926,62136,-1436,0,6,0,1,1,1,1,8818,381001,0x004ea4a8c155,140737488355327,-140737488355328,-45,485,485
5,753,6073,754,150500.000000,150000.000000,0x004ea4a8c155,8,4,0x004ea4ae953b,381892,382374,61812,-964,0,6,0,1,1,1,1,8923,381441,0x004ea4a8c155,140737488355327,-140737488355328,-31,482,482
5,754,6081,755,150500.000000,150000.000000,0x004ea4a8c155,8,4,0x004ea4ae96fb,382348,382827,61424,-712,0,6,0,1,1,1,1,8749,381892,0x004ea4a8c155,140737488355327,-140737488355328,-23,479,479
5,755,6089,756,150500.000000,150000.000000,0x004ea4a8c155,8,4,0x004ea4ae98c0,382787,383261,60696,-1116,0,6,0,1,1,1,1,8598,382348,0x004ea4a8c155,140737488355327,-140737488355328,-35,474,474
5,756,6097,757,150500.000000,150000.000000,0x004ea4a8c155,8,4,0x004ea4ae9a72,383208,383676,59944,-1480,0,6,0,1,1,1,1,8735,382787,0x004ea4a8c155,140737488355327,-140737488355328,-47,468,468
5,757,6105,758,150500.000000,150000.000000,0x004ea4a8c155,8,4,0x004ea4ae9c11,383636,384101,59536,-1160,0,6,0,1,1,1,1,8919,383208,0x004ea4a8c155,140737488355327,-140737488355328,-37,465,465
5,758,6113,759,150500.000000,150000.000000,0x004ea4a8c155,8,4,0x004ea4ae9dba,384075,384537,59224,-720,0,6,0,1,1,1,1,8833,383636,0x004ea4a8c155,140737488355327,-140737488355328,-23,462,462
5,759,6121,760,150500.000000,150000.000000,0x004ea4a8c155,8,4,0x004ea4ae9f6e,384503,384960,58608,-928,0,6,0,1,1,1,1,8624,384075,0x004ea4a8c155,140737488355327,-140737488355328,-29,457,457
5,760,6129,761,150500.000000,150000.000000,0x004ea4a8c155,8,4,0x004ea4aea115,384909,385360,57804,-1420,0,6,0,1,1,1,1,8658,384503,0x004ea4a8c155,140737488355327,-140737488355328,-45,451,451
5,761,6137,762,150500.000000,150000.000000,0x004ea4a8c155,8,4,0x004ea4aea2a5,385314,385761,57268,-1340,0,6,0,1,1,1,1,8876,384909,0x004ea4a8c155,140737488355327,-140737488355328,-42,447,447
5,762,6145,763,150500.000000,150000.000000,0x004ea4a8c155,8,4,0x004ea4aea436,385733,386178,56980,-824,0,6,0,1,1,1,1,8897,385314,0x004ea4a8c155,140737488355327,-140737488355328,-26,445,445
5,763,6153,764,150500.000000,150000.000000,0x004ea4a8c155,8,4,0x004ea4aea5d7,386149,386590,56496,-772,0,6,0,1,1,1,1,8687,385733,0x004ea4a8c155,140737488355327,-140737488355328,-25,441,441
5,764,6161,765,150500.000000,150000.000000,0x004ea4a8c155,8,4,0x004ea4aea773,386544,386979,55704,-1276,0,6,0,1,1,1,1,8608,386149,0x004ea4a8c155,140737488355327,-140737488355328,-40,435,435
5,765,6169,766,150500.000000,150000.000000,0x004ea4a8c155,8,4,0x004ea4aea8f8,386928,387358,55040,-1456,0,6,0,1,1,1,1,8802,386544,0x004ea4a8c155,140737488355327,-140737488355328,-46,430,430
5,766,6177,767,150500.000000,150000.000000,0x004ea4a8c155,8,4,0x004ea4aeaa73,387323,387750,54704,-1000,0,6,0,1,1,1,1,8927,386928,0x004ea4a8c155,140737488355327,-140737488355328,-32,427,427
5,767,6185,768,150500.000000,150000.000000,0x004ea4a8c155,8,4,0x004ea4aeabfb,387725,388149,54336,-704,0,6,0,1,1,1,1,8770,387323,0x004ea4a8c155,140737488355327,-140737488355328,-22,424,424
5,768,6193,769,150500.000000,150000.000000,0x004ea4a8c155,8,4,0x004ea4aead8a,388109,388527,53628,-1076,0,6,0,1,1,1,1,8601,387725,0x004ea4a8c155,140737488355327,-140737488355328,-34,418,418
5,769,6201,770,150500.000000,150000.000000,0x004ea4a8c155,8,4,0x004ea4aeaf04,388474,388886,52860,-1476,0,6,0,1,1,1,1,8719,388109,0x004ea4a8c155,140737488355327,-140737488355328,-47,412,412
5,770,6209,771,150500.000000,150000.000000,0x004ea4a8c155,8,4,0x004ea4aeb06b,388845,389254,52428,-1200,0,6,0,1,1,1,1,8914,388474,0x004ea4a8c155,140737488355327,-140737488355328,-38,409,409
5,771,6217,772,150500.000000,150000.000000,0x004ea4a8c155,8,4,0x004ea4aeb1db,389229,389636,52128,-732,0,6,0,1,1,1,1,8851,388845,0x004ea4a8c155,140737488355327,-140737488355328,-23,407,407
5,772,6225,773,150500.000000,150000.000000,0x004ea4a8c155,8,4,0x004ea4aeb359,389603,390005,51540,-888,0,6,0,1,1,1,1,8636,389229,0x004ea4a8c155,140737488355327,-140737488355328,-28,402,402
5,773,6233,774,150500.000000,150000.000000,0x004ea4a8c155,8,4,0x004ea4aeb4ca,389955,390351,50732,-1396,0,6,0,1,1,1,1,8646,389603,0x004ea4a8c155,140737488355327,-140737488355328,-44,396,396
5,774,6241,775,150500.000000,150000.000000,0x004ea4a8c155,8,4,0x004ea4aeb624,390303,390694,50168,-1372,0,6,0,1,1,1,1,8863,389955,0x004ea4a8c155,140737488355327,-140737488355328,-43,391,391
5,775,6249,776,150500.000000,150000.000000,0x004ea4a8c155,8,4,0x004ea4aeb77b,390665,391054,49872,-860,0,6,0,1,1,1,1,8907,390303,0x004ea4a8c155,140737488355327,-140737488355328,-27,389,389
5,776,6257,777,150500.000000,150000.000000,0x004ea4a8c155,8,4,0x004ea4aeb8e3,391027,391413,49416,-752,0,6,0,1,1,1,1,8705,390665,0x004ea4a8c155,140737488355327,-140737488355328,-24,386,386
5,777,6265,778,150500.000000,150000.000000,0x004ea4a8c155,8,4,0x004ea4aeba4a,391368,391748,48640,-1232,0,6,0,1,1,1,1,8605,391027,0x004ea4a8c155,140737488355327,-140737488355328,-39,380,380
5,778,6273,779,150500.000000,150000.000000,0x004ea4a8c155,8,4,0x004ea4aebb99,391696,392070,47948,-1468,0,6,0,1,1,1,1,8786,391368,0x004ea4a8c155,140737488355327,-140737488355328,-46,374,374
5,779,6281,780,150500.000000,150000.000000,0x004ea4a8c155,8,4,0x004ea4aebcdb,392034,392405,47596,-1044,0,6,0,1,1,1,1,8929,391696,0x004ea4a8c155,140737488355327,-140737488355328,-33,371,371
5,780,6289,781,150500.000000,150000.000000,0x004ea4a8c155,8,4,0x004ea4aebe2a,392381,392750,47244,-704,0,6,0,1,1,1,1,8788,392034,0x004ea4a8c155,140737488355327,-140737488355328,-22,369,369
5,781,6297,782,150500.000000,150000.000000,0x004ea4a8c155,8,4,0x004ea4aebf83,392711,393074,46560,-1036,0,6,0,1,1,1,1,8607,392381,0x004ea4a8c155,140737488355327,-140737488355328,-33,363,363
5,782,6305,783,150500.000000,150000.000000,0x004ea4a8c155,8,4,0x004ea4aec0c7,393022,393379,45780,-1464,0,6,0,1,1,1,1,8704,392711,0x004ea4a8c155,140737488355327,-140737488355328,-46,357,357
5,783,6313,784,150500.000000,150000.000000,0x004ea4a8c155,8,4,0x004ea4aec1f8,393337,393691,45320,-1240,0,6,0,1,1,1,1,8907,393022,0x004ea4a8c155,140737488355327,-140737488355328,-39,354,354
5,784,6321,785,150500.000000,150000.000000,0x004ea4a8c155,8,4,0x004ea4aec330,393664,394015,45024,-756,0,6,0,1,1,1,1,8866,393337,0x004ea4a8c155,140737488355327,-140737488355328,-24,351,351
5,785,6329,786,150500.000000,150000.000000,0x004ea4a8c155,8,4,0x004ea4aec474,393984,394331,44464,-856,0,6,0,1,1,1,1,8650,393664,0x004ea4a8c155,140737488355327,-140737488355328,-27,347,347
5,786,6337,787,150500.000000,150000.000000,0x004ea4a8c155,8,4,0x004ea4aec5b0,394282,394623,43660,-1364,0,6,0,1,1,1,1,8636,393984,0x004ea4a8c155,140737488355327,-140737488355328,-43,341,341
5,787,6345,788,150500.000000,150000.000000,0x004ea4a8c155,8,4,0x004ea4aec6d4,394574,394910,43068,-1396,0,6,0,1,1,1,1,8849,394282,0x004ea4a8c155,140737488355327,-140737488355328,-44,336,336
5,788,6353,789,150500.000000,150000.000000,0x004ea4a8c155,8,4,0x004ea4aec7f3,394880,395214,42768,-892,0,6,0,1,1,1,1,8916,394574,0x004ea4a8c155,140737488355327,-140737488355328,-28,334,334
5,789,6361,790,150500.000000,150000.000000,0x004ea4a8c155,8,4,0x004ea4aec923,395187,395517,42336,-732,0,6,0,1,1,1,1,8722,394880,0x004ea4a8c155,140737488355327,-140737488355328,-23,330,330
5,790,6369,791,150500.000000,150000.000000,0x004ea4a8c155,8,4,0x004ea4aeca52,395473,395797,41572,-1196,0,6,0,1,1,1,1,8602,395187,0x004ea4a8c155,140737488355327,-140737488355328,-38,324,324
5,791,6377,792,150500.000000,150000.000000,0x004ea4a8c155,8,4,0x004ea4aecb6a,395745,396064,40860,-1476,0,6,0,1,1,1,1,8769,395473,0x004ea4a8c155,140737488355327,-140737488355328,-47,319,319
5,792,6385,793,150500.000000,150000.000000,0x004ea4a8c155,8,4,0x004ea4aecc75,396027,396343,40488,-1084,0,6,0,1,1,1,1,8928,395745,0x004ea4a8c155,140737488355327,-140737488355328,-34,316,316
5,793,6393,794,150500.000000,150000.000000,0x004ea4a8c155,8,4,0x004ea4aecd8c,396318,396631,40156,-704,0,6,0,1,1,1,1,8806,396027,0x004ea4a8c155,140737488355327,-140737488355328,-22,313,313
5,794,6401,795,150500.000000,150000.000000,0x004ea4a8c155,8,4,0x004ea4aeceac,396594,396902,39492,-996,0,6,0,1,1,1,1,8612,396318,0x004ea4a8c155,140737488355327,-140737488355328,-32,308,308
5,795,6409,796,150500.000000,150000.000000,0x004ea4a8c155,8,4,0x004ea4aecfbb,396850,397152,38704,-1452,0,6,0,1,1,1,1,8687,396594,0x004ea4a8c155,140737488355327,-140737488355328,-46,302,302
5,796,6417,797,150500.000000,150000.000000,0x004ea4a8c155,8,4,0x004ea4aed0b5,397108,397406,38216,-1276,0,6,0,1,1,1,1,8898,396850,0x004ea4a8c155,140737488355327,-140737488355328,-40,298,298
5,797,6425,798,150500.000000,150000.000000,0x004ea4a8c155,8,4,0x004ea4aed1b3,397379,397675,37924,-780,0,6,0,1,1,1,1,8879,397108,0x004ea4a8c155,140737488355327,-140737488355328,-25,296,296
5,798,6433,799,150500.000000,150000.000000,0x004ea4a8c155,8,4,0x004ea4aed2c0,397645,397937,37396,-820,0,6,0,1,1,1,1,8662,397379,0x004ea4a8c155,140737488355327,-140737488355328,-26,292,292
5,799,6441,800,150500.000000,150000.000000,0x004ea4a8c155,8,4,0x004ea4aed3c6,397888,398173,36592,-1332,0,6,0,1,1,1,1,8625,397645,0x004ea4a8c155,140737488355327,-140737488355328,-42,285,285
5,800,6449,801,150500.000000,150000.000000,0x004ea4a8c155,8,4,0x004ea4aed4b2,398124,398405,35976,-1420,0,6,0,1,1,1,1,8834,397888,0x004ea4a8c155,140737488355327,-140737488355328,-45,281,281
5,801,6457,802,150500.000000,150000.000000,0x004ea4a8c155,8,4,0x004ea4aed59a,398372,398650,35660,-932,0,6,0,1,1,1,1,8922,398124,0x004ea4a8c155,140737488355327,-140737488355328,-30,278,278
5,802,6465,803,150500.000000,150000.000000,0x004ea4a8c155,8,4,0x004ea4aed68f,398624,398899,35252,-724,0,6,0,1,1,1,1,8741,398372,0x004ea4a8c155,140737488355327,-140737488355328,-23,275,275
5,803,6473,804,150500.000000,150000.000000,0x004ea4a8c155,8,4,0x004ea4aed788,398857,399126,34508,-1152,0,6,0,1,1,1,1,8600,398624,0x004ea4a8c155,140737488355327,-140737488355328,-36,269,269
5,804,6481,805,150500.000000,150000.000000,0x004ea4a8c155,8,4,0x004ea4aed86b,399073,399336,33776,-1476,0,6,0,1,1,1,1,8750,398857,0x004ea4a8c155,140737488355327,-140737488355328,-47,263,263
5,805,6489,806,150500.000000,150000.000000,0x004ea4a8c155,8,4,0x004ea4aed93d,399297,399557,33384,-1124,0,6,0,1,1,1,1,8925,399073,0x004ea4a8c155,140737488355327,-140737488355328,-36,260,260
5,806,6497,807,150500.000000,150000.000000,0x004ea4a8c155,8,4,0x004ea4aeda1a,399532,399790,33060,-716,0,6,0,1,1,1,1,8823,399297,0x004ea4a8c155,140737488355327,-140737488355328,-23,258,258
5,807,6505,808,150500.000000,150000.000000,0x004ea4a8c155,8,4,0x004ea4aedb03,402315,403080,97960,64576,0,6,0,1,1,1,1,8619,399532,0x004ea4a8c155,140737488355327,-140737488355328,2018,765,765
5,808,6513,809,150500.000000,150000.000000,0x004ea4a8c155,8,4,0x004ea4aee7dd,405077,405836,97160,64100,0,6,0,1,1,1,1,8671,402315,0x004ea4a8c155,140737488355327,-140737488355328,2003,759,759
5,809,6521,810,150500.000000,150000.000000,0x004ea4a8c155,8,4,0x004ea4aef2a1,405791,406546,96648,-1312,0,6,0,1,1,1,1,8886,405077,0x004ea4a8c155,140737488355327,-140737488355328,-41,755,755
5,810,6529,811,150500.000000,150000.000000,0x004ea4a8c155,8,4,0x004ea4aef567,406518,407270,96360,-800,0,6,0,1,1,1,1,8891,405791,0x004ea4a8c155,140737488355327,-140737488355328,-25,752,752
5,811,6537,812,150500.000000,150000.000000,0x004ea4a8c155,8,4,0x004ea4aef83b,407241,407989,95852,-796,0,6,0,1,1,1,1,8676,406518,0x004ea4a8c155,140737488355327,-140737488355328,-25,748,748
5,812,6545,813,150500.000000,150000.000000,0x004ea4a8c155,8,4,0x004ea4aefb0a,407942,408684,95060,-1300,0,6,0,1,1,1,1,8615,407241,0x004ea4a8c155,140737488355327,-140737488355328,-41,742,742
5,813,6553,814,150500.000000,150000.000000,0x004ea4a8c155,8,4,0x004ea4aefdc1,408634,409371,94412,-1440,0,6,0,1,1,1,1,8816,407942,0x004ea4a8c155,140737488355327,-140737488355328,-45,737,737
5,814,6561,815,150500.000000,150000.000000,0x004ea4a8c155,8,4,0x004ea4af0070,409338,410073,94088,-972,0,6,0,1,1,1,1,8925,408634,0x004ea4a8c155,140737488355327,-140737488355328,-31,735,735
5,815,6569,816,150500.000000,150000.000000,0x004ea4a8c155,8,4,0x004ea4af032e,410047,410779,93704,-708,0,6,0,1,1,1,1,8756,409338,0x004ea4a8c155,140737488355327,-140737488355328,-23,732,732
5,816,6577,817,150500.000000,150000.000000,0x004ea4a8c155,8,4,0x004ea4af05f0,410738,411464,92976,-1112,0,6,0,1,1,1,1,8599,410047,0x004ea4a8c155,140737488355327,-140737488355328,-35,726,726
5,817,6585,818,150500.000000,150000.000000,0x004ea4a8c155,8,4,0x004ea4af089d,411411,412131,92224,-1480,0,6,0,1,1,1,1,8731,410738,0x004ea4a8c155,140737488355327,-140737488355328,-47,720,720
5,818,6593,819,150500.000000,150000.000000,0x004ea4a8c155,8,4,0x004ea4af0b38,412091,412808,91808,-1168,0,6,0,1,1,1,1,8919,411411,0x004ea4a8c155,140737488355327,-140737488355328,-37,717,717
5,819,6601,820,150500.000000,150000.000000,0x004ea4a8c155,8,4,0x004ea4af0ddd,412782,413496,91500,-724,0,6,0,1,1,1,1,8837,412091,0x004ea4a8c155,140737488355327,-140737488355328,-23,714,714
5,820,6609,821,150500.000000,150000.000000,0x004ea4a8c155,8,4,0x004ea4af108d,413463,414173,90892,-916,0,6,0,1,1,1,1,8626,412782,0x004ea4a8c155,140737488355327,-140737488355328,-29,710,710
5,821,6617,822,150500.000000,150000.000000,0x004ea4a8c155,8,4,0x004ea4af1332,414121,414824,90088,-1412,0,6,0,1,1,1,1,8655,413463,0x004ea4a8c155,140737488355327,-140737488355328,-45,703,703
5,822,6625,823,150500.000000,150000.000000,0x004ea4a8c155,8,4,0x004ea4af15bd,414777,415476,89544,-1348,0,6,0,1,1,1,1,8872,414121,0x004ea4a8c155,140737488355327,-140737488355328,-43,699,699
5,823,6633,824,150500.000000,150000.000000,0x004ea4a8c155,8,4,0x004ea4af1849,415447,416144,89252,-836,0,6,0,1,1,1,1,8899,414777,0x004ea4a8c155,140737488355327,-140737488355328,-27,697,697
5,824,6641,825,150500.000000,150000.000000,0x004ea4a8c155,8,4,0x004ea4af1ae5,416116,416809,88776,-768,0,6,0,1,1,1,1,8690,415447,0x004ea4a8c155,140737488355327,-140737488355328,-24,693,693
5,825,6649,826,150500.000000,150000.000000,0x004ea4a8c155,8,4,0x004ea4af1d7e,416763,417450,87988,-1264,0,6,0,1,1,1,1,8607,416116,0x004ea4a8c155,140737488355327,-140737488355328,-40,687,687
5,826,6657,827,150500.000000,150000.000000,0x004ea4a8c155,8,4,0x004ea4af1fff,417399,418081,87320,-1456,0,6,0,1,1,1,1,8797,416763,0x004ea4a8c155,140737488355327,-140737488355328,-46,682,682
5,827,6665,828,150500.000000,150000.000000,0x004ea4a8c155,8,4,0x004ea4af2276,418046,418725,86980,-1008,0,6,0,1,1,1,1,8926,417399,0x004ea4a8c155,140737488355327,-140737488355328,-32,679,679
5,828,6673,829,150500.000000,150000.000000,0x004ea4a8c155,8,4,0x004ea4af24fa,418700,419376,86616,-704,0,6,0,1,1,1,1,8772,418046,0x004ea4a8c155,140737488355327,-140737488355328,-22,676,676
5,829,6681,830,150500.000000,150000.000000,0x004ea4a8c155,8,4,0x004ea4af2785,419337,420008,85912,-1068,0,6,0,1,1,1,1,8600,418700,0x004ea4a8c155,140737488355327,-140737488355328,-34,671,671
5,830,6689,831,150500.000000,150000.000000,0x004ea4a8c155,8,4,0x004ea4af29fd,419955,420620,85140,-1476,0,6,0,1,1,1,1,8712,419337,0x004ea4a8c155,140737488355327,-140737488355328,-47,665,665
5,831,6697,832,150500.000000,150000.000000,0x004ea4a8c155,8,4,0x004ea4af2c61,420578,421239,84700,-1212,0,6,0,1,1,1,1,8911,419955,0x004ea4a8c155,140737488355327,-140737488355328,-38,661,661
5,832,6705,833,150500.000000,150000.000000,0x004ea4a8c155,8,4,0x004ea4af2ecc,421213,421872,84400,-740,0,6,0,1,1,1,1,8851,420578,0x004ea4a8c155,140737488355327,-140737488355328,-24,659,659
5,833,6713,834,150500.000000,150000.000000,0x004ea4a8c155,8,4,0x004ea4af3145,421839,422493,83820,-880,0,6,0,1,1,1,1,8637,421213,0x004ea4a8c155,140737488355327,-140737488355328,-28,654,654
5,834,6721,835,150500.000000,150000.000000,0x004ea4a8c155,8,4,0x004ea4af33b2,422443,423091,83012,-1388,0,6,0,1,1,1,1,8641,421839,0x004ea4a8c155,140737488355327,-140737488355328,-44,648,648
5,835,6729,836,150500.000000,150000.000000,0x004ea4a8c155,8,4,0x004ea4af3608,423044,423688,82444,-1376,0,6,0,1,1,1,1,8856,422443,0x004ea4a8c155,140737488355327,-140737488355328,-43,644,644
5,836,6737,837,150500.000000,150000.000000,0x004ea4a8c155,8,4,0x004ea4af385d,423658,424299,82148,-864,0,6,0,1,1,1,1,8907,423044,0x004ea4a8c155,140737488355327,-140737488355328,-27,641,641
5,837,6745,838,150500.000000,150000.000000,0x004ea4a8c155,8,4,0x004ea4af3ac0,424272,424910,81696,-748,0,6,0,1,1,1,1,8705,423658,0x004ea4a8c155,140737488355327,-140737488355328,-24,638,638
5,838,6753,839,150500.000000,150000.000000,0x004ea4a8c155,8,4,0x004ea4af3d23,424865,425497,80920,-1228,0,6,0,1,1,1,1,8600,424272,0x004ea4a8c155,140737488355327,-140737488355328,-39,632,632
5,839,6761,840,150500.000000,150000.000000,0x004ea4a8c155,8,4,0x004ea4af3f6e,425445,426071,80224,-1472,0,6,0,1,1,1,1,8778,424865,0x004ea4a8c155,140737488355327,-140737488355328,-46,626,626
5,840,6769,841,150500.000000,150000.000000,0x004ea4a8c155,8,4,0x004ea4af41ac,426035,426658,79868,-1052,0,6,0,1,1,1,1,8925,425445,0x004ea4a8c155,140737488355327,-140737488355328,-33,623,623
5,841,6777,842,150500.000000,150000.000000,0x004ea4a8c155,8,4,0x004ea4af43f7,426634,427255,79524,-700,0,6,0,1,1,1,1,8789,426035,0x004ea4a8c155,140737488355327,-140737488355328,-22,621,621
5,842,6785,843,150500.000000,150000.000000,0x004ea4a8c155,8,4,0x004ea4af464c,427216,427831,78840,-1028,0,6,0,1,1,1,1,8603,426634,0x004ea4a8c155,140737488355327,-140737488355328,-33,615,615
5,843,6793,844,150500.000000,150000.000000,0x004ea4a8c155,8,4,0x004ea4af488c,427779,428388,78056,-1468,0,6,0,1,1,1,1,8694,427216,0x004ea4a8c155,140737488355327,-140737488355328,-46,609,609
5,844,6801,845,150500.000000,150000.000000,0x004ea4a8c155,8,4,0x004ea4af4ab9,428346,428952,77592,-1248,0,6,0,1,1,1,1,8901,427779,0x004ea4a8c155,140737488355327,-140737488355328,-39,606,606
5,845,6809,846,150500.000000,150000.000000,0x004ea4a8c155,8,4,0x004ea4af4ced,428925,429528,77300,-756,0,6,0,1,1,1,1,8864,428346,0x004ea4a8c155,140737488355327,-140737488355328,-24,603,603
5,846,6817,847,150500.000000,150000.000000,0x004ea4a8c155,8,4,0x004ea4af4f2d,429497,430096,76748,-844,0,6,0,1,1,1,1,8648,428925,0x004ea4a8c155,140737488355327,-140737488355328,-27,599,599
5,847,6825,848,150500.000000,150000.000000,0x004ea4a8c155,8,4,0x004ea4af5165,430047,430640,75936,-1364,0,6,0,1,1,1,1,8628,429497,0x004ea4a8c155,140737488355327,-140737488355328,-43,593,593
5,848,6833,849,150500.000000,150000.000000,0x004ea4a8c155,8,4,0x004ea4af5385,430591,431179,75340,-1408,0,6,0,1,1,1,1,8840,430047,0x004ea4a8c155,140737488355327,-140737488355328,-44,588,588
5,849,6841,850,150500.000000,150000.000000,0x004ea4a8c155,8,4,0x004ea4af55a0,431148,431734,75036,-900,0,6,0,1,1,1,1,8913,430591,0x004ea4a8c155,140737488355327,-140737488355328,-29,586,586
5,850,6849,851,150500.000000,150000.000000,0x004ea4a8c155,8,4,0x004ea4af57cb,431707,432289,74608,-732,0,6,0,1,1,1,1,8721,431148,0x004ea4a8c155,140737488355327,-140737488355328,-23,582,582
5,851,6857,852,150500.000000,150000.000000,0x004ea4a8c155,8,4,0x004ea4af59f6,432246,432822,73852,-1184,0,6,0,1,1,1,1,8597,431707,0x004ea4a8c155,140737488355327,-140737488355328,-37,576,576
5,852,6865,853,150500.000000,150000.000000,0x004ea4a8c155,8,4,0x004ea4af5c0b,432770,433341,73132,-1476,0,6,0,1,1,1,1,8760,432246,0x004ea4a8c155,140737488355327,-140737488355328,-47,571,571
5,853,6873,854,150500.000000,150000.000000,0x004ea4a8c155,8,4,0x004ea4af5e12,433303,433871,72756,-1096,0,6,0,1,1,1,1,8922,432770,0x004ea4a8c155,140737488355327,-140737488355328,-35,568,568
5,854,6881,855,150500.000000,150000.000000,0x004ea4a8c155,8,4,0x004ea4af6024,433846,434411,72428,-704,0,6,0,1,1,1,1,8806,433303,0x004ea4a8c155,140737488355327,-140737488355328,-22,565,565
5,855,6889,856,150500.000000,150000.000000,0x004ea4a8c155,8,4,0x004ea4af6240,434375,434935,71772,-984,0,6,0,1,1,1,1,8609,433846,0x004ea4a8c155,140737488355327,-140737488355328,-31,560,560
5,856,6897,857,150500.000000,150000.000000,0x004ea4a8c155,8,4,0x004ea4af644c,434883,435437,70976,-1452,0,6,0,1,1,1,1,8678,434375,0x004ea4a8c155,140737488355327,-140737488355328,-46,554,554
5,857,6905,858,150500.000000,150000.000000,0x004ea4a8c155,8,4,0x004ea4af6642,435392,435942,70484,-1288,0,6,0,1,1,1,1,8891,434883,0x004ea4a8c155,140737488355327,-140737488355328,-41,550,550
5,858,6913,859,150500.000000,150000.000000,0x004ea4a8c155,8,4,0x004ea4af683b,435915,436463,70192,-784,0,6,0,1,1,1,1,8877,435392,0x004ea4a8c155,140737488355327,-140737488355328,-25,548,548
5,859,6921,860,150500.000000,150000.000000,0x004ea4a8c155,8,4,0x004ea4af6a44,436433,436977,69668,-816,0,6,0,1,1,1,1,8661,435915,0x004ea4a8c155,140737488355327,-140737488355328,-26,544,544
5,860,6929,861,150500.000000,150000.000000,0x004ea4a8c155,8,4,0x004ea4af6c46,436929,437467,68864,-1328,0,6,0,1,1,1,1,8619,436433,0x004ea4a8c155,140737488355327,-140737488355328,-42,538,538
5,861,6937,862,150500.000000,150000.000000,0x004ea4a8c155,8,4,0x004ea4af6e30,437417,437950,68244,-1424,0,6,0,1,1,1,1,8825,436929,0x004ea4a8c155,140737488355327,-140737488355328,-45,533,533
5,862,6945,863,150500.000000,150000.000000,0x004ea4a8c155,8,4,0x004ea4af7013,437917,438447,67928,-936,0,6,0,1,1,1,1,8920,437417,0x004ea4a8c155,140737488355327,-140737488355328,-30,530,530
5,863,6953,864,150500.000000,150000.000000,0x004ea4a8c155,8,4,0x004ea4af7204,438421,438948,67524,-720,0,6,0,1,1,1,1,8739,437917,0x004ea4a8c155,140737488355327,-140737488355328,-23,527,527
5,864,6961,865,150500.000000,150000.000000,0x004ea4a8c155,8,4,0x004ea4af73f9,438906,439427,66784,-1144,0,6,0,1,1,1,1,8597,438421,0x004ea4a8c155,140737488355327,-140737488355328,-36,521,521
5,865,6969,866,150500.000000,150000.000000,0x004ea4a8c155,8,4,0x004ea4af75d8,439374,439889,66044,-1480,0,6,0,1,1,1,1,8743,438906,0x004ea4a8c155,140737488355327,-140737488355328,-47,515,515
5,866,6977,867,150500.000000,150000.000000,0x004ea4a8c155,8,4,0x004ea4af77a6,439850,440362,65648,-1136,0,6,0,1,1,1,1,8920,439374,0x004ea4a8c155,140737488355327,-140737488355328,-36,512,512
5,867,6985,868,150500.000000,150000.000000,0x004ea4a8c155,8,4,0x004ea4af797f,440337,440847,65328,-716,0,6,0,1,1,1,1,8824,439850,0x004ea4a8c155,140737488355327,-140737488355328,-23,510,510
5,868,6993,869,150500.000000,150000.000000,0x004ea4a8c155,8,4,0x004ea4af7b64,440812,441317,64700,-948,0,6,0,1,1,1,1,8618,440337,0x004ea4a8c155,140737488355327,-140737488355328,-30,505,505
5,869,7001,870,150500.000000,150000.000000,0x004ea4a8c155,8,4,0x004ea4af7d3a,441266,441765,63900,-1428,0,6,0,1,1,1,1,8664,440812,0x004ea4a8c155,140737488355327,-140737488355328,-45,499,499
5,870,7009,871,150500.000000,150000.000000,0x004ea4a8c155,8,4,0x004ea4af7efa,441719,442214,63376,-1324,0,6,0,1,1,1,1,8881,441266,0x004ea4a8c155,140737488355327,-140737488355328,-42,495,495
5,871,7017,872,150500.000000,150000.000000,0x004ea4a8c155,8,4,0x004ea4af80bb,442185,442677,63084,-816,0,6,0,1,1,1,1,8890,441719,0x004ea4a8c155,140737488355327,-140737488355328,-26,492,492
5,872,7025,873,150500.000000,150000.000000,0x004ea4a8c155,8,4,0x004ea4af828a,442648,443136,62588,-788,0,6,0,1,1,1,1,8678,442185,0x004ea4a8c155,140737488355327,-140737488355328,-25,488,488
5,873,7033,874,150500.000000,150000.000000,0x004ea4a8c155,8,4,0x004ea4af8455,443089,443571,61792,-1292,0,6,0,1,1,1,1,8611,442648,0x004ea4a8c155,140737488355327,-140737488355328,-41,482,482
5,874,7041,875,150500.000000,150000.000000,0x004ea4a8c155,8,4,0x004ea4af8608,443520,443997,61144,-1444,0,6,0,1,1,1,1,8809,443089,0x004ea4a8c155,140737488355327,-140737488355328,-46,477,477
5,875,7049,876,150500.000000,150000.000000,0x004ea4a8c155,8,4,0x004ea4af87b2,443964,444439,60816,-976,0,6,0,1,1,1,1,8924,443520,0x004ea4a8c155,140737488355327,-140737488355328,-31,475,475
5,876,7057,877,150500.000000,150000.000000,0x004ea4a8c155,8,4,0x004ea4af896c,444413,444885,60436,-708,0,6,0,1,1,1,1,8759,443964,0x004ea4a8c155,140737488355327,-140737488355328,-23,472,472
5,877,7065,878,150500.000000,150000.000000,0x004ea4a8c155,8,4,0x004ea4af8b2a,444844,445310,59716,-1100,0,6,0,1,1,1,1,8598,444413,0x004ea4a8c155,140737488355327,-140737488355328,-35,466,466
5,878,7073,879,150500.000000,150000.000000,0x004ea4a8c155,8,4,0x004ea4af8cd3,445257,445717,58960,-1476,0,6,0,1,1,1,1,8726,444844,0x004ea4a8c155,140737488355327,-140737488355328,-47,460,460
5,879,7081,880,150500.000000,150000.000000,0x004ea4a8c155,8,4,0x004ea4af8e6a,445677,446134,58536,-1180,0,6,0,1,1,1,1,8916,445257,0x004ea4a8c155,140737488355327,-140737488355328,-37,457,457
5,880,7089,881,150500.000000,150000.000000,0x004ea4a8c155,8,4,0x004ea4af900b,446108,446562,58228,-732,0,6,0,1,1,1,1,8840,445677,0x004ea4a8c155,140737488355327,-140737488355328,-23,454,454
5,881,7097,882,150500.000000,150000.000000,0x004ea4a8c155,8,4,0x004ea4af91b7,446529,446979,57628,-908,0,6,0,1,1,1,1,8629,446108,0x004ea4a8c155,140737488355327,-140737488355328,-29,450,450
5,882,7105,883,150500.000000,150000.000000,0x004ea4a8c155,8,4,0x004ea4af9358,446928,447371,56824,-1404,0,6,0,1,1,1,1,8652,446529,0x004ea4a8c155,140737488355327,-140737488355328,-44,443,443
5,883,7113,884,150500.000000,150000.000000,0x004ea4a8c155,8,4,0x004ea4af94e0,447324,447763,56276,-1352,0,6,0,1,1,1,1,8869,446928,0x004ea4a8c155,140737488355327,-140737488355328,-43,439,439
5,884,7121,885,150500.000000,150000.000000,0x004ea4a8c155,8,4,0x004ea4af9668,447734,448171,55980,-844,0,6,0,1,1,1,1,8902,447324,0x004ea4a8c155,140737488355327,-140737488355328,-27,437,437
5,885,7129,886,150500.000000,150000.000000,0x004ea4a8c155,8,4,0x004ea4af9800,448143,448576,55512,-764,0,6,0,1,1,1,1,8696,447734,0x004ea4a8c155,140737488355327,-140737488355328,-24,433,433
5,886,7137,887,150500.000000,150000.000000,0x004ea4a8c155,8,4,0x004ea4af9995,448530,448957,54728,-1252,0,6,0,1,1,1,1,8607,448143,0x004ea4a8c155,140737488355327,-140737488355328,-40,427,427
5,887,7145,888,150500.000000,150000.000000,0x004ea4a8c155,8,4,0x004ea4af9b12,448906,449328,54048,-1464,0,6,0,1,1,1,1,8794,448530,0x004ea4a8c155,140737488355327,-140737488355328,-46,422,422
5,888,7153,889,150500.000000,150000.000000,0x004ea4a8c155,8,4,0x004ea4af9c85,449293,449712,53704,-1024,0,6,0,1,1,1,1,8928,448906,0x004ea4a8c155,140737488355327,-140737488355328,-32,419,419
5,889,7161,890,150500.000000,150000.000000,0x004ea4a8c155,8,4,0x004ea4af9e05,449687,450103,53344,-704,0,6,0,1,1,1,1,8778,449293,0x004ea4a8c155,140737488355327,-140737488355328,-22,416,416
5,890,7169,891,150500.000000,150000.000000,0x004ea4a8c155,8,4,0x004ea4af9f8c,450065,450476,52648,-1056,0,6,0,1,1,1,1,8603,449687,0x004ea4a8c155,140737488355327,-140737488355328,-33,411,411
5,891,7177,892,150500.000000,150000.000000,0x004ea4a8c155,8,4,0x004ea4afa101,450424,450829,51876,-1468,0,6,0,1,1,1,1,8711,450065,0x004ea4a8c155,140737488355327,-140737488355328,-46,405,405
5,892,7185,893,150500.000000,150000.000000,0x004ea4a8c155,8,4,0x004ea4afa262,450786,451187,51428,-1220,0,6,0,1,1,1,1,8911,450424,0x004ea4a8c155,140737488355327,-140737488355328,-39,401,401
5,893,7193,894,150500.000000,150000.000000,0x004ea4a8c155,8,4,0x004ea4afa3c8,451161,451560,51128,-748,0,6,0,1,1,1,1,8857,450786,0x004ea4a8c155,140737488355327,-140737488355328,-24,399,399
5,894,7201,895,150500.000000,150000.000000,0x004ea4a8c155,8,4,0x004ea4afa53d,451527,451921,50556,-872,0,6,0,1,1,1,1,8642,451161,0x004ea4a8c155,140737488355327,-140737488355328,-28,394,394
5,895,7209,896,150500.000000,150000.000000,0x004ea4a8c155,8,4,0x004ea4afa6a6,451872,452260,49752,-1376,0,6,0,1,1,1,1,8641,451527,0x004ea4a8c155,140737488355327,-140737488355328,-43,388,388
5,896,7217,897,150500.000000,150000.000000,0x004ea4a8c155,8,4,0x004ea4afa7f9,452212,452596,49172,-1384,0,6,0,1,1,1,1,8857,451872,0x004ea4a8c155,140737488355327,-140737488355328,-44,384,384
5,897,7225,898,150500.000000,150000.000000,0x004ea4a8c155,8,4,0x004ea4afa949,452565,452946,48872,-880,0,6,0,1,1,1,1,8911,452212,0x004ea4a8c155,140737488355327,-140737488355328,-28,381,381
5,898,7233,899,150500.000000,150000.000000,0x004ea4a8c155,8,4,0x004ea4afaaa7,452919,453297,48428,-744,0,6,0,1,1,1,1,8714,452565,0x004ea4a8c155,140737488355327,-140737488355328,-24,378,378
5,899,7241,900,150500.000000,150000.000000,0x004ea4a8c155,8,4,0x004ea4afac06,453253,453625,47660,-1212,0,6,0,1,1,1,1,8604,452919,0x004ea4a8c155,140737488355327,-140737488355328,-38,372,372
5,900,7249,901,150500.000000,150000.000000,0x004ea4a8c155,8,4,0x004ea4afad4e,453573,453939,46956,-1472,0,6,0,1,1,1,1,8778,453253,0x004ea4a8c155,140737488355327,-140737488355328,-46,366,366
5,901,7257,902,150500.000000,150000.000000,0x004ea4a8c155,8,4,0x004ea4afae88,453903,454267,46596,-1064,0,6,0,1,1,1,1,8929,453573,0x004ea4a8c155,140737488355327,-140737488355328,-34,364,364
5,902,7265,903,150500.000000,150000.000000,0x004ea4a8c155,8,4,0x004ea4afafd0,454242,454603,46252,-704,0,6,0,1,1,1,1,8797,453903,0x004ea4a8c155,140737488355327,-140737488355328,-22,361,361
5,903,7273,904,150500.000000,150000.000000,0x004ea4a8c155,8,4,0x004ea4afb120,454566,454922,45580,-1016,0,6,0,1,1,1,1,8609,454242,0x004ea4a8c155,140737488355327,-140737488355328,-32,356,356
5,904,7281,905,150500.000000,150000.000000,0x004ea4a8c155,8,4,0x004ea4afb25f,454869,455218,44796,-1456,0,6,0,1,1,1,1,8695,454566,0x004ea4a8c155,140737488355327,-140737488355328,-46,349,349
5,905,7289,906,150500.000000,150000.000000,0x004ea4a8c155,8,4,0x004ea4afb387,455175,455521,44324,-1256,0,6,0,1,1,1,1,8904,454869,0x004ea4a8c155,140737488355327,-140737488355328,-40,346,346
5,906,7297,907,150500.000000,150000.000000,0x004ea4a8c155,8,4,0x004ea4afb4b6,455494,455837,44028,-768,0,6,0,1,1,1,1,8872,455175,0x004ea4a8c155,140737488355327,-140737488355328,-24,343,343
5,907,7305,908,150500.000000,150000.000000,0x004ea4a8c155,8,4,0x004ea4afb5f2,455806,456145,43484,-840,0,6,0,1,1,1,1,8655,455494,0x004ea4a8c155,140737488355327,-140737488355328,-27,339,339
5,908,7313,909,150500.000000,150000.000000,0x004ea4a8c155,8,4,0x004ea4afb726,456096,456429,42680,-1348,0,6,0,1,1,1,1,8630,455806,0x004ea4a8c155,140737488355327,-140737488355328,-43,333,333
5,909,7321,910,150500.000000,150000.000000,0x004ea4a8c155,8,4,0x004ea4afb842,456380,456708,42076,-1408,0,6,0,1,1,1,1,8843,456096,0x004ea4a8c155,140737488355327,-140737488355328,-44,328,328
5,910,7329,911,150500.000000,150000.000000,0x004ea4a8c155,8,4,0x004ea4afb959,456677,457003,41768,-912,0,6,0,1,1,1,1,8920,456380,0x004ea4a8c155,140737488355327,-140737488355328,-29,326,326
5,911,7337,912,150500.000000,150000.000000,0x004ea4a8c155,8,4,0x004ea4afba80,456977,457300,41348,-728,0,6,0,1,1,1,1,8731,456677,0x004ea4a8c155,140737488355327,-140737488355328,-23,323,323
5,912,7345,913,150500.000000,150000.000000,0x004ea4a8c155,8,4,0x004ea4afbba9,457257,457574,40592,-1176,0,6,0,1,1,1,1,8601,456977,0x004ea4a8c155,140737488355327,-140737488355328,-37,317,317
5,913,7353,914,150500.000000,150000.000000,0x004ea4a8c155,8,4,0x004ea4afbcbb,457521,457832,39872,-1476,0,6,0,1,1,1,1,8760,457257,0x004ea4a8c155,140737488355327,-140737488355328,-47,311,311
5,914,7361,915,150500.000000,150000.000000,0x004ea4a8c155,8,4,0x004ea4afbdbd,457794,458102,39488,-1104,0,6,0,1,1,1,1,8927,457521,0x004ea4a8c155,140737488355327,-140737488355328,-35,308,308
5,915,7369,916,150500.000000,150000.000000,0x004ea4a8c155,8,4,0x004ea4afbecb,458076,458381,39164,-708,0,6,0,1,1,1,1,8815,457794,0x004ea4a8c155,140737488355327,-140737488355328,-23,305,305
5,916,7377,917,150500.000000,150000.000000,0x004ea4a8c155,8,4,0x004ea4afbfe2,458345,458645,38516,-972,0,6,0,1,1,1,1,8615,458076,0x004ea4a8c155,140737488355327,-140737488355328,-31,300,300
5,917,7385,918,150500.000000,150000.000000,0x004ea4a8c155,8,4,0x004ea4afc0ea,458593,458887,37716,-1448,0,6,0,1,1,1,1,8680,458345,0x004ea4a8c155,140737488355327,-140737488355328,-46,294,294
5,918,7393,919,150500.000000,150000.000000,0x004ea4a8c155,8,4,0x004ea4afc1dc,458842,459132,37220,-1296,0,6,0,1,1,1,1,8893,458593,0x004ea4a8c155,140737488355327,-140737488355328,-41,290,290
5,919,7401,920,150500.000000,150000.000000,0x004ea4a8c155,8,4,0x004ea4afc2d1,459105,459393,36928,-788,0,6,0,1,1,1,1,8885,458842,0x004ea4a8c155,140737488355327,-140737488355328,-25,288,288
5,920,7409,921,150500.000000,150000.000000,0x004ea4a8c155,8,4,0x004ea4afc3d6,459363,459647,36412,-808,0,6,0,1,1,1,1,8669,459105,0x004ea4a8c155,140737488355327,-140737488355328,-26,284,284
5,921,7417,922,150500.000000,150000.000000,0x004ea4a8c155,8,4,0x004ea4afc4d4,459599,459877,35612,-1316,0,6,0,1,1,1,1,8621,459363,0x004ea4a8c155,140737488355327,-140737488355328,-42,278,278
5,922,7425,923,150500.000000,150000.000000,0x004ea4a8c155,8,4,0x004ea4afc5ba,459827,460100,34980,-1432,0,6,0,1,1,1,1,8826,459599,0x004ea4a8c155,140737488355327,-140737488355328,-45,273,273
5,923,7433,924,150500.000000,150000.000000,0x004ea4a8c155,8,4,0x004ea4afc699,460067,460337,34660,-952,0,6,0,1,1,1,1,8924,459827,0x004ea4a8c155,140737488355327,-140737488355328,-30,270,270
5,924,7441,925,150500.000000,150000.000000,0x004ea4a8c155,8,4,0x004ea4afc786,460311,460578,34264,-716,0,6,0,1,1,1,1,8748,460067,0x004ea4a8c155,140737488355327,-140737488355328,-23,267,267
5,925,7449,926,150500.000000,150000.000000,0x004ea4a8c155,8,4,0x004ea4afc877,460536,460797,33528,-1132,0,6,0,1,1,1,1,8600,460311,0x004ea4a8c155,140737488355327,-140737488355328,-36,261,261
5,926,7457,927,150500.000000,150000.000000,0x004ea4a8c155,8,4,0x004ea4afc952,460745,461001,32784,-1480,0,6,0,1,1,1,1,8742,460536,0x004ea4a8c155,140737488355327,-140737488355328,-47,256,256
5,927,7465,928,150500.000000,150000.000000,0x004ea4a8c155,8,4,0x004ea4afca1e,463521,464285,97916,64388,0,6,0,1,1,1,1,8922,460745,0x004ea4a8c155,140737488355327,-140737488355328,2012,764,764
5,928,7473,929,150500.000000,150000.000000,0x004ea4a8c155,8,4,0x004ea4afd6f2,466308,467070,97604,64820,0,6,0,1,1,1,1,8830,463521,0x004ea4a8c155,140737488355327,-140737488355328,2025,762,762
5,929,7481,930,150500.000000,150000.000000,0x004ea4a8c155,8,4,0x004ea4afe1d3,467035,467792,96984,-932,0,6,0,1,1,1,1,8623,466308,0x004ea4a8c155,140737488355327,-140737488355328,-30,757,757
5,930,7489,931,150500.000000,150000.000000,0x004ea4a8c155,8,4,0x004ea4afe4a5,467741,468492,96180,-1424,0,6,0,1,1,1,1,8664,467035,0x004ea4a8c155,140737488355327,-140737488355328,-45,751,751
5,931,7497,932,150500.000000,150000.000000,0x004ea4a8c155,8,4,0x004ea4afe761,468446,469193,95652,-1332,0,6,0,1,1,1,1,8880,467741,0x004ea4a8c155,140737488355327,-140737488355328,-42,747,747
5,932,7505,933,150500.000000,150000.000000,0x004ea4a8c155,8,4,0x004ea4afea1e,469165,469910,95360,-820,0,6,0,1,1,1,1,8895,468446,0x004ea4a8c155,140737488355327,-140737488355328,-26,745,745
5,933,7513,934,150500.000000,150000.000000,0x004ea4a8c155,8,4,0x004ea4afeceb,469881,470622,94872,-780,0,6,0,1,1,1,1,8683,469165,0x004ea4a8c155,140737488355327,-140737488355328,-25,741,741
5,934,7521,935,150500.000000,150000.000000,0x004ea4a8c155,8,4,0x004ea4afefb3,470576,471311,94080,-1280,0,6,0,1,1,1,1,8612,469881,0x004ea4a8c155,140737488355327,-140737488355328,-40,735,735
5,935,7529,936,150500.000000,150000.000000,0x004ea4a8c155,8,4,0x004ea4aff264,471259,471988,93420,-1452,0,6,0,1,1,1,1,8808,470576,0x004ea4a8c155,140737488355327,-140737488355328,-46,729,729
5,936,7537,937,150500.000000,150000.000000,0x004ea4a8c155,8,4,0x004ea4aff509,471955,472682,93088,-992,0,6,0,1,1,1,1,8926,471259,0x004ea4a8c155,140737488355327,-140737488355328,-31,727,727
5,937,7545,938,150500.000000,150000.000000,0x004ea4a8c155,8,4,0x004ea4aff7bf,472656,473380,92712,-708,0,6,0,1,1,1,1,8764,471955,0x004ea4a8c155,140737488355327,-140737488355328,-23,724,724
5,938,7553,939,150500.000000,150000.000000,0x004ea4a8c155,8,4,0x004ea4affa79,473339,474057,91996,-1092,0,6,0,1,1,1,1,8600,472656,0x004ea4a8c155,140737488355327,-140737488355328,-35,718,718
5,939,7561,940,150500.000000,150000.000000,0x004ea4a8c155,8,4,0x004ea4affd1e,474004,474716,91236,-1476,0,6,0,1,1,1,1,8723,473339,0x004ea4a8c155,140737488355327,-140737488355328,-47,712,712
5,940,7569,941,150500.000000,150000.000000,0x004ea4a8c155,8,4,0x004ea4afffb1,474675,475384,90808,-1188,0,6,0,1,1,1,1,8916,474004,0x004ea4a8c155,140737488355327,-140737488355328,-38,709,709
5,941,7577,942,150500.000000,150000.000000,0x004ea4a8c155,8,4,0x004ea4b0024d,475359,476066,90504,-732,0,6,0,1,1,1,1,8845,474675,0x004ea4a8c155,140737488355327,-140737488355328,-23,707,707
5,942,7585,943,150500.000000,150000.000000,0x004ea4a8c155,8,4,0x004ea4b004f7,476033,476735,89912,-896,0,6,0,1,1,1,1,8632,475359,0x004ea4a8c155,140737488355327,-140737488355328,-28,702,702
5,943,7593,944,150500.000000,150000.000000,0x004ea4a8c155,8,4,0x004ea4b00794,476685,477381,89104,-1400,0,6,0,1,1,1,1,8648,476033,0x004ea4a8c155,140737488355327,-140737488355328,-44,696,696
5,944,7601,945,150500.000000,150000.000000,0x004ea4a8c155,8,4,0x004ea4b00a1a,477333,478024,88552,-1360,0,6,0,1,1,1,1,8865,476685,0x004ea4a8c155,140737488355327,-140737488355328,-43,691,691
5,945,7609,946,150500.000000,150000.000000,0x004ea4a8c155,8,4,0x004ea4b00c9d,477995,478684,88256,-848,0,6,0,1,1,1,1,8904,477333,0x004ea4a8c155,140737488355327,-140737488355328,-27,689,689
5,946,7617,947,150500.000000,150000.000000,0x004ea4a8c155,8,4,0x004ea4b00f31,478656,479341,87792,-760,0,6,0,1,1,1,1,8698,477995,0x004ea4a8c155,140737488355327,-140737488355328,-24,685,685
5,947,7625,948,150500.000000,150000.000000,0x004ea4a8c155,8,4,0x004ea4b011c2,479296,479975,87012,-1244,0,6,0,1,1,1,1,8604,478656,0x004ea4a8c155,140737488355327,-140737488355328,-39,679,679
5,948,7633,949,150500.000000,150000.000000,0x004ea4a8c155,8,4,0x004ea4b0143c,479924,480598,86328,-1464,0,6,0,1,1,1,1,8788,479296,0x004ea4a8c155,140737488355327,-140737488355328,-46,674,674
5,949,7641,950,150500.000000,150000.000000,0x004ea4a8c155,8,4,0x004ea4b016ab,480562,481233,85980,-1032,0,6,0,1,1,1,1,8925,479924,0x004ea4a8c155,140737488355327,-140737488355328,-33,671,671
5,950,7649,951,150500.000000,150000.000000,0x004ea4a8c155,8,4,0x004ea4b01926,481208,481876,85624,-704,0,6,0,1,1,1,1,8781,480562,0x004ea4a8c155,140737488355327,-140737488355328,-22,668,668
5,951,7657,952,150500.000000,150000.000000,0x004ea4a8c155,8,4,0x004ea4b01ba9,481838,482501,84932,-1048,0,6,0,1,1,1,1,8602,481208,0x004ea4a8c155,140737488355327,-140737488355328,-33,663,663
5,952,7665,953,150500.000000,150000.000000,0x004ea4a8c155,8,4,0x004ea4b01e1a,482449,483106,84156,-1468,0,6,0,1,1,1,1,8704,481838,0x004ea4a8c155,140737488355327,-140737488355328,-46,657,657
5,953,7673,954,150500.000000,150000.000000,0x004ea4a8c155,8,4,0x004ea4b02077,483063,483716,83700,-1232,0,6,0,1,1,1,1,8907,482449,0x004ea4a8c155,140737488355327,-140737488355328,-39,653,653
5,954,7681,955,150500.000000,150000.000000,0x004ea4a8c155,8,4,0x004ea4b022d9,483690,484341,83404,-752,0,6,0,1,1,1,1,8858,483063,0x004ea4a8c155,140737488355327,-140737488355328,-24,651,651
5,955,7689,956,150500.000000,150000.000000,0x004ea4a8c155,8,4,0x004ea4b0254a,484310,484957,82840,-860,0,6,0,1,1,1,1,8642,483690,0x004ea4a8c155,140737488355327,-140737488355328,-27,647,647
5,956,7697,957,150500.000000,150000.000000,0x004ea4a8c155,8,4,0x004ea4b027b2,484907,485547,82032,-1372,0,6,0,1,1,1,1,8635,484310,0x004ea4a8c155,140737488355327,-140737488355328,-43,640,640
5,957,7705,958,150500.000000,150000.000000,0x004ea4a8c155,8,4,0x004ea4b02a00,485499,486135,81448,-1392,0,6,0,1,1,1,1,8850,484907,0x004ea4a8c155,140737488355327,-140737488355328,-44,636,636
5,958,7713,959,150500.000000,150000.000000,0x004ea4a8c155,8,4,0x004ea4b02c4c,486104,486737,81144,-888,0,6,0,1,1,1,1,8910,485499,0x004ea4a8c155,140737488355327,-140737488355328,-28,633,633
5,959,7721,960,150500.000000,150000.000000,0x004ea4a8c155,8,4,0x004ea4b02ea6,486710,487340,80708,-740,0,6,0,1,1,1,1,8713,486104,0x004ea4a8c155,140737488355327,-140737488355328,-24,630,630
5,960,7729,961,150500.000000,150000.000000,0x004ea4a8c155,8,4,0x004ea4b03101,487296,487920,79940,-1204,0,6,0,1,1,1,1,8599,486710,0x004ea4a8c155,140737488355327,-140737488355328,-38,624,624
5,961,7737,962,150500.000000,150000.000000,0x004ea4a8c155,8,4,0x004ea4b03345,487869,488488,79236,-1472,0,6,0,1,1,1,1,8770,487296,0x004ea4a8c155,140737488355327,-140737488355328,-46,619,619
5,962,7745,963,150500.000000,150000.000000,0x004ea4a8c155,8,4,0x004ea4b0357d,488451,489067,78868,-1072,0,6,0,1,1,1,1,8924,487869,0x004ea4a8c155,140737488355327,-140737488355328,-34,616,616
5,963,7753,964,150500.000000,150000.000000,0x004ea4a8c155,8,4,0x004ea4b037c0,489041,489654,78528,-708,0,6,0,1,1,1,1,8797,488451,0x004ea4a8c155,140737488355327,-140737488355328,-23,613,613
5,964,7761,965,150500.000000,150000.000000,0x004ea4a8c155,8,4,0x004ea4b03a0b,489617,490225,77860,-1008,0,6,0,1,1,1,1,8605,489041,0x004ea4a8c155,140737488355327,-140737488355328,-32,608,608
5,965,7769,966,150500.000000,150000.000000,0x004ea4a8c155,8,4,0x004ea4b03c46,490173,490775,77072,-1456,0,6,0,1,1,1,1,8686,489617,0x004ea4a8c155,140737488355327,-140737488355328,-46,602,602
5,966,7777,967,150500.000000,150000.000000,0x004ea4a8c155,8,4,0x004ea4b03e6c,490731,491329,76592,-1268,0,6,0,1,1,1,1,8897,490173,0x004ea4a8c155,140737488355327,-140737488355328,-40,598,598
5,967,7785,968,150500.000000,150000.000000,0x004ea4a8c155,8,4,0x004ea4b04096,491302,491898,76300,-772,0,6,0,1,1,1,1,8870,490731,0x004ea4a8c155,140737488355327,-140737488355328,-25,596,596
5,968,7793,969,150500.000000,150000.000000,0x004ea4a8c155,8,4,0x004ea4b042cf,491867,492458,75764,-828,0,6,0,1,1,1,1,8654,491302,0x004ea4a8c155,140737488355327,-140737488355328,-26,591,591
5,969,7801,970,150500.000000,150000.000000,0x004ea4a8c155,8,4,0x004ea4b044ff,492410,492995,74956,-1344,0,6,0,1,1,1,1,8624,491867,0x004ea4a8c155,140737488355327,-140737488355328,-42,585,585
5,970,7809,971,150500.000000,150000.000000,0x004ea4a8c155,8,4,0x004ea4b04718,492945,493525,74344,-1420,0,6,0,1,1,1,1,8833,492410,0x004ea4a8c155,140737488355327,-140737488355328,-45,580,580
5,971,7817,972,150500.000000,150000.000000,0x004ea4a8c155,8,4,0x004ea4b0492a,493494,494072,74036,-920,0,6,0,1,1,1,1,8916,492945,0x004ea4a8c155,140737488355327,-140737488355328,-29,578,578
5,972,7825,973,150500.000000,150000.000000,0x004ea4a8c155,8,4,0x004ea4b04b4d,494046,494621,73620,-724,0,6,0,1,1,1,1,8730,493494,0x004ea4a8c155,140737488355327,-140737488355328,-23,575,575
5,973,7833,974,150500.000000,150000.000000,0x004ea4a8c155,8,4,0x004ea4b04d72,494578,495147,72872,-1164,0,6,0,1,1,1,1,8595,494046,0x004ea4a8c155,140737488355327,-140737488355328,-37,569,569
5,974,7841,975,150500.000000,150000.000000,0x004ea4a8c155,8,4,0x004ea4b04f80,495094,495657,72144,-1476,0,6,0,1,1,1,1,8751,494578,0x004ea4a8c155,140737488355327,-140737488355328,-47,563,563
5,975,7849,976,150500.000000,150000.000000,0x004ea4a8c155,8,4,0x004ea4b0517e,495619,496179,71756,-1116,0,6,0,1,1,1,1,8922,495094,0x004ea4a8c155,140737488355327,-140737488355328,-35,560,560
5,976,7857,977,150500.000000,150000.000000,0x004ea4a8c155,8,4,0x004ea4b05388,496154,496712,71432,-712,0,6,0,1,1,1,1,8815,495619,0x004ea4a8c155,140737488355327,-140737488355328,-23,558,558
5,977,7865,978,150500.000000,150000.000000,0x004ea4a8c155,8,4,0x004ea4b0559d,496676,497229,70788,-968,0,6,0,1,1,1,1,8612,496154,0x004ea4a8c155,140737488355327,-140737488355328,-31,553,553
5,978,7873,979,150500.000000,150000.000000,0x004ea4a8c155,8,4,0x004ea4b057a2,497177,497723,69992,-1440,0,6,0,1,1,1,1,8671,496676,0x004ea4a8c155,140737488355327,-140737488355328,-45,546,546
5,979,7881,980,150500.000000,150000.000000,0x004ea4a8c155,8,4,0x004ea4b05990,497678,498220,69484,-1304,0,6,0,1,1,1,1,8886,497177,0x004ea4a8c155,140737488355327,-140737488355328,-41,542,542
5,980,7889,981,150500.000000,150000.000000,0x004ea4a8c155,8,4,0x004ea4b05b81,498193,498733,69196,-796,0,6,0,1,1,1,1,8884,497678,0x004ea4a8c155,140737488355327,-140737488355328,-25,540,540
5,981,7897,982,150500.000000,150000.000000,0x004ea4a8c155,8,4,0x004ea4b05d82,498704,499240,68684,-800,0,6,0,1,1,1,1,8669,498193,0x004ea4a8c155,140737488355327,-140737488355328,-25,536,536
5,982,7905,983,150500.000000,150000.000000,0x004ea4a8c155,8,4,0x004ea4b05f7d,499193,499723,67884,-1312,0,6,0,1,1,1,1,8614,498704,0x004ea4a8c155,140737488355327,-140737488355328,-41,530,530
5,983,7913,984,150500.000000,150000.000000,0x004ea4a8c155,8,4,0x004ea4b06160,499673,500198,67248,-1436,0,6,0,1,1,1,1,8817,499193,0x004ea4a8c155,140737488355327,-140737488355328,-45,525,525
5,984,7921,985,150500.000000,150000.000000,0x004ea4a8c155,8,4,0x004ea4b0633b,500165,500687,66924,-960,0,6,0,1,1,1,1,8922,499673,0x004ea4a8c155,140737488355327,-140737488355328,-30,522,522
5,985,7929,986,150500.000000,150000.000000,0x004ea4a8c155,8,4,0x004ea4b06524,500661,501180,66532,-716,0,6,0,1,1,1,1,8749,500165,0x004ea4a8c155,140737488355327,-140737488355328,-23,519,519
5,986,7937,987,150500.000000,150000.000000,0x004ea4a8c155,8,4,0x004ea4b06711,501140,501654,65804,-1120,0,6,0,1,1,1,1,8597,500661,0x004ea4a8c155,140737488355327,-140737488355328,-35,514,514
5,987,7945,988,150500.000000,150000.000000,0x004ea4a8c155,8,4,0x004ea4b068eb,501601,502109,65052,-1480,0,6,0,1,1,1,1,8735,501140,0x004ea4a8c155,140737488355327,-140737488355328,-47,508,508
5,988,7953,989,150500.000000,150000.000000,0x004ea4a8c155,8,4,0x004ea4b06ab2,502069,502574,64644,-1160,0,6,0,1,1,1,1,8917,501601,0x004ea4a8c155,140737488355327,-140737488355328,-37,505,505
5,989,7961,990,150500.000000,150000.000000,0x004ea4a8c155,8,4,0x004ea4b06c83,502548,503050,64336,-716,0,6,0,1,1,1,1,8832,502069,0x004ea4a8c155,140737488355327,-140737488355328,-23,502,502
5,990,7969,991,150500.000000,150000.000000,0x004ea4a8c155,8,4,0x004ea4b06e5f,503016,503513,63716,-928,0,6,0,1,1,1,1,8623,502548,0x004ea4a8c155,140737488355327,-140737488355328,-29,497,497
5,991,7977,992,150500.000000,150000.000000,0x004ea4a8c155,8,4,0x004ea4b0702e,503462,503953,62912,-1424,0,6,0,1,1,1,1,8657,503016,0x004ea4a8c155,140737488355327,-140737488355328,-45,491,491
5,992,7985,993,150500.000000,150000.000000,0x004ea4a8c155,8,4,0x004ea4b071e6,503907,504394,62380,-1336,0,6,0,1,1,1,1,8875,503462,0x004ea4a8c155,140737488355327,-140737488355328,-42,487,487
5,993,7993,994,150500.000000,150000.000000,0x004ea4a8c155,8,4,0x004ea4b0739f,504366,504851,62088,-824,0,6,0,1,1,1,1,8895,503907,0x004ea4a8c155,140737488355327,-140737488355328,-26,485,485
5,994,8001,995,150500.000000,150000.000000,0x004ea4a8c155,8,4,0x004ea4b07568,504822,505303,61604,-776,0,6,0,1,1,1,1,8685,504366,0x004ea4a8c155,140737488355327,-140737488355328,-25,481,481
5,995,8009,996,150500.000000,150000.000000,0x004ea4a8c155,8,4,0x004ea4b0772c,505257,505732,60812,-1276,0,6,0,1,1,1,1,8609,504822,0x004ea4a8c155,140737488355327,-140737488355328,-40,475,475
5,996,8017,997,150500.000000,150000.000000,0x004ea4a8c155,8,4,0x004ea4b078d9,505680,506149,60148,-1456,0,6,0,1,1,1,1,8802,505257,0x004ea4a8c155,140737488355327,-140737488355328,-46,469,469
5,997,8025,998,150500.000000,150000.000000,0x004ea4a8c155,8,4,0x004ea4b07a7a,506115,506582,59816,-996,0,6,0,1,1,1,1,8926,505680,0x004ea4a8c155,140737488355327,-140737488355328,-32,467,467
5,998,8033,999,150500.000000,150000.000000,0x004ea4a8c155,8,4,0x004ea4b07c2b,506557,507021,59444,-704,0,6,0,1,1,1,1,8767,506115,0x004ea4a8c155,140737488355327,-140737488355328,-22,464,464
5,999,8041,1000,150500.000000,150000.000000,0x004ea4a8c155,8,4,0x004ea4b07de2,506981,507439,58736,-1080,0,6,0,1,1,1,1,8600,506557,0x004ea4a8c155,140737488355327,-140737488355328,-34,458,458
5,1000,8049,1001,150500.000000,150000.000000,0x004ea4a8c155,8,4,0x004ea4b07f84,507387,507839,57972,-1472,0,6,0,1,1,1,1,8718,506981,0x004ea4a8c155,140737488355327,-140737488355328,-46,452,452
5,1001,8057,1002,150500.000000,150000.000000,0x004ea4a8c155,8,4,0x004ea4b08114,507798,508247,57536,-1200,0,6,0,1,1,1,1,8914,507387,0x004ea4a8c155,140737488355327,-140737488355328,-38,449,449
5,1002,8065,1003,150500.000000,150000.000000,0x004ea4a8c155,8,4,0x004ea4b082ac,508222,508669,57236,-736,0,6,0,1,1,1,1,8850,507798,0x004ea4a8c155,140737488355327,-140737488355328,-23,447,447
5,1003,8073,1004,150500.000000,150000.000000,0x004ea4a8c155,8,4,0x004ea4b08452,508636,509078,56648,-888,0,6,0,1,1,1,1,8634,508222,0x004ea4a8c155,140737488355327,-140737488355328,-28,442,442
5,1004,8081,1005,150500.000000,150000.000000,0x004ea4a8c155,8,4,0x004ea4b085eb,509028,509464,55840,-1396,0,6,0,1,1,1,1,8646,508636,0x004ea4a8c155,140737488355327,-140737488355328,-44,436,436
5,1005,8089,1006,150500.000000,150000.000000,0x004ea4a8c155,8,4,0x004ea4b0876d,509416,509847,55276,-1372,0,6,0,1,1,1,1,8863,509028,0x004ea4a8c155,140737488355327,-140737488355328,-43,431,431
5,1006,8097,1007,150500.000000,150000.000000,0x004ea4a8c155,8,4,0x004ea4b088ec,509818,510247,54980,-860,0,6,0,1,1,1,1,8907,509416,0x004ea4a8c155,140737488355327,-140737488355328,-27,429,429
5,1007,8105,1008,150500.000000,150000.000000,0x004ea4a8c155,8,4,0x004ea4b08a7c,510219,510644,54524,-752,0,6,0,1,1,1,1,8703,509818,0x004ea4a8c155,140737488355327,-140737488355328,-24,425,425
5,1008,8113,1009,150500.000000,150000.000000,0x004ea4a8c155,8,4,0x004ea4b08c09,510599,511018,53748,-1232,0,6,0,1,1,1,1,8605,510219,0x004ea4a8c155,140737488355327,-140737488355328,-39,419,419
5,1009,8121,1010,150500.000000,150000.000000,0x004ea4a8c155,8,4,0x004ea4b08d7f,510967,511381,53060,-1464,0,6,0,1,1,1,1,8786,510599,0x004ea4a8c155,140737488355327,-140737488355328,-46,414,414
5,1010,8129,1011,150500.000000,150000.000000,0x004ea4a8c155,8,4,0x004ea4b08eea,511345,511756,52704,-1044,0,6,0,1,1,1,1,8928,510967,0x004ea4a8c155,140737488355327,-140737488355328,-33,411,411
5,1011,8137,1012,150500.000000,150000.000000,0x004ea4a8c155,8,4,0x004ea4b09061,511731,512140,52352,-708,0,6,0,1,1,1,1,8786,511345,0x004ea4a8c155,140737488355327,-140737488355328,-23,409,409
5,1012,8145,1013,150500.000000,150000.000000,0x004ea4a8c155,8,4,0x004ea4b091e1,512101,512504,51664,-1040,0,6,0,1,1,1,1,8605,511731,0x004ea4a8c155,140737488355327,-140737488355328,-33,403,403
5,1013,8153,1014,150500.000000,150000.000000,0x004ea4a8c155,8,4,0x004ea4b0934d,512452,512849,50888,-1464,0,6,0,1,1,1,1,8703,512101,0x004ea4a8c155,140737488355327,-140737488355328,-46,397,397
5,1014,8161,1015,150500.000000,150000.000000,0x004ea4a8c155,8,4,0x004ea4b094a6,512806,513199,50428,-1236,0,6,0,1,1,1,1,8907,512452,0x004ea4a8c155,140737488355327,-140737488355328,-39,393,393
5,1015,8169,1016,150500.000000,150000.000000,0x004ea4a8c155,8,4,0x004ea4b09604,513173,513564,50136,-752,0,6,0,1,1,1,1,8865,512806,0x004ea4a8c155,140737488355327,-140737488355328,-24,391,391
5,1016,8177,1017,150500.000000,150000.000000,0x004ea4a8c155,8,4,0x004ea4b09771,513533,513920,49576,-852,0,6,0,1,1,1,1,8649,513173,0x004ea4a8c155,140737488355327,-140737488355328,-27,387,387
5,1017,8185,1018,150500.000000,150000.000000,0x004ea4a8c155,8,4,0x004ea4b098d5,513871,514252,48768,-1368,0,6,0,1,1,1,1,8636,513533,0x004ea4a8c155,140737488355327,-140737488355328,-43,381,381
5,1018,8193,1019,150500.000000,150000.000000,0x004ea4a8c155,8,4,0x004ea4b09a21,514203,514579,48176,-1400,0,6,0,1,1,1,1,8850,513871,0x004ea4a8c155,140737488355327,-140737488355328,-44,376,376
5,1019,8201,1020,150500.000000,150000.000000,0x004ea4a8c155,8,4,0x004ea4b09b68,514549,514923,47876,-892,0,6,0,1,1,1,1,8916,514203,0x004ea4a8c155,140737488355327,-140737488355328,-28,374,374
5,1020,8209,1021,150500.000000,150000.000000,0x004ea4a8c155,8,4,0x004ea4b09cc0,514896,515266,47444,-732,0,6,0,1,1,1,1,8721,514549,0x004ea4a8c155,140737488355327,-140737488355328,-23,370,370
5,1021,8217,1022,150500.000000,150000.000000,0x004ea4a8c155,8,4,0x004ea4b09e17,515222,515586,46680,-1196,0,6,0,1,1,1,1,8603,514896,0x004ea4a8c155,140737488355327,-140737488355328,-38,364,364
5,1022,8225,1023,150500.000000,150000.000000,0x004ea4a8c155,8,4,0x004ea4b09f57,515534,515893,45968,-1476,0,6,0,1,1,1,1,8770,515222,0x004ea4a8c155,140737488355327,-140737488355328,-47,359,359
5,1023,8233,1024,150500.000000,150000.000000,0x004ea4a8c155,8,4,0x004ea4b0a08a,515856,516212,45596,-1084,0,6,0,1,1,1,1,8929,515534,0x004ea4a8c155,140737488355327,-140737488355328,-34,356,356
5,1024,8241,1025,150500.000000,150000.000000,0x004ea4a8c155,8,4,0x004ea4b0a1c9,516187,516540,45264,-704,0,6,0,1,1,1,1,8805,515856,0x004ea4a8c155,140737488355327,-140737488355328,-22,353,353
5,1025,8249,1026,150500.000000,150000.000000,0x004ea4a8c155,8,4,0x004ea4b0a311,516503,516851,44600,-996,0,6,0,1,1,1,1,8613,516187,0x004ea4a8c155,140737488355327,-140737488355328,-32,348,348
5,1026,8257,1027,150500.000000,150000.000000,0x004ea4a8c155,8,4,0x004ea4b0a448,516799,517141,43808,-1456,0,6,0,1,1,1,1,8688,516503,0x004ea4a8c155,140737488355327,-140737488355328,-46,342,342
5,1027,8265,1028,150500.000000,150000.000000,0x004ea4a8c155,8,4,0x004ea4b0a56a,517097,517435,43324,-1276,0,6,0,1,1,1,1,8898,516799,0x004ea4a8c155,140737488355327,-140737488355328,-40,338,338
5,1028,8273,1029,150500.000000,150000.000000,0x004ea4a8c155,8,4,0x004ea4b0a690,517408,517744,43032,-776,0,6,0,1,1,1,1,8879,517097,0x004ea4a8c155,140737488355327,-140737488355328,-25,336,336
5,1029,8281,1030,150500.000000,150000.000000,0x004ea4a8c155,8,4,0x004ea4b0a7c5,517714,518046,42500,-824,0,6,0,1,1,1,1,8662,517408,0x004ea4a8c155,140737488355327,-140737488355328,-26,332,332
5,1030,8289,1031,150500.000000,150000.000000,0x004ea4a8c155,8,4,0x004ea4b0a8f3,517997,518322,41700,-1332,0,6,0,1,1,1,1,8625,517714,0x004ea4a8c155,140737488355327,-140737488355328,-42,325,325
5,1031,8297,1032,150500.000000,150000.000000,0x004ea4a8c155,8,4,0x004ea4b0aa07,518272,518592,41080,-1420,0,6,0,1,1,1,1,8835,517997,0x004ea4a8c155,140737488355327,-140737488355328,-45,320,320
5,1032,8305,1033,150500.000000,150000.000000,0x004ea4a8c155,8,4,0x004ea4b0ab15,518560,518878,40768,-932,0,6,0,1,1,1,1,8922,518272,0x004ea4a8c155,140737488355327,-140737488355328,-30,318,318
5,1033,8313,1034,150500.000000,150000.000000,0x004ea4a8c155,8,4,0x004ea4b0ac33,518852,519167,40360,-720,0,6,0,1,1,1,1,8739,518560,0x004ea4a8c155,140737488355327,-140737488355328,-23,315,315
5,1034,8321,1035,150500.000000,150000.000000,0x004ea4a8c155,8,4,0x004ea4b0ad54,519124,519433,39612,-1156,0,6,0,1,1,1,1,8601,518852,0x004ea4a8c155,140737488355327,-140737488355328,-37,309,309
5,1035,8329,1036,150500.000000,150000.000000,0x004ea4a8c155,8,4,0x004ea4b0ae5e,519380,519683,38880,-1480,0,6,0,1,1,1,1,8751,519124,0x004ea4a8c155,140737488355327,-140737488355328,-47,303,303
5,1036,8337,1037,150500.000000,150000.000000,0x004ea4a8c155,8,4,0x004ea4b0af58,519644,519944,38488,-1124,0,6,0,1,1,1,1,8926,519380,0x004ea4a8c155,140737488355327,-140737488355328,-36,300,300
5,1037,8345,1038,150500.000000,150000.000000,0x004ea4a8c155,8,4,0x004ea4b0b05d,519919,520217,38168,-712,0,6,0,1,1,1,1,8822,519644,0x004ea4a8c155,140737488355327,-140737488355328,-23,298,298
5,1038,8353,1039,150500.000000,150000.000000,0x004ea4a8c155,8,4,0x004ea4b0b16e,520182,520475,37536,-952,0,6,0,1,1,1,1,8620,519919,0x004ea4a8c155,140737488355327,-140737488355328,-30,293,293
5,1039,8361,1040,150500.000000,150000.000000,0x004ea4a8c155,8,4,0x004ea4b0b270,520424,520711,36736,-1432,0,6,0,1,1,1,1,8672,520182,0x004ea4a8c155,140737488355327,-140737488355328,-45,287,287
5,1040,8369,1041,150500.000000,150000.000000,0x004ea4a8c155,8,4,0x004ea4b0b35c,520666,520949,36224,-1312,0,6,0,1,1,1,1,8886,520424,0x004ea4a8c155,140737488355327,-140737488355328,-41,283,283
5,1041,8377,1042,150500.000000,150000.000000,0x004ea4a8c155,8,4,0x004ea4b0b44a,520920,521200,35932,-804,0,6,0,1,1,1,1,8891,520666,0x004ea4a8c155,140737488355327,-140737488355328,-26,280,280
5,1042,8385,1043,150500.000000,150000.000000,0x004ea4a8c155,8,4,0x004ea4b0b545,521171,521447,35424,-800,0,6,0,1,1,1,1,8677,520920,0x004ea4a8c155,140737488355327,-140737488355328,-25,276,276
5,1043,8393,1044,150500.000000,150000.000000,0x004ea4a8c155,8,4,0x004ea4b0b63c,521400,521670,34628,-1304,0,6,0,1,1,1,1,8616,521171,0x004ea4a8c155,140737488355327,-140737488355328,-41,270,270
5,1044,8401,1045,150500.000000,150000.000000,0x004ea4a8c155,8,4,0x004ea4b0b71b,521620,521885,33984,-1440,0,6,0,1,1,1,1,8818,521400,0x004ea4a8c155,140737488355327,-140737488355328,-45,265,265
5,1045,8409,1046,150500.000000,150000.000000,0x004ea4a8c155,8,4,0x004ea4b0b7f2,521851,522113,33660,-968,0,6,0,1,1,1,1,8926,521620,0x004ea4a8c155,140737488355327,-140737488355328,-31,262,262
5,1046,8417,1047,150500.000000,150000.000000,0x004ea4a8c155,8,4,0x004ea4b0b8d6,522087,522346,33276,-708,0,6,0,1,1,1,1,8757,521851,0x004ea4a8c155,140737488355327,-140737488355328,-23,259,259
5,1047,8425,1048,150500.000000,150000.000000,0x004ea4a8c155,8,4,0x004ea4b0b9bf,524866,525632,98084,64424,0,6,0,1,1,1,1,8600,522087,0x004ea4a8c155,140737488355327,-140737488355328,2013,766,766
5,1048,8433,1049,150500.000000,150000.000000,0x004ea4a8c155,8,4,0x004ea4b0c695,527627,528387,97332,64056,0,6,0,1,1,1,1,8733,524866,0x004ea4a8c155,140737488355327,-140737488355328,2001,760,760
5,1049,8441,1050,150500.000000,150000.000000,0x004ea4a8c155,8,4,0x004ea4b0d158,528347,529104,96920,-1164,0,6,0,1,1,1,1,8920,527627,0x004ea4a8c155,140737488355327,-140737488355328,-37,757,757
5,1050,8449,1051,150500.000000,150000.000000,0x004ea4a8c155,8,4,0x004ea4b0d425,529078,529832,96608,-724,0,6,0,1,1,1,1,8837,528347,0x004ea4a8c155,140737488355327,-140737488355328,-23,754,754
5,1051,8457,1052,150500.000000,150000.000000,0x004ea4a8c155,8,4,0x004ea4b0d6fd,529799,530549,96000,-920,0,6,0,1,1,1,1,8628,529078,0x004ea4a8c155,140737488355327,-140737488355328,-29,750,750
5,1052,8465,1053,150500.000000,150000.000000,0x004ea4a8c155,8,4,0x004ea4b0d9ca,530497,531240,95196,-1412,0,6,0,1,1,1,1,8656,529799,0x004ea4a8c155,140737488355327,-140737488355328,-45,743,743
5,1053,8473,1054,150500.000000,150000.000000,0x004ea4a8c155,8,4,0x004ea4b0dc7d,531194,531933,94656,-1344,0,6,0,1,1,1,1,8874,530497,0x004ea4a8c155,140737488355327,-140737488355328,-42,739,739
5,1054,8481,1055,150500.000000,150000.000000,0x004ea4a8c155,8,4,0x004ea4b0df32,531904,532641,94360,-836,0,6,0,1,1,1,1,8901,531194,0x004ea4a8c155,140737488355327,-140737488355328,-27,737,737
5,1055,8489,1056,150500.000000,150000.000000,0x004ea4a8c155,8,4,0x004ea4b0e1f6,532612,533345,93884,-772,0,6,0,1,1,1,1,8690,531904,0x004ea4a8c155,140737488355327,-140737488355328,-25,733,733
5,1056,8497,1057,150500.000000,150000.000000,0x004ea4a8c155,8,4,0x004ea4b0e4b6,533299,534026,93096,-1264,0,6,0,1,1,1,1,8609,532612,0x004ea4a8c155,140737488355327,-140737488355328,-40,727,727
5,1057,8505,1058,150500.000000,150000.000000,0x004ea4a8c155,8,4,0x004ea4b0e75f,533975,534697,92424,-1460,0,6,0,1,1,1,1,8799,533299,0x004ea4a8c155,140737488355327,-140737488355328,-46,722,722
5,1058,8513,1059,150500.000000,150000.000000,0x004ea4a8c155,8,4,0x004ea4b0e9fe,534662,535381,92088,-1008,0,6,0,1,1,1,1,8927,533975,0x004ea4a8c155,140737488355327,-140737488355328,-32,719,719
5,1059,8521,1060,150500.000000,150000.000000,0x004ea4a8c155,8,4,0x004ea4b0ecaa,535356,536072,91724,-700,0,6,0,1,1,1,1,8773,534662,0x004ea4a8c155,140737488355327,-140737488355328,-22,716,716
5,1060,8529,1061,150500.000000,150000.000000,0x004ea4a8c155,8,4,0x004ea4b0ef5d,536033,536744,91016,-1072,0,6,0,1,1,1,1,8602,535356,0x004ea4a8c155,140737488355327,-140737488355328,-34,711,711
5,1061,8537,1062,150500.000000,150000.000000,0x004ea4a8c155,8,4,0x004ea4b0f1fd,536691,537396,90248,-1476,0,6,0,1,1,1,1,8714,536033,0x004ea4a8c155,140737488355327,-140737488355328,-47,705,705
5,1062,8545,1063,150500.000000,150000.000000,0x004ea4a8c155,8,4,0x004ea4b0f489,537354,538055,89812,-1204,0,6,0,1,1,1,1,8912,536691,0x004ea4a8c155,140737488355327,-140737488355328,-38,701,701
5,1063,8553,1064,150500.000000,150000.000000,0x004ea4a8c155,8,4,0x004ea4b0f71c,538029,538728,89508,-740,0,6,0,1,1,1,1,8852,537354,0x004ea4a8c155,140737488355327,-140737488355328,-24,699,699
5,1064,8561,1065,150500.000000,150000.000000,0x004ea4a8c155,8,4,0x004ea4b0f9bd,538695,539389,88932,-880,0,6,0,1,1,1,1,8637,538029,0x004ea4a8c155,140737488355327,-140737488355328,-28,694,694
5,1065,8569,1066,150500.000000,150000.000000,0x004ea4a8c155,8,4,0x004ea4b0fc52,539339,540027,88120,-1388,0,6,0,1,1,1,1,8642,538695,0x004ea4a8c155,140737488355327,-140737488355328,-44,688,688
5,1066,8577,1067,150500.000000,150000.000000,0x004ea4a8c155,8,4,0x004ea4b0fed0,539979,540663,87552,-1380,0,6,0,1,1,1,1,8857,539339,0x004ea4a8c155,140737488355327,-140737488355328,-44,684,684
5,1067,8585,1068,150500.000000,150000.000000,0x004ea4a8c155,8,4,0x004ea4b1014c,540633,541314,87256,-864,0,6,0,1,1,1,1,8908,539979,0x004ea4a8c155,140737488355327,-140737488355328,-27,681,681
5,1068,8593,1069,150500.000000,150000.000000,0x004ea4a8c155,8,4,0x004ea4b103d7,541287,541965,86804,-748,0,6,0,1,1,1,1,8705,540633,0x004ea4a8c155,140737488355327,-140737488355328,-24,678,678
5,1069,8601,1070,150500.000000,150000.000000,0x004ea4a8c155,8,4,0x004ea4b10662,541920,542592,86028,-1228,0,6,0,1,1,1,1,8602,541287,0x004ea4a8c155,140737488355327,-140737488355328,-39,672,672
5,1070,8609,1071,150500.000000,150000.000000,0x004ea4a8c155,8,4,0x004ea4b108d5,542540,543206,85336,-1468,0,6,0,1,1,1,1,8779,541920,0x004ea4a8c155,140737488355327,-140737488355328,-46,666,666
5,1071,8617,1072,150500.000000,150000.000000,0x004ea4a8c155,8,4,0x004ea4b10b3b,543170,543833,84980,-1048,0,6,0,1,1,1,1,8926,542540,0x004ea4a8c155,140737488355327,-140737488355328,-33,663,663
5,1072,8625,1073,150500.000000,150000.000000,0x004ea4a8c155,8,4,0x004ea4b10dae,543809,544470,84632,-704,0,6,0,1,1,1,1,8789,543170,0x004ea4a8c155,140737488355327,-140737488355328,-22,661,661
5,1073,8633,1074,150500.000000,150000.000000,0x004ea4a8c155,8,4,0x004ea4b1102b,544431,545086,83948,-1032,0,6,0,1,1,1,1,8604,543809,0x004ea4a8c155,140737488355327,-140737488355328,-33,655,655
5,1074,8641,1075,150500.000000,150000.000000,0x004ea4a8c155,8,4,0x004ea4b11293,545034,545683,83168,-1464,0,6,0,1,1,1,1,8696,544431,0x004ea4a8c155,140737488355327,-140737488355328,-46,649,649
5,1075,8649,1076,150500.000000,150000.000000,0x004ea4a8c155,8,4,0x004ea4b114e8,545641,546287,82704,-1244,0,6,0,1,1,1,1,8902,545034,0x004ea4a8c155,140737488355327,-140737488355328,-39,646,646
5,1076,8657,1077,150500.000000,150000.000000,0x004ea4a8c155,8,4,0x004ea4b11744,546260,546903,82408,-760,0,6,0,1,1,1,1,8864,545641,0x004ea4a8c155,140737488355327,-140737488355328,-24,643,643
5,1077,8665,1078,150500.000000,150000.000000,0x004ea4a8c155,8,4,0x004ea4b119ac,546872,547511,81856,-848,0,6,0,1,1,1,1,8647,546260,0x004ea4a8c155,140737488355327,-140737488355328,-27,639,639
5,1078,8673,1079,150500.000000,150000.000000,0x004ea4a8c155,8,4,0x004ea4b11c0c,547462,548095,81048,-1360,0,6,0,1,1,1,1,8629,546872,0x004ea4a8c155,140737488355327,-140737488355328,-43,633,633
5,1079,8681,1080,150500.000000,150000.000000,0x004ea4a8c155,8,4,0x004ea4b11e54,548046,548674,80452,-1404,0,6,0,1,1,1,1,8842,547462,0x004ea4a8c155,140737488355327,-140737488355328,-44,628,628
5,1080,8689,1081,150500.000000,150000.000000,0x004ea4a8c155,8,4,0x004ea4b12097,548643,549269,80148,-900,0,6,0,1,1,1,1,8913,548046,0x004ea4a8c155,140737488355327,-140737488355328,-29,626,626
5,1081,8697,1082,150500.000000,150000.000000,0x004ea4a8c155,8,4,0x004ea4b122ea,549242,549864,79720,-732,0,6,0,1,1,1,1,8721,548643,0x004ea4a8c155,140737488355327,-140737488355328,-23,622,622
5,1082,8705,1083,150500.000000,150000.000000,0x004ea4a8c155,8,4,0x004ea4b1253d,549820,550436,78960,-1188,0,6,0,1,1,1,1,8597,549242,0x004ea4a8c155,140737488355327,-140737488355328,-38,616,616
5,1083,8713,1084,150500.000000,150000.000000,0x004ea4a8c155,8,4,0x004ea4b12779,550384,550995,78244,-1476,0,6,0,1,1,1,1,8761,549820,0x004ea4a8c155,140737488355327,-140737488355328,-47,611,611
5,1084,8721,1085,150500.000000,150000.000000,0x004ea4a8c155,8,4,0x004ea4b129a8,550957,551565,77868,-1092,0,6,0,1,1,1,1,8922,550384,0x004ea4a8c155,140737488355327,-140737488355328,-35,608,608
5,1085,8729,1086,150500.000000,150000.000000,0x004ea4a8c155,8,4,0x004ea4b12be2,551539,552144,77536,-708,0,6,0,1,1,1,1,8806,550957,0x004ea4a8c155,140737488355327,-140737488355328,-23,605,605
5,1086,8737,1087,150500.000000,150000.000000,0x004ea4a8c155,8,4,0x004ea4b12e25,552108,552708,76880,-988,0,6,0,1,1,1,1,8608,551539,0x004ea4a8c155,140737488355327,-140737488355328,-31,600,600
5,1087,8745,1088,150500.000000,150000.000000,0x004ea4a8c155,8,4,0x004ea4b13059,552656,553250,76088,-1448,0,6,0,1,1,1,1,8678,552108,0x004ea4a8c155,140737488355327,-140737488355328,-46,594,594
5,1088,8753,1089,150500.000000,150000.000000,0x004ea4a8c155,8,4,0x004ea4b13277,553205,553795,75596,-1284,0,6,0,1,1,1,1,8891,552656,0x004ea4a8c155,140737488355327,-140737488355328,-41,590,590
5,1089,8761,1090,150500.000000,150000.000000,0x004ea4a8c155,8,4,0x004ea4b13498,553768,554356,75304,-784,0,6,0,1,1,1,1,8877,553205,0x004ea4a8c155,140737488355327,-140737488355328,-25,588,588
5,1090,8769,1091,150500.000000,150000.000000,0x004ea4a8c155,8,4,0x004ea4b136c9,554326,554910,74780,-816,0,6,0,1,1,1,1,8661,553768,0x004ea4a8c155,140737488355327,-140737488355328,-26,584,584
5,1091,8777,1092,150500.000000,150000.000000,0x004ea4a8c155,8,4,0x004ea4b138f3,554861,555438,73972,-1332,0,6,0,1,1,1,1,8619,554326,0x004ea4a8c155,140737488355327,-140737488355328,-42,577,577
5,1092,8785,1093,150500.000000,150000.000000,0x004ea4a8c155,8,4,0x004ea4b13b03,555389,555962,73352,-1428,0,6,0,1,1,1,1,8825,554861,0x004ea4a8c155,140737488355327,-140737488355328,-45,573,573
5,1093,8793,1094,150500.000000,150000.000000,0x004ea4a8c155,8,4,0x004ea4b13d0f,555929,556499,73036,-936,0,6,0,1,1,1,1,8919,555389,0x004ea4a8c155,140737488355327,-140737488355328,-30,570,570
5,1094,8801,1095,150500.000000,150000.000000,0x004ea4a8c155,8,4,0x004ea4b13f28,556473,557040,72632,-720,0,6,0,1,1,1,1,8738,555929,0x004ea4a8c155,140737488355327,-140737488355328,-23,567,567
5,1095,8809,1096,150500.000000,150000.000000,0x004ea4a8c155,8,4,0x004ea4b14145,556998,557559,71892,-1144,0,6,0,1,1,1,1,8596,556473,0x004ea4a8c155,140737488355327,-140737488355328,-36,561,561
5,1096,8817,1097,150500.000000,150000.000000,0x004ea4a8c155,8,4,0x004ea4b1434c,557506,558061,71156,-1476,0,6,0,1,1,1,1,8743,556998,0x004ea4a8c155,140737488355327,-140737488355328,-47,555,555
5,1097,8825,1098,150500.000000,150000.000000,0x004ea4a8c155,8,4,0x004ea4b14542,558022,558574,70756,-1136,0,6,0,1,1,1,1,8920,557506,0x004ea4a8c155,140737488355327,-140737488355328,-36,552,552
5,1098,8833,1099,150500.000000,150000.000000,0x004ea4a8c155,8,4,0x004ea4b14743,558549,559099,70440,-716,0,6,0,1,1,1,1,8822,558022,0x004ea4a8c155,140737488355327,-140737488355328,-23,550,550
5,1099,8841,1100,150500.000000,150000.000000,0x004ea4a8c155,8,4,0x004ea4b14950,559064,559609,69808,-948,0,6,0,1,1,1,1,8617,558549,0x004ea4a8c155,140737488355327,-140737488355328,-30,545,545
5,1100,8849,1101,150500.000000,150000.000000,0x004ea4a8c155,8,4,0x004ea4b14b4e,559558,560097,69008,-1432,0,6,0,1,1,1,1,8664,559064,0x004ea4a8c155,140737488355327,-140737488355328,-45,539,539
5,1101,8857,1102,150500.000000,150000.000000,0x004ea4a8c155,8,4,0x004ea4b14d36,560051,560586,68488,-1320,0,6,0,1,1,1,1,8880,559558,0x004ea4a8c155,140737488355327,-140737488355328,-42,535,535
5,1102,8865,1103,150500.000000,150000.000000,0x004ea4a8c155,8,4,0x004ea4b14f1f,560557,561089,68196,-812,0,6,0,1,1,1,1,8888,560051,0x004ea4a8c155,140737488355327,-140737488355328,-26,532,532
5,1103,8873,1104,150500.000000,150000.000000,0x004ea4a8c155,8,4,0x004ea4b15116,561060,561588,67700,-788,0,6,0,1,1,1,1,8676,560557,0x004ea4a8c155,140737488355327,-140737488355328,-25,528,528
5,1104,8881,1105,150500.000000,150000.000000,0x004ea4a8c155,8,4,0x004ea4b15309,561541,562063,66904,-1292,0,6,0,1,1,1,1,8612,561060,0x004ea4a8c155,140737488355327,-140737488355328,-41,522,522
5,1105,8889,1106,150500.000000,150000.000000,0x004ea4a8c155,8,4,0x004ea4b154e4,562012,562529,66252,-1448,0,6,0,1,1,1,1,8809,561541,0x004ea4a8c155,140737488355327,-140737488355328,-46,517,517
5,1106,8897,1107,150500.000000,150000.000000,0x004ea4a8c155,8,4,0x004ea4b156b6,562496,563011,65924,-980,0,6,0,1,1,1,1,8924,562012,0x004ea4a8c155,140737488355327,-140737488355328,-31,515,515
5,1107,8905,1108,150500.000000,150000.000000,0x004ea4a8c155,8,4,0x004ea4b15898,562985,563497,65544,-708,0,6,0,1,1,1,1,8757,562496,0x004ea4a8c155,140737488355327,-140737488355328,-23,512,512
5,1108,8913,1109,150500.000000,150000.000000,0x004ea4a8c155,8,4,0x004ea4b15a7e,563456,563962,64824,-1100,0,6,0,1,1,1,1,8598,562985,0x004ea4a8c155,140737488355327,-140737488355328,-35,506,506
5,1109,8921,1110,150500.000000,150000.000000,0x004ea4a8c155,8,4,0x004ea4b15c4f,563909,564409,64068,-1476,0,6,0,1,1,1,1,8727,563456,0x004ea4a8c155,140737488355327,-140737488355328,-47,500,500
5,1110,8929,1111,150500.000000,150000.000000,0x004ea4a8c155,8,4,0x004ea4b15e0e,564369,564866,63644,-1180,0,6,0,1,1,1,1,8916,563909,0x004ea4a8c155,140737488355327,-140737488355328,-37,497,497
5,1111,8937,1112,150500.000000,150000.000000,0x004ea4a8c155,8,4,0x004ea4b15fd7,564840,565334,63340,-728,0,6,0,1,1,1,1,8839,564369,0x004ea4a8c155,140737488355327,-140737488355328,-23,494,494
5,1112,8945,1113,150500.000000,150000.000000,0x004ea4a8c155,8,4,0x004ea4b161ab,565301,565791,62736,-908,0,6,0,1,1,1,1,8627,564840,0x004ea4a8c155,140737488355327,-140737488355328,-29,490,490
5,1113,8953,1114,150500.000000,150000.000000,0x004ea4a8c155,8,4,0x004ea4b16374,565740,566223,61932,-1408,0,6,0,1,1,1,1,8651,565301,0x004ea4a8c155,140737488355327,-140737488355328,-44,483,483
5,1114,8961,1115,150500.000000,150000.000000,0x004ea4a8c155,8,4,0x004ea4b16524,566176,566655,61384,-1352,0,6,0,1,1,1,1,8868,565740,0x004ea4a8c155,140737488355327,-140737488355328,-43,479,479
5,1115,8969,1116,150500.000000,150000.000000,0x004ea4a8c155,8,4,0x004ea4b166d4,566626,567103,61088,-844,0,6,0,1,1,1,1,8900,566176,0x004ea4a8c155,140737488355327,-140737488355328,-27,477,477
5,1116,8977,1117,150500.000000,150000.000000,0x004ea4a8c155,8,4,0x004ea4b16894,567075,567548,60616,-768,0,6,0,1,1,1,1,8693,566626,0x004ea4a8c155,140737488355327,-140737488355328,-24,473,473
5,1117,8985,1118,150500.000000,150000.000000,0x004ea4a8c155,8,4,0x004ea4b16a51,567502,567969,59832,-1256,0,6,0,1,1,1,1,8606,567075,0x004ea4a8c155,140737488355327,-140737488355328,-40,467,467
5,1118,8993,1119,150500.000000,150000.000000,0x004ea4a8c155,8,4,0x004ea4b16bf6,567918,568380,59156,-1460,0,6,0,1,1,1,1,8793,567502,0x004ea4a8c155,140737488355327,-140737488355328,-46,462,462
5,1119,9001,1120,150500.000000,150000.000000,0x004ea4a8c155,8,4,0x004ea4b16d91,568345,568804,58816,-1016,0,6,0,1,1,1,1,8927,567918,0x004ea4a8c155,140737488355327,-140737488355328,-32,459,459
5,1120,9009,1121,150500.000000,150000.000000,0x004ea4a8c155,8,4,0x004ea4b16f39,568779,569235,58452,-704,0,6,0,1,1,1,1,8777,568345,0x004ea4a8c155,140737488355327,-140737488355328,-22,456,456
5,1121,9017,1122,150500.000000,150000.000000,0x004ea4a8c155,8,4,0x004ea4b170e8,569196,569647,57752,-1064,0,6,0,1,1,1,1,8601,568779,0x004ea4a8c155,140737488355327,-140737488355328,-34,451,451
5,1122,9025,1123,150500.000000,150000.000000,0x004ea4a8c155,8,4,0x004ea4b17284,569595,570040,56984,-1468,0,6,0,1,1,1,1,8709,569196,0x004ea4a8c155,140737488355327,-140737488355328,-46,445,445
5,1123,9033,1124,150500.000000,150000.000000,0x004ea4a8c155,8,4,0x004ea4b1740d,569998,570439,56536,-1216,0,6,0,1,1,1,1,8910,569595,0x004ea4a8c155,140737488355327,-140737488355328,-38,441,441
5,1124,9041,1125,150500.000000,150000.000000,0x004ea4a8c155,8,4,0x004ea4b1759c,570413,570852,56240,-744,0,6,0,1,1,1,1,8857,569998,0x004ea4a8c155,140737488355327,-140737488355328,-24,439,439
5,1125,9049,1126,150500.000000,150000.000000,0x004ea4a8c155,8,4,0x004ea4b17739,570819,571253,55664,-872,0,6,0,1,1,1,1,8641,570413,0x004ea4a8c155,140737488355327,-140737488355328,-28,434,434
5,1126,9057,1127,150500.000000,150000.000000,0x004ea4a8c155,8,4,0x004ea4b178ca,571203,571631,54856,-1384,0,6,0,1,1,1,1,8641,570819,0x004ea4a8c155,140737488355327,-140737488355328,-44,428,428
5,1127,9065,1128,150500.000000,150000.000000,0x004ea4a8c155,8,4,0x004ea4b17a44,571583,572007,54280,-1384,0,6,0,1,1,1,1,8856,571203,0x004ea4a8c155,140737488355327,-140737488355328,-44,424,424
5,1128,9073,1129,150500.000000,150000.000000,0x004ea4a8c155,8,4,0x004ea4b17bbc,571976,572397,53984,-872,0,6,0,1,1,1,1,8910,571583,0x004ea4a8c155,140737488355327,-140737488355328,-28,421,421
5,1129,9081,1130,150500.000000,150000.000000,0x004ea4a8c155,8,4,0x004ea4b17d42,572370,572788,53536,-744,0,6,0,1,1,1,1,8711,571976,0x004ea4a8c155,140737488355327,-140737488355328,-24,418,418
5,1130,9089,1131,150500.000000,150000.000000,0x004ea4a8c155,8,4,0x004ea4b17ec9,572744,573156,52768,-1216,0,6,0,1,1,1,1,8602,572370,0x004ea4a8c155,140737488355327,-140737488355328,-38,412,412
5,1131,9097,1132,150500.000000,150000.000000,0x004ea4a8c155,8,4,0x004ea4b18039,573104,573510,52068,-1468,0,6,0,1,1,1,1,8778,572744,0x004ea4a8c155,140737488355327,-140737488355328,-46,406,406
5,1132,9105,1133,150500.000000,150000.000000,0x004ea4a8c155,8,4,0x004ea4b1819b,573473,573876,51708,-1060,0,6,0,1,1,1,1,8929,573104,0x004ea4a8c155,140737488355327,-140737488355328,-34,403,403
5,1133,9113,1134,150500.000000,150000.000000,0x004ea4a8c155,8,4,0x004ea4b18309,573852,574253,51364,-704,0,6,0,1,1,1,1,8795,573473,0x004ea4a8c155,140737488355327,-140737488355328,-22,401,401
5,1134,9121,1135,150500.000000,150000.000000,0x004ea4a8c155,8,4,0x004ea4b18482,574216,574612,50688,-1020,0,6,0,1,1,1,1,8608,573852,0x004ea4a8c155,140737488355327,-140737488355328,-32,396,396
5,1135,9129,1136,150500.000000,150000.000000,0x004ea4a8c155,8,4,0x004ea4b185e9,574559,574948,49900,-1464,0,6,0,1,1,1,1,8695,574216,0x004ea4a8c155,140737488355327,-140737488355328,-46,389,389
5,1136,9137,1137,150500.000000,150000.000000,0x004ea4a8c155,8,4,0x004ea4b18739,574905,575291,49432,-1256,0,6,0,1,1,1,1,8902,574559,0x004ea4a8c155,140737488355327,-140737488355328,-40,386,386
5,1137,9145,1138,150500.000000,150000.000000,0x004ea4a8c155,8,4,0x004ea4b18890,575264,575647,49136,-764,0,6,0,1,1,1,1,8871,574905,0x004ea4a8c155,140737488355327,-140737488355328,-24,383,383
5,1138,9153,1139,150500.000000,150000.000000,0x004ea4a8c155,8,4,0x004ea4b189f4,575616,575995,48588,-844,0,6,0,1,1,1,1,8654,575264,0x004ea4a8c155,140737488355327,-140737488355328,-27,379,379
5,1139,9161,1140,150500.000000,150000.000000,0x004ea4a8c155,8,4,0x004ea4b18b50,575946,576319,47784,-1352,0,6,0,1,1,1,1,8630,575616,0x004ea4a8c155,140737488355327,-140737488355328,-43,373,373
5,1140,9169,1141,150500.000000,150000.000000,0x004ea4a8c155,8,4,0x004ea4b18c94,576270,576638,47180,-1408,0,6,0,1,1,1,1,8843,575946,0x004ea4a8c155,140737488355327,-140737488355328,-44,368,368
5,1141,9177,1142,150500.000000,150000.000000,0x004ea4a8c155,8,4,0x004ea4b18dd3,576607,576973,46876,-908,0,6,0,1,1,1,1,8918,576270,0x004ea4a8c155,140737488355327,-140737488355328,-29,366,366
5,1142,9185,1143,150500.000000,150000.000000,0x004ea4a8c155,8,4,0x004ea4b18f22,576946,577308,46456,-724,0,6,0,1,1,1,1,8730,576607,0x004ea4a8c155,140737488355327,-140737488355328,-23,362,362
5,1143,9193,1144,150500.000000,150000.000000,0x004ea4a8c155,8,4,0x004ea4b19071,577266,577623,45700,-1176,0,6,0,1,1,1,1,8602,576946,0x004ea4a8c155,140737488355327,-140737488355328,-37,357,357
5,1144,9201,1145,150500.000000,150000.000000,0x004ea4a8c155,8,4,0x004ea4b191ac,577570,577921,44976,-1480,0,6,0,1,1,1,1,8761,577266,0x004ea4a8c155,140737488355327,-140737488355328,-47,351,351
5,1145,9209,1146,150500.000000,150000.000000,0x004ea4a8c155,8,4,0x004ea4b192d6,577883,578231,44596,-1104,0,6,0,1,1,1,1,8927,577570,0x004ea4a8c155,140737488355327,-140737488355328,-35,348,348
5,1146,9217,1147,150500.000000,150000.000000,0x004ea4a8c155,8,4,0x004ea4b1940c,578205,578550,44268,-708,0,6,0,1,1,1,1,8813,577883,0x004ea4a8c155,140737488355327,-140737488355328,-23,345,345
5,1147,9225,1148,150500.000000,150000.000000,0x004ea4a8c155,8,4,0x004ea4b1954b,578514,578854,43620,-976,0,6,0,1,1,1,1,8615,578205,0x004ea4a8c155,140737488355327,-140737488355328,-31,340,340
5,1148,9233,1149,150500.000000,150000.000000,0x004ea4a8c155,8,4,0x004ea4b1967b,578802,579136,42824,-1444,0,6,0,1,1,1,1,8680,578514,0x004ea4a8c155,140737488355327,-140737488355328,-46,334,334
5,1149,9241,1150,150500.000000,150000.000000,0x004ea4a8c155,8,4,0x004ea4b19795,579091,579421,42328,-1292,0,6,0,1,1,1,1,8893,578802,0x004ea4a8c155,140737488355327,-140737488355328,-41,330,330
5,1150,9249,1151,150500.000000,150000.000000,0x004ea4a8c155,8,4,0x004ea4b198b2,579394,579722,42036,-788,0,6,0,1,1,1,1,8885,579091,0x004ea4a8c155,140737488355327,-140737488355328,-25,328,328
5,1151,9257,1152,150500.000000,150000.000000,0x004ea4a8c155,8,4,0x004ea4b199df,579692,580016,41516,-812,0,6,0,1,1,1,1,8669,579394,0x004ea4a8c155,140737488355327,-140737488355328,-26,324,324
5,1152,9265,1153,150500.000000,150000.000000,0x004ea4a8c155,8,4,0x004ea4b19b05,579968,580286,40716,-1320,0,6,0,1,1,1,1,8621,579692,0x004ea4a8c155,140737488355327,-140737488355328,-42,318,318
5,1153,9273,1154,150500.000000,150000.000000,0x004ea4a8c155,8,4,0x004ea4b19c13,580236,580549,40084,-1432,0,6,0,1,1,1,1,8826,579968,0x004ea4a8c155,140737488355327,-140737488355328,-45,313,313
5,1154,9281,1155,150500.000000,150000.000000,0x004ea4a8c155,8,4,0x004ea4b19d1a,580516,580826,39768,-948,0,6,0,1,1,1,1,8925,580236,0x004ea4a8c155,140737488355327,-140737488355328,-30,310,310
5,1155,9289,1156,150500.000000,150000.000000,0x004ea4a8c155,8,4,0x004ea4b19e2f,580800,581107,39372,-712,0,6,0,1,1,1,1,8748,580516,0x004ea4a8c155,140737488355327,-140737488355328,-23,307,307
5,1156,9297,1157,150500.000000,150000.000000,0x004ea4a8c155,8,4,0x004ea4b19f48,581065,581366,38636,-1132,0,6,0,1,1,1,1,8600,580800,0x004ea4a8c155,140737488355327,-140737488355328,-36,301,301
5,1157,9305,1158,150500.000000,150000.000000,0x004ea4a8c155,8,4,0x004ea4b1a04b,581314,581610,37892,-1480,0,6,0,1,1,1,1,8743,581065,0x004ea4a8c155,140737488355327,-140737488355328,-47,296,296
5,1158,9313,1159,150500.000000,150000.000000,0x004ea4a8c155,8,4,0x004ea4b1a13f,581570,581862,37488,-1148,0,6,0,1,1,1,1,8924,581314,0x004ea4a8c155,140737488355327,-140737488355328,-36,292,292
5,1159,9321,1160,150500.000000,150000.000000,0x004ea4a8c155,8,4,0x004ea4b1a23b,581837,582127,37176,-716,0,6,0,1,1,1,1,8831,581570,0x004ea4a8c155,140737488355327,-140737488355328,-23,290,290
5,1160,9329,1161,150500.000000,150000.000000,0x004ea4a8c155,8,4,0x004ea4b1a344,582092,582377,36552,-936,0,6,0,1,1,1,1,8623,581837,0x004ea4a8c155,140737488355327,-140737488355328,-30,285,285
5,1161,9337,1162,150500.000000,150000.000000,0x004ea4a8c155,8,4,0x004ea4b1a43e,582326,582605,35748,-1428,0,6,0,1,1,1,1,8665,582092,0x004ea4a8c155,140737488355327,-140737488355328,-45,279,279
5,1162,9345,1163,150500.000000,150000.000000,0x004ea4a8c155,8,4,0x004ea4b1a522,582559,582834,35224,-1328,0,6,0,1,1,1,1,8882,582326,0x004ea4a8c155,140737488355327,-140737488355328,-42,275,275
5,1163,9353,1164,150500.000000,150000.000000,0x004ea4a8c155,8,4,0x004ea4b1a607,582805,583077,34932,-816,0,6,0,1,1,1,1,8896,582559,0x004ea4a8c155,140737488355327,-140737488355328,-26,272,272
5,1164,9361,1165,150500.000000,150000.000000,0x004ea4a8c155,8,4,0x004ea4b1a6fa,583049,583318,34444,-780,0,6,0,1,1,1,1,8683,582805,0x004ea4a8c155,140737488355327,-140737488355328,-25,269,269
5,1165,9369,1166,150500.000000,150000.000000,0x004ea4a8c155,8,4,0x004ea4b1a7eb,583270,583532,33648,-1284,0,6,0,1,1,1,1,8613,583049,0x004ea4a8c155,140737488355327,-140737488355328,-41,262,262
5,1166,9377,1167,150500.000000,150000.000000,0x004ea4a8c155,8,4,0x004ea4b1a8c1,583481,583738,32992,-1452,0,6,0,1,1,1,1,8809,583270,0x004ea4a8c155,140737488355327,-140737488355328,-46,257,257
5,1167,9385,1168,150500.000000,150000.000000,0x004ea4a8c155,8,4,0x004ea4b1a98f,586265,587032,98196,64548,0,6,0,1,1,1,1,8927,583481,0x004ea4a8c155,140737488355327,-140737488355328,2017,767,767
5,1168,9393,1169,150500.000000,150000.000000,0x004ea4a8c155,8,4,0x004ea4b1b66d,589054,589818,97820,64828,0,6,0,1,1,1,1,8765,586265,0x004ea4a8c155,140737488355327,-140737488355328,2025,764,764
5,1169,9401,1170,150500.000000,150000.000000,0x004ea4a8c155,8,4,0x004ea4b1c14f,589777,590535,97104,-1092,0,6,0,1,1,1,1,8602,589054,0x004ea4a8c155,140737488355327,-140737488355328,-35,758,758
5,1170,9409,1171,150500.000000,150000.000000,0x004ea4a8c155,8,4,0x004ea4b1c41c,590482,591234,96344,-1476,0,6,0,1,1,1,1,8725,589777,0x004ea4a8c155,140737488355327,-140737488355328,-47,752,752
5,1171,9417,1172,150500.000000,150000.000000,0x004ea4a8c155,8,4,0x004ea4b1c6d7,591194,591943,95920,-1184,0,6,0,1,1,1,1,8917,590482,0x004ea4a8c155,140737488355327,-140737488355328,-37,749,749
5,1172,9425,1173,150500.000000,150000.000000,0x004ea4a8c155,8,4,0x004ea4b1c99c,591917,592663,95612,-732,0,6,0,1,1,1,1,8844,591194,0x004ea4a8c155,140737488355327,-140737488355328,-23,746,746
5,1173,9433,1174,150500.000000,150000.000000,0x004ea4a8c155,8,4,0x004ea4b1cc6c,592630,593372,95016,-904,0,6,0,1,1,1,1,8632,591917,0x004ea4a8c155,140737488355327,-140737488355328,-29,742,742
5,1174,9441,1175,150500.000000,150000.000000,0x004ea4a8c155,8,4,0x004ea4b1cf31,593322,594058,94212,-1400,0,6,0,1,1,1,1,8650,592630,0x004ea4a8c155,140737488355327,-140737488355328,-44,736,736
5,1175,9449,1176,150500.000000,150000.000000,0x004ea4a8c155,8,4,0x004ea4b1d1df,594010,594741,93656,-1360,0,6,0,1,1,1,1,8867,593322,0x004ea4a8c155,140737488355327,-140737488355328,-43,731,731
5,1176,9457,1177,150500.000000,150000.000000,0x004ea4a8c155,8,4,0x004ea4b1d48a,594712,595441,93364,-848,0,6,0,1,1,1,1,8905,594010,0x004ea4a8c155,140737488355327,-140737488355328,-27,729,729
5,1177,9465,1178,150500.000000,150000.000000,0x004ea4a8c155,8,4,0x004ea4b1d746,595413,596138,92900,-756,0,6,0,1,1,1,1,8697,594712,0x004ea4a8c155,140737488355327,-140737488355328,-24,725,725
5,1178,9473,1179,150500.000000,150000.000000,0x004ea4a8c155,8,4,0x004ea4b1d9ff,596093,596812,92116,-1248,0,6,0,1,1,1,1,8606,595413,0x004ea4a8c155,140737488355327,-140737488355328,-39,719,719
5,1179,9481,1180,150500.000000,150000.000000,0x004ea4a8c155,8,4,0x004ea4b1dca1,596761,597475,91436,-1464,0,6,0,1,1,1,1,8790,596093,0x004ea4a8c155,140737488355327,-140737488355328,-46,714,714
5,1180,9489,1181,150500.000000,150000.000000,0x004ea4a8c155,8,4,0x004ea4b1df38,597439,598150,91088,-1028,0,6,0,1,1,1,1,8927,596761,0x004ea4a8c155,140737488355327,-140737488355328,-33,711,711
5,1181,9497,1182,150500.000000,150000.000000,0x004ea4a8c155,8,4,0x004ea4b1e1db,598125,598833,90732,-704,0,6,0,1,1,1,1,8780,597439,0x004ea4a8c155,140737488355327,-140737488355328,-22,708,708
5,1182,9505,1183,150500.000000,150000.000000,0x004ea4a8c155,8,4,0x004ea4b1e486,598795,599498,90036,-1052,0,6,0,1,1,1,1,8602,598125,0x004ea4a8c155,140737488355327,-140737488355328,-33,703,703
5,1183,9513,1184,150500.000000,150000.000000,0x004ea4a8c155,8,4,0x004ea4b1e71f,599446,600143,89260,-1472,0,6,0,1,1,1,1,8705,598795,0x004ea4a8c155,140737488355327,-140737488355328,-46,697,697
5,1184,9521,1185,150500.000000,150000.000000,0x004ea4a8c155,8,4,0x004ea4b1e9a4,600100,600793,88808,-1228,0,6,0,1,1,1,1,8908,599446,0x004ea4a8c155,140737488355327,-140737488355328,-39,693,693
5,1185,9529,1186,150500.000000,150000.000000,0x004ea4a8c155,8,4,0x004ea4b1ec2e,600767,601458,88512,-748,0,6,0,1,1,1,1,8858,600100,0x004ea4a8c155,140737488355327,-140737488355328,-24,691,691
5,1186,9537,1187,150500.000000,150000.000000,0x004ea4a8c155,8,4,0x004ea4b1eec7,601427,602114,87944,-864,0,6,0,1,1,1,1,8642,600767,0x004ea4a8c155,140737488355327,-140737488355328,-27,687,687
5,1187,9545,1188,150500.000000,150000.000000,0x004ea4a8c155,8,4,0x004ea4b1f157,602064,602744,87140,-1372,0,6,0,1,1,1,1,8637,601427,0x004ea4a8c155,140737488355327,-140737488355328,-43,680,680
5,1188,9553,1189,150500.000000,150000.000000,0x004ea4a8c155,8,4,0x004ea4b1f3cd,602696,603372,86556,-1388,0,6,0,1,1,1,1,8850,602064,0x004ea4a8c155,140737488355327,-140737488355328,-44,676,676
5,1189,9561,1190,150500.000000,150000.000000,0x004ea4a8c155,8,4,0x004ea4b1f641,603341,604014,86256,-884,0,6,0,1,1,1,1,8911,602696,0x004ea4a8c155,140737488355327,-140737488355328,-28,673,673
5,1190,9569,1191,150500.000000,150000.000000,0x004ea4a8c155,8,4,0x004ea4b1f8c3,603987,604657,85816,-740,0,6,0,1,1,1,1,8714,603341,0x004ea4a8c155,140737488355327,-140737488355328,-24,670,670
5,1191,9577,1192,150500.000000,150000.000000,0x004ea4a8c155,8,4,0x004ea4b1fb46,604613,605277,85048,-1208,0,6,0,1,1,1,1,8600,603987,0x004ea4a8c155,140737488355327,-140737488355328,-38,664,664
5,1192,9585,1193,150500.000000,150000.000000,0x004ea4a8c155,8,4,0x004ea4b1fdb2,605225,605883,84344,-1472,0,6,0,1,1,1,1,8771,604613,0x004ea4a8c155,140737488355327,-140737488355328,-46,658,658
5,1193,9593,1194,150500.000000,150000.000000,0x004ea4a8c155,8,4,0x004ea4b20010,605847,606503,83976,-1072,0,6,0,1,1,1,1,8925,605225,0x004ea4a8c155,140737488355327,-140737488355328,-34,656,656
5,1194,9601,1195,150500.000000,150000.000000,0x004ea4a8c155,8,4,0x004ea4b2027c,606478,607131,83640,-704,0,6,0,1,1,1,1,8798,605847,0x004ea4a8c155,140737488355327,-140737488355328,-22,653,653
5,1195,9609,1196,150500.000000,150000.000000,0x004ea4a8c155,8,4,0x004ea4b204f0,607094,607742,82968,-1008,0,6,0,1,1,1,1,8606,606478,0x004ea4a8c155,140737488355327,-140737488355328,-32,648,648
5,1196,9617,1197,150500.000000,150000.000000,0x004ea4a8c155,8,4,0x004ea4b20753,607690,608332,82180,-1460,0,6,0,1,1,1,1,8688,607094,0x004ea4a8c155,140737488355327,-140737488355328,-46,642,642
5,1197,9625,1198,150500.000000,150000.000000,0x004ea4a8c155,8,4,0x004ea4b209a1,608288,608926,81700,-1268,0,6,0,1,1,1,1,8897,607690,0x004ea4a8c155,140737488355327,-140737488355328,-40,638,638
5,1198,9633,1199,150500.000000,150000.000000,0x004ea4a8c155,8,4,0x004ea4b20bf3,608899,609535,81408,-772,0,6,0,1,1,1,1,8871,608288,0x004ea4a8c155,140737488355327,-140737488355328,-25,636,636
5,1199,9641,1200,150500.000000,150000.000000,0x004ea4a8c155,8,4,0x004ea4b20e54,609504,610135,80872,-828,0,6,0,1,1,1,1,8654,608899,0x004ea4a8c155,140737488355327,-140737488355328,-26,631,631
5,1200,9649,1201,150500.000000,150000.000000,0x004ea4a8c155,8,4,0x004ea4b210ac,610087,610712,80064,-1344,0,6,0,1,1,1,1,8624,609504,0x004ea4a8c155,140737488355327,-140737488355328,-42,625,625
5,1201,9657,1202,150500.000000,150000.000000,0x004ea4a8c155,8,4,0x004ea4b212ed,610662,611282,79456,-1416,0,6,0,1,1,1,1,8835,610087,0x004ea4a8c155,140737488355327,-140737488355328,-45,620,620
5,1202,9665,1203,150500.000000,150000.000000,0x004ea4a8c155,8,4,0x004ea4b21527,611251,611869,79144,-920,0,6,0,1,1,1,1,8917,610662,0x004ea4a8c155,140737488355327,-140737488355328,-29,618,618
5,1203,9673,1204,150500.000000,150000.000000,0x004ea4a8c155,8,4,0x004ea4b21772,611843,612458,78732,-724,0,6,0,1,1,1,1,8730,611251,0x004ea4a8c155,140737488355327,-140737488355328,-23,615,615
5,1204,9681,1205,150500.000000,150000.000000,0x004ea4a8c155,8,4,0x004ea4b219bf,612415,613024,77980,-1164,0,6,0,1,1,1,1,8597,611843,0x004ea4a8c155,140737488355327,-140737488355328,-37,609,609
5,1205,9689,1206,150500.000000,150000.000000,0x004ea4a8c155,8,4,0x004ea4b21bf5,612971,613574,77252,-1480,0,6,0,1,1,1,1,8753,612415,0x004ea4a8c155,140737488355327,-140737488355328,-47,603,603
5,1206,9697,1207,150500.000000,150000.000000,0x004ea4a8c155,8,4,0x004ea4b21e1b,613536,614136,76864,-1116,0,6,0,1,1,1,1,8921,612971,0x004ea4a8c155,140737488355327,-140737488355328,-35,600,600
5,1207,9705,1208,150500.000000,150000.000000,0x004ea4a8c155,8,4,0x004ea4b2204d,614110,614707,76540,-712,0,6,0,1,1,1,1,8813,613536,0x004ea4a8c155,140737488355327,-140737488355328,-23,597,597
5,1208,9713,1209,150500.000000,150000.000000,0x004ea4a8c155,8,4,0x004ea4b22288,614671,615263,75896,-968,0,6,0,1,1,1,1,8612,614110,0x004ea4a8c155,140737488355327,-140737488355328,-31,592,592
5,1209,9721,1210,150500.000000,150000.000000,0x004ea4a8c155,8,4,0x004ea4b224b4,615212,615798,75100,-1440,0,6,0,1,1,1,1,8671,614671,0x004ea4a8c155,140737488355327,-140737488355328,-45,586,586
5,1210,9729,1211,150500.000000,150000.000000,0x004ea4a8c155,8,4,0x004ea4b226cb,615753,616335,74596,-1300,0,6,0,1,1,1,1,8886,615212,0x004ea4a8c155,140737488355327,-140737488355328,-41,582,582
5,1211,9737,1212,150500.000000,150000.000000,0x004ea4a8c155,8,4,0x004ea4b228e4,616308,616888,74304,-796,0,6,0,1,1,1,1,8881,615753,0x004ea4a8c155,140737488355327,-140737488355328,-25,580,580
5,1212,9745,1213,150500.000000,150000.000000,0x004ea4a8c155,8,4,0x004ea4b22b0d,616858,617434,73792,-804,0,6,0,1,1,1,1,8668,616308,0x004ea4a8c155,140737488355327,-140737488355328,-26,576,576
5,1213,9753,1214,150500.000000,150000.000000,0x004ea4a8c155,8,4,0x004ea4b22d2f,617387,617957,72992,-1312,0,6,0,1,1,1,1,8615,616858,0x004ea4a8c155,140737488355327,-140737488355328,-41,570,570
5,1214,9761,1215,150500.000000,150000.000000,0x004ea4a8c155,8,4,0x004ea4b22f3a,617907,618472,72356,-1436,0,6,0,1,1,1,1,8817,617387,0x004ea4a8c155,140737488355327,-140737488355328,-45,565,565
5,1215,9769,1216,150500.000000,150000.000000,0x004ea4a8c155,8,4,0x004ea4b2313d,618439,619001,72036,-956,0,6,0,1,1,1,1,8922,617907,0x004ea4a8c155,140737488355327,-140737488355328,-30,562,562
5,1216,9777,1217,150500.000000,150000.000000,0x004ea4a8c155,8,4,0x004ea4b2334e,618975,619534,71644,-712,0,6,0,1,1,1,1,8748,618439,0x004ea4a8c155,140737488355327,-140737488355328,-23,559,559
5,1217,9785,1218,150500.000000,150000.000000,0x004ea4a8c155,8,4,0x004ea4b23563,619493,620047,70912,-1124,0,6,0,1,1,1,1,8597,618975,0x004ea4a8c155,140737488355327,-140737488355328,-36,554,554
5,1218,9793,1219,150500.000000,150000.000000,0x004ea4a8c155,8,4,0x004ea4b23764,619994,620542,70164,-1480,0,6,0,1,1,1,1,8733,619493,0x004ea4a8c155,140737488355327,-140737488355328,-47,548,548
5,1219,9801,1220,150500.000000,150000.000000,0x004ea4a8c155,8,4,0x004ea4b23953,620501,621045,69756,-1156,0,6,0,1,1,1,1,8917,619994,0x004ea4a8c155,140737488355327,-140737488355328,-37,544,544
5,1220,9809,1221,150500.000000,150000.000000,0x004ea4a8c155,8,4,0x004ea4b23b4a,621020,621562,69444,-720,0,6,0,1,1,1,1,8830,620501,0x004ea4a8c155,140737488355327,-140737488355328,-23,542,542
5,1221,9817,1222,150500.000000,150000.000000,0x004ea4a8c155,8,4,0x004ea4b23d4f,621527,622064,68824,-932,0,6,0,1,1,1,1,8622,621020,0x004ea4a8c155,140737488355327,-140737488355328,-30,537,537
5,1222,9825,1223,150500.000000,150000.000000,0x004ea4a8c155,8,4,0x004ea4b23f45,622013,622544,68024,-1420,0,6,0,1,1,1,1,8658,621527,0x004ea4a8c155,140737488355327,-140737488355328,-45,531,531
5,1223,9833,1224,150500.000000,150000.000000,0x004ea4a8c155,8,4,0x004ea4b24125,622498,623025,67488,-1336,0,6,0,1,1,1,1,8874,622013,0x004ea4a8c155,140737488355327,-140737488355328,-42,527,527
5,1224,9841,1225,150500.000000,150000.000000,0x004ea4a8c155,8,4,0x004ea4b24306,622996,623520,67196,-828,0,6,0,1,1,1,1,8895,622498,0x004ea4a8c155,140737488355327,-140737488355328,-26,524,524
5,1225,9849,1226,150500.000000,150000.000000,0x004ea4a8c155,8,4,0x004ea4b244f5,623492,624013,66712,-776,0,6,0,1,1,1,1,8684,622996,0x004ea4a8c155,140737488355327,-140737488355328,-25,521,521
5,1226,9857,1227,150500.000000,150000.000000,0x004ea4a8c155,8,4,0x004ea4b246e2,623967,624482,65920,-1276,0,6,0,1,1,1,1,8608,623492,0x004ea4a8c155,140737488355327,-140737488355328,-40,515,515
5,1227,9865,1228,150500.000000,150000.000000,0x004ea4a8c155,8,4,0x004ea4b248b7,624430,624939,65256,-1456,0,6,0,1,1,1,1,8801,623967,0x004ea4a8c155,140737488355327,-140737488355328,-46,509,509
5,1228,9873,1229,150500.000000,150000.000000,0x004ea4a8c155,8,4,0x004ea4b24a80,624905,625412,64924,-996,0,6,0,1,1,1,1,8925,624430,0x004ea4a8c155,140737488355327,-140737488355328,-32,507,507
5,1229,9881,1230,150500.000000,150000.000000,0x004ea4a8c155,8,4,0x004ea4b24c59,625387,625891,64552,-704,0,6,0,1,1,1,1,8767,624905,0x004ea4a8c155,140737488355327,-140737488355328,-22,504,504
5,1230,9889,1231,150500.000000,150000.000000,0x004ea4a8c155,8,4,0x004ea4b24e38,625851,626349,63840,-1084,0,6,0,1,1,1,1,8599,625387,0x004ea4a8c155,140737488355327,-140737488355328,-34,498,498
5,1231,9897,1232,150500.000000,150000.000000,0x004ea4a8c155,8,4,0x004ea4b25002,626296,626788,63076,-1476,0,6,0,1,1,1,1,8717,625851,0x004ea4a8c155,140737488355327,-140737488355328,-47,492,492
5,1232,9905,1233,150500.000000,150000.000000,0x004ea4a8c155,8,4,0x004ea4b251b9,626747,627236,62644,-1196,0,6,0,1,1,1,1,8912,626296,0x004ea4a8c155,140737488355327,-140737488355328,-38,489,489
5,1233,9913,1234,150500.000000,150000.000000,0x004ea4a8c155,8,4,0x004ea4b25379,627211,627698,62340,-736,0,6,0,1,1,1,1,8847,626747,0x004ea4a8c155,140737488355327,-140737488355328,-23,487,487
5,1234,9921,1235,150500.000000,150000.000000,0x004ea4a8c155,8,4,0x004ea4b25547,627665,628147,61752,-892,0,6,0,1,1,1,1,8633,627211,0x004ea4a8c155,140737488355327,-140737488355328,-28,482,482
5,1235,9929,1236,150500.000000,150000.000000,0x004ea4a8c155,8,4,0x004ea4b25708,628097,628573,60944,-1396,0,6,0,1,1,1,1,8646,627665,0x004ea4a8c155,140737488355327,-140737488355328,-44,476,476
5,1236,9937,1237,150500.000000,150000.000000,0x004ea4a8c155,8,4,0x004ea4b258b2,628525,628996,60384,-1368,0,6,0,1,1,1,1,8862,628097,0x004ea4a8c155,140737488355327,-140737488355328,-43,471,471
5,1237,9945,1238,150500.000000,150000.000000,0x004ea4a8c155,8,4,0x004ea4b25a59,628967,629436,60088,-856,0,6,0,1,1,1,1,8905,628525,0x004ea4a8c155,140737488355327,-140737488355328,-27,469,469
5,1238,9953,1239,150500.000000,150000.000000,0x004ea4a8c155,8,4,0x004ea4b25c11,629408,629873,59632,-752,0,6,0,1,1,1,1,8701,628967,0x004ea4a8c155,140737488355327,-140737488355328,-24,465,465
5,1239,9961,1240,150500.000000,150000.000000,0x004ea4a8c155,8,4,0x004ea4b25dc6,629828,630287,58852,-1236,0,6,0,1,1,1,1,8604,629408,0x004ea4a8c155,140737488355327,-140737488355328,-39,459,459
5,1240,9969,1241,150500.000000,150000.000000,0x004ea4a8c155,8,4,0x004ea4b25f64,630236,630690,58164,-1468,0,6,0,1,1,1,1,8786,629828,0x004ea4a8c155,140737488355327,-140737488355328,-46,454,454
5,1241,9977,1242,150500.000000,150000.000000,0x004ea4a8c155,8,4,0x004ea4b260f7,630654,631105,57812,-1040,0,6,0,1,1,1,1,8927,630236,0x004ea4a8c155,140737488355327,-140737488355328,-33,451,451
5,1242,9985,1243,150500.000000,150000.000000,0x004ea4a8c155,8,4,0x004ea4b26296,631080,631528,57460,-704,0,6,0,1,1,1,1,8785,630654,0x004ea4a8c155,140737488355327,-140737488355328,-22,448,448
5,1243,9993,1244,150500.000000,150000.000000,0x004ea4a8c155,8,4,0x004ea4b2643d,631490,631933,56772,-1040,0,6,0,1,1,1,1,8604,631080,0x004ea4a8c155,140737488355327,-140737488355328,-33,443,443
5,1244,10001,1245,150500.000000,150000.000000,0x004ea4a8c155,8,4,0x004ea4b265d2,631881,632318,55992,-1468,0,6,0,1,1,1,1,8703,631490,0x004ea4a8c155,140737488355327,-140737488355328,-46,437,437
5,1245,10009,1246,150500.000000,150000.000000,0x004ea4a8c155,8,4,0x004ea4b26753,632275,632708,55536,-1236,0,6,0,1,1,1,1,8906,631881,0x004ea4a8c155,140737488355327,-140737488355328,-39,433,433
5,1246,10017,1247,150500.000000,150000.000000,0x004ea4a8c155,8,4,0x004ea4b268d9,632682,633113,55240,-752,0,6,0,1,1,1,1,8863,632275,0x004ea4a8c155,140737488355327,-140737488355328,-24,431,431
5,1247,10025,1248,150500.000000,150000.000000,0x004ea4a8c155,8,4,0x004ea4b26a6e,633082,633509,54680,-856,0,6,0,1,1,1,1,8647,632682,0x004ea4a8c155,140737488355327,-140737488355328,-27,427,427
5,1248,10033,1249,150500.000000,150000.000000,0x004ea4a8c155,8,4,0x004ea4b26bfa,633459,633879,53872,-1368,0,6,0,1,1,1,1,8635,633082,0x004ea4a8c155,140737488355327,-140737488355328,-43,420,420
5,1249,10041,1250,150500.000000,150000.000000,0x004ea4a8c155,8,4,0x004ea4b26d6c,633831,634247,53284,-1396,0,6,0,1,1,1,1,8849,633459,0x004ea4a8c155,140737488355327,-140737488355328,-44,416,416
5,1250,10049,1251,150500.000000,150000.000000,0x004ea4a8c155,8,4,0x004ea4b26edc,634216,634629,52980,-892,0,6,0,1,1,1,1,8914,633831,0x004ea4a8c155,140737488355327,-140737488355328,-28,413,413
5,1251,10057,1252,150500.000000,150000.000000,0x004ea4a8c155,8,4,0x004ea4b2705a,634603,635013,52552,-732,0,6,0,1,1,1,1,8720,634216,0x004ea4a8c155,140737488355327,-140737488355328,-23,410,410
5,1252,10065,1253,150500.000000,150000.000000,0x004ea4a8c155,8,4,0x004ea4b271da,634969,635373,51784,-1196,0,6,0,1,1,1,1,8601,634603,0x004ea4a8c155,140737488355327,-140737488355328,-38,404,404
5,1253,10073,1254,150500.000000,150000.000000,0x004ea4a8c155,8,4,0x004ea4b27342,635321,635720,51072,-1480,0,6,0,1,1,1,1,8769,634969,0x004ea4a8c155,140737488355327,-140737488355328,-47,399,399
5,1254,10081,1255,150500.000000,150000.000000,0x004ea4a8c155,8,4,0x004ea4b2749d,635683,636079,50704,-1080,0,6,0,1,1,1,1,8928,635321,0x004ea4a8c155,140737488355327,-140737488355328,-34,396,396
5,1255,10089,1256,150500.000000,150000.000000,0x004ea4a8c155,8,4,0x004ea4b27604,636054,636447,50368,-704,0,6,0,1,1,1,1,8804,635683,0x004ea4a8c155,140737488355327,-140737488355328,-22,393,393
5,1256,10097,1257,150500.000000,150000.000000,0x004ea4a8c155,8,4,0x004ea4b27774,636410,636798,49708,-996,0,6,0,1,1,1,1,8611,636054,0x004ea4a8c155,140737488355327,-140737488355328,-32,388,388
5,1257,10105,1258,150500.000000,150000.000000,0x004ea4a8c155,8,4,0x004ea4b278d3,636746,637128,48912,-1456,0,6,0,1,1,1,1,8688,636410,0x004ea4a8c155,140737488355327,-140737488355328,-46,382,382
5,1258,10113,1259,150500.000000,150000.000000,0x004ea4a8c155,8,4,0x004ea4b27a1d,637084,637462,48432,-1276,0,6,0,1,1,1,1,8898,636746,0x004ea4a8c155,140737488355327,-140737488355328,-40,378,378
5,1259,10121,1260,150500.000000,150000.000000,0x004ea4a8c155,8,4,0x004ea4b27b6b,637435,637811,48136,-776,0,6,0,1,1,1,1,8878,637084,0x004ea4a8c155,140737488355327,-140737488355328,-25,376,376
5,1260,10129,1261,150500.000000,150000.000000,0x004ea4a8c155,8,4,0x004ea4b27cc8,637780,638151,47604,-828,0,6,0,1,1,1,1,8661,637435,0x004ea4a8c155,140737488355327,-140737488355328,-26,371,371
5,1261,10137,1262,150500.000000,150000.000000,0x004ea4a8c155,8,4,0x004ea4b27e1c,638103,638468,46800,-1336,0,6,0,1,1,1,1,8625,637780,0x004ea4a8c155,140737488355327,-140737488355328,-42,365,365
5,1262,10145,1263,150500.000000,150000.000000,0x004ea4a8c155,8,4,0x004ea4b27f59,638418,638778,46184,-1420,0,6,0,1,1,1,1,8835,638103,0x004ea4a8c155,140737488355327,-140737488355328,-45,360,360
5,1263,10153,1264,150500.000000,150000.000000,0x004ea4a8c155,8,4,0x004ea4b2808f,638747,639105,45876,-924,0,6,0,1,1,1,1,8922,638418,0x004ea4a8c155,140737488355327,-140737488355328,-29,358,358
5,1264,10161,1265,150500.000000,150000.000000,0x004ea4a8c155,8,4,0x004ea4b281d6,639079,639434,45464,-720,0,6,0,1,1,1,1,8739,638747,0x004ea4a8c155,140737488355327,-140737488355328,-23,355,355
5,1265,10169,1266,150500.000000,150000.000000,0x004ea4a8c155,8,4,0x004ea4b2831f,639391,639740,44720,-1156,0,6,0,1,1,1,1,8601,639079,0x004ea4a8c155,140737488355327,-140737488355328,-37,349,349
5,1266,10177,1267,150500.000000,150000.000000,0x004ea4a8c155,8,4,0x004ea4b28451,639687,640030,43988,-1476,0,6,0,1,1,1,1,8752,639391,0x004ea4a8c155,140737488355327,-140737488355328,-47,343,343
5,1267,10185,1268,150500.000000,150000.000000,0x004ea4a8c155,8,4,0x004ea4b28573,639991,640331,43596,-1124,0,6,0,1,1,1,1,8926,639687,0x004ea4a8c155,140737488355327,-140737488355328,-36,340,340
5,1268,10193,1269,150500.000000,150000.000000,0x004ea4a8c155,8,4,0x004ea4b286a0,640306,640644,43272,-716,0,6,0,1,1,1,1,8822,639991,0x004ea4a8c155,140737488355327,-140737488355328,-23,338,338
5,1269,10201,1270,150500.000000,150000.000000,0x004ea4a8c155,8,4,0x004ea4b287d9,640609,640942,42636,-960,0,6,0,1,1,1,1,8619,640306,0x004ea4a8c155,140737488355327,-140737488355328,-30,333,333
5,1270,10209,1271,150500.000000,150000.000000,0x004ea4a8c155,8,4,0x004ea4b28903,640890,641216,41840,-1432,0,6,0,1,1,1,1,8673,640609,0x004ea4a8c155,140737488355327,-140737488355328,-45,326,326
5,1271,10217,1272,150500.000000,150000.000000,0x004ea4a8c155,8,4,0x004ea4b28a15,641171,641493,41328,-1308,0,6,0,1,1,1,1,8888,640890,0x004ea4a8c155,140737488355327,-140737488355328,-41,322,322
5,1272,10225,1273,150500.000000,150000.000000,0x004ea4a8c155,8,4,0x004ea4b28b2a,641466,641786,41040,-800,0,6,0,1,1,1,1,8891,641171,0x004ea4a8c155,140737488355327,-140737488355328,-25,320,320
5,1273,10233,1274,150500.000000,150000.000000,0x004ea4a8c155,8,4,0x004ea4b28c4f,641757,642073,40532,-796,0,6,0,1,1,1,1,8677,641466,0x004ea4a8c155,140737488355327,-140737488355328,-25,316,316
5,1274,10241,1275,150500.000000,150000.000000,0x004ea4a8c155,8,4,0x004ea4b28d6e,642026,642336,39732,-1308,0,6,0,1,1,1,1,8617,641757,0x004ea4a8c155,140737488355327,-140737488355328,-41,310,310
5,1275,10249,1276,150500.000000,150000.000000,0x004ea4a8c155,8,4,0x004ea4b28e75,642286,642591,39092,-1440,0,6,0,1,1,1,1,8819,642026,0x004ea4a8c155,140737488355327,-140737488355328,-45,305,305
5,1276,10257,1277,150500.000000,150000.000000,0x004ea4a8c155,8,4,0x004ea4b28f74,642557,642859,38768,-964,0,6,0,1,1,1,1,8926,642286,0x004ea4a8c155,140737488355327,-140737488355328,-31,302,302
5,1277,10265,1278,150500.000000,150000.000000,0x004ea4a8c155,8,4,0x004ea4b29080,642833,643132,38380,-712,0,6,0,1,1,1,1,8756,642557,0x004ea4a8c155,140737488355327,-140737488355328,-23,299,299
5,1278,10273,1279,150500.000000,150000.000000,0x004ea4a8c155,8,4,0x004ea4b29191,643092,643386,37652,-1116,0,6,0,1,1,1,1,8601,642833,0x004ea4a8c155,140737488355327,-140737488355328,-35,294,294
5,1279,10281,1280,150500.000000,150000.000000,0x004ea4a8c155,8,4,0x004ea4b2928f,643333,643621,36904,-1476,0,6,0,1,1,1,1,8734,643092,0x004ea4a8c155,140737488355327,-140737488355328,-47,288,288
5,1280,10289,1281,150500.000000,150000.000000,0x004ea4a8c155,8,4,0x004ea4b2937a,643581,643866,36488,-1164,0,6,0,1,1,1,1,8921,643333,0x004ea4a8c155,140737488355327,-140737488355328,-37,285,285
5,1281,10297,1282,150500.000000,150000.000000,0x004ea4a8c155,8,4,0x004ea4b2946f,643840,644122,36180,-724,0,6,0,1,1,1,1,8837,643581,0x004ea4a8c155,140737488355327,-140737488355328,-23,282,282
5,1282,10305,1283,150500.000000,150000.000000,0x004ea4a8c155,8,4,0x004ea4b2956f,644088,644365,35572,-916,0,6,0,1,1,1,1,8628,643840,0x004ea4a8c155,140737488355327,-140737488355328,-29,277,277
5,1283,10313,1284,150500.000000,150000.000000,0x004ea4a8c155,8,4,0x004ea4b29662,644314,644585,34764,-1416,0,6,0,1,1,1,1,8659,644088,0x004ea4a8c155,140737488355327,-140737488355328,-45,271,271
5,1284,10321,1285,150500.000000,150000.000000,0x004ea4a8c155,8,4,0x004ea4b2973e,644539,644806,34228,-1344,0,6,0,1,1,1,1,8875,644314,0x004ea4a8c155,140737488355327,-140737488355328,-42,267,267
5,1285,10329,1286,150500.000000,150000.000000,0x004ea4a8c155,8,4,0x004ea4b2981b,644778,645043,33932,-832,0,6,0,1,1,1,1,8901,644539,0x004ea4a8c155,140737488355327,-140737488355328,-26,265,265
5,1286,10337,1287,150500.000000,150000.000000,0x004ea4a8c155,8,4,0x004ea4b29908,645014,645275,33456,-772,0,6,0,1,1,1,1,8691,644778,0x004ea4a8c155,140737488355327,-140737488355328,-25,261,261
5,1287,10345,1288,150500.000000,150000.000000,0x004ea4a8c155,8,4,0x004ea4b299f0,647789,648556,98204,64272,0,6,0,1,1,1,1,8610,645014,0x004ea4a8c155,140737488355327,-140737488355328,2008,767,767
5,1288,10353,1289,150500.000000,150000.000000,0x004ea4a8c155,8,4,0x004ea4b2a6c1,650552,651313,97532,64076,0,6,0,1,1,1,1,8801,647789,0x004ea4a8c155,140737488355327,-140737488355328,2002,761,761
5,1289,10361,1290,150500.000000,150000.000000,0x004ea4a8c155,8,4,0x004ea4b2b186,651279,652038,97196,-1008,0,6,0,1,1,1,1,8928,650552,0x004ea4a8c155,140737488355327,-140737488355328,-32,759,759
5,1290,10369,1291,150500.000000,150000.000000,0x004ea4a8c155,8,4,0x004ea4b2b45b,652013,652769,96828,-704,0,6,0,1,1,1,1,8773,651279,0x004ea4a8c155,140737488355327,-140737488355328,-22,756,756
5,1291,10377,1292,150500.000000,150000.000000,0x004ea4a8c155,8,4,0x004ea4b2b736,652729,653479,96124,-1072,0,6,0,1,1,1,1,8602,652013,0x004ea4a8c155,140737488355327,-140737488355328,-34,750,750
5,1292,10385,1293,150500.000000,150000.000000,0x004ea4a8c155,8,4,0x004ea4b2b9fc,653427,654171,95356,-1472,0,6,0,1,1,1,1,8716,652729,0x004ea4a8c155,140737488355327,-140737488355328,-46,744,744
5,1293,10393,1294,150500.000000,150000.000000,0x004ea4a8c155,8,4,0x004ea4b2bcb0,654130,654871,94916,-1208,0,6,0,1,1,1,1,8914,653427,0x004ea4a8c155,140737488355327,-140737488355328,-38,741,741
5,1294,10401,1295,150500.000000,150000.000000,0x004ea4a8c155,8,4,0x004ea4b2bf6c,654845,655584,94616,-740,0,6,0,1,1,1,1,8852,654130,0x004ea4a8c155,140737488355327,-140737488355328,-24,739,739
5,1295,10409,1296,150500.000000,150000.000000,0x004ea4a8c155,8,4,0x004ea4b2c235,655551,656285,94036,-880,0,6,0,1,1,1,1,8638,654845,0x004ea4a8c155,140737488355327,-140737488355328,-28,734,734
5,1296,10417,1297,150500.000000,150000.000000,0x004ea4a8c155,8,4,0x004ea4b2c4f2,656235,656963,93228,-1388,0,6,0,1,1,1,1,8644,655551,0x004ea4a8c155,140737488355327,-140737488355328,-44,728,728
5,1297,10425,1298,150500.000000,150000.000000,0x004ea4a8c155,8,4,0x004ea4b2c798,656915,657638,92660,-1376,0,6,0,1,1,1,1,8859,656235,0x004ea4a8c155,140737488355327,-140737488355328,-43,723,723
5,1298,10433,1299,150500.000000,150000.000000,0x004ea4a8c155,8,4,0x004ea4b2ca3b,657609,658330,92364,-864,0,6,0,1,1,1,1,8908,656915,0x004ea4a8c155,140737488355327,-140737488355328,-27,721,721
5,1299,10441,1300,150500.000000,150000.000000,0x004ea4a8c155,8,4,0x004ea4b2ccef,658303,659021,91912,-748,0,6,0,1,1,1,1,8706,657609,0x004ea4a8c155,140737488355327,-140737488355328,-24,718,718
5,1300,10449,1301,150500.000000,150000.000000,0x004ea4a8c155,8,4,0x004ea4b2cfa2,658976,659688,91136,-1228,0,6,0,1,1,1,1,8603,658303,0x004ea4a8c155,140737488355327,-140737488355328,-39,712,712
5,1301,10457,1302,150500.000000,150000.000000,0x004ea4a8c155,8,4,0x004ea4b2d23d,659636,660342,90440,-1472,0,6,0,1,1,1,1,8781,658976,0x004ea4a8c155,140737488355327,-140737488355328,-46,706,706
5,1302,10465,1303,150500.000000,150000.000000,0x004ea4a8c155,8,4,0x004ea4b2d4cb,660306,661009,90088,-1048,0,6,0,1,1,1,1,8926,659636,0x004ea4a8c155,140737488355327,-140737488355328,-33,703,703
5,1303,10473,1304,150500.000000,150000.000000,0x004ea4a8c155,8,4,0x004ea4b2d766,660985,661686,89740,-700,0,6,0,1,1,1,1,8790,660306,0x004ea4a8c155,140737488355327,-140737488355328,-22,701,701
5,1304,10481,1305,150500.000000,150000.000000,0x004ea4a8c155,8,4,0x004ea4b2da0b,661647,662342,89056,-1032,0,6,0,1,1,1,1,8604,660985,0x004ea4a8c155,140737488355327,-140737488355328,-33,695,695
5,1305,10489,1306,150500.000000,150000.000000,0x004ea4a8c155,8,4,0x004ea4b2dc9b,662290,662979,88276,-1464,0,6,0,1,1,1,1,8697,661647,0x004ea4a8c155,140737488355327,-140737488355328,-46,689,689
5,1306,10497,1307,150500.000000,150000.000000,0x004ea4a8c155,8,4,0x004ea4b2df18,662937,663623,87808,-1248,0,6,0,1,1,1,1,8903,662290,0x004ea4a8c155,140737488355327,-140737488355328,-39,686,686
5,1307,10505,1308,150500.000000,150000.000000,0x004ea4a8c155,8,4,0x004ea4b2e19c,663596,664279,87516,-760,0,6,0,1,1,1,1,8865,662937,0x004ea4a8c155,140737488355327,-140737488355328,-24,683,683
5,1308,10513,1309,150500.000000,150000.000000,0x004ea4a8c155,8,4,0x004ea4b2e42c,664248,664927,86960,-848,0,6,0,1,1,1,1,8649,663596,0x004ea4a8c155,140737488355327,-140737488355328,-27,679,679
5,1309,10521,1310,150500.000000,150000.000000,0x004ea4a8c155,8,4,0x004ea4b2e6b4,664878,665551,86156,-1360,0,6,0,1,1,1,1,8630,664248,0x004ea4a8c155,140737488355327,-140737488355328,-43,673,673
5,1310,10529,1311,150500.000000,150000.000000,0x004ea4a8c155,8,4,0x004ea4b2e924,665502,666170,85560,-1400,0,6,0,1,1,1,1,8842,664878,0x004ea4a8c155,140737488355327,-140737488355328,-44,668,668
5,1311,10537,1312,150500.000000,150000.000000,0x004ea4a8c155,8,4,0x004ea4b2eb8f,666139,666805,85256,-900,0,6,0,1,1,1,1,8914,665502,0x004ea4a8c155,140737488355327,-140737488355328,-29,666,666
5,1312,10545,1313,150500.000000,150000.000000,0x004ea4a8c155,8,4,0x004ea4b2ee0a,666778,667440,84828,-732,0,6,0,1,1,1,1,8721,666139,0x004ea4a8c155,140737488355327,-140737488355328,-23,662,662
5,1313,10553,1314,150500.000000,150000.000000,0x004ea4a8c155,8,4,0x004ea4b2f085,667396,668052,84068,-1188,0,6,0,1,1,1,1,8598,666778,0x004ea4a8c155,140737488355327,-140737488355328,-38,656,656
5,1314,10561,1315,150500.000000,150000.000000,0x004ea4a8c155,8,4,0x004ea4b2f2e9,668000,668651,83352,-1476,0,6,0,1,1,1,1,8762,667396,0x004ea4a8c155,140737488355327,-140737488355328,-47,651,651
5,1315,10569,1316,150500.000000,150000.000000,0x004ea4a8c155,8,4,0x004ea4b2f540,668613,669261,82976,-1092,0,6,0,1,1,1,1,8924,668000,0x004ea4a8c155,140737488355327,-140737488355328,-35,648,648
5,1316,10577,1317,150500.000000,150000.000000,0x004ea4a8c155,8,4,0x004ea4b2f7a2,669235,669880,82644,-708,0,6,0,1,1,1,1,8806,668613,0x004ea4a8c155,140737488355327,-140737488355328,-23,645,645
5,1317,10585,1318,150500.000000,150000.000000,0x004ea4a8c155,8,4,0x004ea4b2fa0d,669844,670484,81984,-992,0,6,0,1,1,1,1,8609,669235,0x004ea4a8c155,140737488355327,-140737488355328,-31,640,640
5,1318,10593,1319,150500.000000,150000.000000,0x004ea4a8c155,8,4,0x004ea4b2fc69,670432,671066,81192,-1452,0,6,0,1,1,1,1,8680,669844,0x004ea4a8c155,140737488355327,-140737488355328,-46,634,634
5,1319,10601,1320,150500.000000,150000.000000,0x004ea4a8c155,8,4,0x004ea4b2feaf,671022,671652,80704,-1280,0,6,0,1,1,1,1,8892,670432,0x004ea4a8c155,140737488355327,-140737488355328,-40,630,630
5,1320,10609,1321,150500.000000,150000.000000,0x004ea4a8c155,8,4,0x004ea4b300f9,671625,672253,80412,-780,0,6,0,1,1,1,1,8876,671022,0x004ea4a8c155,140737488355327,-140737488355328,-25,628,628
5,1321,10617,1322,150500.000000,150000.000000,0x004ea4a8c155,8,4,0x004ea4b30352,672223,672847,79884,-820,0,6,0,1,1,1,1,8660,671625,0x004ea4a8c155,140737488355327,-140737488355328,-26,624,624
5,1322,10625,1323,150500.000000,150000.000000,0x004ea4a8c155,8,4,0x004ea4b305a4,672798,673415,79080,-1332,0,6,0,1,1,1,1,8619,672223,0x004ea4a8c155,140737488355327,-140737488355328,-42,617,617
5,1323,10633,1324,150500.000000,150000.000000,0x004ea4a8c155,8,4,0x004ea4b307dc,673365,673977,78460,-1424,0,6,0,1,1,1,1,8826,672798,0x004ea4a8c155,140737488355327,-140737488355328,-45,612,612
5,1324,10641,1325,150500.000000,150000.000000,0x004ea4a8c155,8,4,0x004ea4b30a0e,673945,674555,78144,-936,0,6,0,1,1,1,1,8919,673365,0x004ea4a8c155,140737488355327,-140737488355328,-30,610,610
5,1325,10649,1326,150500.000000,150000.000000,0x004ea4a8c155,8,4,0x004ea4b30c50,674529,675136,77740,-720,0,6,0,1,1,1,1,8738,673945,0x004ea4a8c155,140737488355327,-140737488355328,-23,607,607
5,1326,10657,1327,150500.000000,150000.000000,0x004ea4a8c155,8,4,0x004ea4b30e95,675094,675695,76996,-1148,0,6,0,1,1,1,1,8596,674529,0x004ea4a8c155,140737488355327,-140737488355328,-36,601,601
5,1327,10665,1328,150500.000000,150000.000000,0x004ea4a8c155,8,4,0x004ea4b310c4,675642,676237,76260,-1480,0,6,0,1,1,1,1,8744,675094,0x004ea4a8c155,140737488355327,-140737488355328,-47,595,595
5,1328,10673,1329,150500.000000,150000.000000,0x004ea4a8c155,8,4,0x004ea4b312e2,676198,676790,75864,-1132,0,6,0,1,1,1,1,8920,675642,0x004ea4a8c155,140737488355327,-140737488355328,-36,592,592
5,1329,10681,1330,150500.000000,150000.000000,0x004ea4a8c155,8,4,0x004ea4b3150b,676765,677355,75544,-716,0,6,0,1,1,1,1,8822,676198,0x004ea4a8c155,140737488355327,-140737488355328,-23,590,590
5,1330,10689,1331,150500.000000,150000.000000,0x004ea4a8c155,8,4,0x004ea4b31740,677320,677905,74916,-948,0,6,0,1,1,1,1,8616,676765,0x004ea4a8c155,140737488355327,-140737488355328,-30,585,585
5,1331,10697,1332,150500.000000,150000.000000,0x004ea4a8c155,8,4,0x004ea4b31966,677854,678433,74112,-1432,0,6,0,1,1,1,1,8664,677320,0x004ea4a8c155,140737488355327,-140737488355328,-45,579,579
5,1332,10705,1333,150500.000000,150000.000000,0x004ea4a8c155,8,4,0x004ea4b31b76,678386,678960,73596,-1320,0,6,0,1,1,1,1,8880,677854,0x004ea4a8c155,140737488355327,-140737488355328,-42,574,574
5,1333,10713,1334,150500.000000,150000.000000,0x004ea4a8c155,8,4,0x004ea4b31d85,678932,679504,73304,-808,0,6,0,1,1,1,1,8889,678386,0x004ea4a8c155,140737488355327,-140737488355328,-26,572,572
5,1334,10721,1335,150500.000000,150000.000000,0x004ea4a8c155,8,4,0x004ea4b31fa5,679475,680043,72808,-788,0,6,0,1,1,1,1,8675,678932,0x004ea4a8c155,140737488355327,-140737488355328,-25,568,568
5,1335,10729,1336,150500.000000,150000.000000,0x004ea4a8c155,8,4,0x004ea4b321c0,679996,680558,72008,-1296,0,6,0,1,1,1,1,8611,679475,0x004ea4a8c155,140737488355327,-140737488355328,-41,562,562
5,1336,10737,1337,150500.000000,150000.000000,0x004ea4a8c155,8,4,0x004ea4b323c3,680507,681064,71360,-1448,0,6,0,1,1,1,1,8809,679996,0x004ea4a8c155,140737488355327,-140737488355328,-46,557,557
5,1337,10745,1338,150500.000000,150000.000000,0x004ea4a8c155,8,4,0x004ea4b325bd,681030,681584,71032,-976,0,6,0,1,1,1,1,8923,680507,0x004ea4a8c155,140737488355327,-140737488355328,-31,554,554
5,1338,10753,1339,150500.000000,150000.000000,0x004ea4a8c155,8,4,0x004ea4b327c5,681558,682109,70652,-708,0,6,0,1,1,1,1,8756,681030,0x004ea4a8c155,140737488355327,-140737488355328,-23,551,551
5,1339,10761,1340,150500.000000,150000.000000,0x004ea4a8c155,8,4,0x004ea4b329d2,682069,682615,69928,-1104,0,6,0,1,1,1,1,8596,681558,0x004ea4a8c155,140737488355327,-140737488355328,-35,546,546
5,1340,10769,1341,150500.000000,150000.000000,0x004ea4a8c155,8,4,0x004ea4b32bcc,682562,683102,69172,-1480,0,6,0,1,1,1,1,8725,682069,0x004ea4a8c155,140737488355327,-140737488355328,-47,540,540
5,1341,10777,1342,150500.000000,150000.000000,0x004ea4a8c155,8,4,0x004ea4b32db3,683062,683599,68752,-1176,0,6,0,1,1,1,1,8914,682562,0x004ea4a8c155,140737488355327,-140737488355328,-37,537,537
5,1342,10785,1343,150500.000000,150000.000000,0x004ea4a8c155,8,4,0x004ea4b32fa4,683573,684107,68448,-724,0,6,0,1,1,1,1,8838,683062,0x004ea4a8c155,140737488355327,-140737488355328,-23,534,534
5,1343,10793,1344,150500.000000,150000.000000,0x004ea4a8c155,8,4,0x004ea4b331a0,684074,684604,67844,-908,0,6,0,1,1,1,1,8626,683573,0x004ea4a8c155,140737488355327,-140737488355328,-29,530,530
5,1344,10801,1345,150500.000000,150000.000000,0x004ea4a8c155,8,4,0x004ea4b33391,684553,685076,67040,-1408,0,6,0,1,1,1,1,8651,684074,0x004ea4a8c155,140737488355327,-140737488355328,-44,523,523
5,1345,10809,1346,150500.000000,150000.000000,0x004ea4a8c155,8,4,0x004ea4b33569,685029,685548,66492,-1352,0,6,0,1,1,1,1,8868,684553,0x004ea4a8c155,140737488355327,-140737488355328,-43,519,519
5,1346,10817,1347,150500.000000,150000.000000,0x004ea4a8c155,8,4,0x004ea4b33741,685519,686036,66196,-844,0,6,0,1,1,1,1,8899,685029,0x004ea4a8c155,140737488355327,-140737488355328,-27,517,517
5,1347,10825,1348,150500.000000,150000.000000,0x004ea4a8c155,8,4,0x004ea4b33929,686008,686521,65724,-768,0,6,0,1,1,1,1,8692,685519,0x004ea4a8c155,140737488355327,-140737488355328,-24,513,513
5,1348,10833,1349,150500.000000,150000.000000,0x004ea4a8c155,8,4,0x004ea4b33b0e,686475,686982,64940,-1256,0,6,0,1,1,1,1,8604,686008,0x004ea4a8c155,140737488355327,-140737488355328,-40,507,507
5,1349,10841,1350,150500.000000,150000.000000,0x004ea4a8c155,8,4,0x004ea4b33cdb,686931,687433,64264,-1460,0,6,0,1,1,1,1,8793,686475,0x004ea4a8c155,140737488355327,-140737488355328,-46,502,502
5,1350,10849,1351,150500.000000,150000.000000,0x004ea4a8c155,8,4,0x004ea4b33e9e,687398,687897,63920,-1020,0,6,0,1,1,1,1,8926,686931,0x004ea4a8c155,140737488355327,-140737488355328,-32,499,499
5,1351,10857,1352,150500.000000,150000.000000,0x004ea4a8c155,8,4,0x004ea4b3406e,687872,688368,63560,-704,0,6,0,1,1,1,1,8774,687398,0x004ea4a8c155,140737488355327,-140737488355328,-22,496,496
5,1352,10865,1353,150500.000000,150000.000000,0x004ea4a8c155,8,4,0x004ea4b34245,688329,688820,62860,-1060,0,6,0,1,1,1,1,8601,687872,0x004ea4a8c155,140737488355327,-140737488355328,-34,491,491
5,1353,10873,1354,150500.000000,150000.000000,0x004ea4a8c155,8,4,0x004ea4b34409,688768,689253,62088,-1472,0,6,0,1,1,1,1,8709,688329,0x004ea4a8c155,140737488355327,-140737488355328,-46,485,485
5,1354,10881,1355,150500.000000,150000.000000,0x004ea4a8c155,8,4,0x004ea4b345ba,689211,689692,61644,-1216,0,6,0,1,1,1,1,8909,688768,0x004ea4a8c155,140737488355327,-140737488355328,-38,481,481
5,1355,10889,1356,150500.000000,150000.000000,0x004ea4a8c155,8,4,0x004ea4b34771,689666,690145,61344,-744,0,6,0,1,1,1,1,8854,689211,0x004ea4a8c155,140737488355327,-140737488355328,-24,479,479
5,1356,10897,1357,150500.000000,150000.000000,0x004ea4a8c155,8,4,0x004ea4b34936,690112,690586,60768,-876,0,6,0,1,1,1,1,8639,689666,0x004ea4a8c155,140737488355327,-140737488355328,-28,474,474
5,1357,10905,1358,150500.000000,150000.000000,0x004ea4a8c155,8,4,0x004ea4b34aef,690536,691004,59960,-1384,0,6,0,1,1,1,1,8639,690112,0x004ea4a8c155,140737488355327,-140737488355328,-44,468,468
5,1358,10913,1359,150500.000000,150000.000000,0x004ea4a8c155,8,4,0x004ea4b34c91,690955,691418,59388,-1380,0,6,0,1,1,1,1,8855,690536,0x004ea4a8c155,140737488355327,-140737488355328,-44,463,463
5,1359,10921,1360,150500.000000,150000.000000,0x004ea4a8c155,8,4,0x004ea4b34e2f,691388,691849,59088,-872,0,6,0,1,1,1,1,8909,690955,0x004ea4a8c155,140737488355327,-140737488355328,-28,461,461
5,1360,10929,1361,150500.000000,150000.000000,0x004ea4a8c155,8,4,0x004ea4b34fde,691822,692280,58644,-744,0,6,0,1,1,1,1,8710,691388,0x004ea4a8c155,140737488355327,-140737488355328,-24,458,458
5,1361,10937,1362,150500.000000,150000.000000,0x004ea4a8c155,8,4,0x004ea4b3518d,692236,692688,57872,-1216,0,6,0,1,1,1,1,8602,691822,0x004ea4a8c155,140737488355327,-140737488355328,-38,452,452
5,1362,10945,1363,150500.000000,150000.000000,0x004ea4a8c155,8,4,0x004ea4b35325,692636,693082,57172,-1472,0,6,0,1,1,1,1,8777,692236,0x004ea4a8c155,140737488355327,-140737488355328,-46,446,446
5,1363,10953,1364,150500.000000,150000.000000,0x004ea4a8c155,8,4,0x004ea4b354af,693045,693488,56812,-1060,0,6,0,1,1,1,1,8927,692636,0x004ea4a8c155,140737488355327,-140737488355328,-34,443,443
5,1364,10961,1365,150500.000000,150000.000000,0x004ea4a8c155,8,4,0x004ea4b35645,693464,693905,56468,-704,0,6,0,1,1,1,1,8794,693045,0x004ea4a8c155,140737488355327,-140737488355328,-22,441,441
5,1365,10969,1366,150500.000000,150000.000000,0x004ea4a8c155,8,4,0x004ea4b357e6,693867,694302,55792,-1020,0,6,0,1,1,1,1,8606,693464,0x004ea4a8c155,140737488355327,-140737488355328,-32,435,435
5,1366,10977,1367,150500.000000,150000.000000,0x004ea4a8c155,8,4,0x004ea4b35973,694250,694679,55008,-1460,0,6,0,1,1,1,1,8695,693867,0x004ea4a8c155,140737488355327,-140737488355328,-46,429,429
5,1367,10985,1368,150500.000000,150000.000000,0x004ea4a8c155,8,4,0x004ea4b35aec,694636,695062,54536,-1256,0,6,0,1,1,1,1,8902,694250,0x004ea4a8c155,140737488355327,-140737488355328,-40,426,426
5,1368,10993,1369,150500.000000,150000.000000,0x004ea4a8c155,8,4,0x004ea4b35c6b,695035,695458,54244,-764,0,6,0,1,1,1,1,8870,694636,0x004ea4a8c155,140737488355327,-140737488355328,-24,423,423
5,1369,11001,1370,150500.000000,150000.000000,0x004ea4a8c155,8,4,0x004ea4b35df7,695427,695846,53696,-840,0,6,0,1,1,1,1,8653,695035,0x004ea4a8c155,140737488355327,-140737488355328,-27,419,419
5,1370,11009,1371,150500.000000,150000.000000,0x004ea4a8c155,8,4,0x004ea4b35f7b,695797,696210,52888,-1356,0,6,0,1,1,1,1,8629,695427,0x004ea4a8c155,140737488355327,-140737488355328,-43,413,413
5,1371,11017,1372,150500.000000,150000.000000,0x004ea4a8c155,8,4,0x004ea4b360e7,696161,696569,52288,-1408,0,6,0,1,1,1,1,8841,695797,0x004ea4a8c155,140737488355327,-140737488355328,-44,408,408
5,1372,11025,1373,150500.000000,150000.000000,0x004ea4a8c155,8,4,0x004ea4b3624e,696538,696944,51980,-908,0,6,0,1,1,1,1,8917,696161,0x004ea4a8c155,140737488355327,-140737488355328,-29,406,406
5,1373,11033,1374,150500.000000,150000.000000,0x004ea4a8c155,8,4,0x004ea4b363c5,696917,697319,51560,-728,0,6,0,1,1,1,1,8729,696538,0x004ea4a8c155,140737488355327,-140737488355328,-23,402,402
5,1374,11041,1375,150500.000000,150000.000000,0x004ea4a8c155,8,4,0x004ea4b3653c,697276,697672,50804,-1176,0,6,0,1,1,1,1,8601,696917,0x004ea4a8c155,140737488355327,-140737488355328,-37,396,396
5,1375,11049,1376,150500.000000,150000.000000,0x004ea4a8c155,8,4,0x004ea4b3669d,697620,698011,50084,-1476,0,6,0,1,1,1,1,8761,697276,0x004ea4a8c155,140737488355327,-140737488355328,-47,391,391
5,1376,11057,1377,150500.000000,150000.000000,0x004ea4a8c155,8,4,0x004ea4b367f0,697973,698361,49704,-1100,0,6,0,1,1,1,1,8928,697620,0x004ea4a8c155,140737488355327,-140737488355328,-35,388,388
5,1377,11065,1378,150500.000000,150000.000000,0x004ea4a8c155,8,4,0x004ea4b3694e,698335,698720,49376,-708,0,6,0,1,1,1,1,8812,697973,0x004ea4a8c155,140737488355327,-140737488355328,-23,385,385
5,1378,11073,1379,150500.000000,150000.000000,0x004ea4a8c155,8,4,0x004ea4b36ab5,698684,699064,48724,-980,0,6,0,1,1,1,1,8615,698335,0x004ea4a8c155,140737488355327,-140737488355328,-31,380,380
5,1379,11081,1380,150500.000000,150000.000000,0x004ea4a8c155,8,4,0x004ea4b36c0d,699012,699386,47928,-1448,0,6,0,1,1,1,1,8680,698684,0x004ea4a8c155,140737488355327,-140737488355328,-46,374,374
5,1380,11089,1381,150500.000000,150000.000000,0x004ea4a8c155,8,4,0x004ea4b36d4f,699341,699711,47432,-1292,0,6,0,1,1,1,1,8893,699012,0x004ea4a8c155,140737488355327,-140737488355328,-41,370,370
5,1381,11097,1382,150500.000000,150000.000000,0x004ea4a8c155,8,4,0x004ea4b36e94,699684,700052,47140,-788,0,6,0,1,1,1,1,8884,699341,0x004ea4a8c155,140737488355327,-140737488355328,-25,368,368
5,1382,11105,1383,150500.000000,150000.000000,0x004ea4a8c155,8,4,0x004ea4b36fe9,700022,700386,46620,-812,0,6,0,1,1,1,1,8668,699684,0x004ea4a8c155,140737488355327,-140737488355328,-26,364,364
5,1383,11113,1384,150500.000000,150000.000000,0x004ea4a8c155,8,4,0x004ea4b37137,700337,700694,45820,-1320,0,6,0,1,1,1,1,8622,700022,0x004ea4a8c155,140737488355327,-140737488355328,-42,357,357
5,1384,11121,1385,150500.000000,150000.000000,0x004ea4a8c155,8,4,0x004ea4b3726b,700645,700998,45192,-1428,0,6,0,1,1,1,1,8827,700337,0x004ea4a8c155,140737488355327,-140737488355328,-45,353,353
5,1385,11129,1386,150500.000000,150000.000000,0x004ea4a8c155,8,4,0x004ea4b3739b,700965,701315,44872,-948,0,6,0,1,1,1,1,8925,700645,0x004ea4a8c155,140737488355327,-140737488355328,-30,350,350
5,1386,11137,1387,150500.000000,150000.000000,0x004ea4a8c155,8,4,0x004ea4b374d8,701289,701636,44476,-716,0,6,0,1,1,1,1,8747,700965,0x004ea4a8c155,140737488355327,-140737488355328,-23,347,347
5,1387,11145,1388,150500.000000,150000.000000,0x004ea4a8c155,8,4,0x004ea4b37619,701594,701935,43736,-1136,0,6,0,1,1,1,1,8601,701289,0x004ea4a8c155,140737488355327,-140737488355328,-36,341,341
5,1388,11153,1389,150500.000000,150000.000000,0x004ea4a8c155,8,4,0x004ea4b37744,701882,702217,42996,-1480,0,6,0,1,1,1,1,8743,701594,0x004ea4a8c155,140737488355327,-140737488355328,-47,335,335
5,1389,11161,1390,150500.000000,150000.000000,0x004ea4a8c155,8,4,0x004ea4b3785e,702178,702510,42596,-1140,0,6,0,1,1,1,1,8924,701882,0x004ea4a8c155,140737488355327,-140737488355328,-36,332,332
5,1390,11169,1391,150500.000000,150000.000000,0x004ea4a8c155,8,4,0x004ea4b37983,702485,702815,42280,-716,0,6,0,1,1,1,1,8830,702178,0x004ea4a8c155,140737488355327,-140737488355328,-23,330,330
5,1391,11177,1392,150500.000000,150000.000000,0x004ea4a8c155,8,4,0x004ea4b37ab4,702780,703105,41656,-940,0,6,0,1,1,1,1,8623,702485,0x004ea4a8c155,140737488355327,-140737488355328,-30,325,325
5,1392,11185,1393,150500.000000,150000.000000,0x004ea4a8c155,8,4,0x004ea4b37bd6,703054,703373,40852,-1428,0,6,0,1,1,1,1,8666,702780,0x004ea4a8c155,140737488355327,-140737488355328,-45,319,319
5,1393,11193,1394,150500.000000,150000.000000,0x004ea4a8c155,8,4,0x004ea4b37ce2,703327,703642,40328,-1328,0,6,0,1,1,1,1,8882,703054,0x004ea4a8c155,140737488355327,-140737488355328,-42,315,315
5,1394,11201,1395,150500.000000,150000.000000,0x004ea4a8c155,8,4,0x004ea4b37def,703613,703925,40040,-812,0,6,0,1,1,1,1,8896,703327,0x004ea4a8c155,140737488355327,-140737488355328,-26,312,312
5,1395,11209,1396,150500.000000,150000.000000,0x004ea4a8c155,8,4,0x004ea4b37f0a,703896,704204,39544,-784,0,6,0,1,1,1,1,8684,703613,0x004ea4a8c155,140737488355327,-140737488355328,-25,308,308
5,1396,11217,1397,150500.000000,150000.000000,0x004ea4a8c155,8,4,0x004ea4b38021,704157,704459,38752,-1288,0,6,0,1,1,1,1,8614,703896,0x004ea4a8c155,140737488355327,-140737488355328,-41,302,302
5,1397,11225,1398,150500.000000,150000.000000,0x004ea4a8c155,8,4,0x004ea4b38120,704408,704705,38096,-1448,0,6,0,1,1,1,1,8810,704157,0x004ea4a8c155,140737488355327,-140737488355328,-46,297,297
5,1398,11233,1399,150500.000000,150000.000000,0x004ea4a8c155,8,4,0x004ea4b38216,704672,704967,37768,-984,0,6,0,1,1,1,1,8928,704408,0x004ea4a8c155,140737488355327,-140737488355328,-31,295,295
5,1399,11241,1400,150500.000000,150000.000000,0x004ea4a8c155,8,4,0x004ea4b3831c,704941,705233,37388,-708,0,6,0,1,1,1,1,8765,704672,0x004ea4a8c155,140737488355327,-140737488355328,-23,292,292
5,1400,11249,1401,150500.000000,150000.000000,0x004ea4a8c155,8,4,0x004ea4b38426,705192,705478,36672,-1096,0,6,0,1,1,1,1,8601,704941,0x004ea4a8c155,140737488355327,-140737488355328,-35,286,286
5,1401,11257,1402,150500.000000,150000.000000,0x004ea4a8c155,8,4,0x004ea4b3851b,705425,705705,35912,-1476,0,6,0,1,1,1,1,8725,705192,0x004ea4a8c155,140737488355327,-140737488355328,-47,280,280
5,1402,11265,1403,150500.000000,150000.000000,0x004ea4a8c155,8,4,0x004ea4b385fe,705665,705942,35488,-1184,0,6,0,1,1,1,1,8918,705425,0x004ea4a8c155,140737488355327,-140737488355328,-37,277,277
5,1403,11273,1404,150500.000000,150000.000000,0x004ea4a8c155,8,4,0x004ea4b386eb,705916,706190,35184,-728,0,6,0,1,1,1,1,8846,705665,0x004ea4a8c155,140737488355327,-140737488355328,-23,274,274
5,1404,11281,1405,150500.000000,150000.000000,0x004ea4a8c155,8,4,0x004ea4b387e3,706157,706427,34588,-900,0,6,0,1,1,1,1,8634,705916,0x004ea4a8c155,140737488355327,-140737488355328,-29,270,270
5,1405,11289,1406,150500.000000,150000.000000,0x004ea4a8c155,8,4,0x004ea4b388d0,706376,706639,33780,-1404,0,6,0,1,1,1,1,8652,706157,0x004ea4a8c155,140737488355327,-140737488355328,-44,263,263
5,1406,11297,1407,150500.000000,150000.000000,0x004ea4a8c155,8,4,0x004ea4b389a4,706592,706851,33228,-1360,0,6,0,1,1,1,1,8868,706376,0x004ea4a8c155,140737488355327,-140737488355328,-43,259,259
5,1407,11305,1408,150500.000000,150000.000000,0x004ea4a8c155,8,4,0x004ea4b38a78,706822,707079,32932,-848,0,6,0,1,1,1,1,8906,706592,0x004ea4a8c155,140737488355327,-140737488355328,-27,257,257
5,1408,11313,1409,150500.000000,150000.000000,0x004ea4a8c155,8,4,0x004ea4b38b5c,709611,710376,98004,64776,0,6,0,1,1,1,1,8699,706822,0x004ea4a8c155,140737488355327,-140737488355328,2024,765,765
5,1409,11321,1410,150500.000000,150000.000000,0x004ea4a8c155,8,4,0x004ea4b3983d,712379,713138,97220,64288,0,6,0,1,1,1,1,8606,709611,0x004ea4a8c155,140737488355327,-140737488355328,2009,759,759
5,1410,11329,1411,150500.000000,150000.000000,0x004ea4a8c155,8,4,0x004ea4b3a307,713087,713841,96540,-1464,0,6,0,1,1,1,1,8792,712379,0x004ea4a8c155,140737488355327,-140737488355328,-46,754,754
5,1411,11337,1412,150500.000000,150000.000000,0x004ea4a8c155,8,4,0x004ea4b3a5c6,713805,714556,96192,-1028,0,6,0,1,1,1,1,8927,713087,0x004ea4a8c155,140737488355327,-140737488355328,-33,751,751
5,1412,11345,1413,150500.000000,150000.000000,0x004ea4a8c155,8,4,0x004ea4b3a891,714531,715279,95836,-704,0,6,0,1,1,1,1,8781,713805,0x004ea4a8c155,140737488355327,-140737488355328,-22,748,748
5,1413,11353,1414,150500.000000,150000.000000,0x004ea4a8c155,8,4,0x004ea4b3ab64,715241,715984,95140,-1052,0,6,0,1,1,1,1,8603,714531,0x004ea4a8c155,140737488355327,-140737488355328,-33,743,743
5,1414,11361,1415,150500.000000,150000.000000,0x004ea4a8c155,8,4,0x004ea4b3ae25,715932,716669,94368,-1468,0,6,0,1,1,1,1,8707,715241,0x004ea4a8c155,140737488355327,-140737488355328,-46,737,737
5,1415,11369,1416,150500.000000,150000.000000,0x004ea4a8c155,8,4,0x004ea4b3b0d2,716626,717359,93916,-1224,0,6,0,1,1,1,1,8910,715932,0x004ea4a8c155,140737488355327,-140737488355328,-39,733,733
5,1416,11377,1417,150500.000000,150000.000000,0x004ea4a8c155,8,4,0x004ea4b3b384,717333,718064,93616,-752,0,6,0,1,1,1,1,8859,716626,0x004ea4a8c155,140737488355327,-140737488355328,-24,731,731
5,1417,11385,1418,150500.000000,150000.000000,0x004ea4a8c155,8,4,0x004ea4b3b645,718031,718757,93048,-868,0,6,0,1,1,1,1,8644,717333,0x004ea4a8c155,140737488355327,-140737488355328,-28,726,726
5,1418,11393,1419,150500.000000,150000.000000,0x004ea4a8c155,8,4,0x004ea4b3b8fa,718708,719428,92244,-1372,0,6,0,1,1,1,1,8638,718031,0x004ea4a8c155,140737488355327,-140737488355328,-43,720,720
5,1419,11401,1420,150500.000000,150000.000000,0x004ea4a8c155,8,4,0x004ea4b3bb99,719380,720096,91660,-1388,0,6,0,1,1,1,1,8853,718708,0x004ea4a8c155,140737488355327,-140737488355328,-44,716,716
5,1420,11409,1421,150500.000000,150000.000000,0x004ea4a8c155,8,4,0x004ea4b3be35,720065,720778,91360,-884,0,6,0,1,1,1,1,8911,719380,0x004ea4a8c155,140737488355327,-140737488355328,-28,713,713
5,1421,11417,1422,150500.000000,150000.000000,0x004ea4a8c155,8,4,0x004ea4b3c0df,720751,721461,90920,-740,0,6,0,1,1,1,1,8714,720065,0x004ea4a8c155,140737488355327,-140737488355328,-24,710,710
5,1422,11425,1423,150500.000000,150000.000000,0x004ea4a8c155,8,4,0x004ea4b3c38a,721417,722121,90156,-1204,0,6,0,1,1,1,1,8601,720751,0x004ea4a8c155,140737488355327,-140737488355328,-38,704,704
5,1423,11433,1424,150500.000000,150000.000000,0x004ea4a8c155,8,4,0x004ea4b3c61e,722069,722767,89448,-1472,0,6,0,1,1,1,1,8773,721417,0x004ea4a8c155,140737488355327,-140737488355328,-46,698,698
5,1424,11441,1425,150500.000000,150000.000000,0x004ea4a8c155,8,4,0x004ea4b3c8a4,722730,723425,89084,-1072,0,6,0,1,1,1,1,8925,722069,0x004ea4a8c155,140737488355327,-140737488355328,-34,695,695
5,1425,11449,1426,150500.000000,150000.000000,0x004ea4a8c155,8,4,0x004ea4b3cb36,723401,724094,88744,-704,0,6,0,1,1,1,1,8798,722730,0x004ea4a8c155,140737488355327,-140737488355328,-22,693,693
5,1426,11457,1427,150500.000000,150000.000000,0x004ea4a8c155,8,4,0x004ea4b3cdd3,724057,724745,88072,-1012,0,6,0,1,1,1,1,8607,723401,0x004ea4a8c155,140737488355327,-140737488355328,-32,688,688
5,1427,11465,1428,150500.000000,150000.000000,0x004ea4a8c155,8,4,0x004ea4b3d05e,724692,725373,87288,-1456,0,6,0,1,1,1,1,8689,724057,0x004ea4a8c155,140737488355327,-140737488355328,-46,681,681
5,1428,11473,1429,150500.000000,150000.000000,0x004ea4a8c155,8,4,0x004ea4b3d2d2,725330,726008,86812,-1260,0,6,0,1,1,1,1,8898,724692,0x004ea4a8c155,140737488355327,-140737488355328,-40,678,678
5,1429,11481,1430,150500.000000,150000.000000,0x004ea4a8c155,8,4,0x004ea4b3d54d,725980,726655,86516,-772,0,6,0,1,1,1,1,8871,725330,0x004ea4a8c155,140737488355327,-140737488355328,-25,675,675
5,1430,11489,1431,150500.000000,150000.000000,0x004ea4a8c155,8,4,0x004ea4b3d7d4,726624,727295,85976,-836,0,6,0,1,1,1,1,8654,725980,0x004ea4a8c155,140737488355327,-140737488355328,-27,671,671
5,1431,11497,1432,150500.000000,150000.000000,0x004ea4a8c155,8,4,0x004ea4b3da54,727247,727912,85172,-1344,0,6,0,1,1,1,1,8625,726624,0x004ea4a8c155,140737488355327,-140737488355328,-42,665,665
5,1432,11505,1433,150500.000000,150000.000000,0x004ea4a8c155,8,4,0x004ea4b3dcbd,727862,728522,84560,-1416,0,6,0,1,1,1,1,8835,727247,0x004ea4a8c155,140737488355327,-140737488355328,-45,660,660
5,1433,11513,1434,150500.000000,150000.000000,0x004ea4a8c155,8,4,0x004ea4b3df1f,728491,729149,84252,-920,0,6,0,1,1,1,1,8917,727862,0x004ea4a8c155,140737488355327,-140737488355328,-29,658,658
5,1434,11521,1435,150500.000000,150000.000000,0x004ea4a8c155,8,4,0x004ea4b3e192,729122,729776,83836,-724,0,6,0,1,1,1,1,8729,728491,0x004ea4a8c155,140737488355327,-140737488355328,-23,654,654
5,1435,11529,1436,150500.000000,150000.000000,0x004ea4a8c155,8,4,0x004ea4b3e405,729734,730383,83084,-1168,0,6,0,1,1,1,1,8597,729122,0x004ea4a8c155,140737488355327,-140737488355328,-37,649,649
5,1436,11537,1437,150500.000000,150000.000000,0x004ea4a8c155,8,4,0x004ea4b3e664,730330,730973,82360,-1476,0,6,0,1,1,1,1,8753,729734,0x004ea4a8c155,140737488355327,-140737488355328,-47,643,643
5,1437,11545,1438,150500.000000,150000.000000,0x004ea4a8c155,8,4,0x004ea4b3e8b2,730935,731575,81976,-1108,0,6,0,1,1,1,1,8922,730330,0x004ea4a8c155,140737488355327,-140737488355328,-35,640,640
5,1438,11553,1439,150500.000000,150000.000000,0x004ea4a8c155,8,4,0x004ea4b3eb0c,731549,732186,81648,-712,0,6,0,1,1,1,1,8814,730935,0x004ea4a8c155,140737488355327,-140737488355328,-23,637,637
5,1439,11561,1440,150500.000000,150000.000000,0x004ea4a8c155,8,4,0x004ea4b3ed6f,732150,732782,81004,-972,0,6,0,1,1,1,1,8613,731549,0x004ea4a8c155,140737488355327,-140737488355328,-31,632,632
5,1440,11569,1441,150500.000000,150000.000000,0x004ea4a8c155,8,4,0x004ea4b3efc3,732731,733357,80208,-1440,0,6,0,1,1,1,1,8672,732150,0x004ea4a8c155,140737488355327,-140737488355328,-45,626,626
5,1441,11577,1442,150500.000000,150000.000000,0x004ea4a8c155,8,4,0x004ea4b3f202,733312,733934,79700,-1304,0,6,0,1,1,1,1,8887,732731,0x004ea4a8c155,140737488355327,-140737488355328,-41,622,622
5,1442,11585,1443,150500.000000,150000.000000,0x004ea4a8c155,8,4,0x004ea4b3f443,733907,734527,79412,-796,0,6,0,1,1,1,1,8883,733312,0x004ea4a8c155,140737488355327,-140737488355328,-25,620,620
5,1443,11593,1444,150500.000000,150000.000000,0x004ea4a8c155,8,4,0x004ea4b3f694,734498,735114,78900,-800,0,6,0,1,1,1,1,8667,733907,0x004ea4a8c155,140737488355327,-140737488355328,-25,616,616
5,1444,11601,1445,150500.000000,150000.000000,0x004ea4a8c155,8,4,0x004ea4b3f8df,735066,735676,78096,-1316,0,6,0,1,1,1,1,8615,734498,0x004ea4a8c155,140737488355327,-140737488355328,-42,610,610
5,1445,11609,1446,150500.000000,150000.000000,0x004ea4a8c155,8,4,0x004ea4b3fb11,735626,736231,77464,-1436,0,6,0,1,1,1,1,8819,735066,0x004ea4a8c155,140737488355327,-140737488355328,-45,605,605
5,1446,11617,1447,150500.000000,150000.000000,0x004ea4a8c155,8,4,0x004ea4b3fd3c,736198,736800,77144,-952,0,6,0,1,1,1,1,8921,735626,0x004ea4a8c155,140737488355327,-140737488355328,-30,602,602
5,1447,11625,1448,150500.000000,150000.000000,0x004ea4a8c155,8,4,0x004ea4b3ff75,736774,737373,76748,-716,0,6,0,1,1,1,1,8746,736198,0x004ea4a8c155,140737488355327,-140737488355328,-23,599,599
5,1448,11633,1449,150500.000000,150000.000000,0x004ea4a8c155,8,4,0x004ea4b401b2,737331,737924,76016,-1128,0,6,0,1,1,1,1,8596,736774,0x004ea4a8c155,140737488355327,-140737488355328,-36,593,593
5,1449,11641,1450,150500.000000,150000.000000,0x004ea4a8c155,8,4,0x004ea4b403d9,737872,738460,75268,-1480,0,6,0,1,1,1,1,8734,737331,0x004ea4a8c155,140737488355327,-140737488355328,-47,588,588
5,1450,11649,1451,150500.000000,150000.000000,0x004ea4a8c155,8,4,0x004ea4b405f1,738420,739004,74864,-1152,0,6,0,1,1,1,1,8917,737872,0x004ea4a8c155,140737488355327,-140737488355328,-36,584,584
5,1451,11657,1452,150500.000000,150000.000000,0x004ea4a8c155,8,4,0x004ea4b40811,738979,739561,74548,-720,0,6,0,1,1,1,1,8830,738420,0x004ea4a8c155,140737488355327,-140737488355328,-23,582,582
5,1452,11665,1453,150500.000000,150000.000000,0x004ea4a8c155,8,4,0x004ea4b40a3e,739526,740103,73932,-932,0,6,0,1,1,1,1,8621,738979,0x004ea4a8c155,140737488355327,-140737488355328,-30,577,577
5,1453,11673,1454,150500.000000,150000.000000,0x004ea4a8c155,8,4,0x004ea4b40c5c,740052,740623,73128,-1420,0,6,0,1,1,1,1,8658,739526,0x004ea4a8c155,140737488355327,-140737488355328,-45,571,571
5,1454,11681,1455,150500.000000,150000.000000,0x004ea4a8c155,8,4,0x004ea4b40e64,740577,741144,72596,-1336,0,6,0,1,1,1,1,8875,740052,0x004ea4a8c155,140737488355327,-140737488355328,-42,567,567
5,1455,11689,1456,150500.000000,150000.000000,0x004ea4a8c155,8,4,0x004ea4b4106d,741115,741679,72304,-824,0,6,0,1,1,1,1,8893,740577,0x004ea4a8c155,140737488355327,-140737488355328,-26,564,564
5,1456,11697,1457,150500.000000,150000.000000,0x004ea4a8c155,8,4,0x004ea4b41284,741651,742212,71820,-776,0,6,0,1,1,1,1,8682,741115,0x004ea4a8c155,140737488355327,-140737488355328,-25,561,561
5,1457,11705,1458,150500.000000,150000.000000,0x004ea4a8c155,8,4,0x004ea4b41499,742165,742719,71028,-1276,0,6,0,1,1,1,1,8608,741651,0x004ea4a8c155,140737488355327,-140737488355328,-40,554,554
5,1458,11713,1459,150500.000000,150000.000000,0x004ea4a8c155,8,4,0x004ea4b41694,742668,743217,70364,-1456,0,6,0,1,1,1,1,8802,742165,0x004ea4a8c155,140737488355327,-140737488355328,-46,549,549
5,1459,11721,1460,150500.000000,150000.000000,0x004ea4a8c155,8,4,0x004ea4b41886,743183,743730,70032,-996,0,6,0,1,1,1,1,8924,742668,0x004ea4a8c155,140737488355327,-140737488355328,-32,547,547
5,1460,11729,1461,150500.000000,150000.000000,0x004ea4a8c155,8,4,0x004ea4b41a87,743705,744249,69660,-704,0,6,0,1,1,1,1,8764,743183,0x004ea4a8c155,140737488355327,-140737488355328,-22,544,544
5,1461,11737,1462,150500.000000,150000.000000,0x004ea4a8c155,8,4,0x004ea4b41c8e,744209,744747,68948,-1084,0,6,0,1,1,1,1,8597,743705,0x004ea4a8c155,140737488355327,-140737488355328,-34,538,538
5,1462,11745,1463,150500.000000,150000.000000,0x004ea4a8c155,8,4,0x004ea4b41e80,744694,745226,68184,-1476,0,6,0,1,1,1,1,8717,744209,0x004ea4a8c155,140737488355327,-140737488355328,-47,532,532
5,1463,11753,1464,150500.000000,150000.000000,0x004ea4a8c155,8,4,0x004ea4b4205f,745185,745714,67752,-1196,0,6,0,1,1,1,1,8911,744694,0x004ea4a8c155,140737488355327,-140737488355328,-38,529,529
5,1464,11761,1465,150500.000000,150000.000000,0x004ea4a8c155,8,4,0x004ea4b42247,745688,746214,67452,-732,0,6,0,1,1,1,1,8846,745185,0x004ea4a8c155,140737488355327,-140737488355328,-23,526,526
5,1465,11769,1466,150500.000000,150000.000000,0x004ea4a8c155,8,4,0x004ea4b4243b,746182,746704,66860,-892,0,6,0,1,1,1,1,8632,745688,0x004ea4a8c155,140737488355327,-140737488355328,-28,522,522
5,1466,11777,1467,150500.000000,150000.000000,0x004ea4a8c155,8,4,0x004ea4b42625,746654,747170,66052,-1400,0,6,0,1,1,1,1,8645,746182,0x004ea4a8c155,140737488355327,-140737488355328,-44,516,516
5,1467,11785,1468,150500.000000,150000.000000,0x004ea4a8c155,8,4,0x004ea4b427f7,747122,747633,65488,-1372,0,6,0,1,1,1,1,8862,746654,0x004ea4a8c155,140737488355327,-140737488355328,-43,511,511
5,1468,11793,1469,150500.000000,150000.000000,0x004ea4a8c155,8,4,0x004ea4b429c6,747604,748113,65196,-856,0,6,0,1,1,1,1,8903,747122,0x004ea4a8c155,140737488355327,-140737488355328,-27,509,509
5,1469,11801,1470,150500.000000,150000.000000,0x004ea4a8c155,8,4,0x004ea4b42ba6,748085,748590,64736,-752,0,6,0,1,1,1,1,8700,747604,0x004ea4a8c155,140737488355327,-140737488355328,-24,505,505
5,1470,11809,1471,150500.000000,150000.000000,0x004ea4a8c155,8,4,0x004ea4b42d83,748545,749044,63956,-1240,0,6,0,1,1,1,1,8603,748085,0x004ea4a8c155,140737488355327,-140737488355328,-39,499,499
5,1471,11817,1472,150500.000000,150000.000000,0x004ea4a8c155,8,4,0x004ea4b42f49,748993,749487,63268,-1468,0,6,0,1,1,1,1,8784,748545,0x004ea4a8c155,140737488355327,-140737488355328,-46,494,494
5,1472,11825,1473,150500.000000,150000.000000,0x004ea4a8c155,8,4,0x004ea4b43104,749451,749942,62916,-1040,0,6,0,1,1,1,1,8926,748993,0x004ea4a8c155,140737488355327,-140737488355328,-33,491,491
5,1473,11833,1474,150500.000000,150000.000000,0x004ea4a8c155,8,4,0x004ea4b432cb,749917,750405,62568,-700,0,6,0,1,1,1,1,8783,749451,0x004ea4a8c155,140737488355327,-140737488355328,-22,488,488
5,1474,11841,1475,150500.000000,150000.000000,0x004ea4a8c155,8,4,0x004ea4b4349a,750367,750850,61880,-1036,0,6,0,1,1,1,1,8603,749917,0x004ea4a8c155,140737488355327,-140737488355328,-33,483,483
5,1475,11849,1476,150500.000000,150000.000000,0x004ea4a8c155,8,4,0x004ea4b43657,750798,751275,61100,-1468,0,6,0,1,1,1,1,8701,750367,0x004ea4a8c155,140737488355327,-140737488355328,-46,477,477
5,1476,11857,1477,150500.000000,150000.000000,0x004ea4a8c155,8,4,0x004ea4b43800,751232,751705,60640,-1240,0,6,0,1,1,1,1,8905,750798,0x004ea4a8c155,140737488355327,-140737488355328,-39,473,473
5,1477,11865,1478,150500.000000,150000.000000,0x004ea4a8c155,8,4,0x004ea4b439ae,751679,752150,60348,-752,0,6,0,1,1,1,1,8861,751232,0x004ea4a8c155,140737488355327,-140737488355328,-24,471,471
5,1478,11873,1479,150500.000000,150000.000000,0x004ea4a8c155,8,4,0x004ea4b43b6b,752119,752586,59784,-856,0,6,0,1,1,1,1,8645,751679,0x004ea4a8c155,140737488355327,-140737488355328,-27,467,467
5,1479,11881,1480,150500.000000,150000.000000,0x004ea4a8c155,8,4,0x004ea4b43d1f,752536,752996,58976,-1372,0,6,0,1,1,1,1,8634,752119,0x004ea4a8c155,140737488355327,-140737488355328,-43,460,460
5,1480,11889,1481,150500.000000,150000.000000,0x004ea4a8c155,8,4,0x004ea4b43eb9,752948,753404,58388,-1396,0,6,0,1,1,1,1,8849,752536,0x004ea4a8c155,140737488355327,-140737488355328,-44,456,456
5,1481,11897,1482,150500.000000,150000.000000,0x004ea4a8c155,8,4,0x004ea4b44051,753373,753826,58088,-888,0,6,0,1,1,1,1,8913,752948,0x004ea4a8c155,140737488355327,-140737488355328,-28,453,453
5,1482,11905,1483,150500.000000,150000.000000,0x004ea4a8c155,8,4,0x004ea4b441f7,753800,754250,57652,-736,0,6,0,1,1,1,1,8718,753373,0x004ea4a8c155,140737488355327,-140737488355328,-23,450,450
5,1483,11913,1484,150500.000000,150000.000000,0x004ea4a8c155,8,4,0x004ea4b4439f,754206,754650,56888,-1200,0,6,0,1,1,1,1,8600,753800,0x004ea4a8c155,140737488355327,-140737488355328,-38,444,444
5,1484,11921,1485,150500.000000,150000.000000,0x004ea4a8c155,8,4,0x004ea4b4452f,754598,755036,56180,-1472,0,6,0,1,1,1,1,8768,754206,0x004ea4a8c155,140737488355327,-140737488355328,-46,438,438
5,1485,11929,1486,150500.000000,150000.000000,0x004ea4a8c155,8,4,0x004ea4b446b1,755000,755436,55808,-1080,0,6,0,1,1,1,1,8926,754598,0x004ea4a8c155,140737488355327,-140737488355328,-34,436,436
5,1486,11937,1487,150500.000000,150000.000000,0x004ea4a8c155,8,4,0x004ea4b44841,755410,755843,55472,-708,0,6,0,1,1,1,1,8803,755000,0x004ea4a8c155,140737488355327,-140737488355328,-23,433,433
5,1487,11945,1488,150500.000000,150000.000000,0x004ea4a8c155,8,4,0x004ea4b449d8,755806,756234,54808,-1000,0,6,0,1,1,1,1,8610,755410,0x004ea4a8c155,140737488355327,-140737488355328,-32,428,428
5,1488,11953,1489,150500.000000,150000.000000,0x004ea4a8c155,8,4,0x004ea4b44b5f,756182,756604,54020,-1452,0,6,0,1,1,1,1,8687,755806,0x004ea4a8c155,140737488355327,-140737488355328,-46,422,422
5,1489,11961,1490,150500.000000,150000.000000,0x004ea4a8c155,8,4,0x004ea4b44cd1,756560,756978,53536,-1272,0,6,0,1,1,1,1,8897,756182,0x004ea4a8c155,140737488355327,-140737488355328,-40,418,418
5,1490,11969,1491,150500.000000,150000.000000,0x004ea4a8c155,8,4,0x004ea4b44e47,756950,757365,53244,-776,0,6,0,1,1,1,1,8877,756560,0x004ea4a8c155,140737488355327,-140737488355328,-25,415,415
5,1491,11977,1492,150500.000000,150000.000000,0x004ea4a8c155,8,4,0x004ea4b44fca,757335,757746,52712,-824,0,6,0,1,1,1,1,8660,756950,0x004ea4a8c155,140737488355327,-140737488355328,-26,411,411
5,1492,11985,1493,150500.000000,150000.000000,0x004ea4a8c155,8,4,0x004ea4b45147,757698,758103,51908,-1336,0,6,0,1,1,1,1,8625,757335,0x004ea4a8c155,140737488355327,-140737488355328,-42,405,405
5,1493,11993,1494,150500.000000,150000.000000,0x004ea4a8c155,8,4,0x004ea4b452ac,758053,758453,51292,-1420,0,6,0,1,1,1,1,8835,757698,0x004ea4a8c155,140737488355327,-140737488355328,-45,400,400
5,1494,12000,1495,150500.000000,150000.000000,0x004ea4a8c155,8,4,0x004ea4b4540a,758422,758820,50980,-928,0,6,0,1,1,1,1,8920,758053,0x004ea4a8c155,140737488355327,-140737488355328,-29,398,398
6,0,49,1,201000.000000,200000.000000,0x0068db8bac71,8,4,0x0068db8bac71,0,0,33432,-1340,0,3,0,1,1,1,0,8769,0,0x0068db8bac71,140737488355327,-140737488355328,0,0,0
6,1,57,2,201000.000000,200000.000000,0x0068db8bac71,8,4,0x0068db8bac71,0,0,98288,64196,0,4,0,1,1,1,0,8760,0,0x0068db8bac71,140737488355327,-140737488355328,0,0,0
6,2,65,3,201000.000000,200000.000000,0x0068db8bac71,8,4,0x0068db8bac71,16047,16047,97620,64188,0,4,0,1,1,1,0,8768,0,0x0068db8bac71,140737488355327,-140737488355328,16047,0,0
6,3,73,4,201000.000000,200000.000000,0x0068db8bac71,8,4,0x0068db8beb20,15712,15712,96948,-1340,0,5,0,1,1,1,0,8760,16047,0x0068db8bac71,140737488355327,-140737488355328,-335,0,0
6,4,81,5,201000.000000,200000.000000,0x0068db8bac71,8,4,0x0068db8be9d1,15920,16296,96280,-1340,0,5,0,1,1,1,0,8768,15712,0x0068db8bac71,140737488355327,-140737488355328,-168,376,376
6,5,89,6,201000.000000,200000.000000,0x0068db8bac71,8,4,0x0068db8bec19,16125,16498,95608,-1340,0,6,0,1,1,1,1,8759,15920,0x0068db8bac71,140737488355327,-140737488355328,-168,373,373
6,6,97,7,201000.000000,200000.000000,0x0068db8bac71,8,4,0x0068db8bece3,16824,17565,94936,-1344,0,6,0,1,1,1,1,8766,16125,0x0068db8bac71,140737488355327,-140737488355328,-42,741,741
6,7,105,8,201000.000000,200000.000000,0x0068db8bac71,8,4,0x0068db8bf10e,17518,18254,94264,-1344,0,6,0,1,1,1,1,8759,16824,0x0068db8bac71,140737488355327,-140737488355328,-42,736,736
6,8,113,9,201000.000000,200000.000000,0x0068db8bac71,8,4,0x0068db8bf3bf,18207,18938,93592,-1344,0,6,0,1,1,1,1,8766,17518,0x0068db8bac71,140737488355327,-140737488355328,-42,731,731
6,9,121,10,201000.000000,200000.000000,0x0068db8bac71,8,4,0x0068db8bf66b,18890,19615,92924,-1340,0,6,0,1,1,1,1,8760,18207,0x0068db8bac71,140737488355327,-140737488355328,-42,725,725
6,10,129,11,201000.000000,200000.000000,0x0068db8bac71,8,4,0x0068db8bf910,19568,20288,92252,-1340,0,6,0,1,1,1,1,8766,18890,0x0068db8bac71,140737488355327,-140737488355328,-42,720,720
6,11,137,12,201000.000000,200000.000000,0x0068db8bac71,8,4,0x0068db8bfbb1,20241,20956,91584,-1340,0,6,0,1,1,1,1,8760,19568,0x0068db8bac71,140737488355327,-140737488355328,-42,715,715
6,12,145,13,201000.000000,200000.000000,0x0068db8bac71,8,4,0x0068db8bfe4d,20909,21619,90912,-1340,0,6,0,1,1,1,1,8764,20241,0x0068db8bac71,140737488355327,-140737488355328,-42,710,710
6,13,153,14,201000.000000,200000.000000,0x0068db8bac71,8,4,0x0068db8c00e4,21572,22277,90240,-1344,0,6,0,1,1,1,1,8760,20909,0x0068db8bac71,140737488355327,-140737488355328,-42,705,705
6,14,161,15,201000.000000,200000.000000,0x0068db8bac71,8,4,0x0068db8c0376,22229,22928,89568,-1344,0,6,0,1,1,1,1,8764,21572,0x0068db8bac71,140737488355327,-140737488355328,-42,699,699
6,15,169,16,201000.000000,200000.000000,0x0068db8bac71,8,4,0x0068db8c0601,22881,23575,88900,-1340,0,6,0,1,1,1,1,8761,22229,0x0068db8bac71,140737488355327,-140737488355328,-42,694,694
6,16,177,17,201000.000000,200000.000000,0x0068db8bac71,8,4,0x0068db8c0888,23528,24217,88224,-1344,0,6,0,1,1,1,1,8763,22881,0x0068db8bac71,140737488355327,-140737488355328,-42,689,689
6,17,185,18,201000.000000,200000.000000,0x0068db8bac71,8,4,0x0068db8c0b0a,24170,24854,87556,-1344,0,6,0,1,1,1,1,8761,23528,0x0068db8bac71,140737488355327,-140737488355328,-42,684,684
6,18,193,19,201000.000000,200000.000000,0x0068db8bac71,8,4,0x0068db8c0d87,24806,25484,86884,-1340,0,6,0,1,1,1,1,8763,24170,0x0068db8bac71,140737488355327,-140737488355328,-42,678,678
6,19,201,20,201000.000000,200000.000000,0x0068db8bac71,8,4,0x0068db8c0ffd,25437,26110,86216,-1340,0,6,0,1,1,1,1,8761,24806,0x0068db8bac71,140737488355327,-140737488355328,-42,673,673
6,20,209,21,201000.000000,200000.000000,0x0068db8bac71,8,4,0x0068db8c126f,26063,26731,85540,-1344,0,6,0,1,1,1,1,8762,25437,0x0068db8bac71,140737488355327,-140737488355328,-42,668,668
6,21,217,22,201000.000000,200000.000000,0x0068db8bac71,8,4,0x0068db8c14dc,26684,27347,84872,-1344,0,6,0,1,1,1,1,8762,26063,0x0068db8bac71,140737488355327,-140737488355328,-42,663,663
6,22,225,23,201000.000000,200000.000000,0x0068db8bac71,8,4,0x0068db8c1744,27299,27956,84200,-1340,0,6,0,1,1,1,1,8762,26684,0x0068db8bac71,140737488355327,-140737488355328,-42,657,657
6,23,233,24,201000.000000,200000.000000,0x0068db8bac71,8,4,0x0068db8c19a5,27909,28561,83528,-1344,0,6,0,1,1,1,1,8762,27299,0x0068db8bac71,140737488355327,-140737488355328,-42,652,652
6,24,241,25,201000.000000,200000.000000,0x0068db8bac71,8,4,0x0068db8c1c02,28514,29161,82856,-1344,0,6,0,1,1,1,1,8763,27909,0x0068db8bac71,140737488355327,-140737488355328,-42,647,647
6,25,249,26,201000.000000,200000.000000,0x0068db8bac71,8,4,0x0068db8c1e5a,29114,29756,82188,-1340,0,6,0,1,1,1,1,8762,28514,0x0068db8bac71,140737488355327,-140737488355328,-42,642,642
6,26,257,27,201000.000000,200000.000000,0x0068db8bac71,8,4,0x0068db8c20ad,29708,30344,81512,-1344,0,6,0,1,1,1,1,8761,29114,0x0068db8bac71,140737488355327,-140737488355328,-42,636,636
6,27,265,28,201000.000000,200000.000000,0x0068db8bac71,8,4,0x0068db8c22f9,30297,30928,80844,-1344,0,6,0,1,1,1,1,8761,29708,0x0068db8bac71,140737488355327,-140737488355328,-42,631,631
6,28,273,29,201000.000000,200000.000000,0x0068db8bac71,8,4,0x0068db8c2541,30881,31507,80172,-1340,0,6,0,1,1,1,1,8760,30297,0x0068db8bac71,140737488355327,-140737488355328,-42,626,626
6,29,281,30,201000.000000,200000.000000,0x0068db8bac71,8,4,0x0068db8c2784,31460,32081,79500,-1344,0,6,0,1,1,1,1,8761,30881,0x0068db8bac71,140737488355327,-140737488355328,-42,621,621
6,30,289,31,201000.000000,200000.000000,0x0068db8bac71,8,4,0x0068db8c29c2,32033,32648,78828,-1344,0,6,0,1,1,1,1,8760,31460,0x0068db8bac71,140737488355327,-140737488355328,-42,615,615
6,31,297,32,201000.000000,200000.000000,0x0068db8bac71,8,4,0x0068db8c2bf9,32601,33211,78156,-1344,0,6,0,1,1,1,1,8760,32033,0x0068db8bac71,140737488355327,-140737488355328,-42,610,610
6,32,305,33,201000.000000,200000.000000,0x0068db8bac71,8,4,0x0068db8c2e2c,33164,33769,77484,-1344,0,6,0,1,1,1,1,8760,32601,0x0068db8bac71,140737488355327,-140737488355328,-42,605,605
6,33,313,34,201000.000000,200000.000000,0x0068db8bac71,8,4,0x0068db8c305a,33722,34322,76816,-1340,0,6,0,1,1,1,1,8760,33164,0x0068db8bac71,140737488355327,-140737488355328,-42,600,600
6,34,321,35,201000.000000,200000.000000,0x0068db8bac71,8,4,0x0068db8c3283,34274,34868,76144,-1340,0,6,0,1,1,1,1,8760,33722,0x0068db8bac71,140737488355327,-140737488355328,-42,594,594
6,35,329,36,201000.000000,200000.000000,0x0068db8bac71,8,4,0x0068db8c34a5,34821,35410,75472,-1344,0,6,0,1,1,1,1,8760,34274,0x0068db8bac71,140737488355327,-140737488355328,-42,589,589
6,36,337,37,201000.000000,200000.000000,0x0068db8bac71,8,4,0x0068db8c36c3,35363,35947,74800,-1344,0,6,0,1,1,1,1,8759,34821,0x0068db8bac71,140737488355327,-140737488355328,-42,584,584
6,37,345,38,201000.000000,200000.000000,0x0068db8bac71,8,4,0x0068db8c38dc,35900,36479,74132,-1340,0,6,0,1,1,1,1,8759,35363,0x0068db8bac71,140737488355327,-140737488355328,-42,579,579
6,38,353,39,201000.000000,200000.000000,0x0068db8bac71,8,4,0x0068db8c3af0,36431,37004,73460,-1340,0,6,0,1,1,1,1,8759,35900,0x0068db8bac71,140737488355327,-140737488355328,-42,573,573
6,39,361,40,201000.000000,200000.000000,0x0068db8bac71,8,4,0x0068db8c3cfd,36957,37525,72788,-1344,0,6,0,1,1,1,1,8759,36431,0x0068db8bac71,140737488355327,-140737488355328,-42,568,568
6,40,369,41,201000.000000,200000.000000,0x0068db8bac71,8,4,0x0068db8c3f06,37478,38041,72116,-1344,0,6,0,1,1,1,1,8759,36957,0x0068db8bac71,140737488355327,-140737488355328,-42,563,563
6,41,377,42,201000.000000,200000.000000,0x0068db8bac71,8,4,0x0068db8c410a,37994,38552,71444,-1344,0,6,0,1,1,1,1,8760,37478,0x0068db8bac71,140737488355327,-140737488355328,-42,558,558
6,42,385,43,201000.000000,200000.000000,0x0068db8bac71,8,4,0x0068db8c4309,38504,39056,70776,-1340,0,6,0,1,1,1,1,8759,37994,0x0068db8bac71,140737488355327,-140737488355328,-42,552,552
6,43,393,44,201000.000000,200000.000000,0x0068db8bac71,8,4,0x0068db8c4501,39009,39556,70104,-1340,0,6,0,1,1,1,1,8760,38504,0x0068db8bac71,140737488355327,-140737488355328,-42,547,547
6,44,401,45,201000.000000,200000.000000,0x0068db8bac71,8,4,0x0068db8c46f5,39509,40051,69432,-1344,0,6,0,1,1,1,1,8760,39009,0x0068db8bac71,140737488355327,-140737488355328,-42,542,542
6,45,409,46,201000.000000,200000.000000,0x0068db8bac71,8,4,0x0068db8c48e4,40004,40541,68760,-1344,0,6,0,1,1,1,1,8760,39509,0x0068db8bac71,140737488355327,-140737488355328,-42,537,537
6,46,417,47,201000.000000,200000.000000,0x0068db8bac71,8,4,0x0068db8c4ace,40493,41024,68088,-1344,0,6,0,1,1,1,1,8759,40004,0x0068db8bac71,140737488355327,-140737488355328,-42,531,531
6,47,425,48,201000.000000,200000.000000,0x0068db8bac71,8,4,0x0068db8c4cb1,40977,41503,67420,-1340,0,6,0,1,1,1,1,8760,40493,0x0068db8bac71,140737488355327,-140737488355328,-42,526,526
6,48,433,49,201000.000000,200000.000000,0x0068db8bac71,8,4,0x0068db8c4e90,41456,41977,66748,-1340,0,6,0,1,1,1,1,8760,40977,0x0068db8bac71,140737488355327,-140737488355328,-42,521,521
6,49,441,50,201000.000000,200000.000000,0x0068db8bac71,8,4,0x0068db8c506a,41930,42446,66076,-1344,0,6,0,1,1,1,1,8760,41456,0x0068db8bac71,140737488355327,-140737488355328,-42,516,516
6,50,449,51,201000.000000,200000.000000,0x0068db8bac71,8,4,0x0068db8c523f,42398,42908,65404,-1344,0,6,0,1,1,1,1,8761,41930,0x0068db8bac71,140737488355327,-140737488355328,-42,510,510
6,51,457,52,201000.000000,200000.000000,0x0068db8bac71,8,4,0x0068db8c540d,42861,43366,64732,-1344,0,6,0,1,1,1,1,8761,42398,0x0068db8bac71,140737488355327,-140737488355328,-42,505,505
6,52,465,53,201000.000000,200000.000000,0x0068db8bac71,8,4,0x0068db8c55d7,43319,43819,64060,-1344,0,6,0,1,1,1,1,8761,42861,0x0068db8bac71,140737488355327,-140737488355328,-42,500,500
6,53,473,54,201000.000000,200000.000000,0x0068db8bac71,8,4,0x0068db8c579c,43772,44267,63388,-1344,0,6,0,1,1,1,1,8761,43319,0x0068db8bac71,140737488355327,-140737488355328,-42,495,495
6,54,481,55,201000.000000,200000.000000,0x0068db8bac71,8,4,0x0068db8c595c,44220,44710,62720,-1340,0,6,0,1,1,1,1,8761,43772,0x0068db8bac71,140737488355327,-140737488355328,-42,490,490
6,55,489,56,201000.000000,200000.000000,0x0068db8bac71,8,4,0x0068db8c5b17,44662,45146,62048,-1340,0,6,0,1,1,1,1,8761,44220,0x0068db8bac71,140737488355327,-140737488355328,-42,484,484
6,56,497,57,201000.000000,200000.000000,0x0068db8bac71,8,4,0x0068db8c5ccb,45099,45578,61376,-1344,0,6,0,1,1,1,1,8762,44662,0x0068db8bac71,140737488355327,-140737488355328,-42,479,479
6,57,505,58,201000.000000,200000.000000,0x0068db8bac71,8,4,0x0068db8c5e7b,45531,46005,60704,-1344,0,6,0,1,1,1,1,8762,45099,0x0068db8bac71,140737488355327,-140737488355328,-42,474,474
6,58,513,59,201000.000000,200000.000000,0x0068db8bac71,8,4,0x0068db8c6026,45958,46427,60036,-1340,0,6,0,1,1,1,1,8762,45531,0x0068db8bac71,140737488355327,-140737488355328,-42,469,469
6,59,521,60,201000.000000,200000.000000,0x0068db8bac71,8,4,0x0068db8c61cc,46379,46842,59364,-1340,0,6,0,1,1,1,1,8762,45958,0x0068db8bac71,140737488355327,-140737488355328,-42,463,463
6,60,529,61,201000.000000,200000.000000,0x0068db8bac71,8,4,0x0068db8c636b,46795,47253,58692,-1344,0,6,0,1,1,1,1,8762,46379,0x0068db8bac71,140737488355327,-140737488355328,-42,458,458
6,61,537,62,201000.000000,200000.000000,0x0068db8bac71,8,4,0x0068db8c6506,47206,47659,58020,-1344,0,6,0,1,1,1,1,8763,46795,0x0068db8bac71,140737488355327,-140737488355328,-42,453,453
6,62,545,63,201000.000000,200000.000000,0x0068db8bac71,8,4,0x0068db8c669c,47612,48060,57348,-1344,0,6,0,1,1,1,1,8763,47206,0x0068db8bac71,140737488355327,-140737488355328,-42,448,448
6,63,553,64,201000.000000,200000.000000,0x0068db8bac71,8,4,0x0068db8c682d,48012,48454,56676,-1344,0,6,0,1,1,1,1,8763,47612,0x0068db8bac71,140737488355327,-140737488355328,-42,442,442
6,64,561,65,201000.000000,200000.000000,0x0068db8bac71,8,4,0x0068db8c69b7,48407,48844,56008,-1340,0,6,0,1,1,1,1,8763,48012,0x0068db8bac71,140737488355327,-140737488355328,-42,437,437
6,65,569,66,201000.000000,200000.000000,0x0068db8bac71,8,4,0x0068db8c6b3d,48797,49229,55336,-1340,0,6,0,1,1,1,1,8763,48407,0x0068db8bac71,140737488355327,-140737488355328,-42,432,432
6,66,577,67,201000.000000,200000.000000,0x0068db8bac71,8,4,0x0068db8c6cbe,49182,49609,54668,-1340,0,6,0,1,1,1,1,8763,48797,0x0068db8bac71,140737488355327,-140737488355328,-42,427,427
6,67,585,68,201000.000000,200000.000000,0x0068db8bac71,8,4,0x0068db8c6e3a,49561,49982,53992,-1344,0,6,0,1,1,1,1,8763,49182,0x0068db8bac71,140737488355327,-140737488355328,-42,421,421
6,68,593,69,201000.000000,200000.000000,0x0068db8bac71,8,4,0x0068db8c6faf,49935,50351,53324,-1344,0,6,0,1,1,1,1,8762,49561,0x0068db8bac71,140737488355327,-140737488355328,-42,416,416
6,69,601,70,201000.000000,200000.000000,0x0068db8bac71,8,4,0x0068db8c7120,50304,50715,52652,-1340,0,6,0,1,1,1,1,8764,49935,0x0068db8bac71,140737488355327,-140737488355328,-42,411,411
6,70,609,71,201000.000000,200000.000000,0x0068db8bac71,8,4,0x0068db8c728c,50668,51074,51984,-1340,0,6,0,1,1,1,1,8763,50304,0x0068db8bac71,140737488355327,-140737488355328,-42,406,406
6,71,617,72,201000.000000,200000.000000,0x0068db8bac71,8,4,0x0068db8c73f3,51026,51426,51312,-1340,0,6,0,1,1,1,1,8763,50668,0x0068db8bac71,140737488355327,-140737488355328,-42,400,400
6,72,625,73,201000.000000,200000.000000,0x0068db8bac71,8,4,0x0068db8c7553,51379,51774,50640,-1344,0,6,0,1,1,1,1,8763,51026,0x0068db8bac71,140737488355327,-140737488355328,-42,395,395
6,73,633,74,201000.000000,200000.000000,0x0068db8bac71,8,4,0x0068db8c76af,51727,52117,49968,-1344,0,6,0,1,1,1,1,8764,51379,0x0068db8bac71,140737488355327,-140737488355328,-42,390,390
6,74,641,75,201000.000000,200000.000000,0x0068db8bac71,8,4,0x0068db8c7806,52070,52455,49296,-1344,0,6,0,1,1,1,1,8764,51727,0x0068db8bac71,140737488355327,-140737488355328,-42,385,385
6,75,649,76,201000.000000,200000.000000,0x0068db8bac71,8,4,0x0068db8c7958,52407,52786,48628,-1340,0,6,0,1,1,1,1,8763,52070,0x0068db8bac71,140737488355327,-140737488355328,-42,379,379
6,76,657,77,201000.000000,200000.000000,0x0068db8bac71,8,4,0x0068db8c7aa3,52739,53113,47956,-1340,0,6,0,1,1,1,1,8764,52407,0x0068db8bac71,140737488355327,-140737488355328,-42,374,374
6,77,665,78,201000.000000,200000.000000,0x0068db8bac71,8,4,0x0068db8c7bea,53066,53435,47284,-1344,0,6,0,1,1,1,1,8764,52739,0x0068db8bac71,140737488355327,-140737488355328,-42,369,369
6,78,673,79,201000.000000,200000.000000,0x0068db8bac71,8,4,0x0068db8c7d2c,53388,53752,46616,-1340,0,6,0,1,1,1,1,8763,53066,0x0068db8bac71,140737488355327,-140737488355328,-42,364,364
6,79,681,80,201000.000000,200000.000000,0x0068db8bac71,8,4,0x0068db8c7e69,53704,54062,45944,-1340,0,6,0,1,1,1,1,8764,53388,0x0068db8bac71,140737488355327,-140737488355328,-42,358,358
6,80,689,81,201000.000000,200000.000000,0x0068db8bac71,8,4,0x0068db8c7f9f,54015,54368,45272,-1344,0,6,0,1,1,1,1,8764,53704,0x0068db8bac71,140737488355327,-140737488355328,-42,353,353
6,81,697,82,201000.000000,200000.000000,0x0068db8bac71,8,4,0x0068db8c80d1,54321,54669,44604,-1340,0,6,0,1,1,1,1,8765,54015,0x0068db8bac71,140737488355327,-140737488355328,-42,348,348
6,82,705,83,201000.000000,200000.000000,0x0068db8bac71,8,4,0x0068db8c81fe,54622,54965,43932,-1340,0,6,0,1,1,1,1,8764,54321,0x0068db8bac71,140737488355327,-140737488355328,-42,343,343
6,83,713,84,201000.000000,200000.000000,0x0068db8bac71,8,4,0x0068db8c8326,54917,55254,43260,-1344,0,6,0,1,1,1,1,8765,54622,0x0068db8bac71,140737488355327,-140737488355328,-42,337,337
6,84,721,85,201000.000000,200000.000000,0x0068db8bac71,8,4,0x0068db8c8447,55207,55539,42588,-1344,0,6,0,1,1,1,1,8764,54917,0x0068db8bac71,140737488355327,-140737488355328,-42,332,332
6,85,729,86,201000.000000,200000.000000,0x0068db8bac71,8,4,0x0068db8c8564,55492,55819,41916,-1344,0,6,0,1,1,1,1,8765,55207,0x0068db8bac71,140737488355327,-140737488355328,-42,327,327
6,86,737,87,201000.000000,200000.000000,0x0068db8bac71,8,4,0x0068db8c867c,55772,56094,41248,-1340,0,6,0,1,1,1,1,8764,55492,0x0068db8bac71,140737488355327,-140737488355328,-42,322,322
6,87,745,88,201000.000000,200000.000000,0x0068db8bac71,8,4,0x0068db8c878f,56047,56364,40576,-1340,0,6,0,1,1,1,1,8765,55772,0x0068db8bac71,140737488355327,-140737488355328,-42,317,317
6,88,753,89,201000.000000,200000.000000,0x0068db8bac71,8,4,0x0068db8c889d,56316,56627,39908,-1340,0,6,0,1,1,1,1,8765,56047,0x0068db8bac71,140737488355327,-140737488355328,-42,311,311
6,89,761,90,201000.000000,200000.000000,0x0068db8bac71,8,4,0x0068db8c89a4,56580,56886,39236,-1340,0,6,0,1,1,1,1,8766,56316,0x0068db8bac71,140737488355327,-140737488355328,-42,306,306
6,90,769,91,201000.000000,200000.000000,0x0068db8bac71,8,4,0x0068db8c8aa7,56839,57140,38564,-1344,0,6,0,1,1,1,1,8766,56580,0x0068db8bac71,140737488355327,-140737488355328,-42,301,301
6,91,777,92,201000.000000,200000.000000,0x0068db8bac71,8,4,0x0068db8c8ba5,57093,57389,37892,-1344,0,6,0,1,1,1,1,8765,56839,0x0068db8bac71,140737488355327,-140737488355328,-42,296,296
6,92,785,93,201000.000000,200000.000000,0x0068db8bac71,8,4,0x0068db8c8c9e,57341,57631,37224,-1340,0,6,0,1,1,1,1,8766,57093,0x0068db8bac71,140737488355327,-140737488355328,-42,290,290
6,93,793,94,201000.000000,200000.000000,0x0068db8bac71,8,4,0x0068db8c8d90,57584,57869,36552,-1340,0,6,0,1,1,1,1,8766,57341,0x0068db8bac71,140737488355327,-140737488355328,-42,285,285
6,94,801,95,201000.000000,200000.000000,0x0068db8bac71,8,4,0x0068db8c8e7e,57822,58102,35880,-1344,0,6,0,1,1,1,1,8765,57584,0x0068db8bac71,140737488355327,-140737488355328,-42,280,280
6,95,809,96,201000.000000,200000.000000,0x0068db8bac71,8,4,0x0068db8c8f67,58055,58330,35208,-1344,0,6,0,1,1,1,1,8765,57822,0x0068db8bac71,140737488355327,-140737488355328,-42,275,275
6,96,817,97,201000.000000,200000.000000,0x0068db8bac71,8,4,0x0068db8c904b,58282,58551,34540,-1340,0,6,0,1,1,1,1,8765,58055,0x0068db8bac71,140737488355327,-140737488355328,-42,269,269
6,97,825,98,201000.000000,200000.000000,0x0068db8bac71,8,4,0x0068db8c9128,58504,58768,33868,-1340,0,6,0,1,1,1,1,8765,58282,0x0068db8bac71,140737488355327,-140737488355328,-42,264,264
6,98,833,99,201000.000000,200000.000000,0x0068db8bac71,8,4,0x0068db8c9201,58721,58980,33196,-1344,0,6,0,1,1,1,1,8764,58504,0x0068db8bac71,140737488355327,-140737488355328,-42,259,259
6,99,841,100,201000.000000,200000.000000,0x0068db8bac71,8,4,0x0068db8c92d5,61493,62259,98060,64192,0,6,0,1,1,1,1,8765,58721,0x0068db8bac71,140737488355327,-140737488355328,2006,766,766
6,100,849,101,201000.000000,200000.000000,0x0068db8bac71,8,4,0x0068db8c9fa4,64259,65019,97392,64196,0,6,0,1,1,1,1,8765,61493,0x0068db8bac71,140737488355327,-140737488355328,2006,760,760
6,101,857,102,201000.000000,200000.000000,0x0068db8bac71,8,4,0x0068db8caa6c,64972,65727,96716,-1344,0,6,0,1,1,1,1,8764,64259,0x0068db8bac71,140737488355327,-140737488355328,-42,755,755
6,102,865,103,201000.000000,200000.000000,0x0068db8bac71,8,4,0x0068db8cad30,65680,66430,96048,-1344,0,6,0,1,1,1,1,8763,64972,0x0068db8bac71,140737488355327,-140737488355328,-42,750,750
6,103,873,104,201000.000000,200000.000000,0x0068db8bac71,8,4,0x0068db8cafef,66383,67128,95376,-1340,0,6,0,1,1,1,1,8763,65680,0x0068db8bac71,140737488355327,-140737488355328,-42,745,745
6,104,881,105,201000.000000,200000.000000,0x0068db8bac71,8,4,0x0068db8cb2a9,67080,67819,94704,-1344,0,6,0,1,1,1,1,8763,66383,0x0068db8bac71,140737488355327,-140737488355328,-42,739,739
6,105,889,106,201000.000000,200000.000000,0x0068db8bac71,8,4,0x0068db8cb55c,67772,68506,94036,-1340,0,6,0,1,1,1,1,8763,67080,0x0068db8bac71,140737488355327,-140737488355328,-42,734,734
6,106,897,107,201000.000000,200000.000000,0x0068db8bac71,8,4,0x0068db8cb80b,68459,69188,93364,-1340,0,6,0,1,1,1,1,8763,67772,0x0068db8bac71,140737488355327,-140737488355328,-42,729,729
6,107,905,108,201000.000000,200000.000000,0x0068db8bac71,8,4,0x0068db8cbab5,69141,69865,92692,-1344,0,6,0,1,1,1,1,8762,68459,0x0068db8bac71,140737488355327,-140737488355328,-42,724,724
6,108,913,109,201000.000000,200000.000000,0x0068db8bac71,8,4,0x0068db8cbd5a,69817,70535,92024,-1340,0,6,0,1,1,1,1,8762,69141,0x0068db8bac71,140737488355327,-140737488355328,-42,718,718
6,109,921,110,201000.000000,200000.000000,0x0068db8bac71,8,4,0x0068db8cbff8,70488,71201,91352,-1340,0,6,0,1,1,1,1,8762,69817,0x0068db8bac71,140737488355327,-140737488355328,-42,713,713
6,110,929,111,201000.000000,200000.000000,0x0068db8bac71,8,4,0x0068db8cc292,71154,71862,90680,-1344,0,6,0,1,1,1,1,8762,70488,0x0068db8bac71,140737488355327,-140737488355328,-42,708,708
6,111,937,112,201000.000000,200000.000000,0x0068db8bac71,8,4,0x0068db8cc527,71815,72518,90008,-1344,0,6,0,1,1,1,1,8762,71154,0x0068db8bac71,140737488355327,-140737488355328,-42,703,703
6,112,945,113,201000.000000,200000.000000,0x0068db8bac71,8,4,0x0068db8cc7b7,72470,73167,89340,-1340,0,6,0,1,1,1,1,8763,71815,0x0068db8bac71,140737488355327,-140737488355328,-42,697,697
6,113,953,114,201000.000000,200000.000000,0x0068db8bac71,8,4,0x0068db8cca40,73120,73812,88668,-1340,0,6,0,1,1,1,1,8762,72470,0x0068db8bac71,140737488355327,-140737488355328,-42,692,692
6,114,961,115,201000.000000,200000.000000,0x0068db8bac71,8,4,0x0068db8cccc5,73765,74452,87996,-1344,0,6,0,1,1,1,1,8761,73120,0x0068db8bac71,140737488355327,-140737488355328,-42,687,687
6,115,969,116,201000.000000,200000.000000,0x0068db8bac71,8,4,0x0068db8ccf45,74405,75087,87324,-1344,0,6,0,1,1,1,1,8761,73765,0x0068db8bac71,140737488355327,-140737488355328,-42,682,682
6,116,977,117,201000.000000,200000.000000,0x0068db8bac71,8,4,0x0068db8cd1c0,75040,75717,86656,-1340,0,6,0,1,1,1,1,8761,74405,0x0068db8bac71,140737488355327,-140737488355328,-42,677,677
6,117,985,118,201000.000000,200000.000000,0x0068db8bac71,8,4,0x0068db8cd436,75669,76340,85984,-1340,0,6,0,1,1,1,1,8761,75040,0x0068db8bac71,140737488355327,-140737488355328,-42,671,671
6,118,993,119,201000.000000,200000.000000,0x0068db8bac71,8,4,0x0068db8cd6a5,76293,76959,85312,-1344,0,6,0,1,1,1,1,8762,75669,0x0068db8bac71,140737488355327,-140737488355328,-42,666,666
6,119,1001,120,201000.000000,200000.000000,0x0068db8bac71,8,4,0x0068db8cd910,76912,77573,84640,-1344,0,6,0,1,1,1,1,8761,76293,0x0068db8bac71,140737488355327,-140737488355328,-42,661,661
6,120,1009,121,201000.000000,200000.000000,0x0068db8bac71,8,4,0x0068db8cdb76,77526,78182,83968,-1344,0,6,0,1,1,1,1,8761,76912,0x0068db8bac71,140737488355327,-140737488355328,-42,656,656
6,121,1017,122,201000.000000,200000.000000,0x0068db8bac71,8,4,0x0068db8cddd7,78134,78784,83300,-1340,0,6,0,1,1,1,1,8761,77526,0x0068db8bac71,140737488355327,-140737488355328,-42,650,650
6,122,1025,123,201000.000000,200000.000000,0x0068db8bac71,8,4,0x0068db8ce031,78737,79382,82628,-1340,0,6,0,1,1,1,1,8762,78134,0x0068db8bac71,140737488355327,-140737488355328,-42,645,645
6,123,1033,124,201000.000000,200000.000000,0x0068db8bac71,8,4,0x0068db8ce287,79335,79975,81956,-1344,0,6,0,1,1,1,1,8762,78737,0x0068db8bac71,140737488355327,-140737488355328,-42,640,640
6,124,1041,125,201000.000000,200000.000000,0x0068db8bac71,8,4,0x0068db8ce4d8,79928,80563,81284,-1344,0,6,0,1,1,1,1,8762,79335,0x0068db8bac71,140737488355327,-140737488355328,-42,635,635
6,125,1049,126,201000.000000,200000.000000,0x0068db8bac71,8,4,0x0068db8ce724,80515,81144,80612,-1344,0,6,0,1,1,1,1,8762,79928,0x0068db8bac71,140737488355327,-140737488355328,-42,629,629
6,126,1057,127,201000.000000,200000.000000,0x0068db8bac71,8,4,0x0068db8ce969,81097,81721,79940,-1344,0,6,0,1,1,1,1,8761,80515,0x0068db8bac71,140737488355327,-140737488355328,-42,624,624
6,127,1065,128,201000.000000,200000.000000,0x0068db8bac71,8,4,0x0068db8cebaa,81674,82293,79268,-1344,0,6,0,1,1,1,1,8761,81097,0x0068db8bac71,140737488355327,-140737488355328,-42,619,619
6,128,1073,129,201000.000000,200000.000000,0x0068db8bac71,8,4,0x0068db8cede6,82246,82860,78600,-1340,0,6,0,1,1,1,1,8761,81674,0x0068db8bac71,140737488355327,-140737488355328,-42,614,614
6,129,1081,130,201000.000000,200000.000000,0x0068db8bac71,8,4,0x0068db8cf01d,82812,83420,77924,-1344,0,6,0,1,1,1,1,8761,82246,0x0068db8bac71,140737488355327,-140737488355328,-42,608,608
6,130,1089,131,201000.000000,200000.000000,0x0068db8bac71,8,4,0x0068db8cf24d,83372,83975,77252,-1348,0,6,0,1,1,1,1,8761,82812,0x0068db8bac71,140737488355327,-140737488355328,-43,603,603
6,131,1097,132,201000.000000,200000.000000,0x0068db8bac71,8,4,0x0068db8cf478,83928,84526,76584,-1340,0,6,0,1,1,1,1,8760,83372,0x0068db8bac71,140737488355327,-140737488355328,-42,598,598
6,132,1105,133,201000.000000,200000.000000,0x0068db8bac71,8,4,0x0068db8cf69f,84479,85072,75912,-1340,0,6,0,1,1,1,1,8760,83928,0x0068db8bac71,140737488355327,-140737488355328,-42,593,593
6,133,1113,134,201000.000000,200000.000000,0x0068db8bac71,8,4,0x0068db8cf8c1,85024,85611,75240,-1344,0,6,0,1,1,1,1,8760,84479,0x0068db8bac71,140737488355327,-140737488355328,-42,587,587
6,134,1121,135,201000.000000,200000.000000,0x0068db8bac71,8,4,0x0068db8cfadc,85564,86146,74568,-1344,0,6,0,1,1,1,1,8760,85024,0x0068db8bac71,140737488355327,-140737488355328,-42,582,582
6,135,1129,136,201000.000000,200000.000000,0x0068db8bac71,8,4,0x0068db8cfcf3,86099,86676,73900,-1340,0,6,0,1,1,1,1,8761,85564,0x0068db8bac71,140737488355327,-140737488355328,-42,577,577
6,136,1137,137,201000.000000,200000.000000,0x0068db8bac71,8,4,0x0068db8cff05,86629,87201,73228,-1340,0,6,0,1,1,1,1,8760,86099,0x0068db8bac71,140737488355327,-140737488355328,-42,572,572
6,137,1145,138,201000.000000,200000.000000,0x0068db8bac71,8,4,0x0068db8d0112,87153,87719,72556,-1344,0,6,0,1,1,1,1,8760,86629,0x0068db8bac71,140737488355327,-140737488355328,-42,566,566
6,138,1153,139,201000.000000,200000.000000,0x0068db8bac71,8,4,0x0068db8d0318,87672,88233,71884,-1344,0,6,0,1,1,1,1,8759,87153,0x0068db8bac71,140737488355327,-140737488355328,-42,561,561
6,139,1161,140,201000.000000,200000.000000,0x0068db8bac71,8,4,0x0068db8d051a,88186,88742,71212,-1344,0,6,0,1,1,1,1,8761,87672,0x0068db8bac71,140737488355327,-140737488355328,-42,556,556
6,140,1169,141,201000.000000,200000.000000,0x0068db8bac71,8,4,0x0068db8d0717,88695,89246,70540,-1344,0,6,0,1,1,1,1,8761,88186,0x0068db8bac71,140737488355327,-140737488355328,-42,551,551
6,141,1177,142,201000.000000,200000.000000,0x0068db8bac71,8,4,0x0068db8d090f,89198,89743,69872,-1340,0,6,0,1,1,1,1,8760,88695,0x0068db8bac71,140737488355327,-140737488355328,-42,545,545
6,142,1185,143,201000.000000,200000.000000,0x0068db8bac71,8,4,0x0068db8d0b00,89696,90236,69200,-1340,0,6,0,1,1,1,1,8760,89198,0x0068db8bac71,140737488355327,-140737488355328,-42,540,540
6,143,1193,144,201000.000000,200000.000000,0x0068db8bac71,8,4,0x0068db8d0ced,90189,90724,68528,-1344,0,6,0,1,1,1,1,8760,89696,0x0068db8bac71,140737488355327,-140737488355328,-42,535,535
6,144,1201,145,201000.000000,200000.000000,0x0068db8bac71,8,4,0x0068db8d0ed5,90677,91207,67856,-1344,0,6,0,1,1,1,1,8760,90189,0x0068db8bac71,140737488355327,-140737488355328,-42,530,530
6,145,1209,146,201000.000000,200000.000000,0x0068db8bac71,8,4,0x0068db8d10b8,91159,91683,67188,-1340,0,6,0,1,1,1,1,8760,90677,0x0068db8bac71,140737488355327,-140737488355328,-42,524,524
6,146,1217,147,201000.000000,200000.000000,0x0068db8bac71,8,4,0x0068db8d1294,91636,92155,66516,-1340,0,6,0,1,1,1,1,8760,91159,0x0068db8bac71,140737488355327,-140737488355328,-42,519,519
6,147,1225,148,201000.000000,200000.000000,0x0068db8bac71,8,4,0x0068db8d146c,92108,92622,65844,-1344,0,6,0,1,1,1,1,8760,91636,0x0068db8bac71,140737488355327,-140737488355328,-42,514,514
6,148,1233,149,201000.000000,200000.000000,0x0068db8bac71,8,4,0x0068db8d163f,92575,93084,65172,-1344,0,6,0,1,1,1,1,8759,92108,0x0068db8bac71,140737488355327,-140737488355328,-42,509,509
6,149,1241,150,201000.000000,200000.000000,0x0068db8bac71,8,4,0x0068db8d180d,93036,93539,64500,-1344,0,6,0,1,1,1,1,8760,92575,0x0068db8bac71,140737488355327,-140737488355328,-42,503,503
6,150,1249,151,201000.000000,200000.000000,0x0068db8bac71,8,4,0x0068db8d19d4,93492,93990,63832,-1340,0,6,0,1,1,1,1,8761,93036,0x0068db8bac71,140737488355327,-140737488355328,-42,498,498
6,151,1257,152,201000.000000,200000.000000,0x0068db8bac71,8,4,0x0068db8d1b97,93943,94436,63160,-1340,0,6,0,1,1,1,1,8762,93492,0x0068db8bac71,140737488355327,-140737488355328,-42,493,493
6,152,1265,153,201000.000000,200000.000000,0x0068db8bac71,8,4,0x0068db8d1d55,94389,94877,62488,-1344,0,6,0,1,1,1,1,8761,93943,0x0068db8bac71,140737488355327,-140737488355328,-42,488,488
6,153,1273,154,201000.000000,200000.000000,0x0068db8bac71,8,4,0x0068db8d1f0e,94829,95311,61816,-1344,0,6,0,1,1,1,1,8762,94389,0x0068db8bac71,140737488355327,-140737488355328,-42,482,482
6,154,1281,155,201000.000000,200000.000000,0x0068db8bac71,8,4,0x0068db8d20c0,95264,95741,61148,-1340,0,6,0,1,1,1,1,8762,94829,0x0068db8bac71,140737488355327,-140737488355328,-42,477,477
6,155,1289,156,201000.000000,200000.000000,0x0068db8bac71,8,4,0x0068db8d226e,95694,96166,60476,-1340,0,6,0,1,1,1,1,8762,95264,0x0068db8bac71,140737488355327,-140737488355328,-42,472,472
6,156,1297,157,201000.000000,200000.000000,0x0068db8bac71,8,4,0x0068db8d2417,96119,96586,59804,-1344,0,6,0,1,1,1,1,8762,95694,0x0068db8bac71,140737488355327,-140737488355328,-42,467,467
6,157,1305,158,201000.000000,200000.000000,0x0068db8bac71,8,4,0x0068db8d25bb,96538,96999,59132,-1344,0,6,0,1,1,1,1,8763,96119,0x0068db8bac71,140737488355327,-140737488355328,-42,461,461
6,158,1313,159,201000.000000,200000.000000,0x0068db8bac71,8,4,0x0068db8d2758,96952,97408,58460,-1344,0,6,0,1,1,1,1,8762,96538,0x0068db8bac71,140737488355327,-140737488355328,-42,456,456
6,159,1321,160,201000.000000,200000.000000,0x0068db8bac71,8,4,0x0068db8d28f1,97361,97812,57788,-1344,0,6,0,1,1,1,1,8763,96952,0x0068db8bac71,140737488355327,-140737488355328,-42,451,451
6,160,1329,161,201000.000000,200000.000000,0x0068db8bac71,8,4,0x0068db8d2a85,97765,98211,57120,-1340,0,6,0,1,1,1,1,8763,97361,0x0068db8bac71,140737488355327,-140737488355328,-42,446,446
6,161,1337,162,201000.000000,200000.000000,0x0068db8bac71,8,4,0x0068db8d2c14,98164,98605,56448,-1340,0,6,0,1,1,1,1,8763,97765,0x0068db8bac71,140737488355327,-140737488355328,-42,441,441
6,162,1345,163,201000.000000,200000.000000,0x0068db8bac71,8,4,0x0068db8d2d9e,98557,98992,55776,-1344,0,6,0,1,1,1,1,8763,98164,0x0068db8bac71,140737488355327,-140737488355328,-42,435,435
6,163,1353,164,201000.000000,200000.000000,0x0068db8bac71,8,4,0x0068db8d2f21,98945,99375,55104,-1344,0,6,0,1,1,1,1,8764,98557,0x0068db8bac71,140737488355327,-140737488355328,-42,430,430
6,164,1361,165,201000.000000,200000.000000,0x0068db8bac71,8,4,0x0068db8d30a0,99328,99753,54436,-1340,0,6,0,1,1,1,1,8764,98945,0x0068db8bac71,140737488355327,-140737488355328,-42,425,425
6,165,1369,166,201000.000000,200000.000000,0x0068db8bac71,8,4,0x0068db8d321a,99706,100126,53764,-1340,0,6,0,1,1,1,1,8763,99328,0x0068db8bac71,140737488355327,-140737488355328,-42,420,420
6,166,1377,167,201000.000000,200000.000000,0x0068db8bac71,8,4,0x0068db8d338f,100078,100492,53092,-1344,0,6,0,1,1,1,1,8763,99706,0x0068db8bac71,140737488355327,-140737488355328,-42,414,414
6,167,1385,168,201000.000000,200000.000000,0x0068db8bac71,8,4,0x0068db8d34fd,100445,100854,52420,-1344,0,6,0,1,1,1,1,8764,100078,0x0068db8bac71,140737488355327,-140737488355328,-42,409,409
6,168,1393,169,201000.000000,200000.000000,0x0068db8bac71,8,4,0x0068db8d3667,100807,101211,51748,-1344,0,6,0,1,1,1,1,8764,100445,0x0068db8bac71,140737488355327,-140737488355328,-42,404,404
6,169,1401,170,201000.000000,200000.000000,0x0068db8bac71,8,4,0x0068db8d37cc,101164,101563,51080,-1340,0,6,0,1,1,1,1,8764,100807,0x0068db8bac71,140737488355327,-140737488355328,-42,399,399
6,170,1409,171,201000.000000,200000.000000,0x0068db8bac71,8,4,0x0068db8d392c,101515,101908,50408,-1340,0,6,0,1,1,1,1,8764,101164,0x0068db8bac71,140737488355327,-140737488355328,-42,393,393
6,171,1417,172,201000.000000,200000.000000,0x0068db8bac71,8,4,0x0068db8d3a85,101861,102249,49736,-1344,0,6,0,1,1,1,1,8764,101515,0x0068db8bac71,140737488355327,-140737488355328,-42,388,388
6,172,1425,173,201000.000000,200000.000000,0x0068db8bac71,8,4,0x0068db8d3bda,102202,102585,49064,-1344,0,6,0,1,1,1,1,8764,101861,0x0068db8bac71,140737488355327,-140737488355328,-42,383,383
6,173,1433,174,201000.000000,200000.000000,0x0068db8bac71,8,4,0x0068db8d3d2a,102538,102916,48396,-1340,0,6,0,1,1,1,1,8763,102202,0x0068db8bac71,140737488355327,-140737488355328,-42,378,378
6,174,1441,175,201000.000000,200000.000000,0x0068db8bac71,8,4,0x0068db8d3e75,102868,103240,47724,-1340,0,6,0,1,1,1,1,8764,102538,0x0068db8bac71,140737488355327,-140737488355328,-42,372,372
6,175,1449,176,201000.000000,200000.000000,0x0068db8bac71,8,4,0x0068db8d3fb9,103193,103560,47052,-1344,0,6,0,1,1,1,1,8764,102868,0x0068db8bac71,140737488355327,-140737488355328,-42,367,367
6,176,1457,177,201000.000000,200000.000000,0x0068db8bac71,8,4,0x0068db8d40f9,103513,103875,46384,-1340,0,6,0,1,1,1,1,8764,103193,0x0068db8bac71,140737488355327,-140737488355328,-42,362,362
6,177,1465,178,201000.000000,200000.000000,0x0068db8bac71,8,4,0x0068db8d4234,103828,104185,45712,-1340,0,6,0,1,1,1,1,8765,103513,0x0068db8bac71,140737488355327,-140737488355328,-42,357,357
6,178,1473,179,201000.000000,200000.000000,0x0068db8bac71,8,4,0x0068db8d436a,104137,104488,45040,-1344,0,6,0,1,1,1,1,8764,103828,0x0068db8bac71,140737488355327,-140737488355328,-42,351,351
6,179,1481,180,201000.000000,200000.000000,0x0068db8bac71,8,4,0x0068db8d4499,104441,104787,44372,-1340,0,6,0,1,1,1,1,8764,104137,0x0068db8bac71,140737488355327,-140737488355328,-42,346,346
6,180,1489,181,201000.000000,200000.000000,0x0068db8bac71,8,4,0x0068db8d45c4,104740,105081,43700,-1340,0,6,0,1,1,1,1,8764,104441,0x0068db8bac71,140737488355327,-140737488355328,-42,341,341
6,181,1497,182,201000.000000,200000.000000,0x0068db8bac71,8,4,0x0068db8d46ea,105034,105370,43028,-1344,0,6,0,1,1,1,1,8764,104740,0x0068db8bac71,140737488355327,-140737488355328,-42,336,336
6,182,1505,183,201000.000000,200000.000000,0x0068db8bac71,8,4,0x0068db8d480b,105322,105652,42360,-1340,0,6,0,1,1,1,1,8765,105034,0x0068db8bac71,140737488355327,-140737488355328,-42,330,330
6,183,1513,184,201000.000000,200000.000000,0x0068db8bac71,8,4,0x0068db8d4925,105605,105930,41688,-1340,0,6,0,1,1,1,1,8765,105322,0x0068db8bac71,140737488355327,-140737488355328,-42,325,325
6,184,1521,185,201000.000000,200000.000000,0x0068db8bac71,8,4,0x0068db8d4a3b,105883,106203,41016,-1344,0,6,0,1,1,1,1,8765,105605,0x0068db8bac71,140737488355327,-140737488355328,-42,320,320
6,185,1529,186,201000.000000,200000.000000,0x0068db8bac71,8,4,0x0068db8d4b4c,106156,106471,40344,-1344,0,6,0,1,1,1,1,8764,105883,0x0068db8bac71,140737488355327,-140737488355328,-42,315,315
6,186,1537,187,201000.000000,200000.000000,0x0068db8bac71,8,4,0x0068db8d4c58,106423,106732,39676,-1340,0,6,0,1,1,1,1,8765,106156,0x0068db8bac71,140737488355327,-140737488355328,-42,309,309
6,187,1545,188,201000.000000,200000.000000,0x0068db8bac71,8,4,0x0068db8d4d5d,106685,106989,39004,-1340,0,6,0,1,1,1,1,8765,106423,0x0068db8bac71,140737488355327,-140737488355328,-42,304,304
6,188,1553,189,201000.000000,200000.000000,0x0068db8bac71,8,4,0x0068db8d4e5e,106942,107241,38332,-1344,0,6,0,1,1,1,1,8765,106685,0x0068db8bac71,140737488355327,-140737488355328,-42,299,299
6,189,1561,190,201000.000000,200000.000000,0x0068db8bac71,8,4,0x0068db8d4f5a,107194,107488,37664,-1340,0,6,0,1,1,1,1,8764,106942,0x0068db8bac71,140737488355327,-140737488355328,-42,294,294
6,190,1569,191,201000.000000,200000.000000,0x0068db8bac71,8,4,0x0068db8d5051,107441,107730,36992,-1340,0,6,0,1,1,1,1,8765,107194,0x0068db8bac71,140737488355327,-140737488355328,-42,289,289
6,191,1577,192,201000.000000,200000.000000,0x0068db8bac71,8,4,0x0068db8d5143,107682,107965,36320,-1344,0,6,0,1,1,1,1,8765,107441,0x0068db8bac71,140737488355327,-140737488355328,-42,283,283
6,192,1585,193,201000.000000,200000.000000,0x0068db8bac71,8,4,0x0068db8d522e,107918,108196,35648,-1344,0,6,0,1,1,1,1,8765,107682,0x0068db8bac71,140737488355327,-140737488355328,-42,278,278
6,193,1593,194,201000.000000,200000.000000,0x0068db8bac71,8,4,0x0068db8d5315,108149,108422,34976,-1344,0,6,0,1,1,1,1,8765,107918,0x0068db8bac71,140737488355327,-140737488355328,-42,273,273
6,194,1601,195,201000.000000,200000.000000,0x0068db8bac71,8,4,0x0068db8d53f7,108375,108643,34308,-1340,0,6,0,1,1,1,1,8765,108149,0x0068db8bac71,140737488355327,-140737488355328,-42,268,268
6,195,1609,196,201000.000000,200000.000000,0x0068db8bac71,8,4,0x0068db8d54d4,108595,108857,33636,-1340,0,6,0,1,1,1,1,8765,108375,0x0068db8bac71,140737488355327,-140737488355328,-42,262,262
6,196,1617,197,201000.000000,200000.000000,0x0068db8bac71,8,4,0x0068db8d55aa,108810,109067,32964,-1344,0,6,0,1,1,1,1,8765,108595,0x0068db8bac71,140737488355327,-140737488355328,-42,257,257
6,197,1625,198,201000.000000,200000.000000,0x0068db8bac71,8,4,0x0068db8d567c,111580,112344,97828,64192,0,6,0,1,1,1,1,8764,108810,0x0068db8bac71,140737488355327,-140737488355328,2006,764,764
6,198,1633,199,201000.000000,200000.000000,0x0068db8bac71,8,4,0x0068db8d6349,114345,115104,97156,64192,0,6,0,1,1,1,1,8764,111580,0x0068db8bac71,140737488355327,-140737488355328,2006,759,759
6,199,1641,200,201000.000000,200000.000000,0x0068db8bac71,8,4,0x0068db8d6e11,115056,115809,96488,-1340,0,6,0,1,1,1,1,8765,114345,0x0068db8bac71,140737488355327,-140737488355328,-42,753,753
6,200,1649,201,201000.000000,200000.000000,0x0068db8bac71,8,4,0x0068db8d70d2,115762,116510,95816,-1340,0,6,0,1,1,1,1,8764,115056,0x0068db8bac71,140737488355327,-140737488355328,-42,748,748
6,201,1657,202,201000.000000,200000.000000,0x0068db8bac71,8,4,0x0068db8d738f,116463,117206,95144,-1344,0,6,0,1,1,1,1,8764,115762,0x0068db8bac71,140737488355327,-140737488355328,-42,743,743
6,202,1665,203,201000.000000,200000.000000,0x0068db8bac71,8,4,0x0068db8d7647,117159,117897,94476,-1340,0,6,0,1,1,1,1,8763,116463,0x0068db8bac71,140737488355327,-140737488355328,-42,738,738
6,203,1673,204,201000.000000,200000.000000,0x0068db8bac71,8,4,0x0068db8d78fa,117849,118581,93804,-1340,0,6,0,1,1,1,1,8764,117159,0x0068db8bac71,140737488355327,-140737488355328,-42,732,732
6,204,1681,205,201000.000000,200000.000000,0x0068db8bac71,8,4,0x0068db8d7ba6,118534,119261,93132,-1344,0,6,0,1,1,1,1,8763,117849,0x0068db8bac71,140737488355327,-140737488355328,-42,727,727
6,205,1689,206,201000.000000,200000.000000,0x0068db8bac71,8,4,0x0068db8d7e4e,119214,119936,92460,-1344,0,6,0,1,1,1,1,8763,118534,0x0068db8bac71,140737488355327,-140737488355328,-42,722,722
6,206,1697,207,201000.000000,200000.000000,0x0068db8bac71,8,4,0x0068db8d80f1,119889,120606,91788,-1344,0,6,0,1,1,1,1,8762,119214,0x0068db8bac71,140737488355327,-140737488355328,-42,717,717
6,207,1705,208,201000.000000,200000.000000,0x0068db8bac71,8,4,0x0068db8d838f,120558,121269,91120,-1340,0,6,0,1,1,1,1,8762,119889,0x0068db8bac71,140737488355327,-140737488355328,-42,711,711
6,208,1713,209,201000.000000,200000.000000,0x0068db8bac71,8,4,0x0068db8d8626,121222,121928,90448,-1340,0,6,0,1,1,1,1,8762,120558,0x0068db8bac71,140737488355327,-140737488355328,-42,706,706
6,209,1721,210,201000.000000,200000.000000,0x0068db8bac71,8,4,0x0068db8d88b9,121881,122582,89776,-1344,0,6,0,1,1,1,1,8762,121222,0x0068db8bac71,140737488355327,-140737488355328,-42,701,701
6,210,1729,211,201000.000000,200000.000000,0x0068db8bac71,8,4,0x0068db8d8b47,122535,123231,89108,-1340,0,6,0,1,1,1,1,8761,121881,0x0068db8bac71,140737488355327,-140737488355328,-42,696,696
6,211,1737,212,201000.000000,200000.000000,0x0068db8bac71,8,4,0x0068db8d8dd0,123183,123873,88436,-1340,0,6,0,1,1,1,1,8761,122535,0x0068db8bac71,140737488355327,-140737488355328,-42,690,690
6,212,1745,213,201000.000000,200000.000000,0x0068db8bac71,8,4,0x0068db8d9052,123826,124511,87764,-1344,0,6,0,1,1,1,1,8760,123183,0x0068db8bac71,140737488355327,-140737488355328,-42,685,685
6,213,1753,214,201000.000000,200000.000000,0x0068db8bac71,8,4,0x0068db8d92d0,124464,125144,87092,-1344,0,6,0,1,1,1,1,8761,123826,0x0068db8bac71,140737488355327,-140737488355328,-42,680,680
6,214,1761,215,201000.000000,200000.000000,0x0068db8bac71,8,4,0x0068db8d9549,125097,125772,86420,-1344,0,6,0,1,1,1,1,8761,124464,0x0068db8bac71,140737488355327,-140737488355328,-42,675,675
6,215,1769,216,201000.000000,200000.000000,0x0068db8bac71,8,4,0x0068db8d97bd,125724,126393,85748,-1344,0,6,0,1,1,1,1,8761,125097,0x0068db8bac71,140737488355327,-140737488355328,-42,669,669
6,216,1777,217,201000.000000,200000.000000,0x0068db8bac71,8,4,0x0068db8d9a2a,126346,127010,85080,-1340,0,6,0,1,1,1,1,8761,125724,0x0068db8bac71,140737488355327,-140737488355328,-42,664,664
6,217,1785,218,201000.000000,200000.000000,0x0068db8bac71,8,4,0x0068db8d9c93,126963,127622,84408,-1340,0,6,0,1,1,1,1,8762,126346,0x0068db8bac71,140737488355327,-140737488355328,-42,659,659
6,218,1793,219,201000.000000,200000.000000,0x0068db8bac71,8,4,0x0068db8d9ef7,127575,128229,83740,-1340,0,6,0,1,1,1,1,8762,126963,0x0068db8bac71,140737488355327,-140737488355328,-42,654,654
6,219,1801,220,201000.000000,200000.000000,0x0068db8bac71,8,4,0x0068db8da156,128181,128829,83068,-1340,0,6,0,1,1,1,1,8761,127575,0x0068db8bac71,140737488355327,-140737488355328,-42,648,648
6,220,1809,221,201000.000000,200000.000000,0x0068db8bac71,8,4,0x0068db8da3ae,128782,129425,82396,-1344,0,6,0,1,1,1,1,8760,128181,0x0068db8bac71,140737488355327,-140737488355328,-42,643,643
6,221,1817,222,201000.000000,200000.000000,0x0068db8bac71,8,4,0x0068db8da602,129378,130016,81724,-1344,0,6,0,1,1,1,1,8760,128782,0x0068db8bac71,140737488355327,-140737488355328,-42,638,638
6,222,1825,223,201000.000000,200000.000000,0x0068db8bac71,8,4,0x0068db8da851,129969,130602,81052,-1344,0,6,0,1,1,1,1,8760,129378,0x0068db8bac71,140737488355327,-140737488355328,-42,633,633
6,223,1833,224,201000.000000,200000.000000,0x0068db8bac71,8,4,0x0068db8daa9b,130554,131181,80380,-1344,0,6,0,1,1,1,1,8761,129969,0x0068db8bac71,140737488355327,-140737488355328,-42,627,627
6,224,1841,225,201000.000000,200000.000000,0x0068db8bac71,8,4,0x0068db8dacde,131134,131756,79712,-1340,0,6,0,1,1,1,1,8761,130554,0x0068db8bac71,140737488355327,-140737488355328,-42,622,622
6,225,1849,226,201000.000000,200000.000000,0x0068db8bac71,8,4,0x0068db8daf1d,131709,132326,79040,-1340,0,6,0,1,1,1,1,8760,131134,0x0068db8bac71,140737488355327,-140737488355328,-42,617,617
6,226,1857,227,201000.000000,200000.000000,0x0068db8bac71,8,4,0x0068db8db157,132279,132891,78368,-1344,0,6,0,1,1,1,1,8761,131709,0x0068db8bac71,140737488355327,-140737488355328,-42,612,612
6,227,1865,228,201000.000000,200000.000000,0x0068db8bac71,8,4,0x0068db8db38c,132844,133451,77696,-1344,0,6,0,1,1,1,1,8761,132279,0x0068db8bac71,140737488355327,-140737488355328,-42,607,607
6,228,1873,229,201000.000000,200000.000000,0x0068db8bac71,8,4,0x0068db8db5bc,133403,134004,77024,-1344,0,6,0,1,1,1,1,8761,132844,0x0068db8bac71,140737488355327,-140737488355328,-42,601,601
6,229,1881,230,201000.000000,200000.000000,0x0068db8bac71,8,4,0x0068db8db7e5,133957,134553,76356,-1340,0,6,0,1,1,1,1,8760,133403,0x0068db8bac71,140737488355327,-140737488355328,-42,596,596
6,230,1889,231,201000.000000,200000.000000,0x0068db8bac71,8,4,0x0068db8dba0a,134506,135097,75680,-1344,0,6,0,1,1,1,1,8760,133957,0x0068db8bac71,140737488355327,-140737488355328,-42,591,591
6,231,1897,232,201000.000000,200000.000000,0x0068db8bac71,8,4,0x0068db8dbc2a,135049,135635,75008,-1348,0,6,0,1,1,1,1,8761,134506,0x0068db8bac71,140737488355327,-140737488355328,-43,586,586
6,232,1905,233,201000.000000,200000.000000,0x0068db8bac71,8,4,0x0068db8dbe44,135587,136167,74340,-1340,0,6,0,1,1,1,1,8760,135049,0x0068db8bac71,140737488355327,-140737488355328,-42,580,580
6,233,1913,234,201000.000000,200000.000000,0x0068db8bac71,8,4,0x0068db8dc058,136120,136695,73664,-1344,0,6,0,1,1,1,1,8760,135587,0x0068db8bac71,140737488355327,-140737488355328,-42,575,575
6,234,1921,235,201000.000000,200000.000000,0x0068db8bac71,8,4,0x0068db8dc268,136648,137218,72996,-1344,0,6,0,1,1,1,1,8761,136120,0x0068db8bac71,140737488355327,-140737488355328,-42,570,570
6,235,1929,236,201000.000000,200000.000000,0x0068db8bac71,8,4,0x0068db8dc473,137171,137736,72324,-1340,0,6,0,1,1,1,1,8760,136648,0x0068db8bac71,140737488355327,-140737488355328,-42,565,565
6,236,1937,237,201000.000000,200000.000000,0x0068db8bac71,8,4,0x0068db8dc679,137688,138247,71652,-1344,0,6,0,1,1,1,1,8761,137171,0x0068db8bac71,140737488355327,-140737488355328,-42,559,559
6,237,1945,238,201000.000000,200000.000000,0x0068db8bac71,8,4,0x0068db8dc878,138200,138754,70984,-1340,0,6,0,1,1,1,1,8760,137688,0x0068db8bac71,140737488355327,-140737488355328,-42,554,554
6,238,1953,239,201000.000000,200000.000000,0x0068db8bac71,8,4,0x0068db8dca73,138707,139256,70312,-1340,0,6,0,1,1,1,1,8760,138200,0x0068db8bac71,140737488355327,-140737488355328,-42,549,549
6,239,1961,240,201000.000000,200000.000000,0x0068db8bac71,8,4,0x0068db8dcc69,139209,139753,69640,-1344,0,6,0,1,1,1,1,8760,138707,0x0068db8bac71,140737488355327,-140737488355328,-42,544,544
6,240,1969,241,201000.000000,200000.000000,0x0068db8bac71,8,4,0x0068db8dce5a,139705,140243,68968,-1344,0,6,0,1,1,1,1,8760,139209,0x0068db8bac71,140737488355327,-140737488355328,-42,538,538
6,241,1977,242,201000.000000,200000.000000,0x0068db8bac71,8,4,0x0068db8dd044,140196,140729,68296,-1344,0,6,0,1,1,1,1,8760,139705,0x0068db8bac71,140737488355327,-140737488355328,-42,533,533
6,242,1985,243,201000.000000,200000.000000,0x0068db8bac71,8,4,0x0068db8dd22a,140682,141210,67628,-1340,0,6,0,1,1,1,1,8761,140196,0x0068db8bac71,140737488355327,-140737488355328,-42,528,528
6,243,1993,244,201000.000000,200000.000000,0x0068db8bac71,8,4,0x0068db8dd40b,141163,141686,66956,-1340,0,6,0,1,1,1,1,8761,140682,0x0068db8bac71,140737488355327,-140737488355328,-42,523,523
6,244,2001,245,201000.000000,200000.000000,0x0068db8bac71,8,4,0x0068db8dd5e7,141638,142155,66284,-1344,0,6,0,1,1,1,1,8759,141163,0x0068db8bac71,140737488355327,-140737488355328,-42,517,517
6,245,2009,246,201000.000000,200000.000000,0x0068db8bac71,8,4,0x0068db8dd7bc,142108,142620,65612,-1344,0,6,0,1,1,1,1,8759,141638,0x0068db8bac71,140737488355327,-140737488355328,-42,512,512
6,246,2017,247,201000.000000,200000.000000,0x0068db8bac71,8,4,0x0068db8dd98d,142573,143080,64940,-1344,0,6,0,1,1,1,1,8760,142108,0x0068db8bac71,140737488355327,-140737488355328,-42,507,507
6,247,2025,248,201000.000000,200000.000000,0x0068db8bac71,8,4,0x0068db8ddb59,143033,143535,64268,-1344,0,6,0,1,1,1,1,8761,142573,0x0068db8bac71,140737488355327,-140737488355328,-42,502,502
6,248,2033,249,201000.000000,200000.000000,0x0068db8bac71,8,4,0x0068db8ddd20,143487,143983,63600,-1340,0,6,0,1,1,1,1,8761,143033,0x0068db8bac71,140737488355327,-140737488355328,-42,496,496
6,249,2041,250,201000.000000,200000.000000,0x0068db8bac71,8,4,0x0068db8ddee0,143936,144427,62928,-1340,0,6,0,1,1,1,1,8760,143487,0x0068db8bac71,140737488355327,-140737488355328,-42,491,491
6,250,2049,251,201000.000000,200000.000000,0x0068db8bac71,8,4,0x0068db8de09c,144380,144866,62256,-1344,0,6,0,1,1,1,1,8761,143936,0x0068db8bac71,140737488355327,-140737488355328,-42,486,486
6,251,2057,252,201000.000000,200000.000000,0x0068db8bac71,8,4,0x0068db8de253,144819,145300,61584,-1344,0,6,0,1,1,1,1,8762,144380,0x0068db8bac71,140737488355327,-140737488355328,-42,481,481
6,252,2065,253,201000.000000,200000.000000,0x0068db8bac71,8,4,0x0068db8de405,145252,145727,60916,-1340,0,6,0,1,1,1,1,8762,144819,0x0068db8bac71,140737488355327,-140737488355328,-42,475,475
6,253,2073,254,201000.000000,200000.000000,0x0068db8bac71,8,4,0x0068db8de5b0,145680,146150,60244,-1340,0,6,0,1,1,1,1,8761,145252,0x0068db8bac71,140737488355327,-140737488355328,-42,470,470
6,254,2081,255,201000.000000,200000.000000,0x0068db8bac71,8,4,0x0068db8de757,146103,146568,59572,-1344,0,6,0,1,1,1,1,8762,145680,0x0068db8bac71,140737488355327,-140737488355328,-42,465,465
6,255,2089,256,201000.000000,200000.000000,0x0068db8bac71,8,4,0x0068db8de8f9,146521,146981,58904,-1340,0,6,0,1,1,1,1,8762,146103,0x0068db8bac71,140737488355327,-140737488355328,-42,460,460
6,256,2097,257,201000.000000,200000.000000,0x0068db8bac71,8,4,0x0068db8dea96,146933,147387,58232,-1340,0,6,0,1,1,1,1,8762,146521,0x0068db8bac71,140737488355327,-140737488355328,-42,454,454
6,257,2105,258,201000.000000,200000.000000,0x0068db8bac71,8,4,0x0068db8dec2c,147340,147789,57560,-1344,0,6,0,1,1,1,1,8763,146933,0x0068db8bac71,140737488355327,-140737488355328,-42,449,449
6,258,2113,259,201000.000000,200000.000000,0x0068db8bac71,8,4,0x0068db8dedbe,147742,148186,56888,-1344,0,6,0,1,1,1,1,8764,147340,0x0068db8bac71,140737488355327,-140737488355328,-42,444,444
6,259,2121,260,201000.000000,200000.000000,0x0068db8bac71,8,4,0x0068db8def4b,148139,148578,56216,-1344,0,6,0,1,1,1,1,8762,147742,0x0068db8bac71,140737488355327,-140737488355328,-42,439,439
6,260,2129,261,201000.000000,200000.000000,0x0068db8bac71,8,4,0x0068db8df0d3,148530,148963,55544,-1344,0,6,0,1,1,1,1,8763,148139,0x0068db8bac71,140737488355327,-140737488355328,-42,433,433
6,261,2137,262,201000.000000,200000.000000,0x0068db8bac71,8,4,0x0068db8df254,148916,149344,54876,-1340,0,6,0,1,1,1,1,8763,148530,0x0068db8bac71,140737488355327,-140737488355328,-42,428,428
6,262,2145,263,201000.000000,200000.000000,0x0068db8bac71,8,4,0x0068db8df3d1,149297,149720,54204,-1340,0,6,0,1,1,1,1,8763,148916,0x0068db8bac71,140737488355327,-140737488355328,-42,423,423
6,263,2153,264,201000.000000,200000.000000,0x0068db8bac71,8,4,0x0068db8df549,149673,150091,53532,-1344,0,6,0,1,1,1,1,8763,149297,0x0068db8bac71,140737488355327,-140737488355328,-42,418,418
6,264,2161,265,201000.000000,200000.000000,0x0068db8bac71,8,4,0x0068db8df6bc,150043,150455,52860,-1344,0,6,0,1,1,1,1,8763,149673,0x0068db8bac71,140737488355327,-140737488355328,-42,412,412
6,265,2169,266,201000.000000,200000.000000,0x0068db8bac71,8,4,0x0068db8df828,150408,150815,52192,-1340,0,6,0,1,1,1,1,8764,150043,0x0068db8bac71,140737488355327,-140737488355328,-42,407,407
6,266,2177,267,201000.000000,200000.000000,0x0068db8bac71,8,4,0x0068db8df990,150768,151170,51520,-1340,0,6,0,1,1,1,1,8764,150408,0x0068db8bac71,140737488355327,-140737488355328,-42,402,402
6,267,2185,268,201000.000000,200000.000000,0x0068db8bac71,8,4,0x0068db8dfaf3,151123,151520,50848,-1344,0,6,0,1,1,1,1,8764,150768,0x0068db8bac71,140737488355327,-140737488355328,-42,397,397
6,268,2193,269,201000.000000,200000.000000,0x0068db8bac71,8,4,0x0068db8dfc51,151473,151865,50176,-1344,0,6,0,1,1,1,1,8764,151123,0x0068db8bac71,140737488355327,-140737488355328,-42,392,392
6,269,2201,270,201000.000000,200000.000000,0x0068db8bac71,8,4,0x0068db8dfdaa,151817,152203,49508,-1340,0,6,0,1,1,1,1,8764,151473,0x0068db8bac71,140737488355327,-140737488355328,-42,386,386
6,270,2209,271,201000.000000,200000.000000,0x0068db8bac71,8,4,0x0068db8dfefc,152156,152537,48832,-1344,0,6,0,1,1,1,1,8764,151817,0x0068db8bac71,140737488355327,-140737488355328,-42,381,381
6,271,2217,272,201000.000000,200000.000000,0x0068db8bac71,8,4,0x0068db8e004a,152490,152866,48164,-1344,0,6,0,1,1,1,1,8764,152156,0x0068db8bac71,140737488355327,-140737488355328,-42,376,376
6,272,2225,273,201000.000000,200000.000000,0x0068db8bac71,8,4,0x0068db8e0193,152819,153190,47492,-1340,0,6,0,1,1,1,1,8765,152490,0x0068db8bac71,140737488355327,-140737488355328,-42,371,371
6,273,2233,274,201000.000000,200000.000000,0x0068db8bac71,8,4,0x0068db8e02d7,153142,153507,46824,-1340,0,6,0,1,1,1,1,8764,152819,0x0068db8bac71,140737488355327,-140737488355328,-42,365,365
6,274,2241,275,201000.000000,200000.000000,0x0068db8bac71,8,4,0x0068db8e0414,153460,153820,46152,-1340,0,6,0,1,1,1,1,8764,153142,0x0068db8bac71,140737488355327,-140737488355328,-42,360,360
6,275,2249,276,201000.000000,200000.000000,0x0068db8bac71,8,4,0x0068db8e054d,153773,154128,45480,-1344,0,6,0,1,1,1,1,8765,153460,0x0068db8bac71,140737488355327,-140737488355328,-42,355,355
6,276,2257,277,201000.000000,200000.000000,0x0068db8bac71,8,4,0x0068db8e0681,154081,154431,44808,-1344,0,6,0,1,1,1,1,8764,153773,0x0068db8bac71,140737488355327,-140737488355328,-42,350,350
6,277,2265,278,201000.000000,200000.000000,0x0068db8bac71,8,4,0x0068db8e07b0,154383,154727,44140,-1340,0,6,0,1,1,1,1,8765,154081,0x0068db8bac71,140737488355327,-140737488355328,-42,344,344
6,278,2273,279,201000.000000,200000.000000,0x0068db8bac71,8,4,0x0068db8e08d8,154680,155019,43468,-1340,0,6,0,1,1,1,1,8764,154383,0x0068db8bac71,140737488355327,-140737488355328,-42,339,339
6,279,2281,280,201000.000000,200000.000000,0x0068db8bac71,8,4,0x0068db8e09fc,154972,155306,42796,-1344,0,6,0,1,1,1,1,8765,154680,0x0068db8bac71,140737488355327,-140737488355328,-42,334,334
6,280,2289,281,201000.000000,200000.000000,0x0068db8bac71,8,4,0x0068db8e0b1b,155259,155588,42128,-1340,0,6,0,1,1,1,1,8764,154972,0x0068db8bac71,140737488355327,-140737488355328,-42,329,329
6,281,2297,282,201000.000000,200000.000000,0x0068db8bac71,8,4,0x0068db8e0c35,155540,155863,41456,-1340,0,6,0,1,1,1,1,8765,155259,0x0068db8bac71,140737488355327,-140737488355328,-42,323,323
6,282,2305,283,201000.000000,200000.000000,0x0068db8bac71,8,4,0x0068db8e0d48,155816,156134,40784,-1344,0,6,0,1,1,1,1,8764,155540,0x0068db8bac71,140737488355327,-140737488355328,-42,318,318
6,283,2313,284,201000.000000,200000.000000,0x0068db8bac71,8,4,0x0068db8e0e57,156087,156400,40112,-1344,0,6,0,1,1,1,1,8764,155816,0x0068db8bac71,140737488355327,-140737488355328,-42,313,313
6,284,2321,285,201000.000000,200000.000000,0x0068db8bac71,8,4,0x0068db8e0f61,156353,156661,39444,-1340,0,6,0,1,1,1,1,8764,156087,0x0068db8bac71,140737488355327,-140737488355328,-42,308,308
6,285,2329,286,201000.000000,200000.000000,0x0068db8bac71,8,4,0x0068db8e1066,156613,156915,38772,-1340,0,6,0,1,1,1,1,8765,156353,0x0068db8bac71,140737488355327,-140737488355328,-42,302,302
6,286,2337,287,201000.000000,200000.000000,0x0068db8bac71,8,4,0x0068db8e1164,156868,157165,38100,-1344,0,6,0,1,1,1,1,8765,156613,0x0068db8bac71,140737488355327,-140737488355328,-42,297,297
6,287,2345,288,201000.000000,200000.000000,0x0068db8bac71,8,4,0x0068db8e125e,157118,157410,37432,-1340,0,6,0,1,1,1,1,8764,156868,0x0068db8bac71,140737488355327,-140737488355328,-42,292,292
6,288,2353,289,201000.000000,200000.000000,0x0068db8bac71,8,4,0x0068db8e1353,157363,157650,36760,-1340,0,6,0,1,1,1,1,8764,157118,0x0068db8bac71,140737488355327,-140737488355328,-42,287,287
6,289,2361,290,201000.000000,200000.000000,0x0068db8bac71,8,4,0x0068db8e1443,157602,157883,36088,-1344,0,6,0,1,1,1,1,8765,157363,0x0068db8bac71,140737488355327,-140737488355328,-42,281,281
6,290,2369,291,201000.000000,200000.000000,0x0068db8bac71,8,4,0x0068db8e152c,157836,158112,35416,-1344,0,6,0,1,1,1,1,8765,157602,0x0068db8bac71,140737488355327,-140737488355328,-42,276,276
6,291,2377,292,201000.000000,200000.000000,0x0068db8bac71,8,4,0x0068db8e1611,158065,158336,34744,-1344,0,6,0,1,1,1,1,8765,157836,0x0068db8bac71,140737488355327,-140737488355328,-42,271,271
6,292,2385,293,201000.000000,200000.000000,0x0068db8bac71,8,4,0x0068db8e16f1,158289,158555,34076,-1340,0,6,0,1,1,1,1,8765,158065,0x0068db8bac71,140737488355327,-140737488355328,-42,266,266
6,293,2393,294,201000.000000,200000.000000,0x0068db8bac71,8,4,0x0068db8e17cc,158507,158767,33404,-1340,0,6,0,1,1,1,1,8765,158289,0x0068db8bac71,140737488355327,-140737488355328,-42,260,260
6,294,2401,295,201000.000000,200000.000000,0x0068db8bac71,8,4,0x0068db8e18a0,161280,162047,98268,64192,0,6,0,1,1,1,1,8765,158507,0x0068db8bac71,140737488355327,-140737488355328,2006,767,767
6,295,2409,296,201000.000000,200000.000000,0x0068db8bac71,8,4,0x0068db8e2570,164048,164810,97596,64192,0,6,0,1,1,1,1,8765,161280,0x0068db8bac71,140737488355327,-140737488355328,2006,762,762
6,296,2417,297,201000.000000,200000.000000,0x0068db8bac71,8,4,0x0068db8e303b,164763,165520,96928,-1340,0,6,0,1,1,1,1,8764,164048,0x0068db8bac71,140737488355327,-140737488355328,-42,757,757
6,297,2425,298,201000.000000,200000.000000,0x0068db8bac71,8,4,0x0068db8e3301,165473,166225,96256,-1340,0,6,0,1,1,1,1,8764,164763,0x0068db8bac71,140737488355327,-140737488355328,-42,752,752
6,298,2433,299,201000.000000,200000.000000,0x0068db8bac71,8,4,0x0068db8e35c2,166177,166923,95584,-1344,0,6,0,1,1,1,1,8764,165473,0x0068db8bac71,140737488355327,-140737488355328,-42,746,746
6,299,2441,300,201000.000000,200000.000000,0x0068db8bac71,8,4,0x0068db8e387c,166876,167617,94912,-1344,0,6,0,1,1,1,1,8764,166177,0x0068db8bac71,140737488355327,-140737488355328,-42,741,741
6,300,2449,301,201000.000000,200000.000000,0x0068db8bac71,8,4,0x0068db8e3b32,167570,168306,94244,-1340,0,6,0,1,1,1,1,8764,166876,0x0068db8bac71,140737488355327,-140737488355328,-42,736,736
6,301,2457,302,201000.000000,200000.000000,0x0068db8bac71,8,4,0x0068db8e3de3,168259,168990,93572,-1340,0,6,0,1,1,1,1,8764,167570,0x0068db8bac71,140737488355327,-140737488355328,-42,731,731
6,302,2465,303,201000.000000,200000.000000,0x0068db8bac71,8,4,0x0068db8e408f,168942,169667,92900,-1344,0,6,0,1,1,1,1,8763,168259,0x0068db8bac71,140737488355327,-140737488355328,-42,725,725
6,303,2473,304,201000.000000,200000.000000,0x0068db8bac71,8,4,0x0068db8e4334,169620,170340,92228,-1344,0,6,0,1,1,1,1,8764,168942,0x0068db8bac71,140737488355327,-140737488355328,-42,720,720
6,304,2481,305,201000.000000,200000.000000,0x0068db8bac71,8,4,0x0068db8e45d5,170293,171008,91560,-1340,0,6,0,1,1,1,1,8763,169620,0x0068db8bac71,140737488355327,-140737488355328,-42,715,715
6,305,2489,306,201000.000000,200000.000000,0x0068db8bac71,8,4,0x0068db8e4871,170961,171671,90888,-1340,0,6,0,1,1,1,1,8763,170293,0x0068db8bac71,140737488355327,-140737488355328,-42,710,710
6,306,2497,307,201000.000000,200000.000000,0x0068db8bac71,8,4,0x0068db8e4b08,171623,172327,90216,-1344,0,6,0,1,1,1,1,8763,170961,0x0068db8bac71,140737488355327,-140737488355328,-42,704,704
6,307,2505,308,201000.000000,200000.000000,0x0068db8bac71,8,4,0x0068db8e4d98,172280,172979,89544,-1344,0,6,0,1,1,1,1,8763,171623,0x0068db8bac71,140737488355327,-140737488355328,-42,699,699
6,308,2513,309,201000.000000,200000.000000,0x0068db8bac71,8,4,0x0068db8e5024,172932,173626,88872,-1344,0,6,0,1,1,1,1,8762,172280,0x0068db8bac71,140737488355327,-140737488355328,-42,694,694
6,309,2521,310,201000.000000,200000.000000,0x0068db8bac71,8,4,0x0068db8e52ab,173579,174268,88204,-1340,0,6,0,1,1,1,1,8762,172932,0x0068db8bac71,140737488355327,-140737488355328,-42,689,689
6,310,2529,311,201000.000000,200000.000000,0x0068db8bac71,8,4,0x0068db8e552d,174220,174903,87532,-1340,0,6,0,1,1,1,1,8762,173579,0x0068db8bac71,140737488355327,-140737488355328,-42,683,683
6,311,2537,312,201000.000000,200000.000000,0x0068db8bac71,8,4,0x0068db8e57a8,174856,175534,86860,-1344,0,6,0,1,1,1,1,8761,174220,0x0068db8bac71,140737488355327,-140737488355328,-42,678,678
6,312,2545,313,201000.000000,200000.000000,0x0068db8bac71,8,4,0x0068db8e5a1f,175487,176160,86188,-1344,0,6,0,1,1,1,1,8761,174856,0x0068db8bac71,140737488355327,-140737488355328,-42,673,673
6,313,2553,314,201000.000000,200000.000000,0x0068db8bac71,8,4,0x0068db8e5c91,176113,176781,85520,-1340,0,6,0,1,1,1,1,8761,175487,0x0068db8bac71,140737488355327,-140737488355328,-42,668,668
6,314,2561,315,201000.000000,200000.000000,0x0068db8bac71,8,4,0x0068db8e5efe,176733,177395,84848,-1340,0,6,0,1,1,1,1,8761,176113,0x0068db8bac71,140737488355327,-140737488355328,-42,662,662
6,315,2569,316,201000.000000,200000.000000,0x0068db8bac71,8,4,0x0068db8e6164,177348,178005,84176,-1344,0,6,0,1,1,1,1,8759,176733,0x0068db8bac71,140737488355327,-140737488355328,-42,657,657
6,316,2577,317,201000.000000,200000.000000,0x0068db8bac71,8,4,0x0068db8e63c6,177958,178610,83508,-1340,0,6,0,1,1,1,1,8760,177348,0x0068db8bac71,140737488355327,-140737488355328,-42,652,652
6,317,2585,318,201000.000000,200000.000000,0x0068db8bac71,8,4,0x0068db8e6623,178563,179210,82836,-1340,0,6,0,1,1,1,1,8760,177958,0x0068db8bac71,140737488355327,-140737488355328,-42,647,647
6,318,2593,319,201000.000000,200000.000000,0x0068db8bac71,8,4,0x0068db8e687b,179162,179803,82164,-1344,0,6,0,1,1,1,1,8760,178563,0x0068db8bac71,140737488355327,-140737488355328,-42,641,641
6,319,2601,320,201000.000000,200000.000000,0x0068db8bac71,8,4,0x0068db8e6acc,179756,180392,81492,-1344,0,6,0,1,1,1,1,8759,179162,0x0068db8bac71,140737488355327,-140737488355328,-42,636,636
6,320,2609,321,201000.000000,200000.000000,0x0068db8bac71,8,4,0x0068db8e6d19,180345,180976,80820,-1344,0,6,0,1,1,1,1,8760,179756,0x0068db8bac71,140737488355327,-140737488355328,-42,631,631
6,321,2617,322,201000.000000,200000.000000,0x0068db8bac71,8,4,0x0068db8e6f61,180929,181555,80152,-1340,0,6,0,1,1,1,1,8760,180345,0x0068db8bac71,140737488355327,-140737488355328,-42,626,626
6,322,2625,323,201000.000000,200000.000000,0x0068db8bac71,8,4,0x0068db8e71a4,181507,182127,79480,-1340,0,6,0,1,1,1,1,8760,180929,0x0068db8bac71,140737488355327,-140737488355328,-42,620,620
6,323,2633,324,201000.000000,200000.000000,0x0068db8bac71,8,4,0x0068db8e73e0,182080,182695,78808,-1344,0,6,0,1,1,1,1,8760,181507,0x0068db8bac71,140737488355327,-140737488355328,-42,615,615
6,324,2641,325,201000.000000,200000.000000,0x0068db8bac71,8,4,0x0068db8e7618,182648,183258,78136,-1344,0,6,0,1,1,1,1,8760,182080,0x0068db8bac71,140737488355327,-140737488355328,-42,610,610
6,325,2649,326,201000.000000,200000.000000,0x0068db8bac71,8,4,0x0068db8e784b,183211,183816,77464,-1344,0,6,0,1,1,1,1,8760,182648,0x0068db8bac71,140737488355327,-140737488355328,-42,605,605
6,326,2657,327,201000.000000,200000.000000,0x0068db8bac71,8,4,0x0068db8e7a79,183768,184367,76792,-1344,0,6,0,1,1,1,1,8761,183211,0x0068db8bac71,140737488355327,-140737488355328,-42,599,599
6,327,2665,328,201000.000000,200000.000000,0x0068db8bac71,8,4,0x0068db8e7ca0,184320,184914,76124,-1340,0,6,0,1,1,1,1,8761,183768,0x0068db8bac71,140737488355327,-140737488355328,-42,594,594
6,328,2673,329,201000.000000,200000.000000,0x0068db8bac71,8,4,0x0068db8e7ec3,184867,185456,75452,-1340,0,6,0,1,1,1,1,8761,184320,0x0068db8bac71,140737488355327,-140737488355328,-42,589,589
6,329,2681,330,201000.000000,200000.000000,0x0068db8bac71,8,4,0x0068db8e80e1,185409,185993,74780,-1344,0,6,0,1,1,1,1,8761,184867,0x0068db8bac71,140737488355327,-140737488355328,-42,584,584
6,330,2689,331,201000.000000,200000.000000,0x0068db8bac71,8,4,0x0068db8e82fa,185945,186523,74108,-1344,0,6,0,1,1,1,1,8761,185409,0x0068db8bac71,140737488355327,-140737488355328,-42,578,578
6,331,2697,332,201000.000000,200000.000000,0x0068db8bac71,8,4,0x0068db8e850c,186476,187049,73436,-1344,0,6,0,1,1,1,1,8760,185945,0x0068db8bac71,140737488355327,-140737488355328,-42,573,573
6,332,2705,333,201000.000000,200000.000000,0x0068db8bac71,8,4,0x0068db8e871a,187002,187570,72764,-1344,0,6,0,1,1,1,1,8760,186476,0x0068db8bac71,140737488355327,-140737488355328,-42,568,568
6,333,2713,334,201000.000000,200000.000000,0x0068db8bac71,8,4,0x0068db8e8923,187523,188086,72092,-1344,0,6,0,1,1,1,1,8760,187002,0x0068db8bac71,140737488355327,-140737488355328,-42,563,563
6,334,2721,335,201000.000000,200000.000000,0x0068db8bac71,8,4,0x0068db8e8b27,188039,188597,71424,-1340,0,6,0,1,1,1,1,8761,187523,0x0068db8bac71,140737488355327,-140737488355328,-42,558,558
6,335,2729,336,201000.000000,200000.000000,0x0068db8bac71,8,4,0x0068db8e8d26,188549,189101,70752,-1340,0,6,0,1,1,1,1,8760,188039,0x0068db8bac71,140737488355327,-140737488355328,-42,552,552
6,336,2737,337,201000.000000,200000.000000,0x0068db8bac71,8,4,0x0068db8e8f1e,189054,189601,70080,-1344,0,6,0,1,1,1,1,8760,188549,0x0068db8bac71,140737488355327,-140737488355328,-42,547,547
6,337,2745,338,201000.000000,200000.000000,0x0068db8bac71,8,4,0x0068db8e9112,189554,190096,69408,-1344,0,6,0,1,1,1,1,8759,189054,0x0068db8bac71,140737488355327,-140737488355328,-42,542,542
6,338,2753,339,201000.000000,200000.000000,0x0068db8bac71,8,4,0x0068db8e9301,190049,190586,68736,-1344,0,6,0,1,1,1,1,8759,189554,0x0068db8bac71,140737488355327,-140737488355328,-42,537,537
6,339,2761,340,201000.000000,200000.000000,0x0068db8bac71,8,4,0x0068db8e94eb,190538,191069,68068,-1340,0,6,0,1,1,1,1,8761,190049,0x0068db8bac71,140737488355327,-140737488355328,-42,531,531
6,340,2769,341,201000.000000,200000.000000,0x0068db8bac71,8,4,0x0068db8e96ce,191022,191548,67392,-1344,0,6,0,1,1,1,1,8760,190538,0x0068db8bac71,140737488355327,-140737488355328,-42,526,526
6,341,2777,342,201000.000000,200000.000000,0x0068db8bac71,8,4,0x0068db8e98ad,191501,192022,66724,-1344,0,6,0,1,1,1,1,8760,191022,0x0068db8bac71,140737488355327,-140737488355328,-42,521,521
6,342,2785,343,201000.000000,200000.000000,0x0068db8bac71,8,4,0x0068db8e9a87,191975,192491,66052,-1340,0,6,0,1,1,1,1,8760,191501,0x0068db8bac71,140737488355327,-140737488355328,-42,516,516
6,343,2793,344,201000.000000,200000.000000,0x0068db8bac71,8,4,0x0068db8e9c5c,192443,192953,65380,-1344,0,6,0,1,1,1,1,8761,191975,0x0068db8bac71,140737488355327,-140737488355328,-42,510,510
6,344,2801,345,201000.000000,200000.000000,0x0068db8bac71,8,4,0x0068db8e9e2a,192906,193411,64708,-1344,0,6,0,1,1,1,1,8761,192443,0x0068db8bac71,140737488355327,-140737488355328,-42,505,505
6,345,2809,346,201000.000000,200000.000000,0x0068db8bac71,8,4,0x0068db8e9ff4,193364,193864,64036,-1344,0,6,0,1,1,1,1,8761,192906,0x0068db8bac71,140737488355327,-140737488355328,-42,500,500
6,346,2817,347,201000.000000,200000.000000,0x0068db8bac71,8,4,0x0068db8ea1b9,193817,194312,63368,-1340,0,6,0,1,1,1,1,8760,193364,0x0068db8bac71,140737488355327,-140737488355328,-42,495,495
6,347,2825,348,201000.000000,200000.000000,0x0068db8bac71,8,4,0x0068db8ea379,194264,194753,62696,-1340,0,6,0,1,1,1,1,8761,193817,0x0068db8bac71,140737488355327,-140737488355328,-42,489,489
6,348,2833,349,201000.000000,200000.000000,0x0068db8bac71,8,4,0x0068db8ea532,194706,195190,62024,-1344,0,6,0,1,1,1,1,8761,194264,0x0068db8bac71,140737488355327,-140737488355328,-42,484,484
6,349,2841,350,201000.000000,200000.000000,0x0068db8bac71,8,4,0x0068db8ea6e7,195143,195622,61352,-1344,0,6,0,1,1,1,1,8761,194706,0x0068db8bac71,140737488355327,-140737488355328,-42,479,479
6,350,2849,351,201000.000000,200000.000000,0x0068db8bac71,8,4,0x0068db8ea897,195575,196049,60684,-1340,0,6,0,1,1,1,1,8761,195143,0x0068db8bac71,140737488355327,-140737488355328,-42,474,474
6,351,2857,352,201000.000000,200000.000000,0x0068db8bac71,8,4,0x0068db8eaa42,196001,196469,60012,-1340,0,6,0,1,1,1,1,8762,195575,0x0068db8bac71,140737488355327,-140737488355328,-42,468,468
6,352,2865,353,201000.000000,200000.000000,0x0068db8bac71,8,4,0x0068db8eabe6,196422,196885,59340,-1344,0,6,0,1,1,1,1,8761,196001,0x0068db8bac71,140737488355327,-140737488355328,-42,463,463
6,353,2873,354,201000.000000,200000.000000,0x0068db8bac71,8,4,0x0068db8ead86,196838,197296,58668,-1344,0,6,0,1,1,1,1,8762,196422,0x0068db8bac71,140737488355327,-140737488355328,-42,458,458
6,354,2881,355,201000.000000,200000.000000,0x0068db8bac71,8,4,0x0068db8eaf21,197249,197702,58000,-1340,0,6,0,1,1,1,1,8762,196838,0x0068db8bac71,140737488355327,-140737488355328,-42,453,453
6,355,2889,356,201000.000000,200000.000000,0x0068db8bac71,8,4,0x0068db8eb0b7,197654,198101,57328,-1340,0,6,0,1,1,1,1,8762,197249,0x0068db8bac71,140737488355327,-140737488355328,-42,447,447
6,356,2897,357,201000.000000,200000.000000,0x0068db8bac71,8,4,0x0068db8eb246,198054,198496,56656,-1344,0,6,0,1,1,1,1,8763,197654,0x0068db8bac71,140737488355327,-140737488355328,-42,442,442
6,357,2905,358,201000.000000,200000.000000,0x0068db8bac71,8,4,0x0068db8eb3d1,198449,198886,55984,-1344,0,6,0,1,1,1,1,8763,198054,0x0068db8bac71,140737488355327,-140737488355328,-42,437,437
6,358,2913,359,201000.000000,200000.000000,0x0068db8bac71,8,4,0x0068db8eb557,198839,199271,55316,-1340,0,6,0,1,1,1,1,8763,198449,0x0068db8bac71,140737488355327,-140737488355328,-42,432,432
6,359,2921,360,201000.000000,200000.000000,0x0068db8bac71,8,4,0x0068db8eb6d8,199223,199649,54644,-1340,0,6,0,1,1,1,1,8764,198839,0x0068db8bac71,140737488355327,-140737488355328,-42,426,426
6,360,2929,361,201000.000000,200000.000000,0x0068db8bac71,8,4,0x0068db8eb852,199602,200023,53972,-1344,0,6,0,1,1,1,1,8763,199223,0x0068db8bac71,140737488355327,-140737488355328,-42,421,421
6,361,2937,362,201000.000000,200000.000000,0x0068db8bac71,8,4,0x0068db8eb9c8,199976,200392,53300,-1344,0,6,0,1,1,1,1,8763,199602,0x0068db8bac71,140737488355327,-140737488355328,-42,416,416
6,362,2945,363,201000.000000,200000.000000,0x0068db8bac71,8,4,0x0068db8ebb39,200345,200756,52628,-1344,0,6,0,1,1,1,1,8763,199976,0x0068db8bac71,140737488355327,-140737488355328,-42,411,411
6,363,2953,364,201000.000000,200000.000000,0x0068db8bac71,8,4,0x0068db8ebca5,200708,201113,51960,-1340,0,6,0,1,1,1,1,8764,200345,0x0068db8bac71,140737488355327,-140737488355328,-42,405,405
6,364,2961,365,201000.000000,200000.000000,0x0068db8bac71,8,4,0x0068db8ebe0a,201066,201466,51288,-1340,0,6,0,1,1,1,1,8764,200708,0x0068db8bac71,140737488355327,-140737488355328,-42,400,400
6,365,2969,366,201000.000000,200000.000000,0x0068db8bac71,8,4,0x0068db8ebf6b,201419,201814,50620,-1340,0,6,0,1,1,1,1,8765,201066,0x0068db8bac71,140737488355327,-140737488355328,-42,395,395
6,366,2977,367,201000.000000,200000.000000,0x0068db8bac71,8,4,0x0068db8ec0c7,201767,202157,49948,-1340,0,6,0,1,1,1,1,8765,201419,0x0068db8bac71,140737488355327,-140737488355328,-42,390,390
6,367,2985,368,201000.000000,200000.000000,0x0068db8bac71,8,4,0x0068db8ec21e,202109,202493,49276,-1344,0,6,0,1,1,1,1,8764,201767,0x0068db8bac71,140737488355327,-140737488355328,-42,384,384
6,368,2993,369,201000.000000,200000.000000,0x0068db8bac71,8,4,0x0068db8ec36e,202446,202825,48604,-1344,0,6,0,1,1,1,1,8765,202109,0x0068db8bac71,140737488355327,-140737488355328,-42,379,379
6,369,3001,370,201000.000000,200000.000000,0x0068db8bac71,8,4,0x0068db8ec4ba,202778,203152,47932,-1344,0,6,0,1,1,1,1,8765,202446,0x0068db8bac71,140737488355327,-140737488355328,-42,374,374
6,370,3009,371,201000.000000,200000.000000,0x0068db8bac71,8,4,0x0068db8ec601,203105,203474,47264,-1340,0,6,0,1,1,1,1,8765,202778,0x0068db8bac71,140737488355327,-140737488355328,-42,369,369
6,371,3017,372,201000.000000,200000.000000,0x0068db8bac71,8,4,0x0068db8ec743,203426,203789,46588,-1344,0,6,0,1,1,1,1,8765,203105,0x0068db8bac71,140737488355327,-140737488355328,-42,363,363
6,372,3025,373,201000.000000,200000.000000,0x0068db8bac71,8,4,0x0068db8ec87e,203742,204100,45920,-1344,0,6,0,1,1,1,1,8766,203426,0x0068db8bac71,140737488355327,-140737488355328,-42,358,358
6,373,3033,374,201000.000000,200000.000000,0x0068db8bac71,8,4,0x0068db8ec9b5,204053,204406,45248,-1340,0,6,0,1,1,1,1,8765,203742,0x0068db8bac71,140737488355327,-140737488355328,-42,353,353
6,374,3041,375,201000.000000,200000.000000,0x0068db8bac71,8,4,0x0068db8ecae7,204359,204707,44580,-1340,0,6,0,1,1,1,1,8765,204053,0x0068db8bac71,140737488355327,-140737488355328,-42,348,348
6,375,3049,376,201000.000000,200000.000000,0x0068db8bac71,8,4,0x0068db8ecc14,204660,205003,43908,-1340,0,6,0,1,1,1,1,8765,204359,0x0068db8bac71,140737488355327,-140737488355328,-42,343,343
6,376,3057,377,201000.000000,200000.000000,0x0068db8bac71,8,4,0x0068db8ecd3c,204955,205292,43236,-1344,0,6,0,1,1,1,1,8765,204660,0x0068db8bac71,140737488355327,-140737488355328,-42,337,337
6,377,3065,378,201000.000000,200000.000000,0x0068db8bac71,8,4,0x0068db8ece5d,205245,205577,42564,-1344,0,6,0,1,1,1,1,8764,204955,0x0068db8bac71,140737488355327,-140737488355328,-42,332,332
6,378,3073,379,201000.000000,200000.000000,0x0068db8bac71,8,4,0x0068db8ecf7a,205530,205857,41892,-1344,0,6,0,1,1,1,1,8764,205245,0x0068db8bac71,140737488355327,-140737488355328,-42,327,327
6,379,3081,380,201000.000000,200000.000000,0x0068db8bac71,8,4,0x0068db8ed092,205810,206132,41224,-1340,0,6,0,1,1,1,1,8764,205530,0x0068db8bac71,140737488355327,-140737488355328,-42,322,322
6,380,3089,381,201000.000000,200000.000000,0x0068db8bac71,8,4,0x0068db8ed1a5,206084,206400,40552,-1340,0,6,0,1,1,1,1,8764,205810,0x0068db8bac71,140737488355327,-140737488355328,-42,316,316
6,381,3097,382,201000.000000,200000.000000,0x0068db8bac71,8,4,0x0068db8ed2b1,206353,206664,39880,-1344,0,6,0,1,1,1,1,8764,206084,0x0068db8bac71,140737488355327,-140737488355328,-42,311,311
6,382,3105,383,201000.000000,200000.000000,0x0068db8bac71,8,4,0x0068db8ed3b9,206617,206923,39212,-1340,0,6,0,1,1,1,1,8765,206353,0x0068db8bac71,140737488355327,-140737488355328,-42,306,306
6,383,3113,384,201000.000000,200000.000000,0x0068db8bac71,8,4,0x0068db8ed4bc,206876,207177,38540,-1340,0,6,0,1,1,1,1,8765,206617,0x0068db8bac71,140737488355327,-140737488355328,-42,301,301
6,384,3121,385,201000.000000,200000.000000,0x0068db8bac71,8,4,0x0068db8ed5ba,207129,207424,37868,-1344,0,6,0,1,1,1,1,8765,206876,0x0068db8bac71,140737488355327,-140737488355328,-42,295,295
6,385,3129,386,201000.000000,200000.000000,0x0068db8bac71,8,4,0x0068db8ed6b1,207377,207667,37200,-1340,0,6,0,1,1,1,1,8763,207129,0x0068db8bac71,140737488355327,-140737488355328,-42,290,290
6,386,3137,387,201000.000000,200000.000000,0x0068db8bac71,8,4,0x0068db8ed7a4,207620,207905,36528,-1340,0,6,0,1,1,1,1,8764,207377,0x0068db8bac71,140737488355327,-140737488355328,-42,285,285
6,387,3145,388,201000.000000,200000.000000,0x0068db8bac71,8,4,0x0068db8ed892,207858,208138,35856,-1344,0,6,0,1,1,1,1,8764,207620,0x0068db8bac71,140737488355327,-140737488355328,-42,280,280
6,388,3153,389,201000.000000,200000.000000,0x0068db8bac71,8,4,0x0068db8ed97b,208090,208364,35188,-1340,0,6,0,1,1,1,1,8764,207858,0x0068db8bac71,140737488355327,-140737488355328,-42,274,274
6,389,3161,390,201000.000000,200000.000000,0x0068db8bac71,8,4,0x0068db8eda5d,208317,208586,34516,-1340,0,6,0,1,1,1,1,8764,208090,0x0068db8bac71,140737488355327,-140737488355328,-42,269,269
6,390,3169,391,201000.000000,200000.000000,0x0068db8bac71,8,4,0x0068db8edb3b,208539,208803,33844,-1344,0,6,0,1,1,1,1,8765,208317,0x0068db8bac71,140737488355327,-140737488355328,-42,264,264
6,391,3177,392,201000.000000,200000.000000,0x0068db8bac71,8,4,0x0068db8edc14,208756,209015,33172,-1344,0,6,0,1,1,1,1,8765,208539,0x0068db8bac71,140737488355327,-140737488355328,-42,259,259
6,392,3185,393,201000.000000,200000.000000,0x0068db8bac71,8,4,0x0068db8edce8,211527,212292,98036,64192,0,6,0,1,1,1,1,8764,208756,0x0068db8bac71,140737488355327,-140737488355328,2006,765,765
6,393,3193,394,201000.000000,200000.000000,0x0068db8bac71,8,4,0x0068db8ee9b5,214293,215053,97364,64192,0,6,0,1,1,1,1,8764,211527,0x0068db8bac71,140737488355327,-140737488355328,2006,760,760
6,394,3201,395,201000.000000,200000.000000,0x0068db8bac71,8,4,0x0068db8ef47e,215006,215761,96696,-1340,0,6,0,1,1,1,1,8764,214293,0x0068db8bac71,140737488355327,-140737488355328,-42,755,755
6,395,3209,396,201000.000000,200000.000000,0x0068db8bac71,8,4,0x0068db8ef742,215714,216464,96024,-1340,0,6,0,1,1,1,1,8764,215006,0x0068db8bac71,140737488355327,-140737488355328,-42,750,750
6,396,3217,397,201000.000000,200000.000000,0x0068db8bac71,8,4,0x0068db8efa01,216416,217160,95352,-1344,0,6,0,1,1,1,1,8764,215714,0x0068db8bac71,140737488355327,-140737488355328,-42,744,744
6,397,3225,398,201000.000000,200000.000000,0x0068db8bac71,8,4,0x0068db8efcb9,217113,217852,94684,-1340,0,6,0,1,1,1,1,8764,216416,0x0068db8bac71,140737488355327,-140737488355328,-42,739,739
6,398,3233,399,201000.000000,200000.000000,0x0068db8bac71,8,4,0x0068db8eff6d,217805,218539,94012,-1340,0,6,0,1,1,1,1,8764,217113,0x0068db8bac71,140737488355327,-140737488355328,-42,734,734
6,399,3241,400,201000.000000,200000.000000,0x0068db8bac71,8,4,0x0068db8f021c,218492,219221,93340,-1344,0,6,0,1,1,1,1,8764,217805,0x0068db8bac71,140737488355327,-140737488355328,-42,729,729
6,400,3249,401,201000.000000,200000.000000,0x0068db8bac71,8,4,0x0068db8f04c6,219173,219896,92668,-1344,0,6,0,1,1,1,1,8764,218492,0x0068db8bac71,140737488355327,-140737488355328,-42,723,723
6,401,3257,402,201000.000000,200000.000000,0x0068db8bac71,8,4,0x0068db8f0769,219849,220567,92000,-1340,0,6,0,1,1,1,1,8764,219173,0x0068db8bac71,140737488355327,-140737488355328,-42,718,718
6,402,3265,403,201000.000000,200000.000000,0x0068db8bac71,8,4,0x0068db8f0a08,220520,221233,91328,-1340,0,6,0,1,1,1,1,8763,219849,0x0068db8bac71,140737488355327,-140737488355328,-42,713,713
6,403,3273,404,201000.000000,200000.000000,0x0068db8bac71,8,4,0x0068db8f0ca2,221186,221894,90656,-1344,0,6,0,1,1,1,1,8763,220520,0x0068db8bac71,140737488355327,-140737488355328,-42,708,708
6,404,3281,405,201000.000000,200000.000000,0x0068db8bac71,8,4,0x0068db8f0f37,221847,222550,89984,-1344,0,6,0,1,1,1,1,8763,221186,0x0068db8bac71,140737488355327,-140737488355328,-42,703,703
6,405,3289,406,201000.000000,200000.000000,0x0068db8bac71,8,4,0x0068db8f11c7,222502,223199,89312,-1344,0,6,0,1,1,1,1,8763,221847,0x0068db8bac71,140737488355327,-140737488355328,-42,697,697
6,406,3297,407,201000.000000,200000.000000,0x0068db8bac71,8,4,0x0068db8f1450,223152,223844,88640,-1344,0,6,0,1,1,1,1,8763,222502,0x0068db8bac71,140737488355327,-140737488355328,-42,692,692
6,407,3305,408,201000.000000,200000.000000,0x0068db8bac71,8,4,0x0068db8f16d5,223797,224484,87968,-1344,0,6,0,1,1,1,1,8762,223152,0x0068db8bac71,140737488355327,-140737488355328,-42,687,687
6,408,3313,409,201000.000000,200000.000000,0x0068db8bac71,8,4,0x0068db8f1955,224437,225119,87300,-1340,0,6,0,1,1,1,1,8761,223797,0x0068db8bac71,140737488355327,-140737488355328,-42,682,682
6,409,3321,410,201000.000000,200000.000000,0x0068db8bac71,8,4,0x0068db8f1bd0,225071,225747,86628,-1340,0,6,0,1,1,1,1,8762,224437,0x0068db8bac71,140737488355327,-140737488355328,-42,676,676
6,410,3329,411,201000.000000,200000.000000,0x0068db8bac71,8,4,0x0068db8f1e44,225700,226371,85956,-1344,0,6,0,1,1,1,1,8762,225071,0x0068db8bac71,140737488355327,-140737488355328,-42,671,671
6,411,3337,412,201000.000000,200000.000000,0x0068db8bac71,8,4,0x0068db8f20b4,226324,226990,85284,-1344,0,6,0,1,1,1,1,8762,225700,0x0068db8bac71,140737488355327,-140737488355328,-42,666,666
6,412,3345,413,201000.000000,200000.000000,0x0068db8bac71,8,4,0x0068db8f231f,226943,227604,84616,-1340,0,6,0,1,1,1,1,8761,226324,0x0068db8bac71,140737488355327,-140737488355328,-42,661,661
6,413,3353,414,201000.000000,200000.000000,0x0068db8bac71,8,4,0x0068db8f2585,227556,228211,83944,-1340,0,6,0,1,1,1,1,8760,226943,0x0068db8bac71,140737488355327,-140737488355328,-42,655,655
6,414,3361,415,201000.000000,200000.000000,0x0068db8bac71,8,4,0x0068db8f27e4,228164,228814,83272,-1344,0,6,0,1,1,1,1,8761,227556,0x0068db8bac71,140737488355327,-140737488355328,-42,650,650
6,415,3369,416,201000.000000,200000.000000,0x0068db8bac71,8,4,0x0068db8f2a3f,228767,229412,82604,-1340,0,6,0,1,1,1,1,8760,228164,0x0068db8bac71,140737488355327,-140737488355328,-42,645,645
6,416,3377,417,201000.000000,200000.000000,0x0068db8bac71,8,4,0x0068db8f2c95,229365,230005,81932,-1340,0,6,0,1,1,1,1,8760,228767,0x0068db8bac71,140737488355327,-140737488355328,-42,640,640
6,417,3385,418,201000.000000,200000.000000,0x0068db8bac71,8,4,0x0068db8f2ee6,229957,230591,81260,-1344,0,6,0,1,1,1,1,8760,229365,0x0068db8bac71,140737488355327,-140737488355328,-42,634,634
6,418,3393,419,201000.000000,200000.000000,0x0068db8bac71,8,4,0x0068db8f3130,230544,231173,80588,-1344,0,6,0,1,1,1,1,8761,229957,0x0068db8bac71,140737488355327,-140737488355328,-42,629,629
6,419,3401,420,201000.000000,200000.000000,0x0068db8bac71,8,4,0x0068db8f3376,231126,231750,79916,-1344,0,6,0,1,1,1,1,8761,230544,0x0068db8bac71,140737488355327,-140737488355328,-42,624,624
6,420,3409,421,201000.000000,200000.000000,0x0068db8bac71,8,4,0x0068db8f35b7,231703,232322,79244,-1344,0,6,0,1,1,1,1,8760,231126,0x0068db8bac71,140737488355327,-140737488355328,-42,619,619
6,421,3417,422,201000.000000,200000.000000,0x0068db8bac71,8,4,0x0068db8f37f3,232274,232887,78572,-1344,0,6,0,1,1,1,1,8760,231703,0x0068db8bac71,140737488355327,-140737488355328,-42,613,613
6,422,3425,423,201000.000000,200000.000000,0x0068db8bac71,8,4,0x0068db8f3a28,232840,233448,77904,-1340,0,6,0,1,1,1,1,8760,232274,0x0068db8bac71,140737488355327,-140737488355328,-42,608,608
6,423,3433,424,201000.000000,200000.000000,0x0068db8bac71,8,4,0x0068db8f3c59,233401,234004,77232,-1340,0,6,0,1,1,1,1,8760,232840,0x0068db8bac71,140737488355327,-140737488355328,-42,603,603
6,424,3441,425,201000.000000,200000.000000,0x0068db8bac71,8,4,0x0068db8f3e85,233957,234555,76560,-1344,0,6,0,1,1,1,1,8759,233401,0x0068db8bac71,140737488355327,-140737488355328,-42,598,598
6,425,3449,426,201000.000000,200000.000000,0x0068db8bac71,8,4,0x0068db8f40ac,234507,235099,75888,-1344,0,6,0,1,1,1,1,8760,233957,0x0068db8bac71,140737488355327,-140737488355328,-42,592,592
6,426,3457,427,201000.000000,200000.000000,0x0068db8bac71,8,4,0x0068db8f42cc,235052,235639,75216,-1344,0,6,0,1,1,1,1,8760,234507,0x0068db8bac71,140737488355327,-140737488355328,-42,587,587
6,427,3465,428,201000.000000,200000.000000,0x0068db8bac71,8,4,0x0068db8f44e8,235592,236174,74548,-1340,0,6,0,1,1,1,1,8760,235052,0x0068db8bac71,140737488355327,-140737488355328,-42,582,582
6,428,3473,429,201000.000000,200000.000000,0x0068db8bac71,8,4,0x0068db8f46ff,236127,236704,73876,-1340,0,6,0,1,1,1,1,8759,235592,0x0068db8bac71,140737488355327,-140737488355328,-42,577,577
6,429,3481,430,201000.000000,200000.000000,0x0068db8bac71,8,4,0x0068db8f4911,236656,237227,73204,-1344,0,6,0,1,1,1,1,8760,236127,0x0068db8bac71,140737488355327,-140737488355328,-42,571,571
6,430,3489,431,201000.000000,200000.000000,0x0068db8bac71,8,4,0x0068db8f4b1c,237180,237746,72532,-1344,0,6,0,1,1,1,1,8761,236656,0x0068db8bac71,140737488355327,-140737488355328,-42,566,566
6,431,3497,432,201000.000000,200000.000000,0x0068db8bac71,8,4,0x0068db8f4d23,237699,238260,71860,-1344,0,6,0,1,1,1,1,8761,237180,0x0068db8bac71,140737488355327,-140737488355328,-42,561,561
6,432,3505,433,201000.000000,200000.000000,0x0068db8bac71,8,4,0x0068db8f4f25,238213,238769,71188,-1344,0,6,0,1,1,1,1,8760,237699,0x0068db8bac71,140737488355327,-140737488355328,-42,556,556
6,433,3513,434,201000.000000,200000.000000,0x0068db8bac71,8,4,0x0068db8f5122,238721,239271,70520,-1340,0,6,0,1,1,1,1,8761,238213,0x0068db8bac71,140737488355327,-140737488355328,-42,550,550
6,434,3521,435,201000.000000,200000.000000,0x0068db8bac71,8,4,0x0068db8f5318,239224,239769,69848,-1340,0,6,0,1,1,1,1,8761,238721,0x0068db8bac71,140737488355327,-140737488355328,-42,545,545
6,435,3529,436,201000.000000,200000.000000,0x0068db8bac71,8,4,0x0068db8f550a,239722,240262,69176,-1344,0,6,0,1,1,1,1,8761,239224,0x0068db8bac71,140737488355327,-140737488355328,-42,540,540
6,436,3537,437,201000.000000,200000.000000,0x0068db8bac71,8,4,0x0068db8f56f7,240215,240750,68504,-1344,0,6,0,1,1,1,1,8760,239722,0x0068db8bac71,140737488355327,-140737488355328,-42,535,535
6,437,3545,438,201000.000000,200000.000000,0x0068db8bac71,8,4,0x0068db8f58df,240702,241231,67832,-1344,0,6,0,1,1,1,1,8761,240215,0x0068db8bac71,140737488355327,-140737488355328,-42,529,529
6,438,3553,439,201000.000000,200000.000000,0x0068db8bac71,8,4,0x0068db8f5ac0,241184,241708,67164,-1340,0,6,0,1,1,1,1,8760,240702,0x0068db8bac71,140737488355327,-140737488355328,-42,524,524
6,439,3561,440,201000.000000,200000.000000,0x0068db8bac71,8,4,0x0068db8f5c9d,241661,242180,66492,-1340,0,6,0,1,1,1,1,8761,241184,0x0068db8bac71,140737488355327,-140737488355328,-42,519,519
6,440,3569,441,201000.000000,200000.000000,0x0068db8bac71,8,4,0x0068db8f5e75,242133,242647,65820,-1344,0,6,0,1,1,1,1,8761,241661,0x0068db8bac71,140737488355327,-140737488355328,-42,514,514
6,441,3577,442,201000.000000,200000.000000,0x0068db8bac71,8,4,0x0068db8f6048,242599,243107,65148,-1344,0,6,0,1,1,1,1,8760,242133,0x0068db8bac71,140737488355327,-140737488355328,-42,508,508
6,442,3585,443,201000.000000,200000.000000,0x0068db8bac71,8,4,0x0068db8f6214,243060,243563,64476,-1344,0,6,0,1,1,1,1,8761,242599,0x0068db8bac71,140737488355327,-140737488355328,-42,503,503
6,443,3593,444,201000.000000,200000.000000,0x0068db8bac71,8,4,0x0068db8f63dc,243516,244014,63804,-1344,0,6,0,1,1,1,1,8762,243060,0x0068db8bac71,140737488355327,-140737488355328,-42,498,498
6,444,3601,445,201000.000000,200000.000000,0x0068db8bac71,8,4,0x0068db8f659f,243967,244460,63132,-1344,0,6,0,1,1,1,1,8762,243516,0x0068db8bac71,140737488355327,-140737488355328,-42,493,493
6,445,3609,446,201000.000000,200000.000000,0x0068db8bac71,8,4,0x0068db8f675d,244413,244901,62464,-1340,0,6,0,1,1,1,1,8761,243967,0x0068db8bac71,140737488355327,-140737488355328,-42,488,488
6,446,3617,447,201000.000000,200000.000000,0x0068db8bac71,8,4,0x0068db8f6916,244853,245335,61792,-1340,0,6,0,1,1,1,1,8761,244413,0x0068db8bac71,140737488355327,-140737488355328,-42,482,482
6,447,3625,448,201000.000000,200000.000000,0x0068db8bac71,8,4,0x0068db8f6ac8,245288,245765,61120,-1344,0,6,0,1,1,1,1,8762,244853,0x0068db8bac71,140737488355327,-140737488355328,-42,477,477
6,448,3633,449,201000.000000,200000.000000,0x0068db8bac71,8,4,0x0068db8f6c76,245718,246190,60448,-1344,0,6,0,1,1,1,1,8761,245288,0x0068db8bac71,140737488355327,-140737488355328,-42,472,472
6,449,3641,450,201000.000000,200000.000000,0x0068db8bac71,8,4,0x0068db8f6e1f,246143,246610,59776,-1344,0,6,0,1,1,1,1,8761,245718,0x0068db8bac71,140737488355327,-140737488355328,-42,467,467
6,450,3649,451,201000.000000,200000.000000,0x0068db8bac71,8,4,0x0068db8f6fc3,246562,247023,59108,-1340,0,6,0,1,1,1,1,8762,246143,0x0068db8bac71,140737488355327,-140737488355328,-42,461,461
6,451,3657,452,201000.000000,200000.000000,0x0068db8bac71,8,4,0x0068db8f7160,246976,247432,58436,-1340,0,6,0,1,1,1,1,8762,246562,0x0068db8bac71,140737488355327,-140737488355328,-42,456,456
6,452,3665,453,201000.000000,200000.000000,0x0068db8bac71,8,4,0x0068db8f72f9,247385,247836,57764,-1344,0,6,0,1,1,1,1,8762,246976,0x0068db8bac71,140737488355327,-140737488355328,-42,451,451
6,453,3673,454,201000.000000,200000.000000,0x0068db8bac71,8,4,0x0068db8f748d,247789,248235,57096,-1340,0,6,0,1,1,1,1,8761,247385,0x0068db8bac71,140737488355327,-140737488355328,-42,446,446
6,454,3681,455,201000.000000,200000.000000,0x0068db8bac71,8,4,0x0068db8f761c,248187,248627,56424,-1340,0,6,0,1,1,1,1,8762,247789,0x0068db8bac71,140737488355327,-140737488355328,-42,440,440
6,455,3689,456,201000.000000,200000.000000,0x0068db8bac71,8,4,0x0068db8f77a4,248580,249015,55752,-1344,0,6,0,1,1,1,1,8761,248187,0x0068db8bac71,140737488355327,-140737488355328,-42,435,435
6,456,3697,457,201000.000000,200000.000000,0x0068db8bac71,8,4,0x0068db8f7928,248968,249398,55080,-1344,0,6,0,1,1,1,1,8762,248580,0x0068db8bac71,140737488355327,-140737488355328,-42,430,430
6,457,3705,458,201000.000000,200000.000000,0x0068db8bac71,8,4,0x0068db8f7aa7,249351,249776,54408,-1344,0,6,0,1,1,1,1,8763,248968,0x0068db8bac71,140737488355327,-140737488355328,-42,425,425
6,458,3713,459,201000.000000,200000.000000,0x0068db8bac71,8,4,0x0068db8f7c21,249728,250147,53740,-1340,0,6,0,1,1,1,1,8763,249351,0x0068db8bac71,140737488355327,-140737488355328,-42,419,419
6,459,3721,460,201000.000000,200000.000000,0x0068db8bac71,8,4,0x0068db8f7d94,250100,250514,53068,-1340,0,6,0,1,1,1,1,8763,249728,0x0068db8bac71,140737488355327,-140737488355328,-42,414,414
6,460,3729,461,201000.000000,200000.000000,0x0068db8bac71,8,4,0x0068db8f7f03,250467,250876,52396,-1344,0,6,0,1,1,1,1,8763,250100,0x0068db8bac71,140737488355327,-140737488355328,-42,409,409
6,461,3737,462,201000.000000,200000.000000,0x0068db8bac71,8,4,0x0068db8f806d,250829,251233,51728,-1340,0,6,0,1,1,1,1,8764,250467,0x0068db8bac71,140737488355327,-140737488355328,-42,404,404
6,462,3745,463,201000.000000,200000.000000,0x0068db8bac71,8,4,0x0068db8f81d2,251185,251583,51056,-1340,0,6,0,1,1,1,1,8764,250829,0x0068db8bac71,140737488355327,-140737488355328,-42,398,398
6,463,3753,464,201000.000000,200000.000000,0x0068db8bac71,8,4,0x0068db8f8330,251536,251929,50384,-1344,0,6,0,1,1,1,1,8764,251185,0x0068db8bac71,140737488355327,-140737488355328,-42,393,393
6,464,3761,465,201000.000000,200000.000000,0x0068db8bac71,8,4,0x0068db8f848a,251882,252270,49712,-1344,0,6,0,1,1,1,1,8765,251536,0x0068db8bac71,140737488355327,-140737488355328,-42,388,388
6,465,3769,466,201000.000000,200000.000000,0x0068db8bac71,8,4,0x0068db8f85df,252223,252606,49044,-1340,0,6,0,1,1,1,1,8764,251882,0x0068db8bac71,140737488355327,-140737488355328,-42,383,383
6,466,3777,467,201000.000000,200000.000000,0x0068db8bac71,8,4,0x0068db8f872f,252558,252935,48372,-1340,0,6,0,1,1,1,1,8765,252223,0x0068db8bac71,140737488355327,-140737488355328,-42,377,377
6,467,3785,468,201000.000000,200000.000000,0x0068db8bac71,8,4,0x0068db8f8878,252888,253260,47700,-1344,0,6,0,1,1,1,1,8766,252558,0x0068db8bac71,140737488355327,-140737488355328,-42,372,372
6,468,3793,469,201000.000000,200000.000000,0x0068db8bac71,8,4,0x0068db8f89bd,253213,253580,47028,-1344,0,6,0,1,1,1,1,8765,252888,0x0068db8bac71,140737488355327,-140737488355328,-42,367,367
6,469,3801,470,201000.000000,200000.000000,0x0068db8bac71,8,4,0x0068db8f8afd,253533,253895,46356,-1344,0,6,0,1,1,1,1,8765,253213,0x0068db8bac71,140737488355327,-140737488355328,-42,362,362
6,470,3809,471,201000.000000,200000.000000,0x0068db8bac71,8,4,0x0068db8f8c38,253847,254203,45688,-1340,0,6,0,1,1,1,1,8765,253533,0x0068db8bac71,140737488355327,-140737488355328,-42,356,356
6,471,3817,472,201000.000000,200000.000000,0x0068db8bac71,8,4,0x0068db8f8d6c,254156,254507,45016,-1340,0,6,0,1,1,1,1,8766,253847,0x0068db8bac71,140737488355327,-140737488355328,-42,351,351
6,472,3825,473,201000.000000,200000.000000,0x0068db8bac71,8,4,0x0068db8f8e9c,254460,254806,44344,-1344,0,6,0,1,1,1,1,8765,254156,0x0068db8bac71,140737488355327,-140737488355328,-42,346,346
6,473,3833,474,201000.000000,200000.000000,0x0068db8bac71,8,4,0x0068db8f8fc7,254759,255100,43672,-1344,0,6,0,1,1,1,1,8765,254460,0x0068db8bac71,140737488355327,-140737488355328,-42,341,341
6,474,3841,475,201000.000000,200000.000000,0x0068db8bac71,8,4,0x0068db8f90ed,255052,255387,43004,-1340,0,6,0,1,1,1,1,8765,254759,0x0068db8bac71,140737488355327,-140737488355328,-42,335,335
6,475,3849,476,201000.000000,200000.000000,0x0068db8bac71,8,4,0x0068db8f920c,255340,255670,42332,-1340,0,6,0,1,1,1,1,8765,255052,0x0068db8bac71,140737488355327,-140737488355328,-42,330,330
6,476,3857,477,201000.000000,200000.000000,0x0068db8bac71,8,4,0x0068db8f9327,255623,255948,41660,-1344,0,6,0,1,1,1,1,8765,255340,0x0068db8bac71,140737488355327,-140737488355328,-42,325,325
6,477,3865,478,201000.000000,200000.000000,0x0068db8bac71,8,4,0x0068db8f943d,255901,256221,40992,-1340,0,6,0,1,1,1,1,8765,255623,0x0068db8bac71,140737488355327,-140737488355328,-42,320,320
6,478,3873,479,201000.000000,200000.000000,0x0068db8bac71,8,4,0x0068db8f954e,256174,256489,40320,-1340,0,6,0,1,1,1,1,8765,255901,0x0068db8bac71,140737488355327,-140737488355328,-42,315,315
6,479,3881,480,201000.000000,200000.000000,0x0068db8bac71,8,4,0x0068db8f965a,256441,256750,39648,-1344,0,6,0,1,1,1,1,8765,256174,0x0068db8bac71,140737488355327,-140737488355328,-42,309,309
6,480,3889,481,201000.000000,200000.000000,0x0068db8bac71,8,4,0x0068db8f975f,256703,257007,38980,-1340,0,6,0,1,1,1,1,8765,256441,0x0068db8bac71,140737488355327,-140737488355328,-42,304,304
6,481,3897,482,201000.000000,200000.000000,0x0068db8bac71,8,4,0x0068db8f9860,256960,257259,38304,-1344,0,6,0,1,1,1,1,8764,256703,0x0068db8bac71,140737488355327,-140737488355328,-42,299,299
6,482,3905,483,201000.000000,200000.000000,0x0068db8bac71,8,4,0x0068db8f995c,257212,257506,37636,-1344,0,6,0,1,1,1,1,8764,256960,0x0068db8bac71,140737488355327,-140737488355328,-42,294,294
6,483,3913,484,201000.000000,200000.000000,0x0068db8bac71,8,4,0x0068db8f9a53,257458,257746,36964,-1340,0,6,0,1,1,1,1,8765,257212,0x0068db8bac71,140737488355327,-140737488355328,-42,288,288
6,484,3921,485,201000.000000,200000.000000,0x0068db8bac71,8,4,0x0068db8f9b43,257699,257982,36292,-1344,0,6,0,1,1,1,1,8765,257458,0x0068db8bac71,140737488355327,-140737488355328,-42,283,283
6,485,3929,486,201000.000000,200000.000000,0x0068db8bac71,8,4,0x0068db8f9c2f,257935,258213,35624,-1340,0,6,0,1,1,1,1,8765,257699,0x0068db8bac71,140737488355327,-140737488355328,-42,278,278
6,486,3937,487,201000.000000,200000.000000,0x0068db8bac71,8,4,0x0068db8f9d16,258166,258439,34952,-1340,0,6,0,1,1,1,1,8764,257935,0x0068db8bac71,140737488355327,-140737488355328,-42,273,273
6,487,3945,488,201000.000000,200000.000000,0x0068db8bac71,8,4,0x0068db8f9df8,258391,258658,34284,-1340,0,6,0,1,1,1,1,8764,258166,0x0068db8bac71,140737488355327,-140737488355328,-42,267,267
6,488,3953,489,201000.000000,200000.000000,0x0068db8bac71,8,4,0x0068db8f9ed3,258611,258873,33612,-1340,0,6,0,1,1,1,1,8764,258391,0x0068db8bac71,140737488355327,-140737488355328,-42,262,262
6,489,3961,490,201000.000000,200000.000000,0x0068db8bac71,8,4,0x0068db8f9faa,258826,259083,32940,-1344,0,6,0,1,1,1,1,8764,258611,0x0068db8bac71,140737488355327,-140737488355328,-42,257,257
6,490,3969,491,201000.000000,200000.000000,0x0068db8bac71,8,4,0x0068db8fa07c,261596,262360,97804,64192,0,6,0,1,1,1,1,8763,258826,0x0068db8bac71,140737488355327,-140737488355328,2006,764,764
6,491,3977,492,201000.000000,200000.000000,0x0068db8bac71,8,4,0x0068db8fad49,264360,265118,97132,64192,0,6,0,1,1,1,1,8764,261596,0x0068db8bac71,140737488355327,-140737488355328,2006,758,758
6,492,3985,493,201000.000000,200000.000000,0x0068db8bac71,8,4,0x0068db8fb80f,265071,265824,96464,-1340,0,6,0,1,1,1,1,8764,264360,0x0068db8bac71,140737488355327,-140737488355328,-42,753,753
6,493,3993,494,201000.000000,200000.000000,0x0068db8bac71,8,4,0x0068db8fbad1,265777,266525,95792,-1340,0,6,0,1,1,1,1,8764,265071,0x0068db8bac71,140737488355327,-140737488355328,-42,748,748
6,494,4001,495,201000.000000,200000.000000,0x0068db8bac71,8,4,0x0068db8fbd8e,266478,267221,95120,-1344,0,6,0,1,1,1,1,8763,265777,0x0068db8bac71,140737488355327,-140737488355328,-42,743,743
6,495,4009,496,201000.000000,200000.000000,0x0068db8bac71,8,4,0x0068db8fc046,267173,267910,94448,-1344,0,6,0,1,1,1,1,8764,266478,0x0068db8bac71,140737488355327,-140737488355328,-42,737,737
6,496,4017,497,201000.000000,200000.000000,0x0068db8bac71,8,4,0x0068db8fc2f7,267863,268595,93780,-1340,0,6,0,1,1,1,1,8764,267173,0x0068db8bac71,140737488355327,-140737488355328,-42,732,732
6,497,4025,498,201000.000000,200000.000000,0x0068db8bac71,8,4,0x0068db8fc5a4,268548,269275,93108,-1340,0,6,0,1,1,1,1,8763,267863,0x0068db8bac71,140737488355327,-140737488355328,-42,727,727
6,498,4033,499,201000.000000,200000.000000,0x0068db8bac71,8,4,0x0068db8fc84c,269228,269950,92436,-1344,0,6,0,1,1,1,1,8763,268548,0x0068db8bac71,140737488355327,-140737488355328,-42,722,722
6,499,4041,500,201000.000000,200000.000000,0x0068db8bac71,8,4,0x0068db8fcaef,269902,270618,91768,-1340,0,6,0,1,1,1,1,8763,269228,0x0068db8bac71,140737488355327,-140737488355328,-42,716,716
6,500,4049,501,201000.000000,200000.000000,0x0068db8bac71,8,4,0x0068db8fcd8b,270571,271282,91096,-1340,0,6,0,1,1,1,1,8763,269902,0x0068db8bac71,140737488355327,-140737488355328,-42,711,711
6,501,4057,502,201000.000000,200000.000000,0x0068db8bac71,8,4,0x0068db8fd023,271235,271941,90424,-1344,0,6,0,1,1,1,1,8763,270571,0x0068db8bac71,140737488355327,-140737488355328,-42,706,706
6,502,4065,503,201000.000000,200000.000000,0x0068db8bac71,8,4,0x0068db8fd2b6,271894,272595,89752,-1344,0,6,0,1,1,1,1,8763,271235,0x0068db8bac71,140737488355327,-140737488355328,-42,701,701
6,503,4073,504,201000.000000,200000.000000,0x0068db8bac71,8,4,0x0068db8fd544,272547,273242,89080,-1344,0,6,0,1,1,1,1,8763,271894,0x0068db8bac71,140737488355327,-140737488355328,-42,695,695
6,504,4081,505,201000.000000,200000.000000,0x0068db8bac71,8,4,0x0068db8fd7cb,273195,273885,88412,-1340,0,6,0,1,1,1,1,8763,272547,0x0068db8bac71,140737488355327,-140737488355328,-42,690,690
6,505,4089,506,201000.000000,200000.000000,0x0068db8bac71,8,4,0x0068db8fda4e,273838,274523,87736,-1344,0,6,0,1,1,1,1,8762,273195,0x0068db8bac71,140737488355327,-140737488355328,-42,685,685
6,506,4097,507,201000.000000,200000.000000,0x0068db8bac71,8,4,0x0068db8fdccc,274476,275156,87068,-1344,0,6,0,1,1,1,1,8762,273838,0x0068db8bac71,140737488355327,-140737488355328,-42,680,680
6,507,4105,508,201000.000000,200000.000000,0x0068db8bac71,8,4,0x0068db8fdf45,275108,275782,86396,-1340,0,6,0,1,1,1,1,8762,274476,0x0068db8bac71,140737488355327,-140737488355328,-42,674,674
6,508,4113,509,201000.000000,200000.000000,0x0068db8bac71,8,4,0x0068db8fe1b7,275735,276404,85724,-1344,0,6,0,1,1,1,1,8762,275108,0x0068db8bac71,140737488355327,-140737488355328,-42,669,669
6,509,4121,510,201000.000000,200000.000000,0x0068db8bac71,8,4,0x0068db8fe425,276357,277021,85052,-1344,0,6,0,1,1,1,1,8762,275735,0x0068db8bac71,140737488355327,-140737488355328,-42,664,664
6,510,4129,511,201000.000000,200000.000000,0x0068db8bac71,8,4,0x0068db8fe68e,276974,277633,84384,-1340,0,6,0,1,1,1,1,8762,276357,0x0068db8bac71,140737488355327,-140737488355328,-42,659,659
6,511,4137,512,201000.000000,200000.000000,0x0068db8bac71,8,4,0x0068db8fe8f2,277586,278240,83712,-1340,0,6,0,1,1,1,1,8761,276974,0x0068db8bac71,140737488355327,-140737488355328,-42,654,654
6,512,4145,513,201000.000000,200000.000000,0x0068db8bac71,8,4,0x0068db8feb51,278192,278840,83040,-1344,0,6,0,1,1,1,1,8761,277586,0x0068db8bac71,140737488355327,-140737488355328,-42,648,648
6,513,4153,514,201000.000000,200000.000000,0x0068db8bac71,8,4,0x0068db8feda9,278793,279436,82368,-1344,0,6,0,1,1,1,1,8761,278192,0x0068db8bac71,140737488355327,-140737488355328,-42,643,643
6,514,4161,515,201000.000000,200000.000000,0x0068db8bac71,8,4,0x0068db8feffd,279389,280027,81696,-1344,0,6,0,1,1,1,1,8761,278793,0x0068db8bac71,140737488355327,-140737488355328,-42,638,638
6,515,4169,516,201000.000000,200000.000000,0x0068db8bac71,8,4,0x0068db8ff24c,279980,280613,81024,-1344,0,6,0,1,1,1,1,8760,279389,0x0068db8bac71,140737488355327,-140737488355328,-42,633,633
6,516,4177,517,201000.000000,200000.000000,0x0068db8bac71,8,4,0x0068db8ff496,280565,281192,80356,-1340,0,6,0,1,1,1,1,8761,279980,0x0068db8bac71,140737488355327,-140737488355328,-42,627,627
6,517,4185,518,201000.000000,200000.000000,0x0068db8bac71,8,4,0x0068db8ff6d9,281145,281767,79684,-1340,0,6,0,1,1,1,1,8761,280565,0x0068db8bac71,140737488355327,-140737488355328,-42,622,622
6,518,4193,519,201000.000000,200000.000000,0x0068db8bac71,8,4,0x0068db8ff918,281720,282337,79012,-1344,0,6,0,1,1,1,1,8761,281145,0x0068db8bac71,140737488355327,-140737488355328,-42,617,617
6,519,4201,520,201000.000000,200000.000000,0x0068db8bac71,8,4,0x0068db8ffb52,282290,282902,78340,-1344,0,6,0,1,1,1,1,8760,281720,0x0068db8bac71,140737488355327,-140737488355328,-42,612,612
6,520,4209,521,201000.000000,200000.000000,0x0068db8bac71,8,4,0x0068db8ffd87,282854,283460,77672,-1340,0,6,0,1,1,1,1,8760,282290,0x0068db8bac71,140737488355327,-140737488355328,-42,606,606
6,521,4217,522,201000.000000,200000.000000,0x0068db8bac71,8,4,0x0068db8fffb5,283413,284014,77000,-1340,0,6,0,1,1,1,1,8760,282854,0x0068db8bac71,140737488355327,-140737488355328,-42,601,601
6,522,4225,523,201000.000000,200000.000000,0x0068db8bac71,8,4,0x0068db9001df,283967,284563,76328,-1344,0,6,0,1,1,1,1,8759,283413,0x0068db8bac71,140737488355327,-140737488355328,-42,596,596
6,523,4233,524,201000.000000,200000.000000,0x0068db8bac71,8,4,0x0068db900404,284516,285107,75656,-1344,0,6,0,1,1,1,1,8759,283967,0x0068db8bac71,140737488355327,-140737488355328,-42,591,591
6,524,4241,525,201000.000000,200000.000000,0x0068db8bac71,8,4,0x0068db900624,285059,285644,74984,-1344,0,6,0,1,1,1,1,8759,284516,0x0068db8bac71,140737488355327,-140737488355328,-42,585,585
6,525,4249,526,201000.000000,200000.000000,0x0068db8bac71,8,4,0x0068db90083d,285597,286177,74316,-1340,0,6,0,1,1,1,1,8760,285059,0x0068db8bac71,140737488355327,-140737488355328,-42,580,580
6,526,4257,527,201000.000000,200000.000000,0x0068db8bac71,8,4,0x0068db900a52,286130,286705,73644,-1340,0,6,0,1,1,1,1,8759,285597,0x0068db8bac71,140737488355327,-140737488355328,-42,575,575
6,527,4265,528,201000.000000,200000.000000,0x0068db8bac71,8,4,0x0068db900c62,286658,287228,72972,-1344,0,6,0,1,1,1,1,8759,286130,0x0068db8bac71,140737488355327,-140737488355328,-42,570,570
6,528,4273,529,201000.000000,200000.000000,0x0068db8bac71,8,4,0x0068db900e6d,287180,287744,72300,-1344,0,6,0,1,1,1,1,8759,286658,0x0068db8bac71,140737488355327,-140737488355328,-42,564,564
6,529,4281,530,201000.000000,200000.000000,0x0068db8bac71,8,4,0x0068db901071,287697,288256,71632,-1340,0,6,0,1,1,1,1,8760,287180,0x0068db8bac71,140737488355327,-140737488355328,-42,559,559
6,530,4289,531,201000.000000,200000.000000,0x0068db8bac71,8,4,0x0068db901271,288209,288763,70956,-1344,0,6,0,1,1,1,1,8759,287697,0x0068db8bac71,140737488355327,-140737488355328,-42,554,554
6,531,4297,532,201000.000000,200000.000000,0x0068db8bac71,8,4,0x0068db90146c,288716,289265,70288,-1344,0,6,0,1,1,1,1,8760,288209,0x0068db8bac71,140737488355327,-140737488355328,-42,549,549
6,532,4305,533,201000.000000,200000.000000,0x0068db8bac71,8,4,0x0068db901662,289217,289760,69616,-1340,0,6,0,1,1,1,1,8760,288716,0x0068db8bac71,140737488355327,-140737488355328,-42,543,543
6,533,4313,534,201000.000000,200000.000000,0x0068db8bac71,8,4,0x0068db901851,289713,290251,68944,-1344,0,6,0,1,1,1,1,8760,289217,0x0068db8bac71,140737488355327,-140737488355328,-42,538,538
6,534,4321,535,201000.000000,200000.000000,0x0068db8bac71,8,4,0x0068db901a3c,290204,290737,68272,-1344,0,6,0,1,1,1,1,8761,289713,0x0068db8bac71,140737488355327,-140737488355328,-42,533,533
6,535,4329,536,201000.000000,200000.000000,0x0068db8bac71,8,4,0x0068db901c22,290690,291218,67600,-1344,0,6,0,1,1,1,1,8760,290204,0x0068db8bac71,140737488355327,-140737488355328,-42,528,528
6,536,4337,537,201000.000000,200000.000000,0x0068db8bac71,8,4,0x0068db901e03,291170,291692,66928,-1344,0,6,0,1,1,1,1,8761,290690,0x0068db8bac71,140737488355327,-140737488355328,-42,522,522
6,537,4345,538,201000.000000,200000.000000,0x0068db8bac71,8,4,0x0068db901fdd,291645,292162,66260,-1340,0,6,0,1,1,1,1,8760,291170,0x0068db8bac71,140737488355327,-140737488355328,-42,517,517
6,538,4353,539,201000.000000,200000.000000,0x0068db8bac71,8,4,0x0068db9021b3,292115,292627,65588,-1340,0,6,0,1,1,1,1,8762,291645,0x0068db8bac71,140737488355327,-140737488355328,-42,512,512
6,539,4361,540,201000.000000,200000.000000,0x0068db8bac71,8,4,0x0068db902384,292580,293087,64916,-1344,0,6,0,1,1,1,1,8762,292115,0x0068db8bac71,140737488355327,-140737488355328,-42,507,507
6,540,4369,541,201000.000000,200000.000000,0x0068db8bac71,8,4,0x0068db902550,293039,293540,64244,-1344,0,6,0,1,1,1,1,8761,292580,0x0068db8bac71,140737488355327,-140737488355328,-42,501,501
6,541,4377,542,201000.000000,200000.000000,0x0068db8bac71,8,4,0x0068db902715,293493,293989,63572,-1344,0,6,0,1,1,1,1,8762,293039,0x0068db8bac71,140737488355327,-140737488355328,-42,496,496
6,542,4385,543,201000.000000,200000.000000,0x0068db8bac71,8,4,0x0068db9028d6,293942,294433,62900,-1344,0,6,0,1,1,1,1,8762,293493,0x0068db8bac71,140737488355327,-140737488355328,-42,491,491
6,543,4393,544,201000.000000,200000.000000,0x0068db8bac71,8,4,0x0068db902a92,294386,294872,62232,-1340,0,6,0,1,1,1,1,8762,293942,0x0068db8bac71,140737488355327,-140737488355328,-42,486,486
6,544,4401,545,201000.000000,200000.000000,0x0068db8bac71,8,4,0x0068db902c49,294824,295304,61560,-1340,0,6,0,1,1,1,1,8762,294386,0x0068db8bac71,140737488355327,-140737488355328,-42,480,480
6,545,4409,546,201000.000000,200000.000000,0x0068db8bac71,8,4,0x0068db902df9,295257,295732,60888,-1344,0,6,0,1,1,1,1,8763,294824,0x0068db8bac71,140737488355327,-140737488355328,-42,475,475
6,546,4417,547,201000.000000,200000.000000,0x0068db8bac71,8,4,0x0068db902fa5,295685,296155,60216,-1344,0,6,0,1,1,1,1,8762,295257,0x0068db8bac71,140737488355327,-140737488355328,-42,470,470
6,547,4425,548,201000.000000,200000.000000,0x0068db8bac71,8,4,0x0068db90314c,296108,296573,59548,-1340,0,6,0,1,1,1,1,8761,295685,0x0068db8bac71,140737488355327,-140737488355328,-42,465,465
6,548,4433,549,201000.000000,200000.000000,0x0068db8bac71,8,4,0x0068db9032ee,296525,296984,58876,-1340,0,6,0,1,1,1,1,8762,296108,0x0068db8bac71,140737488355327,-140737488355328,-42,459,459
6,549,4441,550,201000.000000,200000.000000,0x0068db8bac71,8,4,0x0068db903489,296937,297391,58204,-1344,0,6,0,1,1,1,1,8763,296525,0x0068db8bac71,140737488355327,-140737488355328,-42,454,454
6,550,4449,551,201000.000000,200000.000000,0x0068db8bac71,8,4,0x0068db903620,297344,297793,57532,-1344,0,6,0,1,1,1,1,8762,296937,0x0068db8bac71,140737488355327,-140737488355328,-42,449,449
6,551,4457,552,201000.000000,200000.000000,0x0068db8bac71,8,4,0x0068db9037b2,297746,298190,56860,-1344,0,6,0,1,1,1,1,8762,297344,0x0068db8bac71,140737488355327,-140737488355328,-42,444,444
6,552,4465,553,201000.000000,200000.000000,0x0068db8bac71,8,4,0x0068db90393f,298143,298582,56192,-1340,0,6,0,1,1,1,1,8762,297746,0x0068db8bac71,140737488355327,-140737488355328,-42,439,439
6,553,4473,554,201000.000000,200000.000000,0x0068db8bac71,8,4,0x0068db903ac7,298534,298967,55520,-1340,0,6,0,1,1,1,1,8763,298143,0x0068db8bac71,140737488355327,-140737488355328,-42,433,433
6,554,4481,555,201000.000000,200000.000000,0x0068db8bac71,8,4,0x0068db903c48,298920,299348,54848,-1344,0,6,0,1,1,1,1,8762,298534,0x0068db8bac71,140737488355327,-140737488355328,-42,428,428
6,555,4489,556,201000.000000,200000.000000,0x0068db8bac71,8,4,0x0068db903dc5,299301,299724,54180,-1340,0,6,0,1,1,1,1,8762,298920,0x0068db8bac71,140737488355327,-140737488355328,-42,423,423
6,556,4497,557,201000.000000,200000.000000,0x0068db8bac71,8,4,0x0068db903f3d,299677,300095,53504,-1344,0,6,0,1,1,1,1,8763,299301,0x0068db8bac71,140737488355327,-140737488355328,-42,418,418
6,557,4505,558,201000.000000,200000.000000,0x0068db8bac71,8,4,0x0068db9040b0,300047,300459,52836,-1344,0,6,0,1,1,1,1,8763,299677,0x0068db8bac71,140737488355327,-140737488355328,-42,412,412
6,558,4513,559,201000.000000,200000.000000,0x0068db8bac71,8,4,0x0068db90421c,300412,300819,52164,-1340,0,6,0,1,1,1,1,8763,300047,0x0068db8bac71,140737488355327,-140737488355328,-42,407,407
6,559,4521,560,201000.000000,200000.000000,0x0068db8bac71,8,4,0x0068db904384,300772,301174,51492,-1344,0,6,0,1,1,1,1,8763,300412,0x0068db8bac71,140737488355327,-140737488355328,-42,402,402
6,560,4529,561,201000.000000,200000.000000,0x0068db8bac71,8,4,0x0068db9044e7,301127,301524,50820,-1344,0,6,0,1,1,1,1,8764,300772,0x0068db8bac71,140737488355327,-140737488355328,-42,397,397
6,561,4537,562,201000.000000,200000.000000,0x0068db8bac71,8,4,0x0068db904645,301476,301867,50152,-1340,0,6,0,1,1,1,1,8764,301127,0x0068db8bac71,140737488355327,-140737488355328,-42,391,391
6,562,4545,563,201000.000000,200000.000000,0x0068db8bac71,8,4,0x0068db90479c,301820,302206,49480,-1340,0,6,0,1,1,1,1,8763,301476,0x0068db8bac71,140737488355327,-140737488355328,-42,386,386
6,563,4553,564,201000.000000,200000.000000,0x0068db8bac71,8,4,0x0068db9048ef,302159,302540,48808,-1344,0,6,0,1,1,1,1,8764,301820,0x0068db8bac71,140737488355327,-140737488355328,-42,381,381
6,564,4561,565,201000.000000,200000.000000,0x0068db8bac71,8,4,0x0068db904a3d,302493,302869,48140,-1340,0,6,0,1,1,1,1,8764,302159,0x0068db8bac71,140737488355327,-140737488355328,-42,376,376
6,565,4569,566,201000.000000,200000.000000,0x0068db8bac71,8,4,0x0068db904b86,302821,303191,47468,-1340,0,6,0,1,1,1,1,8765,302493,0x0068db8bac71,140737488355327,-140737488355328,-42,370,370
6,566,4577,567,201000.000000,200000.000000,0x0068db8bac71,8,4,0x0068db904cc8,303144,303509,46796,-1344,0,6,0,1,1,1,1,8765,302821,0x0068db8bac71,140737488355327,-140737488355328,-42,365,365
6,567,4585,568,201000.000000,200000.000000,0x0068db8bac71,8,4,0x0068db904e06,303462,303822,46124,-1344,0,6,0,1,1,1,1,8766,303144,0x0068db8bac71,140737488355327,-140737488355328,-42,360,360
6,568,4593,569,201000.000000,200000.000000,0x0068db8bac71,8,4,0x0068db904f3f,303775,304130,45456,-1340,0,6,0,1,1,1,1,8765,303462,0x0068db8bac71,140737488355327,-140737488355328,-42,355,355
6,569,4601,570,201000.000000,200000.000000,0x0068db8bac71,8,4,0x0068db905073,304082,304431,44784,-1340,0,6,0,1,1,1,1,8766,303775,0x0068db8bac71,140737488355327,-140737488355328,-42,349,349
6,570,4609,571,201000.000000,200000.000000,0x0068db8bac71,8,4,0x0068db9051a0,304384,304728,44112,-1344,0,6,0,1,1,1,1,8765,304082,0x0068db8bac71,140737488355327,-140737488355328,-42,344,344
6,571,4617,572,201000.000000,200000.000000,0x0068db8bac71,8,4,0x0068db9052c9,304681,305020,43440,-1344,0,6,0,1,1,1,1,8765,304384,0x0068db8bac71,140737488355327,-140737488355328,-42,339,339
6,572,4625,573,201000.000000,200000.000000,0x0068db8bac71,8,4,0x0068db9053ed,304973,305307,42772,-1340,0,6,0,1,1,1,1,8765,304681,0x0068db8bac71,140737488355327,-140737488355328,-42,334,334
6,573,4633,574,201000.000000,200000.000000,0x0068db8bac71,8,4,0x0068db90550c,305259,305587,42100,-1340,0,6,0,1,1,1,1,8765,304973,0x0068db8bac71,140737488355327,-140737488355328,-42,328,328
6,574,4641,575,201000.000000,200000.000000,0x0068db8bac71,8,4,0x0068db905624,305540,305863,41428,-1344,0,6,0,1,1,1,1,8765,305259,0x0068db8bac71,140737488355327,-140737488355328,-42,323,323
6,575,4649,576,201000.000000,200000.000000,0x0068db8bac71,8,4,0x0068db905738,305816,306134,40760,-1340,0,6,0,1,1,1,1,8766,305540,0x0068db8bac71,140737488355327,-140737488355328,-42,318,318
6,576,4657,577,201000.000000,200000.000000,0x0068db8bac71,8,4,0x0068db905847,306087,306400,40088,-1340,0,6,0,1,1,1,1,8765,305816,0x0068db8bac71,140737488355327,-140737488355328,-42,313,313
6,577,4665,578,201000.000000,200000.000000,0x0068db8bac71,8,4,0x0068db905951,306352,306659,39416,-1344,0,6,0,1,1,1,1,8765,306087,0x0068db8bac71,140737488355327,-140737488355328,-42,307,307
6,578,4673,579,201000.000000,200000.000000,0x0068db8bac71,8,4,0x0068db905a54,306612,306914,38744,-1344,0,6,0,1,1,1,1,8765,306352,0x0068db8bac71,140737488355327,-140737488355328,-42,302,302
6,579,4681,580,201000.000000,200000.000000,0x0068db8bac71,8,4,0x0068db905b53,306867,307164,38076,-1340,0,6,0,1,1,1,1,8765,306612,0x0068db8bac71,140737488355327,-140737488355328,-42,297,297
6,580,4689,581,201000.000000,200000.000000,0x0068db8bac71,8,4,0x0068db905c4d,307117,307409,37404,-1340,0,6,0,1,1,1,1,8765,306867,0x0068db8bac71,140737488355327,-140737488355328,-42,292,292
6,581,4697,582,201000.000000,200000.000000,0x0068db8bac71,8,4,0x0068db905d42,307361,307647,36732,-1344,0,6,0,1,1,1,1,8765,307117,0x0068db8bac71,140737488355327,-140737488355328,-42,286,286
6,582,4705,583,201000.000000,200000.000000,0x0068db8bac71,8,4,0x0068db905e30,307600,307881,36060,-1344,0,6,0,1,1,1,1,8765,307361,0x0068db8bac71,140737488355327,-140737488355328,-42,281,281
6,583,4713,584,201000.000000,200000.000000,0x0068db8bac71,8,4,0x0068db905f1a,307834,308110,35392,-1340,0,6,0,1,1,1,1,8765,307600,0x0068db8bac71,140737488355327,-140737488355328,-42,276,276
6,584,4721,585,201000.000000,200000.000000,0x0068db8bac71,8,4,0x0068db905fff,308063,308334,34720,-1340,0,6,0,1,1,1,1,8764,307834,0x0068db8bac71,140737488355327,-140737488355328,-42,271,271
6,585,4729,586,201000.000000,200000.000000,0x0068db8bac71,8,4,0x0068db9060df,308287,308553,34048,-1344,0,6,0,1,1,1,1,8764,308063,0x0068db8bac71,140737488355327,-140737488355328,-42,266,266
6,586,4737,587,201000.000000,200000.000000,0x0068db8bac71,8,4,0x0068db9061ba,308505,308765,33380,-1340,0,6,0,1,1,1,1,8765,308287,0x0068db8bac71,140737488355327,-140737488355328,-42,260,260
6,587,4745,588,201000.000000,200000.000000,0x0068db8bac71,8,4,0x0068db90628e,311278,312045,98240,64192,0,6,0,1,1,1,1,8764,308505,0x0068db8bac71,140737488355327,-140737488355328,2006,767,767
6,588,4753,589,201000.000000,200000.000000,0x0068db8bac71,8,4,0x0068db906f5e,314045,314807,97568,64188,0,6,0,1,1,1,1,8763,311278,0x0068db8bac71,140737488355327,-140737488355328,2005,762,762
6,589,4761,590,201000.000000,200000.000000,0x0068db8bac71,8,4,0x0068db907a28,314760,315517,96900,-1340,0,6,0,1,1,1,1,8764,314045,0x0068db8bac71,140737488355327,-140737488355328,-42,757,757
6,590,4769,591,201000.000000,200000.000000,0x0068db8bac71,8,4,0x0068db907cee,315469,316220,96228,-1340,0,6,0,1,1,1,1,8763,314760,0x0068db8bac71,140737488355327,-140737488355328,-42,751,751
6,591,4777,592,201000.000000,200000.000000,0x0068db8bac71,8,4,0x0068db907fad,316173,316919,95560,-1340,0,6,0,1,1,1,1,8763,315469,0x0068db8bac71,140737488355327,-140737488355328,-42,746,746
6,592,4785,593,201000.000000,200000.000000,0x0068db8bac71,8,4,0x0068db908268,316872,317613,94888,-1340,0,6,0,1,1,1,1,8763,316173,0x0068db8bac71,140737488355327,-140737488355328,-42,741,741
6,593,4793,594,201000.000000,200000.000000,0x0068db8bac71,8,4,0x0068db90851e,317566,318302,94216,-1344,0,6,0,1,1,1,1,8763,316872,0x0068db8bac71,140737488355327,-140737488355328,-42,736,736
6,594,4801,595,201000.000000,200000.000000,0x0068db8bac71,8,4,0x0068db9087cf,318254,318984,93548,-1340,0,6,0,1,1,1,1,8763,317566,0x0068db8bac71,140737488355327,-140737488355328,-42,730,730
6,595,4809,596,201000.000000,200000.000000,0x0068db8bac71,8,4,0x0068db908a79,318937,319662,92872,-1344,0,6,0,1,1,1,1,8762,318254,0x0068db8bac71,140737488355327,-140737488355328,-42,725,725
6,596,4817,597,201000.000000,200000.000000,0x0068db8bac71,8,4,0x0068db908d1f,319615,320335,92204,-1344,0,6,0,1,1,1,1,8762,318937,0x0068db8bac71,140737488355327,-140737488355328,-42,720,720
6,597,4825,598,201000.000000,200000.000000,0x0068db8bac71,8,4,0x0068db908fc0,320288,321003,91532,-1340,0,6,0,1,1,1,1,8762,319615,0x0068db8bac71,140737488355327,-140737488355328,-42,715,715
6,598,4833,599,201000.000000,200000.000000,0x0068db8bac71,8,4,0x0068db90925c,320955,321664,90864,-1340,0,6,0,1,1,1,1,8762,320288,0x0068db8bac71,140737488355327,-140737488355328,-42,709,709
6,599,4841,600,201000.000000,200000.000000,0x0068db8bac71,8,4,0x0068db9094f1,321617,322321,90192,-1340,0,6,0,1,1,1,1,8762,320955,0x0068db8bac71,140737488355327,-140737488355328,-42,704,704
6,600,4849,601,201000.000000,200000.000000,0x0068db8bac71,8,4,0x0068db909782,322274,322973,89520,-1344,0,6,0,1,1,1,1,8762,321617,0x0068db8bac71,140737488355327,-140737488355328,-42,699,699
6,601,4857,602,201000.000000,200000.000000,0x0068db8bac71,8,4,0x0068db909a0e,322926,323620,88848,-1344,0,6,0,1,1,1,1,8763,322274,0x0068db8bac71,140737488355327,-140737488355328,-42,694,694
6,602,4865,603,201000.000000,200000.000000,0x0068db8bac71,8,4,0x0068db909c95,323572,324260,88176,-1344,0,6,0,1,1,1,1,8763,322926,0x0068db8bac71,140737488355327,-140737488355328,-42,688,688
6,603,4873,604,201000.000000,200000.000000,0x0068db8bac71,8,4,0x0068db909f15,324213,324896,87508,-1340,0,6,0,1,1,1,1,8762,323572,0x0068db8bac71,140737488355327,-140737488355328,-42,683,683
6,604,4881,605,201000.000000,200000.000000,0x0068db8bac71,8,4,0x0068db90a191,324849,325527,86836,-1340,0,6,0,1,1,1,1,8763,324213,0x0068db8bac71,140737488355327,-140737488355328,-42,678,678
6,605,4889,606,201000.000000,200000.000000,0x0068db8bac71,8,4,0x0068db90a408,325480,326153,86164,-1344,0,6,0,1,1,1,1,8762,324849,0x0068db8bac71,140737488355327,-140737488355328,-42,673,673
6,606,4897,607,201000.000000,200000.000000,0x0068db8bac71,8,4,0x0068db90a67a,326105,326772,85492,-1344,0,6,0,1,1,1,1,8761,325480,0x0068db8bac71,140737488355327,-140737488355328,-42,667,667
6,607,4905,608,201000.000000,200000.000000,0x0068db8bac71,8,4,0x0068db90a8e5,326725,327387,84820,-1344,0,6,0,1,1,1,1,8762,326105,0x0068db8bac71,140737488355327,-140737488355328,-42,662,662
6,608,4913,609,201000.000000,200000.000000,0x0068db8bac71,8,4,0x0068db90ab4c,327340,327997,84152,-1340,0,6,0,1,1,1,1,8762,326725,0x0068db8bac71,140737488355327,-140737488355328,-42,657,657
6,609,4921,610,201000.000000,200000.000000,0x0068db8bac71,8,4,0x0068db90adae,327950,328602,83480,-1340,0,6,0,1,1,1,1,8761,327340,0x0068db8bac71,140737488355327,-140737488355328,-42,652,652
6,610,4929,611,201000.000000,200000.000000,0x0068db8bac71,8,4,0x0068db90b00b,328554,329200,82808,-1344,0,6,0,1,1,1,1,8760,327950,0x0068db8bac71,140737488355327,-140737488355328,-42,646,646
6,611,4937,612,201000.000000,200000.000000,0x0068db8bac71,8,4,0x0068db90b261,329153,329794,82136,-1344,0,6,0,1,1,1,1,8761,328554,0x0068db8bac71,140737488355327,-140737488355328,-42,641,641
6,612,4945,613,201000.000000,200000.000000,0x0068db8bac71,8,4,0x0068db90b4b3,329747,330383,81464,-1344,0,6,0,1,1,1,1,8760,329153,0x0068db8bac71,140737488355327,-140737488355328,-42,636,636
6,613,4953,614,201000.000000,200000.000000,0x0068db8bac71,8,4,0x0068db90b700,330336,330967,80792,-1344,0,6,0,1,1,1,1,8760,329747,0x0068db8bac71,140737488355327,-140737488355328,-42,631,631
6,614,4961,615,201000.000000,200000.000000,0x0068db8bac71,8,4,0x0068db90b948,330919,331544,80120,-1344,0,6,0,1,1,1,1,8761,330336,0x0068db8bac71,140737488355327,-140737488355328,-42,625,625
6,615,4969,616,201000.000000,200000.000000,0x0068db8bac71,8,4,0x0068db90bb89,331497,332117,79452,-1340,0,6,0,1,1,1,1,8761,330919,0x0068db8bac71,140737488355327,-140737488355328,-42,620,620
6,616,4977,617,201000.000000,200000.000000,0x0068db8bac71,8,4,0x0068db90bdc6,332070,332685,78780,-1340,0,6,0,1,1,1,1,8760,331497,0x0068db8bac71,140737488355327,-140737488355328,-42,615,615
6,617,4985,618,201000.000000,200000.000000,0x0068db8bac71,8,4,0x0068db90bffe,332638,333248,78108,-1344,0,6,0,1,1,1,1,8760,332070,0x0068db8bac71,140737488355327,-140737488355328,-42,610,610
6,618,4993,619,201000.000000,200000.000000,0x0068db8bac71,8,4,0x0068db90c231,333200,333804,77436,-1344,0,6,0,1,1,1,1,8759,332638,0x0068db8bac71,140737488355327,-140737488355328,-42,604,604
6,619,5001,620,201000.000000,200000.000000,0x0068db8bac71,8,4,0x0068db90c45d,333757,334356,76764,-1344,0,6,0,1,1,1,1,8760,333200,0x0068db8bac71,140737488355327,-140737488355328,-42,599,599
6,620,5009,621,201000.000000,200000.000000,0x0068db8bac71,8,4,0x0068db90c685,334309,334903,76092,-1344,0,6,0,1,1,1,1,8760,333757,0x0068db8bac71,140737488355327,-140737488355328,-42,594,594
6,621,5017,622,201000.000000,200000.000000,0x0068db8bac71,8,4,0x0068db90c8a8,334856,335445,75424,-1340,0,6,0,1,1,1,1,8759,334309,0x0068db8bac71,140737488355327,-140737488355328,-42,589,589
6,622,5025,623,201000.000000,200000.000000,0x0068db8bac71,8,4,0x0068db90cac6,335398,335982,74752,-1340,0,6,0,1,1,1,1,8760,334856,0x0068db8bac71,140737488355327,-140737488355328,-42,584,584
6,623,5033,624,201000.000000,200000.000000,0x0068db8bac71,8,4,0x0068db90ccdf,335934,336512,74080,-1344,0,6,0,1,1,1,1,8759,335398,0x0068db8bac71,140737488355327,-140737488355328,-42,578,578
6,624,5041,625,201000.000000,200000.000000,0x0068db8bac71,8,4,0x0068db90cef1,336465,337038,73408,-1344,0,6,0,1,1,1,1,8759,335934,0x0068db8bac71,140737488355327,-140737488355328,-42,573,573
6,625,5049,626,201000.000000,200000.000000,0x0068db8bac71,8,4,0x0068db90d0ff,336991,337559,72736,-1344,0,6,0,1,1,1,1,8760,336465,0x0068db8bac71,140737488355327,-140737488355328,-42,568,568
6,626,5057,627,201000.000000,200000.000000,0x0068db8bac71,8,4,0x0068db90d308,337512,338075,72064,-1344,0,6,0,1,1,1,1,8760,336991,0x0068db8bac71,140737488355327,-140737488355328,-42,563,563
6,627,5065,628,201000.000000,200000.000000,0x0068db8bac71,8,4,0x0068db90d50c,338027,338584,71396,-1340,0,6,0,1,1,1,1,8760,337512,0x0068db8bac71,140737488355327,-140737488355328,-42,557,557
6,628,5073,629,201000.000000,200000.000000,0x0068db8bac71,8,4,0x0068db90d709,338537,339089,70724,-1340,0,6,0,1,1,1,1,8758,338027,0x0068db8bac71,140737488355327,-140737488355328,-42,552,552
6,629,5081,630,201000.000000,200000.000000,0x0068db8bac71,8,4,0x0068db90d902,339042,339589,70052,-1344,0,6,0,1,1,1,1,8760,338537,0x0068db8bac71,140737488355327,-140737488355328,-42,547,547
6,630,5089,631,201000.000000,200000.000000,0x0068db8bac71,8,4,0x0068db90daf6,339542,340084,69380,-1344,0,6,0,1,1,1,1,8760,339042,0x0068db8bac71,140737488355327,-140737488355328,-42,542,542
6,631,5097,632,201000.000000,200000.000000,0x0068db8bac71,8,4,0x0068db90dce5,340036,340572,68712,-1340,0,6,0,1,1,1,1,8760,339542,0x0068db8bac71,140737488355327,-140737488355328,-42,536,536
6,632,5105,633,201000.000000,200000.000000,0x0068db8bac71,8,4,0x0068db90decd,340525,341056,68040,-1340,0,6,0,1,1,1,1,8760,340036,0x0068db8bac71,140737488355327,-140737488355328,-42,531,531
6,633,5113,634,201000.000000,200000.000000,0x0068db8bac71,8,4,0x0068db90e0b1,341009,341535,67368,-1344,0,6,0,1,1,1,1,8761,340525,0x0068db8bac71,140737488355327,-140737488355328,-42,526,526
6,634,5121,635,201000.000000,200000.000000,0x0068db8bac71,8,4,0x0068db90e290,341488,342009,66696,-1344,0,6,0,1,1,1,1,8761,341009,0x0068db8bac71,140737488355327,-140737488355328,-42,521,521
6,635,5129,636,201000.000000,200000.000000,0x0068db8bac71,8,4,0x0068db90e46a,341961,342476,66024,-1344,0,6,0,1,1,1,1,8760,341488,0x0068db8bac71,140737488355327,-140737488355328,-42,515,515
6,636,5137,637,201000.000000,200000.000000,0x0068db8bac71,8,4,0x0068db90e63d,342429,342939,65352,-1344,0,6,0,1,1,1,1,8760,341961,0x0068db8bac71,140737488355327,-140737488355328,-42,510,510
6,637,5145,638,201000.000000,200000.000000,0x0068db8bac71,8,4,0x0068db90e80c,342892,343397,64680,-1344,0,6,0,1,1,1,1,8762,342429,0x0068db8bac71,140737488355327,-140737488355328,-42,505,505
6,638,5153,639,201000.000000,200000.000000,0x0068db8bac71,8,4,0x0068db90e9d6,343350,343850,64012,-1340,0,6,0,1,1,1,1,8762,342892,0x0068db8bac71,140737488355327,-140737488355328,-42,500,500
6,639,5161,640,201000.000000,200000.000000,0x0068db8bac71,8,4,0x0068db90eb9b,343802,344296,63340,-1340,0,6,0,1,1,1,1,8762,343350,0x0068db8bac71,140737488355327,-140737488355328,-42,494,494
6,640,5169,641,201000.000000,200000.000000,0x0068db8bac71,8,4,0x0068db90ed59,344249,344738,62668,-1344,0,6,0,1,1,1,1,8762,343802,0x0068db8bac71,140737488355327,-140737488355328,-42,489,489
6,641,5177,642,201000.000000,200000.000000,0x0068db8bac71,8,4,0x0068db90ef13,344691,345175,61996,-1344,0,6,0,1,1,1,1,8762,344249,0x0068db8bac71,140737488355327,-140737488355328,-42,484,484
6,642,5185,643,201000.000000,200000.000000,0x0068db8bac71,8,4,0x0068db90f0c8,345128,345607,61328,-1340,0,6,0,1,1,1,1,8762,344691,0x0068db8bac71,140737488355327,-140737488355328,-42,479,479
6,643,5193,644,201000.000000,200000.000000,0x0068db8bac71,8,4,0x0068db90f278,345559,346032,60656,-1340,0,6,0,1,1,1,1,8762,345128,0x0068db8bac71,140737488355327,-140737488355328,-42,473,473
6,644,5201,645,201000.000000,200000.000000,0x0068db8bac71,8,4,0x0068db90f421,345985,346453,59984,-1344,0,6,0,1,1,1,1,8763,345559,0x0068db8bac71,140737488355327,-140737488355328,-42,468,468
6,645,5209,646,201000.000000,200000.000000,0x0068db8bac71,8,4,0x0068db90f5c6,346406,346869,59312,-1344,0,6,0,1,1,1,1,8763,345985,0x0068db8bac71,140737488355327,-140737488355328,-42,463,463
6,646,5217,647,201000.000000,200000.000000,0x0068db8bac71,8,4,0x0068db90f766,346822,347280,58640,-1344,0,6,0,1,1,1,1,8763,346406,0x0068db8bac71,140737488355327,-140737488355328,-42,458,458
6,647,5225,648,201000.000000,200000.000000,0x0068db8bac71,8,4,0x0068db90f901,347232,347684,57972,-1340,0,6,0,1,1,1,1,8763,346822,0x0068db8bac71,140737488355327,-140737488355328,-42,452,452
6,648,5233,649,201000.000000,200000.000000,0x0068db8bac71,8,4,0x0068db90fa95,347637,348084,57300,-1340,0,6,0,1,1,1,1,8763,347232,0x0068db8bac71,140737488355327,-140737488355328,-42,447,447
6,649,5241,650,201000.000000,200000.000000,0x0068db8bac71,8,4,0x0068db90fc25,348037,348479,56628,-1344,0,6,0,1,1,1,1,8762,347637,0x0068db8bac71,140737488355327,-140737488355328,-42,442,442
6,650,5249,651,201000.000000,200000.000000,0x0068db8bac71,8,4,0x0068db90fdb0,348432,348869,55956,-1344,0,6,0,1,1,1,1,8763,348037,0x0068db8bac71,140737488355327,-140737488355328,-42,437,437
6,651,5257,652,201000.000000,200000.000000,0x0068db8bac71,8,4,0x0068db90ff36,348821,349252,55284,-1344,0,6,0,1,1,1,1,8763,348432,0x0068db8bac71,140737488355327,-140737488355328,-42,431,431
6,652,5265,653,201000.000000,200000.000000,0x0068db8bac71,8,4,0x0068db9100b5,349205,349631,54612,-1344,0,6,0,1,1,1,1,8763,348821,0x0068db8bac71,140737488355327,-140737488355328,-42,426,426
6,653,5273,654,201000.000000,200000.000000,0x0068db8bac71,8,4,0x0068db910230,349584,350005,53944,-1340,0,6,0,1,1,1,1,8763,349205,0x0068db8bac71,140737488355327,-140737488355328,-42,421,421
6,654,5281,655,201000.000000,200000.000000,0x0068db8bac71,8,4,0x0068db9103a6,349958,350374,53272,-1340,0,6,0,1,1,1,1,8764,349584,0x0068db8bac71,140737488355327,-140737488355328,-42,416,416
6,655,5289,656,201000.000000,200000.000000,0x0068db8bac71,8,4,0x0068db910517,350326,350736,52604,-1340,0,6,0,1,1,1,1,8762,349958,0x0068db8bac71,140737488355327,-140737488355328,-42,410,410
6,656,5297,657,201000.000000,200000.000000,0x0068db8bac71,8,4,0x0068db910681,350689,351094,51932,-1340,0,6,0,1,1,1,1,8763,350326,0x0068db8bac71,140737488355327,-140737488355328,-42,405,405
6,657,5305,658,201000.000000,200000.000000,0x0068db8bac71,8,4,0x0068db9107e7,351047,351447,51260,-1344,0,6,0,1,1,1,1,8763,350689,0x0068db8bac71,140737488355327,-140737488355328,-42,400,400
6,658,5313,659,201000.000000,200000.000000,0x0068db8bac71,8,4,0x0068db910948,351400,351795,50592,-1340,0,6,0,1,1,1,1,8763,351047,0x0068db8bac71,140737488355327,-140737488355328,-42,395,395
6,659,5321,660,201000.000000,200000.000000,0x0068db8bac71,8,4,0x0068db910aa4,351748,352138,49920,-1340,0,6,0,1,1,1,1,8764,351400,0x0068db8bac71,140737488355327,-140737488355328,-42,390,390
6,660,5329,661,201000.000000,200000.000000,0x0068db8bac71,8,4,0x0068db910bfb,352090,352474,49248,-1344,0,6,0,1,1,1,1,8764,351748,0x0068db8bac71,140737488355327,-140737488355328,-42,384,384
6,661,5337,662,201000.000000,200000.000000,0x0068db8bac71,8,4,0x0068db910d4b,352427,352806,48576,-1344,0,6,0,1,1,1,1,8764,352090,0x0068db8bac71,140737488355327,-140737488355328,-42,379,379
6,662,5345,663,201000.000000,200000.000000,0x0068db8bac71,8,4,0x0068db910e97,352759,353133,47904,-1344,0,6,0,1,1,1,1,8765,352427,0x0068db8bac71,140737488355327,-140737488355328,-42,374,374
6,663,5353,664,201000.000000,200000.000000,0x0068db8bac71,8,4,0x0068db910fde,353086,353455,47236,-1340,0,6,0,1,1,1,1,8764,352759,0x0068db8bac71,140737488355327,-140737488355328,-42,369,369
6,664,5361,665,201000.000000,200000.000000,0x0068db8bac71,8,4,0x0068db911120,353407,353770,46564,-1340,0,6,0,1,1,1,1,8763,353086,0x0068db8bac71,140737488355327,-140737488355328,-42,363,363
6,665,5369,666,201000.000000,200000.000000,0x0068db8bac71,8,4,0x0068db91125b,353723,354081,45892,-1344,0,6,0,1,1,1,1,8764,353407,0x0068db8bac71,140737488355327,-140737488355328,-42,358,358
6,666,5377,667,201000.000000,200000.000000,0x0068db8bac71,8,4,0x0068db911392,354034,354387,45220,-1344,0,6,0,1,1,1,1,8765,353723,0x0068db8bac71,140737488355327,-140737488355328,-42,353,353
6,667,5385,668,201000.000000,200000.000000,0x0068db8bac71,8,4,0x0068db9114c4,354340,354688,44552,-1340,0,6,0,1,1,1,1,8764,354034,0x0068db8bac71,140737488355327,-140737488355328,-42,348,348
6,668,5393,669,201000.000000,200000.000000,0x0068db8bac71,8,4,0x0068db9115f1,354640,354982,43880,-1340,0,6,0,1,1,1,1,8765,354340,0x0068db8bac71,140737488355327,-140737488355328,-42,342,342
6,669,5401,670,201000.000000,200000.000000,0x0068db8bac71,8,4,0x0068db911717,354935,355272,43208,-1344,0,6,0,1,1,1,1,8765,354640,0x0068db8bac71,140737488355327,-140737488355328,-42,337,337
6,670,5409,671,201000.000000,200000.000000,0x0068db8bac71,8,4,0x0068db911839,355225,355557,42536,-1344,0,6,0,1,1,1,1,8765,354935,0x0068db8bac71,140737488355327,-140737488355328,-42,332,332
6,671,5417,672,201000.000000,200000.000000,0x0068db8bac71,8,4,0x0068db911956,355510,355837,41868,-1340,0,6,0,1,1,1,1,8765,355225,0x0068db8bac71,140737488355327,-140737488355328,-42,327,327
6,672,5425,673,201000.000000,200000.000000,0x0068db8bac71,8,4,0x0068db911a6e,355789,356110,41196,-1340,0,6,0,1,1,1,1,8766,355510,0x0068db8bac71,140737488355327,-140737488355328,-42,321,321
6,673,5433,674,201000.000000,200000.000000,0x0068db8bac71,8,4,0x0068db911b7f,356063,356379,40524,-1344,0,6,0,1,1,1,1,8765,355789,0x0068db8bac71,140737488355327,-140737488355328,-42,316,316
6,674,5441,675,201000.000000,200000.000000,0x0068db8bac71,8,4,0x0068db911c8c,356332,356643,39856,-1340,0,6,0,1,1,1,1,8766,356063,0x0068db8bac71,140737488355327,-140737488355328,-42,311,311
6,675,5449,676,201000.000000,200000.000000,0x0068db8bac71,8,4,0x0068db911d94,356596,356902,39184,-1340,0,6,0,1,1,1,1,8765,356332,0x0068db8bac71,140737488355327,-140737488355328,-42,306,306
6,676,5457,677,201000.000000,200000.000000,0x0068db8bac71,8,4,0x0068db911e97,356854,357154,38512,-1344,0,6,0,1,1,1,1,8766,356596,0x0068db8bac71,140737488355327,-140737488355328,-42,300,300
6,677,5465,678,201000.000000,200000.000000,0x0068db8bac71,8,4,0x0068db911f93,357107,357402,37840,-1344,0,6,0,1,1,1,1,8765,356854,0x0068db8bac71,140737488355327,-140737488355328,-42,295,295
6,678,5473,679,201000.000000,200000.000000,0x0068db8bac71,8,4,0x0068db91208b,357355,357645,37168,-1344,0,6,0,1,1,1,1,8765,357107,0x0068db8bac71,140737488355327,-140737488355328,-42,290,290
6,679,5481,680,201000.000000,200000.000000,0x0068db8bac71,8,4,0x0068db91217e,357598,357883,36500,-1340,0,6,0,1,1,1,1,8765,357355,0x0068db8bac71,140737488355327,-140737488355328,-42,285,285
6,680,5489,681,201000.000000,200000.000000,0x0068db8bac71,8,4,0x0068db91226c,357835,358114,35828,-1340,0,6,0,1,1,1,1,8765,357598,0x0068db8bac71,140737488355327,-140737488355328,-42,279,279
6,681,5497,682,201000.000000,200000.000000,0x0068db8bac71,8,4,0x0068db912353,358067,358341,35160,-1340,0,6,0,1,1,1,1,8766,357835,0x0068db8bac71,140737488355327,-140737488355328,-42,274,274
6,682,5505,683,201000.000000,200000.000000,0x0068db8bac71,8,4,0x0068db912436,358294,358563,34488,-1340,0,6,0,1,1,1,1,8765,358067,0x0068db8bac71,140737488355327,-140737488355328,-42,269,269
6,683,5513,684,201000.000000,200000.000000,0x0068db8bac71,8,4,0x0068db912514,358516,358780,33816,-1344,0,6,0,1,1,1,1,8765,358294,0x0068db8bac71,140737488355327,-140737488355328,-42,264,264
6,684,5521,685,201000.000000,200000.000000,0x0068db8bac71,8,4,0x0068db9125ed,358732,358990,33144,-1344,0,6,0,1,1,1,1,8765,358516,0x0068db8bac71,140737488355327,-140737488355328,-42,258,258
6,685,5529,686,201000.000000,200000.000000,0x0068db8bac71,8,4,0x0068db9126bf,361503,362268,98008,64192,0,6,0,1,1,1,1,8764,358732,0x0068db8bac71,140737488355327,-140737488355328,2006,765,765
6,686,5537,687,201000.000000,200000.000000,0x0068db8bac71,8,4,0x0068db91338d,364269,365029,97336,64192,0,6,0,1,1,1,1,8764,361503,0x0068db8bac71,140737488355327,-140737488355328,2006,760,760
6,687,5545,688,201000.000000,200000.000000,0x0068db8bac71,8,4,0x0068db913e56,364982,365737,96668,-1340,0,6,0,1,1,1,1,8764,364269,0x0068db8bac71,140737488355327,-140737488355328,-42,755,755
6,688,5553,689,201000.000000,200000.000000,0x0068db8bac71,8,4,0x0068db91411a,365689,366438,95996,-1340,0,6,0,1,1,1,1,8763,364982,0x0068db8bac71,140737488355327,-140737488355328,-42,749,749
6,689,5561,690,201000.000000,200000.000000,0x0068db8bac71,8,4,0x0068db9143d7,366391,367135,95324,-1344,0,6,0,1,1,1,1,8764,365689,0x0068db8bac71,140737488355327,-140737488355328,-42,744,744
6,690,5569,691,201000.000000,200000.000000,0x0068db8bac71,8,4,0x0068db914690,367088,367827,94652,-1344,0,6,0,1,1,1,1,8763,366391,0x0068db8bac71,140737488355327,-140737488355328,-42,739,739
6,691,5577,692,201000.000000,200000.000000,0x0068db8bac71,8,4,0x0068db914944,367780,368514,93984,-1340,0,6,0,1,1,1,1,8763,367088,0x0068db8bac71,140737488355327,-140737488355328,-42,734,734
6,692,5585,693,201000.000000,200000.000000,0x0068db8bac71,8,4,0x0068db914bf3,368467,369196,93312,-1340,0,6,0,1,1,1,1,8763,367780,0x0068db8bac71,140737488355327,-140737488355328,-42,729,729
6,693,5593,694,201000.000000,200000.000000,0x0068db8bac71,8,4,0x0068db914e9d,369148,369871,92640,-1344,0,6,0,1,1,1,1,8763,368467,0x0068db8bac71,140737488355327,-140737488355328,-42,723,723
6,694,5601,695,201000.000000,200000.000000,0x0068db8bac71,8,4,0x0068db915140,369824,370542,91972,-1340,0,6,0,1,1,1,1,8763,369148,0x0068db8bac71,140737488355327,-140737488355328,-42,718,718
6,695,5609,696,201000.000000,200000.000000,0x0068db8bac71,8,4,0x0068db9153df,370495,371208,91300,-1340,0,6,0,1,1,1,1,8762,369824,0x0068db8bac71,140737488355327,-140737488355328,-42,713,713
6,696,5617,697,201000.000000,200000.000000,0x0068db8bac71,8,4,0x0068db915679,371161,371869,90628,-1344,0,6,0,1,1,1,1,8762,370495,0x0068db8bac71,140737488355327,-140737488355328,-42,708,708
6,697,5625,698,201000.000000,200000.000000,0x0068db8bac71,8,4,0x0068db91590e,371821,372523,89956,-1344,0,6,0,1,1,1,1,8762,371161,0x0068db8bac71,140737488355327,-140737488355328,-42,702,702
6,698,5633,699,201000.000000,200000.000000,0x0068db8bac71,8,4,0x0068db915b9c,372476,373173,89284,-1344,0,6,0,1,1,1,1,8762,371821,0x0068db8bac71,140737488355327,-140737488355328,-42,697,697
6,699,5641,700,201000.000000,200000.000000,0x0068db8bac71,8,4,0x0068db915e26,373126,373818,88616,-1340,0,6,0,1,1,1,1,8762,372476,0x0068db8bac71,140737488355327,-140737488355328,-42,692,692
6,700,5649,701,201000.000000,200000.000000,0x0068db8bac71,8,4,0x0068db9160ab,373771,374458,87944,-1340,0,6,0,1,1,1,1,8762,373126,0x0068db8bac71,140737488355327,-140737488355328,-42,687,687
6,701,5657,702,201000.000000,200000.000000,0x0068db8bac71,8,4,0x0068db91632b,374410,375091,87272,-1344,0,6,0,1,1,1,1,8762,373771,0x0068db8bac71,140737488355327,-140737488355328,-42,681,681
6,702,5665,703,201000.000000,200000.000000,0x0068db8bac71,8,4,0x0068db9165a4,375044,375720,86600,-1344,0,6,0,1,1,1,1,8762,374410,0x0068db8bac71,140737488355327,-140737488355328,-42,676,676
6,703,5673,704,201000.000000,200000.000000,0x0068db8bac71,8,4,0x0068db916819,375673,376344,85932,-1340,0,6,0,1,1,1,1,8762,375044,0x0068db8bac71,140737488355327,-140737488355328,-42,671,671
6,704,5681,705,201000.000000,200000.000000,0x0068db8bac71,8,4,0x0068db916a89,376297,376963,85260,-1340,0,6,0,1,1,1,1,8761,375673,0x0068db8bac71,140737488355327,-140737488355328,-42,666,666
6,705,5689,706,201000.000000,200000.000000,0x0068db8bac71,8,4,0x0068db916cf4,376915,377575,84588,-1344,0,6,0,1,1,1,1,8761,376297,0x0068db8bac71,140737488355327,-140737488355328,-42,660,660
6,706,5697,707,201000.000000,200000.000000,0x0068db8bac71,8,4,0x0068db916f58,377528,378183,83916,-1344,0,6,0,1,1,1,1,8762,376915,0x0068db8bac71,140737488355327,-140737488355328,-42,655,655
6,707,5705,708,201000.000000,200000.000000,0x0068db8bac71,8,4,0x0068db9171b8,378136,378786,83248,-1340,0,6,0,1,1,1,1,8761,377528,0x0068db8bac71,140737488355327,-140737488355328,-42,650,650
6,708,5713,709,201000.000000,200000.000000,0x0068db8bac71,8,4,0x0068db917413,378739,379384,82576,-1340,0,6,0,1,1,1,1,8761,378136,0x0068db8bac71,140737488355327,-140737488355328,-42,645,645
6,709,5721,710,201000.000000,200000.000000,0x0068db8bac71,8,4,0x0068db917669,379336,379975,81904,-1344,0,6,0,1,1,1,1,8761,378739,0x0068db8bac71,140737488355327,-140737488355328,-42,639,639
6,710,5729,711,201000.000000,200000.000000,0x0068db8bac71,8,4,0x0068db9178b8,379928,380562,81232,-1344,0,6,0,1,1,1,1,8761,379336,0x0068db8bac71,140737488355327,-140737488355328,-42,634,634
6,711,5737,712,201000.000000,200000.000000,0x0068db8bac71,8,4,0x0068db917b03,380515,381144,80560,-1344,0,6,0,1,1,1,1,8761,379928,0x0068db8bac71,140737488355327,-140737488355328,-42,629,629
6,712,5745,713,201000.000000,200000.000000,0x0068db8bac71,8,4,0x0068db917d49,381097,381721,79888,-1344,0,6,0,1,1,1,1,8762,380515,0x0068db8bac71,140737488355327,-140737488355328,-42,624,624
6,713,5753,714,201000.000000,200000.000000,0x0068db8bac71,8,4,0x0068db917f8a,381673,382291,79216,-1344,0,6,0,1,1,1,1,8762,381097,0x0068db8bac71,140737488355327,-140737488355328,-42,618,618
6,714,5761,715,201000.000000,200000.000000,0x0068db8bac71,8,4,0x0068db9181c4,382244,382857,78544,-1344,0,6,0,1,1,1,1,8762,381673,0x0068db8bac71,140737488355327,-140737488355328,-42,613,613
6,715,5769,716,201000.000000,200000.000000,0x0068db8bac71,8,4,0x0068db9183fa,382810,383418,77872,-1344,0,6,0,1,1,1,1,8761,382244,0x0068db8bac71,140737488355327,-140737488355328,-42,608,608
6,716,5777,717,201000.000000,200000.000000,0x0068db8bac71,8,4,0x0068db91862b,383371,383974,77204,-1340,0,6,0,1,1,1,1,8761,382810,0x0068db8bac71,140737488355327,-140737488355328,-42,603,603
6,717,5785,718,201000.000000,200000.000000,0x0068db8bac71,8,4,0x0068db918857,383926,384523,76532,-1340,0,6,0,1,1,1,1,8760,383371,0x0068db8bac71,140737488355327,-140737488355328,-42,597,597
6,718,5793,719,201000.000000,200000.000000,0x0068db8bac71,8,4,0x0068db918a7c,384476,385068,75860,-1344,0,6,0,1,1,1,1,8761,383926,0x0068db8bac71,140737488355327,-140737488355328,-42,592,592
6,719,5801,720,201000.000000,200000.000000,0x0068db8bac71,8,4,0x0068db918c9d,385021,385608,75188,-1344,0,6,0,1,1,1,1,8760,384476,0x0068db8bac71,140737488355327,-140737488355328,-42,587,587
6,720,5809,721,201000.000000,200000.000000,0x0068db8bac71,8,4,0x0068db918eb9,385561,386143,74516,-1344,0,6,0,1,1,1,1,8760,385021,0x0068db8bac71,140737488355327,-140737488355328,-42,582,582
6,721,5817,722,201000.000000,200000.000000,0x0068db8bac71,8,4,0x0068db9190d0,386095,386671,73844,-1344,0,6,0,1,1,1,1,8760,385561,0x0068db8bac71,140737488355327,-140737488355328,-42,576,576
6,722,5825,723,201000.000000,200000.000000,0x0068db8bac71,8,4,0x0068db9192e0,386624,387195,73176,-1340,0,6,0,1,1,1,1,8759,386095,0x0068db8bac71,140737488355327,-140737488355328,-42,571,571
6,723,5833,724,201000.000000,200000.000000,0x0068db8bac71,8,4,0x0068db9194ec,387148,387714,72504,-1340,0,6,0,1,1,1,1,8759,386624,0x0068db8bac71,140737488355327,-140737488355328,-42,566,566
6,724,5841,725,201000.000000,200000.000000,0x0068db8bac71,8,4,0x0068db9196f3,387667,388228,71832,-1344,0,6,0,1,1,1,1,8760,387148,0x0068db8bac71,140737488355327,-140737488355328,-42,561,561
6,725,5849,726,201000.000000,200000.000000,0x0068db8bac71,8,4,0x0068db9198f5,388180,388735,71160,-1344,0,6,0,1,1,1,1,8759,387667,0x0068db8bac71,140737488355327,-140737488355328,-42,555,555
6,726,5857,727,201000.000000,200000.000000,0x0068db8bac71,8,4,0x0068db919af0,388688,389238,70492,-1340,0,6,0,1,1,1,1,8761,388180,0x0068db8bac71,140737488355327,-140737488355328,-42,550,550
6,727,5865,728,201000.000000,200000.000000,0x0068db8bac71,8,4,0x0068db919ce7,389191,389736,69820,-1340,0,6,0,1,1,1,1,8760,388688,0x0068db8bac71,140737488355327,-140737488355328,-42,545,545
6,728,5873,729,201000.000000,200000.000000,0x0068db8bac71,8,4,0x0068db919ed9,389689,390229,69148,-1344,0,6,0,1,1,1,1,8760,389191,0x0068db8bac71,140737488355327,-140737488355328,-42,540,540
6,729,5881,730,201000.000000,200000.000000,0x0068db8bac71,8,4,0x0068db91a0c6,390181,390715,68476,-1344,0,6,0,1,1,1,1,8759,389689,0x0068db8bac71,140737488355327,-140737488355328,-42,534,534
6,730,5889,731,201000.000000,200000.000000,0x0068db8bac71,8,4,0x0068db91a2ac,390668,391197,67804,-1344,0,6,0,1,1,1,1,8759,390181,0x0068db8bac71,140737488355327,-140737488355328,-42,529,529
6,731,5897,732,201000.000000,200000.000000,0x0068db8bac71,8,4,0x0068db91a48e,391150,391674,67136,-1340,0,6,0,1,1,1,1,8759,390668,0x0068db8bac71,140737488355327,-140737488355328,-42,524,524
6,732,5905,733,201000.000000,200000.000000,0x0068db8bac71,8,4,0x0068db91a66b,391627,392146,66464,-1340,0,6,0,1,1,1,1,8761,391150,0x0068db8bac71,140737488355327,-140737488355328,-42,519,519
6,733,5913,734,201000.000000,200000.000000,0x0068db8bac71,8,4,0x0068db91a843,392099,392613,65792,-1344,0,6,0,1,1,1,1,8761,391627,0x0068db8bac71,140737488355327,-140737488355328,-42,514,514
6,734,5921,735,201000.000000,200000.000000,0x0068db8bac71,8,4,0x0068db91aa16,392565,393073,65120,-1344,0,6,0,1,1,1,1,8760,392099,0x0068db8bac71,140737488355327,-140737488355328,-42,508,508
6,735,5929,736,201000.000000,200000.000000,0x0068db8bac71,8,4,0x0068db91abe2,393026,393529,64448,-1344,0,6,0,1,1,1,1,8761,392565,0x0068db8bac71,140737488355327,-140737488355328,-42,503,503
6,736,5937,737,201000.000000,200000.000000,0x0068db8bac71,8,4,0x0068db91adaa,393482,393980,63780,-1340,0,6,0,1,1,1,1,8761,393026,0x0068db8bac71,140737488355327,-140737488355328,-42,498,498
6,737,5945,738,201000.000000,200000.000000,0x0068db8bac71,8,4,0x0068db91af6d,393933,394426,63108,-1340,0,6,0,1,1,1,1,8760,393482,0x0068db8bac71,140737488355327,-140737488355328,-42,493,493
6,738,5953,739,201000.000000,200000.000000,0x0068db8bac71,8,4,0x0068db91b12b,394378,394865,62436,-1344,0,6,0,1,1,1,1,8761,393933,0x0068db8bac71,140737488355327,-140737488355328,-42,487,487
6,739,5961,740,201000.000000,200000.000000,0x0068db8bac71,8,4,0x0068db91b2e2,394818,395300,61764,-1344,0,6,0,1,1,1,1,8762,394378,0x0068db8bac71,140737488355327,-140737488355328,-42,482,482
6,740,5969,741,201000.000000,200000.000000,0x0068db8bac71,8,4,0x0068db91b495,395253,395730,61092,-1344,0,6,0,1,1,1,1,8762,394818,0x0068db8bac71,140737488355327,-140737488355328,-42,477,477
6,741,5977,742,201000.000000,200000.000000,0x0068db8bac71,8,4,0x0068db91b643,395683,396155,60420,-1344,0,6,0,1,1,1,1,8762,395253,0x0068db8bac71,140737488355327,-140737488355328,-42,472,472
6,742,5985,743,201000.000000,200000.000000,0x0068db8bac71,8,4,0x0068db91b7ec,396107,396573,59752,-1340,0,6,0,1,1,1,1,8762,395683,0x0068db8bac71,140737488355327,-140737488355328,-42,466,466
6,743,5993,744,201000.000000,200000.000000,0x0068db8bac71,8,4,0x0068db91b98e,396526,396987,59080,-1340,0,6,0,1,1,1,1,8763,396107,0x0068db8bac71,140737488355327,-140737488355328,-42,461,461
6,744,6001,745,201000.000000,200000.000000,0x0068db8bac71,8,4,0x0068db91bb2c,396940,397396,58408,-1344,0,6,0,1,1,1,1,8763,396526,0x0068db8bac71,140737488355327,-140737488355328,-42,456,456
6,745,6009,746,201000.000000,200000.000000,0x0068db8bac71,8,4,0x0068db91bcc5,397349,397800,57736,-1344,0,6,0,1,1,1,1,8763,396940,0x0068db8bac71,140737488355327,-140737488355328,-42,451,451
6,746,6017,747,201000.000000,200000.000000,0x0068db8bac71,8,4,0x0068db91be59,397752,398197,57068,-1340,0,6,0,1,1,1,1,8763,397349,0x0068db8bac71,140737488355327,-140737488355328,-42,445,445
6,747,6025,748,201000.000000,200000.000000,0x0068db8bac71,8,4,0x0068db91bfe6,398150,398590,56396,-1340,0,6,0,1,1,1,1,8763,397752,0x0068db8bac71,140737488355327,-140737488355328,-42,440,440
6,748,6033,749,201000.000000,200000.000000,0x0068db8bac71,8,4,0x0068db91c16f,398543,398978,55724,-1344,0,6,0,1,1,1,1,8763,398150,0x0068db8bac71,140737488355327,-140737488355328,-42,435,435
6,749,6041,750,201000.000000,200000.000000,0x0068db8bac71,8,4,0x0068db91c2f3,398931,399361,55052,-1344,0,6,0,1,1,1,1,8763,398543,0x0068db8bac71,140737488355327,-140737488355328,-42,430,430
6,750,6049,751,201000.000000,200000.000000,0x0068db8bac71,8,4,0x0068db91c472,399313,399737,54380,-1344,0,6,0,1,1,1,1,8764,398931,0x0068db8bac71,140737488355327,-140737488355328,-42,424,424
6,751,6057,752,201000.000000,200000.000000,0x0068db8bac71,8,4,0x0068db91c5ea,399690,400109,53708,-1344,0,6,0,1,1,1,1,8764,399313,0x0068db8bac71,140737488355327,-140737488355328,-42,419,419
6,752,6065,753,201000.000000,200000.000000,0x0068db8bac71,8,4,0x0068db91c75e,400062,400476,53040,-1340,0,6,0,1,1,1,1,8764,399690,0x0068db8bac71,140737488355327,-140737488355328,-42,414,414
6,753,6073,754,201000.000000,200000.000000,0x0068db8bac71,8,4,0x0068db91c8cd,400429,400838,52368,-1340,0,6,0,1,1,1,1,8764,400062,0x0068db8bac71,140737488355327,-140737488355328,-42,409,409
6,754,6081,755,201000.000000,200000.000000,0x0068db8bac71,8,4,0x0068db91ca37,400790,401193,51700,-1340,0,6,0,1,1,1,1,8763,400429,0x0068db8bac71,140737488355327,-140737488355328,-42,403,403
6,755,6089,756,201000.000000,200000.000000,0x0068db8bac71,8,4,0x0068db91cb9a,401146,401544,51028,-1340,0,6,0,1,1,1,1,8764,400790,0x0068db8bac71,140737488355327,-140737488355328,-42,398,398
6,756,6097,757,201000.000000,200000.000000,0x0068db8bac71,8,4,0x0068db91ccf9,401497,401890,50356,-1344,0,6,0,1,1,1,1,8764,401146,0x0068db8bac71,140737488355327,-140737488355328,-42,393,393
6,757,6105,758,201000.000000,200000.000000,0x0068db8bac71,8,4,0x0068db91ce53,401843,402231,49684,-1344,0,6,0,1,1,1,1,8765,401497,0x0068db8bac71,140737488355327,-140737488355328,-42,388,388
6,758,6113,759,201000.000000,200000.000000,0x0068db8bac71,8,4,0x0068db91cfa8,402183,402565,49012,-1344,0,6,0,1,1,1,1,8763,401843,0x0068db8bac71,140737488355327,-140737488355328,-42,382,382
6,759,6121,760,201000.000000,200000.000000,0x0068db8bac71,8,4,0x0068db91d0f6,402518,402895,48340,-1344,0,6,0,1,1,1,1,8765,402183,0x0068db8bac71,140737488355327,-140737488355328,-42,377,377
6,760,6129,761,201000.000000,200000.000000,0x0068db8bac71,8,4,0x0068db91d240,402848,403220,47672,-1340,0,6,0,1,1,1,1,8763,402518,0x0068db8bac71,140737488355327,-140737488355328,-42,372,372
6,761,6137,762,201000.000000,200000.000000,0x0068db8bac71,8,4,0x0068db91d385,403173,403540,47000,-1340,0,6,0,1,1,1,1,8765,402848,0x0068db8bac71,140737488355327,-140737488355328,-42,367,367
6,762,6145,763,201000.000000,200000.000000,0x0068db8bac71,8,4,0x0068db91d4c5,403492,403853,46328,-1344,0,6,0,1,1,1,1,8764,403173,0x0068db8bac71,140737488355327,-140737488355328,-42,361,361
6,763,6153,764,201000.000000,200000.000000,0x0068db8bac71,8,4,0x0068db91d5fe,403806,404162,45660,-1340,0,6,0,1,1,1,1,8764,403492,0x0068db8bac71,140737488355327,-140737488355328,-42,356,356
6,764,6161,765,201000.000000,200000.000000,0x0068db8bac71,8,4,0x0068db91d733,404115,404466,44988,-1340,0,6,0,1,1,1,1,8763,403806,0x0068db8bac71,140737488355327,-140737488355328,-42,351,351
6,765,6169,766,201000.000000,200000.000000,0x0068db8bac71,8,4,0x0068db91d863,404419,404765,44316,-1344,0,6,0,1,1,1,1,8765,404115,0x0068db8bac71,140737488355327,-140737488355328,-42,346,346
6,766,6177,767,201000.000000,200000.000000,0x0068db8bac71,8,4,0x0068db91d98e,404717,405057,43644,-1344,0,6,0,1,1,1,1,8764,404419,0x0068db8bac71,140737488355327,-140737488355328,-42,340,340
6,767,6185,768,201000.000000,200000.000000,0x0068db8bac71,8,4,0x0068db91dab2,405010,405345,42976,-1340,0,6,0,1,1,1,1,8764,404717,0x0068db8bac71,140737488355327,-140737488355328,-42,335,335
6,768,6193,769,201000.000000,200000.000000,0x0068db8bac71,8,4,0x0068db91dbd2,405298,405628,42304,-1340,0,6,0,1,1,1,1,8764,405010,0x0068db8bac71,140737488355327,-140737488355328,-42,330,330
6,769,6201,770,201000.000000,200000.000000,0x0068db8bac71,8,4,0x0068db91dced,405581,405906,41632,-1344,0,6,0,1,1,1,1,8764,405298,0x0068db8bac71,140737488355327,-140737488355328,-42,325,325
6,770,6209,771,201000.000000,200000.000000,0x0068db8bac71,8,4,0x0068db91de03,405859,406179,40964,-1340,0,6,0,1,1,1,1,8765,405581,0x0068db8bac71,140737488355327,-140737488355328,-42,320,320
6,771,6217,772,201000.000000,200000.000000,0x0068db8bac71,8,4,0x0068db91df14,406131,406445,40292,-1340,0,6,0,1,1,1,1,8765,405859,0x0068db8bac71,140737488355327,-140737488355328,-42,314,314
6,772,6225,773,201000.000000,200000.000000,0x0068db8bac71,8,4,0x0068db91e01e,406398,406707,39620,-1344,0,6,0,1,1,1,1,8765,406131,0x0068db8bac71,140737488355327,-140737488355328,-42,309,309
6,773,6233,774,201000.000000,200000.000000,0x0068db8bac71,8,4,0x0068db91e124,406660,406964,38952,-1340,0,6,0,1,1,1,1,8764,406398,0x0068db8bac71,140737488355327,-140737488355328,-42,304,304
6,774,6241,775,201000.000000,200000.000000,0x0068db8bac71,8,4,0x0068db91e225,406917,407216,38280,-1340,0,6,0,1,1,1,1,8764,406660,0x0068db8bac71,140737488355327,-140737488355328,-42,299,299
6,775,6249,776,201000.000000,200000.000000,0x0068db8bac71,8,4,0x0068db91e321,407168,407461,37608,-1344,0,6,0,1,1,1,1,8765,406917,0x0068db8bac71,140737488355327,-140737488355328,-42,293,293
6,776,6257,777,201000.000000,200000.000000,0x0068db8bac71,8,4,0x0068db91e416,407414,407702,36936,-1344,0,6,0,1,1,1,1,8765,407168,0x0068db8bac71,140737488355327,-140737488355328,-42,288,288
6,777,6265,778,201000.000000,200000.000000,0x0068db8bac71,8,4,0x0068db91e507,407655,407938,36268,-1340,0,6,0,1,1,1,1,8766,407414,0x0068db8bac71,140737488355327,-140737488355328,-42,283,283
6,778,6273,779,201000.000000,200000.000000,0x0068db8bac71,8,4,0x0068db91e5f3,407891,408169,35596,-1340,0,6,0,1,1,1,1,8765,407655,0x0068db8bac71,140737488355327,-140737488355328,-42,278,278
6,779,6281,780,201000.000000,200000.000000,0x0068db8bac71,8,4,0x0068db91e6da,408121,408393,34924,-1344,0,6,0,1,1,1,1,8765,407891,0x0068db8bac71,140737488355327,-140737488355328,-42,272,272
6,780,6289,781,201000.000000,200000.000000,0x0068db8bac71,8,4,0x0068db91e7ba,408346,408613,34252,-1344,0,6,0,1,1,1,1,8765,408121,0x0068db8bac71,140737488355327,-140737488355328,-42,267,267
6,781,6297,782,201000.000000,200000.000000,0x0068db8bac71,8,4,0x0068db91e896,408566,408828,33584,-1340,0,6,0,1,1,1,1,8765,408346,0x0068db8bac71,140737488355327,-140737488355328,-42,262,262
6,782,6305,783,201000.000000,200000.000000,0x0068db8bac71,8,4,0x0068db91e96d,408781,409038,32912,-1340,0,6,0,1,1,1,1,8765,408566,0x0068db8bac71,140737488355327,-140737488355328,-42,257,257
6,783,6313,784,201000.000000,200000.000000,0x0068db8bac71,8,4,0x0068db91ea3f,411550,412313,97776,64192,0,6,0,1,1,1,1,8764,408781,0x0068db8bac71,140737488355327,-140737488355328,2006,763,763
6,784,6321,785,201000.000000,200000.000000,0x0068db8bac71,8,4,0x0068db91f70a,414314,415072,97104,64192,0,6,0,1,1,1,1,8764,411550,0x0068db8bac71,140737488355327,-140737488355328,2006,758,758
6,785,6329,786,201000.000000,200000.000000,0x0068db8bac71,8,4,0x0068db9201d1,415025,415778,96432,-1344,0,6,0,1,1,1,1,8763,414314,0x0068db8bac71,140737488355327,-140737488355328,-42,753,753
6,786,6337,787,201000.000000,200000.000000,0x0068db8bac71,8,4,0x0068db920493,415731,416479,95760,-1344,0,6,0,1,1,1,1,8764,415025,0x0068db8bac71,140737488355327,-140737488355328,-42,748,748
6,787,6345,788,201000.000000,200000.000000,0x0068db8bac71,8,4,0x0068db920750,416431,417173,95092,-1340,0,6,0,1,1,1,1,8763,415731,0x0068db8bac71,140737488355327,-140737488355328,-42,742,742
6,788,6353,789,201000.000000,200000.000000,0x0068db8bac71,8,4,0x0068db920a06,417126,417863,94420,-1340,0,6,0,1,1,1,1,8764,416431,0x0068db8bac71,140737488355327,-140737488355328,-42,737,737
6,789,6361,790,201000.000000,200000.000000,0x0068db8bac71,8,4,0x0068db920cb8,417816,418548,93748,-1344,0,6,0,1,1,1,1,8763,417126,0x0068db8bac71,140737488355327,-140737488355328,-42,732,732
6,790,6369,791,201000.000000,200000.000000,0x0068db8bac71,8,4,0x0068db920f65,418501,419228,93076,-1344,0,6,0,1,1,1,1,8763,417816,0x0068db8bac71,140737488355327,-140737488355328,-42,727,727
6,791,6377,792,201000.000000,200000.000000,0x0068db8bac71,8,4,0x0068db92120d,419180,419901,92408,-1340,0,6,0,1,1,1,1,8762,418501,0x0068db8bac71,140737488355327,-140737488355328,-42,721,721
6,792,6385,793,201000.000000,200000.000000,0x0068db8bac71,8,4,0x0068db9214ae,419854,420570,91736,-1340,0,6,0,1,1,1,1,8763,419180,0x0068db8bac71,140737488355327,-140737488355328,-42,716,716
6,793,6393,794,201000.000000,200000.000000,0x0068db8bac71,8,4,0x0068db92174b,420523,421234,91064,-1344,0,6,0,1,1,1,1,8762,419854,0x0068db8bac71,140737488355327,-140737488355328,-42,711,711
6,794,6401,795,201000.000000,200000.000000,0x0068db8bac71,8,4,0x0068db9219e3,421187,421893,90396,-1340,0,6,0,1,1,1,1,8762,420523,0x0068db8bac71,140737488355327,-140737488355328,-42,706,706
6,795,6409,796,201000.000000,200000.000000,0x0068db8bac71,8,4,0x0068db921c76,421845,422545,89724,-1340,0,6,0,1,1,1,1,8761,421187,0x0068db8bac71,140737488355327,-140737488355328,-42,700,700
6,796,6417,797,201000.000000,200000.000000,0x0068db8bac71,8,4,0x0068db921f02,422498,423193,89052,-1344,0,6,0,1,1,1,1,8762,421845,0x0068db8bac71,140737488355327,-140737488355328,-42,695,695
6,797,6425,798,201000.000000,200000.000000,0x0068db8bac71,8,4,0x0068db92218a,423146,423836,88384,-1340,0,6,0,1,1,1,1,8762,422498,0x0068db8bac71,140737488355327,-140737488355328,-42,690,690
6,798,6433,799,201000.000000,200000.000000,0x0068db8bac71,8,4,0x0068db92240d,423789,424474,87712,-1340,0,6,0,1,1,1,1,8762,423146,0x0068db8bac71,140737488355327,-140737488355328,-42,685,685
6,799,6441,800,201000.000000,200000.000000,0x0068db8bac71,8,4,0x0068db92268b,424427,425107,87040,-1344,0,6,0,1,1,1,1,8762,423789,0x0068db8bac71,140737488355327,-140737488355328,-42,680,680
6,800,6449,801,201000.000000,200000.000000,0x0068db8bac71,8,4,0x0068db922904,425059,425733,86368,-1344,0,6,0,1,1,1,1,8762,424427,0x0068db8bac71,140737488355327,-140737488355328,-42,674,674
6,801,6457,802,201000.000000,200000.000000,0x0068db8bac71,8,4,0x0068db922b76,425686,426355,85696,-1344,0,6,0,1,1,1,1,8761,425059,0x0068db8bac71,140737488355327,-140737488355328,-42,669,669
6,802,6465,803,201000.000000,200000.000000,0x0068db8bac71,8,4,0x0068db922de4,426308,426972,85024,-1344,0,6,0,1,1,1,1,8761,425686,0x0068db8bac71,140737488355327,-140737488355328,-42,664,664
6,803,6473,804,201000.000000,200000.000000,0x0068db8bac71,8,4,0x0068db92304d,426925,427584,84356,-1340,0,6,0,1,1,1,1,8761,426308,0x0068db8bac71,140737488355327,-140737488355328,-42,659,659
6,804,6481,805,201000.000000,200000.000000,0x0068db8bac71,8,4,0x0068db9232b1,427536,428189,83684,-1340,0,6,0,1,1,1,1,8761,426925,0x0068db8bac71,140737488355327,-140737488355328,-42,653,653
6,805,6489,806,201000.000000,200000.000000,0x0068db8bac71,8,4,0x0068db92350e,428142,428790,83012,-1344,0,6,0,1,1,1,1,8760,427536,0x0068db8bac71,140737488355327,-140737488355328,-42,648,648
6,806,6497,807,201000.000000,200000.000000,0x0068db8bac71,8,4,0x0068db923767,428743,429386,82340,-1344,0,6,0,1,1,1,1,8762,428142,0x0068db8bac71,140737488355327,-140737488355328,-42,643,643
6,807,6505,808,201000.000000,200000.000000,0x0068db8bac71,8,4,0x0068db9239bb,429339,429977,81668,-1344,0,6,0,1,1,1,1,8761,428743,0x0068db8bac71,140737488355327,-140737488355328,-42,638,638
6,808,6513,809,201000.000000,200000.000000,0x0068db8bac71,8,4,0x0068db923c0a,429929,430561,80996,-1344,0,6,0,1,1,1,1,8761,429339,0x0068db8bac71,140737488355327,-140737488355328,-42,632,632
6,809,6521,810,201000.000000,200000.000000,0x0068db8bac71,8,4,0x0068db923e52,430514,431141,80328,-1340,0,6,0,1,1,1,1,8761,429929,0x0068db8bac71,140737488355327,-140737488355328,-42,627,627
6,810,6529,811,201000.000000,200000.000000,0x0068db8bac71,8,4,0x0068db924096,431094,431716,79656,-1340,0,6,0,1,1,1,1,8761,430514,0x0068db8bac71,140737488355327,-140737488355328,-42,622,622
6,811,6537,812,201000.000000,200000.000000,0x0068db8bac71,8,4,0x0068db9242d5,431669,432286,78984,-1344,0,6,0,1,1,1,1,8761,431094,0x0068db8bac71,140737488355327,-140737488355328,-42,617,617
6,812,6545,813,201000.000000,200000.000000,0x0068db8bac71,8,4,0x0068db92450f,432238,432849,78312,-1344,0,6,0,1,1,1,1,8761,431669,0x0068db8bac71,140737488355327,-140737488355328,-42,611,611
6,813,6553,814,201000.000000,200000.000000,0x0068db8bac71,8,4,0x0068db924742,432802,433408,77644,-1340,0,6,0,1,1,1,1,8761,432238,0x0068db8bac71,140737488355327,-140737488355328,-42,606,606
6,814,6561,815,201000.000000,200000.000000,0x0068db8bac71,8,4,0x0068db924971,433361,433962,76972,-1340,0,6,0,1,1,1,1,8761,432802,0x0068db8bac71,140737488355327,-140737488355328,-42,601,601
6,815,6569,816,201000.000000,200000.000000,0x0068db8bac71,8,4,0x0068db924b9b,433915,434511,76300,-1344,0,6,0,1,1,1,1,8760,433361,0x0068db8bac71,140737488355327,-140737488355328,-42,596,596
6,816,6577,817,201000.000000,200000.000000,0x0068db8bac71,8,4,0x0068db924dc0,434463,435053,75628,-1344,0,6,0,1,1,1,1,8761,433915,0x0068db8bac71,140737488355327,-140737488355328,-42,590,590
6,817,6585,818,201000.000000,200000.000000,0x0068db8bac71,8,4,0x0068db924fde,435006,435591,74956,-1344,0,6,0,1,1,1,1,8761,434463,0x0068db8bac71,140737488355327,-140737488355328,-42,585,585
6,818,6593,819,201000.000000,200000.000000,0x0068db8bac71,8,4,0x0068db9251f8,435544,436124,74284,-1344,0,6,0,1,1,1,1,8760,435006,0x0068db8bac71,140737488355327,-140737488355328,-42,580,580
6,819,6601,820,201000.000000,200000.000000,0x0068db8bac71,8,4,0x0068db92540d,436077,436652,73612,-1344,0,6,0,1,1,1,1,8760,435544,0x0068db8bac71,140737488355327,-140737488355328,-42,575,575
6,820,6609,821,201000.000000,200000.000000,0x0068db8bac71,8,4,0x0068db92561d,436604,437173,72940,-1344,0,6,0,1,1,1,1,8760,436077,0x0068db8bac71,140737488355327,-140737488355328,-42,569,569
6,821,6617,822,201000.000000,200000.000000,0x0068db8bac71,8,4,0x0068db925826,437126,437690,72268,-1344,0,6,0,1,1,1,1,8760,436604,0x0068db8bac71,140737488355327,-140737488355328,-42,564,564
6,822,6625,823,201000.000000,200000.000000,0x0068db8bac71,8,4,0x0068db925a2b,437643,438202,71600,-1340,0,6,0,1,1,1,1,8760,437126,0x0068db8bac71,140737488355327,-140737488355328,-42,559,559
6,823,6633,824,201000.000000,200000.000000,0x0068db8bac71,8,4,0x0068db925c2b,438155,438709,70928,-1340,0,6,0,1,1,1,1,8760,437643,0x0068db8bac71,140737488355327,-140737488355328,-42,554,554
6,824,6641,825,201000.000000,200000.000000,0x0068db8bac71,8,4,0x0068db925e26,438661,439209,70256,-1344,0,6,0,1,1,1,1,8760,438155,0x0068db8bac71,140737488355327,-140737488355328,-42,548,548
6,825,6649,826,201000.000000,200000.000000,0x0068db8bac71,8,4,0x0068db92601a,439162,439705,69588,-1340,0,6,0,1,1,1,1,8760,438661,0x0068db8bac71,140737488355327,-140737488355328,-42,543,543
6,826,6657,827,201000.000000,200000.000000,0x0068db8bac71,8,4,0x0068db92620a,439658,440196,68912,-1344,0,6,0,1,1,1,1,8760,439162,0x0068db8bac71,140737488355327,-140737488355328,-42,538,538
6,827,6665,828,201000.000000,200000.000000,0x0068db8bac71,8,4,0x0068db9263f5,440149,440682,68244,-1344,0,6,0,1,1,1,1,8760,439658,0x0068db8bac71,140737488355327,-140737488355328,-42,533,533
6,828,6673,829,201000.000000,200000.000000,0x0068db8bac71,8,4,0x0068db9265db,440634,441161,67572,-1340,0,6,0,1,1,1,1,8760,440149,0x0068db8bac71,140737488355327,-140737488355328,-42,527,527
6,829,6681,830,201000.000000,200000.000000,0x0068db8bac71,8,4,0x0068db9267ba,441114,441636,66900,-1344,0,6,0,1,1,1,1,8760,440634,0x0068db8bac71,140737488355327,-140737488355328,-42,522,522
6,830,6689,831,201000.000000,200000.000000,0x0068db8bac71,8,4,0x0068db926995,441589,442106,66228,-1344,0,6,0,1,1,1,1,8760,441114,0x0068db8bac71,140737488355327,-140737488355328,-42,517,517
6,831,6697,832,201000.000000,200000.000000,0x0068db8bac71,8,4,0x0068db926b6b,442059,442571,65556,-1344,0,6,0,1,1,1,1,8760,441589,0x0068db8bac71,140737488355327,-140737488355328,-42,512,512
6,832,6705,833,201000.000000,200000.000000,0x0068db8bac71,8,4,0x0068db926d3c,442523,443029,64884,-1344,0,6,0,1,1,1,1,8760,442059,0x0068db8bac71,140737488355327,-140737488355328,-42,506,506
6,833,6713,834,201000.000000,200000.000000,0x0068db8bac71,8,4,0x0068db926f06,442982,443483,64216,-1340,0,6,0,1,1,1,1,8760,442523,0x0068db8bac71,140737488355327,-140737488355328,-42,501,501
6,834,6721,835,201000.000000,200000.000000,0x0068db8bac71,8,4,0x0068db9270cc,443436,443932,63544,-1340,0,6,0,1,1,1,1,8761,442982,0x0068db8bac71,140737488355327,-140737488355328,-42,496,496
6,835,6729,836,201000.000000,200000.000000,0x0068db8bac71,8,4,0x0068db92728d,443885,444376,62872,-1344,0,6,0,1,1,1,1,8761,443436,0x0068db8bac71,140737488355327,-140737488355328,-42,491,491
6,836,6737,837,201000.000000,200000.000000,0x0068db8bac71,8,4,0x0068db927449,444328,444813,62204,-1340,0,6,0,1,1,1,1,8760,443885,0x0068db8bac71,140737488355327,-140737488355328,-42,485,485
6,837,6745,838,201000.000000,200000.000000,0x0068db8bac71,8,4,0x0068db9275fe,444766,445246,61532,-1340,0,6,0,1,1,1,1,8761,444328,0x0068db8bac71,140737488355327,-140737488355328,-42,480,480
6,838,6753,839,201000.000000,200000.000000,0x0068db8bac71,8,4,0x0068db9277af,445199,445674,60860,-1344,0,6,0,1,1,1,1,8761,444766,0x0068db8bac71,140737488355327,-140737488355328,-42,475,475
6,839,6761,840,201000.000000,200000.000000,0x0068db8bac71,8,4,0x0068db92795b,445627,446097,60188,-1344,0,6,0,1,1,1,1,8762,445199,0x0068db8bac71,140737488355327,-140737488355328,-42,470,470
6,840,6769,841,201000.000000,200000.000000,0x0068db8bac71,8,4,0x0068db927b02,446049,446513,59516,-1344,0,6,0,1,1,1,1,8762,445627,0x0068db8bac71,140737488355327,-140737488355328,-42,464,464
6,841,6777,842,201000.000000,200000.000000,0x0068db8bac71,8,4,0x0068db927ca2,446466,446925,58848,-1340,0,6,0,1,1,1,1,8763,446049,0x0068db8bac71,140737488355327,-140737488355328,-42,459,459
6,842,6785,843,201000.000000,200000.000000,0x0068db8bac71,8,4,0x0068db927e3e,446878,447332,58176,-1340,0,6,0,1,1,1,1,8762,446466,0x0068db8bac71,140737488355327,-140737488355328,-42,454,454
6,843,6793,844,201000.000000,200000.000000,0x0068db8bac71,8,4,0x0068db927fd5,447285,447734,57504,-1344,0,6,0,1,1,1,1,8763,446878,0x0068db8bac71,140737488355327,-140737488355328,-42,449,449
6,844,6801,845,201000.000000,200000.000000,0x0068db8bac71,8,4,0x0068db928167,447687,448131,56832,-1344,0,6,0,1,1,1,1,8762,447285,0x0068db8bac71,140737488355327,-140737488355328,-42,444,444
6,845,6809,846,201000.000000,200000.000000,0x0068db8bac71,8,4,0x0068db9282f4,448083,448521,56160,-1344,0,6,0,1,1,1,1,8763,447687,0x0068db8bac71,140737488355327,-140737488355328,-42,438,438
6,846,6817,847,201000.000000,200000.000000,0x0068db8bac71,8,4,0x0068db92847a,448474,448907,55492,-1340,0,6,0,1,1,1,1,8763,448083,0x0068db8bac71,140737488355327,-140737488355328,-42,433,433
6,847,6825,848,201000.000000,200000.000000,0x0068db8bac71,8,4,0x0068db9285fc,448860,449288,54820,-1340,0,6,0,1,1,1,1,8764,448474,0x0068db8bac71,140737488355327,-140737488355328,-42,428,428
6,848,6833,849,201000.000000,200000.000000,0x0068db8bac71,8,4,0x0068db928779,449241,449664,54148,-1344,0,6,0,1,1,1,1,8764,448860,0x0068db8bac71,140737488355327,-140737488355328,-42,423,423
6,849,6841,850,201000.000000,200000.000000,0x0068db8bac71,8,4,0x0068db9288f1,449616,450033,53476,-1344,0,6,0,1,1,1,1,8763,449241,0x0068db8bac71,140737488355327,-140737488355328,-42,417,417
6,850,6849,851,201000.000000,200000.000000,0x0068db8bac71,8,4,0x0068db928a62,449986,450398,52804,-1344,0,6,0,1,1,1,1,8764,449616,0x0068db8bac71,140737488355327,-140737488355328,-42,412,412
6,851,6857,852,201000.000000,200000.000000,0x0068db8bac71,8,4,0x0068db928bcf,450351,450758,52136,-1340,0,6,0,1,1,1,1,8763,449986,0x0068db8bac71,140737488355327,-140737488355328,-42,407,407
6,852,6865,853,201000.000000,200000.000000,0x0068db8bac71,8,4,0x0068db928d37,450711,451113,51464,-1340,0,6,0,1,1,1,1,8764,450351,0x0068db8bac71,140737488355327,-140737488355328,-42,402,402
6,853,6873,854,201000.000000,200000.000000,0x0068db8bac71,8,4,0x0068db928e9a,451065,451461,50792,-1344,0,6,0,1,1,1,1,8765,450711,0x0068db8bac71,140737488355327,-140737488355328,-42,396,396
6,854,6881,855,201000.000000,200000.000000,0x0068db8bac71,8,4,0x0068db928ff6,451414,451805,50120,-1344,0,6,0,1,1,1,1,8764,451065,0x0068db8bac71,140737488355327,-140737488355328,-42,391,391
6,855,6889,856,201000.000000,200000.000000,0x0068db8bac71,8,4,0x0068db92914e,451758,452144,49452,-1340,0,6,0,1,1,1,1,8764,451414,0x0068db8bac71,140737488355327,-140737488355328,-42,386,386
6,856,6897,857,201000.000000,200000.000000,0x0068db8bac71,8,4,0x0068db9292a1,452097,452478,48780,-1340,0,6,0,1,1,1,1,8765,451758,0x0068db8bac71,140737488355327,-140737488355328,-42,381,381
6,857,6905,858,201000.000000,200000.000000,0x0068db8bac71,8,4,0x0068db9293ef,452430,452805,48108,-1344,0,6,0,1,1,1,1,8764,452097,0x0068db8bac71,140737488355327,-140737488355328,-42,375,375
6,858,6913,859,201000.000000,200000.000000,0x0068db8bac71,8,4,0x0068db929536,452758,453128,47436,-1344,0,6,0,1,1,1,1,8764,452430,0x0068db8bac71,140737488355327,-140737488355328,-42,370,370
6,859,6921,860,201000.000000,200000.000000,0x0068db8bac71,8,4,0x0068db929679,453081,453446,46764,-1344,0,6,0,1,1,1,1,8765,452758,0x0068db8bac71,140737488355327,-140737488355328,-42,365,365
6,860,6929,861,201000.000000,200000.000000,0x0068db8bac71,8,4,0x0068db9297b7,453399,453759,46096,-1340,0,6,0,1,1,1,1,8765,453081,0x0068db8bac71,140737488355327,-140737488355328,-42,360,360
6,861,6937,862,201000.000000,200000.000000,0x0068db8bac71,8,4,0x0068db9298f0,453711,454065,45424,-1340,0,6,0,1,1,1,1,8764,453399,0x0068db8bac71,140737488355327,-140737488355328,-42,354,354
6,862,6945,863,201000.000000,200000.000000,0x0068db8bac71,8,4,0x0068db929a22,454018,454367,44752,-1344,0,6,0,1,1,1,1,8764,453711,0x0068db8bac71,140737488355327,-140737488355328,-42,349,349
6,863,6953,864,201000.000000,200000.000000,0x0068db8bac71,8,4,0x0068db929b50,454320,454664,44084,-1340,0,6,0,1,1,1,1,8764,454018,0x0068db8bac71,140737488355327,-140737488355328,-42,344,344
6,864,6961,865,201000.000000,200000.000000,0x0068db8bac71,8,4,0x0068db929c79,454617,454956,43412,-1340,0,6,0,1,1,1,1,8765,454320,0x0068db8bac71,140737488355327,-140737488355328,-42,339,339
6,865,6969,866,201000.000000,200000.000000,0x0068db8bac71,8,4,0x0068db929d9d,454908,455241,42740,-1344,0,6,0,1,1,1,1,8764,454617,0x0068db8bac71,140737488355327,-140737488355328,-42,333,333
6,866,6977,867,201000.000000,200000.000000,0x0068db8bac71,8,4,0x0068db929eba,455194,455522,42072,-1340,0,6,0,1,1,1,1,8764,454908,0x0068db8bac71,140737488355327,-140737488355328,-42,328,328
6,867,6985,868,201000.000000,200000.000000,0x0068db8bac71,8,4,0x0068db929fd3,455475,455798,41400,-1340,0,6,0,1,1,1,1,8765,455194,0x0068db8bac71,140737488355327,-140737488355328,-42,323,323
6,868,6993,869,201000.000000,200000.000000,0x0068db8bac71,8,4,0x0068db92a0e7,455751,456069,40728,-1344,0,6,0,1,1,1,1,8765,455475,0x0068db8bac71,140737488355327,-140737488355328,-42,318,318
6,869,7001,870,201000.000000,200000.000000,0x0068db8bac71,8,4,0x0068db92a1f6,456021,456333,40056,-1344,0,6,0,1,1,1,1,8764,455751,0x0068db8bac71,140737488355327,-140737488355328,-42,312,312
6,870,7009,871,201000.000000,200000.000000,0x0068db8bac71,8,4,0x0068db92a2fe,456286,456593,39388,-1340,0,6,0,1,1,1,1,8764,456021,0x0068db8bac71,140737488355327,-140737488355328,-42,307,307
6,871,7017,872,201000.000000,200000.000000,0x0068db8bac71,8,4,0x0068db92a402,456546,456848,38716,-1340,0,6,0,1,1,1,1,8764,456286,0x0068db8bac71,140737488355327,-140737488355328,-42,302,302
6,872,7025,873,201000.000000,200000.000000,0x0068db8bac71,8,4,0x0068db92a501,456801,457098,38044,-1344,0,6,0,1,1,1,1,8765,456546,0x0068db8bac71,140737488355327,-140737488355328,-42,297,297
6,873,7033,874,201000.000000,200000.000000,0x0068db8bac71,8,4,0x0068db92a5fb,457050,457341,37372,-1344,0,6,0,1,1,1,1,8765,456801,0x0068db8bac71,140737488355327,-140737488355328,-42,291,291
6,874,7041,875,201000.000000,200000.000000,0x0068db8bac71,8,4,0x0068db92a6ee,457294,457580,36704,-1340,0,6,0,1,1,1,1,8765,457050,0x0068db8bac71,140737488355327,-140737488355328,-42,286,286
6,875,7049,876,201000.000000,200000.000000,0x0068db8bac71,8,4,0x0068db92a7dd,457533,457814,36032,-1340,0,6,0,1,1,1,1,8765,457294,0x0068db8bac71,140737488355327,-140737488355328,-42,281,281
6,876,7057,877,201000.000000,200000.000000,0x0068db8bac71,8,4,0x0068db92a8c7,457767,458043,35360,-1344,0,6,0,1,1,1,1,8765,457533,0x0068db8bac71,140737488355327,-140737488355328,-42,276,276
6,877,7065,878,201000.000000,200000.000000,0x0068db8bac71,8,4,0x0068db92a9ac,457996,458267,34692,-1340,0,6,0,1,1,1,1,8764,457767,0x0068db8bac71,140737488355327,-140737488355328,-42,271,271
6,878,7073,879,201000.000000,200000.000000,0x0068db8bac71,8,4,0x0068db92aa8c,458219,458484,34020,-1340,0,6,0,1,1,1,1,8765,457996,0x0068db8bac71,140737488355327,-140737488355328,-42,265,265
6,879,7081,880,201000.000000,200000.000000,0x0068db8bac71,8,4,0x0068db92ab65,458437,458697,33348,-1344,0,6,0,1,1,1,1,8765,458219,0x0068db8bac71,140737488355327,-140737488355328,-42,260,260
6,880,7089,881,201000.000000,200000.000000,0x0068db8bac71,8,4,0x0068db92ac3a,461210,461977,98212,64192,0,6,0,1,1,1,1,8764,458437,0x0068db8bac71,140737488355327,-140737488355328,2006,767,767
6,881,7097,882,201000.000000,200000.000000,0x0068db8bac71,8,4,0x0068db92b90a,463978,464740,97540,64192,0,6,0,1,1,1,1,8765,461210,0x0068db8bac71,140737488355327,-140737488355328,2006,762,762
6,882,7105,883,201000.000000,200000.000000,0x0068db8bac71,8,4,0x0068db92c3d5,464692,465448,96868,-1344,0,6,0,1,1,1,1,8764,463978,0x0068db8bac71,140737488355327,-140737488355328,-42,756,756
6,883,7113,884,201000.000000,200000.000000,0x0068db8bac71,8,4,0x0068db92c699,465401,466152,96200,-1340,0,6,0,1,1,1,1,8765,464692,0x0068db8bac71,140737488355327,-140737488355328,-42,751,751
6,884,7121,885,201000.000000,200000.000000,0x0068db8bac71,8,4,0x0068db92c959,466105,466851,95528,-1340,0,6,0,1,1,1,1,8764,465401,0x0068db8bac71,140737488355327,-140737488355328,-42,746,746
6,885,7129,886,201000.000000,200000.000000,0x0068db8bac71,8,4,0x0068db92cc14,466804,467545,94856,-1344,0,6,0,1,1,1,1,8764,466105,0x0068db8bac71,140737488355327,-140737488355328,-42,741,741
6,886,7137,887,201000.000000,200000.000000,0x0068db8bac71,8,4,0x0068db92ceca,467497,468232,94184,-1344,0,6,0,1,1,1,1,8764,466804,0x0068db8bac71,140737488355327,-140737488355328,-42,735,735
6,887,7145,888,201000.000000,200000.000000,0x0068db8bac71,8,4,0x0068db92d179,468185,468915,93516,-1340,0,6,0,1,1,1,1,8764,467497,0x0068db8bac71,140737488355327,-140737488355328,-42,730,730
6,888,7153,889,201000.000000,200000.000000,0x0068db8bac71,8,4,0x0068db92d424,468868,469593,92844,-1340,0,6,0,1,1,1,1,8763,468185,0x0068db8bac71,140737488355327,-140737488355328,-42,725,725
6,889,7161,890,201000.000000,200000.000000,0x0068db8bac71,8,4,0x0068db92d6ca,469546,470266,92172,-1344,0,6,0,1,1,1,1,8763,468868,0x0068db8bac71,140737488355327,-140737488355328,-42,720,720
6,890,7169,891,201000.000000,200000.000000,0x0068db8bac71,8,4,0x0068db92d96b,470218,470932,91504,-1340,0,6,0,1,1,1,1,8763,469546,0x0068db8bac71,140737488355327,-140737488355328,-42,714,714
6,891,7177,892,201000.000000,200000.000000,0x0068db8bac71,8,4,0x0068db92dc05,470885,471594,90832,-1340,0,6,0,1,1,1,1,8763,470218,0x0068db8bac71,140737488355327,-140737488355328,-42,709,709
6,892,7185,893,201000.000000,200000.000000,0x0068db8bac71,8,4,0x0068db92de9b,471547,472251,90160,-1344,0,6,0,1,1,1,1,8763,470885,0x0068db8bac71,140737488355327,-140737488355328,-42,704,704
6,893,7193,894,201000.000000,200000.000000,0x0068db8bac71,8,4,0x0068db92e12c,472204,472903,89488,-1344,0,6,0,1,1,1,1,8763,471547,0x0068db8bac71,140737488355327,-140737488355328,-42,699,699
6,894,7201,895,201000.000000,200000.000000,0x0068db8bac71,8,4,0x0068db92e3b8,472855,473548,88820,-1340,0,6,0,1,1,1,1,8762,472204,0x0068db8bac71,140737488355327,-140737488355328,-42,693,693
6,895,7209,896,201000.000000,200000.000000,0x0068db8bac71,8,4,0x0068db92e63d,473501,474189,88148,-1340,0,6,0,1,1,1,1,8762,472855,0x0068db8bac71,140737488355327,-140737488355328,-42,688,688
6,896,7217,897,201000.000000,200000.000000,0x0068db8bac71,8,4,0x0068db92e8be,474142,474825,87476,-1344,0,6,0,1,1,1,1,8761,473501,0x0068db8bac71,140737488355327,-140737488355328,-42,683,683
6,897,7225,898,201000.000000,200000.000000,0x0068db8bac71,8,4,0x0068db92eb3a,474778,475456,86804,-1344,0,6,0,1,1,1,1,8762,474142,0x0068db8bac71,140737488355327,-140737488355328,-42,678,678
6,898,7233,899,201000.000000,200000.000000,0x0068db8bac71,8,4,0x0068db92edb1,475408,476080,86132,-1344,0,6,0,1,1,1,1,8761,474778,0x0068db8bac71,140737488355327,-140737488355328,-42,672,672
6,899,7241,900,201000.000000,200000.000000,0x0068db8bac71,8,4,0x0068db92f021,476033,476700,85464,-1340,0,6,0,1,1,1,1,8761,475408,0x0068db8bac71,140737488355327,-140737488355328,-42,667,667
6,900,7249,901,201000.000000,200000.000000,0x0068db8bac71,8,4,0x0068db92f28d,476653,477315,84792,-1340,0,6,0,1,1,1,1,8761,476033,0x0068db8bac71,140737488355327,-140737488355328,-42,662,662
6,901,7257,902,201000.000000,200000.000000,0x0068db8bac71,8,4,0x0068db92f4f4,477268,477925,84120,-1344,0,6,0,1,1,1,1,8761,476653,0x0068db8bac71,140737488355327,-140737488355328,-42,657,657
6,902,7265,903,201000.000000,200000.000000,0x0068db8bac71,8,4,0x0068db92f756,477877,478528,83448,-1344,0,6,0,1,1,1,1,8760,477268,0x0068db8bac71,140737488355327,-140737488355328,-42,651,651
6,903,7273,904,201000.000000,200000.000000,0x0068db8bac71,8,4,0x0068db92f9b1,478481,479127,82776,-1344,0,6,0,1,1,1,1,8761,477877,0x0068db8bac71,140737488355327,-140737488355328,-42,646,646
6,904,7281,905,201000.000000,200000.000000,0x0068db8bac71,8,4,0x0068db92fc08,479080,479721,82108,-1340,0,6,0,1,1,1,1,8760,478481,0x0068db8bac71,140737488355327,-140737488355328,-42,641,641
6,905,7289,906,201000.000000,200000.000000,0x0068db8bac71,8,4,0x0068db92fe5a,479674,480310,81436,-1340,0,6,0,1,1,1,1,8760,479080,0x0068db8bac71,140737488355327,-140737488355328,-42,636,636
6,906,7297,907,201000.000000,200000.000000,0x0068db8bac71,8,4,0x0068db9300a7,480262,480892,80764,-1344,0,6,0,1,1,1,1,8760,479674,0x0068db8bac71,140737488355327,-140737488355328,-42,630,630
6,907,7305,908,201000.000000,200000.000000,0x0068db8bac71,8,4,0x0068db9302ed,480845,481470,80092,-1344,0,6,0,1,1,1,1,8760,480262,0x0068db8bac71,140737488355327,-140737488355328,-42,625,625
6,908,7313,909,201000.000000,200000.000000,0x0068db8bac71,8,4,0x0068db93052f,481423,482043,79420,-1344,0,6,0,1,1,1,1,8760,480845,0x0068db8bac71,140737488355327,-140737488355328,-42,620,620
6,909,7321,910,201000.000000,200000.000000,0x0068db8bac71,8,4,0x0068db93076c,481996,482611,78748,-1344,0,6,0,1,1,1,1,8760,481423,0x0068db8bac71,140737488355327,-140737488355328,-42,615,615
6,910,7329,911,201000.000000,200000.000000,0x0068db8bac71,8,4,0x0068db9309a4,482564,483174,78080,-1340,0,6,0,1,1,1,1,8761,481996,0x0068db8bac71,140737488355327,-140737488355328,-42,610,610
6,911,7337,912,201000.000000,200000.000000,0x0068db8bac71,8,4,0x0068db930bd7,483126,483730,77408,-1340,0,6,0,1,1,1,1,8760,482564,0x0068db8bac71,140737488355327,-140737488355328,-42,604,604
6,912,7345,913,201000.000000,200000.000000,0x0068db8bac71,8,4,0x0068db930e03,483683,484282,76736,-1344,0,6,0,1,1,1,1,8760,483126,0x0068db8bac71,140737488355327,-140737488355328,-42,599,599
6,913,7353,914,201000.000000,200000.000000,0x0068db8bac71,8,4,0x0068db93102b,484235,484829,76064,-1344,0,6,0,1,1,1,1,8760,483683,0x0068db8bac71,140737488355327,-140737488355328,-42,594,594
6,914,7361,915,201000.000000,200000.000000,0x0068db8bac71,8,4,0x0068db93124e,484782,485371,75392,-1344,0,6,0,1,1,1,1,8760,484235,0x0068db8bac71,140737488355327,-140737488355328,-42,589,589
6,915,7369,916,201000.000000,200000.000000,0x0068db8bac71,8,4,0x0068db93146c,485323,485906,74720,-1344,0,6,0,1,1,1,1,8761,484782,0x0068db8bac71,140737488355327,-140737488355328,-42,583,583
6,916,7377,917,201000.000000,200000.000000,0x0068db8bac71,8,4,0x0068db931683,485859,486437,74052,-1340,0,6,0,1,1,1,1,8761,485323,0x0068db8bac71,140737488355327,-140737488355328,-42,578,578
6,917,7385,918,201000.000000,200000.000000,0x0068db8bac71,8,4,0x0068db931896,486390,486963,73380,-1340,0,6,0,1,1,1,1,8761,485859,0x0068db8bac71,140737488355327,-140737488355328,-42,573,573
6,918,7393,919,201000.000000,200000.000000,0x0068db8bac71,8,4,0x0068db931aa4,486916,487484,72708,-1344,0,6,0,1,1,1,1,8761,486390,0x0068db8bac71,140737488355327,-140737488355328,-42,568,568
6,919,7401,920,201000.000000,200000.000000,0x0068db8bac71,8,4,0x0068db931cad,487436,487998,72036,-1344,0,6,0,1,1,1,1,8761,486916,0x0068db8bac71,140737488355327,-140737488355328,-42,562,562
6,920,7409,921,201000.000000,200000.000000,0x0068db8bac71,8,4,0x0068db931eaf,487951,488508,71364,-1344,0,6,0,1,1,1,1,8761,487436,0x0068db8bac71,140737488355327,-140737488355328,-42,557,557
6,921,7417,922,201000.000000,200000.000000,0x0068db8bac71,8,4,0x0068db9320ad,488461,489013,70692,-1344,0,6,0,1,1,1,1,8760,487951,0x0068db8bac71,140737488355327,-140737488355328,-42,552,552
6,922,7425,923,201000.000000,200000.000000,0x0068db8bac71,8,4,0x0068db9322a6,488966,489513,70024,-1340,0,6,0,1,1,1,1,8761,488461,0x0068db8bac71,140737488355327,-140737488355328,-42,547,547
6,923,7433,924,201000.000000,200000.000000,0x0068db8bac71,8,4,0x0068db93249a,489465,490006,69352,-1340,0,6,0,1,1,1,1,8761,488966,0x0068db8bac71,140737488355327,-140737488355328,-42,541,541
6,924,7441,925,201000.000000,200000.000000,0x0068db8bac71,8,4,0x0068db932687,489959,490495,68680,-1344,0,6,0,1,1,1,1,8760,489465,0x0068db8bac71,140737488355327,-140737488355328,-42,536,536
6,925,7449,926,201000.000000,200000.000000,0x0068db8bac71,8,4,0x0068db932870,490448,490979,68008,-1344,0,6,0,1,1,1,1,8759,489959,0x0068db8bac71,140737488355327,-140737488355328,-42,531,531
6,926,7457,927,201000.000000,200000.000000,0x0068db8bac71,8,4,0x0068db932a54,490932,491458,67340,-1340,0,6,0,1,1,1,1,8760,490448,0x0068db8bac71,140737488355327,-140737488355328,-42,526,526
6,927,7465,928,201000.000000,200000.000000,0x0068db8bac71,8,4,0x0068db932c33,491410,491930,66668,-1340,0,6,0,1,1,1,1,8760,490932,0x0068db8bac71,140737488355327,-140737488355328,-42,520,520
6,928,7473,929,201000.000000,200000.000000,0x0068db8bac71,8,4,0x0068db932e0b,491883,492398,65996,-1344,0,6,0,1,1,1,1,8761,491410,0x0068db8bac71,140737488355327,-140737488355328,-42,515,515
6,929,7481,930,201000.000000,200000.000000,0x0068db8bac71,8,4,0x0068db932fdf,492351,492861,65324,-1344,0,6,0,1,1,1,1,8761,491883,0x0068db8bac71,140737488355327,-140737488355328,-42,510,510
6,930,7489,931,201000.000000,200000.000000,0x0068db8bac71,8,4,0x0068db9331ae,492814,493319,64652,-1344,0,6,0,1,1,1,1,8760,492351,0x0068db8bac71,140737488355327,-140737488355328,-42,505,505
6,931,7497,932,201000.000000,200000.000000,0x0068db8bac71,8,4,0x0068db933378,493271,493770,63980,-1344,0,6,0,1,1,1,1,8760,492814,0x0068db8bac71,140737488355327,-140737488355328,-42,499,499
6,932,7505,933,201000.000000,200000.000000,0x0068db8bac71,8,4,0x0068db93353b,493723,494217,63308,-1344,0,6,0,1,1,1,1,8761,493271,0x0068db8bac71,140737488355327,-140737488355328,-42,494,494
6,933,7513,934,201000.000000,200000.000000,0x0068db8bac71,8,4,0x0068db9336fa,494170,494659,62636,-1344,0,6,0,1,1,1,1,8761,493723,0x0068db8bac71,140737488355327,-140737488355328,-42,489,489
6,934,7521,935,201000.000000,200000.000000,0x0068db8bac71,8,4,0x0068db9338b4,494612,495096,61968,-1340,0,6,0,1,1,1,1,8761,494170,0x0068db8bac71,140737488355327,-140737488355328,-42,484,484
6,935,7529,936,201000.000000,200000.000000,0x0068db8bac71,8,4,0x0068db933a69,495048,495526,61296,-1340,0,6,0,1,1,1,1,8761,494612,0x0068db8bac71,140737488355327,-140737488355328,-42,478,478
6,936,7537,937,201000.000000,200000.000000,0x0068db8bac71,8,4,0x0068db933c17,495479,495952,60624,-1344,0,6,0,1,1,1,1,8761,495048,0x0068db8bac71,140737488355327,-140737488355328,-42,473,473
6,937,7545,938,201000.000000,200000.000000,0x0068db8bac71,8,4,0x0068db933dc1,495905,496373,59956,-1340,0,6,0,1,1,1,1,8761,495479,0x0068db8bac71,140737488355327,-140737488355328,-42,468,468
6,938,7553,939,201000.000000,200000.000000,0x0068db8bac71,8,4,0x0068db933f66,496326,496789,59280,-1344,0,6,0,1,1,1,1,8762,495905,0x0068db8bac71,140737488355327,-140737488355328,-42,463,463
6,939,7561,940,201000.000000,200000.000000,0x0068db8bac71,8,4,0x0068db934106,496741,497198,58612,-1344,0,6,0,1,1,1,1,8761,496326,0x0068db8bac71,140737488355327,-140737488355328,-42,457,457
6,940,7569,941,201000.000000,200000.000000,0x0068db8bac71,8,4,0x0068db93429f,497151,497603,57940,-1340,0,6,0,1,1,1,1,8762,496741,0x0068db8bac71,140737488355327,-140737488355328,-42,452,452
6,941,7577,942,201000.000000,200000.000000,0x0068db8bac71,8,4,0x0068db934434,497556,498003,57268,-1344,0,6,0,1,1,1,1,8763,497151,0x0068db8bac71,140737488355327,-140737488355328,-42,447,447
6,942,7585,943,201000.000000,200000.000000,0x0068db8bac71,8,4,0x0068db9345c4,497956,498398,56600,-1340,0,6,0,1,1,1,1,8763,497556,0x0068db8bac71,140737488355327,-140737488355328,-42,442,442
6,943,7593,944,201000.000000,200000.000000,0x0068db8bac71,8,4,0x0068db93474f,498350,498786,55928,-1340,0,6,0,1,1,1,1,8763,497956,0x0068db8bac71,140737488355327,-140737488355328,-42,436,436
6,944,7601,945,201000.000000,200000.000000,0x0068db8bac71,8,4,0x0068db9348d3,498739,499170,55256,-1344,0,6,0,1,1,1,1,8764,498350,0x0068db8bac71,140737488355327,-140737488355328,-42,431,431
6,945,7609,946,201000.000000,200000.000000,0x0068db8bac71,8,4,0x0068db934a53,499123,499549,54588,-1340,0,6,0,1,1,1,1,8763,498739,0x0068db8bac71,140737488355327,-140737488355328,-42,426,426
6,946,7617,947,201000.000000,200000.000000,0x0068db8bac71,8,4,0x0068db934bce,499502,499923,53916,-1340,0,6,0,1,1,1,1,8763,499123,0x0068db8bac71,140737488355327,-140737488355328,-42,421,421
6,947,7625,948,201000.000000,200000.000000,0x0068db8bac71,8,4,0x0068db934d44,499875,500290,53244,-1344,0,6,0,1,1,1,1,8763,499502,0x0068db8bac71,140737488355327,-140737488355328,-42,415,415
6,948,7633,949,201000.000000,200000.000000,0x0068db8bac71,8,4,0x0068db934eb3,500243,500653,52572,-1344,0,6,0,1,1,1,1,8764,499875,0x0068db8bac71,140737488355327,-140737488355328,-42,410,410
6,949,7641,950,201000.000000,200000.000000,0x0068db8bac71,8,4,0x0068db93501e,500606,501011,51900,-1344,0,6,0,1,1,1,1,8764,500243,0x0068db8bac71,140737488355327,-140737488355328,-42,405,405
6,950,7649,951,201000.000000,200000.000000,0x0068db8bac71,8,4,0x0068db935184,500964,501364,51228,-1344,0,6,0,1,1,1,1,8764,500606,0x0068db8bac71,140737488355327,-140737488355328,-42,400,400
6,951,7657,952,201000.000000,200000.000000,0x0068db8bac71,8,4,0x0068db9352e5,501317,501712,50560,-1340,0,6,0,1,1,1,1,8764,500964,0x0068db8bac71,140737488355327,-140737488355328,-42,395,395
6,952,7665,953,201000.000000,200000.000000,0x0068db8bac71,8,4,0x0068db935441,501664,502053,49888,-1340,0,6,0,1,1,1,1,8764,501317,0x0068db8bac71,140737488355327,-140737488355328,-42,389,389
6,953,7673,954,201000.000000,200000.000000,0x0068db8bac71,8,4,0x0068db935596,502006,502390,49216,-1344,0,6,0,1,1,1,1,8764,501664,0x0068db8bac71,140737488355327,-140737488355328,-42,384,384
6,954,7681,955,201000.000000,200000.000000,0x0068db8bac71,8,4,0x0068db9356e7,502343,502722,48544,-1344,0,6,0,1,1,1,1,8765,502006,0x0068db8bac71,140737488355327,-140737488355328,-42,379,379
6,955,7689,956,201000.000000,200000.000000,0x0068db8bac71,8,4,0x0068db935833,502675,503049,47876,-1340,0,6,0,1,1,1,1,8765,502343,0x0068db8bac71,140737488355327,-140737488355328,-42,374,374
6,956,7697,957,201000.000000,200000.000000,0x0068db8bac71,8,4,0x0068db93597a,503001,503369,47204,-1340,0,6,0,1,1,1,1,8765,502675,0x0068db8bac71,140737488355327,-140737488355328,-42,368,368
6,957,7705,958,201000.000000,200000.000000,0x0068db8bac71,8,4,0x0068db935aba,503322,503685,46532,-1344,0,6,0,1,1,1,1,8765,503001,0x0068db8bac71,140737488355327,-140737488355328,-42,363,363
6,958,7713,959,201000.000000,200000.000000,0x0068db8bac71,8,4,0x0068db935bf6,503638,503996,45860,-1344,0,6,0,1,1,1,1,8765,503322,0x0068db8bac71,140737488355327,-140737488355328,-42,358,358
6,959,7721,960,201000.000000,200000.000000,0x0068db8bac71,8,4,0x0068db935d2d,503949,504302,45192,-1340,0,6,0,1,1,1,1,8764,503638,0x0068db8bac71,140737488355327,-140737488355328,-42,353,353
6,960,7729,961,201000.000000,200000.000000,0x0068db8bac71,8,4,0x0068db935e5f,504254,504601,44520,-1340,0,6,0,1,1,1,1,8765,503949,0x0068db8bac71,140737488355327,-140737488355328,-42,347,347
6,961,7737,962,201000.000000,200000.000000,0x0068db8bac71,8,4,0x0068db935f8a,504554,504896,43848,-1344,0,6,0,1,1,1,1,8764,504254,0x0068db8bac71,140737488355327,-140737488355328,-42,342,342
6,962,7745,963,201000.000000,200000.000000,0x0068db8bac71,8,4,0x0068db9360b1,504849,505186,43176,-1344,0,6,0,1,1,1,1,8764,504554,0x0068db8bac71,140737488355327,-140737488355328,-42,337,337
6,963,7753,964,201000.000000,200000.000000,0x0068db8bac71,8,4,0x0068db9361d3,505139,505471,42504,-1344,0,6,0,1,1,1,1,8765,504849,0x0068db8bac71,140737488355327,-140737488355328,-42,332,332
6,964,7761,965,201000.000000,200000.000000,0x0068db8bac71,8,4,0x0068db9362f0,505423,505749,41836,-1340,0,6,0,1,1,1,1,8764,505139,0x0068db8bac71,140737488355327,-140737488355328,-42,326,326
6,965,7769,966,201000.000000,200000.000000,0x0068db8bac71,8,4,0x0068db936406,505702,506023,41164,-1340,0,6,0,1,1,1,1,8765,505423,0x0068db8bac71,140737488355327,-140737488355328,-42,321,321
6,966,7777,967,201000.000000,200000.000000,0x0068db8bac71,8,4,0x0068db936518,505976,506292,40492,-1344,0,6,0,1,1,1,1,8765,505702,0x0068db8bac71,140737488355327,-140737488355328,-42,316,316
6,967,7785,968,201000.000000,200000.000000,0x0068db8bac71,8,4,0x0068db936625,506245,506556,39820,-1344,0,6,0,1,1,1,1,8764,505976,0x0068db8bac71,140737488355327,-140737488355328,-42,311,311
6,968,7793,969,201000.000000,200000.000000,0x0068db8bac71,8,4,0x0068db93672d,506508,506813,39152,-1340,0,6,0,1,1,1,1,8764,506245,0x0068db8bac71,140737488355327,-140737488355328,-42,305,305
6,969,7801,970,201000.000000,200000.000000,0x0068db8bac71,8,4,0x0068db93682e,506766,507066,38480,-1340,0,6,0,1,1,1,1,8764,506508,0x0068db8bac71,140737488355327,-140737488355328,-42,300,300
6,970,7809,971,201000.000000,200000.000000,0x0068db8bac71,8,4,0x0068db93692b,507019,507314,37812,-1340,0,6,0,1,1,1,1,8765,506766,0x0068db8bac71,140737488355327,-140737488355328,-42,295,295
6,971,7817,972,201000.000000,200000.000000,0x0068db8bac71,8,4,0x0068db936a23,507267,507557,37140,-1340,0,6,0,1,1,1,1,8764,507019,0x0068db8bac71,140737488355327,-140737488355328,-42,290,290
6,972,7825,973,201000.000000,200000.000000,0x0068db8bac71,8,4,0x0068db936b16,507509,507793,36468,-1344,0,6,0,1,1,1,1,8765,507267,0x0068db8bac71,140737488355327,-140737488355328,-42,284,284
6,973,7833,974,201000.000000,200000.000000,0x0068db8bac71,8,4,0x0068db936c02,507746,508025,35800,-1340,0,6,0,1,1,1,1,8765,507509,0x0068db8bac71,140737488355327,-140737488355328,-42,279,279
6,974,7841,975,201000.000000,200000.000000,0x0068db8bac71,8,4,0x0068db936cea,507978,508252,35128,-1340,0,6,0,1,1,1,1,8765,507746,0x0068db8bac71,140737488355327,-140737488355328,-42,274,274
6,975,7849,976,201000.000000,200000.000000,0x0068db8bac71,8,4,0x0068db936dcd,508205,508474,34456,-1344,0,6,0,1,1,1,1,8764,507978,0x0068db8bac71,140737488355327,-140737488355328,-42,269,269
6,976,7857,977,201000.000000,200000.000000,0x0068db8bac71,8,4,0x0068db936eab,508426,508689,33784,-1344,0,6,0,1,1,1,1,8765,508205,0x0068db8bac71,140737488355327,-140737488355328,-42,263,263
6,977,7865,978,201000.000000,200000.000000,0x0068db8bac71,8,4,0x0068db936f82,508642,508900,33112,-1344,0,6,0,1,1,1,1,8765,508426,0x0068db8bac71,140737488355327,-140737488355328,-42,258,258
6,978,7873,979,201000.000000,200000.000000,0x0068db8bac71,8,4,0x0068db937055,511413,512178,97980,64196,0,6,0,1,1,1,1,8764,508642,0x0068db8bac71,140737488355327,-140737488355328,2006,765,765
6,979,7881,980,201000.000000,200000.000000,0x0068db8bac71,8,4,0x0068db937d23,514179,514939,97308,64196,0,6,0,1,1,1,1,8764,511413,0x0068db8bac71,140737488355327,-140737488355328,2006,760,760
6,980,7889,981,201000.000000,200000.000000,0x0068db8bac71,8,4,0x0068db9387ec,514891,515645,96636,-1344,0,6,0,1,1,1,1,8765,514179,0x0068db8bac71,140737488355327,-140737488355328,-42,754,754
6,981,7897,982,201000.000000,200000.000000,0x0068db8bac71,8,4,0x0068db938aae,515598,516347,95964,-1344,0,6,0,1,1,1,1,8764,514891,0x0068db8bac71,140737488355327,-140737488355328,-42,749,749
6,982,7905,983,201000.000000,200000.000000,0x0068db8bac71,8,4,0x0068db938d6c,516300,517044,95296,-1340,0,6,0,1,1,1,1,8764,515598,0x0068db8bac71,140737488355327,-140737488355328,-42,744,744
6,983,7913,984,201000.000000,200000.000000,0x0068db8bac71,8,4,0x0068db939025,516997,517736,94624,-1340,0,6,0,1,1,1,1,8763,516300,0x0068db8bac71,140737488355327,-140737488355328,-42,739,739
6,984,7921,985,201000.000000,200000.000000,0x0068db8bac71,8,4,0x0068db9392d9,517689,518423,93952,-1344,0,6,0,1,1,1,1,8763,516997,0x0068db8bac71,140737488355327,-140737488355328,-42,734,734
6,985,7929,986,201000.000000,200000.000000,0x0068db8bac71,8,4,0x0068db939588,518375,519103,93280,-1344,0,6,0,1,1,1,1,8764,517689,0x0068db8bac71,140737488355327,-140737488355328,-42,728,728
6,986,7937,987,201000.000000,200000.000000,0x0068db8bac71,8,4,0x0068db939830,519056,519779,92608,-1344,0,6,0,1,1,1,1,8764,518375,0x0068db8bac71,140737488355327,-140737488355328,-42,723,723
6,987,7945,988,201000.000000,200000.000000,0x0068db8bac71,8,4,0x0068db939ad4,519732,520450,91940,-1340,0,6,0,1,1,1,1,8763,519056,0x0068db8bac71,140737488355327,-140737488355328,-42,718,718
6,988,7953,989,201000.000000,200000.000000,0x0068db8bac71,8,4,0x0068db939d73,520403,521116,91268,-1340,0,6,0,1,1,1,1,8763,519732,0x0068db8bac71,140737488355327,-140737488355328,-42,713,713
6,989,7961,990,201000.000000,200000.000000,0x0068db8bac71,8,4,0x0068db93a00d,521068,521775,90596,-1344,0,6,0,1,1,1,1,8763,520403,0x0068db8bac71,140737488355327,-140737488355328,-42,707,707
6,990,7969,991,201000.000000,200000.000000,0x0068db8bac71,8,4,0x0068db93a2a0,521728,522430,89924,-1344,0,6,0,1,1,1,1,8763,521068,0x0068db8bac71,140737488355327,-140737488355328,-42,702,702
6,991,7977,992,201000.000000,200000.000000,0x0068db8bac71,8,4,0x0068db93a52f,522383,523080,89252,-1344,0,6,0,1,1,1,1,8762,521728,0x0068db8bac71,140737488355327,-140737488355328,-42,697,697
6,992,7985,993,201000.000000,200000.000000,0x0068db8bac71,8,4,0x0068db93a7b9,523033,523725,88580,-1344,0,6,0,1,1,1,1,8762,522383,0x0068db8bac71,140737488355327,-140737488355328,-42,692,692
6,993,7993,994,201000.000000,200000.000000,0x0068db8bac71,8,4,0x0068db93aa3e,523677,524363,87912,-1340,0,6,0,1,1,1,1,8761,523033,0x0068db8bac71,140737488355327,-140737488355328,-42,686,686
6,994,8001,995,201000.000000,200000.000000,0x0068db8bac71,8,4,0x0068db93acbc,524316,524997,87240,-1340,0,6,0,1,1,1,1,8761,523677,0x0068db8bac71,140737488355327,-140737488355328,-42,681,681
6,995,8009,996,201000.000000,200000.000000,0x0068db8bac71,8,4,0x0068db93af36,524950,525626,86568,-1344,0,6,0,1,1,1,1,8761,524316,0x0068db8bac71,140737488355327,-140737488355328,-42,676,676
6,996,8017,997,201000.000000,200000.000000,0x0068db8bac71,8,4,0x0068db93b1ab,525579,526250,85900,-1340,0,6,0,1,1,1,1,8761,524950,0x0068db8bac71,140737488355327,-140737488355328,-42,671,671
6,997,8025,998,201000.000000,200000.000000,0x0068db8bac71,8,4,0x0068db93b41b,526202,526867,85228,-1340,0,6,0,1,1,1,1,8761,525579,0x0068db8bac71,140737488355327,-140737488355328,-42,665,665
6,998,8033,999,201000.000000,200000.000000,0x0068db8bac71,8,4,0x0068db93b684,526820,527480,84556,-1344,0,6,0,1,1,1,1,8760,526202,0x0068db8bac71,140737488355327,-140737488355328,-42,660,660
6,999,8041,1000,201000.000000,200000.000000,0x0068db8bac71,8,4,0x0068db93b8e9,527433,528088,83884,-1344,0,6,0,1,1,1,1,8760,526820,0x0068db8bac71,140737488355327,-140737488355328,-42,655,655
6,1000,8049,1001,201000.000000,200000.000000,0x0068db8bac71,8,4,0x0068db93bb49,528041,528691,83216,-1340,0,6,0,1,1,1,1,8761,527433,0x0068db8bac71,140737488355327,-140737488355328,-42,650,650
6,1001,8057,1002,201000.000000,200000.000000,0x0068db8bac71,8,4,0x0068db93bda4,528643,529287,82544,-1340,0,6,0,1,1,1,1,8760,528041,0x0068db8bac71,140737488355327,-140737488355328,-42,644,644
6,1002,8065,1003,201000.000000,200000.000000,0x0068db8bac71,8,4,0x0068db93bff8,529240,529879,81872,-1344,0,6,0,1,1,1,1,8760,528643,0x0068db8bac71,140737488355327,-140737488355328,-42,639,639
6,1003,8073,1004,201000.000000,200000.000000,0x0068db8bac71,8,4,0x0068db93c248,529832,530466,81200,-1344,0,6,0,1,1,1,1,8760,529240,0x0068db8bac71,140737488355327,-140737488355328,-42,634,634
6,1004,8081,1005,201000.000000,200000.000000,0x0068db8bac71,8,4,0x0068db93c493,530419,531048,80528,-1344,0,6,0,1,1,1,1,8760,529832,0x0068db8bac71,140737488355327,-140737488355328,-42,629,629
6,1005,8089,1006,201000.000000,200000.000000,0x0068db8bac71,8,4,0x0068db93c6d9,531000,531623,79856,-1344,0,6,0,1,1,1,1,8760,530419,0x0068db8bac71,140737488355327,-140737488355328,-42,623,623
6,1006,8097,1007,201000.000000,200000.000000,0x0068db8bac71,8,4,0x0068db93c918,531576,532194,79188,-1340,0,6,0,1,1,1,1,8760,531000,0x0068db8bac71,140737488355327,-140737488355328,-42,618,618
6,1007,8105,1008,201000.000000,200000.000000,0x0068db8bac71,8,4,0x0068db93cb53,532147,532760,78516,-1340,0,6,0,1,1,1,1,8759,531576,0x0068db8bac71,140737488355327,-140737488355328,-42,613,613
6,1008,8113,1009,201000.000000,200000.000000,0x0068db8bac71,8,4,0x0068db93cd89,532713,533321,77844,-1344,0,6,0,1,1,1,1,8759,532147,0x0068db8bac71,140737488355327,-140737488355328,-42,608,608
6,1009,8121,1010,201000.000000,200000.000000,0x0068db8bac71,8,4,0x0068db93cfba,533273,533875,77172,-1344,0,6,0,1,1,1,1,8760,532713,0x0068db8bac71,140737488355327,-140737488355328,-42,602,602
6,1010,8129,1011,201000.000000,200000.000000,0x0068db8bac71,8,4,0x0068db93d1e4,533828,534425,76500,-1344,0,6,0,1,1,1,1,8760,533273,0x0068db8bac71,140737488355327,-140737488355328,-42,597,597
6,1011,8137,1012,201000.000000,200000.000000,0x0068db8bac71,8,4,0x0068db93d40a,534378,534970,75828,-1344,0,6,0,1,1,1,1,8760,533828,0x0068db8bac71,140737488355327,-140737488355328,-42,592,592
6,1012,8145,1013,201000.000000,200000.000000,0x0068db8bac71,8,4,0x0068db93d62b,534923,535510,75156,-1344,0,6,0,1,1,1,1,8761,534378,0x0068db8bac71,140737488355327,-140737488355328,-42,587,587
6,1013,8153,1014,201000.000000,200000.000000,0x0068db8bac71,8,4,0x0068db93d847,535462,536043,74488,-1340,0,6,0,1,1,1,1,8760,534923,0x0068db8bac71,140737488355327,-140737488355328,-42,581,581
6,1014,8161,1015,201000.000000,200000.000000,0x0068db8bac71,8,4,0x0068db93da5c,535996,536572,73816,-1340,0,6,0,1,1,1,1,8760,535462,0x0068db8bac71,140737488355327,-140737488355328,-42,576,576
6,1015,8169,1016,201000.000000,200000.000000,0x0068db8bac71,8,4,0x0068db93dc6d,536525,537096,73144,-1344,0,6,0,1,1,1,1,8761,535996,0x0068db8bac71,140737488355327,-140737488355328,-42,571,571
6,1016,8177,1017,201000.000000,200000.000000,0x0068db8bac71,8,4,0x0068db93de79,537049,537615,72472,-1344,0,6,0,1,1,1,1,8761,536525,0x0068db8bac71,140737488355327,-140737488355328,-42,566,566
6,1017,8185,1018,201000.000000,200000.000000,0x0068db8bac71,8,4,0x0068db93e080,537567,538127,71804,-1340,0,6,0,1,1,1,1,8761,537049,0x0068db8bac71,140737488355327,-140737488355328,-42,560,560
6,1018,8193,1019,201000.000000,200000.000000,0x0068db8bac71,8,4,0x0068db93e280,538080,538635,71132,-1340,0,6,0,1,1,1,1,8760,537567,0x0068db8bac71,140737488355327,-140737488355328,-42,555,555
6,1019,8201,1020,201000.000000,200000.000000,0x0068db8bac71,8,4,0x0068db93e47c,538588,539138,70460,-1344,0,6,0,1,1,1,1,8761,538080,0x0068db8bac71,140737488355327,-140737488355328,-42,550,550
6,1020,8209,1021,201000.000000,200000.000000,0x0068db8bac71,8,4,0x0068db93e673,539091,539636,69788,-1344,0,6,0,1,1,1,1,8761,538588,0x0068db8bac71,140737488355327,-140737488355328,-42,545,545
6,1021,8217,1022,201000.000000,200000.000000,0x0068db8bac71,8,4,0x0068db93e865,539588,540127,69116,-1344,0,6,0,1,1,1,1,8761,539091,0x0068db8bac71,140737488355327,-140737488355328,-42,539,539
6,1022,8225,1023,201000.000000,200000.000000,0x0068db8bac71,8,4,0x0068db93ea50,540080,540614,68444,-1344,0,6,0,1,1,1,1,8761,539588,0x0068db8bac71,140737488355327,-140737488355328,-42,534,534
6,1023,8233,1024,201000.000000,200000.000000,0x0068db8bac71,8,4,0x0068db93ec37,540567,541096,67776,-1340,0,6,0,1,1,1,1,8761,540080,0x0068db8bac71,140737488355327,-140737488355328,-42,529,529
6,1024,8241,1025,201000.000000,200000.000000,0x0068db8bac71,8,4,0x0068db93ee19,541049,541573,67104,-1340,0,6,0,1,1,1,1,8761,540567,0x0068db8bac71,140737488355327,-140737488355328,-42,524,524
6,1025,8249,1026,201000.000000,200000.000000,0x0068db8bac71,8,4,0x0068db93eff6,541526,542045,66432,-1344,0,6,0,1,1,1,1,8761,541049,0x0068db8bac71,140737488355327,-140737488355328,-42,519,519
6,1026,8257,1027,201000.000000,200000.000000,0x0068db8bac71,8,4,0x0068db93f1ce,541997,542510,65760,-1344,0,6,0,1,1,1,1,8760,541526,0x0068db8bac71,140737488355327,-140737488355328,-42,513,513
6,1027,8265,1028,201000.000000,200000.000000,0x0068db8bac71,8,4,0x0068db93f39f,542463,542971,65088,-1344,0,6,0,1,1,1,1,8760,541997,0x0068db8bac71,140737488355327,-140737488355328,-42,508,508
6,1028,8273,1029,201000.000000,200000.000000,0x0068db8bac71,8,4,0x0068db93f56c,542924,543427,64416,-1344,0,6,0,1,1,1,1,8760,542463,0x0068db8bac71,140737488355327,-140737488355328,-42,503,503
6,1029,8281,1030,201000.000000,200000.000000,0x0068db8bac71,8,4,0x0068db93f734,543380,543878,63744,-1344,0,6,0,1,1,1,1,8761,542924,0x0068db8bac71,140737488355327,-140737488355328,-42,498,498
6,1030,8289,1031,201000.000000,200000.000000,0x0068db8bac71,8,4,0x0068db93f8f7,543830,544322,63076,-1340,0,6,0,1,1,1,1,8760,543380,0x0068db8bac71,140737488355327,-140737488355328,-42,492,492
6,1031,8297,1032,201000.000000,200000.000000,0x0068db8bac71,8,4,0x0068db93fab3,544275,544762,62404,-1340,0,6,0,1,1,1,1,8761,543830,0x0068db8bac71,140737488355327,-140737488355328,-42,487,487
6,1032,8305,1033,201000.000000,200000.000000,0x0068db8bac71,8,4,0x0068db93fc6b,544715,545197,61732,-1344,0,6,0,1,1,1,1,8761,544275,0x0068db8bac71,140737488355327,-140737488355328,-42,482,482
6,1033,8313,1034,201000.000000,200000.000000,0x0068db8bac71,8,4,0x0068db93fe1e,545150,545627,61060,-1344,0,6,0,1,1,1,1,8761,544715,0x0068db8bac71,140737488355327,-140737488355328,-42,477,477
6,1034,8321,1035,201000.000000,200000.000000,0x0068db8bac71,8,4,0x0068db93ffcc,545579,546050,60388,-1344,0,6,0,1,1,1,1,8760,545150,0x0068db8bac71,140737488355327,-140737488355328,-42,471,471
6,1035,8329,1036,201000.000000,200000.000000,0x0068db8bac71,8,4,0x0068db940173,546003,546469,59720,-1340,0,6,0,1,1,1,1,8761,545579,0x0068db8bac71,140737488355327,-140737488355328,-42,466,466
6,1036,8337,1037,201000.000000,200000.000000,0x0068db8bac71,8,4,0x0068db940316,546422,546883,59048,-1340,0,6,0,1,1,1,1,8762,546003,0x0068db8bac71,140737488355327,-140737488355328,-42,461,461
6,1037,8345,1038,201000.000000,200000.000000,0x0068db8bac71,8,4,0x0068db9404b4,546836,547292,58376,-1344,0,6,0,1,1,1,1,8762,546422,0x0068db8bac71,140737488355327,-140737488355328,-42,456,456
6,1038,8353,1039,201000.000000,200000.000000,0x0068db8bac71,8,4,0x0068db94064d,547244,547694,57704,-1344,0,6,0,1,1,1,1,8762,546836,0x0068db8bac71,140737488355327,-140737488355328,-42,450,450
6,1039,8361,1040,201000.000000,200000.000000,0x0068db8bac71,8,4,0x0068db9407df,547647,548092,57036,-1340,0,6,0,1,1,1,1,8762,547244,0x0068db8bac71,140737488355327,-140737488355328,-42,445,445
6,1040,8369,1041,201000.000000,200000.000000,0x0068db8bac71,8,4,0x0068db94096d,548045,548485,56364,-1340,0,6,0,1,1,1,1,8762,547647,0x0068db8bac71,140737488355327,-140737488355328,-42,440,440
6,1041,8377,1042,201000.000000,200000.000000,0x0068db8bac71,8,4,0x0068db940af6,548438,548873,55692,-1344,0,6,0,1,1,1,1,8762,548045,0x0068db8bac71,140737488355327,-140737488355328,-42,435,435
6,1042,8385,1043,201000.000000,200000.000000,0x0068db8bac71,8,4,0x0068db940c7a,548825,549254,55024,-1340,0,6,0,1,1,1,1,8763,548438,0x0068db8bac71,140737488355327,-140737488355328,-42,429,429
6,1043,8393,1044,201000.000000,200000.000000,0x0068db8bac71,8,4,0x0068db940df7,549207,549631,54352,-1340,0,6,0,1,1,1,1,8763,548825,0x0068db8bac71,140737488355327,-140737488355328,-42,424,424
6,1044,8401,1045,201000.000000,200000.000000,0x0068db8bac71,8,4,0x0068db940f70,549584,550003,53680,-1344,0,6,0,1,1,1,1,8762,549207,0x0068db8bac71,140737488355327,-140737488355328,-42,419,419
6,1045,8409,1046,201000.000000,200000.000000,0x0068db8bac71,8,4,0x0068db9410e4,549956,550370,53008,-1344,0,6,0,1,1,1,1,8763,549584,0x0068db8bac71,140737488355327,-140737488355328,-42,414,414
6,1046,8417,1047,201000.000000,200000.000000,0x0068db8bac71,8,4,0x0068db941253,550322,550730,52340,-1340,0,6,0,1,1,1,1,8763,549956,0x0068db8bac71,140737488355327,-140737488355328,-42,408,408
6,1047,8425,1048,201000.000000,200000.000000,0x0068db8bac71,8,4,0x0068db9413bb,550683,551086,51668,-1340,0,6,0,1,1,1,1,8764,550322,0x0068db8bac71,140737488355327,-140737488355328,-42,403,403
6,1048,8433,1049,201000.000000,200000.000000,0x0068db8bac71,8,4,0x0068db94151f,551039,551437,50996,-1344,0,6,0,1,1,1,1,8764,550683,0x0068db8bac71,140737488355327,-140737488355328,-42,398,398
6,1049,8441,1050,201000.000000,200000.000000,0x0068db8bac71,8,4,0x0068db94167e,551390,551783,50324,-1344,0,6,0,1,1,1,1,8764,551039,0x0068db8bac71,140737488355327,-140737488355328,-42,393,393
6,1050,8449,1051,201000.000000,200000.000000,0x0068db8bac71,8,4,0x0068db9417d8,551735,552122,49652,-1344,0,6,0,1,1,1,1,8765,551390,0x0068db8bac71,140737488355327,-140737488355328,-42,387,387
6,1051,8457,1052,201000.000000,200000.000000,0x0068db8bac71,8,4,0x0068db94192b,552075,552457,48980,-1344,0,6,0,1,1,1,1,8765,551735,0x0068db8bac71,140737488355327,-140737488355328,-42,382,382
6,1052,8465,1053,201000.000000,200000.000000,0x0068db8bac71,8,4,0x0068db941a7a,552410,552787,48308,-1344,0,6,0,1,1,1,1,8765,552075,0x0068db8bac71,140737488355327,-140737488355328,-42,377,377
6,1053,8473,1054,201000.000000,200000.000000,0x0068db8bac71,8,4,0x0068db941bc4,552740,553112,47640,-1340,0,6,0,1,1,1,1,8765,552410,0x0068db8bac71,140737488355327,-140737488355328,-42,372,372
6,1054,8481,1055,201000.000000,200000.000000,0x0068db8bac71,8,4,0x0068db941d09,553064,553430,46968,-1340,0,6,0,1,1,1,1,8764,552740,0x0068db8bac71,140737488355327,-140737488355328,-42,366,366
6,1055,8489,1056,201000.000000,200000.000000,0x0068db8bac71,8,4,0x0068db941e47,553383,553744,46296,-1344,0,6,0,1,1,1,1,8765,553064,0x0068db8bac71,140737488355327,-140737488355328,-42,361,361
6,1056,8497,1057,201000.000000,200000.000000,0x0068db8bac71,8,4,0x0068db941f81,553697,554053,45628,-1340,0,6,0,1,1,1,1,8765,553383,0x0068db8bac71,140737488355327,-140737488355328,-42,356,356
6,1057,8505,1058,201000.000000,200000.000000,0x0068db8bac71,8,4,0x0068db9420b6,554006,554357,44956,-1340,0,6,0,1,1,1,1,8765,553697,0x0068db8bac71,140737488355327,-140737488355328,-42,351,351
6,1058,8513,1059,201000.000000,200000.000000,0x0068db8bac71,8,4,0x0068db9421e6,554309,554654,44284,-1344,0,6,0,1,1,1,1,8764,554006,0x0068db8bac71,140737488355327,-140737488355328,-42,345,345
6,1059,8521,1060,201000.000000,200000.000000,0x0068db8bac71,8,4,0x0068db94230f,554607,554947,43616,-1340,0,6,0,1,1,1,1,8765,554309,0x0068db8bac71,140737488355327,-140737488355328,-42,340,340
6,1060,8529,1061,201000.000000,200000.000000,0x0068db8bac71,8,4,0x0068db942434,554900,555235,42940,-1344,0,6,0,1,1,1,1,8765,554607,0x0068db8bac71,140737488355327,-140737488355328,-42,335,335
6,1061,8537,1062,201000.000000,200000.000000,0x0068db8bac71,8,4,0x0068db942554,555188,555518,42272,-1344,0,6,0,1,1,1,1,8765,554900,0x0068db8bac71,140737488355327,-140737488355328,-42,330,330
6,1062,8545,1063,201000.000000,200000.000000,0x0068db8bac71,8,4,0x0068db94266f,555471,555796,41600,-1340,0,6,0,1,1,1,1,8765,555188,0x0068db8bac71,140737488355327,-140737488355328,-42,325,325
6,1063,8553,1064,201000.000000,200000.000000,0x0068db8bac71,8,4,0x0068db942785,555748,556067,40928,-1344,0,6,0,1,1,1,1,8765,555471,0x0068db8bac71,140737488355327,-140737488355328,-42,319,319
6,1064,8561,1065,201000.000000,200000.000000,0x0068db8bac71,8,4,0x0068db942894,556020,556334,40260,-1340,0,6,0,1,1,1,1,8765,555748,0x0068db8bac71,140737488355327,-140737488355328,-42,314,314
6,1065,8569,1066,201000.000000,200000.000000,0x0068db8bac71,8,4,0x0068db94299f,556287,556596,39588,-1340,0,6,0,1,1,1,1,8764,556020,0x0068db8bac71,140737488355327,-140737488355328,-42,309,309
6,1066,8577,1067,201000.000000,200000.000000,0x0068db8bac71,8,4,0x0068db942aa5,556549,556853,38916,-1344,0,6,0,1,1,1,1,8765,556287,0x0068db8bac71,140737488355327,-140737488355328,-42,304,304
6,1067,8585,1068,201000.000000,200000.000000,0x0068db8bac71,8,4,0x0068db942ba6,556805,557103,38248,-1340,0,6,0,1,1,1,1,8764,556549,0x0068db8bac71,140737488355327,-140737488355328,-42,298,298
6,1068,8593,1069,201000.000000,200000.000000,0x0068db8bac71,8,4,0x0068db942ca0,557056,557349,37576,-1340,0,6,0,1,1,1,1,8764,556805,0x0068db8bac71,140737488355327,-140737488355328,-42,293,293
6,1069,8601,1070,201000.000000,200000.000000,0x0068db8bac71,8,4,0x0068db942d96,557302,557590,36904,-1344,0,6,0,1,1,1,1,8764,557056,0x0068db8bac71,140737488355327,-140737488355328,-42,288,288
6,1070,8609,1071,201000.000000,200000.000000,0x0068db8bac71,8,4,0x0068db942e87,557543,557826,36232,-1344,0,6,0,1,1,1,1,8764,557302,0x0068db8bac71,140737488355327,-140737488355328,-42,283,283
6,1071,8617,1072,201000.000000,200000.000000,0x0068db8bac71,8,4,0x0068db942f73,557778,558055,35564,-1340,0,6,0,1,1,1,1,8765,557543,0x0068db8bac71,140737488355327,-140737488355328,-42,277,277
6,1072,8625,1073,201000.000000,200000.000000,0x0068db8bac71,8,4,0x0068db943058,558008,558280,34892,-1340,0,6,0,1,1,1,1,8764,557778,0x0068db8bac71,140737488355327,-140737488355328,-42,272,272
6,1073,8633,1074,201000.000000,200000.000000,0x0068db8bac71,8,4,0x0068db943139,558233,558500,34224,-1340,0,6,0,1,1,1,1,8764,558008,0x0068db8bac71,140737488355327,-140737488355328,-42,267,267
6,1074,8641,1075,201000.000000,200000.000000,0x0068db8bac71,8,4,0x0068db943215,558453,558715,33552,-1340,0,6,0,1,1,1,1,8764,558233,0x0068db8bac71,140737488355327,-140737488355328,-42,262,262
6,1075,8649,1076,201000.000000,200000.000000,0x0068db8bac71,8,4,0x0068db9432ec,558667,558923,32880,-1344,0,6,0,1,1,1,1,8764,558453,0x0068db8bac71,140737488355327,-140737488355328,-42,256,256
6,1076,8657,1077,201000.000000,200000.000000,0x0068db8bac71,8,4,0x0068db9433bc,561436,562199,97744,64192,0,6,0,1,1,1,1,8765,558667,0x0068db8bac71,140737488355327,-140737488355328,2006,763,763
6,1077,8665,1078,201000.000000,200000.000000,0x0068db8bac71,8,4,0x0068db944088,564200,564958,97072,64192,0,6,0,1,1,1,1,8764,561436,0x0068db8bac71,140737488355327,-140737488355328,2006,758,758
6,1078,8673,1079,201000.000000,200000.000000,0x0068db8bac71,8,4,0x0068db944b4f,564911,565664,96400,-1344,0,6,0,1,1,1,1,8764,564200,0x0068db8bac71,140737488355327,-140737488355328,-42,753,753
6,1079,8681,1080,201000.000000,200000.000000,0x0068db8bac71,8,4,0x0068db944e11,565616,566363,95732,-1340,0,6,0,1,1,1,1,8764,564911,0x0068db8bac71,140737488355327,-140737488355328,-42,747,747
6,1080,8689,1081,201000.000000,200000.000000,0x0068db8bac71,8,4,0x0068db9450cc,566316,567058,95060,-1340,0,6,0,1,1,1,1,8764,565616,0x0068db8bac71,140737488355327,-140737488355328,-42,742,742
6,1081,8697,1082,201000.000000,200000.000000,0x0068db8bac71,8,4,0x0068db945383,567011,567748,94388,-1344,0,6,0,1,1,1,1,8764,566316,0x0068db8bac71,140737488355327,-140737488355328,-42,737,737
6,1082,8705,1083,201000.000000,200000.000000,0x0068db8bac71,8,4,0x0068db945635,567701,568433,93716,-1344,0,6,0,1,1,1,1,8764,567011,0x0068db8bac71,140737488355327,-140737488355328,-42,732,732
6,1083,8713,1084,201000.000000,200000.000000,0x0068db8bac71,8,4,0x0068db9458e2,568385,569111,93048,-1340,0,6,0,1,1,1,1,8763,567701,0x0068db8bac71,140737488355327,-140737488355328,-42,726,726
6,1084,8721,1085,201000.000000,200000.000000,0x0068db8bac71,8,4,0x0068db945b88,569064,569785,92376,-1340,0,6,0,1,1,1,1,8763,568385,0x0068db8bac71,140737488355327,-140737488355328,-42,721,721
6,1085,8729,1086,201000.000000,200000.000000,0x0068db8bac71,8,4,0x0068db945e2a,569738,570454,91704,-1344,0,6,0,1,1,1,1,8763,569064,0x0068db8bac71,140737488355327,-140737488355328,-42,716,716
6,1086,8737,1087,201000.000000,200000.000000,0x0068db8bac71,8,4,0x0068db9460c7,570407,571118,91032,-1344,0,6,0,1,1,1,1,8763,569738,0x0068db8bac71,140737488355327,-140737488355328,-42,711,711
6,1087,8745,1088,201000.000000,200000.000000,0x0068db8bac71,8,4,0x0068db94635f,571070,571775,90360,-1344,0,6,0,1,1,1,1,8763,570407,0x0068db8bac71,140737488355327,-140737488355328,-42,705,705
6,1088,8753,1089,201000.000000,200000.000000,0x0068db8bac71,8,4,0x0068db9465f0,571728,572428,89692,-1340,0,6,0,1,1,1,1,8763,571070,0x0068db8bac71,140737488355327,-140737488355328,-42,700,700
6,1089,8761,1090,201000.000000,200000.000000,0x0068db8bac71,8,4,0x0068db94687d,572381,573076,89020,-1340,0,6,0,1,1,1,1,8763,571728,0x0068db8bac71,140737488355327,-140737488355328,-42,695,695
6,1090,8769,1091,201000.000000,200000.000000,0x0068db8bac71,8,4,0x0068db946b05,573029,573719,88348,-1344,0,6,0,1,1,1,1,8762,572381,0x0068db8bac71,140737488355327,-140737488355328,-42,690,690
6,1091,8777,1092,201000.000000,200000.000000,0x0068db8bac71,8,4,0x0068db946d88,573672,574357,87680,-1340,0,6,0,1,1,1,1,8762,573029,0x0068db8bac71,140737488355327,-140737488355328,-42,685,685
6,1092,8785,1093,201000.000000,200000.000000,0x0068db8bac71,8,4,0x0068db947006,574309,574988,87004,-1344,0,6,0,1,1,1,1,8762,573672,0x0068db8bac71,140737488355327,-140737488355328,-42,679,679
6,1093,8793,1094,201000.000000,200000.000000,0x0068db8bac71,8,4,0x0068db94727d,574941,575615,86336,-1344,0,6,0,1,1,1,1,8762,574309,0x0068db8bac71,140737488355327,-140737488355328,-42,674,674
6,1094,8801,1095,201000.000000,200000.000000,0x0068db8bac71,8,4,0x0068db9474f0,575568,576237,85664,-1340,0,6,0,1,1,1,1,8762,574941,0x0068db8bac71,140737488355327,-140737488355328,-42,669,669
6,1095,8809,1096,201000.000000,200000.000000,0x0068db8bac71,8,4,0x0068db94775e,576190,576854,84992,-1344,0,6,0,1,1,1,1,8762,575568,0x0068db8bac71,140737488355327,-140737488355328,-42,664,664
6,1096,8817,1097,201000.000000,200000.000000,0x0068db8bac71,8,4,0x0068db9479c7,576806,577464,84320,-1344,0,6,0,1,1,1,1,8761,576190,0x0068db8bac71,140737488355327,-140737488355328,-42,658,658
6,1097,8825,1098,201000.000000,200000.000000,0x0068db8bac71,8,4,0x0068db947c29,577417,578070,83648,-1344,0,6,0,1,1,1,1,8760,576806,0x0068db8bac71,140737488355327,-140737488355328,-42,653,653
6,1098,8833,1099,201000.000000,200000.000000,0x0068db8bac71,8,4,0x0068db947e87,578023,578671,82980,-1340,0,6,0,1,1,1,1,8761,577417,0x0068db8bac71,140737488355327,-140737488355328,-42,648,648
6,1099,8841,1100,201000.000000,200000.000000,0x0068db8bac71,8,4,0x0068db9480e0,578624,579267,82308,-1340,0,6,0,1,1,1,1,8760,578023,0x0068db8bac71,140737488355327,-140737488355328,-42,643,643
6,1100,8849,1101,201000.000000,200000.000000,0x0068db8bac71,8,4,0x0068db948334,579219,579856,81636,-1344,0,6,0,1,1,1,1,8760,578624,0x0068db8bac71,140737488355327,-140737488355328,-42,637,637
6,1101,8857,1102,201000.000000,200000.000000,0x0068db8bac71,8,4,0x0068db948581,579809,580441,80964,-1344,0,6,0,1,1,1,1,8761,579219,0x0068db8bac71,140737488355327,-140737488355328,-42,632,632
6,1102,8865,1103,201000.000000,200000.000000,0x0068db8bac71,8,4,0x0068db9487ca,580394,581021,80292,-1344,0,6,0,1,1,1,1,8761,579809,0x0068db8bac71,140737488355327,-140737488355328,-42,627,627
6,1103,8873,1104,201000.000000,200000.000000,0x0068db8bac71,8,4,0x0068db948a0e,580974,581596,79624,-1340,0,6,0,1,1,1,1,8760,580394,0x0068db8bac71,140737488355327,-140737488355328,-42,622,622
6,1104,8881,1105,201000.000000,200000.000000,0x0068db8bac71,8,4,0x0068db948c4d,581548,582164,78952,-1340,0,6,0,1,1,1,1,8760,580974,0x0068db8bac71,140737488355327,-140737488355328,-42,616,616
6,1105,8889,1106,201000.000000,200000.000000,0x0068db8bac71,8,4,0x0068db948e85,582117,582728,78280,-1344,0,6,0,1,1,1,1,8760,581548,0x0068db8bac71,140737488355327,-140737488355328,-42,611,611
6,1106,8897,1107,201000.000000,200000.000000,0x0068db8bac71,8,4,0x0068db9490b9,582681,583287,77608,-1344,0,6,0,1,1,1,1,8759,582117,0x0068db8bac71,140737488355327,-140737488355328,-42,606,606
6,1107,8905,1108,201000.000000,200000.000000,0x0068db8bac71,8,4,0x0068db9492e8,583240,583841,76936,-1344,0,6,0,1,1,1,1,8760,582681,0x0068db8bac71,140737488355327,-140737488355328,-42,601,601
6,1108,8913,1109,201000.000000,200000.000000,0x0068db8bac71,8,4,0x0068db949512,583793,584388,76268,-1340,0,6,0,1,1,1,1,8760,583240,0x0068db8bac71,140737488355327,-140737488355328,-42,595,595
6,1109,8921,1110,201000.000000,200000.000000,0x0068db8bac71,8,4,0x0068db949735,584341,584931,75596,-1340,0,6,0,1,1,1,1,8759,583793,0x0068db8bac71,140737488355327,-140737488355328,-42,590,590
6,1110,8929,1111,201000.000000,200000.000000,0x0068db8bac71,8,4,0x0068db949954,584884,585469,74924,-1344,0,6,0,1,1,1,1,8760,584341,0x0068db8bac71,140737488355327,-140737488355328,-42,585,585
6,1111,8937,1112,201000.000000,200000.000000,0x0068db8bac71,8,4,0x0068db949b6e,585422,586002,74252,-1344,0,6,0,1,1,1,1,8760,584884,0x0068db8bac71,140737488355327,-140737488355328,-42,580,580
6,1112,8945,1113,201000.000000,200000.000000,0x0068db8bac71,8,4,0x0068db949d83,585954,586528,73580,-1344,0,6,0,1,1,1,1,8759,585422,0x0068db8bac71,140737488355327,-140737488355328,-42,574,574
6,1113,8953,1114,201000.000000,200000.000000,0x0068db8bac71,8,4,0x0068db949f91,586481,587050,72908,-1344,0,6,0,1,1,1,1,8760,585954,0x0068db8bac71,140737488355327,-140737488355328,-42,569,569
6,1114,8961,1115,201000.000000,200000.000000,0x0068db8bac71,8,4,0x0068db94a19b,587003,587567,72240,-1340,0,6,0,1,1,1,1,8759,586481,0x0068db8bac71,140737488355327,-140737488355328,-42,564,564
6,1115,8969,1116,201000.000000,200000.000000,0x0068db8bac71,8,4,0x0068db94a3a0,587520,588079,71568,-1340,0,6,0,1,1,1,1,8760,587003,0x0068db8bac71,140737488355327,-140737488355328,-42,559,559
6,1116,8977,1117,201000.000000,200000.000000,0x0068db8bac71,8,4,0x0068db94a5a0,588031,588584,70896,-1344,0,6,0,1,1,1,1,8760,587520,0x0068db8bac71,140737488355327,-140737488355328,-42,553,553
6,1117,8985,1118,201000.000000,200000.000000,0x0068db8bac71,8,4,0x0068db94a799,588537,589085,70224,-1344,0,6,0,1,1,1,1,8760,588031,0x0068db8bac71,140737488355327,-140737488355328,-42,548,548
6,1118,8993,1119,201000.000000,200000.000000,0x0068db8bac71,8,4,0x0068db94a98e,589038,589581,69556,-1340,0,6,0,1,1,1,1,8761,588537,0x0068db8bac71,140737488355327,-140737488355328,-42,543,543
6,1119,9001,1120,201000.000000,200000.000000,0x0068db8bac71,8,4,0x0068db94ab7e,589534,590072,68884,-1340,0,6,0,1,1,1,1,8760,589038,0x0068db8bac71,140737488355327,-140737488355328,-42,538,538
6,1120,9009,1121,201000.000000,200000.000000,0x0068db8bac71,8,4,0x0068db94ad69,590024,590556,68212,-1344,0,6,0,1,1,1,1,8761,589534,0x0068db8bac71,140737488355327,-140737488355328,-42,532,532
6,1121,9017,1122,201000.000000,200000.000000,0x0068db8bac71,8,4,0x0068db94af4d,590509,591036,67540,-1344,0,6,0,1,1,1,1,8762,590024,0x0068db8bac71,140737488355327,-140737488355328,-42,527,527
6,1122,9025,1123,201000.000000,200000.000000,0x0068db8bac71,8,4,0x0068db94b12d,590989,591511,66868,-1344,0,6,0,1,1,1,1,8762,590509,0x0068db8bac71,140737488355327,-140737488355328,-42,522,522
6,1123,9033,1124,201000.000000,200000.000000,0x0068db8bac71,8,4,0x0068db94b308,591464,591981,66196,-1344,0,6,0,1,1,1,1,8762,590989,0x0068db8bac71,140737488355327,-140737488355328,-42,517,517
6,1124,9041,1125,201000.000000,200000.000000,0x0068db8bac71,8,4,0x0068db94b4de,591933,592444,65524,-1344,0,6,0,1,1,1,1,8761,591464,0x0068db8bac71,140737488355327,-140737488355328,-42,511,511
6,1125,9049,1126,201000.000000,200000.000000,0x0068db8bac71,8,4,0x0068db94b6ad,592397,592903,64852,-1344,0,6,0,1,1,1,1,8761,591933,0x0068db8bac71,140737488355327,-140737488355328,-42,506,506
6,1126,9057,1127,201000.000000,200000.000000,0x0068db8bac71,8,4,0x0068db94b878,592856,593357,64180,-1344,0,6,0,1,1,1,1,8762,592397,0x0068db8bac71,140737488355327,-140737488355328,-42,501,501
6,1127,9065,1128,201000.000000,200000.000000,0x0068db8bac71,8,4,0x0068db94ba3e,593310,593806,63512,-1340,0,6,0,1,1,1,1,8762,592856,0x0068db8bac71,140737488355327,-140737488355328,-42,496,496
6,1128,9073,1129,201000.000000,200000.000000,0x0068db8bac71,8,4,0x0068db94bbff,593758,594248,62840,-1340,0,6,0,1,1,1,1,8762,593310,0x0068db8bac71,140737488355327,-140737488355328,-42,490,490
6,1129,9081,1130,201000.000000,200000.000000,0x0068db8bac71,8,4,0x0068db94bdb9,594201,594686,62168,-1344,0,6,0,1,1,1,1,8762,593758,0x0068db8bac71,140737488355327,-140737488355328,-42,485,485
6,1130,9089,1131,201000.000000,200000.000000,0x0068db8bac71,8,4,0x0068db94bf6f,594639,595119,61496,-1344,0,6,0,1,1,1,1,8761,594201,0x0068db8bac71,140737488355327,-140737488355328,-42,480,480
6,1131,9097,1132,201000.000000,200000.000000,0x0068db8bac71,8,4,0x0068db94c120,595072,595547,60828,-1340,0,6,0,1,1,1,1,8762,594639,0x0068db8bac71,140737488355327,-140737488355328,-42,475,475
6,1132,9105,1133,201000.000000,200000.000000,0x0068db8bac71,8,4,0x0068db94c2cc,595499,595968,60156,-1340,0,6,0,1,1,1,1,8762,595072,0x0068db8bac71,140737488355327,-140737488355328,-42,469,469
6,1133,9113,1134,201000.000000,200000.000000,0x0068db8bac71,8,4,0x0068db94c471,595921,596385,59484,-1344,0,6,0,1,1,1,1,8762,595499,0x0068db8bac71,140737488355327,-140737488355328,-42,464,464
6,1134,9121,1135,201000.000000,200000.000000,0x0068db8bac71,8,4,0x0068db94c612,596338,596797,58812,-1344,0,6,0,1,1,1,1,8762,595921,0x0068db8bac71,140737488355327,-140737488355328,-42,459,459
6,1135,9129,1136,201000.000000,200000.000000,0x0068db8bac71,8,4,0x0068db94c7ae,596750,597204,58140,-1344,0,6,0,1,1,1,1,8762,596338,0x0068db8bac71,140737488355327,-140737488355328,-42,454,454
6,1136,9137,1137,201000.000000,200000.000000,0x0068db8bac71,8,4,0x0068db94c945,597157,597606,57472,-1340,0,6,0,1,1,1,1,8762,596750,0x0068db8bac71,140737488355327,-140737488355328,-42,449,449
6,1137,9145,1138,201000.000000,200000.000000,0x0068db8bac71,8,4,0x0068db94cad7,597558,598001,56800,-1340,0,6,0,1,1,1,1,8761,597157,0x0068db8bac71,140737488355327,-140737488355328,-42,443,443
6,1138,9153,1139,201000.000000,200000.000000,0x0068db8bac71,8,4,0x0068db94cc62,597954,598392,56128,-1344,0,6,0,1,1,1,1,8762,597558,0x0068db8bac71,140737488355327,-140737488355328,-42,438,438
6,1139,9161,1140,201000.000000,200000.000000,0x0068db8bac71,8,4,0x0068db94cde9,598345,598778,55456,-1344,0,6,0,1,1,1,1,8762,597954,0x0068db8bac71,140737488355327,-140737488355328,-42,433,433
6,1140,9169,1141,201000.000000,200000.000000,0x0068db8bac71,8,4,0x0068db94cf6b,598731,599159,54784,-1344,0,6,0,1,1,1,1,8763,598345,0x0068db8bac71,140737488355327,-140737488355328,-42,428,428
6,1141,9177,1142,201000.000000,200000.000000,0x0068db8bac71,8,4,0x0068db94d0e8,599111,599533,54116,-1340,0,6,0,1,1,1,1,8763,598731,0x0068db8bac71,140737488355327,-140737488355328,-42,422,422
6,1142,9185,1143,201000.000000,200000.000000,0x0068db8bac71,8,4,0x0068db94d25e,599486,599903,53444,-1340,0,6,0,1,1,1,1,8763,599111,0x0068db8bac71,140737488355327,-140737488355328,-42,417,417
6,1143,9193,1144,201000.000000,200000.000000,0x0068db8bac71,8,4,0x0068db94d3d0,599856,600268,52776,-1340,0,6,0,1,1,1,1,8763,599486,0x0068db8bac71,140737488355327,-140737488355328,-42,412,412
6,1144,9201,1145,201000.000000,200000.000000,0x0068db8bac71,8,4,0x0068db94d53d,600221,600628,52104,-1340,0,6,0,1,1,1,1,8764,599856,0x0068db8bac71,140737488355327,-140737488355328,-42,407,407
6,1145,9209,1146,201000.000000,200000.000000,0x0068db8bac71,8,4,0x0068db94d6a5,600580,600981,51432,-1344,0,6,0,1,1,1,1,8764,600221,0x0068db8bac71,140737488355327,-140737488355328,-42,401,401
6,1146,9217,1147,201000.000000,200000.000000,0x0068db8bac71,8,4,0x0068db94d806,600934,601330,50760,-1344,0,6,0,1,1,1,1,8764,600580,0x0068db8bac71,140737488355327,-140737488355328,-42,396,396
6,1147,9225,1148,201000.000000,200000.000000,0x0068db8bac71,8,4,0x0068db94d963,601283,601674,50092,-1340,0,6,0,1,1,1,1,8763,600934,0x0068db8bac71,140737488355327,-140737488355328,-42,391,391
6,1148,9233,1149,201000.000000,200000.000000,0x0068db8bac71,8,4,0x0068db94dabb,601627,602013,49420,-1340,0,6,0,1,1,1,1,8764,601283,0x0068db8bac71,140737488355327,-140737488355328,-42,386,386
6,1149,9241,1150,201000.000000,200000.000000,0x0068db8bac71,8,4,0x0068db94dc0e,601965,602345,48748,-1344,0,6,0,1,1,1,1,8764,601627,0x0068db8bac71,140737488355327,-140737488355328,-42,380,380
6,1150,9249,1151,201000.000000,200000.000000,0x0068db8bac71,8,4,0x0068db94dd5a,602298,602673,48076,-1344,0,6,0,1,1,1,1,8765,601965,0x0068db8bac71,140737488355327,-140737488355328,-42,375,375
6,1151,9257,1152,201000.000000,200000.000000,0x0068db8bac71,8,4,0x0068db94dea2,602626,602996,47404,-1344,0,6,0,1,1,1,1,8764,602298,0x0068db8bac71,140737488355327,-140737488355328,-42,370,370
6,1152,9265,1153,201000.000000,200000.000000,0x0068db8bac71,8,4,0x0068db94dfe5,602949,603314,46732,-1344,0,6,0,1,1,1,1,8764,602626,0x0068db8bac71,140737488355327,-140737488355328,-42,365,365
6,1153,9273,1154,201000.000000,200000.000000,0x0068db8bac71,8,4,0x0068db94e123,603266,603625,46064,-1340,0,6,0,1,1,1,1,8766,602949,0x0068db8bac71,140737488355327,-140737488355328,-42,359,359
6,1154,9281,1155,201000.000000,200000.000000,0x0068db8bac71,8,4,0x0068db94e25a,603578,603932,45392,-1340,0,6,0,1,1,1,1,8766,603266,0x0068db8bac71,140737488355327,-140737488355328,-42,354,354
6,1155,9289,1156,201000.000000,200000.000000,0x0068db8bac71,8,4,0x0068db94e38d,603885,604234,44720,-1344,0,6,0,1,1,1,1,8765,603578,0x0068db8bac71,140737488355327,-140737488355328,-42,349,349
6,1156,9297,1157,201000.000000,200000.000000,0x0068db8bac71,8,4,0x0068db94e4bb,604187,604531,44052,-1340,0,6,0,1,1,1,1,8766,603885,0x0068db8bac71,140737488355327,-140737488355328,-42,344,344
6,1157,9305,1158,201000.000000,200000.000000,0x0068db8bac71,8,4,0x0068db94e5e4,604483,604821,43380,-1340,0,6,0,1,1,1,1,8765,604187,0x0068db8bac71,140737488355327,-140737488355328,-42,338,338
6,1158,9313,1159,201000.000000,200000.000000,0x0068db8bac71,8,4,0x0068db94e706,604774,605107,42708,-1344,0,6,0,1,1,1,1,8765,604483,0x0068db8bac71,140737488355327,-140737488355328,-42,333,333
6,1159,9321,1160,201000.000000,200000.000000,0x0068db8bac71,8,4,0x0068db94e824,605060,605388,42040,-1340,0,6,0,1,1,1,1,8765,604774,0x0068db8bac71,140737488355327,-140737488355328,-42,328,328
6,1160,9329,1161,201000.000000,200000.000000,0x0068db8bac71,8,4,0x0068db94e93d,605341,605664,41368,-1340,0,6,0,1,1,1,1,8765,605060,0x0068db8bac71,140737488355327,-140737488355328,-42,323,323
6,1161,9337,1162,201000.000000,200000.000000,0x0068db8bac71,8,4,0x0068db94ea51,605616,605933,40696,-1344,0,6,0,1,1,1,1,8765,605341,0x0068db8bac71,140737488355327,-140737488355328,-42,317,317
6,1162,9345,1163,201000.000000,200000.000000,0x0068db8bac71,8,4,0x0068db94eb5e,605886,606198,40024,-1344,0,6,0,1,1,1,1,8765,605616,0x0068db8bac71,140737488355327,-140737488355328,-42,312,312
6,1163,9353,1164,201000.000000,200000.000000,0x0068db8bac71,8,4,0x0068db94ec67,606151,606458,39352,-1344,0,6,0,1,1,1,1,8765,605886,0x0068db8bac71,140737488355327,-140737488355328,-42,307,307
6,1164,9361,1165,201000.000000,200000.000000,0x0068db8bac71,8,4,0x0068db94ed6b,606411,606713,38684,-1340,0,6,0,1,1,1,1,8765,606151,0x0068db8bac71,140737488355327,-140737488355328,-42,302,302
6,1165,9369,1166,201000.000000,200000.000000,0x0068db8bac71,8,4,0x0068db94ee6a,606665,606961,38012,-1340,0,6,0,1,1,1,1,8765,606411,0x0068db8bac71,140737488355327,-140737488355328,-42,296,296
6,1166,9377,1167,201000.000000,200000.000000,0x0068db8bac71,8,4,0x0068db94ef62,606914,607205,37340,-1344,0,6,0,1,1,1,1,8765,606665,0x0068db8bac71,140737488355327,-140737488355328,-42,291,291
6,1167,9385,1168,201000.000000,200000.000000,0x0068db8bac71,8,4,0x0068db94f056,607158,607444,36668,-1344,0,6,0,1,1,1,1,8764,606914,0x0068db8bac71,140737488355327,-140737488355328,-42,286,286
6,1168,9393,1169,201000.000000,200000.000000,0x0068db8bac71,8,4,0x0068db94f145,607397,607678,35996,-1344,0,6,0,1,1,1,1,8764,607158,0x0068db8bac71,140737488355327,-140737488355328,-42,281,281
6,1169,9401,1170,201000.000000,200000.000000,0x0068db8bac71,8,4,0x0068db94f22f,607631,607907,35328,-1340,0,6,0,1,1,1,1,8764,607397,0x0068db8bac71,140737488355327,-140737488355328,-42,276,276
6,1170,9409,1171,201000.000000,200000.000000,0x0068db8bac71,8,4,0x0068db94f314,607859,608129,34656,-1340,0,6,0,1,1,1,1,8765,607631,0x0068db8bac71,140737488355327,-140737488355328,-42,270,270
6,1171,9417,1172,201000.000000,200000.000000,0x0068db8bac71,8,4,0x0068db94f3f2,608082,608347,33984,-1344,0,6,0,1,1,1,1,8764,607859,0x0068db8bac71,140737488355327,-140737488355328,-42,265,265
6,1172,9425,1173,201000.000000,200000.000000,0x0068db8bac71,8,4,0x0068db94f4cc,608300,608560,33316,-1340,0,6,0,1,1,1,1,8764,608082,0x0068db8bac71,140737488355327,-140737488355328,-42,260,260
6,1173,9433,1174,201000.000000,200000.000000,0x0068db8bac71,8,4,0x0068db94f5a1,611073,611840,98180,64196,0,6,0,1,1,1,1,8764,608300,0x0068db8bac71,140737488355327,-140737488355328,2006,767,767
6,1174,9441,1175,201000.000000,200000.000000,0x0068db8bac71,8,4,0x0068db950271,613840,614601,97508,64192,0,6,0,1,1,1,1,8764,611073,0x0068db8bac71,140737488355327,-140737488355328,2006,761,761
6,1175,9449,1176,201000.000000,200000.000000,0x0068db8bac71,8,4,0x0068db950d3a,614554,615310,96836,-1344,0,6,0,1,1,1,1,8764,613840,0x0068db8bac71,140737488355327,-140737488355328,-42,756,756
6,1176,9457,1177,201000.000000,200000.000000,0x0068db8bac71,8,4,0x0068db950fff,615263,616014,96168,-1340,0,6,0,1,1,1,1,8763,614554,0x0068db8bac71,140737488355327,-140737488355328,-42,751,751
6,1177,9465,1178,201000.000000,200000.000000,0x0068db8bac71,8,4,0x0068db9512bf,615967,616713,95496,-1340,0,6,0,1,1,1,1,8763,615263,0x0068db8bac71,140737488355327,-140737488355328,-42,746,746
6,1178,9473,1179,201000.000000,200000.000000,0x0068db8bac71,8,4,0x0068db95157a,616665,617405,94824,-1344,0,6,0,1,1,1,1,8762,615967,0x0068db8bac71,140737488355327,-140737488355328,-42,740,740
6,1179,9481,1180,201000.000000,200000.000000,0x0068db8bac71,8,4,0x0068db95182e,617358,618093,94156,-1340,0,6,0,1,1,1,1,8764,616665,0x0068db8bac71,140737488355327,-140737488355328,-42,735,735
6,1180,9489,1181,201000.000000,200000.000000,0x0068db8bac71,8,4,0x0068db951ade,618046,618776,93484,-1340,0,6,0,1,1,1,1,8763,617358,0x0068db8bac71,140737488355327,-140737488355328,-42,730,730
6,1181,9497,1182,201000.000000,200000.000000,0x0068db8bac71,8,4,0x0068db951d89,618729,619454,92812,-1344,0,6,0,1,1,1,1,8763,618046,0x0068db8bac71,140737488355327,-140737488355328,-42,725,725
6,1182,9505,1183,201000.000000,200000.000000,0x0068db8bac71,8,4,0x0068db95202f,619406,620125,92140,-1344,0,6,0,1,1,1,1,8762,618729,0x0068db8bac71,140737488355327,-140737488355328,-42,719,719
6,1183,9513,1184,201000.000000,200000.000000,0x0068db8bac71,8,4,0x0068db9522ce,620078,620792,91468,-1344,0,6,0,1,1,1,1,8763,619406,0x0068db8bac71,140737488355327,-140737488355328,-42,714,714
6,1184,9521,1185,201000.000000,200000.000000,0x0068db8bac71,8,4,0x0068db952569,620745,621454,90800,-1340,0,6,0,1,1,1,1,8763,620078,0x0068db8bac71,140737488355327,-140737488355328,-42,709,709
6,1185,9529,1186,201000.000000,200000.000000,0x0068db8bac71,8,4,0x0068db9527ff,621407,622111,90128,-1340,0,6,0,1,1,1,1,8763,620745,0x0068db8bac71,140737488355327,-140737488355328,-42,704,704
6,1186,9537,1187,201000.000000,200000.000000,0x0068db8bac71,8,4,0x0068db952a90,622063,622761,89456,-1344,0,6,0,1,1,1,1,8763,621407,0x0068db8bac71,140737488355327,-140737488355328,-42,698,698
6,1187,9545,1188,201000.000000,200000.000000,0x0068db8bac71,8,4,0x0068db952d1a,622714,623407,88784,-1344,0,6,0,1,1,1,1,8763,622063,0x0068db8bac71,140737488355327,-140737488355328,-42,693,693
6,1188,9553,1189,201000.000000,200000.000000,0x0068db8bac71,8,4,0x0068db952fa0,623360,624048,88116,-1340,0,6,0,1,1,1,1,8763,622714,0x0068db8bac71,140737488355327,-140737488355328,-42,688,688
6,1189,9561,1190,201000.000000,200000.000000,0x0068db8bac71,8,4,0x0068db953221,624001,624684,87444,-1340,0,6,0,1,1,1,1,8762,623360,0x0068db8bac71,140737488355327,-140737488355328,-42,683,683
6,1190,9569,1191,201000.000000,200000.000000,0x0068db8bac71,8,4,0x0068db95349d,624636,625313,86772,-1344,0,6,0,1,1,1,1,8762,624001,0x0068db8bac71,140737488355327,-140737488355328,-42,677,677
6,1191,9577,1192,201000.000000,200000.000000,0x0068db8bac71,8,4,0x0068db953712,625266,625938,86100,-1344,0,6,0,1,1,1,1,8762,624636,0x0068db8bac71,140737488355327,-140737488355328,-42,672,672
6,1192,9585,1193,201000.000000,200000.000000,0x0068db8bac71,8,4,0x0068db953983,625891,626558,85428,-1344,0,6,0,1,1,1,1,8761,625266,0x0068db8bac71,140737488355327,-140737488355328,-42,667,667
6,1193,9593,1194,201000.000000,200000.000000,0x0068db8bac71,8,4,0x0068db953bef,626511,627173,84760,-1340,0,6,0,1,1,1,1,8762,625891,0x0068db8bac71,140737488355327,-140737488355328,-42,662,662
6,1194,9601,1195,201000.000000,200000.000000,0x0068db8bac71,8,4,0x0068db953e56,627125,627781,84088,-1340,0,6,0,1,1,1,1,8762,626511,0x0068db8bac71,140737488355327,-140737488355328,-42,656,656
6,1195,9609,1196,201000.000000,200000.000000,0x0068db8bac71,8,4,0x0068db9540b6,627734,628385,83416,-1344,0,6,0,1,1,1,1,8762,627125,0x0068db8bac71,140737488355327,-140737488355328,-42,651,651
6,1196,9617,1197,201000.000000,200000.000000,0x0068db8bac71,8,4,0x0068db954312,628338,628984,82744,-1344,0,6,0,1,1,1,1,8761,627734,0x0068db8bac71,140737488355327,-140737488355328,-42,646,646
6,1197,9625,1198,201000.000000,200000.000000,0x0068db8bac71,8,4,0x0068db954569,628937,629578,82072,-1344,0,6,0,1,1,1,1,8761,628338,0x0068db8bac71,140737488355327,-140737488355328,-42,641,641
6,1198,9633,1199,201000.000000,200000.000000,0x0068db8bac71,8,4,0x0068db9547bb,629530,630165,81400,-1344,0,6,0,1,1,1,1,8761,628937,0x0068db8bac71,140737488355327,-140737488355328,-42,635,635
6,1199,9641,1200,201000.000000,200000.000000,0x0068db8bac71,8,4,0x0068db954a06,630118,630748,80728,-1344,0,6,0,1,1,1,1,8760,629530,0x0068db8bac71,140737488355327,-140737488355328,-42,630,630
6,1200,9649,1201,201000.000000,200000.000000,0x0068db8bac71,8,4,0x0068db954c4d,630701,631326,80060,-1340,0,6,0,1,1,1,1,8761,630118,0x0068db8bac71,140737488355327,-140737488355328,-42,625,625
6,1201,9657,1202,201000.000000,200000.000000,0x0068db8bac71,8,4,0x0068db954e8f,631279,631899,79384,-1344,0,6,0,1,1,1,1,8760,630701,0x0068db8bac71,140737488355327,-140737488355328,-42,620,620
6,1202,9665,1203,201000.000000,200000.000000,0x0068db8bac71,8,4,0x0068db9550cc,631851,632465,78716,-1344,0,6,0,1,1,1,1,8761,631279,0x0068db8bac71,140737488355327,-140737488355328,-42,614,614
6,1203,9673,1204,201000.000000,200000.000000,0x0068db8bac71,8,4,0x0068db955302,632418,633027,78044,-1340,0,6,0,1,1,1,1,8759,631851,0x0068db8bac71,140737488355327,-140737488355328,-42,609,609
6,1204,9681,1205,201000.000000,200000.000000,0x0068db8bac71,8,4,0x0068db955534,632980,633584,77372,-1344,0,6,0,1,1,1,1,8760,632418,0x0068db8bac71,140737488355327,-140737488355328,-42,604,604
6,1205,9689,1206,201000.000000,200000.000000,0x0068db8bac71,8,4,0x0068db955761,633537,634136,76704,-1340,0,6,0,1,1,1,1,8760,632980,0x0068db8bac71,140737488355327,-140737488355328,-42,599,599
6,1206,9697,1207,201000.000000,200000.000000,0x0068db8bac71,8,4,0x0068db955989,634089,634683,76032,-1340,0,6,0,1,1,1,1,8760,633537,0x0068db8bac71,140737488355327,-140737488355328,-42,594,594
6,1207,9705,1208,201000.000000,200000.000000,0x0068db8bac71,8,4,0x0068db955bac,634635,635223,75360,-1344,0,6,0,1,1,1,1,8760,634089,0x0068db8bac71,140737488355327,-140737488355328,-42,588,588
6,1208,9713,1209,201000.000000,200000.000000,0x0068db8bac71,8,4,0x0068db955dc8,635176,635759,74688,-1344,0,6,0,1,1,1,1,8760,634635,0x0068db8bac71,140737488355327,-140737488355328,-42,583,583
6,1209,9721,1210,201000.000000,200000.000000,0x0068db8bac71,8,4,0x0068db955fe0,635712,636290,74016,-1344,0,6,0,1,1,1,1,8758,635176,0x0068db8bac71,140737488355327,-140737488355328,-42,578,578
6,1210,9729,1211,201000.000000,200000.000000,0x0068db8bac71,8,4,0x0068db9561f3,636243,636816,73348,-1340,0,6,0,1,1,1,1,8759,635712,0x0068db8bac71,140737488355327,-140737488355328,-42,573,573
6,1211,9737,1212,201000.000000,200000.000000,0x0068db8bac71,8,4,0x0068db956401,636768,637335,72676,-1340,0,6,0,1,1,1,1,8759,636243,0x0068db8bac71,140737488355327,-140737488355328,-42,567,567
6,1212,9745,1213,201000.000000,200000.000000,0x0068db8bac71,8,4,0x0068db956608,637288,637850,72004,-1344,0,6,0,1,1,1,1,8759,636768,0x0068db8bac71,140737488355327,-140737488355328,-42,562,562
6,1213,9753,1214,201000.000000,200000.000000,0x0068db8bac71,8,4,0x0068db95680b,637803,638360,71332,-1344,0,6,0,1,1,1,1,8760,637288,0x0068db8bac71,140737488355327,-140737488355328,-42,557,557
6,1214,9761,1215,201000.000000,200000.000000,0x0068db8bac71,8,4,0x0068db956a09,638313,638865,70660,-1344,0,6,0,1,1,1,1,8760,637803,0x0068db8bac71,140737488355327,-140737488355328,-42,552,552
6,1215,9769,1216,201000.000000,200000.000000,0x0068db8bac71,8,4,0x0068db956c02,638817,639363,69992,-1340,0,6,0,1,1,1,1,8760,638313,0x0068db8bac71,140737488355327,-140737488355328,-42,546,546
6,1216,9777,1217,201000.000000,200000.000000,0x0068db8bac71,8,4,0x0068db956df4,639316,639857,69320,-1340,0,6,0,1,1,1,1,8761,638817,0x0068db8bac71,140737488355327,-140737488355328,-42,541,541
6,1217,9785,1218,201000.000000,200000.000000,0x0068db8bac71,8,4,0x0068db956fe2,639810,640346,68648,-1344,0,6,0,1,1,1,1,8761,639316,0x0068db8bac71,140737488355327,-140737488355328,-42,536,536
6,1218,9793,1219,201000.000000,200000.000000,0x0068db8bac71,8,4,0x0068db9571cb,640299,640830,67976,-1344,0,6,0,1,1,1,1,8760,639810,0x0068db8bac71,140737488355327,-140737488355328,-42,531,531
6,1219,9801,1220,201000.000000,200000.000000,0x0068db8bac71,8,4,0x0068db9573af,640782,641307,67304,-1344,0,6,0,1,1,1,1,8760,640299,0x0068db8bac71,140737488355327,-140737488355328,-42,525,525
6,1220,9809,1221,201000.000000,200000.000000,0x0068db8bac71,8,4,0x0068db95758c,641260,641780,66632,-1344,0,6,0,1,1,1,1,8761,640782,0x0068db8bac71,140737488355327,-140737488355328,-42,520,520
6,1221,9817,1222,201000.000000,200000.000000,0x0068db8bac71,8,4,0x0068db957765,641733,642248,65964,-1340,0,6,0,1,1,1,1,8762,641260,0x0068db8bac71,140737488355327,-140737488355328,-42,515,515
6,1222,9825,1223,201000.000000,200000.000000,0x0068db8bac71,8,4,0x0068db957939,642201,642711,65288,-1344,0,6,0,1,1,1,1,8762,641733,0x0068db8bac71,140737488355327,-140737488355328,-42,510,510
6,1223,9833,1224,201000.000000,200000.000000,0x0068db8bac71,8,4,0x0068db957b08,642663,643167,64620,-1344,0,6,0,1,1,1,1,8760,642201,0x0068db8bac71,140737488355327,-140737488355328,-42,504,504
6,1224,9841,1225,201000.000000,200000.000000,0x0068db8bac71,8,4,0x0068db957cd0,643120,643619,63948,-1340,0,6,0,1,1,1,1,8762,642663,0x0068db8bac71,140737488355327,-140737488355328,-42,499,499
6,1225,9849,1226,201000.000000,200000.000000,0x0068db8bac71,8,4,0x0068db957e94,643572,644066,63276,-1344,0,6,0,1,1,1,1,8762,643120,0x0068db8bac71,140737488355327,-140737488355328,-42,494,494
6,1226,9857,1227,201000.000000,200000.000000,0x0068db8bac71,8,4,0x0068db958053,644019,644508,62604,-1344,0,6,0,1,1,1,1,8762,643572,0x0068db8bac71,140737488355327,-140737488355328,-42,489,489
6,1227,9865,1228,201000.000000,200000.000000,0x0068db8bac71,8,4,0x0068db95820d,644460,644943,61932,-1344,0,6,0,1,1,1,1,8762,644019,0x0068db8bac71,140737488355327,-140737488355328,-42,483,483
6,1228,9873,1229,201000.000000,200000.000000,0x0068db8bac71,8,4,0x0068db9583c0,644896,645374,61264,-1340,0,6,0,1,1,1,1,8762,644460,0x0068db8bac71,140737488355327,-140737488355328,-42,478,478
6,1229,9881,1230,201000.000000,200000.000000,0x0068db8bac71,8,4,0x0068db95856f,645327,645800,60592,-1340,0,6,0,1,1,1,1,8762,644896,0x0068db8bac71,140737488355327,-140737488355328,-42,473,473
6,1230,9889,1231,201000.000000,200000.000000,0x0068db8bac71,8,4,0x0068db958719,645753,646221,59920,-1344,0,6,0,1,1,1,1,8762,645327,0x0068db8bac71,140737488355327,-140737488355328,-42,468,468
6,1231,9897,1232,201000.000000,200000.000000,0x0068db8bac71,8,4,0x0068db9588be,646173,646635,59248,-1344,0,6,0,1,1,1,1,8763,645753,0x0068db8bac71,140737488355327,-140737488355328,-42,462,462
6,1232,9905,1233,201000.000000,200000.000000,0x0068db8bac71,8,4,0x0068db958a5c,646588,647045,58576,-1344,0,6,0,1,1,1,1,8762,646173,0x0068db8bac71,140737488355327,-140737488355328,-42,457,457
6,1233,9913,1234,201000.000000,200000.000000,0x0068db8bac71,8,4,0x0068db958bf6,646998,647450,57904,-1344,0,6,0,1,1,1,1,8763,646588,0x0068db8bac71,140737488355327,-140737488355328,-42,452,452
6,1234,9921,1235,201000.000000,200000.000000,0x0068db8bac71,8,4,0x0068db958d8b,647403,647850,57236,-1340,0,6,0,1,1,1,1,8762,646998,0x0068db8bac71,140737488355327,-140737488355328,-42,447,447
6,1235,9929,1236,201000.000000,200000.000000,0x0068db8bac71,8,4,0x0068db958f1b,647802,648243,56564,-1340,0,6,0,1,1,1,1,8763,647403,0x0068db8bac71,140737488355327,-140737488355328,-42,441,441
6,1236,9937,1237,201000.000000,200000.000000,0x0068db8bac71,8,4,0x0068db9590a4,648196,648632,55892,-1344,0,6,0,1,1,1,1,8762,647802,0x0068db8bac71,140737488355327,-140737488355328,-42,436,436
6,1237,9945,1238,201000.000000,200000.000000,0x0068db8bac71,8,4,0x0068db959229,648585,649016,55220,-1344,0,6,0,1,1,1,1,8762,648196,0x0068db8bac71,140737488355327,-140737488355328,-42,431,431
6,1238,9953,1239,201000.000000,200000.000000,0x0068db8bac71,8,4,0x0068db9593a9,648969,649395,54552,-1340,0,6,0,1,1,1,1,8762,648585,0x0068db8bac71,140737488355327,-140737488355328,-42,426,426
6,1239,9961,1240,201000.000000,200000.000000,0x0068db8bac71,8,4,0x0068db959524,649347,649767,53880,-1340,0,6,0,1,1,1,1,8762,648969,0x0068db8bac71,140737488355327,-140737488355328,-42,420,420
6,1240,9969,1241,201000.000000,200000.000000,0x0068db8bac71,8,4,0x0068db959698,649720,650135,53208,-1344,0,6,0,1,1,1,1,8763,649347,0x0068db8bac71,140737488355327,-140737488355328,-42,415,415
6,1241,9977,1242,201000.000000,200000.000000,0x0068db8bac71,8,4,0x0068db959808,650088,650498,52540,-1340,0,6,0,1,1,1,1,8763,649720,0x0068db8bac71,140737488355327,-140737488355328,-42,410,410
6,1242,9985,1243,201000.000000,200000.000000,0x0068db8bac71,8,4,0x0068db959973,650451,650856,51868,-1340,0,6,0,1,1,1,1,8763,650088,0x0068db8bac71,140737488355327,-140737488355328,-42,405,405
6,1243,9993,1244,201000.000000,200000.000000,0x0068db8bac71,8,4,0x0068db959ad9,650808,651207,51196,-1344,0,6,0,1,1,1,1,8764,650451,0x0068db8bac71,140737488355327,-140737488355328,-42,399,399
6,1244,10001,1245,201000.000000,200000.000000,0x0068db8bac71,8,4,0x0068db959c38,651160,651554,50524,-1344,0,6,0,1,1,1,1,8764,650808,0x0068db8bac71,140737488355327,-140737488355328,-42,394,394
6,1245,10009,1246,201000.000000,200000.000000,0x0068db8bac71,8,4,0x0068db959d93,651507,651896,49856,-1340,0,6,0,1,1,1,1,8764,651160,0x0068db8bac71,140737488355327,-140737488355328,-42,389,389
6,1246,10017,1247,201000.000000,200000.000000,0x0068db8bac71,8,4,0x0068db959ee9,651849,652233,49184,-1340,0,6,0,1,1,1,1,8764,651507,0x0068db8bac71,140737488355327,-140737488355328,-42,384,384
6,1247,10025,1248,201000.000000,200000.000000,0x0068db8bac71,8,4,0x0068db95a03a,652186,652565,48512,-1344,0,6,0,1,1,1,1,8764,651849,0x0068db8bac71,140737488355327,-140737488355328,-42,379,379
6,1248,10033,1249,201000.000000,200000.000000,0x0068db8bac71,8,4,0x0068db95a186,652517,652890,47840,-1344,0,6,0,1,1,1,1,8764,652186,0x0068db8bac71,140737488355327,-140737488355328,-42,373,373
6,1249,10041,1250,201000.000000,200000.000000,0x0068db8bac71,8,4,0x0068db95a2cb,652843,653211,47168,-1344,0,6,0,1,1,1,1,8764,652517,0x0068db8bac71,140737488355327,-140737488355328,-42,368,368
6,1250,10049,1251,201000.000000,200000.000000,0x0068db8bac71,8,4,0x0068db95a40c,653164,653527,46500,-1340,0,6,0,1,1,1,1,8764,652843,0x0068db8bac71,140737488355327,-140737488355328,-42,363,363
6,1251,10057,1252,201000.000000,200000.000000,0x0068db8bac71,8,4,0x0068db95a548,653480,653838,45828,-1340,0,6,0,1,1,1,1,8765,653164,0x0068db8bac71,140737488355327,-140737488355328,-42,358,358
6,1252,10065,1253,201000.000000,200000.000000,0x0068db8bac71,8,4,0x0068db95a67f,653790,654142,45156,-1344,0,6,0,1,1,1,1,8764,653480,0x0068db8bac71,140737488355327,-140737488355328,-42,352,352
6,1253,10073,1254,201000.000000,200000.000000,0x0068db8bac71,8,4,0x0068db95a7af,654095,654442,44484,-1344,0,6,0,1,1,1,1,8765,653790,0x0068db8bac71,140737488355327,-140737488355328,-42,347,347
6,1254,10081,1255,201000.000000,200000.000000,0x0068db8bac71,8,4,0x0068db95a8db,654395,654737,43816,-1340,0,6,0,1,1,1,1,8764,654095,0x0068db8bac71,140737488355327,-140737488355328,-42,342,342
6,1255,10089,1256,201000.000000,200000.000000,0x0068db8bac71,8,4,0x0068db95aa02,654690,655027,43144,-1340,0,6,0,1,1,1,1,8766,654395,0x0068db8bac71,140737488355327,-140737488355328,-42,337,337
6,1256,10097,1257,201000.000000,200000.000000,0x0068db8bac71,8,4,0x0068db95ab24,654979,655310,42472,-1344,0,6,0,1,1,1,1,8765,654690,0x0068db8bac71,140737488355327,-140737488355328,-42,331,331
6,1257,10105,1258,201000.000000,200000.000000,0x0068db8bac71,8,4,0x0068db95ac3f,655263,655589,41800,-1344,0,6,0,1,1,1,1,8765,654979,0x0068db8bac71,140737488355327,-140737488355328,-42,326,326
6,1258,10113,1259,201000.000000,200000.000000,0x0068db8bac71,8,4,0x0068db95ad56,655542,655863,41132,-1340,0,6,0,1,1,1,1,8765,655263,0x0068db8bac71,140737488355327,-140737488355328,-42,321,321
6,1259,10121,1260,201000.000000,200000.000000,0x0068db8bac71,8,4,0x0068db95ae68,655816,656132,40460,-1340,0,6,0,1,1,1,1,8765,655542,0x0068db8bac71,140737488355327,-140737488355328,-42,316,316
6,1260,10129,1261,201000.000000,200000.000000,0x0068db8bac71,8,4,0x0068db95af75,656084,656394,39792,-1340,0,6,0,1,1,1,1,8765,655816,0x0068db8bac71,140737488355327,-140737488355328,-42,310,310
6,1261,10137,1262,201000.000000,200000.000000,0x0068db8bac71,8,4,0x0068db95b07b,656347,656652,39120,-1340,0,6,0,1,1,1,1,8765,656084,0x0068db8bac71,140737488355327,-140737488355328,-42,305,305
6,1262,10145,1263,201000.000000,200000.000000,0x0068db8bac71,8,4,0x0068db95b17d,656605,656905,38448,-1344,0,6,0,1,1,1,1,8765,656347,0x0068db8bac71,140737488355327,-140737488355328,-42,300,300
6,1263,10153,1264,201000.000000,200000.000000,0x0068db8bac71,8,4,0x0068db95b27a,656858,657153,37776,-1344,0,6,0,1,1,1,1,8765,656605,0x0068db8bac71,140737488355327,-140737488355328,-42,295,295
6,1264,10161,1265,201000.000000,200000.000000,0x0068db8bac71,8,4,0x0068db95b372,657105,657394,37104,-1344,0,6,0,1,1,1,1,8766,656858,0x0068db8bac71,140737488355327,-140737488355328,-42,289,289
6,1265,10169,1266,201000.000000,200000.000000,0x0068db8bac71,8,4,0x0068db95b463,657347,657631,36432,-1344,0,6,0,1,1,1,1,8765,657105,0x0068db8bac71,140737488355327,-140737488355328,-42,284,284
6,1266,10177,1267,201000.000000,200000.000000,0x0068db8bac71,8,4,0x0068db95b550,657584,657863,35764,-1340,0,6,0,1,1,1,1,8765,657347,0x0068db8bac71,140737488355327,-140737488355328,-42,279,279
6,1267,10185,1268,201000.000000,200000.000000,0x0068db8bac71,8,4,0x0068db95b638,657816,658090,35092,-1340,0,6,0,1,1,1,1,8765,657584,0x0068db8bac71,140737488355327,-140737488355328,-42,274,274
6,1268,10193,1269,201000.000000,200000.000000,0x0068db8bac71,8,4,0x0068db95b71b,658042,658310,34420,-1344,0,6,0,1,1,1,1,8764,657816,0x0068db8bac71,140737488355327,-140737488355328,-42,268,268
6,1269,10201,1270,201000.000000,200000.000000,0x0068db8bac71,8,4,0x0068db95b7f7,658263,658526,33752,-1340,0,6,0,1,1,1,1,8764,658042,0x0068db8bac71,140737488355327,-140737488355328,-42,263,263
6,1270,10209,1271,201000.000000,200000.000000,0x0068db8bac71,8,4,0x0068db95b8cf,658479,658737,33080,-1340,0,6,0,1,1,1,1,8764,658263,0x0068db8bac71,140737488355327,-140737488355328,-42,258,258
6,1271,10217,1272,201000.000000,200000.000000,0x0068db8bac71,8,4,0x0068db95b9a2,661250,662015,97944,64192,0,6,0,1,1,1,1,8763,658479,0x0068db8bac71,140737488355327,-140737488355328,2006,765,765
6,1272,10225,1273,201000.000000,200000.000000,0x0068db8bac71,8,4,0x0068db95c670,664015,664774,97272,64192,0,6,0,1,1,1,1,8763,661250,0x0068db8bac71,140737488355327,-140737488355328,2006,759,759
6,1273,10233,1274,201000.000000,200000.000000,0x0068db8bac71,8,4,0x0068db95d137,664727,665481,96600,-1344,0,6,0,1,1,1,1,8764,664015,0x0068db8bac71,140737488355327,-140737488355328,-42,754,754
6,1274,10241,1275,201000.000000,200000.000000,0x0068db8bac71,8,4,0x0068db95d3fa,665434,666183,95932,-1340,0,6,0,1,1,1,1,8764,664727,0x0068db8bac71,140737488355327,-140737488355328,-42,749,749
6,1275,10249,1276,201000.000000,200000.000000,0x0068db8bac71,8,4,0x0068db95d6b8,666136,666880,95260,-1340,0,6,0,1,1,1,1,8763,665434,0x0068db8bac71,140737488355327,-140737488355328,-42,744,744
6,1276,10257,1277,201000.000000,200000.000000,0x0068db8bac71,8,4,0x0068db95d971,666832,667570,94588,-1344,0,6,0,1,1,1,1,8763,666136,0x0068db8bac71,140737488355327,-140737488355328,-42,738,738
6,1277,10265,1278,201000.000000,200000.000000,0x0068db8bac71,8,4,0x0068db95dc23,667523,668256,93920,-1340,0,6,0,1,1,1,1,8763,666832,0x0068db8bac71,140737488355327,-140737488355328,-42,733,733
6,1278,10273,1279,201000.000000,200000.000000,0x0068db8bac71,8,4,0x0068db95ded1,668209,668937,93248,-1340,0,6,0,1,1,1,1,8762,667523,0x0068db8bac71,140737488355327,-140737488355328,-42,728,728
6,1279,10281,1280,201000.000000,200000.000000,0x0068db8bac71,8,4,0x0068db95e17a,668890,669613,92576,-1344,0,6,0,1,1,1,1,8762,668209,0x0068db8bac71,140737488355327,-140737488355328,-42,723,723
6,1280,10289,1281,201000.000000,200000.000000,0x0068db8bac71,8,4,0x0068db95e41e,669566,670284,91904,-1344,0,6,0,1,1,1,1,8763,668890,0x0068db8bac71,140737488355327,-140737488355328,-42,718,718
6,1281,10297,1282,201000.000000,200000.000000,0x0068db8bac71,8,4,0x0068db95e6bd,670236,670948,91232,-1344,0,6,0,1,1,1,1,8762,669566,0x0068db8bac71,140737488355327,-140737488355328,-42,712,712
6,1282,10305,1283,201000.000000,200000.000000,0x0068db8bac71,8,4,0x0068db95e955,670901,671608,90564,-1340,0,6,0,1,1,1,1,8763,670236,0x0068db8bac71,140737488355327,-140737488355328,-42,707,707
6,1283,10313,1284,201000.000000,200000.000000,0x0068db8bac71,8,4,0x0068db95ebe9,671561,672263,89892,-1340,0,6,0,1,1,1,1,8763,670901,0x0068db8bac71,140737488355327,-140737488355328,-42,702,702
6,1284,10321,1285,201000.000000,200000.000000,0x0068db8bac71,8,4,0x0068db95ee78,672216,672913,89220,-1344,0,6,0,1,1,1,1,8762,671561,0x0068db8bac71,140737488355327,-140737488355328,-42,697,697
6,1285,10329,1286,201000.000000,200000.000000,0x0068db8bac71,8,4,0x0068db95f102,672865,673556,88552,-1340,0,6,0,1,1,1,1,8762,672216,0x0068db8bac71,140737488355327,-140737488355328,-42,691,691
6,1286,10337,1287,201000.000000,200000.000000,0x0068db8bac71,8,4,0x0068db95f385,673509,674195,87880,-1340,0,6,0,1,1,1,1,8762,672865,0x0068db8bac71,140737488355327,-140737488355328,-42,686,686
6,1287,10345,1288,201000.000000,200000.000000,0x0068db8bac71,8,4,0x0068db95f604,674148,674829,87208,-1344,0,6,0,1,1,1,1,8762,673509,0x0068db8bac71,140737488355327,-140737488355328,-42,681,681
6,1288,10353,1289,201000.000000,200000.000000,0x0068db8bac71,8,4,0x0068db95f87e,674782,675458,86536,-1344,0,6,0,1,1,1,1,8762,674148,0x0068db8bac71,140737488355327,-140737488355328,-42,676,676
6,1289,10361,1290,201000.000000,200000.000000,0x0068db8bac71,8,4,0x0068db95faf3,675410,676080,85864,-1344,0,6,0,1,1,1,1,8762,674782,0x0068db8bac71,140737488355327,-140737488355328,-42,670,670
6,1290,10369,1291,201000.000000,200000.000000,0x0068db8bac71,8,4,0x0068db95fd61,676033,676698,85192,-1344,0,6,0,1,1,1,1,8761,675410,0x0068db8bac71,140737488355327,-140737488355328,-42,665,665
6,1291,10377,1292,201000.000000,200000.000000,0x0068db8bac71,8,4,0x0068db95ffcb,676651,677311,84524,-1340,0,6,0,1,1,1,1,8762,676033,0x0068db8bac71,140737488355327,-140737488355328,-42,660,660
6,1292,10385,1293,201000.000000,200000.000000,0x0068db8bac71,8,4,0x0068db960230,677264,677919,83852,-1340,0,6,0,1,1,1,1,8761,676651,0x0068db8bac71,140737488355327,-140737488355328,-42,655,655
6,1293,10393,1294,201000.000000,200000.000000,0x0068db8bac71,8,4,0x0068db960490,677871,678520,83180,-1344,0,6,0,1,1,1,1,8761,677264,0x0068db8bac71,140737488355327,-140737488355328,-42,649,649
6,1294,10401,1295,201000.000000,200000.000000,0x0068db8bac71,8,4,0x0068db9606e9,678473,679117,82508,-1344,0,6,0,1,1,1,1,8761,677871,0x0068db8bac71,140737488355327,-140737488355328,-42,644,644
6,1295,10409,1296,201000.000000,200000.000000,0x0068db8bac71,8,4,0x0068db96093e,679070,679709,81836,-1344,0,6,0,1,1,1,1,8762,678473,0x0068db8bac71,140737488355327,-140737488355328,-42,639,639
6,1296,10417,1297,201000.000000,200000.000000,0x0068db8bac71,8,4,0x0068db960b8e,679662,680296,81164,-1344,0,6,0,1,1,1,1,8761,679070,0x0068db8bac71,140737488355327,-140737488355328,-42,634,634
6,1297,10425,1298,201000.000000,200000.000000,0x0068db8bac71,8,4,0x0068db960dd9,680248,680876,80492,-1344,0,6,0,1,1,1,1,8761,679662,0x0068db8bac71,140737488355327,-140737488355328,-42,628,628
6,1298,10433,1299,201000.000000,200000.000000,0x0068db8bac71,8,4,0x0068db96101d,680829,681452,79824,-1340,0,6,0,1,1,1,1,8761,680248,0x0068db8bac71,140737488355327,-140737488355328,-42,623,623
6,1299,10441,1300,201000.000000,200000.000000,0x0068db8bac71,8,4,0x0068db96125d,681405,682023,79152,-1340,0,6,0,1,1,1,1,8760,680829,0x0068db8bac71,140737488355327,-140737488355328,-42,618,618
6,1300,10449,1301,201000.000000,200000.000000,0x0068db8bac71,8,4,0x0068db961498,681976,682589,78480,-1344,0,6,0,1,1,1,1,8761,681405,0x0068db8bac71,140737488355327,-140737488355328,-42,613,613
6,1301,10457,1302,201000.000000,200000.000000,0x0068db8bac71,8,4,0x0068db9616ce,682541,683148,77808,-1344,0,6,0,1,1,1,1,8761,681976,0x0068db8bac71,140737488355327,-140737488355328,-42,607,607
6,1302,10465,1303,201000.000000,200000.000000,0x0068db8bac71,8,4,0x0068db9618fd,683101,683703,77136,-1344,0,6,0,1,1,1,1,8760,682541,0x0068db8bac71,140737488355327,-140737488355328,-42,602,602
6,1303,10473,1304,201000.000000,200000.000000,0x0068db8bac71,8,4,0x0068db961b28,683656,684253,76468,-1340,0,6,0,1,1,1,1,8759,683101,0x0068db8bac71,140737488355327,-140737488355328,-42,597,597
6,1304,10481,1305,201000.000000,200000.000000,0x0068db8bac71,8,4,0x0068db961d4e,684206,684798,75792,-1344,0,6,0,1,1,1,1,8760,683656,0x0068db8bac71,140737488355327,-140737488355328,-42,592,592
6,1305,10489,1306,201000.000000,200000.000000,0x0068db8bac71,8,4,0x0068db961f6f,684750,685336,75124,-1344,0,6,0,1,1,1,1,8759,684206,0x0068db8bac71,140737488355327,-140737488355328,-42,586,586
6,1306,10497,1307,201000.000000,200000.000000,0x0068db8bac71,8,4,0x0068db962189,685289,685870,74452,-1340,0,6,0,1,1,1,1,8760,684750,0x0068db8bac71,140737488355327,-140737488355328,-42,581,581
6,1307,10505,1308,201000.000000,200000.000000,0x0068db8bac71,8,4,0x0068db96239f,685823,686399,73780,-1344,0,6,0,1,1,1,1,8759,685289,0x0068db8bac71,140737488355327,-140737488355328,-42,576,576
6,1308,10513,1309,201000.000000,200000.000000,0x0068db8bac71,8,4,0x0068db9625b0,686352,686923,73108,-1344,0,6,0,1,1,1,1,8759,685823,0x0068db8bac71,140737488355327,-140737488355328,-42,571,571
6,1309,10521,1310,201000.000000,200000.000000,0x0068db8bac71,8,4,0x0068db9627bc,686875,687440,72440,-1340,0,6,0,1,1,1,1,8760,686352,0x0068db8bac71,140737488355327,-140737488355328,-42,565,565
6,1310,10529,1311,201000.000000,200000.000000,0x0068db8bac71,8,4,0x0068db9629c1,687393,687953,71768,-1340,0,6,0,1,1,1,1,8760,686875,0x0068db8bac71,140737488355327,-140737488355328,-42,560,560
6,1311,10537,1312,201000.000000,200000.000000,0x0068db8bac71,8,4,0x0068db962bc2,687906,688461,71096,-1344,0,6,0,1,1,1,1,8760,687393,0x0068db8bac71,140737488355327,-140737488355328,-42,555,555
6,1312,10545,1313,201000.000000,200000.000000,0x0068db8bac71,8,4,0x0068db962dbe,688414,688964,70424,-1344,0,6,0,1,1,1,1,8759,687906,0x0068db8bac71,140737488355327,-140737488355328,-42,550,550
6,1313,10553,1314,201000.000000,200000.000000,0x0068db8bac71,8,4,0x0068db962fb5,688916,689460,69756,-1340,0,6,0,1,1,1,1,8760,688414,0x0068db8bac71,140737488355327,-140737488355328,-42,544,544
6,1314,10561,1315,201000.000000,200000.000000,0x0068db8bac71,8,4,0x0068db9631a5,689413,689952,69084,-1340,0,6,0,1,1,1,1,8760,688916,0x0068db8bac71,140737488355327,-140737488355328,-42,539,539
6,1315,10569,1316,201000.000000,200000.000000,0x0068db8bac71,8,4,0x0068db963391,689905,690439,68412,-1344,0,6,0,1,1,1,1,8759,689413,0x0068db8bac71,140737488355327,-140737488355328,-42,534,534
6,1316,10577,1317,201000.000000,200000.000000,0x0068db8bac71,8,4,0x0068db963578,690392,690921,67740,-1344,0,6,0,1,1,1,1,8759,689905,0x0068db8bac71,140737488355327,-140737488355328,-42,529,529
6,1317,10585,1318,201000.000000,200000.000000,0x0068db8bac71,8,4,0x0068db96375a,690873,691396,67068,-1344,0,6,0,1,1,1,1,8760,690392,0x0068db8bac71,140737488355327,-140737488355328,-42,523,523
6,1318,10593,1319,201000.000000,200000.000000,0x0068db8bac71,8,4,0x0068db963935,691349,691867,66396,-1344,0,6,0,1,1,1,1,8760,690873,0x0068db8bac71,140737488355327,-140737488355328,-42,518,518
6,1319,10601,1320,201000.000000,200000.000000,0x0068db8bac71,8,4,0x0068db963b0c,691820,692333,65728,-1340,0,6,0,1,1,1,1,8761,691349,0x0068db8bac71,140737488355327,-140737488355328,-42,513,513
6,1320,10609,1321,201000.000000,200000.000000,0x0068db8bac71,8,4,0x0068db963cde,692286,692794,65056,-1340,0,6,0,1,1,1,1,8761,691820,0x0068db8bac71,140737488355327,-140737488355328,-42,508,508
6,1321,10617,1322,201000.000000,200000.000000,0x0068db8bac71,8,4,0x0068db963eab,692747,693250,64384,-1344,0,6,0,1,1,1,1,8760,692286,0x0068db8bac71,140737488355327,-140737488355328,-42,503,503
6,1322,10625,1323,201000.000000,200000.000000,0x0068db8bac71,8,4,0x0068db964073,693202,693699,63712,-1344,0,6,0,1,1,1,1,8761,692747,0x0068db8bac71,140737488355327,-140737488355328,-42,497,497
6,1323,10633,1324,201000.000000,200000.000000,0x0068db8bac71,8,4,0x0068db964234,693652,694144,63040,-1344,0,6,0,1,1,1,1,8762,693202,0x0068db8bac71,140737488355327,-140737488355328,-42,492,492
6,1324,10641,1325,201000.000000,200000.000000,0x0068db8bac71,8,4,0x0068db9643f1,694097,694584,62368,-1344,0,6,0,1,1,1,1,8761,693652,0x0068db8bac71,140737488355327,-140737488355328,-42,487,487
6,1325,10649,1326,201000.000000,200000.000000,0x0068db8bac71,8,4,0x0068db9645a9,694537,695019,61696,-1344,0,6,0,1,1,1,1,8762,694097,0x0068db8bac71,140737488355327,-140737488355328,-42,482,482
6,1326,10657,1327,201000.000000,200000.000000,0x0068db8bac71,8,4,0x0068db96475c,694971,695447,61028,-1340,0,6,0,1,1,1,1,8762,694537,0x0068db8bac71,140737488355327,-140737488355328,-42,476,476
6,1327,10665,1328,201000.000000,200000.000000,0x0068db8bac71,8,4,0x0068db964908,695400,695871,60356,-1340,0,6,0,1,1,1,1,8761,694971,0x0068db8bac71,140737488355327,-140737488355328,-42,471,471
6,1328,10673,1329,201000.000000,200000.000000,0x0068db8bac71,8,4,0x0068db964ab0,695824,696290,59684,-1344,0,6,0,1,1,1,1,8762,695400,0x0068db8bac71,140737488355327,-140737488355328,-42,466,466
6,1329,10681,1330,201000.000000,200000.000000,0x0068db8bac71,8,4,0x0068db964c53,696243,696704,59012,-1344,0,6,0,1,1,1,1,8762,695824,0x0068db8bac71,140737488355327,-140737488355328,-42,461,461
6,1330,10689,1331,201000.000000,200000.000000,0x0068db8bac71,8,4,0x0068db964df1,696656,697111,58344,-1340,0,6,0,1,1,1,1,8762,696243,0x0068db8bac71,140737488355327,-140737488355328,-42,455,455
6,1331,10697,1332,201000.000000,200000.000000,0x0068db8bac71,8,4,0x0068db964f88,697064,697514,57668,-1344,0,6,0,1,1,1,1,8764,696656,0x0068db8bac71,140737488355327,-140737488355328,-42,450,450
6,1332,10705,1333,201000.000000,200000.000000,0x0068db8bac71,8,4,0x0068db96511b,697467,697912,57000,-1344,0,6,0,1,1,1,1,8763,697064,0x0068db8bac71,140737488355327,-140737488355328,-42,445,445
6,1333,10713,1334,201000.000000,200000.000000,0x0068db8bac71,8,4,0x0068db9652a9,697865,698305,56328,-1340,0,6,0,1,1,1,1,8762,697467,0x0068db8bac71,140737488355327,-140737488355328,-42,440,440
6,1334,10721,1335,201000.000000,200000.000000,0x0068db8bac71,8,4,0x0068db965432,698257,698691,55656,-1344,0,6,0,1,1,1,1,8763,697865,0x0068db8bac71,140737488355327,-140737488355328,-42,434,434
6,1335,10729,1336,201000.000000,200000.000000,0x0068db8bac71,8,4,0x0068db9655b4,698644,699073,54984,-1344,0,6,0,1,1,1,1,8763,698257,0x0068db8bac71,140737488355327,-140737488355328,-42,429,429
6,1336,10737,1337,201000.000000,200000.000000,0x0068db8bac71,8,4,0x0068db965732,699026,699450,54316,-1340,0,6,0,1,1,1,1,8763,698644,0x0068db8bac71,140737488355327,-140737488355328,-42,424,424
6,1337,10745,1338,201000.000000,200000.000000,0x0068db8bac71,8,4,0x0068db9658ab,699403,699822,53644,-1340,0,6,0,1,1,1,1,8762,699026,0x0068db8bac71,140737488355327,-140737488355328,-42,419,419
6,1338,10753,1339,201000.000000,200000.000000,0x0068db8bac71,8,4,0x0068db965a1f,699774,700187,52972,-1344,0,6,0,1,1,1,1,8763,699403,0x0068db8bac71,140737488355327,-140737488355328,-42,413,413
6,1339,10761,1340,201000.000000,200000.000000,0x0068db8bac71,8,4,0x0068db965b8c,700140,700548,52300,-1344,0,6,0,1,1,1,1,8763,699774,0x0068db8bac71,140737488355327,-140737488355328,-42,408,408
6,1340,10769,1341,201000.000000,200000.000000,0x0068db8bac71,8,4,0x0068db965cf5,700501,700904,51632,-1340,0,6,0,1,1,1,1,8763,700140,0x0068db8bac71,140737488355327,-140737488355328,-42,403,403
6,1341,10777,1342,201000.000000,200000.000000,0x0068db8bac71,8,4,0x0068db965e59,700857,701255,50960,-1340,0,6,0,1,1,1,1,8764,700501,0x0068db8bac71,140737488355327,-140737488355328,-42,398,398
6,1342,10785,1343,201000.000000,200000.000000,0x0068db8bac71,8,4,0x0068db965fb8,701207,701599,50288,-1344,0,6,0,1,1,1,1,8763,700857,0x0068db8bac71,140737488355327,-140737488355328,-42,392,392
6,1343,10793,1344,201000.000000,200000.000000,0x0068db8bac71,8,4,0x0068db966110,701552,701939,49616,-1344,0,6,0,1,1,1,1,8763,701207,0x0068db8bac71,140737488355327,-140737488355328,-42,387,387
6,1344,10801,1345,201000.000000,200000.000000,0x0068db8bac71,8,4,0x0068db966264,701892,702274,48944,-1344,0,6,0,1,1,1,1,8764,701552,0x0068db8bac71,140737488355327,-140737488355328,-42,382,382
6,1345,10809,1346,201000.000000,200000.000000,0x0068db8bac71,8,4,0x0068db9663b3,702227,702604,48276,-1340,0,6,0,1,1,1,1,8764,701892,0x0068db8bac71,140737488355327,-140737488355328,-42,377,377
6,1346,10817,1347,201000.000000,200000.000000,0x0068db8bac71,8,4,0x0068db9664fd,702556,702927,47604,-1340,0,6,0,1,1,1,1,8764,702227,0x0068db8bac71,140737488355327,-140737488355328,-42,371,371
6,1347,10825,1348,201000.000000,200000.000000,0x0068db8bac71,8,4,0x0068db966640,702880,703246,46932,-1344,0,6,0,1,1,1,1,8764,702556,0x0068db8bac71,140737488355327,-140737488355328,-42,366,366
6,1348,10833,1349,201000.000000,200000.000000,0x0068db8bac71,8,4,0x0068db96677f,703199,703560,46264,-1340,0,6,0,1,1,1,1,8765,702880,0x0068db8bac71,140737488355327,-140737488355328,-42,361,361
6,1349,10841,1350,201000.000000,200000.000000,0x0068db8bac71,8,4,0x0068db9668b9,703513,703869,45592,-1340,0,6,0,1,1,1,1,8765,703199,0x0068db8bac71,140737488355327,-140737488355328,-42,356,356
6,1350,10849,1351,201000.000000,200000.000000,0x0068db8bac71,8,4,0x0068db9669ee,703821,704171,44920,-1344,0,6,0,1,1,1,1,8764,703513,0x0068db8bac71,140737488355327,-140737488355328,-42,350,350
6,1351,10857,1352,201000.000000,200000.000000,0x0068db8bac71,8,4,0x0068db966b1c,704124,704469,44252,-1340,0,6,0,1,1,1,1,8764,703821,0x0068db8bac71,140737488355327,-140737488355328,-42,345,345
6,1352,10865,1353,201000.000000,200000.000000,0x0068db8bac71,8,4,0x0068db966c46,704422,704762,43580,-1340,0,6,0,1,1,1,1,8765,704124,0x0068db8bac71,140737488355327,-140737488355328,-42,340,340
6,1353,10873,1354,201000.000000,200000.000000,0x0068db8bac71,8,4,0x0068db966d6b,704715,705050,42908,-1344,0,6,0,1,1,1,1,8764,704422,0x0068db8bac71,140737488355327,-140737488355328,-42,335,335
6,1354,10881,1355,201000.000000,200000.000000,0x0068db8bac71,8,4,0x0068db966e8b,705003,705333,42240,-1340,0,6,0,1,1,1,1,8765,704715,0x0068db8bac71,140737488355327,-140737488355328,-42,330,330
6,1355,10889,1356,201000.000000,200000.000000,0x0068db8bac71,8,4,0x0068db966fa6,705285,705609,41568,-1340,0,6,0,1,1,1,1,8765,705003,0x0068db8bac71,140737488355327,-140737488355328,-42,324,324
6,1356,10897,1357,201000.000000,200000.000000,0x0068db8bac71,8,4,0x0068db9670ba,705562,705881,40896,-1344,0,6,0,1,1,1,1,8765,705285,0x0068db8bac71,140737488355327,-140737488355328,-42,319,319
6,1357,10905,1358,201000.000000,200000.000000,0x0068db8bac71,8,4,0x0068db9671ca,705834,706148,40224,-1344,0,6,0,1,1,1,1,8764,705562,0x0068db8bac71,140737488355327,-140737488355328,-42,314,314
6,1358,10913,1359,201000.000000,200000.000000,0x0068db8bac71,8,4,0x0068db9672d5,706101,706410,39552,-1344,0,6,0,1,1,1,1,8766,705834,0x0068db8bac71,140737488355327,-140737488355328,-42,309,309
6,1359,10921,1360,201000.000000,200000.000000,0x0068db8bac71,8,4,0x0068db9673db,706362,706665,38884,-1340,0,6,0,1,1,1,1,8765,706101,0x0068db8bac71,140737488355327,-140737488355328,-42,303,303
6,1360,10929,1361,201000.000000,200000.000000,0x0068db8bac71,8,4,0x0068db9674da,706618,706916,38212,-1340,0,6,0,1,1,1,1,8765,706362,0x0068db8bac71,140737488355327,-140737488355328,-42,298,298
6,1361,10937,1362,201000.000000,200000.000000,0x0068db8bac71,8,4,0x0068db9675d5,706869,707162,37540,-1344,0,6,0,1,1,1,1,8765,706618,0x0068db8bac71,140737488355327,-140737488355328,-42,293,293
6,1362,10945,1363,201000.000000,200000.000000,0x0068db8bac71,8,4,0x0068db9676cb,707115,707403,36868,-1344,0,6,0,1,1,1,1,8765,706869,0x0068db8bac71,140737488355327,-140737488355328,-42,288,288
6,1363,10953,1364,201000.000000,200000.000000,0x0068db8bac71,8,4,0x0068db9677bc,707355,707637,36200,-1340,0,6,0,1,1,1,1,8766,707115,0x0068db8bac71,140737488355327,-140737488355328,-42,282,282
6,1364,10961,1365,201000.000000,200000.000000,0x0068db8bac71,8,4,0x0068db9678a6,707590,707867,35528,-1340,0,6,0,1,1,1,1,8765,707355,0x0068db8bac71,140737488355327,-140737488355328,-42,277,277
6,1365,10969,1366,201000.000000,200000.000000,0x0068db8bac71,8,4,0x0068db96798c,707820,708092,34856,-1344,0,6,0,1,1,1,1,8765,707590,0x0068db8bac71,140737488355327,-140737488355328,-42,272,272
6,1366,10977,1367,201000.000000,200000.000000,0x0068db8bac71,8,4,0x0068db967a6d,708045,708312,34188,-1340,0,6,0,1,1,1,1,8765,707820,0x0068db8bac71,140737488355327,-140737488355328,-42,267,267
6,1367,10985,1368,201000.000000,200000.000000,0x0068db8bac71,8,4,0x0068db967b49,708264,708525,33516,-1340,0,6,0,1,1,1,1,8765,708045,0x0068db8bac71,140737488355327,-140737488355328,-42,261,261
6,1368,10993,1369,201000.000000,200000.000000,0x0068db8bac71,8,4,0x0068db967c1e,708478,708734,32844,-1344,0,6,0,1,1,1,1,8764,708264,0x0068db8bac71,140737488355327,-140737488355328,-42,256,256
6,1369,11001,1370,201000.000000,200000.000000,0x0068db8bac71,8,4,0x0068db967cef,711247,712010,97708,64192,0,6,0,1,1,1,1,8764,708478,0x0068db8bac71,140737488355327,-140737488355328,2006,763,763
6,1370,11009,1371,201000.000000,200000.000000,0x0068db8bac71,8,4,0x0068db9689bb,714011,714769,97036,64192,0,6,0,1,1,1,1,8764,711247,0x0068db8bac71,140737488355327,-140737488355328,2006,758,758
6,1371,11017,1372,201000.000000,200000.000000,0x0068db8bac71,8,4,0x0068db969482,714721,715473,96368,-1340,0,6,0,1,1,1,1,8764,714011,0x0068db8bac71,140737488355327,-140737488355328,-42,752,752
6,1372,11025,1373,201000.000000,200000.000000,0x0068db8bac71,8,4,0x0068db969742,715426,716173,95696,-1340,0,6,0,1,1,1,1,8764,714721,0x0068db8bac71,140737488355327,-140737488355328,-42,747,747
6,1373,11033,1374,201000.000000,200000.000000,0x0068db8bac71,8,4,0x0068db9699fe,716126,716868,95024,-1344,0,6,0,1,1,1,1,8764,715426,0x0068db8bac71,140737488355327,-140737488355328,-42,742,742
6,1374,11041,1375,201000.000000,200000.000000,0x0068db8bac71,8,4,0x0068db969cb5,716821,717558,94352,-1344,0,6,0,1,1,1,1,8763,716126,0x0068db8bac71,140737488355327,-140737488355328,-42,737,737
6,1375,11049,1376,201000.000000,200000.000000,0x0068db8bac71,8,4,0x0068db969f67,717510,718241,93680,-1344,0,6,0,1,1,1,1,8763,716821,0x0068db8bac71,140737488355327,-140737488355328,-42,731,731
6,1376,11057,1377,201000.000000,200000.000000,0x0068db8bac71,8,4,0x0068db96a212,718194,718920,93012,-1340,0,6,0,1,1,1,1,8763,717510,0x0068db8bac71,140737488355327,-140737488355328,-42,726,726
6,1377,11065,1378,201000.000000,200000.000000,0x0068db8bac71,8,4,0x0068db96a4b9,718873,719594,92340,-1340,0,6,0,1,1,1,1,8762,718194,0x0068db8bac71,140737488355327,-140737488355328,-42,721,721
6,1378,11073,1379,201000.000000,200000.000000,0x0068db8bac71,8,4,0x0068db96a75b,719547,720263,91668,-1344,0,6,0,1,1,1,1,8763,718873,0x0068db8bac71,140737488355327,-140737488355328,-42,716,716
6,1379,11081,1380,201000.000000,200000.000000,0x0068db8bac71,8,4,0x0068db96a9f8,720215,720925,91000,-1340,0,6,0,1,1,1,1,8762,719547,0x0068db8bac71,140737488355327,-140737488355328,-42,710,710
6,1380,11089,1381,201000.000000,200000.000000,0x0068db8bac71,8,4,0x0068db96ac8e,720878,721583,90328,-1340,0,6,0,1,1,1,1,8762,720215,0x0068db8bac71,140737488355327,-140737488355328,-42,705,705
6,1381,11097,1382,201000.000000,200000.000000,0x0068db8bac71,8,4,0x0068db96af20,721536,722236,89656,-1344,0,6,0,1,1,1,1,8762,720878,0x0068db8bac71,140737488355327,-140737488355328,-42,700,700
6,1382,11105,1383,201000.000000,200000.000000,0x0068db8bac71,8,4,0x0068db96b1ad,722189,722884,88984,-1344,0,6,0,1,1,1,1,8762,721536,0x0068db8bac71,140737488355327,-140737488355328,-42,695,695
6,1383,11113,1384,201000.000000,200000.000000,0x0068db8bac71,8,4,0x0068db96b435,722836,723525,88316,-1340,0,6,0,1,1,1,1,8762,722189,0x0068db8bac71,140737488355327,-140737488355328,-42,689,689
6,1384,11121,1385,201000.000000,200000.000000,0x0068db8bac71,8,4,0x0068db96b6b6,723478,724162,87644,-1340,0,6,0,1,1,1,1,8761,722836,0x0068db8bac71,140737488355327,-140737488355328,-42,684,684
6,1385,11129,1386,201000.000000,200000.000000,0x0068db8bac71,8,4,0x0068db96b933,724115,724794,86972,-1344,0,6,0,1,1,1,1,8762,723478,0x0068db8bac71,140737488355327,-140737488355328,-42,679,679
6,1386,11137,1387,201000.000000,200000.000000,0x0068db8bac71,8,4,0x0068db96bbab,724747,725421,86300,-1344,0,6,0,1,1,1,1,8761,724115,0x0068db8bac71,140737488355327,-140737488355328,-42,674,674
6,1387,11145,1388,201000.000000,200000.000000,0x0068db8bac71,8,4,0x0068db96be1e,725373,726041,85628,-1344,0,6,0,1,1,1,1,8761,724747,0x0068db8bac71,140737488355327,-140737488355328,-42,668,668
6,1388,11153,1389,201000.000000,200000.000000,0x0068db8bac71,8,4,0x0068db96c08a,725994,726657,84960,-1340,0,6,0,1,1,1,1,8761,725373,0x0068db8bac71,140737488355327,-140737488355328,-42,663,663
6,1389,11161,1390,201000.000000,200000.000000,0x0068db8bac71,8,4,0x0068db96c2f2,726610,727268,84288,-1340,0,6,0,1,1,1,1,8761,725994,0x0068db8bac71,140737488355327,-140737488355328,-42,658,658
6,1390,11169,1391,201000.000000,200000.000000,0x0068db8bac71,8,4,0x0068db96c555,727221,727874,83616,-1344,0,6,0,1,1,1,1,8762,726610,0x0068db8bac71,140737488355327,-140737488355328,-42,653,653
6,1391,11177,1392,201000.000000,200000.000000,0x0068db8bac71,8,4,0x0068db96c7b3,727827,728475,82944,-1344,0,6,0,1,1,1,1,8761,727221,0x0068db8bac71,140737488355327,-140737488355328,-42,648,648
6,1392,11185,1393,201000.000000,200000.000000,0x0068db8bac71,8,4,0x0068db96ca0c,728427,729069,82272,-1344,0,6,0,1,1,1,1,8761,727827,0x0068db8bac71,140737488355327,-140737488355328,-42,642,642
6,1393,11193,1394,201000.000000,200000.000000,0x0068db8bac71,8,4,0x0068db96cc5e,729022,729659,81600,-1344,0,6,0,1,1,1,1,8761,728427,0x0068db8bac71,140737488355327,-140737488355328,-42,637,637
6,1394,11201,1395,201000.000000,200000.000000,0x0068db8bac71,8,4,0x0068db96ceac,729612,730244,80928,-1344,0,6,0,1,1,1,1,8761,729022,0x0068db8bac71,140737488355327,-140737488355328,-42,632,632
6,1395,11209,1396,201000.000000,200000.000000,0x0068db8bac71,8,4,0x0068db96d0f5,730197,730824,80260,-1340,0,6,0,1,1,1,1,8761,729612,0x0068db8bac71,140737488355327,-140737488355328,-42,627,627
6,1396,11217,1397,201000.000000,200000.000000,0x0068db8bac71,8,4,0x0068db96d339,730776,731397,79588,-1340,0,6,0,1,1,1,1,8760,730197,0x0068db8bac71,140737488355327,-140737488355328,-42,621,621
6,1397,11225,1398,201000.000000,200000.000000,0x0068db8bac71,8,4,0x0068db96d576,731350,731966,78916,-1344,0,6,0,1,1,1,1,8760,730776,0x0068db8bac71,140737488355327,-140737488355328,-42,616,616
6,1398,11233,1399,201000.000000,200000.000000,0x0068db8bac71,8,4,0x0068db96d7af,731919,732530,78244,-1344,0,6,0,1,1,1,1,8761,731350,0x0068db8bac71,140737488355327,-140737488355328,-42,611,611
6,1399,11241,1400,201000.000000,200000.000000,0x0068db8bac71,8,4,0x0068db96d9e3,732483,733089,77572,-1344,0,6,0,1,1,1,1,8760,731919,0x0068db8bac71,140737488355327,-140737488355328,-42,606,606
6,1400,11249,1401,201000.000000,200000.000000,0x0068db8bac71,8,4,0x0068db96dc12,733041,733641,76900,-1344,0,6,0,1,1,1,1,8760,732483,0x0068db8bac71,140737488355327,-140737488355328,-42,600,600
6,1401,11257,1402,201000.000000,200000.000000,0x0068db8bac71,8,4,0x0068db96de3a,733594,734189,76228,-1344,0,6,0,1,1,1,1,8760,733041,0x0068db8bac71,140737488355327,-140737488355328,-42,595,595
6,1402,11265,1403,201000.000000,200000.000000,0x0068db8bac71,8,4,0x0068db96e05e,734142,734732,75560,-1340,0,6,0,1,1,1,1,8760,733594,0x0068db8bac71,140737488355327,-140737488355328,-42,590,590
6,1403,11273,1404,201000.000000,200000.000000,0x0068db8bac71,8,4,0x0068db96e27d,734685,735270,74888,-1340,0,6,0,1,1,1,1,8761,734142,0x0068db8bac71,140737488355327,-140737488355328,-42,585,585
6,1404,11281,1405,201000.000000,200000.000000,0x0068db8bac71,8,4,0x0068db96e497,735222,735801,74216,-1344,0,6,0,1,1,1,1,8761,734685,0x0068db8bac71,140737488355327,-140737488355328,-42,579,579
6,1405,11289,1406,201000.000000,200000.000000,0x0068db8bac71,8,4,0x0068db96e6aa,735754,736328,73544,-1344,0,6,0,1,1,1,1,8760,735222,0x0068db8bac71,140737488355327,-140737488355328,-42,574,574
6,1406,11297,1407,201000.000000,200000.000000,0x0068db8bac71,8,4,0x0068db96e8b9,736281,736850,72876,-1340,0,6,0,1,1,1,1,8760,735754,0x0068db8bac71,140737488355327,-140737488355328,-42,569,569
6,1407,11305,1408,201000.000000,200000.000000,0x0068db8bac71,8,4,0x0068db96eac3,736803,737367,72204,-1340,0,6,0,1,1,1,1,8760,736281,0x0068db8bac71,140737488355327,-140737488355328,-42,564,564
6,1408,11313,1409,201000.000000,200000.000000,0x0068db8bac71,8,4,0x0068db96ecc8,737319,737877,71532,-1344,0,6,0,1,1,1,1,8760,736803,0x0068db8bac71,140737488355327,-140737488355328,-42,558,558
6,1409,11321,1410,201000.000000,200000.000000,0x0068db8bac71,8,4,0x0068db96eec6,737830,738383,70860,-1344,0,6,0,1,1,1,1,8760,737319,0x0068db8bac71,140737488355327,-140737488355328,-42,553,553
6,1410,11329,1411,201000.000000,200000.000000,0x0068db8bac71,8,4,0x0068db96f0c0,738336,738884,70188,-1344,0,6,0,1,1,1,1,8760,737830,0x0068db8bac71,140737488355327,-140737488355328,-42,548,548
6,1411,11337,1412,201000.000000,200000.000000,0x0068db8bac71,8,4,0x0068db96f2b5,738837,739380,69516,-1344,0,6,0,1,1,1,1,8759,738336,0x0068db8bac71,140737488355327,-140737488355328,-42,543,543
6,1412,11345,1413,201000.000000,200000.000000,0x0068db8bac71,8,4,0x0068db96f4a5,739332,739869,68844,-1344,0,6,0,1,1,1,1,8760,738837,0x0068db8bac71,140737488355327,-140737488355328,-42,537,537
6,1413,11353,1414,201000.000000,200000.000000,0x0068db8bac71,8,4,0x0068db96f68e,739822,740354,68176,-1340,0,6,0,1,1,1,1,8760,739332,0x0068db8bac71,140737488355327,-140737488355328,-42,532,532
6,1414,11361,1415,201000.000000,200000.000000,0x0068db8bac71,8,4,0x0068db96f873,740307,740834,67504,-1340,0,6,0,1,1,1,1,8761,739822,0x0068db8bac71,140737488355327,-140737488355328,-42,527,527
6,1415,11369,1416,201000.000000,200000.000000,0x0068db8bac71,8,4,0x0068db96fa53,740787,741309,66832,-1344,0,6,0,1,1,1,1,8760,740307,0x0068db8bac71,140737488355327,-140737488355328,-42,522,522
6,1416,11377,1417,201000.000000,200000.000000,0x0068db8bac71,8,4,0x0068db96fc2e,741261,741777,66160,-1344,0,6,0,1,1,1,1,8760,740787,0x0068db8bac71,140737488355327,-140737488355328,-42,516,516
6,1417,11385,1418,201000.000000,200000.000000,0x0068db8bac71,8,4,0x0068db96fe02,741730,742241,65492,-1340,0,6,0,1,1,1,1,8759,741261,0x0068db8bac71,140737488355327,-140737488355328,-42,511,511
6,1418,11393,1419,201000.000000,200000.000000,0x0068db8bac71,8,4,0x0068db96ffd2,742194,742700,64820,-1340,0,6,0,1,1,1,1,8760,741730,0x0068db8bac71,140737488355327,-140737488355328,-42,506,506
6,1419,11401,1420,201000.000000,200000.000000,0x0068db8bac71,8,4,0x0068db97019d,742653,743154,64148,-1344,0,6,0,1,1,1,1,8760,742194,0x0068db8bac71,140737488355327,-140737488355328,-42,501,501
6,1420,11409,1421,201000.000000,200000.000000,0x0068db8bac71,8,4,0x0068db970363,743106,743601,63476,-1344,0,6,0,1,1,1,1,8761,742653,0x0068db8bac71,140737488355327,-140737488355328,-42,495,495
6,1421,11417,1422,201000.000000,200000.000000,0x0068db8bac71,8,4,0x0068db970522,743554,744044,62804,-1344,0,6,0,1,1,1,1,8761,743106,0x0068db8bac71,140737488355327,-140737488355328,-42,490,490
6,1422,11425,1423,201000.000000,200000.000000,0x0068db8bac71,8,4,0x0068db9706dd,743997,744482,62132,-1344,0,6,0,1,1,1,1,8761,743554,0x0068db8bac71,140737488355327,-140737488355328,-42,485,485
6,1423,11433,1424,201000.000000,200000.000000,0x0068db8bac71,8,4,0x0068db970893,744435,744915,61464,-1340,0,6,0,1,1,1,1,8761,743997,0x0068db8bac71,140737488355327,-140737488355328,-42,480,480
6,1424,11441,1425,201000.000000,200000.000000,0x0068db8bac71,8,4,0x0068db970a44,744867,745341,60792,-1340,0,6,0,1,1,1,1,8762,744435,0x0068db8bac71,140737488355327,-140737488355328,-42,474,474
6,1425,11449,1426,201000.000000,200000.000000,0x0068db8bac71,8,4,0x0068db970bee,745294,745763,60120,-1344,0,6,0,1,1,1,1,8761,744867,0x0068db8bac71,140737488355327,-140737488355328,-42,469,469
6,1426,11457,1427,201000.000000,200000.000000,0x0068db8bac71,8,4,0x0068db970d94,745716,746180,59448,-1344,0,6,0,1,1,1,1,8762,745294,0x0068db8bac71,140737488355327,-140737488355328,-42,464,464
6,1427,11465,1428,201000.000000,200000.000000,0x0068db8bac71,8,4,0x0068db970f35,746133,746592,58776,-1344,0,6,0,1,1,1,1,8763,745716,0x0068db8bac71,140737488355327,-140737488355328,-42,459,459
6,1428,11473,1429,201000.000000,200000.000000,0x0068db8bac71,8,4,0x0068db9710d1,746544,746997,58104,-1344,0,6,0,1,1,1,1,8763,746133,0x0068db8bac71,140737488355327,-140737488355328,-42,453,453
6,1429,11481,1430,201000.000000,200000.000000,0x0068db8bac71,8,4,0x0068db971266,746950,747398,57436,-1340,0,6,0,1,1,1,1,8764,746544,0x0068db8bac71,140737488355327,-140737488355328,-42,448,448
6,1430,11489,1431,201000.000000,200000.000000,0x0068db8bac71,8,4,0x0068db9713f7,747351,747794,56764,-1340,0,6,0,1,1,1,1,8763,746950,0x0068db8bac71,140737488355327,-140737488355328,-42,443,443
6,1431,11497,1432,201000.000000,200000.000000,0x0068db8bac71,8,4,0x0068db971583,747747,748185,56092,-1344,0,6,0,1,1,1,1,8763,747351,0x0068db8bac71,140737488355327,-140737488355328,-42,438,438
6,1432,11505,1433,201000.000000,200000.000000,0x0068db8bac71,8,4,0x0068db97170a,748137,748569,55420,-1344,0,6,0,1,1,1,1,8764,747747,0x0068db8bac71,140737488355327,-140737488355328,-42,432,432
6,1433,11513,1434,201000.000000,200000.000000,0x0068db8bac71,8,4,0x0068db97188a,748522,748949,54748,-1344,0,6,0,1,1,1,1,8764,748137,0x0068db8bac71,140737488355327,-140737488355328,-42,427,427
6,1434,11521,1435,201000.000000,200000.000000,0x0068db8bac71,8,4,0x0068db971a06,748902,749324,54080,-1340,0,6,0,1,1,1,1,8763,748522,0x0068db8bac71,140737488355327,-140737488355328,-42,422,422
6,1435,11529,1436,201000.000000,200000.000000,0x0068db8bac71,8,4,0x0068db971b7d,749277,749694,53408,-1340,0,6,0,1,1,1,1,8763,748902,0x0068db8bac71,140737488355327,-140737488355328,-42,417,417
6,1436,11537,1437,201000.000000,200000.000000,0x0068db8bac71,8,4,0x0068db971cef,749647,750059,52736,-1344,0,6,0,1,1,1,1,8764,749277,0x0068db8bac71,140737488355327,-140737488355328,-42,412,412
6,1437,11545,1438,201000.000000,200000.000000,0x0068db8bac71,8,4,0x0068db971e5c,750011,750417,52064,-1344,0,6,0,1,1,1,1,8764,749647,0x0068db8bac71,140737488355327,-140737488355328,-42,406,406
6,1438,11553,1439,201000.000000,200000.000000,0x0068db8bac71,8,4,0x0068db971fc2,750370,750771,51396,-1340,0,6,0,1,1,1,1,8764,750011,0x0068db8bac71,140737488355327,-140737488355328,-42,401,401
6,1439,11561,1440,201000.000000,200000.000000,0x0068db8bac71,8,4,0x0068db972124,750724,751120,50724,-1340,0,6,0,1,1,1,1,8764,750370,0x0068db8bac71,140737488355327,-140737488355328,-42,396,396
6,1440,11569,1441,201000.000000,200000.000000,0x0068db8bac71,8,4,0x0068db972281,751073,751464,50052,-1344,0,6,0,1,1,1,1,8764,750724,0x0068db8bac71,140737488355327,-140737488355328,-42,391,391
6,1441,11577,1442,201000.000000,200000.000000,0x0068db8bac71,8,4,0x0068db9723d9,751416,751801,49384,-1340,0,6,0,1,1,1,1,8765,751073,0x0068db8bac71,140737488355327,-140737488355328,-42,385,385
6,1442,11585,1443,201000.000000,200000.000000,0x0068db8bac71,8,4,0x0068db97252a,751754,752134,48712,-1340,0,6,0,1,1,1,1,8764,751416,0x0068db8bac71,140737488355327,-140737488355328,-42,380,380
6,1443,11593,1444,201000.000000,200000.000000,0x0068db8bac71,8,4,0x0068db972677,752087,752462,48040,-1344,0,6,0,1,1,1,1,8765,751754,0x0068db8bac71,140737488355327,-140737488355328,-42,375,375
6,1444,11601,1445,201000.000000,200000.000000,0x0068db8bac71,8,4,0x0068db9727bf,752415,752785,47368,-1344,0,6,0,1,1,1,1,8765,752087,0x0068db8bac71,140737488355327,-140737488355328,-42,370,370
6,1445,11609,1446,201000.000000,200000.000000,0x0068db8bac71,8,4,0x0068db972902,752737,753101,46700,-1340,0,6,0,1,1,1,1,8764,752415,0x0068db8bac71,140737488355327,-140737488355328,-42,364,364
6,1446,11617,1447,201000.000000,200000.000000,0x0068db8bac71,8,4,0x0068db972a3e,753054,753413,46028,-1340,0,6,0,1,1,1,1,8764,752737,0x0068db8bac71,140737488355327,-140737488355328,-42,359,359
6,1447,11625,1448,201000.000000,200000.000000,0x0068db8bac71,8,4,0x0068db972b76,753366,753720,45356,-1344,0,6,0,1,1,1,1,8764,753054,0x0068db8bac71,140737488355327,-140737488355328,-42,354,354
6,1448,11633,1449,201000.000000,200000.000000,0x0068db8bac71,8,4,0x0068db972ca9,753673,754022,44684,-1344,0,6,0,1,1,1,1,8764,753366,0x0068db8bac71,140737488355327,-140737488355328,-42,349,349
6,1449,11641,1450,201000.000000,200000.000000,0x0068db8bac71,8,4,0x0068db972dd7,753974,754317,44012,-1344,0,6,0,1,1,1,1,8765,753673,0x0068db8bac71,140737488355327,-140737488355328,-42,343,343
6,1450,11649,1451,201000.000000,200000.000000,0x0068db8bac71,8,4,0x0068db972efe,754270,754608,43344,-1340,0,6,0,1,1,1,1,8764,753974,0x0068db8bac71,140737488355327,-140737488355328,-42,338,338
6,1451,11657,1452,201000.000000,200000.000000,0x0068db8bac71,8,4,0x0068db973021,754561,754894,42672,-1340,0,6,0,1,1,1,1,8764,754270,0x0068db8bac71,140737488355327,-140737488355328,-42,333,333
6,1452,11665,1453,201000.000000,200000.000000,0x0068db8bac71,8,4,0x0068db97313f,754847,755175,42000,-1344,0,6,0,1,1,1,1,8764,754561,0x0068db8bac71,140737488355327,-140737488355328,-42,328,328
6,1453,11673,1454,201000.000000,200000.000000,0x0068db8bac71,8,4,0x0068db973258,755127,755449,41332,-1340,0,6,0,1,1,1,1,8765,754847,0x0068db8bac71,140737488355327,-140737488355328,-42,322,322
6,1454,11681,1455,201000.000000,200000.000000,0x0068db8bac71,8,4,0x0068db97336a,755402,755719,40660,-1340,0,6,0,1,1,1,1,8764,755127,0x0068db8bac71,140737488355327,-140737488355328,-42,317,317
6,1455,11689,1456,201000.000000,200000.000000,0x0068db8bac71,8,4,0x0068db973478,755672,755984,39988,-1344,0,6,0,1,1,1,1,8764,755402,0x0068db8bac71,140737488355327,-140737488355328,-42,312,312
6,1456,11697,1457,201000.000000,200000.000000,0x0068db8bac71,8,4,0x0068db973581,755937,756244,39316,-1344,0,6,0,1,1,1,1,8765,755672,0x0068db8bac71,140737488355327,-140737488355328,-42,307,307
6,1457,11705,1458,201000.000000,200000.000000,0x0068db8bac71,8,4,0x0068db973685,756196,756497,38648,-1340,0,6,0,1,1,1,1,8766,755937,0x0068db8bac71,140737488355327,-140737488355328,-42,301,301
6,1458,11713,1459,201000.000000,200000.000000,0x0068db8bac71,8,4,0x0068db973782,756450,756746,37976,-1340,0,6,0,1,1,1,1,8765,756196,0x0068db8bac71,140737488355327,-140737488355328,-42,296,296
6,1459,11721,1460,201000.000000,200000.000000,0x0068db8bac71,8,4,0x0068db97387b,756699,756990,37304,-1344,0,6,0,1,1,1,1,8765,756450,0x0068db8bac71,140737488355327,-140737488355328,-42,291,291
6,1460,11729,1461,201000.000000,200000.000000,0x0068db8bac71,8,4,0x0068db97396f,756943,757229,36636,-1340,0,6,0,1,1,1,1,8765,756699,0x0068db8bac71,140737488355327,-140737488355328,-42,286,286
6,1461,11737,1462,201000.000000,200000.000000,0x0068db8bac71,8,4,0x0068db973a5e,757181,757461,35964,-1340,0,6,0,1,1,1,1,8765,756943,0x0068db8bac71,140737488355327,-140737488355328,-42,280,280
6,1462,11745,1463,201000.000000,200000.000000,0x0068db8bac71,8,4,0x0068db973b46,757414,757689,35292,-1344,0,6,0,1,1,1,1,8764,757181,0x0068db8bac71,140737488355327,-140737488355328,-42,275,275
6,1463,11753,1464,201000.000000,200000.000000,0x0068db8bac71,8,4,0x0068db973c2a,757642,757912,34620,-1344,0,6,0,1,1,1,1,8765,757414,0x0068db8bac71,140737488355327,-140737488355328,-42,270,270
6,1464,11761,1465,201000.000000,200000.000000,0x0068db8bac71,8,4,0x0068db973d09,757865,758130,33952,-1340,0,6,0,1,1,1,1,8765,757642,0x0068db8bac71,140737488355327,-140737488355328,-42,265,265
6,1465,11769,1466,201000.000000,200000.000000,0x0068db8bac71,8,4,0x0068db973de3,758083,758343,33280,-1340,0,6,0,1,1,1,1,8765,757865,0x0068db8bac71,140737488355327,-140737488355328,-42,260,260
6,1466,11777,1467,201000.000000,200000.000000,0x0068db8bac71,8,4,0x0068db973eb8,760854,761620,98140,64188,0,6,0,1,1,1,1,8765,758083,0x0068db8bac71,140737488355327,-140737488355328,2005,766,766
6,1467,11785,1468,201000.000000,200000.000000,0x0068db8bac71,8,4,0x0068db974b85,763621,764382,97472,64192,0,6,0,1,1,1,1,8765,760854,0x0068db8bac71,140737488355327,-140737488355328,2006,761,761
6,1468,11793,1469,201000.000000,200000.000000,0x0068db8bac71,8,4,0x0068db97564f,764335,765091,96800,-1340,0,6,0,1,1,1,1,8764,763621,0x0068db8bac71,140737488355327,-140737488355328,-42,756,756
6,1469,11801,1470,201000.000000,200000.000000,0x0068db8bac71,8,4,0x0068db975914,765044,765795,96128,-1344,0,6,0,1,1,1,1,8765,764335,0x0068db8bac71,140737488355327,-140737488355328,-42,751,751
6,1470,11809,1471,201000.000000,200000.000000,0x0068db8bac71,8,4,0x0068db975bd4,765747,766492,95456,-1344,0,6,0,1,1,1,1,8764,765044,0x0068db8bac71,140737488355327,-140737488355328,-42,745,745
6,1471,11817,1472,201000.000000,200000.000000,0x0068db8bac71,8,4,0x0068db975e8d,766445,767185,94788,-1340,0,6,0,1,1,1,1,8763,765747,0x0068db8bac71,140737488355327,-140737488355328,-42,740,740
6,1472,11825,1473,201000.000000,200000.000000,0x0068db8bac71,8,4,0x0068db976142,767138,767873,94116,-1340,0,6,0,1,1,1,1,8764,766445,0x0068db8bac71,140737488355327,-140737488355328,-42,735,735
6,1473,11833,1474,201000.000000,200000.000000,0x0068db8bac71,8,4,0x0068db9763f2,767826,768556,93444,-1344,0,6,0,1,1,1,1,8763,767138,0x0068db8bac71,140737488355327,-140737488355328,-42,730,730
6,1474,11841,1475,201000.000000,200000.000000,0x0068db8bac71,8,4,0x0068db97669d,768508,769232,92772,-1344,0,6,0,1,1,1,1,8763,767826,0x0068db8bac71,140737488355327,-140737488355328,-42,724,724
6,1475,11849,1476,201000.000000,200000.000000,0x0068db8bac71,8,4,0x0068db976941,769185,769904,92104,-1340,0,6,0,1,1,1,1,8763,768508,0x0068db8bac71,140737488355327,-140737488355328,-42,719,719
6,1476,11857,1477,201000.000000,200000.000000,0x0068db8bac71,8,4,0x0068db976be1,769857,770571,91432,-1340,0,6,0,1,1,1,1,8763,769185,0x0068db8bac71,140737488355327,-140737488355328,-42,714,714
6,1477,11865,1478,201000.000000,200000.000000,0x0068db8bac71,8,4,0x0068db976e7c,770524,771233,90760,-1344,0,6,0,1,1,1,1,8761,769857,0x0068db8bac71,140737488355327,-140737488355328,-42,709,709
6,1478,11873,1479,201000.000000,200000.000000,0x0068db8bac71,8,4,0x0068db977112,771185,771888,90088,-1344,0,6,0,1,1,1,1,8762,770524,0x0068db8bac71,140737488355327,-140737488355328,-42,703,703
6,1479,11881,1480,201000.000000,200000.000000,0x0068db8bac71,8,4,0x0068db9773a1,771841,772539,89420,-1340,0,6,0,1,1,1,1,8762,771185,0x0068db8bac71,140737488355327,-140737488355328,-42,698,698
6,1480,11889,1481,201000.000000,200000.000000,0x0068db8bac71,8,4,0x0068db97762c,772492,773185,88748,-1340,0,6,0,1,1,1,1,8762,771841,0x0068db8bac71,140737488355327,-140737488355328,-42,693,693
6,1481,11897,1482,201000.000000,200000.000000,0x0068db8bac71,8,4,0x0068db9778b2,773138,773826,88076,-1344,0,6,0,1,1,1,1,8762,772492,0x0068db8bac71,140737488355327,-140737488355328,-42,688,688
6,1482,11905,1483,201000.000000,200000.000000,0x0068db8bac71,8,4,0x0068db977b33,773778,774460,87404,-1344,0,6,0,1,1,1,1,8761,773138,0x0068db8bac71,140737488355327,-140737488355328,-42,682,682
6,1483,11913,1484,201000.000000,200000.000000,0x0068db8bac71,8,4,0x0068db977dad,774413,775090,86736,-1340,0,6,0,1,1,1,1,8761,773778,0x0068db8bac71,140737488355327,-140737488355328,-42,677,677
6,1484,11921,1485,201000.000000,200000.000000,0x0068db8bac71,8,4,0x0068db978023,775043,775715,86064,-1340,0,6,0,1,1,1,1,8760,774413,0x0068db8bac71,140737488355327,-140737488355328,-42,672,672
6,1485,11929,1486,201000.000000,200000.000000,0x0068db8bac71,8,4,0x0068db978294,775668,776335,85392,-1344,0,6,0,1,1,1,1,8760,775043,0x0068db8bac71,140737488355327,-140737488355328,-42,667,667
6,1486,11937,1487,201000.000000,200000.000000,0x0068db8bac71,8,4,0x0068db978500,776287,776948,84720,-1344,0,6,0,1,1,1,1,8761,775668,0x0068db8bac71,140737488355327,-140737488355328,-42,661,661
6,1487,11945,1488,201000.000000,200000.000000,0x0068db8bac71,8,4,0x0068db978765,776901,777557,84052,-1340,0,6,0,1,1,1,1,8760,776287,0x0068db8bac71,140737488355327,-140737488355328,-42,656,656
6,1488,11953,1489,201000.000000,200000.000000,0x0068db8bac71,8,4,0x0068db9789c6,777510,778161,83380,-1340,0,6,0,1,1,1,1,8761,776901,0x0068db8bac71,140737488355327,-140737488355328,-42,651,651
6,1489,11961,1490,201000.000000,200000.000000,0x0068db8bac71,8,4,0x0068db978c22,778114,778760,82708,-1344,0,6,0,1,1,1,1,8761,777510,0x0068db8bac71,140737488355327,-140737488355328,-42,646,646
6,1490,11969,1491,201000.000000,200000.000000,0x0068db8bac71,8,4,0x0068db978e79,778712,779352,82036,-1344,0,6,0,1,1,1,1,8761,778114,0x0068db8bac71,140737488355327,-140737488355328,-42,640,640
6,1491,11977,1492,201000.000000,200000.000000,0x0068db8bac71,8,4,0x0068db9790c9,779305,779940,81364,-1344,0,6,0,1,1,1,1,8761,778712,0x0068db8bac71,140737488355327,-140737488355328,-42,635,635
6,1492,11985,1493,201000.000000,200000.000000,0x0068db8bac71,8,4,0x0068db979315,779893,780523,80692,-1344,0,6,0,1,1,1,1,8760,779305,0x0068db8bac71,140737488355327,-140737488355328,-42,630,630
6,1493,11993,1494,201000.000000,200000.000000,0x0068db8bac71,8,4,0x0068db97955c,780476,781101,80024,-1340,0,6,0,1,1,1,1,8760,779893,0x0068db8bac71,140737488355327,-140737488355328,-42,625,625
6,1494,12000,1495,201000.000000,200000.000000,0x0068db8bac71,8,4,0x0068db97979e,781053,781672,79352,-1340,0,6,0,1,1,1,1,8760,780476,0x0068db8bac71,140737488355327,-140737488355328,-42,619,619
