name,type,start_time,duration,"data","ack","address","read"
"Async Serial [1]","data",0.09738325,9.5e-06,0xB1,,,
"Async Serial [1]","data",0.09739325,9.5e-06,0x04,,,
"Async Serial [1]","data",0.09740325,9.5e-06,0x00,,,
"Async Serial [1]","data",0.09741325,9.5e-06,0x00,,,
"Async Serial [1]","data",0.09742325,9.5e-06,0xFC,,,
"Async Serial [1]","data",0.09743325,9.5e-06,0xB3,,,
"Async Serial","data",0.09747425,9.5e-06,0xB2,,,
"Async Serial","data",0.0974843125,9.5e-06,0x00,,,
"Async Serial","data",0.0974944375,9.5e-06,0x01,,,
"Async Serial","data",0.0975045625,9.5e-06,0x03,,,
"Async Serial","data",0.0975146875,9.5e-06,0xFC,,,
"Async Serial","data",0.0975248125,9.5e-06,0xB3,,,
"I2C","start",0.136889437,6.25e-08,,,,
"I2C","address",0.136892,2.33125e-05,,true,0x25,false
"I2C","stop",0.13692225,6.25e-08,,,,
"I2C","start",0.136927313,6.25e-08,,,,
"I2C","address",0.136929875,2.325e-05,,true,0x25,false
"I2C","data",0.136958625,2.3125e-05,0x00,true,,
"I2C","start",0.136987375,6.25e-08,,,,
"I2C","address",0.13699,2.325e-05,,true,0x25,true
"I2C","data",0.137023438,2.31875e-05,0xA5,true,,
"I2C","data",0.137048063,2.325e-05,0x03,false,,
"I2C","stop",0.137074312,6.25e-08,,,,
"I2C","start",0.137080188,6.25e-08,,,,
"I2C","address",0.137082813,2.325e-05,,true,0x25,false
"I2C","data",0.1371115,2.31875e-05,0x40,true,,
"I2C","start",0.137140188,6.25e-08,,,,
"I2C","address",0.137142812,2.325e-05,,true,0x25,true
"I2C","data",0.13717625,2.325e-05,0x00,false,,
"I2C","stop",0.1372025,6.25e-08,,,,
"I2C","start",0.13720775,6.25e-08,,,,
"I2C","address",0.137210375,2.325e-05,,true,0x25,false
"I2C","data",0.137239125,2.325e-05,0x00,true,,
"I2C","start",0.13726775,6.25e-08,,,,
"I2C","address",0.137270375,2.325e-05,,true,0x25,true
"I2C","data",0.137303875,2.31875e-05,0xA5,true,,
"I2C","data",0.137328563,2.325e-05,0x03,true,,
"I2C","data",0.137353312,2.325e-05,0x00,true,,
"I2C","data",0.137378063,2.325e-05,0x00,true,,
"I2C","data",0.137402812,2.325e-05,0x28,true,,
"I2C","data",0.1374275,2.325e-05,0xEF,true,,
"I2C","data",0.13745225,2.325e-05,0x5B,true,,
"I2C","data",0.137477,2.325e-05,0x00,true,,
"I2C","data",0.13750175,2.325e-05,0x03,true,,
"I2C","data",0.1375265,2.325e-05,0x00,true,,
"I2C","data",0.137551188,2.33125e-05,0x00,true,,
"I2C","data",0.137575938,2.325e-05,0x00,true,,
"I2C","data",0.137600688,2.325e-05,0x40,true,,
"I2C","data",0.137625438,2.325e-05,0x0D,true,,
"I2C","data",0.137650187,2.325e-05,0x03,true,,
"I2C","data",0.137674938,2.325e-05,0x00,true,,
"I2C","data",0.137699625,2.325e-05,0x01,true,,
"I2C","data",0.137724375,2.325e-05,0x00,true,,
"I2C","data",0.137749125,2.325e-05,0x01,true,,
"I2C","data",0.137773875,2.325e-05,0x00,true,,
"I2C","data",0.137798562,2.33125e-05,0x80,true,,
"I2C","data",0.137823312,2.325e-05,0x8D,true,,
"I2C","data",0.137848063,2.325e-05,0x5B,true,,
"I2C","data",0.137872812,2.325e-05,0x00,true,,
"I2C","data",0.137897562,2.325e-05,0x20,true,,
"I2C","data",0.13792225,2.33125e-05,0xBF,true,,
"I2C","data",0.137947,2.325e-05,0x02,true,,
"I2C","data",0.13797175,2.325e-05,0x00,true,,
"I2C","data",0.1379965,2.325e-05,0x00,true,,
"I2C","data",0.13802125,2.325e-05,0x12,true,,
"I2C","data",0.138045937,2.33125e-05,0x7A,true,,
"I2C","data",0.138070688,2.325e-05,0x00,true,,
"I2C","data",0.138095438,2.325e-05,0x60,true,,
"I2C","data",0.138120187,2.325e-05,0xE3,true,,
"I2C","data",0.138144938,2.325e-05,0x16,true,,
"I2C","data",0.138169687,2.325e-05,0x00,true,,
"I2C","data",0.138194375,2.325e-05,0x30,true,,
"I2C","data",0.138219125,2.325e-05,0x11,true,,
"I2C","data",0.138243875,2.325e-05,0x00,true,,
"I2C","data",0.138268625,2.325e-05,0x00,true,,
"I2C","data",0.138293312,2.325e-05,0xD0,true,,
"I2C","data",0.138318063,2.325e-05,0xEE,true,,
"I2C","data",0.138342812,2.325e-05,0xFF,true,,
"I2C","data",0.138367563,2.325e-05,0xFF,true,,
"I2C","data",0.138392313,2.325e-05,0x20,true,,
"I2C","data",0.138417,2.325e-05,0x03,true,,
"I2C","data",0.13844175,2.325e-05,0xD0,true,,
"I2C","data",0.1384665,2.325e-05,0x07,true,,
"I2C","data",0.13849125,2.325e-05,0x64,true,,
"I2C","data",0.138515937,2.33125e-05,0x00,true,,
"I2C","data",0.138540688,2.325e-05,0xF4,true,,
"I2C","data",0.138565437,2.325e-05,0x01,true,,
"I2C","data",0.138590187,2.325e-05,0x00,true,,
"I2C","data",0.138614875,2.33125e-05,0x00,true,,
"I2C","data",0.138639625,2.325e-05,0x00,true,,
"I2C","data",0.138664375,2.325e-05,0x00,true,,
"I2C","data",0.138689125,2.325e-05,0x00,true,,
"I2C","data",0.138713875,2.325e-05,0x00,true,,
"I2C","data",0.138738562,2.325e-05,0x00,true,,
"I2C","data",0.138763313,2.325e-05,0x00,true,,
"I2C","data",0.138788063,2.325e-05,0x00,true,,
"I2C","data",0.138812812,2.325e-05,0x00,true,,
"I2C","data",0.1388375,2.33125e-05,0x00,true,,
"I2C","data",0.13886225,2.325e-05,0x00,true,,
"I2C","data",0.138887,2.325e-05,0x00,true,,
"I2C","data",0.13891175,2.325e-05,0x00,true,,
"I2C","data",0.1389365,2.325e-05,0x00,true,,
"I2C","data",0.138961187,2.325e-05,0x00,true,,
"I2C","data",0.138985937,2.325e-05,0x00,true,,
"I2C","data",0.139010688,2.325e-05,0x00,true,,
"I2C","data",0.139035437,2.325e-05,0x00,true,,
"I2C","data",0.139060187,2.325e-05,0x00,true,,
"I2C","data",0.139084875,2.325e-05,0x00,true,,
"I2C","data",0.139109625,2.325e-05,0x00,true,,
"I2C","data",0.139134375,2.325e-05,0x00,true,,
"I2C","data",0.139159125,2.325e-05,0x00,true,,
"I2C","data",0.139183813,2.33125e-05,0x00,true,,
"I2C","data",0.139208562,2.325e-05,0x00,true,,
"I2C","data",0.139233313,2.325e-05,0x00,true,,
"I2C","data",0.139258063,2.325e-05,0x00,true,,
"I2C","data",0.13928275,2.325e-05,0x00,true,,
"I2C","data",0.1393075,2.325e-05,0x00,true,,
"I2C","data",0.13933225,2.325e-05,0x00,true,,
"I2C","data",0.139357,2.325e-05,0x00,true,,
"I2C","data",0.139381687,2.325e-05,0x00,true,,
"I2C","data",0.139406438,2.325e-05,0x00,true,,
"I2C","data",0.139431187,2.325e-05,0x00,true,,
"I2C","data",0.139455937,2.325e-05,0x00,true,,
"I2C","data",0.139480625,2.325e-05,0x00,true,,
"I2C","data",0.139505375,2.325e-05,0x00,true,,
"I2C","data",0.139530125,2.325e-05,0x00,true,,
"I2C","data",0.139554875,2.325e-05,0x00,true,,
"I2C","data",0.139579563,2.325e-05,0x00,true,,
"I2C","data",0.139604312,2.325e-05,0x00,true,,
"I2C","data",0.139629063,2.325e-05,0x00,true,,
"I2C","data",0.139653813,2.325e-05,0x00,false,,
"I2C","stop",0.13968,6.25e-08,,,,
"I2C","start",0.139685562,6.25e-08,,,,
"I2C","address",0.139688125,2.325e-05,,true,0x25,false
"I2C","data",0.139716875,2.3125e-05,0x40,true,,
"I2C","start",0.139745625,6.25e-08,,,,
"I2C","address",0.13974825,2.325e-05,,true,0x25,true
"I2C","data",0.139781688,2.3125e-05,0x00,false,,
"I2C","stop",0.139807812,6.25e-08,,,,
"Async Serial [1]","data",0.199420062,9.5e-06,0xB1,,,
"Async Serial [1]","data",0.199430063,9.5e-06,0x04,,,
"Async Serial [1]","data",0.199440062,9.5e-06,0x00,,,
"Async Serial [1]","data",0.199450062,9.5e-06,0x00,,,
"Async Serial [1]","data",0.199460063,9.5e-06,0xFC,,,
"Async Serial [1]","data",0.199470062,9.5e-06,0xB3,,,
"Async Serial","data",0.199514375,9.5e-06,0xB2,,,
"Async Serial","data",0.1995245,9.5e-06,0x00,,,
"Async Serial","data",0.199534625,9.5e-06,0x01,,,
"Async Serial","data",0.199544688,9.5e-06,0x03,,,
"Async Serial","data",0.199554813,9.5e-06,0xFC,,,
"Async Serial","data",0.199564938,9.5e-06,0xB3,,,
"Async Serial [1]","data",0.301456813,9.5e-06,0xB1,,,
"Async Serial [1]","data",0.301466813,9.5e-06,0x04,,,
"Async Serial [1]","data",0.301476813,9.5e-06,0x00,,,
"Async Serial [1]","data",0.301486812,9.5e-06,0x00,,,
"Async Serial [1]","data",0.301496875,9.5e-06,0xFC,,,
"Async Serial [1]","data",0.301506875,9.5e-06,0xB3,,,
"Async Serial","data",0.301549312,9.5e-06,0xB2,,,
"Async Serial","data",0.301559438,9.5e-06,0x00,,,
"Async Serial","data",0.301569562,9.5e-06,0x01,,,
"Async Serial","data",0.301579688,9.5e-06,0x03,,,
"Async Serial","data",0.30158975,9.5e-06,0xFC,,,
"Async Serial","data",0.301599875,9.5e-06,0xB3,,,
"Async Serial [1]","data",0.403493625,9.5e-06,0xB1,,,
"Async Serial [1]","data",0.403503625,9.5e-06,0x04,,,
"Async Serial [1]","data",0.403513625,9.5e-06,0x00,,,
"Async Serial [1]","data",0.403523625,9.5e-06,0x00,,,
"Async Serial [1]","data",0.403533625,9.5e-06,0xFC,,,
"Async Serial [1]","data",0.403543625,9.5e-06,0xB3,,,
"Async Serial","data",0.403590438,9.5e-06,0xB2,,,
"Async Serial","data",0.4036005,9.5e-06,0x00,,,
"Async Serial","data",0.403610625,9.5e-06,0x01,,,
"Async Serial","data",0.403624812,9.5e-06,0x03,,,
"Async Serial","data",0.403634938,9.5e-06,0xFC,,,
"Async Serial","data",0.403645062,9.5e-06,0xB3,,,
"I2C","start",0.437696,6.25e-08,,,,
"I2C","address",0.437698562,2.325e-05,,true,0x25,false
"I2C","stop",0.437728687,6.25e-08,,,,
"I2C","start",0.437733812,6.25e-08,,,,
"I2C","address",0.437736438,2.325e-05,,true,0x25,false
"I2C","data",0.437765125,2.31875e-05,0x00,true,,
"I2C","start",0.437793938,6.25e-08,,,,
"I2C","address",0.4377965,2.33125e-05,,true,0x25,true
"I2C","data",0.437829937,2.31875e-05,0xA5,true,,
"I2C","data",0.437854625,2.325e-05,0x03,false,,
"I2C","stop",0.437880812,6.25e-08,,,,
"I2C","start",0.43788675,6.25e-08,,,,
"I2C","address",0.437889375,2.325e-05,,true,0x25,false
"I2C","data",0.437918062,2.3125e-05,0x40,true,,
"I2C","start",0.437946813,6.25e-08,,,,
"I2C","address",0.437949437,2.325e-05,,true,0x25,true
"I2C","data",0.437982938,2.325e-05,0x00,false,,
"I2C","stop",0.438009125,6.25e-08,,,,
"I2C","start",0.438014313,6.25e-08,,,,
"I2C","address",0.438016875,2.325e-05,,true,0x25,false
"I2C","data",0.438045625,2.3125e-05,0x00,true,,
"I2C","start",0.438074375,6.25e-08,,,,
"I2C","address",0.438077,2.325e-05,,true,0x25,true
"I2C","data",0.438110438,2.3125e-05,0xA5,true,,
"I2C","data",0.438135063,2.325e-05,0x03,true,,
"I2C","data",0.438159813,2.325e-05,0x00,true,,
"I2C","data",0.4381845,2.325e-05,0x00,true,,
"I2C","data",0.43820925,2.325e-05,0x28,true,,
"I2C","data",0.438234,2.325e-05,0xEF,true,,
"I2C","data",0.43825875,2.325e-05,0x5B,true,,
"I2C","data",0.4382835,2.325e-05,0x00,true,,
"I2C","data",0.438308188,2.325e-05,0x03,true,,
"I2C","data",0.438332938,2.325e-05,0x00,true,,
"I2C","data",0.438357687,2.325e-05,0x00,true,,
"I2C","data",0.438382375,2.325e-05,0x00,true,,
"I2C","data",0.438407125,2.325e-05,0x40,true,,
"I2C","data",0.438431875,2.325e-05,0x0D,true,,
"I2C","data",0.438456625,2.325e-05,0x03,true,,
"I2C","data",0.438481312,2.325e-05,0x00,true,,
"I2C","data",0.438506063,2.325e-05,0x01,true,,
"I2C","data",0.438530812,2.325e-05,0x00,true,,
"I2C","data",0.438555562,2.325e-05,0x01,true,,
"I2C","data",0.43858025,2.33125e-05,0x00,true,,
"I2C","data",0.438605,2.325e-05,0x80,true,,
"I2C","data",0.43862975,2.325e-05,0x8D,true,,
"I2C","data",0.4386545,2.325e-05,0x5B,true,,
"I2C","data",0.43867925,2.325e-05,0x00,true,,
"I2C","data",0.438704,2.325e-05,0x20,true,,
"I2C","data",0.438728687,2.325e-05,0xBF,true,,
"I2C","data",0.438753438,2.325e-05,0x02,true,,
"I2C","data",0.438778188,2.325e-05,0x00,true,,
"I2C","data",0.438802937,2.325e-05,0x00,true,,
"I2C","data",0.438827625,2.33125e-05,0x12,true,,
"I2C","data",0.438852375,2.325e-05,0x7A,true,,
"I2C","data",0.438877125,2.325e-05,0x00,true,,
"I2C","data",0.438901875,2.325e-05,0x60,true,,
"I2C","data",0.438926625,2.325e-05,0xE3,true,,
"I2C","data",0.438951375,2.325e-05,0x16,true,,
"I2C","data",0.438976062,2.325e-05,0x00,true,,
"I2C","data",0.439000813,2.325e-05,0x30,true,,
"I2C","data",0.439025563,2.325e-05,0x11,true,,
"I2C","data",0.439050312,2.325e-05,0x00,true,,
"I2C","data",0.439075,2.325e-05,0x00,true,,
"I2C","data",0.43909975,2.325e-05,0xD0,true,,
"I2C","data",0.4391245,2.325e-05,0xEE,true,,
"I2C","data",0.439149187,2.33125e-05,0xFF,true,,
"I2C","data",0.439173938,2.325e-05,0xFF,true,,
"I2C","data",0.439198688,2.325e-05,0x20,true,,
"I2C","data",0.439223437,2.325e-05,0x03,true,,
"I2C","data",0.439248187,2.325e-05,0xD0,true,,
"I2C","data",0.439272875,2.325e-05,0x07,true,,
"I2C","data",0.439297625,2.325e-05,0x64,true,,
"I2C","data",0.439322375,2.325e-05,0x00,true,,
"I2C","data",0.439347125,2.325e-05,0xF4,true,,
"I2C","data",0.439371875,2.325e-05,0x01,true,,
"I2C","data",0.439396562,2.325e-05,0x00,true,,
"I2C","data",0.439421312,2.325e-05,0x00,true,,
"I2C","data",0.439446063,2.325e-05,0x00,true,,
"I2C","data",0.439470812,2.325e-05,0x00,true,,
"I2C","data",0.439495562,2.325e-05,0x00,true,,
"I2C","data",0.43952025,2.325e-05,0x00,true,,
"I2C","data",0.439545,2.325e-05,0x00,true,,
"I2C","data",0.43956975,2.325e-05,0x00,true,,
"I2C","data",0.4395945,2.325e-05,0x00,true,,
"I2C","data",0.439619188,2.33125e-05,0x00,true,,
"I2C","data",0.439643938,2.325e-05,0x00,true,,
"I2C","data",0.439668687,2.325e-05,0x00,true,,
"I2C","data",0.439693438,2.325e-05,0x00,true,,
"I2C","data",0.439718188,2.325e-05,0x00,true,,
"I2C","data",0.439742875,2.325e-05,0x00,true,,
"I2C","data",0.439767625,2.325e-05,0x00,true,,
"I2C","data",0.439792375,2.325e-05,0x00,true,,
"I2C","data",0.439817125,2.325e-05,0x00,true,,
"I2C","data",0.439841812,2.33125e-05,0x00,true,,
"I2C","data",0.439866563,2.325e-05,0x00,true,,
"I2C","data",0.439891313,2.325e-05,0x00,true,,
"I2C","data",0.439916062,2.325e-05,0x00,true,,
"I2C","data",0.439940813,2.325e-05,0x00,true,,
"I2C","data",0.4399655,2.325e-05,0x00,true,,
"I2C","data",0.43999025,2.325e-05,0x00,true,,
"I2C","data",0.440015,2.325e-05,0x00,true,,
"I2C","data",0.44003975,2.325e-05,0x00,true,,
"I2C","data",0.4400645,2.325e-05,0x00,true,,
"I2C","data",0.440089187,2.325e-05,0x00,true,,
"I2C","data",0.440113937,2.325e-05,0x00,true,,
"I2C","data",0.440138688,2.325e-05,0x00,true,,
"I2C","data",0.440163437,2.325e-05,0x00,true,,
"I2C","data",0.440188125,2.325e-05,0x00,true,,
"I2C","data",0.440212875,2.325e-05,0x00,true,,
"I2C","data",0.440237625,2.325e-05,0x00,true,,
"I2C","data",0.440262375,2.325e-05,0x00,true,,
"I2C","data",0.440287125,2.325e-05,0x00,true,,
"I2C","data",0.440311813,2.325e-05,0x00,true,,
"I2C","data",0.440336562,2.325e-05,0x00,true,,
"I2C","data",0.440361312,2.325e-05,0x00,true,,
"I2C","data",0.440386062,2.325e-05,0x00,true,,
"I2C","data",0.44041075,2.325e-05,0x00,true,,
"I2C","data",0.4404355,2.325e-05,0x00,true,,
"I2C","data",0.44046025,2.325e-05,0x00,false,,
"I2C","stop",0.4404865,6.25e-08,,,,
"I2C","start",0.440491875,6.25e-08,,,,
"I2C","address",0.4404945,2.325e-05,,true,0x25,false
"I2C","data",0.440523188,2.3125e-05,0x40,true,,
"I2C","start",0.440551937,6.25e-08,,,,
"I2C","address",0.440554563,2.325e-05,,true,0x25,true
"I2C","data",0.440588125,2.31875e-05,0x00,false,,
"I2C","stop",0.44061425,6.25e-08,,,,
"Async Serial [1]","data",0.51352375,9.5e-06,0xB1,,,
"Async Serial [1]","data",0.51353375,9.5e-06,0x04,,,
"Async Serial [1]","data",0.51354375,9.5e-06,0x00,,,
"Async Serial [1]","data",0.51355375,9.5e-06,0x00,,,
"Async Serial [1]","data",0.51356375,9.5e-06,0xFC,,,
"Async Serial [1]","data",0.51357375,9.5e-06,0xB3,,,
"Async Serial","data",0.513616813,9.5e-06,0xB2,,,
"Async Serial","data",0.513626937,9.5e-06,0x00,,,
"Async Serial","data",0.513637,9.5e-06,0x01,,,
"Async Serial","data",0.513647125,9.5e-06,0x03,,,
"Async Serial","data",0.51365725,9.5e-06,0xFC,,,
"Async Serial","data",0.513667375,9.5e-06,0xB3,,,
"Async Serial [1]","data",0.6155605,9.5e-06,0xB1,,,
"Async Serial [1]","data",0.6155705,9.5e-06,0x04,,,
"Async Serial [1]","data",0.6155805,9.5e-06,0x00,,,
"Async Serial [1]","data",0.6155905,9.5e-06,0x00,,,
"Async Serial [1]","data",0.6156005,9.5e-06,0xFC,,,
"Async Serial [1]","data",0.6156105,9.5e-06,0xB3,,,
"Async Serial","data",0.615652,9.5e-06,0xB2,,,
"Async Serial","data",0.615662125,9.5e-06,0x00,,,
"Async Serial","data",0.61567225,9.5e-06,0x01,,,
"Async Serial","data",0.615682375,9.5e-06,0x03,,,
"Async Serial","data",0.6156925,9.5e-06,0xFC,,,
"Async Serial","data",0.615702625,9.5e-06,0xB3,,,
"Async Serial [1]","data",0.717597313,9.5e-06,0xB1,,,
"Async Serial [1]","data",0.717607312,9.5e-06,0x04,,,
"Async Serial [1]","data",0.717617313,9.5e-06,0x00,,,
"Async Serial [1]","data",0.717627313,9.5e-06,0x00,,,
"Async Serial [1]","data",0.717637312,9.5e-06,0xFC,,,
"Async Serial [1]","data",0.717647313,9.5e-06,0xB3,,,
"Async Serial","data",0.71769325,9.5e-06,0xB2,,,
"Async Serial","data",0.717703375,9.5e-06,0x00,,,
"Async Serial","data",0.7177135,9.5e-06,0x01,,,
"Async Serial","data",0.717723563,9.5e-06,0x03,,,
"Async Serial","data",0.717733687,9.5e-06,0xFC,,,
"Async Serial","data",0.717743812,9.5e-06,0xB3,,,
"I2C","start",0.73851275,6.24999999e-08,,,,
"I2C","address",0.738515375,2.325e-05,,true,0x25,false
"I2C","stop",0.7385455,6.25000001e-08,,,,
"I2C","start",0.738550625,6.25e-08,,,,
"I2C","address",0.73855325,2.325e-05,,true,0x25,false
"I2C","data",0.738581938,2.325e-05,0x00,true,,
"I2C","start",0.738610688,6.24999999e-08,,,,
"I2C","address",0.738613312,2.325e-05,,true,0x25,true
"I2C","data",0.738646812,2.31875e-05,0xA5,true,,
"I2C","data",0.7386715,2.325e-05,0x03,false,,
"I2C","stop",0.73869775,6.24999999e-08,,,,
"I2C","start",0.7387035,6.25e-08,,,,
"I2C","address",0.738706125,2.325e-05,,true,0x25,false
"I2C","data",0.738734812,2.325e-05,0x40,true,,
"I2C","start",0.738763562,6.25000001e-08,,,,
"I2C","address",0.738766188,2.325e-05,,true,0x25,true
"I2C","data",0.738799625,2.31875e-05,0x00,false,,
"I2C","stop",0.73882575,6.25e-08,,,,
"I2C","start",0.738831,6.24999999e-08,,,,
"I2C","address",0.738833625,2.325e-05,,true,0x25,false
"I2C","data",0.738862313,2.31875e-05,0x00,true,,
"I2C","start",0.738891125,6.25e-08,,,,
"I2C","address",0.738893687,2.325e-05,,true,0x25,true
"I2C","data",0.738927125,2.31875e-05,0xA5,true,,
"I2C","data",0.738951812,2.325e-05,0x03,true,,
"I2C","data",0.7389765,2.325e-05,0x00,true,,
"I2C","data",0.73900125,2.325e-05,0x00,true,,
"I2C","data",0.739026,2.325e-05,0x28,true,,
"I2C","data",0.739050688,2.325e-05,0xEF,true,,
"I2C","data",0.739075438,2.325e-05,0x5B,true,,
"I2C","data",0.739100187,2.325e-05,0x00,true,,
"I2C","data",0.739124937,2.325e-05,0x03,true,,
"I2C","data",0.739149625,2.325e-05,0x00,true,,
"I2C","data",0.739174375,2.325e-05,0x00,true,,
"I2C","data",0.739199125,2.325e-05,0x00,true,,
"I2C","data",0.739223875,2.325e-05,0x40,true,,
"I2C","data",0.739248563,2.325e-05,0x0D,true,,
"I2C","data",0.739273312,2.325e-05,0x03,true,,
"I2C","data",0.739298062,2.325e-05,0x00,true,,
"I2C","data",0.739322812,2.31875e-05,0x01,true,,
"I2C","data",0.7393475,2.325e-05,0x00,true,,
"I2C","data",0.73937225,2.325e-05,0x01,true,,
"I2C","data",0.739397,2.325e-05,0x00,true,,
"I2C","data",0.739421688,2.325e-05,0x80,true,,
"I2C","data",0.739446438,2.325e-05,0x8D,true,,
"I2C","data",0.739471187,2.325e-05,0x5B,true,,
"I2C","data",0.739495937,2.325e-05,0x00,true,,
"I2C","data",0.739520625,2.325e-05,0x20,true,,
"I2C","data",0.739545375,2.325e-05,0xBF,true,,
"I2C","data",0.739570125,2.325e-05,0x02,true,,
"I2C","data",0.739594875,2.325e-05,0x00,true,,
"I2C","data",0.739619563,2.325e-05,0x00,true,,
"I2C","data",0.739644312,2.325e-05,0x12,true,,
"I2C","data",0.739669062,2.325e-05,0x7A,true,,
"I2C","data",0.739693812,2.325e-05,0x00,true,,
"I2C","data",0.7397185,2.325e-05,0x60,true,,
"I2C","data",0.73974325,2.325e-05,0xE3,true,,
"I2C","data",0.739768,2.325e-05,0x16,true,,
"I2C","data",0.73979275,2.31875e-05,0x00,true,,
"I2C","data",0.739817437,2.325e-05,0x30,true,,
"I2C","data",0.739842187,2.325e-05,0x11,true,,
"I2C","data",0.739866937,2.325e-05,0x00,true,,
"I2C","data",0.739891625,2.325e-05,0x00,true,,
"I2C","data",0.739916375,2.325e-05,0xD0,true,,
"I2C","data",0.739941125,2.325e-05,0xEE,true,,
"I2C","data",0.739965813,2.325e-05,0xFF,true,,
"I2C","data",0.739990562,2.325e-05,0xFF,true,,
"I2C","data",0.740015312,2.325e-05,0x20,true,,
"I2C","data",0.740040062,2.325e-05,0x03,true,,
"I2C","data",0.74006475,2.325e-05,0xD0,true,,
"I2C","data",0.7400895,2.325e-05,0x07,true,,
"I2C","data",0.74011425,2.325e-05,0x64,true,,
"I2C","data",0.740138938,2.325e-05,0x00,true,,
"I2C","data",0.740163687,2.325e-05,0xF4,true,,
"I2C","data",0.740188437,2.325e-05,0x01,true,,
"I2C","data",0.740213125,2.33125e-05,0x00,true,,
"I2C","data",0.740237875,2.325e-05,0x00,true,,
"I2C","data",0.740262625,2.325e-05,0x00,true,,
"I2C","data",0.740287375,2.325e-05,0x00,true,,
"I2C","data",0.740312063,2.325e-05,0x00,true,,
"I2C","data",0.740336813,2.325e-05,0x00,true,,
"I2C","data",0.740361562,2.325e-05,0x00,true,,
"I2C","data",0.74038625,2.325e-05,0x00,true,,
"I2C","data",0.740411,2.325e-05,0x00,true,,
"I2C","data",0.74043575,2.325e-05,0x00,true,,
"I2C","data",0.740460438,2.325e-05,0x00,true,,
"I2C","data",0.740485188,2.325e-05,0x00,true,,
"I2C","data",0.740509938,2.325e-05,0x00,true,,
"I2C","data",0.740534625,2.33125e-05,0x00,true,,
"I2C","data",0.740559375,2.325e-05,0x00,true,,
"I2C","data",0.740584125,2.325e-05,0x00,true,,
"I2C","data",0.740608875,2.325e-05,0x00,true,,
"I2C","data",0.740633563,2.325e-05,0x00,true,,
"I2C","data",0.740658313,2.325e-05,0x00,true,,
"I2C","data",0.740683063,2.325e-05,0x00,true,,
"I2C","data",0.74070775,2.33125e-05,0x00,true,,
"I2C","data",0.7407325,2.325e-05,0x00,true,,
"I2C","data",0.74075725,2.325e-05,0x00,true,,
"I2C","data",0.740782,2.325e-05,0x00,true,,
"I2C","data",0.740806688,2.325e-05,0x00,true,,
"I2C","data",0.740831438,2.325e-05,0x00,true,,
"I2C","data",0.740856188,2.325e-05,0x00,true,,
"I2C","data",0.740880875,2.325e-05,0x00,true,,
"I2C","data",0.740905625,2.325e-05,0x00,true,,
"I2C","data",0.740930375,2.325e-05,0x00,true,,
"I2C","data",0.740955062,2.325e-05,0x00,true,,
"I2C","data",0.740979813,2.325e-05,0x00,true,,
"I2C","data",0.741004563,2.325e-05,0x00,true,,
"I2C","data",0.741029313,2.325e-05,0x00,true,,
"I2C","data",0.741054,2.325e-05,0x00,true,,
"I2C","data",0.74107875,2.325e-05,0x00,true,,
"I2C","data",0.7411035,2.325e-05,0x00,true,,
"I2C","data",0.741128187,2.325e-05,0x00,true,,
"I2C","data",0.741152937,2.325e-05,0x00,true,,
"I2C","data",0.741177688,2.325e-05,0x00,true,,
"I2C","data",0.741202438,2.325e-05,0x00,true,,
"I2C","data",0.741227125,2.325e-05,0x00,true,,
"I2C","data",0.741251875,2.325e-05,0x00,true,,
"I2C","data",0.741276625,2.325e-05,0x00,false,,
"I2C","stop",0.741302812,6.25e-08,,,,
"I2C","start",0.741307875,6.25e-08,,,,
"I2C","address",0.741310438,2.325e-05,,true,0x25,false
"I2C","data",0.741339125,2.31875e-05,0x40,true,,
"I2C","start",0.741367937,6.25000001e-08,,,,
"I2C","address",0.741370562,2.325e-05,,true,0x25,true
"I2C","data",0.741404,2.325e-05,0x00,false,,
"I2C","stop",0.74143025,6.25e-08,,,,
"Async Serial [1]","data",0.819633063,9.5e-06,0xB1,,,
"Async Serial [1]","data",0.819643062,9.5e-06,0x04,,,
"Async Serial [1]","data",0.819653063,9.5e-06,0x00,,,
"Async Serial [1]","data",0.819663062,9.5e-06,0x00,,,
"Async Serial [1]","data",0.819673125,9.5e-06,0xFC,,,
"Async Serial [1]","data",0.819683125,9.5e-06,0xB3,,,
"Async Serial","data",0.819728937,9.5e-06,0xB2,,,
"Async Serial","data",0.819739062,9.5e-06,0x00,,,
"Async Serial","data",0.819749188,9.5e-06,0x01,,,
"Async Serial","data",0.819759313,9.5e-06,0x03,,,
"Async Serial","data",0.819769375,9.5e-06,0xFC,,,
"Async Serial","data",0.8197795,9.5e-06,0xB3,,,
"Async Serial [1]","data",0.929663187,9.5e-06,0xB1,,,
"Async Serial [1]","data",0.929673188,9.5e-06,0x04,,,
"Async Serial [1]","data",0.929683188,9.5e-06,0x00,,,
"Async Serial [1]","data",0.929693187,9.5e-06,0x00,,,
"Async Serial [1]","data",0.929703188,9.5e-06,0xFC,,,
"Async Serial [1]","data",0.929713187,9.5e-06,0xB3,,,
"Async Serial","data",0.929763688,9.5e-06,0xB2,,,
"Async Serial","data",0.929773812,9.5e-06,0x00,,,
"Async Serial","data",0.929783937,9.5e-06,0x01,,,
"Async Serial","data",0.929794062,9.5e-06,0x03,,,
"Async Serial","data",0.929804188,9.5e-06,0xFC,,,
"Async Serial","data",0.92981425,9.5e-06,0xB3,,,
"Async Serial [1]","data",1.0317,9.5e-06,0xB1,,,
"Async Serial [1]","data",1.03171,9.5e-06,0x04,,,
"Async Serial [1]","data",1.03172,9.5e-06,0x00,,,
"Async Serial [1]","data",1.03173,9.5e-06,0x00,,,
"Async Serial [1]","data",1.03174,9.5e-06,0xFC,,,
"Async Serial [1]","data",1.03175,9.5e-06,0xB3,,,
"Async Serial","data",1.03179625,9.5e-06,0xB2,,,
"Async Serial","data",1.03180637,9.5e-06,0x00,,,
"Async Serial","data",1.0318165,9.5e-06,0x01,,,
"Async Serial","data",1.03182663,9.5e-06,0x03,,,
"Async Serial","data",1.03183675,9.5e-06,0xFC,,,
"Async Serial","data",1.03184688,9.5e-06,0xB3,,,
"I2C","start",1.03932725,6.25000002e-08,,,,
"I2C","address",1.03932987,2.325e-05,,true,0x25,false
"I2C","stop",1.03936012,6.25e-08,,,,
"I2C","start",1.039365,6.25e-08,,,,
"I2C","address",1.03936762,2.325e-05,,true,0x25,false
"I2C","data",1.03939631,2.33125e-05,0x00,true,,
"I2C","start",1.03942512,6.25e-08,,,,
"I2C","address",1.03942769,2.325e-05,,true,0x25,true
"I2C","data",1.03946113,2.31875e-05,0xA5,true,,
"I2C","data",1.03948581,2.325e-05,0x03,false,,
"I2C","stop",1.039512,6.25e-08,,,,
"I2C","start",1.03951794,6.25e-08,,,,
"I2C","address",1.0395205,2.325e-05,,true,0x25,false
"I2C","data",1.03954937,2.3125e-05,0x40,true,,
"I2C","start",1.039578,6.25e-08,,,,
"I2C","address",1.03958062,2.325e-05,,true,0x25,true
"I2C","data",1.03961419,2.31875e-05,0x00,false,,
"I2C","stop",1.03964031,6.25e-08,,,,
"I2C","start",1.03964562,6.25e-08,,,,
"I2C","address",1.03964819,2.325e-05,,true,0x25,false
"I2C","data",1.03967694,2.325e-05,0x00,true,,
"I2C","start",1.03970569,6.25000002e-08,,,,
"I2C","address",1.03970831,2.325e-05,,true,0x25,true
"I2C","data",1.03974175,2.31875e-05,0xA5,true,,
"I2C","data",1.03976637,2.325e-05,0x03,true,,
"I2C","data",1.03979113,2.325e-05,0x00,true,,
"I2C","data",1.03981587,2.325e-05,0x00,true,,
"I2C","data",1.03984063,2.325e-05,0x28,true,,
"I2C","data",1.03986531,2.33125e-05,0xEF,true,,
"I2C","data",1.03989006,2.325e-05,0x5B,true,,
"I2C","data",1.03991481,2.325e-05,0x00,true,,
"I2C","data",1.03993956,2.325e-05,0x03,true,,
"I2C","data",1.03996431,2.325e-05,0x00,true,,
"I2C","data",1.03998906,2.325e-05,0x00,true,,
"I2C","data",1.04001375,2.325e-05,0x00,true,,
"I2C","data",1.0400385,2.325e-05,0x40,true,,
"I2C","data",1.04006325,2.325e-05,0x0D,true,,
"I2C","data",1.040088,2.325e-05,0x03,true,,
"I2C","data",1.04011275,2.325e-05,0x00,true,,
"I2C","data",1.04013744,2.325e-05,0x01,true,,
"I2C","data",1.04016219,2.325e-05,0x00,true,,
"I2C","data",1.04018694,2.325e-05,0x01,true,,
"I2C","data",1.04021169,2.325e-05,0x00,true,,
"I2C","data",1.04023644,2.325e-05,0x80,true,,
"I2C","data",1.04026113,2.33125e-05,0x8D,true,,
"I2C","data",1.04028587,2.325e-05,0x5B,true,,
"I2C","data",1.04031063,2.325e-05,0x00,true,,
"I2C","data",1.04033537,2.325e-05,0x20,true,,
"I2C","data",1.04036006,2.33125e-05,0xBF,true,,
"I2C","data",1.04038481,2.325e-05,0x02,true,,
"I2C","data",1.04040956,2.325e-05,0x00,true,,
"I2C","data",1.04043431,2.325e-05,0x00,true,,
"I2C","data",1.04045906,2.325e-05,0x12,true,,
"I2C","data",1.04048375,2.325e-05,0x7A,true,,
"I2C","data",1.0405085,2.325e-05,0x00,true,,
"I2C","data",1.04053325,2.325e-05,0x60,true,,
"I2C","data",1.040558,2.325e-05,0xE3,true,,
"I2C","data",1.04058275,2.325e-05,0x16,true,,
"I2C","data",1.04060744,2.325e-05,0x00,true,,
"I2C","data",1.04063219,2.325e-05,0x30,true,,
"I2C","data",1.04065694,2.325e-05,0x11,true,,
"I2C","data",1.04068169,2.325e-05,0x00,true,,
"I2C","data",1.04070644,2.325e-05,0x00,true,,
"I2C","data",1.04073112,2.33125e-05,0xD0,true,,
"I2C","data",1.04075588,2.325e-05,0xEE,true,,
"I2C","data",1.04078063,2.325e-05,0xFF,true,,
"I2C","data",1.04080537,2.325e-05,0xFF,true,,
"I2C","data",1.04083013,2.325e-05,0x20,true,,
"I2C","data",1.04085481,2.33125e-05,0x03,true,,
"I2C","data",1.04087956,2.325e-05,0xD0,true,,
"I2C","data",1.04090431,2.325e-05,0x07,true,,
"I2C","data",1.04092906,2.325e-05,0x64,true,,
"I2C","data",1.04095381,2.325e-05,0x00,true,,
"I2C","data",1.0409785,2.33125e-05,0xF4,true,,
"I2C","data",1.04100331,2.325e-05,0x01,true,,
"I2C","data",1.041028,2.325e-05,0x00,true,,
"I2C","data",1.04105275,2.325e-05,0x00,true,,
"I2C","data",1.0410775,2.325e-05,0x00,true,,
"I2C","data",1.04110225,2.325e-05,0x00,true,,
"I2C","data",1.041127,2.325e-05,0x00,true,,
"I2C","data",1.04115169,2.33125e-05,0x00,true,,
"I2C","data",1.04117644,2.325e-05,0x00,true,,
"I2C","data",1.04120119,2.325e-05,0x00,true,,
"I2C","data",1.04122594,2.325e-05,0x00,true,,
"I2C","data",1.04125069,2.325e-05,0x00,true,,
"I2C","data",1.04127544,2.325e-05,0x00,true,,
"I2C","data",1.04130013,2.33125e-05,0x00,true,,
"I2C","data",1.04132487,2.325e-05,0x00,true,,
"I2C","data",1.04134963,2.325e-05,0x00,true,,
"I2C","data",1.04137437,2.325e-05,0x00,true,,
"I2C","data",1.04139913,2.325e-05,0x00,true,,
"I2C","data",1.04142387,2.325e-05,0x00,true,,
"I2C","data",1.04144856,2.33125e-05,0x00,true,,
"I2C","data",1.04147331,2.325e-05,0x00,true,,
"I2C","data",1.04149806,2.325e-05,0x00,true,,
"I2C","data",1.04152281,2.325e-05,0x00,true,,
"I2C","data",1.04154756,2.325e-05,0x00,true,,
"I2C","data",1.04157231,2.325e-05,0x00,true,,
"I2C","data",1.041597,2.33125e-05,0x00,true,,
"I2C","data",1.04162175,2.33125e-05,0x00,true,,
"I2C","data",1.0416465,2.325e-05,0x00,true,,
"I2C","data",1.04167125,2.325e-05,0x00,true,,
"I2C","data",1.041696,2.325e-05,0x00,true,,
"I2C","data",1.04172075,2.325e-05,0x00,true,,
"I2C","data",1.0417455,2.325e-05,0x00,true,,
"I2C","data",1.04177019,2.33125e-05,0x00,true,,
"I2C","data",1.04179494,2.325e-05,0x00,true,,
"I2C","data",1.04181969,2.325e-05,0x00,true,,
"I2C","data",1.04184444,2.325e-05,0x00,true,,
"I2C","data",1.04186919,2.325e-05,0x00,true,,
"I2C","data",1.04189394,2.325e-05,0x00,true,,
"I2C","data",1.04191869,2.325e-05,0x00,true,,
"I2C","data",1.04194338,2.33125e-05,0x00,true,,
"I2C","data",1.04196812,2.33125e-05,0x00,true,,
"I2C","data",1.04199288,2.325e-05,0x00,true,,
"I2C","data",1.04201762,2.325e-05,0x00,true,,
"I2C","data",1.04204238,2.325e-05,0x00,true,,
"I2C","data",1.04206712,2.325e-05,0x00,true,,
"I2C","data",1.04209187,2.325e-05,0x00,false,,
"I2C","stop",1.04211806,6.25e-08,,,,
"I2C","start",1.042123,6.25000002e-08,,,,
"I2C","address",1.04212556,2.33125e-05,,true,0x25,false
"I2C","data",1.04215431,2.3125e-05,0x40,true,,
"I2C","start",1.04218306,6.25e-08,,,,
"I2C","address",1.04218569,2.325e-05,,true,0x25,true
"I2C","data",1.04221919,2.325e-05,0x00,false,,
"I2C","stop",1.04224538,6.25000002e-08,,,,
"Async Serial [1]","data",1.13373675,9.5e-06,0xB1,,,
"Async Serial [1]","data",1.13374675,9.5e-06,0x04,,,
"Async Serial [1]","data",1.13375675,9.5e-06,0x00,,,
"Async Serial [1]","data",1.13376675,9.5e-06,0x00,,,
"Async Serial [1]","data",1.13377675,9.5e-06,0xFC,,,
"Async Serial [1]","data",1.13378675,9.5e-06,0xB3,,,
"Async Serial","data",1.13382719,9.5e-06,0xB2,,,
"Async Serial","data",1.13383731,9.5e-06,0x00,,,
"Async Serial","data",1.13384737,9.5e-06,0x01,,,
"Async Serial","data",1.1338575,9.5e-06,0x03,,,
"Async Serial","data",1.13386762,9.5e-06,0xFC,,,
"Async Serial","data",1.13387775,9.5e-06,0xB3,,,
"Async Serial [1]","data",1.23577356,9.5e-06,0xB1,,,
"Async Serial [1]","data",1.23578356,9.5e-06,0x04,,,
"Async Serial [1]","data",1.23579356,9.5e-06,0x00,,,
"Async Serial [1]","data",1.23580356,9.5e-06,0x00,,,
"Async Serial [1]","data",1.23581356,9.5e-06,0xFC,,,
"Async Serial [1]","data",1.23582356,9.5e-06,0xB3,,,
"Async Serial","data",1.23586687,9.5e-06,0xB2,,,
"Async Serial","data",1.23587694,9.5e-06,0x00,,,
"Async Serial","data",1.23588706,9.5e-06,0x01,,,
"Async Serial","data",1.23589719,9.5e-06,0x03,,,
"Async Serial","data",1.23590731,9.5e-06,0xFC,,,
"Async Serial","data",1.23591744,9.5e-06,0xB3,,,
"I2C","start",1.34015356,6.24999998e-08,,,,
"I2C","address",1.34015619,2.325e-05,,true,0x25,false
"I2C","stop",1.34018625,6.25e-08,,,,
"I2C","start",1.34019144,6.25e-08,,,,
"I2C","address",1.340194,2.325e-05,,true,0x25,false
"I2C","data",1.34022275,2.325e-05,0x00,true,,
"I2C","start",1.3402515,6.25000002e-08,,,,
"I2C","address",1.34025406,2.325e-05,,true,0x25,true
"I2C","data",1.34028762,2.31875e-05,0xA5,true,,
"I2C","data",1.34031231,2.325e-05,0x03,false,,
"I2C","stop",1.3403385,6.24999998e-08,,,,
"I2C","start",1.34034431,6.24999998e-08,,,,
"I2C","address",1.34034688,2.325e-05,,true,0x25,false
"I2C","data",1.34037563,2.325e-05,0x40,true,,
"I2C","start",1.34040438,6.24999998e-08,,,,
"I2C","address",1.340407,2.325e-05,,true,0x25,true
"I2C","data",1.3404405,2.31875e-05,0x00,false,,
"I2C","stop",1.34046669,6.25e-08,,,,
"I2C","start",1.34047194,6.25000002e-08,,,,
"I2C","address",1.34047456,2.325e-05,,true,0x25,false
"I2C","data",1.34050344,2.325e-05,0x00,true,,
"I2C","start",1.340532,6.24999998e-08,,,,
"I2C","address",1.34053463,2.325e-05,,true,0x25,true
"I2C","data",1.34056813,2.325e-05,0xA5,true,,
"I2C","data",1.34059281,2.33125e-05,0x03,true,,
"I2C","data",1.34061756,2.325e-05,0x00,true,,
"I2C","data",1.34064231,2.325e-05,0x00,true,,
"I2C","data",1.34066706,2.325e-05,0x28,true,,
"I2C","data",1.34069175,2.325e-05,0xEF,true,,
"I2C","data",1.3407165,2.325e-05,0x5B,true,,
"I2C","data",1.34074125,2.325e-05,0x00,true,,
"I2C","data",1.34076594,2.325e-05,0x03,true,,
"I2C","data",1.34079069,2.325e-05,0x00,true,,
"I2C","data",1.34081544,2.325e-05,0x00,true,,
"I2C","data",1.34084012,2.325e-05,0x00,true,,
"I2C","data",1.34086488,2.325e-05,0x40,true,,
"I2C","data",1.34088962,2.325e-05,0x0D,true,,
"I2C","data",1.34091431,2.33125e-05,0x03,true,,
"I2C","data",1.34093906,2.325e-05,0x00,true,,
"I2C","data",1.34096381,2.325e-05,0x01,true,,
"I2C","data",1.34098856,2.325e-05,0x00,true,,
"I2C","data",1.34101325,2.325e-05,0x01,true,,
"I2C","data",1.341038,2.325e-05,0x00,true,,
"I2C","data",1.34106275,2.325e-05,0x80,true,,
"I2C","data",1.34108744,2.33125e-05,0x8D,true,,
"I2C","data",1.34111219,2.325e-05,0x5B,true,,
"I2C","data",1.34113694,2.325e-05,0x00,true,,
"I2C","data",1.34116169,2.325e-05,0x20,true,,
"I2C","data",1.34118637,2.325e-05,0xBF,true,,
"I2C","data",1.34121113,2.325e-05,0x02,true,,
"I2C","data",1.34123588,2.325e-05,0x00,true,,
"I2C","data",1.34126056,2.325e-05,0x00,true,,
"I2C","data",1.34128531,2.325e-05,0x12,true,,
"I2C","data",1.34131006,2.325e-05,0x7A,true,,
"I2C","data",1.34133481,2.31875e-05,0x00,true,,
"I2C","data",1.3413595,2.325e-05,0x60,true,,
"I2C","data",1.34138425,2.325e-05,0xE3,true,,
"I2C","data",1.34140894,2.33125e-05,0x16,true,,
"I2C","data",1.34143369,2.325e-05,0x00,true,,
"I2C","data",1.34145844,2.325e-05,0x30,true,,
"I2C","data",1.34148319,2.325e-05,0x11,true,,
"I2C","data",1.34150788,2.325e-05,0x00,true,,
"I2C","data",1.34153262,2.325e-05,0x00,true,,
"I2C","data",1.34155738,2.325e-05,0xD0,true,,
"I2C","data",1.34158206,2.325e-05,0xEE,true,,
"I2C","data",1.34160681,2.325e-05,0xFF,true,,
"I2C","data",1.34163156,2.325e-05,0xFF,true,,
"I2C","data",1.34165631,2.325e-05,0x20,true,,
"I2C","data",1.341681,2.325e-05,0x03,true,,
"I2C","data",1.34170575,2.325e-05,0xD0,true,,
"I2C","data",1.3417305,2.325e-05,0x07,true,,
"I2C","data",1.34175525,2.325e-05,0x64,true,,
"I2C","data",1.34177994,2.325e-05,0x00,true,,
"I2C","data",1.34180469,2.325e-05,0xF4,true,,
"I2C","data",1.34182944,2.325e-05,0x01,true,,
"I2C","data",1.34185413,2.325e-05,0x00,true,,
"I2C","data",1.34187887,2.325e-05,0x00,true,,
"I2C","data",1.34190363,2.325e-05,0x00,true,,
"I2C","data",1.34192837,2.325e-05,0x00,true,,
"I2C","data",1.34195306,2.325e-05,0x00,true,,
"I2C","data",1.34197781,2.325e-05,0x00,true,,
"I2C","data",1.34200256,2.325e-05,0x00,true,,
"I2C","data",1.34202731,2.325e-05,0x00,true,,
"I2C","data",1.342052,2.325e-05,0x00,true,,
"I2C","data",1.34207675,2.325e-05,0x00,true,,
"I2C","data",1.3421015,2.325e-05,0x00,true,,
"I2C","data",1.34212619,2.325e-05,0x00,true,,
"I2C","data",1.34215094,2.325e-05,0x00,true,,
"I2C","data",1.34217569,2.325e-05,0x00,true,,
"I2C","data",1.34220044,2.31875e-05,0x00,true,,
"I2C","data",1.34222512,2.325e-05,0x00,true,,
"I2C","data",1.34224988,2.325e-05,0x00,true,,
"I2C","data",1.34227462,2.325e-05,0x00,true,,
"I2C","data",1.34229931,2.325e-05,0x00,true,,
"I2C","data",1.34232406,2.325e-05,0x00,true,,
"I2C","data",1.34234881,2.325e-05,0x00,true,,
"I2C","data",1.34237356,2.325e-05,0x00,true,,
"I2C","data",1.34239825,2.325e-05,0x00,true,,
"I2C","data",1.342423,2.325e-05,0x00,true,,
"I2C","data",1.34244775,2.325e-05,0x00,true,,
"I2C","data",1.34247244,2.325e-05,0x00,true,,
"I2C","data",1.34249719,2.325e-05,0x00,true,,
"I2C","data",1.34252194,2.325e-05,0x00,true,,
"I2C","data",1.34254669,2.325e-05,0x00,true,,
"I2C","data",1.34257137,2.325e-05,0x00,true,,
"I2C","data",1.34259613,2.325e-05,0x00,true,,
"I2C","data",1.34262087,2.325e-05,0x00,true,,
"I2C","data",1.34264556,2.325e-05,0x00,true,,
"I2C","data",1.34267031,2.325e-05,0x00,true,,
"I2C","data",1.34269506,2.325e-05,0x00,true,,
"I2C","data",1.34271981,2.325e-05,0x00,true,,
"I2C","data",1.3427445,2.325e-05,0x00,true,,
"I2C","data",1.34276925,2.325e-05,0x00,true,,
"I2C","data",1.342794,2.325e-05,0x00,true,,
"I2C","data",1.34281869,2.325e-05,0x00,true,,
"I2C","data",1.34284344,2.325e-05,0x00,true,,
"I2C","data",1.34286819,2.325e-05,0x00,true,,
"I2C","data",1.34289294,2.325e-05,0x00,true,,
"I2C","data",1.34291762,2.325e-05,0x00,false,,
"I2C","stop",1.34294388,6.25000002e-08,,,,
"I2C","start",1.34294888,6.25e-08,,,,
"I2C","address",1.3429515,2.325e-05,,true,0x25,false
"I2C","data",1.34298031,2.31875e-05,0x40,true,,
"I2C","start",1.34300894,6.24999998e-08,,,,
"I2C","address",1.34301156,2.325e-05,,true,0x25,true
"I2C","data",1.34304506,2.325e-05,0x00,false,,
"I2C","stop",1.34307125,6.25e-08,,,,
"Async Serial [1]","data",1.34580363,9.5e-06,0xB1,,,
"Async Serial [1]","data",1.34581362,9.5e-06,0x04,,,
"Async Serial [1]","data",1.34582369,9.5e-06,0x00,,,
"Async Serial [1]","data",1.34583369,9.5e-06,0x00,,,
"Async Serial [1]","data",1.34584369,9.5e-06,0xFC,,,
"Async Serial [1]","data",1.34585369,9.5e-06,0xB3,,,
"Async Serial","data",1.34589656,9.5e-06,0xB2,,,
"Async Serial","data",1.34590669,9.5e-06,0x00,,,
"Async Serial","data",1.34591681,9.5e-06,0x01,,,
"Async Serial","data",1.34592694,9.5e-06,0x03,,,
"Async Serial","data",1.34593706,9.5e-06,0xFC,,,
"Async Serial","data",1.34594719,9.5e-06,0xB3,,,
"Async Serial [1]","data",1.44784044,9.5e-06,0xB1,,,
"Async Serial [1]","data",1.44785044,9.5e-06,0x04,,,
"Async Serial [1]","data",1.44786044,9.5e-06,0x00,,,
"Async Serial [1]","data",1.44787044,9.5e-06,0x00,,,
"Async Serial [1]","data",1.44788044,9.5e-06,0xFC,,,
"Async Serial [1]","data",1.44789044,9.5e-06,0xB3,,,
"Async Serial","data",1.44793181,9.5e-06,0xB2,,,
"Async Serial","data",1.44794194,9.5e-06,0x00,,,
"Async Serial","data",1.44795206,9.5e-06,0x01,,,
"Async Serial","data",1.44796213,9.5e-06,0x03,,,
"Async Serial","data",1.44797225,9.5e-06,0xFC,,,
"Async Serial","data",1.44798238,9.5e-06,0xB3,,,
"Async Serial [1]","data",1.54987725,9.5e-06,0xB1,,,
"Async Serial [1]","data",1.54988725,9.5e-06,0x04,,,
"Async Serial [1]","data",1.54989725,9.5e-06,0x00,,,
"Async Serial [1]","data",1.54990725,9.5e-06,0x00,,,
"Async Serial [1]","data",1.54991725,9.5e-06,0xFC,,,
"Async Serial [1]","data",1.54992725,9.5e-06,0xB3,,,
"Async Serial","data",1.54997475,9.5e-06,0xB2,,,
"Async Serial","data",1.54998488,9.5e-06,0x00,,,
"Async Serial","data",1.549995,9.5e-06,0x01,,,
"Async Serial","data",1.55000512,9.5e-06,0x03,,,
"Async Serial","data",1.55001525,9.5e-06,0xFC,,,
"Async Serial","data",1.55002537,9.5e-06,0xB3,,,
"I2C","start",1.64097362,6.25e-08,,,,
"I2C","address",1.64097619,2.325e-05,,true,0x25,false
"I2C","stop",1.64100631,6.24999998e-08,,,,
"I2C","start",1.64101131,6.25e-08,,,,
"I2C","address",1.64101394,2.325e-05,,true,0x25,false
"I2C","data",1.64104269,2.325e-05,0x00,true,,
"I2C","start",1.64107144,6.25e-08,,,,
"I2C","address",1.641074,2.325e-05,,true,0x25,true
"I2C","data",1.6411075,2.325e-05,0xA5,true,,
"I2C","data",1.64113225,2.325e-05,0x03,false,,
"I2C","stop",1.64115844,6.25e-08,,,,
"I2C","start",1.64116425,6.25e-08,,,,
"I2C","address",1.64116681,2.33125e-05,,true,0x25,false
"I2C","data",1.64119556,2.3125e-05,0x40,true,,
"I2C","start",1.64122419,6.25e-08,,,,
"I2C","address",1.64122681,2.325e-05,,true,0x25,true
"I2C","data",1.64126031,2.325e-05,0x00,false,,
"I2C","stop",1.6412865,6.24999998e-08,,,,
"I2C","start",1.64129181,6.25e-08,,,,
"I2C","address",1.64129437,2.325e-05,,true,0x25,false
"I2C","data",1.64132312,2.325e-05,0x00,true,,
"I2C","start",1.64135188,6.25e-08,,,,
"I2C","address",1.6413545,2.325e-05,,true,0x25,true
"I2C","data",1.64138787,2.31875e-05,0xA5,true,,
"I2C","data",1.64141256,2.325e-05,0x03,true,,
"I2C","data",1.64143731,2.325e-05,0x00,true,,
"I2C","data",1.641462,2.33125e-05,0x00,true,,
"I2C","data",1.64148675,2.325e-05,0x28,true,,
"I2C","data",1.6415115,2.325e-05,0xEF,true,,
"I2C","data",1.64153625,2.325e-05,0x5B,true,,
"I2C","data",1.641561,2.325e-05,0x00,true,,
"I2C","data",1.64158569,2.33125e-05,0x03,true,,
"I2C","data",1.64161044,2.325e-05,0x00,true,,
"I2C","data",1.64163519,2.325e-05,0x00,true,,
"I2C","data",1.64165994,2.325e-05,0x00,true,,
"I2C","data",1.64168469,2.325e-05,0x40,true,,
"I2C","data",1.64170938,2.325e-05,0x0D,true,,
"I2C","data",1.64173412,2.325e-05,0x03,true,,
"I2C","data",1.64175888,2.325e-05,0x00,true,,
"I2C","data",1.64178362,2.325e-05,0x01,true,,
"I2C","data",1.64180831,2.325e-05,0x00,true,,
"I2C","data",1.64183306,2.325e-05,0x01,true,,
"I2C","data",1.64185781,2.325e-05,0x00,true,,
"I2C","data",1.6418825,2.33125e-05,0x80,true,,
"I2C","data",1.64190725,2.325e-05,0x8D,true,,
"I2C","data",1.641932,2.325e-05,0x5B,true,,
"I2C","data",1.64195675,2.325e-05,0x00,true,,
"I2C","data",1.6419815,2.325e-05,0x20,true,,
"I2C","data",1.64200619,2.325e-05,0xBF,true,,
"I2C","data",1.64203094,2.325e-05,0x02,true,,
"I2C","data",1.64205569,2.325e-05,0x00,true,,
"I2C","data",1.64208044,2.325e-05,0x00,true,,
"I2C","data",1.64210513,2.325e-05,0x12,true,,
"I2C","data",1.64212987,2.325e-05,0x7A,true,,
"I2C","data",1.64215463,2.325e-05,0x00,true,,
"I2C","data",1.64217937,2.325e-05,0x60,true,,
"I2C","data",1.64220406,2.325e-05,0xE3,true,,
"I2C","data",1.64222881,2.325e-05,0x16,true,,
"I2C","data",1.64225356,2.325e-05,0x00,true,,
"I2C","data",1.64227831,2.325e-05,0x30,true,,
"I2C","data",1.642303,2.325e-05,0x11,true,,
"I2C","data",1.64232775,2.325e-05,0x00,true,,
"I2C","data",1.6423525,2.325e-05,0x00,true,,
"I2C","data",1.64237725,2.325e-05,0xD0,true,,
"I2C","data",1.64240194,2.33125e-05,0xEE,true,,
"I2C","data",1.64242669,2.325e-05,0xFF,true,,
"I2C","data",1.64245144,2.325e-05,0xFF,true,,
"I2C","data",1.64247619,2.325e-05,0x20,true,,
"I2C","data",1.64250094,2.325e-05,0x03,true,,
"I2C","data",1.64252562,2.325e-05,0xD0,true,,
"I2C","data",1.64255037,2.325e-05,0x07,true,,
"I2C","data",1.64257513,2.325e-05,0x64,true,,
"I2C","data",1.64259987,2.325e-05,0x00,true,,
"I2C","data",1.64262456,2.33125e-05,0xF4,true,,
"I2C","data",1.64264931,2.325e-05,0x01,true,,
"I2C","data",1.64267406,2.325e-05,0x00,true,,
"I2C","data",1.64269881,2.325e-05,0x00,true,,
"I2C","data",1.64272356,2.325e-05,0x00,true,,
"I2C","data",1.64274825,2.325e-05,0x00,true,,
"I2C","data",1.642773,2.325e-05,0x00,true,,
"I2C","data",1.64279775,2.325e-05,0x00,true,,
"I2C","data",1.6428225,2.325e-05,0x00,true,,
"I2C","data",1.64284719,2.325e-05,0x00,true,,
"I2C","data",1.64287194,2.325e-05,0x00,true,,
"I2C","data",1.64289669,2.325e-05,0x00,true,,
"I2C","data",1.64292144,2.325e-05,0x00,true,,
"I2C","data",1.64294612,2.325e-05,0x00,true,,
"I2C","data",1.64297088,2.325e-05,0x00,true,,
"I2C","data",1.64299562,2.325e-05,0x00,true,,
"I2C","data",1.64302038,2.325e-05,0x00,true,,
"I2C","data",1.64304506,2.33125e-05,0x00,true,,
"I2C","data",1.64306981,2.325e-05,0x00,true,,
"I2C","data",1.64309456,2.325e-05,0x00,true,,
"I2C","data",1.64311931,2.325e-05,0x00,true,,
"I2C","data",1.64314406,2.325e-05,0x00,true,,
"I2C","data",1.64316875,2.325e-05,0x00,true,,
"I2C","data",1.6431935,2.325e-05,0x00,true,,
"I2C","data",1.64321825,2.325e-05,0x00,true,,
"I2C","data",1.643243,2.325e-05,0x00,true,,
"I2C","data",1.64326769,2.325e-05,0x00,true,,
"I2C","data",1.64329244,2.325e-05,0x00,true,,
"I2C","data",1.64331719,2.325e-05,0x00,true,,
"I2C","data",1.64334187,2.33125e-05,0x00,true,,
"I2C","data",1.64336663,2.325e-05,0x00,true,,
"I2C","data",1.64339137,2.325e-05,0x00,true,,
"I2C","data",1.64341612,2.325e-05,0x00,true,,
"I2C","data",1.64344088,2.325e-05,0x00,true,,
"I2C","data",1.64346556,2.325e-05,0x00,true,,
"I2C","data",1.64349031,2.325e-05,0x00,true,,
"I2C","data",1.64351506,2.325e-05,0x00,true,,
"I2C","data",1.64353981,2.325e-05,0x00,true,,
"I2C","data",1.6435645,2.325e-05,0x00,true,,
"I2C","data",1.64358925,2.325e-05,0x00,true,,
"I2C","data",1.643614,2.325e-05,0x00,true,,
"I2C","data",1.64363875,2.325e-05,0x00,true,,
"I2C","data",1.64366344,2.325e-05,0x00,true,,
"I2C","data",1.64368819,2.325e-05,0x00,true,,
"I2C","data",1.64371294,2.325e-05,0x00,true,,
"I2C","data",1.64373769,2.325e-05,0x00,false,,
"I2C","stop",1.64376388,6.24999998e-08,,,,
"I2C","start",1.64376931,6.25000002e-08,,,,
"I2C","address",1.64377188,2.325e-05,,true,0x25,false
"I2C","data",1.64380062,2.325e-05,0x40,true,,
"I2C","start",1.64382937,6.25e-08,,,,
"I2C","address",1.643832,2.325e-05,,true,0x25,true
"I2C","data",1.6438655,2.31875e-05,0x00,false,,
"I2C","stop",1.64389169,6.25e-08,,,,
"Async Serial [1]","data",1.651913,9.5e-06,0xB1,,,
"Async Serial [1]","data",1.651923,9.5e-06,0x04,,,
"Async Serial [1]","data",1.651933,9.5e-06,0x00,,,
"Async Serial [1]","data",1.651943,9.5e-06,0x00,,,
"Async Serial [1]","data",1.651953,9.5e-06,0xFC,,,
"Async Serial [1]","data",1.651963,9.5e-06,0xB3,,,
"Async Serial","data",1.65200806,9.5e-06,0xB2,,,
"Async Serial","data",1.65201819,9.5e-06,0x00,,,
"Async Serial","data",1.65202831,9.5e-06,0x01,,,
"Async Serial","data",1.65203844,9.5e-06,0x03,,,
"Async Serial","data",1.65204856,9.5e-06,0xFC,,,
"Async Serial","data",1.65205869,9.5e-06,0xB3,,,
"Async Serial [1]","data",1.76194312,9.5e-06,0xB1,,,
"Async Serial [1]","data",1.76195313,9.5e-06,0x04,,,
"Async Serial [1]","data",1.76196313,9.5e-06,0x00,,,
"Async Serial [1]","data",1.76197312,9.5e-06,0x00,,,
"Async Serial [1]","data",1.76198312,9.5e-06,0xFC,,,
"Async Serial [1]","data",1.76199313,9.5e-06,0xB3,,,
"Async Serial","data",1.762033,9.5e-06,0xB2,,,
"Async Serial","data",1.76204312,9.5e-06,0x00,,,
"Async Serial","data",1.76205325,9.5e-06,0x01,,,
"Async Serial","data",1.76206338,9.5e-06,0x03,,,
"Async Serial","data",1.7620735,9.5e-06,0xFC,,,
"Async Serial","data",1.76208363,9.5e-06,0xB3,,,
"Async Serial [1]","data",1.86397988,9.5e-06,0xB1,,,
"Async Serial [1]","data",1.86398987,9.5e-06,0x04,,,
"Async Serial [1]","data",1.86399994,9.5e-06,0x00,,,
"Async Serial [1]","data",1.86400994,9.5e-06,0x00,,,
"Async Serial [1]","data",1.86401994,9.5e-06,0xFC,,,
"Async Serial [1]","data",1.86402994,9.5e-06,0xB3,,,
"Async Serial","data",1.86407188,9.5e-06,0xB2,,,
"Async Serial","data",1.864082,9.5e-06,0x00,,,
"Async Serial","data",1.86409212,9.5e-06,0x01,,,
"Async Serial","data",1.86410225,9.5e-06,0x03,,,
"Async Serial","data",1.86411237,9.5e-06,0xFC,,,
"Async Serial","data",1.8641225,9.5e-06,0xB3,,,
"I2C","start",1.94181181,6.25e-08,,,,
"I2C","address",1.94181438,2.325e-05,,true,0x25,false
"I2C","stop",1.94184463,6.24999998e-08,,,,
"I2C","start",1.9418495,6.25e-08,,,,
"I2C","address",1.94185213,2.325e-05,,true,0x25,false
"I2C","data",1.94188088,2.325e-05,0x00,true,,
"I2C","start",1.94190963,6.25e-08,,,,
"I2C","address",1.94191219,2.325e-05,,true,0x25,true
"I2C","data",1.94194563,2.31875e-05,0xA5,true,,
"I2C","data",1.94197031,2.325e-05,0x03,false,,
"I2C","stop",1.9419965,6.25e-08,,,,
"I2C","start",1.94200244,6.25e-08,,,,
"I2C","address",1.942005,2.33125e-05,,true,0x25,false
"I2C","data",1.94203375,2.3125e-05,0x40,true,,
"I2C","start",1.9420625,6.25e-08,,,,
"I2C","address",1.94206513,2.325e-05,,true,0x25,true
"I2C","data",1.94209869,2.3125e-05,0x00,false,,
"I2C","stop",1.94212481,6.25e-08,,,,
"I2C","start",1.94213006,6.25000002e-08,,,,
"I2C","address",1.94213269,2.325e-05,,true,0x25,false
"I2C","data",1.94216144,2.325e-05,0x00,true,,
"I2C","start",1.94219006,6.25000002e-08,,,,
"I2C","address",1.94219262,2.325e-05,,true,0x25,true
"I2C","data",1.94222612,2.325e-05,0xA5,true,,
"I2C","data",1.94225088,2.325e-05,0x03,true,,
"I2C","data",1.94227556,2.33125e-05,0x00,true,,
"I2C","data",1.94230031,2.325e-05,0x00,true,,
"I2C","data",1.94232506,2.325e-05,0x28,true,,
"I2C","data",1.94234975,2.33125e-05,0xEF,true,,
"I2C","data",1.9423745,2.325e-05,0x5B,true,,
"I2C","data",1.94239925,2.325e-05,0x00,true,,
"I2C","data",1.942424,2.325e-05,0x03,true,,
"I2C","data",1.94244869,2.325e-05,0x00,true,,
"I2C","data",1.94247344,2.325e-05,0x00,true,,
"I2C","data",1.94249819,2.325e-05,0x00,true,,
"I2C","data",1.94252294,2.325e-05,0x40,true,,
"I2C","data",1.94254763,2.325e-05,0x0D,true,,
"I2C","data",1.94257237,2.325e-05,0x03,true,,
"I2C","data",1.94259713,2.325e-05,0x00,true,,
"I2C","data",1.94262187,2.325e-05,0x01,true,,
"I2C","data",1.94264656,2.325e-05,0x00,true,,
"I2C","data",1.94267131,2.325e-05,0x01,true,,
"I2C","data",1.94269606,2.325e-05,0x00,true,,
"I2C","data",1.94272075,2.33125e-05,0x80,true,,
"I2C","data",1.9427455,2.325e-05,0x8D,true,,
"I2C","data",1.94277025,2.325e-05,0x5B,true,,
"I2C","data",1.942795,2.325e-05,0x00,true,,
"I2C","data",1.94281969,2.33125e-05,0x20,true,,
"I2C","data",1.94284444,2.325e-05,0xBF,true,,
"I2C","data",1.94286919,2.325e-05,0x02,true,,
"I2C","data",1.94289394,2.325e-05,0x00,true,,
"I2C","data",1.94291862,2.325e-05,0x00,true,,
"I2C","data",1.94294338,2.325e-05,0x12,true,,
"I2C","data",1.94296812,2.325e-05,0x7A,true,,
"I2C","data",1.94299288,2.325e-05,0x00,true,,
"I2C","data",1.94301756,2.325e-05,0x60,true,,
"I2C","data",1.94304231,2.325e-05,0xE3,true,,
"I2C","data",1.94306706,2.325e-05,0x16,true,,
"I2C","data",1.94309181,2.325e-05,0x00,true,,
"I2C","data",1.9431165,2.325e-05,0x30,true,,
"I2C","data",1.94314125,2.325e-05,0x11,true,,
"I2C","data",1.943166,2.325e-05,0x00,true,,
"I2C","data",1.94319075,2.325e-05,0x00,true,,
"I2C","data",1.94321544,2.325e-05,0xD0,true,,
"I2C","data",1.94324019,2.325e-05,0xEE,true,,
"I2C","data",1.94326494,2.325e-05,0xFF,true,,
"I2C","data",1.94328963,2.33125e-05,0xFF,true,,
"I2C","data",1.94331437,2.325e-05,0x20,true,,
"I2C","data",1.94333913,2.325e-05,0x03,true,,
"I2C","data",1.94336387,2.325e-05,0xD0,true,,
"I2C","data",1.94338863,2.325e-05,0x07,true,,
"I2C","data",1.94341331,2.325e-05,0x64,true,,
"I2C","data",1.94343806,2.325e-05,0x00,true,,
"I2C","data",1.94346281,2.325e-05,0xF4,true,,
"I2C","data",1.94348756,2.325e-05,0x01,true,,
"I2C","data",1.94351225,2.325e-05,0x00,true,,
"I2C","data",1.943537,2.325e-05,0x00,true,,
"I2C","data",1.94356175,2.325e-05,0x00,true,,
"I2C","data",1.9435865,2.325e-05,0x00,true,,
"I2C","data",1.94361125,2.31875e-05,0x00,true,,
"I2C","data",1.94363594,2.325e-05,0x00,true,,
"I2C","data",1.94366069,2.325e-05,0x00,true,,
"I2C","data",1.94368544,2.325e-05,0x00,true,,
"I2C","data",1.94371012,2.325e-05,0x00,true,,
"I2C","data",1.94373488,2.325e-05,0x00,true,,
"I2C","data",1.94375962,2.325e-05,0x00,true,,
"I2C","data",1.94378437,2.325e-05,0x00,true,,
"I2C","data",1.94380906,2.325e-05,0x00,true,,
"I2C","data",1.94383381,2.325e-05,0x00,true,,
"I2C","data",1.94385856,2.325e-05,0x00,true,,
"I2C","data",1.94388331,2.325e-05,0x00,true,,
"I2C","data",1.943908,2.325e-05,0x00,true,,
"I2C","data",1.94393275,2.325e-05,0x00,true,,
"I2C","data",1.9439575,2.325e-05,0x00,true,,
"I2C","data",1.94398225,2.325e-05,0x00,true,,
"I2C","data",1.94400694,2.325e-05,0x00,true,,
"I2C","data",1.94403169,2.325e-05,0x00,true,,
"I2C","data",1.94405644,2.325e-05,0x00,true,,
"I2C","data",1.94408119,2.325e-05,0x00,true,,
"I2C","data",1.94410587,2.325e-05,0x00,true,,
"I2C","data",1.94413062,2.325e-05,0x00,true,,
"I2C","data",1.94415538,2.325e-05,0x00,true,,
"I2C","data",1.94418012,2.325e-05,0x00,true,,
"I2C","data",1.94420488,2.325e-05,0x00,true,,
"I2C","data",1.94422956,2.325e-05,0x00,true,,
"I2C","data",1.94425431,2.325e-05,0x00,true,,
"I2C","data",1.94427906,2.325e-05,0x00,true,,
"I2C","data",1.94430381,2.325e-05,0x00,true,,
"I2C","data",1.9443285,2.325e-05,0x00,true,,
"I2C","data",1.94435325,2.325e-05,0x00,true,,
"I2C","data",1.944378,2.325e-05,0x00,true,,
"I2C","data",1.94440275,2.325e-05,0x00,true,,
"I2C","data",1.94442744,2.325e-05,0x00,true,,
"I2C","data",1.94445219,2.325e-05,0x00,true,,
"I2C","data",1.94447694,2.325e-05,0x00,true,,
"I2C","data",1.94450169,2.325e-05,0x00,true,,
"I2C","data",1.94452637,2.33125e-05,0x00,true,,
"I2C","data",1.94455113,2.325e-05,0x00,true,,
"I2C","data",1.94457587,2.325e-05,0x00,false,,
"I2C","stop",1.94460213,6.24999998e-08,,,,
"I2C","start",1.9446075,6.25e-08,,,,
"I2C","address",1.94461013,2.325e-05,,true,0x25,false
"I2C","data",1.94463881,2.31875e-05,0x40,true,,
"I2C","start",1.94466756,6.24999998e-08,,,,
"I2C","address",1.94467019,2.325e-05,,true,0x25,true
"I2C","data",1.94470375,2.31875e-05,0x00,false,,
"I2C","stop",1.94472987,6.25e-08,,,,
"Async Serial [1]","data",1.96601669,9.5e-06,0xB1,,,
"Async Serial [1]","data",1.96602669,9.5e-06,0x04,,,
"Async Serial [1]","data",1.96603669,9.5e-06,0x00,,,
"Async Serial [1]","data",1.96604669,9.5e-06,0x00,,,
"Async Serial [1]","data",1.96605669,9.5e-06,0xFC,,,
"Async Serial [1]","data",1.96606669,9.5e-06,0xB3,,,
"Async Serial","data",1.96611269,9.5e-06,0xB2,,,
"Async Serial","data",1.96612281,9.5e-06,0x00,,,
"Async Serial","data",1.96613294,9.5e-06,0x01,,,
"Async Serial","data",1.96614306,9.5e-06,0x03,,,
"Async Serial","data",1.96615319,9.5e-06,0xFC,,,
"Async Serial","data",1.96616331,9.5e-06,0xB3,,,
"Async Serial [1]","data",2.0680535,9.5e-06,0xB1,,,
"Async Serial [1]","data",2.0680635,9.5e-06,0x04,,,
"Async Serial [1]","data",2.0680735,9.5e-06,0x00,,,
"Async Serial [1]","data",2.0680835,9.5e-06,0x00,,,
"Async Serial [1]","data",2.0680935,9.5e-06,0xFC,,,
"Async Serial [1]","data",2.0681035,9.5e-06,0xB3,,,
"Async Serial","data",2.06814781,9.5e-06,0xB2,,,
"Async Serial","data",2.06815794,9.5e-06,0x00,,,
"Async Serial","data",2.06816806,9.5e-06,0x01,,,
"Async Serial","data",2.06817819,9.5e-06,0x03,,,
"Async Serial","data",2.06818831,9.5e-06,0xFC,,,
"Async Serial","data",2.06819844,9.5e-06,0xB3,,,
"Async Serial [1]","data",2.17808356,9.5e-06,0xB1,,,
"Async Serial [1]","data",2.17809356,9.5e-06,0x04,,,
"Async Serial [1]","data",2.17810356,9.5e-06,0x00,,,
"Async Serial [1]","data",2.17811356,9.5e-06,0x00,,,
"Async Serial [1]","data",2.17812356,9.5e-06,0xFC,,,
"Async Serial [1]","data",2.17813356,9.5e-06,0xB3,,,
"Async Serial","data",2.17817887,9.5e-06,0xB2,,,
"Async Serial","data",2.178189,9.5e-06,0x00,,,
"Async Serial","data",2.17819912,9.5e-06,0x01,,,
"Async Serial","data",2.17820925,9.5e-06,0x03,,,
"Async Serial","data",2.17821937,9.5e-06,0xFC,,,
"Async Serial","data",2.1782295,9.5e-06,0xB3,,,
"I2C","start",2.24265356,6.24999998e-08,,,,
"I2C","address",2.24265619,2.325e-05,,true,0x25,false
"I2C","stop",2.24268625,6.24999998e-08,,,,
"I2C","start",2.24269131,6.25000002e-08,,,,
"I2C","address",2.24269394,2.325e-05,,true,0x25,false
"I2C","data",2.24272262,2.31875e-05,0x00,true,,
"I2C","start",2.24275138,6.24999998e-08,,,,
"I2C","address",2.242754,2.325e-05,,true,0x25,true
"I2C","data",2.2427875,2.325e-05,0xA5,true,,
"I2C","data",2.24281225,2.325e-05,0x03,false,,
"I2C","stop",2.24283844,6.24999998e-08,,,,
"I2C","start",2.24284425,6.24999998e-08,,,,
"I2C","address",2.24284688,2.325e-05,,true,0x25,false
"I2C","data",2.24287556,2.33125e-05,0x40,true,,
"I2C","start",2.24290438,6.24999998e-08,,,,
"I2C","address",2.24290694,2.325e-05,,true,0x25,true
"I2C","data",2.24294037,2.31875e-05,0x00,false,,
"I2C","stop",2.24296656,6.25000002e-08,,,,
"I2C","start",2.24297194,6.24999998e-08,,,,
"I2C","address",2.24297456,2.325e-05,,true,0x25,false
"I2C","data",2.24300331,2.325e-05,0x00,true,,
"I2C","start",2.24303194,6.24999998e-08,,,,
"I2C","address",2.24303456,2.325e-05,,true,0x25,true
"I2C","data",2.243068,2.3125e-05,0xA5,true,,
"I2C","data",2.24309263,2.325e-05,0x03,true,,
"I2C","data",2.24311738,2.325e-05,0x00,true,,
"I2C","data",2.24314212,2.325e-05,0x00,true,,
"I2C","data",2.24316688,2.325e-05,0x28,true,,
"I2C","data",2.24319163,2.325e-05,0xEF,true,,
"I2C","data",2.24321637,2.325e-05,0x5B,true,,
"I2C","data",2.24324112,2.325e-05,0x00,true,,
"I2C","data",2.24326581,2.33125e-05,0x03,true,,
"I2C","data",2.24329056,2.33125e-05,0x00,true,,
"I2C","data",2.24331531,2.325e-05,0x00,true,,
"I2C","data",2.24334006,2.325e-05,0x00,true,,
"I2C","data",2.24336481,2.325e-05,0x40,true,,
"I2C","data",2.24338956,2.325e-05,0x0D,true,,
"I2C","data",2.24341431,2.325e-05,0x03,true,,
"I2C","data",2.24343906,2.325e-05,0x00,true,,
"I2C","data",2.24346375,2.33125e-05,0x01,true,,
"I2C","data",2.2434885,2.325e-05,0x00,true,,
"I2C","data",2.24351325,2.325e-05,0x01,true,,
"I2C","data",2.243538,2.325e-05,0x00,true,,
"I2C","data",2.24356275,2.325e-05,0x80,true,,
"I2C","data",2.2435875,2.325e-05,0x8D,true,,
"I2C","data",2.24361225,2.325e-05,0x5B,true,,
"I2C","data",2.24363694,2.33125e-05,0x00,true,,
"I2C","data",2.24366169,2.33125e-05,0x20,true,,
"I2C","data",2.24368644,2.325e-05,0xBF,true,,
"I2C","data",2.24371119,2.325e-05,0x02,true,,
"I2C","data",2.24373594,2.325e-05,0x00,true,,
"I2C","data",2.24376069,2.325e-05,0x00,true,,
"I2C","data",2.24378544,2.325e-05,0x12,true,,
"I2C","data",2.24381019,2.325e-05,0x7A,true,,
"I2C","data",2.24383488,2.33125e-05,0x00,true,,
"I2C","data",2.24385962,2.325e-05,0x60,true,,
"I2C","data",2.24388437,2.325e-05,0xE3,true,,
"I2C","data",2.24390913,2.325e-05,0x16,true,,
"I2C","data",2.24393388,2.325e-05,0x00,true,,
"I2C","data",2.24395862,2.325e-05,0x30,true,,
"I2C","data",2.24398338,2.325e-05,0x11,true,,
"I2C","data",2.24400813,2.325e-05,0x00,true,,
"I2C","data",2.24403287,2.325e-05,0x00,true,,
"I2C","data",2.24405756,2.33125e-05,0xD0,true,,
"I2C","data",2.24408231,2.33125e-05,0xEE,true,,
"I2C","data",2.24410706,2.33125e-05,0xFF,true,,
"I2C","data",2.24413181,2.325e-05,0xFF,true,,
"I2C","data",2.24415656,2.325e-05,0x20,true,,
"I2C","data",2.24418131,2.325e-05,0x03,true,,
"I2C","data",2.24420606,2.325e-05,0xD0,true,,
"I2C","data",2.24423081,2.325e-05,0x07,true,,
"I2C","data",2.24425556,2.325e-05,0x64,true,,
"I2C","data",2.24428025,2.33125e-05,0x00,true,,
"I2C","data",2.244305,2.33125e-05,0xF4,true,,
"I2C","data",2.24432975,2.325e-05,0x01,true,,
"I2C","data",2.2443545,2.325e-05,0x00,true,,
"I2C","data",2.24437925,2.325e-05,0x00,true,,
"I2C","data",2.244404,2.325e-05,0x00,true,,
"I2C","data",2.24442875,2.325e-05,0x00,true,,
"I2C","data",2.2444535,2.325e-05,0x00,true,,
"I2C","data",2.24447825,2.325e-05,0x00,true,,
"I2C","data",2.24450294,2.33125e-05,0x00,true,,
"I2C","data",2.24452769,2.33125e-05,0x00,true,,
"I2C","data",2.24455244,2.325e-05,0x00,true,,
"I2C","data",2.24457719,2.325e-05,0x00,true,,
"I2C","data",2.24460194,2.325e-05,0x00,true,,
"I2C","data",2.24462669,2.325e-05,0x00,true,,
"I2C","data",2.24465144,2.325e-05,0x00,true,,
"I2C","data",2.24467612,2.33125e-05,0x00,true,,
"I2C","data",2.24470087,2.33125e-05,0x00,true,,
"I2C","data",2.24472563,2.325e-05,0x00,true,,
"I2C","data",2.24475038,2.325e-05,0x00,true,,
"I2C","data",2.24477512,2.325e-05,0x00,true,,
"I2C","data",2.24479988,2.325e-05,0x00,true,,
"I2C","data",2.24482463,2.325e-05,0x00,true,,
"I2C","data",2.24484937,2.325e-05,0x00,true,,
"I2C","data",2.24487412,2.325e-05,0x00,true,,
"I2C","data",2.24489888,2.325e-05,0x00,true,,
"I2C","data",2.24492363,2.325e-05,0x00,true,,
"I2C","data",2.24494837,2.325e-05,0x00,true,,
"I2C","data",2.24497306,2.33125e-05,0x00,true,,
"I2C","data",2.24499781,2.325e-05,0x00,true,,
"I2C","data",2.24502256,2.325e-05,0x00,true,,
"I2C","data",2.24504731,2.325e-05,0x00,true,,
"I2C","data",2.24507206,2.325e-05,0x00,true,,
"I2C","data",2.24509681,2.325e-05,0x00,true,,
"I2C","data",2.24512156,2.325e-05,0x00,true,,
"I2C","data",2.24514631,2.325e-05,0x00,true,,
"I2C","data",2.24517106,2.325e-05,0x00,true,,
"I2C","data",2.24519575,2.33125e-05,0x00,true,,
"I2C","data",2.2452205,2.33125e-05,0x00,true,,
"I2C","data",2.24524525,2.325e-05,0x00,true,,
"I2C","data",2.24527,2.325e-05,0x00,true,,
"I2C","data",2.24529475,2.325e-05,0x00,true,,
"I2C","data",2.2453195,2.325e-05,0x00,true,,
"I2C","data",2.24534425,2.325e-05,0x00,true,,
"I2C","data",2.245369,2.325e-05,0x00,true,,
"I2C","data",2.24539375,2.325e-05,0x00,true,,
"I2C","data",2.24541844,2.33125e-05,0x00,false,,
"I2C","stop",2.24544469,6.24999998e-08,,,,
"I2C","start",2.24545037,6.25000002e-08,,,,
"I2C","address",2.24545294,2.325e-05,,true,0x25,false
"I2C","data",2.24548169,2.3125e-05,0x40,true,,
"I2C","start",2.24551031,6.24999998e-08,,,,
"I2C","address",2.24551294,2.325e-05,,true,0x25,true
"I2C","data",2.24554644,2.325e-05,0x00,false,,
"I2C","stop",2.24557262,6.25000002e-08,,,,
"Async Serial [1]","data",2.28012038,9.5e-06,0xB1,,,
"Async Serial [1]","data",2.28013038,9.5e-06,0x04,,,
"Async Serial [1]","data",2.28014038,9.5e-06,0x00,,,
"Async Serial [1]","data",2.28015037,9.5e-06,0x00,,,
"Async Serial [1]","data",2.28016037,9.5e-06,0xFC,,,
"Async Serial [1]","data",2.28017037,9.5e-06,0xB3,,,
"Async Serial","data",2.28021387,9.5e-06,0xB2,,,
"Async Serial","data",2.280224,9.5e-06,0x00,,,
"Async Serial","data",2.28023412,9.5e-06,0x01,,,
"Async Serial","data",2.28024425,9.5e-06,0x03,,,
"Async Serial","data",2.28025438,9.5e-06,0xFC,,,
"Async Serial","data",2.2802645,9.5e-06,0xB3,,,
"Async Serial [1]","data",2.38215612,9.5e-06,0xB1,,,
"Async Serial [1]","data",2.38216612,9.5e-06,0x04,,,
"Async Serial [1]","data",2.38217619,9.5e-06,0x00,,,
"Async Serial [1]","data",2.38218619,9.5e-06,0x00,,,
"Async Serial [1]","data",2.38219619,9.5e-06,0xFC,,,
"Async Serial [1]","data",2.38220619,9.5e-06,0xB3,,,
"Async Serial","data",2.38225169,9.5e-06,0xB2,,,
"Async Serial","data",2.38226181,9.5e-06,0x00,,,
"Async Serial","data",2.38227194,9.5e-06,0x01,,,
"Async Serial","data",2.382282,9.5e-06,0x03,,,
"Async Serial","data",2.38229213,9.5e-06,0xFC,,,
"Async Serial","data",2.38230225,9.5e-06,0xB3,,,
"Async Serial [1]","data",2.48419294,9.5e-06,0xB1,,,
"Async Serial [1]","data",2.48420294,9.5e-06,0x04,,,
"Async Serial [1]","data",2.48421294,9.5e-06,0x00,,,
"Async Serial [1]","data",2.48422294,9.5e-06,0x00,,,
"Async Serial [1]","data",2.48423294,9.5e-06,0xFC,,,
"Async Serial [1]","data",2.48424294,9.5e-06,0xB3,,,
"Async Serial","data",2.48428425,9.5e-06,0xB2,,,
"Async Serial","data",2.48429438,9.5e-06,0x00,,,
"Async Serial","data",2.4843045,9.5e-06,0x01,,,
"Async Serial","data",2.48431463,9.5e-06,0x03,,,
"Async Serial","data",2.48432475,9.5e-06,0xFC,,,
"Async Serial","data",2.48433488,9.5e-06,0xB3,,,
"I2C","start",2.54350544,6.25000002e-08,,,,
"I2C","address",2.54350806,2.325e-05,,true,0x25,false
"I2C","stop",2.54353812,6.24999998e-08,,,,
"I2C","start",2.54354331,6.24999998e-08,,,,
"I2C","address",2.54354587,2.325e-05,,true,0x25,false
"I2C","data",2.54357463,2.325e-05,0x00,true,,
"I2C","start",2.54360337,6.24999998e-08,,,,
"I2C","address",2.543606,2.325e-05,,true,0x25,true
"I2C","data",2.54363956,2.31875e-05,0xA5,true,,
"I2C","data",2.54366419,2.325e-05,0x03,false,,
"I2C","stop",2.54369044,6.24999998e-08,,,,
"I2C","start",2.54369606,6.24999998e-08,,,,
"I2C","address",2.54369869,2.325e-05,,true,0x25,false
"I2C","data",2.54372744,2.325e-05,0x40,true,,
"I2C","start",2.54375619,6.24999998e-08,,,,
"I2C","address",2.54375875,2.325e-05,,true,0x25,true
"I2C","data",2.54379225,2.325e-05,0x00,false,,
"I2C","stop",2.54381844,6.24999998e-08,,,,
"I2C","start",2.54382375,6.24999998e-08,,,,
"I2C","address",2.54382638,2.325e-05,,true,0x25,false
"I2C","data",2.54385512,2.31875e-05,0x00,true,,
"I2C","start",2.54388369,6.24999998e-08,,,,
"I2C","address",2.54388631,2.325e-05,,true,0x25,true
"I2C","data",2.54391981,2.325e-05,0xA5,true,,
"I2C","data",2.5439445,2.325e-05,0x03,true,,
"I2C","data",2.54396925,2.325e-05,0x00,true,,
"I2C","data",2.543994,2.325e-05,0x00,true,,
"I2C","data",2.54401875,2.325e-05,0x28,true,,
"I2C","data",2.54404344,2.325e-05,0xEF,true,,
"I2C","data",2.54406819,2.325e-05,0x5B,true,,
"I2C","data",2.54409294,2.325e-05,0x00,true,,
"I2C","data",2.54411769,2.325e-05,0x03,true,,
"I2C","data",2.54414237,2.325e-05,0x00,true,,
"I2C","data",2.54416712,2.325e-05,0x00,true,,
"I2C","data",2.54419188,2.325e-05,0x00,true,,
"I2C","data",2.54421662,2.325e-05,0x40,true,,
"I2C","data",2.54424131,2.325e-05,0x0D,true,,
"I2C","data",2.54426606,2.325e-05,0x03,true,,
"I2C","data",2.54429081,2.325e-05,0x00,true,,
"I2C","data",2.54431556,2.325e-05,0x01,true,,
"I2C","data",2.54434025,2.325e-05,0x00,true,,
"I2C","data",2.544365,2.325e-05,0x01,true,,
"I2C","data",2.54438975,2.325e-05,0x00,true,,
"I2C","data",2.5444145,2.325e-05,0x80,true,,
"I2C","data",2.54443919,2.325e-05,0x8D,true,,
"I2C","data",2.54446394,2.325e-05,0x5B,true,,
"I2C","data",2.54448869,2.325e-05,0x00,true,,
"I2C","data",2.54451344,2.325e-05,0x20,true,,
"I2C","data",2.54453812,2.33125e-05,0xBF,true,,
"I2C","data",2.54456288,2.33125e-05,0x02,true,,
"I2C","data",2.54458763,2.325e-05,0x00,true,,
"I2C","data",2.54461237,2.325e-05,0x00,true,,
"I2C","data",2.54463712,2.325e-05,0x12,true,,
"I2C","data",2.54466188,2.325e-05,0x7A,true,,
"I2C","data",2.54468663,2.325e-05,0x00,true,,
"I2C","data",2.54471131,2.325e-05,0x60,true,,
"I2C","data",2.54473606,2.325e-05,0xE3,true,,
"I2C","data",2.54476081,2.325e-05,0x16,true,,
"I2C","data",2.54478556,2.325e-05,0x00,true,,
"I2C","data",2.54481031,2.325e-05,0x30,true,,
"I2C","data",2.544835,2.325e-05,0x11,true,,
"I2C","data",2.54485975,2.325e-05,0x00,true,,
"I2C","data",2.5448845,2.325e-05,0x00,true,,
"I2C","data",2.54490925,2.325e-05,0xD0,true,,
"I2C","data",2.54493394,2.33125e-05,0xEE,true,,
"I2C","data",2.54495869,2.33125e-05,0xFF,true,,
"I2C","data",2.54498344,2.325e-05,0xFF,true,,
"I2C","data",2.54500819,2.325e-05,0x20,true,,
"I2C","data",2.54503294,2.325e-05,0x03,true,,
"I2C","data",2.54505763,2.33125e-05,0xD0,true,,
"I2C","data",2.54508237,2.33125e-05,0x07,true,,
"I2C","data",2.54510712,2.325e-05,0x64,true,,
"I2C","data",2.54513188,2.325e-05,0x00,true,,
"I2C","data",2.54515663,2.325e-05,0xF4,true,,
"I2C","data",2.54518137,2.325e-05,0x01,true,,
"I2C","data",2.54520606,2.33125e-05,0x00,true,,
"I2C","data",2.54523081,2.325e-05,0x00,true,,
"I2C","data",2.54525556,2.325e-05,0x00,true,,
"I2C","data",2.54528031,2.325e-05,0x00,true,,
"I2C","data",2.54530506,2.325e-05,0x00,true,,
"I2C","data",2.54532981,2.325e-05,0x00,true,,
"I2C","data",2.5453545,2.325e-05,0x00,true,,
"I2C","data",2.54537925,2.325e-05,0x00,true,,
"I2C","data",2.545404,2.325e-05,0x00,true,,
"I2C","data",2.54542875,2.325e-05,0x00,true,,
"I2C","data",2.54545344,2.325e-05,0x00,true,,
"I2C","data",2.54547819,2.325e-05,0x00,true,,
"I2C","data",2.54550294,2.325e-05,0x00,true,,
"I2C","data",2.54552769,2.325e-05,0x00,true,,
"I2C","data",2.54555238,2.33125e-05,0x00,true,,
"I2C","data",2.54557712,2.325e-05,0x00,true,,
"I2C","data",2.54560188,2.325e-05,0x00,true,,
"I2C","data",2.54562663,2.325e-05,0x00,true,,
"I2C","data",2.54565137,2.325e-05,0x00,true,,
"I2C","data",2.54567612,2.325e-05,0x00,true,,
"I2C","data",2.54570088,2.325e-05,0x00,true,,
"I2C","data",2.54572556,2.33125e-05,0x00,true,,
"I2C","data",2.54575031,2.325e-05,0x00,true,,
"I2C","data",2.54577506,2.325e-05,0x00,true,,
"I2C","data",2.54579981,2.325e-05,0x00,true,,
"I2C","data",2.54582456,2.325e-05,0x00,true,,
"I2C","data",2.54584931,2.325e-05,0x00,true,,
"I2C","data",2.545874,2.33125e-05,0x00,true,,
"I2C","data",2.54589875,2.325e-05,0x00,true,,
"I2C","data",2.5459235,2.325e-05,0x00,true,,
"I2C","data",2.54594825,2.325e-05,0x00,true,,
"I2C","data",2.545973,2.325e-05,0x00,true,,
"I2C","data",2.54599769,2.33125e-05,0x00,true,,
"I2C","data",2.54602244,2.325e-05,0x00,true,,
"I2C","data",2.54604719,2.325e-05,0x00,true,,
"I2C","data",2.54607194,2.325e-05,0x00,true,,
"I2C","data",2.54609669,2.325e-05,0x00,true,,
"I2C","data",2.54612137,2.33125e-05,0x00,true,,
"I2C","data",2.54614612,2.325e-05,0x00,true,,
"I2C","data",2.54617088,2.325e-05,0x00,true,,
"I2C","data",2.54619563,2.325e-05,0x00,true,,
"I2C","data",2.54622037,2.325e-05,0x00,true,,
"I2C","data",2.54624506,2.33125e-05,0x00,true,,
"I2C","data",2.54626981,2.325e-05,0x00,false,,
"I2C","stop",2.54629606,6.24999998e-08,,,,
"I2C","start",2.54630094,6.25000002e-08,,,,
"I2C","address",2.54630356,2.325e-05,,true,0x25,false
"I2C","data",2.54633244,2.3125e-05,0x40,true,,
"I2C","start",2.54636094,6.25000002e-08,,,,
"I2C","address",2.54636356,2.325e-05,,true,0x25,true
"I2C","data",2.54639706,2.325e-05,0x00,false,,
"I2C","stop",2.54642325,6.24999998e-08,,,,
"Async Serial [1]","data",2.59422306,9.5e-06,0xB1,,,
"Async Serial [1]","data",2.59423306,9.5e-06,0x04,,,
"Async Serial [1]","data",2.59424306,9.5e-06,0x00,,,
"Async Serial [1]","data",2.59425306,9.5e-06,0x00,,,
"Async Serial [1]","data",2.59426306,9.5e-06,0xFC,,,
"Async Serial [1]","data",2.59427306,9.5e-06,0xB3,,,
"Async Serial","data",2.59431475,9.5e-06,0xB2,,,
"Async Serial","data",2.59432487,9.5e-06,0x00,,,
"Async Serial","data",2.594335,9.5e-06,0x01,,,
"Async Serial","data",2.59434512,9.5e-06,0x03,,,
"Async Serial","data",2.59435525,9.5e-06,0xFC,,,
"Async Serial","data",2.59436531,9.5e-06,0xB3,,,
"Async Serial [1]","data",2.69625981,9.5e-06,0xB1,,,
"Async Serial [1]","data",2.69626981,9.5e-06,0x04,,,
"Async Serial [1]","data",2.69627981,9.5e-06,0x00,,,
"Async Serial [1]","data",2.69628981,9.5e-06,0x00,,,
"Async Serial [1]","data",2.69629981,9.5e-06,0xFC,,,
"Async Serial [1]","data",2.69630981,9.5e-06,0xB3,,,
"Async Serial","data",2.69634994,9.5e-06,0xB2,,,
"Async Serial","data",2.69636006,9.5e-06,0x00,,,
"Async Serial","data",2.69637019,9.5e-06,0x01,,,
"Async Serial","data",2.69638031,9.5e-06,0x03,,,
"Async Serial","data",2.69639044,9.5e-06,0xFC,,,
"Async Serial","data",2.69640056,9.5e-06,0xB3,,,
"Async Serial [1]","data",2.79829662,9.5e-06,0xB1,,,
"Async Serial [1]","data",2.79830662,9.5e-06,0x04,,,
"Async Serial [1]","data",2.79831663,9.5e-06,0x00,,,
"Async Serial [1]","data",2.79832663,9.5e-06,0x00,,,
"Async Serial [1]","data",2.79833663,9.5e-06,0xFC,,,
"Async Serial [1]","data",2.79834663,9.5e-06,0xB3,,,
"Async Serial","data",2.798389,9.5e-06,0xB2,,,
"Async Serial","data",2.79839912,9.5e-06,0x00,,,
"Async Serial","data",2.79840925,9.5e-06,0x01,,,
"Async Serial","data",2.79841937,9.5e-06,0x03,,,
"Async Serial","data",2.7984295,9.5e-06,0xFC,,,
"Async Serial","data",2.79843956,9.5e-06,0xB3,,,
"I2C","start",2.84435575,6.24999998e-08,,,,
"I2C","address",2.84435831,2.325e-05,,true,0x25,false
"I2C","stop",2.84438844,6.24999998e-08,,,,
"I2C","start",2.84439344,6.24999998e-08,,,,
"I2C","address",2.84439606,2.325e-05,,true,0x25,false
"I2C","data",2.84442481,2.325e-05,0x00,true,,
"I2C","start",2.84445356,6.25000002e-08,,,,
"I2C","address",2.84445619,2.325e-05,,true,0x25,true
"I2C","data",2.84448963,2.31875e-05,0xA5,true,,
"I2C","data",2.84451425,2.325e-05,0x03,false,,
"I2C","stop",2.8445405,6.25000002e-08,,,,
"I2C","start",2.8445455,6.24999998e-08,,,,
"I2C","address",2.84454813,2.325e-05,,true,0x25,false
"I2C","data",2.84457694,2.31875e-05,0x40,true,,
"I2C","start",2.84460562,6.25000002e-08,,,,
"I2C","address",2.84460825,2.325e-05,,true,0x25,true
"I2C","data",2.84464175,2.325e-05,0x00,false,,
"I2C","stop",2.84466794,6.24999998e-08,,,,
"I2C","start",2.84467312,6.25000002e-08,,,,
"I2C","address",2.84467569,2.325e-05,,true,0x25,false
"I2C","data",2.8447045,2.31875e-05,0x00,true,,
"I2C","start",2.84473319,6.24999998e-08,,,,
"I2C","address",2.84473581,2.325e-05,,true,0x25,true
"I2C","data",2.84476931,2.325e-05,0xA5,true,,
"I2C","data",2.84479406,2.325e-05,0x03,true,,
"I2C","data",2.84481881,2.325e-05,0x00,true,,
"I2C","data",2.8448435,2.325e-05,0x00,true,,
"I2C","data",2.84486825,2.325e-05,0x28,true,,
"I2C","data",2.844893,2.325e-05,0xEF,true,,
"I2C","data",2.84491775,2.325e-05,0x5B,true,,
"I2C","data",2.8449425,2.325e-05,0x00,true,,
"I2C","data",2.84496725,2.325e-05,0x03,true,,
"I2C","data",2.844992,2.325e-05,0x00,true,,
"I2C","data",2.84501669,2.33125e-05,0x00,true,,
"I2C","data",2.84504144,2.325e-05,0x00,true,,
"I2C","data",2.84506619,2.325e-05,0x40,true,,
"I2C","data",2.84509094,2.325e-05,0x0D,true,,
"I2C","data",2.84511569,2.325e-05,0x03,true,,
"I2C","data",2.84514044,2.325e-05,0x00,true,,
"I2C","data",2.84516519,2.325e-05,0x01,true,,
"I2C","data",2.84518987,2.325e-05,0x00,true,,
"I2C","data",2.84521463,2.325e-05,0x01,true,,
"I2C","data",2.84523937,2.325e-05,0x00,true,,
"I2C","data",2.84526412,2.325e-05,0x80,true,,
"I2C","data",2.84528881,2.33125e-05,0x8D,true,,
"I2C","data",2.84531356,2.33125e-05,0x5B,true,,
"I2C","data",2.84533831,2.325e-05,0x00,true,,
"I2C","data",2.84536306,2.325e-05,0x20,true,,
"I2C","data",2.84538781,2.325e-05,0xBF,true,,
"I2C","data",2.84541256,2.325e-05,0x02,true,,
"I2C","data",2.84543731,2.325e-05,0x00,true,,
"I2C","data",2.84546206,2.325e-05,0x00,true,,
"I2C","data",2.84548675,2.33125e-05,0x12,true,,
"I2C","data",2.8455115,2.325e-05,0x7A,true,,
"I2C","data",2.84553625,2.325e-05,0x00,true,,
"I2C","data",2.845561,2.325e-05,0x60,true,,
"I2C","data",2.84558575,2.325e-05,0xE3,true,,
"I2C","data",2.8456105,2.325e-05,0x16,true,,
"I2C","data",2.84563519,2.33125e-05,0x00,true,,
"I2C","data",2.84565994,2.325e-05,0x30,true,,
"I2C","data",2.84568469,2.325e-05,0x11,true,,
"I2C","data",2.84570944,2.325e-05,0x00,true,,
"I2C","data",2.84573419,2.325e-05,0x00,true,,
"I2C","data",2.84575894,2.325e-05,0xD0,true,,
"I2C","data",2.84578363,2.33125e-05,0xEE,true,,
"I2C","data",2.84580837,2.325e-05,0xFF,true,,
"I2C","data",2.84583312,2.325e-05,0xFF,true,,
"I2C","data",2.84585788,2.325e-05,0x20,true,,
"I2C","data",2.84588263,2.325e-05,0x03,true,,
"I2C","data",2.84590731,2.33125e-05,0xD0,true,,
"I2C","data",2.84593206,2.33125e-05,0x07,true,,
"I2C","data",2.84595681,2.325e-05,0x64,true,,
"I2C","data",2.84598156,2.325e-05,0x00,true,,
"I2C","data",2.84600631,2.325e-05,0xF4,true,,
"I2C","data",2.84603106,2.325e-05,0x01,true,,
"I2C","data",2.84605575,2.33125e-05,0x00,true,,
"I2C","data",2.8460805,2.325e-05,0x00,true,,
"I2C","data",2.84610525,2.325e-05,0x00,true,,
"I2C","data",2.84613,2.325e-05,0x00,true,,
"I2C","data",2.84615475,2.325e-05,0x00,true,,
"I2C","data",2.8461795,2.325e-05,0x00,true,,
"I2C","data",2.84620419,2.33125e-05,0x00,true,,
"I2C","data",2.84622894,2.33125e-05,0x00,true,,
"I2C","data",2.84625369,2.325e-05,0x00,true,,
"I2C","data",2.84627844,2.325e-05,0x00,true,,
"I2C","data",2.84630319,2.325e-05,0x00,true,,
"I2C","data",2.84632794,2.325e-05,0x00,true,,
"I2C","data",2.84635269,2.325e-05,0x00,true,,
"I2C","data",2.84637737,2.325e-05,0x00,true,,
"I2C","data",2.84640213,2.325e-05,0x00,true,,
"I2C","data",2.84642688,2.325e-05,0x00,true,,
"I2C","data",2.84645162,2.325e-05,0x00,true,,
"I2C","data",2.84647637,2.325e-05,0x00,true,,
"I2C","data",2.84650113,2.325e-05,0x00,true,,
"I2C","data",2.84652581,2.33125e-05,0x00,true,,
"I2C","data",2.84655056,2.325e-05,0x00,true,,
"I2C","data",2.84657531,2.325e-05,0x00,true,,
"I2C","data",2.84660006,2.325e-05,0x00,true,,
"I2C","data",2.84662481,2.325e-05,0x00,true,,
"I2C","data",2.8466495,2.33125e-05,0x00,true,,
"I2C","data",2.84667425,2.325e-05,0x00,true,,
"I2C","data",2.846699,2.325e-05,0x00,true,,
"I2C","data",2.84672375,2.325e-05,0x00,true,,
"I2C","data",2.8467485,2.325e-05,0x00,true,,
"I2C","data",2.84677325,2.325e-05,0x00,true,,
"I2C","data",2.846798,2.325e-05,0x00,true,,
"I2C","data",2.84682275,2.325e-05,0x00,true,,
"I2C","data",2.84684744,2.33125e-05,0x00,true,,
"I2C","data",2.84687219,2.325e-05,0x00,true,,
"I2C","data",2.84689694,2.325e-05,0x00,true,,
"I2C","data",2.84692169,2.325e-05,0x00,true,,
"I2C","data",2.84694644,2.325e-05,0x00,true,,
"I2C","data",2.84697119,2.325e-05,0x00,true,,
"I2C","data",2.84699588,2.33125e-05,0x00,true,,
"I2C","data",2.84702062,2.33125e-05,0x00,true,,
"I2C","data",2.84704537,2.325e-05,0x00,true,,
"I2C","data",2.84707013,2.325e-05,0x00,true,,
"I2C","data",2.84709487,2.325e-05,0x00,true,,
"I2C","data",2.84711962,2.325e-05,0x00,false,,
"I2C","stop",2.84714587,6.25000002e-08,,,,
"I2C","start",2.84715075,6.24999998e-08,,,,
"I2C","address",2.84715337,2.325e-05,,true,0x25,false
"I2C","data",2.84718212,2.325e-05,0x40,true,,
"I2C","start",2.84721088,6.24999998e-08,,,,
"I2C","address",2.84721344,2.33125e-05,,true,0x25,true
"I2C","data",2.84724694,2.3125e-05,0x00,false,,
"I2C","stop",2.84727306,6.25000002e-08,,,,
"Async Serial [1]","data",2.90033338,9.5e-06,0xB1,,,
"Async Serial [1]","data",2.90034337,9.5e-06,0x04,,,
"Async Serial [1]","data",2.90035344,9.5e-06,0x00,,,
"Async Serial [1]","data",2.90036344,9.5e-06,0x00,,,
"Async Serial [1]","data",2.90037344,9.5e-06,0xFC,,,
"Async Serial [1]","data",2.90038344,9.5e-06,0xB3,,,
"Async Serial","data",2.90042406,9.5e-06,0xB2,,,
"Async Serial","data",2.90043419,9.5e-06,0x00,,,
"Async Serial","data",2.90044431,9.5e-06,0x01,,,
"Async Serial","data",2.90045444,9.5e-06,0x03,,,
"Async Serial","data",2.90046456,9.5e-06,0xFC,,,
"Async Serial","data",2.90047469,9.5e-06,0xB3,,,
"Async Serial [1]","data",3.0103635,9.5e-06,0xB1,,,
"Async Serial [1]","data",3.0103735,9.5e-06,0x04,,,
"Async Serial [1]","data",3.0103835,9.5e-06,0x00,,,
"Async Serial [1]","data",3.0103935,9.5e-06,0x00,,,
"Async Serial [1]","data",3.0104035,9.5e-06,0xFC,,,
"Async Serial [1]","data",3.0104135,9.5e-06,0xB3,,,
"Async Serial","data",3.01045644,9.5e-06,0xB2,,,
"Async Serial","data",3.01046656,9.5e-06,0x00,,,
"Async Serial","data",3.01047669,9.5e-06,0x01,,,
"Async Serial","data",3.01048675,9.5e-06,0x03,,,
"Async Serial","data",3.01049687,9.5e-06,0xFC,,,
"Async Serial","data",3.010507,9.5e-06,0xB3,,,
"Async Serial [1]","data",3.11240031,9.5e-06,0xB1,,,
"Async Serial [1]","data",3.11241031,9.5e-06,0x04,,,
"Async Serial [1]","data",3.11242031,9.5e-06,0x00,,,
"Async Serial [1]","data",3.11243031,9.5e-06,0x00,,,
"Async Serial [1]","data",3.11244031,9.5e-06,0xFC,,,
"Async Serial [1]","data",3.11245031,9.5e-06,0xB3,,,
"Async Serial","data",3.11249681,9.5e-06,0xB2,,,
"Async Serial","data",3.11250694,9.5e-06,0x00,,,
"Async Serial","data",3.11251706,9.5e-06,0x01,,,
"Async Serial","data",3.11252719,9.5e-06,0x03,,,
"Async Serial","data",3.11253731,9.5e-06,0xFC,,,
"Async Serial","data",3.11254744,9.5e-06,0xB3,,,
"I2C","start",3.14522806,6.24999998e-08,,,,
"I2C","address",3.14523062,2.325e-05,,true,0x25,false
"I2C","stop",3.14526075,6.25000002e-08,,,,
"I2C","start",3.14526588,6.24999998e-08,,,,
"I2C","address",3.1452685,2.325e-05,,true,0x25,false
"I2C","data",3.14529719,2.31875e-05,0x00,true,,
"I2C","start",3.145326,6.25000002e-08,,,,
"I2C","address",3.14532856,2.33125e-05,,true,0x25,true
"I2C","data",3.14536213,2.31875e-05,0xA5,true,,
"I2C","data",3.14538681,2.325e-05,0x03,false,,
"I2C","stop",3.14541306,6.25000002e-08,,,,
"I2C","start",3.14541869,6.25000002e-08,,,,
"I2C","address",3.14542131,2.325e-05,,true,0x25,false
"I2C","data",3.14545,2.31875e-05,0x40,true,,
"I2C","start",3.14547875,6.24999998e-08,,,,
"I2C","address",3.14548138,2.325e-05,,true,0x25,true
"I2C","data",3.145515,2.325e-05,0x00,false,,
"I2C","stop",3.14554119,6.24999998e-08,,,,
"I2C","start",3.14554637,6.25000002e-08,,,,
"I2C","address",3.145549,2.325e-05,,true,0x25,false
"I2C","data",3.14557769,2.325e-05,0x00,true,,
"I2C","start",3.14560631,6.24999998e-08,,,,
"I2C","address",3.14560894,2.325e-05,,true,0x25,true
"I2C","data",3.14564237,2.31875e-05,0xA5,true,,
"I2C","data",3.14566706,2.325e-05,0x03,true,,
"I2C","data",3.14569175,2.33125e-05,0x00,true,,
"I2C","data",3.1457165,2.325e-05,0x00,true,,
"I2C","data",3.14574125,2.325e-05,0x28,true,,
"I2C","data",3.145766,2.325e-05,0xEF,true,,
"I2C","data",3.14579075,2.325e-05,0x5B,true,,
"I2C","data",3.14581544,2.33125e-05,0x00,true,,
"I2C","data",3.14584019,2.325e-05,0x03,true,,
"I2C","data",3.14586494,2.325e-05,0x00,true,,
"I2C","data",3.14588969,2.325e-05,0x00,true,,
"I2C","data",3.14591444,2.325e-05,0x00,true,,
"I2C","data",3.14593919,2.325e-05,0x40,true,,
"I2C","data",3.14596388,2.325e-05,0x0D,true,,
"I2C","data",3.14598863,2.325e-05,0x03,true,,
"I2C","data",3.14601337,2.325e-05,0x00,true,,
"I2C","data",3.14603813,2.325e-05,0x01,true,,
"I2C","data",3.14606288,2.325e-05,0x00,true,,
"I2C","data",3.14608756,2.325e-05,0x01,true,,
"I2C","data",3.14611231,2.325e-05,0x00,true,,
"I2C","data",3.14613706,2.325e-05,0x80,true,,
"I2C","data",3.14616181,2.325e-05,0x8D,true,,
"I2C","data",3.14618656,2.325e-05,0x5B,true,,
"I2C","data",3.14621125,2.325e-05,0x00,true,,
"I2C","data",3.146236,2.325e-05,0x20,true,,
"I2C","data",3.14626075,2.325e-05,0xBF,true,,
"I2C","data",3.1462855,2.325e-05,0x02,true,,
"I2C","data",3.14631019,2.33125e-05,0x00,true,,
"I2C","data",3.14633494,2.325e-05,0x00,true,,
"I2C","data",3.14635969,2.325e-05,0x12,true,,
"I2C","data",3.14638444,2.325e-05,0x7A,true,,
"I2C","data",3.14640919,2.325e-05,0x00,true,,
"I2C","data",3.14643388,2.325e-05,0x60,true,,
"I2C","data",3.14645863,2.325e-05,0xE3,true,,
"I2C","data",3.14648337,2.325e-05,0x16,true,,
"I2C","data",3.14650812,2.325e-05,0x00,true,,
"I2C","data",3.14653288,2.325e-05,0x30,true,,
"I2C","data",3.14655756,2.33125e-05,0x11,true,,
"I2C","data",3.14658231,2.325e-05,0x00,true,,
"I2C","data",3.14660706,2.325e-05,0x00,true,,
"I2C","data",3.14663181,2.325e-05,0xD0,true,,
"I2C","data",3.1466565,2.33125e-05,0xEE,true,,
"I2C","data",3.14668125,2.33125e-05,0xFF,true,,
"I2C","data",3.146706,2.325e-05,0xFF,true,,
"I2C","data",3.14673075,2.325e-05,0x20,true,,
"I2C","data",3.1467555,2.325e-05,0x03,true,,
"I2C","data",3.14678025,2.325e-05,0xD0,true,,
"I2C","data",3.146805,2.325e-05,0x07,true,,
"I2C","data",3.14682969,2.325e-05,0x64,true,,
"I2C","data",3.14685444,2.325e-05,0x00,true,,
"I2C","data",3.14687919,2.325e-05,0xF4,true,,
"I2C","data",3.14690394,2.325e-05,0x01,true,,
"I2C","data",3.14692869,2.325e-05,0x00,true,,
"I2C","data",3.14695337,2.325e-05,0x00,true,,
"I2C","data",3.14697812,2.325e-05,0x00,true,,
"I2C","data",3.14700288,2.325e-05,0x00,true,,
"I2C","data",3.14702763,2.325e-05,0x00,true,,
"I2C","data",3.14705237,2.325e-05,0x00,true,,
"I2C","data",3.14707713,2.325e-05,0x00,true,,
"I2C","data",3.14710181,2.325e-05,0x00,true,,
"I2C","data",3.14712656,2.325e-05,0x00,true,,
"I2C","data",3.14715131,2.325e-05,0x00,true,,
"I2C","data",3.14717606,2.325e-05,0x00,true,,
"I2C","data",3.14720081,2.325e-05,0x00,true,,
"I2C","data",3.1472255,2.33125e-05,0x00,true,,
"I2C","data",3.14725025,2.325e-05,0x00,true,,
"I2C","data",3.147275,2.325e-05,0x00,true,,
"I2C","data",3.14729975,2.325e-05,0x00,true,,
"I2C","data",3.1473245,2.325e-05,0x00,true,,
"I2C","data",3.14734925,2.325e-05,0x00,true,,
"I2C","data",3.14737394,2.33125e-05,0x00,true,,
"I2C","data",3.14739869,2.325e-05,0x00,true,,
"I2C","data",3.14742344,2.325e-05,0x00,true,,
"I2C","data",3.14744819,2.325e-05,0x00,true,,
"I2C","data",3.14747294,2.325e-05,0x00,true,,
"I2C","data",3.14749763,2.33125e-05,0x00,true,,
"I2C","data",3.14752237,2.325e-05,0x00,true,,
"I2C","data",3.14754713,2.325e-05,0x00,true,,
"I2C","data",3.14757188,2.325e-05,0x00,true,,
"I2C","data",3.14759662,2.325e-05,0x00,true,,
"I2C","data",3.14762137,2.325e-05,0x00,true,,
"I2C","data",3.14764606,2.33125e-05,0x00,true,,
"I2C","data",3.14767081,2.33125e-05,0x00,true,,
"I2C","data",3.14769556,2.325e-05,0x00,true,,
"I2C","data",3.14772031,2.325e-05,0x00,true,,
"I2C","data",3.14774506,2.325e-05,0x00,true,,
"I2C","data",3.14776981,2.325e-05,0x00,true,,
"I2C","data",3.14779456,2.325e-05,0x00,true,,
"I2C","data",3.14781931,2.325e-05,0x00,true,,
"I2C","data",3.14784406,2.325e-05,0x00,true,,
"I2C","data",3.14786875,2.325e-05,0x00,true,,
"I2C","data",3.1478935,2.325e-05,0x00,true,,
"I2C","data",3.14791825,2.325e-05,0x00,true,,
"I2C","data",3.147943,2.325e-05,0x00,true,,
"I2C","data",3.14796775,2.325e-05,0x00,true,,
"I2C","data",3.1479925,2.325e-05,0x00,false,,
"I2C","stop",3.14801869,6.24999998e-08,,,,
"I2C","start",3.14802437,6.25000002e-08,,,,
"I2C","address",3.14802694,2.325e-05,,true,0x25,false
"I2C","data",3.14805569,2.3125e-05,0x40,true,,
"I2C","start",3.14808431,6.24999998e-08,,,,
"I2C","address",3.14808694,2.325e-05,,true,0x25,true
"I2C","data",3.14812044,2.325e-05,0x00,false,,
"I2C","stop",3.14814662,6.25000002e-08,,,,
"Async Serial [1]","data",3.21443606,9.5e-06,0xB1,,,
"Async Serial [1]","data",3.21444606,9.5e-06,0x04,,,
"Async Serial [1]","data",3.21445606,9.5e-06,0x00,,,
"Async Serial [1]","data",3.21446606,9.5e-06,0x00,,,
"Async Serial [1]","data",3.21447606,9.5e-06,0xFC,,,
"Async Serial [1]","data",3.21448606,9.5e-06,0xB3,,,
"Async Serial","data",3.21452669,9.5e-06,0xB2,,,
"Async Serial","data",3.21453675,9.5e-06,0x00,,,
"Async Serial","data",3.21454687,9.5e-06,0x01,,,
"Async Serial","data",3.214557,9.5e-06,0x03,,,
"Async Serial","data",3.21456712,9.5e-06,0xFC,,,
"Async Serial","data",3.21457725,9.5e-06,0xB3,,,
"Async Serial [1]","data",3.31647288,9.5e-06,0xB1,,,
"Async Serial [1]","data",3.31648288,9.5e-06,0x04,,,
"Async Serial [1]","data",3.31649287,9.5e-06,0x00,,,
"Async Serial [1]","data",3.31650287,9.5e-06,0x00,,,
"Async Serial [1]","data",3.31651287,9.5e-06,0xFC,,,
"Async Serial [1]","data",3.31652287,9.5e-06,0xB3,,,
"Async Serial","data",3.31656844,9.5e-06,0xB2,,,
"Async Serial","data",3.31657856,9.5e-06,0x00,,,
"Async Serial","data",3.31658869,9.5e-06,0x01,,,
"Async Serial","data",3.31659881,9.5e-06,0x03,,,
"Async Serial","data",3.31660888,9.5e-06,0xFC,,,
"Async Serial","data",3.316619,9.5e-06,0xB3,,,
"Async Serial [1]","data",3.42650294,9.5e-06,0xB1,,,
"Async Serial [1]","data",3.426513,9.5e-06,0x04,,,
"Async Serial [1]","data",3.426523,9.5e-06,0x00,,,
"Async Serial [1]","data",3.426533,9.5e-06,0x00,,,
"Async Serial [1]","data",3.426543,9.5e-06,0xFC,,,
"Async Serial [1]","data",3.426553,9.5e-06,0xB3,,,
"Async Serial","data",3.42659731,9.5e-06,0xB2,,,
"Async Serial","data",3.42660738,9.5e-06,0x00,,,
"Async Serial","data",3.4266175,9.5e-06,0x01,,,
"Async Serial","data",3.42662763,9.5e-06,0x03,,,
"Async Serial","data",3.42663775,9.5e-06,0xFC,,,
"Async Serial","data",3.42665194,9.5e-06,0xB3,,,
"I2C","start",3.44609487,6.25000002e-08,,,,
"I2C","address",3.4460975,2.325e-05,,true,0x25,false
"I2C","stop",3.44612769,6.24999998e-08,,,,
"I2C","start",3.44613287,6.25000002e-08,,,,
"I2C","address",3.44613544,2.325e-05,,true,0x25,false
"I2C","data",3.44616419,2.325e-05,0x00,true,,
"I2C","start",3.44619294,6.24999998e-08,,,,
"I2C","address",3.44619556,2.325e-05,,true,0x25,true
"I2C","data",3.44622906,2.325e-05,0xA5,true,,
"I2C","data",3.44625375,2.325e-05,0x03,false,,
"I2C","stop",3.44628,6.25000002e-08,,,,
"I2C","start",3.44628562,6.25000002e-08,,,,
"I2C","address",3.44628825,2.325e-05,,true,0x25,false
"I2C","data",3.446317,2.325e-05,0x40,true,,
"I2C","start",3.44634575,6.25000002e-08,,,,
"I2C","address",3.44634837,2.325e-05,,true,0x25,true
"I2C","data",3.44638181,2.325e-05,0x00,false,,
"I2C","stop",3.44640806,6.24999998e-08,,,,
"I2C","start",3.44641319,6.24999998e-08,,,,
"I2C","address",3.44641581,2.325e-05,,true,0x25,false
"I2C","data",3.4464445,2.31875e-05,0x00,true,,
"I2C","start",3.44647331,6.24999998e-08,,,,
"I2C","address",3.44647587,2.325e-05,,true,0x25,true
"I2C","data",3.44650938,2.325e-05,0xA5,true,,
"I2C","data",3.44653412,2.325e-05,0x03,true,,
"I2C","data",3.44655881,2.325e-05,0x00,true,,
"I2C","data",3.44658356,2.325e-05,0x00,true,,
"I2C","data",3.44660831,2.325e-05,0x28,true,,
"I2C","data",3.446633,2.33125e-05,0xEF,true,,
"I2C","data",3.44665775,2.325e-05,0x5B,true,,
"I2C","data",3.4466825,2.325e-05,0x00,true,,
"I2C","data",3.44670725,2.325e-05,0x03,true,,
"I2C","data",3.446732,2.325e-05,0x00,true,,
"I2C","data",3.44675669,2.33125e-05,0x00,true,,
"I2C","data",3.44678144,2.325e-05,0x00,true,,
"I2C","data",3.44680619,2.325e-05,0x40,true,,
"I2C","data",3.44683094,2.325e-05,0x0D,true,,
"I2C","data",3.44685569,2.325e-05,0x03,true,,
"I2C","data",3.44688038,2.325e-05,0x00,true,,
"I2C","data",3.44690512,2.325e-05,0x01,true,,
"I2C","data",3.44692987,2.325e-05,0x00,true,,
"I2C","data",3.44695463,2.325e-05,0x01,true,,
"I2C","data",3.44697938,2.325e-05,0x00,true,,
"I2C","data",3.44700406,2.33125e-05,0x80,true,,
"I2C","data",3.44702881,2.325e-05,0x8D,true,,
"I2C","data",3.44705356,2.325e-05,0x5B,true,,
"I2C","data",3.44707831,2.325e-05,0x00,true,,
"I2C","data",3.44710306,2.325e-05,0x20,true,,
"I2C","data",3.44712775,2.325e-05,0xBF,true,,
"I2C","data",3.4471525,2.325e-05,0x02,true,,
"I2C","data",3.44717725,2.325e-05,0x00,true,,
"I2C","data",3.447202,2.325e-05,0x00,true,,
"I2C","data",3.44722675,2.325e-05,0x12,true,,
"I2C","data",3.4472515,2.325e-05,0x7A,true,,
"I2C","data",3.44727619,2.325e-05,0x00,true,,
"I2C","data",3.44730094,2.325e-05,0x60,true,,
"I2C","data",3.44732569,2.325e-05,0xE3,true,,
"I2C","data",3.44735044,2.325e-05,0x16,true,,
"I2C","data",3.44737513,2.33125e-05,0x00,true,,
"I2C","data",3.44739987,2.325e-05,0x30,true,,
"I2C","data",3.44742463,2.325e-05,0x11,true,,
"I2C","data",3.44744938,2.325e-05,0x00,true,,
"I2C","data",3.44747412,2.325e-05,0x00,true,,
"I2C","data",3.44749887,2.325e-05,0xD0,true,,
"I2C","data",3.44752356,2.33125e-05,0xEE,true,,
"I2C","data",3.44754831,2.325e-05,0xFF,true,,
"I2C","data",3.44757306,2.325e-05,0xFF,true,,
"I2C","data",3.44759781,2.325e-05,0x20,true,,
"I2C","data",3.44762256,2.325e-05,0x03,true,,
"I2C","data",3.44764725,2.33125e-05,0xD0,true,,
"I2C","data",3.447672,2.325e-05,0x07,true,,
"I2C","data",3.44769675,2.325e-05,0x64,true,,
"I2C","data",3.4477215,2.325e-05,0x00,true,,
"I2C","data",3.44774625,2.325e-05,0xF4,true,,
"I2C","data",3.44777094,2.325e-05,0x01,true,,
"I2C","data",3.44779569,2.325e-05,0x00,true,,
"I2C","data",3.44782044,2.325e-05,0x00,true,,
"I2C","data",3.44784519,2.325e-05,0x00,true,,
"I2C","data",3.44786994,2.325e-05,0x00,true,,
"I2C","data",3.44789462,2.325e-05,0x00,true,,
"I2C","data",3.44791938,2.325e-05,0x00,true,,
"I2C","data",3.44794412,2.325e-05,0x00,true,,
"I2C","data",3.44796881,2.33125e-05,0x00,true,,
"I2C","data",3.44799356,2.325e-05,0x00,true,,
"I2C","data",3.44801831,2.325e-05,0x00,true,,
"I2C","data",3.44804306,2.325e-05,0x00,true,,
"I2C","data",3.44806775,2.325e-05,0x00,true,,
"I2C","data",3.4480925,2.325e-05,0x00,true,,
"I2C","data",3.44811725,2.325e-05,0x00,true,,
"I2C","data",3.448142,2.325e-05,0x00,true,,
"I2C","data",3.44816669,2.325e-05,0x00,true,,
"I2C","data",3.44819144,2.325e-05,0x00,true,,
"I2C","data",3.44821619,2.325e-05,0x00,true,,
"I2C","data",3.44824088,2.325e-05,0x00,true,,
"I2C","data",3.44826562,2.325e-05,0x00,true,,
"I2C","data",3.44829038,2.325e-05,0x00,true,,
"I2C","data",3.44831506,2.325e-05,0x00,true,,
"I2C","data",3.44833981,2.325e-05,0x00,true,,
"I2C","data",3.44836456,2.325e-05,0x00,true,,
"I2C","data",3.44838931,2.325e-05,0x00,true,,
"I2C","data",3.448414,2.325e-05,0x00,true,,
"I2C","data",3.44843875,2.325e-05,0x00,true,,
"I2C","data",3.4484635,2.325e-05,0x00,true,,
"I2C","data",3.44848819,2.325e-05,0x00,true,,
"I2C","data",3.44851294,2.325e-05,0x00,true,,
"I2C","data",3.44853769,2.325e-05,0x00,true,,
"I2C","data",3.44856244,2.325e-05,0x00,true,,
"I2C","data",3.44858712,2.325e-05,0x00,true,,
"I2C","data",3.44861188,2.325e-05,0x00,true,,
"I2C","data",3.44863662,2.325e-05,0x00,true,,
"I2C","data",3.44866131,2.325e-05,0x00,true,,
"I2C","data",3.44868606,2.325e-05,0x00,true,,
"I2C","data",3.44871081,2.325e-05,0x00,true,,
"I2C","data",3.44873556,2.325e-05,0x00,true,,
"I2C","data",3.44876025,2.325e-05,0x00,true,,
"I2C","data",3.448785,2.325e-05,0x00,true,,
"I2C","data",3.44880975,2.325e-05,0x00,true,,
"I2C","data",3.44883444,2.325e-05,0x00,true,,
"I2C","data",3.44885919,2.325e-05,0x00,false,,
"I2C","stop",3.44888544,6.24999998e-08,,,,
"I2C","start",3.44889069,6.24999998e-08,,,,
"I2C","address",3.44889331,2.325e-05,,true,0x25,false
"I2C","data",3.448922,2.3125e-05,0x40,true,,
"I2C","start",3.44895075,6.25000002e-08,,,,
"I2C","address",3.44895337,2.325e-05,,true,0x25,true
"I2C","data",3.44898681,2.31875e-05,0x00,false,,
"I2C","stop",3.44901294,6.24999998e-08,,,,
"Async Serial [1]","data",3.52853975,9.5e-06,0xB1,,,
"Async Serial [1]","data",3.52854975,9.5e-06,0x04,,,
"Async Serial [1]","data",3.52855975,9.5e-06,0x00,,,
"Async Serial [1]","data",3.52856975,9.5e-06,0x00,,,
"Async Serial [1]","data",3.52857975,9.5e-06,0xFC,,,
"Async Serial [1]","data",3.52858975,9.5e-06,0xB3,,,
"Async Serial","data",3.52863631,9.5e-06,0xB2,,,
"Async Serial","data",3.52864644,9.5e-06,0x00,,,
"Async Serial","data",3.52865656,9.5e-06,0x01,,,
"Async Serial","data",3.52866663,9.5e-06,0x03,,,
"Async Serial","data",3.52867675,9.5e-06,0xFC,,,
"Async Serial","data",3.52868688,9.5e-06,0xB3,,,
"Async Serial [1]","data",3.63057656,9.5e-06,0xB1,,,
"Async Serial [1]","data",3.63058656,9.5e-06,0x04,,,
"Async Serial [1]","data",3.63059656,9.5e-06,0x00,,,
"Async Serial [1]","data",3.63060656,9.5e-06,0x00,,,
"Async Serial [1]","data",3.63061656,9.5e-06,0xFC,,,
"Async Serial [1]","data",3.63062656,9.5e-06,0xB3,,,
"Async Serial","data",3.63067387,9.5e-06,0xB2,,,
"Async Serial","data",3.630684,9.5e-06,0x00,,,
"Async Serial","data",3.63069406,9.5e-06,0x01,,,
"Async Serial","data",3.63070419,9.5e-06,0x03,,,
"Async Serial","data",3.63071431,9.5e-06,0xFC,,,
"Async Serial","data",3.63072444,9.5e-06,0xB3,,,
"Async Serial [1]","data",3.73261331,9.5e-06,0xB1,,,
"Async Serial [1]","data",3.73262331,9.5e-06,0x04,,,
"Async Serial [1]","data",3.73263331,9.5e-06,0x00,,,
"Async Serial [1]","data",3.73264331,9.5e-06,0x00,,,
"Async Serial [1]","data",3.73265331,9.5e-06,0xFC,,,
"Async Serial [1]","data",3.73266331,9.5e-06,0xB3,,,
"Async Serial","data",3.732708,9.5e-06,0xB2,,,
"Async Serial","data",3.73271812,9.5e-06,0x00,,,
"Async Serial","data",3.73272825,9.5e-06,0x01,,,
"Async Serial","data",3.73273831,9.5e-06,0x03,,,
"Async Serial","data",3.73274844,9.5e-06,0xFC,,,
"Async Serial","data",3.73275856,9.5e-06,0xB3,,,
"I2C","start",3.74692631,6.25000002e-08,,,,
"I2C","address",3.74692888,2.325e-05,,true,0x25,false
"I2C","stop",3.746959,6.25000002e-08,,,,
"I2C","start",3.74696412,6.25000002e-08,,,,
"I2C","address",3.74696675,2.325e-05,,true,0x25,false
"I2C","data",3.74699544,2.31875e-05,0x00,true,,
"I2C","start",3.74702425,6.24999998e-08,,,,
"I2C","address",3.74702687,2.325e-05,,true,0x25,true
"I2C","data",3.74706025,2.31875e-05,0xA5,true,,
"I2C","data",3.74708494,2.325e-05,0x03,false,,
"I2C","stop",3.74711119,6.25000002e-08,,,,
"I2C","start",3.74711706,6.24999998e-08,,,,
"I2C","address",3.74711969,2.325e-05,,true,0x25,false
"I2C","data",3.74714838,2.31875e-05,0x40,true,,
"I2C","start",3.74717712,6.25000007e-08,,,,
"I2C","address",3.74717975,2.325e-05,,true,0x25,true
"I2C","data",3.74721319,2.31875e-05,0x00,false,,
"I2C","stop",3.74723937,6.25000002e-08,,,,
"I2C","start",3.74724462,6.25000002e-08,,,,
"I2C","address",3.74724725,2.325e-05,,true,0x25,false
"I2C","data",3.74727594,2.31875e-05,0x00,true,,
"I2C","start",3.74730475,6.24999998e-08,,,,
"I2C","address",3.74730731,2.325e-05,,true,0x25,true
"I2C","data",3.74734081,2.325e-05,0xA5,true,,
"I2C","data",3.74736556,2.325e-05,0x03,true,,
"I2C","data",3.74739031,2.325e-05,0x00,true,,
"I2C","data",3.747415,2.33125e-05,0x00,true,,
"I2C","data",3.74743975,2.325e-05,0x28,true,,
"I2C","data",3.7474645,2.325e-05,0xEF,true,,
"I2C","data",3.74748925,2.325e-05,0x5B,true,,
"I2C","data",3.747514,2.325e-05,0x00,true,,
"I2C","data",3.74753869,2.33125e-05,0x03,true,,
"I2C","data",3.74756344,2.325e-05,0x00,true,,
"I2C","data",3.74758819,2.325e-05,0x00,true,,
"I2C","data",3.74761294,2.325e-05,0x00,true,,
"I2C","data",3.74763769,2.325e-05,0x40,true,,
"I2C","data",3.74766237,2.33125e-05,0x0D,true,,
"I2C","data",3.74768713,2.325e-05,0x03,true,,
"I2C","data",3.74771187,2.325e-05,0x00,true,,
"I2C","data",3.74773662,2.325e-05,0x01,true,,
"I2C","data",3.74776138,2.325e-05,0x00,true,,
"I2C","data",3.74778613,2.325e-05,0x01,true,,
"I2C","data",3.74781081,2.33125e-05,0x00,true,,
"I2C","data",3.74783556,2.325e-05,0x80,true,,
"I2C","data",3.74786031,2.325e-05,0x8D,true,,
"I2C","data",3.74788506,2.325e-05,0x5B,true,,
"I2C","data",3.74790981,2.325e-05,0x00,true,,
"I2C","data",3.74793456,2.325e-05,0x20,true,,
"I2C","data",3.74795925,2.33125e-05,0xBF,true,,
"I2C","data",3.747984,2.325e-05,0x02,true,,
"I2C","data",3.74800875,2.325e-05,0x00,true,,
"I2C","data",3.7480335,2.325e-05,0x00,true,,
"I2C","data",3.74805819,2.33125e-05,0x12,true,,
"I2C","data",3.74808294,2.325e-05,0x7A,true,,
"I2C","data",3.74810769,2.325e-05,0x00,true,,
"I2C","data",3.74813244,2.325e-05,0x60,true,,
"I2C","data",3.74815719,2.325e-05,0xE3,true,,
"I2C","data",3.74818188,2.33125e-05,0x16,true,,
"I2C","data",3.74820662,2.325e-05,0x00,true,,
"I2C","data",3.74823138,2.325e-05,0x30,true,,
"I2C","data",3.74825613,2.325e-05,0x11,true,,
"I2C","data",3.74828087,2.325e-05,0x00,true,,
"I2C","data",3.74830556,2.33125e-05,0x00,true,,
"I2C","data",3.74833031,2.325e-05,0xD0,true,,
"I2C","data",3.74835506,2.325e-05,0xEE,true,,
"I2C","data",3.74837981,2.325e-05,0xFF,true,,
"I2C","data",3.7484045,2.33125e-05,0xFF,true,,
"I2C","data",3.74842925,2.325e-05,0x20,true,,
"I2C","data",3.748454,2.325e-05,0x03,true,,
"I2C","data",3.74847875,2.325e-05,0xD0,true,,
"I2C","data",3.7485035,2.325e-05,0x07,true,,
"I2C","data",3.74852819,2.33125e-05,0x64,true,,
"I2C","data",3.74855294,2.325e-05,0x00,true,,
"I2C","data",3.74857769,2.325e-05,0xF4,true,,
"I2C","data",3.74860244,2.325e-05,0x01,true,,
"I2C","data",3.74862719,2.325e-05,0x00,true,,
"I2C","data",3.74865188,2.325e-05,0x00,true,,
"I2C","data",3.74867662,2.325e-05,0x00,true,,
"I2C","data",3.74870138,2.325e-05,0x00,true,,
"I2C","data",3.74872613,2.325e-05,0x00,true,,
"I2C","data",3.74875087,2.325e-05,0x00,true,,
"I2C","data",3.74877556,2.33125e-05,0x00,true,,
"I2C","data",3.74880031,2.325e-05,0x00,true,,
"I2C","data",3.74882506,2.325e-05,0x00,true,,
"I2C","data",3.74884981,2.325e-05,0x00,true,,
"I2C","data",3.74887456,2.325e-05,0x00,true,,
"I2C","data",3.74889931,2.325e-05,0x00,true,,
"I2C","data",3.748924,2.325e-05,0x00,true,,
"I2C","data",3.74894875,2.325e-05,0x00,true,,
"I2C","data",3.7489735,2.325e-05,0x00,true,,
"I2C","data",3.74899825,2.325e-05,0x00,true,,
"I2C","data",3.74902294,2.33125e-05,0x00,true,,
"I2C","data",3.74904769,2.325e-05,0x00,true,,
"I2C","data",3.74907244,2.325e-05,0x00,true,,
"I2C","data",3.74909719,2.325e-05,0x00,true,,
"I2C","data",3.74912194,2.325e-05,0x00,true,,
"I2C","data",3.74914662,2.33125e-05,0x00,true,,
"I2C","data",3.74917137,2.325e-05,0x00,true,,
"I2C","data",3.74919613,2.325e-05,0x00,true,,
"I2C","data",3.74922087,2.325e-05,0x00,true,,
"I2C","data",3.74924562,2.325e-05,0x00,true,,
"I2C","data",3.74927031,2.33125e-05,0x00,true,,
"I2C","data",3.74929506,2.325e-05,0x00,true,,
"I2C","data",3.74931981,2.325e-05,0x00,true,,
"I2C","data",3.74934456,2.325e-05,0x00,true,,
"I2C","data",3.74936931,2.325e-05,0x00,true,,
"I2C","data",3.749394,2.33125e-05,0x00,true,,
"I2C","data",3.74941875,2.325e-05,0x00,true,,
"I2C","data",3.7494435,2.325e-05,0x00,true,,
"I2C","data",3.74946825,2.325e-05,0x00,true,,
"I2C","data",3.749493,2.325e-05,0x00,true,,
"I2C","data",3.74951775,2.325e-05,0x00,true,,
"I2C","data",3.74954244,2.325e-05,0x00,true,,
"I2C","data",3.74956719,2.325e-05,0x00,true,,
"I2C","data",3.74959194,2.325e-05,0x00,true,,
"I2C","data",3.74961669,2.325e-05,0x00,true,,
"I2C","data",3.74964144,2.325e-05,0x00,true,,
"I2C","data",3.74966613,2.325e-05,0x00,true,,
"I2C","data",3.74969088,2.325e-05,0x00,false,,
"I2C","stop",3.74971713,6.24999998e-08,,,,
"I2C","start",3.74972262,6.24999998e-08,,,,
"I2C","address",3.74972525,2.325e-05,,true,0x25,false
"I2C","data",3.749754,2.325e-05,0x40,true,,
"I2C","start",3.74978281,6.25000002e-08,,,,
"I2C","address",3.74978544,2.325e-05,,true,0x25,true
"I2C","data",3.74981894,2.325e-05,0x00,false,,
"I2C","stop",3.74984512,6.25000002e-08,,,,
"Async Serial [1]","data",3.84264344,9.5e-06,0xB1,,,
"Async Serial [1]","data",3.84265344,9.5e-06,0x04,,,
"Async Serial [1]","data",3.84266344,9.5e-06,0x00,,,
"Async Serial [1]","data",3.84267344,9.5e-06,0x00,,,
"Async Serial [1]","data",3.84268344,9.5e-06,0xFC,,,
"Async Serial [1]","data",3.84269344,9.5e-06,0xB3,,,
"Async Serial","data",3.84273687,9.5e-06,0xB2,,,
"Async Serial","data",3.84274694,9.5e-06,0x00,,,
"Async Serial","data",3.84275706,9.5e-06,0x01,,,
"Async Serial","data",3.84276719,9.5e-06,0x03,,,
"Async Serial","data",3.84277731,9.5e-06,0xFC,,,
"Async Serial","data",3.84278744,9.5e-06,0xB3,,,
"Async Serial [1]","data",3.94468019,9.5e-06,0xB1,,,
"Async Serial [1]","data",3.94469025,9.5e-06,0x04,,,
"Async Serial [1]","data",3.94470025,9.5e-06,0x00,,,
"Async Serial [1]","data",3.94471025,9.5e-06,0x00,,,
"Async Serial [1]","data",3.94472025,9.5e-06,0xFC,,,
"Async Serial [1]","data",3.94473025,9.5e-06,0xB3,,,
"Async Serial","data",3.94477638,9.5e-06,0xB2,,,
"Async Serial","data",3.9447865,9.5e-06,0x00,,,
"Async Serial","data",3.94479662,9.5e-06,0x01,,,
"Async Serial","data",3.94480675,9.5e-06,0x03,,,
"Async Serial","data",3.94481687,9.5e-06,0xFC,,,
"Async Serial","data",3.944827,9.5e-06,0xB3,,,
"Async Serial [1]","data",4.046716,9.5e-06,0xB1,,,
"Async Serial [1]","data",4.046726,9.5e-06,0x04,,,
"Async Serial [1]","data",4.046736,9.5e-06,0x00,,,
"Async Serial [1]","data",4.046746,9.5e-06,0x00,,,
"Async Serial [1]","data",4.046756,9.5e-06,0xFC,,,
"Async Serial [1]","data",4.046766,9.5e-06,0xB3,,,
"Async Serial","data",4.04681069,9.5e-06,0xB2,,,
"Async Serial","data",4.04682075,9.5e-06,0x00,,,
"Async Serial","data",4.04683088,9.5e-06,0x01,,,
"Async Serial","data",4.046841,9.5e-06,0x03,,,
"Async Serial","data",4.04685112,9.5e-06,0xFC,,,
"Async Serial","data",4.04686125,9.5e-06,0xB3,,,
"I2C","start",4.04775487,6.24999998e-08,,,,
"I2C","address",4.04775744,2.325e-05,,true,0x25,false
"I2C","stop",4.04778769,6.25000007e-08,,,,
"I2C","start",4.04779269,6.24999998e-08,,,,
"I2C","address",4.04779531,2.325e-05,,true,0x25,false
"I2C","data",4.047824,2.31875e-05,0x00,true,,
"I2C","start",4.04785281,6.24999998e-08,,,,
"I2C","address",4.04785544,2.325e-05,,true,0x25,true
"I2C","data",4.047889,2.325e-05,0xA5,true,,
"I2C","data",4.04791375,2.325e-05,0x03,false,,
"I2C","stop",4.04794,6.25000007e-08,,,,
"I2C","start",4.04794562,6.25000007e-08,,,,
"I2C","address",4.04794825,2.325e-05,,true,0x25,false
"I2C","data",4.04797694,2.33125e-05,0x40,true,,
"I2C","start",4.04800575,6.24999998e-08,,,,
"I2C","address",4.04800831,2.325e-05,,true,0x25,true
"I2C","data",4.04804181,2.325e-05,0x00,false,,
"I2C","stop",4.04806806,6.25000007e-08,,,,
"I2C","start",4.04807331,6.25000007e-08,,,,
"I2C","address",4.04807594,2.325e-05,,true,0x25,false
"I2C","data",4.04810462,2.3125e-05,0x00,true,,
"I2C","start",4.04813325,6.24999998e-08,,,,
"I2C","address",4.04813587,2.325e-05,,true,0x25,true
"I2C","data",4.04816937,2.325e-05,0xA5,true,,
"I2C","data",4.04819413,2.325e-05,0x03,true,,
"I2C","data",4.04821881,2.325e-05,0x00,true,,
"I2C","data",4.04824356,2.325e-05,0x00,true,,
"I2C","data",4.04826831,2.325e-05,0x28,true,,
"I2C","data",4.04829306,2.325e-05,0xEF,true,,
"I2C","data",4.04831775,2.33125e-05,0x5B,true,,
"I2C","data",4.0483425,2.325e-05,0x00,true,,
"I2C","data",4.04836725,2.325e-05,0x03,true,,
"I2C","data",4.048392,2.325e-05,0x00,true,,
"I2C","data",4.04841675,2.325e-05,0x00,true,,
"I2C","data",4.04844144,2.325e-05,0x00,true,,
"I2C","data",4.04846619,2.325e-05,0x40,true,,
"I2C","data",4.04849094,2.325e-05,0x0D,true,,
"I2C","data",4.04851569,2.325e-05,0x03,true,,
"I2C","data",4.04854037,2.33125e-05,0x00,true,,
"I2C","data",4.04856512,2.325e-05,0x01,true,,
"I2C","data",4.04858988,2.325e-05,0x00,true,,
"I2C","data",4.04861462,2.325e-05,0x01,true,,
"I2C","data",4.04863937,2.325e-05,0x00,true,,
"I2C","data",4.04866406,2.325e-05,0x80,true,,
"I2C","data",4.04868881,2.325e-05,0x8D,true,,
"I2C","data",4.04871356,2.325e-05,0x5B,true,,
"I2C","data",4.04873831,2.325e-05,0x00,true,,
"I2C","data",4.048763,2.325e-05,0x20,true,,
"I2C","data",4.04878775,2.325e-05,0xBF,true,,
"I2C","data",4.0488125,2.325e-05,0x02,true,,
"I2C","data",4.04883725,2.325e-05,0x00,true,,
"I2C","data",4.04886194,2.325e-05,0x00,true,,
"I2C","data",4.04888669,2.325e-05,0x12,true,,
"I2C","data",4.04891144,2.325e-05,0x7A,true,,
"I2C","data",4.04893612,2.325e-05,0x00,true,,
"I2C","data",4.04896087,2.325e-05,0x60,true,,
"I2C","data",4.04898563,2.325e-05,0xE3,true,,
"I2C","data",4.04901037,2.325e-05,0x16,true,,
"I2C","data",4.04903506,2.33125e-05,0x00,true,,
"I2C","data",4.04905981,2.325e-05,0x30,true,,
"I2C","data",4.04908456,2.325e-05,0x11,true,,
"I2C","data",4.04910931,2.325e-05,0x00,true,,
"I2C","data",4.049134,2.325e-05,0x00,true,,
"I2C","data",4.04915875,2.325e-05,0xD0,true,,
"I2C","data",4.0491835,2.325e-05,0xEE,true,,
"I2C","data",4.04920825,2.325e-05,0xFF,true,,
"I2C","data",4.04923294,2.325e-05,0xFF,true,,
"I2C","data",4.04925769,2.325e-05,0x20,true,,
"I2C","data",4.04928244,2.325e-05,0x03,true,,
"I2C","data",4.04930713,2.33125e-05,0xD0,true,,
"I2C","data",4.04933188,2.325e-05,0x07,true,,
"I2C","data",4.04935662,2.325e-05,0x64,true,,
"I2C","data",4.04938138,2.325e-05,0x00,true,,
"I2C","data",4.04940612,2.325e-05,0xF4,true,,
"I2C","data",4.04943081,2.325e-05,0x01,true,,
"I2C","data",4.04945556,2.325e-05,0x00,true,,
"I2C","data",4.04948031,2.325e-05,0x00,true,,
"I2C","data",4.04950506,2.325e-05,0x00,true,,
"I2C","data",4.04952975,2.325e-05,0x00,true,,
"I2C","data",4.0495545,2.325e-05,0x00,true,,
"I2C","data",4.04957925,2.325e-05,0x00,true,,
"I2C","data",4.04960394,2.325e-05,0x00,true,,
"I2C","data",4.04962869,2.325e-05,0x00,true,,
"I2C","data",4.04965344,2.325e-05,0x00,true,,
"I2C","data",4.04967819,2.325e-05,0x00,true,,
"I2C","data",4.04970288,2.325e-05,0x00,true,,
"I2C","data",4.04972763,2.325e-05,0x00,true,,
"I2C","data",4.04975237,2.325e-05,0x00,true,,
"I2C","data",4.04977713,2.325e-05,0x00,true,,
"I2C","data",4.04980181,2.325e-05,0x00,true,,
"I2C","data",4.04982656,2.325e-05,0x00,true,,
"I2C","data",4.04985131,2.325e-05,0x00,true,,
"I2C","data",4.04987606,2.325e-05,0x00,true,,
"I2C","data",4.04990075,2.325e-05,0x00,true,,
"I2C","data",4.0499255,2.325e-05,0x00,true,,
"I2C","data",4.04995025,2.325e-05,0x00,true,,
"I2C","data",4.049975,2.325e-05,0x00,true,,
"I2C","data",4.04999969,2.325e-05,0x00,true,,
"I2C","data",4.05002444,2.325e-05,0x00,true,,
"I2C","data",4.05004919,2.325e-05,0x00,true,,
"I2C","data",4.05007394,2.325e-05,0x00,true,,
"I2C","data",4.05009863,2.325e-05,0x00,true,,
"I2C","data",4.05012338,2.325e-05,0x00,true,,
"I2C","data",4.05014812,2.325e-05,0x00,true,,
"I2C","data",4.05017288,2.325e-05,0x00,true,,
"I2C","data",4.05019756,2.33125e-05,0x00,true,,
"I2C","data",4.05022231,2.325e-05,0x00,true,,
"I2C","data",4.05024706,2.325e-05,0x00,true,,
"I2C","data",4.05027181,2.325e-05,0x00,true,,
"I2C","data",4.05029656,2.325e-05,0x00,true,,
"I2C","data",4.05032125,2.33125e-05,0x00,true,,
"I2C","data",4.050346,2.325e-05,0x00,true,,
"I2C","data",4.05037075,2.325e-05,0x00,true,,
"I2C","data",4.0503955,2.325e-05,0x00,true,,
"I2C","data",4.05042025,2.325e-05,0x00,true,,
"I2C","data",4.05044494,2.325e-05,0x00,true,,
"I2C","data",4.05046969,2.325e-05,0x00,true,,
"I2C","data",4.05049444,2.325e-05,0x00,true,,
"I2C","data",4.05051919,2.325e-05,0x00,false,,
"I2C","stop",4.05054537,6.25000007e-08,,,,
"I2C","start",4.05055069,6.24999998e-08,,,,
"I2C","address",4.05055325,2.325e-05,,true,0x25,false
"I2C","data",4.050582,2.325e-05,0x40,true,,
"I2C","start",4.05061075,6.25000007e-08,,,,
"I2C","address",4.05061338,2.325e-05,,true,0x25,true
"I2C","data",4.05064681,2.31875e-05,0x00,false,,
"I2C","stop",4.05067294,6.24999998e-08,,,,
"Async Serial [1]","data",4.14875281,9.5e-06,0xB1,,,
"Async Serial [1]","data",4.14876281,9.5e-06,0x04,,,
"Async Serial [1]","data",4.14877281,9.5e-06,0x00,,,
"Async Serial [1]","data",4.14878281,9.5e-06,0x00,,,
"Async Serial [1]","data",4.14879281,9.5e-06,0xFC,,,
"Async Serial [1]","data",4.14880281,9.5e-06,0xB3,,,
"Async Serial","data",4.14884425,9.5e-06,0xB2,,,
"Async Serial","data",4.14885437,9.5e-06,0x00,,,
"Async Serial","data",4.1488645,9.5e-06,0x01,,,
"Async Serial","data",4.14887463,9.5e-06,0x03,,,
"Async Serial","data",4.14888475,9.5e-06,0xFC,,,
"Async Serial","data",4.14889487,9.5e-06,0xB3,,,
"Async Serial [1]","data",4.25878287,9.5e-06,0xB1,,,
"Async Serial [1]","data",4.25879288,9.5e-06,0x04,,,
"Async Serial [1]","data",4.25880287,9.5e-06,0x00,,,
"Async Serial [1]","data",4.25881288,9.5e-06,0x00,,,
"Async Serial [1]","data",4.25882287,9.5e-06,0xFC,,,
"Async Serial [1]","data",4.25883288,9.5e-06,0xB3,,,
"Async Serial","data",4.25887419,9.5e-06,0xB2,,,
"Async Serial","data",4.25888425,9.5e-06,0x00,,,
"Async Serial","data",4.25889437,9.5e-06,0x01,,,
"Async Serial","data",4.2589045,9.5e-06,0x03,,,
"Async Serial","data",4.25891463,9.5e-06,0xFC,,,
"Async Serial","data",4.25892475,9.5e-06,0xB3,,,
"I2C","start",4.34858225,6.25000002e-08,,,,
"I2C","address",4.34858488,2.325e-05,,true,0x25,false
"I2C","stop",4.34861506,6.25000002e-08,,,,
"I2C","start",4.34862013,6.24999993e-08,,,,
"I2C","address",4.34862269,2.325e-05,,true,0x25,false
"I2C","data",4.34865144,2.3125e-05,0x00,true,,
"I2C","start",4.34868019,6.25000002e-08,,,,
"I2C","address",4.34868281,2.325e-05,,true,0x25,true
"I2C","data",4.34871631,2.31875e-05,0xA5,true,,
"I2C","data",4.348741,2.325e-05,0x03,false,,
"I2C","stop",4.34876725,6.25000002e-08,,,,
"I2C","start",4.348773,6.25000002e-08,,,,
"I2C","address",4.34877563,2.325e-05,,true,0x25,false
"I2C","data",4.34880438,2.31875e-05,0x40,true,,
"I2C","start",4.34883294,6.24999993e-08,,,,
"I2C","address",4.34883556,2.325e-05,,true,0x25,true
"I2C","data",4.348869,2.31875e-05,0x00,false,,
"I2C","stop",4.34889513,6.25000002e-08,,,,
"I2C","start",4.34890056,6.24999993e-08,,,,
"I2C","address",4.34890312,2.325e-05,,true,0x25,false
"I2C","data",4.34893187,2.3125e-05,0x00,true,,
"I2C","start",4.3489605,6.25000011e-08,,,,
"I2C","address",4.34896313,2.325e-05,,true,0x25,true
"I2C","data",4.34899662,2.325e-05,0xA5,true,,
"I2C","data",4.34902131,2.325e-05,0x03,true,,
"I2C","data",4.34904606,2.325e-05,0x00,true,,
"I2C","data",4.34907081,2.325e-05,0x00,true,,
"I2C","data",4.3490955,2.33125e-05,0x28,true,,
"I2C","data",4.34912025,2.325e-05,0xEF,true,,
"I2C","data",4.349145,2.325e-05,0x5B,true,,
"I2C","data",4.34916975,2.325e-05,0x00,true,,
"I2C","data",4.34919444,2.325e-05,0x03,true,,
"I2C","data",4.34921919,2.325e-05,0x00,true,,
"I2C","data",4.34924394,2.325e-05,0x00,true,,
"I2C","data",4.34926862,2.325e-05,0x00,true,,
"I2C","data",4.34929338,2.325e-05,0x40,true,,
"I2C","data",4.34931812,2.325e-05,0x0D,true,,
"I2C","data",4.34934281,2.325e-05,0x03,true,,
"I2C","data",4.34936756,2.325e-05,0x00,true,,
"I2C","data",4.34939231,2.325e-05,0x01,true,,
"I2C","data",4.34941706,2.325e-05,0x00,true,,
"I2C","data",4.34944175,2.325e-05,0x01,true,,
"I2C","data",4.3494665,2.325e-05,0x00,true,,
"I2C","data",4.34949125,2.325e-05,0x80,true,,
"I2C","data",4.34951594,2.325e-05,0x8D,true,,
"I2C","data",4.34954069,2.325e-05,0x5B,true,,
"I2C","data",4.34956544,2.325e-05,0x00,true,,
"I2C","data",4.34959019,2.325e-05,0x20,true,,
"I2C","data",4.34961488,2.325e-05,0xBF,true,,
"I2C","data",4.34963963,2.325e-05,0x02,true,,
"I2C","data",4.34966437,2.325e-05,0x00,true,,
"I2C","data",4.34968913,2.31875e-05,0x00,true,,
"I2C","data",4.34971381,2.325e-05,0x12,true,,
"I2C","data",4.34973856,2.325e-05,0x7A,true,,
"I2C","data",4.34976331,2.325e-05,0x00,true,,
"I2C","data",4.349788,2.325e-05,0x60,true,,
"I2C","data",4.34981275,2.325e-05,0xE3,true,,
"I2C","data",4.3498375,2.325e-05,0x16,true,,
"I2C","data",4.34986225,2.325e-05,0x00,true,,
"I2C","data",4.34988694,2.325e-05,0x30,true,,
"I2C","data",4.34991169,2.325e-05,0x11,true,,
"I2C","data",4.34993644,2.325e-05,0x00,true,,
"I2C","data",4.34996113,2.33125e-05,0x00,true,,
"I2C","data",4.34998587,2.325e-05,0xD0,true,,
"I2C","data",4.35001063,2.325e-05,0xEE,true,,
"I2C","data",4.35003538,2.325e-05,0xFF,true,,
"I2C","data",4.35006006,2.325e-05,0xFF,true,,
"I2C","data",4.35008481,2.325e-05,0x20,true,,
"I2C","data",4.35010956,2.325e-05,0x03,true,,
"I2C","data",4.35013425,2.325e-05,0xD0,true,,
"I2C","data",4.350159,2.325e-05,0x07,true,,
"I2C","data",4.35018375,2.325e-05,0x64,true,,
"I2C","data",4.3502085,2.325e-05,0x00,true,,
"I2C","data",4.35023319,2.325e-05,0xF4,true,,
"I2C","data",4.35025794,2.325e-05,0x01,true,,
"I2C","data",4.35028269,2.325e-05,0x00,true,,
"I2C","data",4.35030744,2.325e-05,0x00,true,,
"I2C","data",4.35033213,2.325e-05,0x00,true,,
"I2C","data",4.35035688,2.325e-05,0x00,true,,
"I2C","data",4.35038162,2.325e-05,0x00,true,,
"I2C","data",4.35040638,2.31875e-05,0x00,true,,
"I2C","data",4.35043106,2.325e-05,0x00,true,,
"I2C","data",4.35045581,2.325e-05,0x00,true,,
"I2C","data",4.35048056,2.325e-05,0x00,true,,
"I2C","data",4.35050525,2.325e-05,0x00,true,,
"I2C","data",4.35053,2.325e-05,0x00,true,,
"I2C","data",4.35055475,2.325e-05,0x00,true,,
"I2C","data",4.3505795,2.325e-05,0x00,true,,
"I2C","data",4.35060419,2.325e-05,0x00,true,,
"I2C","data",4.35062894,2.325e-05,0x00,true,,
"I2C","data",4.35065369,2.325e-05,0x00,true,,
"I2C","data",4.35067838,2.325e-05,0x00,true,,
"I2C","data",4.35070312,2.325e-05,0x00,true,,
"I2C","data",4.35072787,2.325e-05,0x00,true,,
"I2C","data",4.35075263,2.325e-05,0x00,true,,
"I2C","data",4.35077731,2.325e-05,0x00,true,,
"I2C","data",4.35080206,2.325e-05,0x00,true,,
"I2C","data",4.35082681,2.325e-05,0x00,true,,
"I2C","data",4.3508515,2.33125e-05,0x00,true,,
"I2C","data",4.35087625,2.325e-05,0x00,true,,
"I2C","data",4.350901,2.325e-05,0x00,true,,
"I2C","data",4.35092575,2.325e-05,0x00,true,,
"I2C","data",4.35095044,2.325e-05,0x00,true,,
"I2C","data",4.35097519,2.325e-05,0x00,true,,
"I2C","data",4.35099994,2.325e-05,0x00,true,,
"I2C","data",4.35102462,2.325e-05,0x00,true,,
"I2C","data",4.35104937,2.325e-05,0x00,true,,
"I2C","data",4.35107413,2.325e-05,0x00,true,,
"I2C","data",4.35109881,2.325e-05,0x00,true,,
"I2C","data",4.35112356,2.325e-05,0x00,true,,
"I2C","data",4.35114831,2.325e-05,0x00,true,,
"I2C","data",4.35117306,2.325e-05,0x00,true,,
"I2C","data",4.35119775,2.325e-05,0x00,true,,
"I2C","data",4.3512225,2.325e-05,0x00,true,,
"I2C","data",4.35124725,2.325e-05,0x00,true,,
"I2C","data",4.35127194,2.325e-05,0x00,true,,
"I2C","data",4.35129669,2.325e-05,0x00,true,,
"I2C","data",4.35132144,2.325e-05,0x00,true,,
"I2C","data",4.35134619,2.325e-05,0x00,false,,
"I2C","stop",4.35137238,6.24999993e-08,,,,
"I2C","start",4.35137725,6.25000011e-08,,,,
"I2C","address",4.35137988,2.325e-05,,true,0x25,false
"I2C","data",4.35140863,2.325e-05,0x40,true,,
"I2C","start",4.35143737,6.25000002e-08,,,,
"I2C","address",4.35143994,2.325e-05,,true,0x25,true
"I2C","data",4.35147344,2.3125e-05,0x00,false,,
"I2C","stop",4.35149956,6.24999993e-08,,,,
"Async Serial [1]","data",4.36081969,9.5e-06,0xB1,,,
"Async Serial [1]","data",4.36082969,9.5e-06,0x04,,,
"Async Serial [1]","data",4.36083969,9.5e-06,0x00,,,
"Async Serial [1]","data",4.36084969,9.5e-06,0x00,,,
"Async Serial [1]","data",4.36085969,9.5e-06,0xFC,,,
"Async Serial [1]","data",4.36086969,9.5e-06,0xB3,,,
"Async Serial","data",4.36091444,9.5e-06,0xB2,,,
"Async Serial","data",4.36092456,9.5e-06,0x00,,,
"Async Serial","data",4.36093469,9.5e-06,0x01,,,
"Async Serial","data",4.36094481,9.5e-06,0x03,,,
"Async Serial","data",4.36095494,9.5e-06,0xFC,,,
"Async Serial","data",4.36096506,9.5e-06,0xB3,,,
"Async Serial [1]","data",4.46285644,9.5e-06,0xB1,,,
"Async Serial [1]","data",4.46286644,9.5e-06,0x04,,,
"Async Serial [1]","data",4.46287644,9.5e-06,0x00,,,
"Async Serial [1]","data",4.4628865,9.5e-06,0x00,,,
"Async Serial [1]","data",4.4628965,9.5e-06,0xFC,,,
"Async Serial [1]","data",4.4629065,9.5e-06,0xB3,,,
"Async Serial","data",4.46295238,9.5e-06,0xB2,,,
"Async Serial","data",4.4629625,9.5e-06,0x00,,,
"Async Serial","data",4.46297262,9.5e-06,0x01,,,
"Async Serial","data",4.46298275,9.5e-06,0x03,,,
"Async Serial","data",4.46299281,9.5e-06,0xFC,,,
"Async Serial","data",4.46300294,9.5e-06,0xB3,,,
"Async Serial [1]","data",4.56489325,9.5e-06,0xB1,,,
"Async Serial [1]","data",4.56490325,9.5e-06,0x04,,,
"Async Serial [1]","data",4.56491325,9.5e-06,0x00,,,
"Async Serial [1]","data",4.56492325,9.5e-06,0x00,,,
"Async Serial [1]","data",4.56493325,9.5e-06,0xFC,,,
"Async Serial [1]","data",4.56494325,9.5e-06,0xB3,,,
"Async Serial","data",4.5649895,9.5e-06,0xB2,,,
"Async Serial","data",4.56499962,9.5e-06,0x00,,,
"Async Serial","data",4.56500969,9.5e-06,0x01,,,
"Async Serial","data",4.56501981,9.5e-06,0x03,,,
"Async Serial","data",4.56502994,9.5e-06,0xFC,,,
"Async Serial","data",4.56504006,9.5e-06,0xB3,,,
"I2C","start",4.64942862,6.25000011e-08,,,,
"I2C","address",4.64943125,2.325e-05,,true,0x25,false
"I2C","stop",4.64946137,6.25000002e-08,,,,
"I2C","start",4.6494665,6.25000002e-08,,,,
"I2C","address",4.64946913,2.325e-05,,true,0x25,false
"I2C","data",4.64949781,2.33125e-05,0x00,true,,
"I2C","start",4.64952663,6.24999993e-08,,,,
"I2C","address",4.64952919,2.325e-05,,true,0x25,true
"I2C","data",4.64956269,2.325e-05,0xA5,true,,
"I2C","data",4.64958744,2.325e-05,0x03,false,,
"I2C","stop",4.64961369,6.25000011e-08,,,,
"I2C","start",4.64961944,6.24999993e-08,,,,
"I2C","address",4.64962206,2.325e-05,,true,0x25,false
"I2C","data",4.64965087,2.31875e-05,0x40,true,,
"I2C","start",4.64967944,6.25000002e-08,,,,
"I2C","address",4.64968206,2.325e-05,,true,0x25,true
"I2C","data",4.64971556,2.31875e-05,0x00,false,,
"I2C","stop",4.64974175,6.25000011e-08,,,,
"I2C","start",4.649747,6.25000011e-08,,,,
"I2C","address",4.64974963,2.325e-05,,true,0x25,false
"I2C","data",4.64977838,2.3125e-05,0x00,true,,
"I2C","start",4.649807,6.25000002e-08,,,,
"I2C","address",4.64980962,2.325e-05,,true,0x25,true
"I2C","data",4.64984313,2.325e-05,0xA5,true,,
"I2C","data",4.64986781,2.33125e-05,0x03,true,,
"I2C","data",4.64989256,2.325e-05,0x00,true,,
"I2C","data",4.64991731,2.325e-05,0x00,true,,
"I2C","data",4.64994206,2.325e-05,0x28,true,,
"I2C","data",4.64996681,2.325e-05,0xEF,true,,
"I2C","data",4.6499915,2.33125e-05,0x5B,true,,
"I2C","data",4.65001625,2.33125e-05,0x00,true,,
"I2C","data",4.650041,2.325e-05,0x03,true,,
"I2C","data",4.65006575,2.325e-05,0x00,true,,
"I2C","data",4.6500905,2.325e-05,0x00,true,,
"I2C","data",4.65011525,2.325e-05,0x00,true,,
"I2C","data",4.65014,2.325e-05,0x40,true,,
"I2C","data",4.65016469,2.33125e-05,0x0D,true,,
"I2C","data",4.65018944,2.325e-05,0x03,true,,
"I2C","data",4.65021419,2.325e-05,0x00,true,,
"I2C","data",4.65023894,2.325e-05,0x01,true,,
"I2C","data",4.65026369,2.325e-05,0x00,true,,
"I2C","data",4.65028844,2.325e-05,0x01,true,,
"I2C","data",4.65031313,2.33125e-05,0x00,true,,
"I2C","data",4.65033787,2.325e-05,0x80,true,,
"I2C","data",4.65036262,2.325e-05,0x8D,true,,
"I2C","data",4.65038738,2.325e-05,0x5B,true,,
"I2C","data",4.65041212,2.325e-05,0x00,true,,
"I2C","data",4.65043687,2.325e-05,0x20,true,,
"I2C","data",4.65046163,2.325e-05,0xBF,true,,
"I2C","data",4.65048631,2.33125e-05,0x02,true,,
"I2C","data",4.65051106,2.325e-05,0x00,true,,
"I2C","data",4.65053581,2.325e-05,0x00,true,,
"I2C","data",4.65056056,2.325e-05,0x12,true,,
"I2C","data",4.65058531,2.325e-05,0x7A,true,,
"I2C","data",4.65061006,2.325e-05,0x00,true,,
"I2C","data",4.65063475,2.33125e-05,0x60,true,,
"I2C","data",4.6506595,2.325e-05,0xE3,true,,
"I2C","data",4.65068425,2.325e-05,0x16,true,,
"I2C","data",4.650709,2.325e-05,0x00,true,,
"I2C","data",4.65073375,2.325e-05,0x30,true,,
"I2C","data",4.6507585,2.325e-05,0x11,true,,
"I2C","data",4.65078319,2.325e-05,0x00,true,,
"I2C","data",4.65080794,2.325e-05,0x00,true,,
"I2C","data",4.65083269,2.325e-05,0xD0,true,,
"I2C","data",4.65085744,2.325e-05,0xEE,true,,
"I2C","data",4.65088212,2.33125e-05,0xFF,true,,
"I2C","data",4.65090688,2.33125e-05,0xFF,true,,
"I2C","data",4.65093163,2.325e-05,0x20,true,,
"I2C","data",4.65095637,2.325e-05,0x03,true,,
"I2C","data",4.65098113,2.325e-05,0xD0,true,,
"I2C","data",4.65100588,2.325e-05,0x07,true,,
"I2C","data",4.65103062,2.325e-05,0x64,true,,
"I2C","data",4.65105531,2.325e-05,0x00,true,,
"I2C","data",4.65108006,2.325e-05,0xF4,true,,
"I2C","data",4.65110481,2.325e-05,0x01,true,,
"I2C","data",4.65112956,2.325e-05,0x00,true,,
"I2C","data",4.65115425,2.33125e-05,0x00,true,,
"I2C","data",4.651179,2.325e-05,0x00,true,,
"I2C","data",4.65120375,2.325e-05,0x00,true,,
"I2C","data",4.6512285,2.325e-05,0x00,true,,
"I2C","data",4.65125325,2.325e-05,0x00,true,,
"I2C","data",4.651278,2.325e-05,0x00,true,,
"I2C","data",4.65130269,2.33125e-05,0x00,true,,
"I2C","data",4.65132744,2.325e-05,0x00,true,,
"I2C","data",4.65135219,2.325e-05,0x00,true,,
"I2C","data",4.65137694,2.325e-05,0x00,true,,
"I2C","data",4.65140169,2.325e-05,0x00,true,,
"I2C","data",4.65142644,2.325e-05,0x00,true,,
"I2C","data",4.65145113,2.33125e-05,0x00,true,,
"I2C","data",4.65147588,2.325e-05,0x00,true,,
"I2C","data",4.65150062,2.325e-05,0x00,true,,
"I2C","data",4.65152538,2.325e-05,0x00,true,,
"I2C","data",4.65155012,2.325e-05,0x00,true,,
"I2C","data",4.65157487,2.325e-05,0x00,true,,
"I2C","data",4.65159956,2.325e-05,0x00,true,,
"I2C","data",4.65162431,2.325e-05,0x00,true,,
"I2C","data",4.65164906,2.325e-05,0x00,true,,
"I2C","data",4.65167381,2.325e-05,0x00,true,,
"I2C","data",4.65169856,2.325e-05,0x00,true,,
"I2C","data",4.65172325,2.325e-05,0x00,true,,
"I2C","data",4.651748,2.325e-05,0x00,true,,
"I2C","data",4.65177275,2.325e-05,0x00,true,,
"I2C","data",4.6517975,2.325e-05,0x00,true,,
"I2C","data",4.65182225,2.325e-05,0x00,true,,
"I2C","data",4.65184694,2.325e-05,0x00,true,,
"I2C","data",4.65187169,2.325e-05,0x00,true,,
"I2C","data",4.65189644,2.325e-05,0x00,true,,
"I2C","data",4.65192119,2.325e-05,0x00,true,,
"I2C","data",4.65194594,2.325e-05,0x00,true,,
"I2C","data",4.65197062,2.325e-05,0x00,true,,
"I2C","data",4.65199538,2.325e-05,0x00,true,,
"I2C","data",4.65202012,2.325e-05,0x00,true,,
"I2C","data",4.65204487,2.325e-05,0x00,true,,
"I2C","data",4.65206963,2.325e-05,0x00,true,,
"I2C","data",4.65209437,2.325e-05,0x00,true,,
"I2C","data",4.65211906,2.325e-05,0x00,true,,
"I2C","data",4.65214381,2.325e-05,0x00,true,,
"I2C","data",4.65216856,2.325e-05,0x00,true,,
"I2C","data",4.65219331,2.325e-05,0x00,false,,
"I2C","stop",4.6522195,6.25000002e-08,,,,
"I2C","start",4.65222431,6.25000011e-08,,,,
"I2C","address",4.65222694,2.325e-05,,true,0x25,false
"I2C","data",4.65225569,2.325e-05,0x40,true,,
"I2C","start",4.65228444,6.25000011e-08,,,,
"I2C","address",4.652287,2.325e-05,,true,0x25,true
"I2C","data",4.6523205,2.3125e-05,0x00,false,,
"I2C","stop",4.65234656,6.25000002e-08,,,,
"Async Serial [1]","data",4.67492337,9.5e-06,0xB1,,,
"Async Serial [1]","data",4.67493338,9.5e-06,0x04,,,
"Async Serial [1]","data",4.67494337,9.5e-06,0x00,,,
"Async Serial [1]","data",4.67495338,9.5e-06,0x00,,,
"Async Serial [1]","data",4.67496337,9.5e-06,0xFC,,,
"Async Serial [1]","data",4.67497338,9.5e-06,0xB3,,,
"Async Serial","data",4.67501419,9.5e-06,0xB2,,,
"Async Serial","data",4.67502431,9.5e-06,0x00,,,
"Async Serial","data",4.67503444,9.5e-06,0x01,,,
"Async Serial","data",4.67504456,9.5e-06,0x03,,,
"Async Serial","data",4.67505469,9.5e-06,0xFC,,,
"Async Serial","data",4.67506481,9.5e-06,0xB3,,,
"Async Serial [1]","data",4.77696012,9.5e-06,0xB1,,,
"Async Serial [1]","data",4.77697013,9.5e-06,0x04,,,
"Async Serial [1]","data",4.77698012,9.5e-06,0x00,,,
"Async Serial [1]","data",4.77699013,9.5e-06,0x00,,,
"Async Serial [1]","data",4.77700012,9.5e-06,0xFC,,,
"Async Serial [1]","data",4.77701013,9.5e-06,0xB3,,,
"Async Serial","data",4.77705581,9.5e-06,0xB2,,,
"Async Serial","data",4.77706594,9.5e-06,0x00,,,
"Async Serial","data",4.77707606,9.5e-06,0x01,,,
"Async Serial","data",4.77708619,9.5e-06,0x03,,,
"Async Serial","data",4.77709631,9.5e-06,0xFC,,,
"Async Serial","data",4.77710644,9.5e-06,0xB3,,,
"Async Serial [1]","data",4.87899594,9.5e-06,0xB1,,,
"Async Serial [1]","data",4.87900594,9.5e-06,0x04,,,
"Async Serial [1]","data",4.87901594,9.5e-06,0x00,,,
"Async Serial [1]","data",4.87902594,9.5e-06,0x00,,,
"Async Serial [1]","data",4.87903594,9.5e-06,0xFC,,,
"Async Serial [1]","data",4.87904594,9.5e-06,0xB3,,,
"Async Serial","data",4.87909062,9.5e-06,0xB2,,,
"Async Serial","data",4.87910075,9.5e-06,0x00,,,
"Async Serial","data",4.87911088,9.5e-06,0x01,,,
"Async Serial","data",4.879121,9.5e-06,0x03,,,
"Async Serial","data",4.87913112,9.5e-06,0xFC,,,
"Async Serial","data",4.87914125,9.5e-06,0xB3,,,
"I2C","start",4.95027306,6.24999993e-08,,,,
"I2C","address",4.95027569,2.325e-05,,true,0x25,false
"I2C","stop",4.95030587,6.24999993e-08,,,,
"I2C","start",4.95031094,6.24999993e-08,,,,
"I2C","address",4.9503135,2.325e-05,,true,0x25,false
"I2C","data",4.95034219,2.31875e-05,0x00,true,,
"I2C","start",4.950371,6.25000011e-08,,,,
"I2C","address",4.95037363,2.325e-05,,true,0x25,true
"I2C","data",4.95040706,2.31875e-05,0xA5,true,,
"I2C","data",4.95043169,2.325e-05,0x03,false,,
"I2C","stop",4.95045794,6.25000002e-08,,,,
"I2C","start",4.95046381,6.24999993e-08,,,,
"I2C","address",4.95046644,2.325e-05,,true,0x25,false
"I2C","data",4.95049519,2.325e-05,0x40,true,,
"I2C","start",4.95052394,6.24999993e-08,,,,
"I2C","address",4.95052656,2.325e-05,,true,0x25,true
"I2C","data",4.95055994,2.31875e-05,0x00,false,,
"I2C","stop",4.95058613,6.25000002e-08,,,,
"I2C","start",4.9505915,6.25000002e-08,,,,
"I2C","address",4.95059413,2.325e-05,,true,0x25,false
"I2C","data",4.950623,2.325e-05,0x00,true,,
"I2C","start",4.95065169,6.25000002e-08,,,,
"I2C","address",4.95065431,2.325e-05,,true,0x25,true
"I2C","data",4.95068775,2.31875e-05,0xA5,true,,
"I2C","data",4.95071244,2.325e-05,0x03,true,,
"I2C","data",4.95073712,2.325e-05,0x00,true,,
"I2C","data",4.95076188,2.325e-05,0x00,true,,
"I2C","data",4.95078663,2.325e-05,0x28,true,,
"I2C","data",4.95081137,2.325e-05,0xEF,true,,
"I2C","data",4.95083606,2.325e-05,0x5B,true,,
"I2C","data",4.95086081,2.325e-05,0x00,true,,
"I2C","data",4.95088556,2.325e-05,0x03,true,,
"I2C","data",4.95091031,2.325e-05,0x00,true,,
"I2C","data",4.950935,2.33125e-05,0x00,true,,
"I2C","data",4.95095975,2.325e-05,0x00,true,,
"I2C","data",4.9509845,2.325e-05,0x40,true,,
"I2C","data",4.95100925,2.325e-05,0x0D,true,,
"I2C","data",4.95103394,2.33125e-05,0x03,true,,
"I2C","data",4.95105869,2.325e-05,0x00,true,,
"I2C","data",4.95108344,2.325e-05,0x01,true,,
"I2C","data",4.95110819,2.325e-05,0x00,true,,
"I2C","data",4.95113287,2.33125e-05,0x01,true,,
"I2C","data",4.95115762,2.325e-05,0x00,true,,
"I2C","data",4.95118238,2.325e-05,0x80,true,,
"I2C","data",4.95120712,2.325e-05,0x8D,true,,
"I2C","data",4.95123188,2.325e-05,0x5B,true,,
"I2C","data",4.95125656,2.325e-05,0x00,true,,
"I2C","data",4.95128131,2.325e-05,0x20,true,,
"I2C","data",4.95130606,2.325e-05,0xBF,true,,
"I2C","data",4.95133081,2.325e-05,0x02,true,,
"I2C","data",4.9513555,2.325e-05,0x00,true,,
"I2C","data",4.95138025,2.325e-05,0x00,true,,
"I2C","data",4.951405,2.325e-05,0x12,true,,
"I2C","data",4.95142975,2.325e-05,0x7A,true,,
"I2C","data",4.95145444,2.325e-05,0x00,true,,
"I2C","data",4.95147919,2.325e-05,0x60,true,,
"I2C","data",4.95150394,2.325e-05,0xE3,true,,
"I2C","data",4.95152869,2.325e-05,0x16,true,,
"I2C","data",4.95155337,2.325e-05,0x00,true,,
"I2C","data",4.95157813,2.325e-05,0x30,true,,
"I2C","data",4.95160287,2.325e-05,0x11,true,,
"I2C","data",4.95162763,2.325e-05,0x00,true,,
"I2C","data",4.95165231,2.325e-05,0x00,true,,
"I2C","data",4.95167706,2.325e-05,0xD0,true,,
"I2C","data",4.95170181,2.325e-05,0xEE,true,,
"I2C","data",4.95172656,2.325e-05,0xFF,true,,
"I2C","data",4.95175125,2.325e-05,0xFF,true,,
"I2C","data",4.951776,2.325e-05,0x20,true,,
"I2C","data",4.95180075,2.325e-05,0x03,true,,
"I2C","data",4.9518255,2.325e-05,0xD0,true,,
"I2C","data",4.95185019,2.33125e-05,0x07,true,,
"I2C","data",4.95187494,2.325e-05,0x64,true,,
"I2C","data",4.95189969,2.325e-05,0x00,true,,
"I2C","data",4.95192444,2.325e-05,0xF4,true,,
"I2C","data",4.95194919,2.325e-05,0x01,true,,
"I2C","data",4.95197388,2.325e-05,0x00,true,,
"I2C","data",4.95199862,2.325e-05,0x00,true,,
"I2C","data",4.95202337,2.325e-05,0x00,true,,
"I2C","data",4.95204813,2.325e-05,0x00,true,,
"I2C","data",4.95207281,2.325e-05,0x00,true,,
"I2C","data",4.95209756,2.325e-05,0x00,true,,
"I2C","data",4.95212231,2.325e-05,0x00,true,,
"I2C","data",4.95214706,2.325e-05,0x00,true,,
"I2C","data",4.95217175,2.325e-05,0x00,true,,
"I2C","data",4.9521965,2.325e-05,0x00,true,,
"I2C","data",4.95222125,2.325e-05,0x00,true,,
"I2C","data",4.952246,2.325e-05,0x00,true,,
"I2C","data",4.95227069,2.325e-05,0x00,true,,
"I2C","data",4.95229544,2.325e-05,0x00,true,,
"I2C","data",4.95232019,2.325e-05,0x00,true,,
"I2C","data",4.95234494,2.325e-05,0x00,true,,
"I2C","data",4.95236963,2.325e-05,0x00,true,,
"I2C","data",4.95239437,2.325e-05,0x00,true,,
"I2C","data",4.95241912,2.325e-05,0x00,true,,
"I2C","data",4.95244388,2.325e-05,0x00,true,,
"I2C","data",4.95246856,2.325e-05,0x00,true,,
"I2C","data",4.95249331,2.325e-05,0x00,true,,
"I2C","data",4.95251806,2.325e-05,0x00,true,,
"I2C","data",4.95254281,2.325e-05,0x00,true,,
"I2C","data",4.9525675,2.325e-05,0x00,true,,
"I2C","data",4.95259225,2.325e-05,0x00,true,,
"I2C","data",4.952617,2.325e-05,0x00,true,,
"I2C","data",4.95264175,2.325e-05,0x00,true,,
"I2C","data",4.95266644,2.325e-05,0x00,true,,
"I2C","data",4.95269119,2.325e-05,0x00,true,,
"I2C","data",4.95271594,2.325e-05,0x00,true,,
"I2C","data",4.95274069,2.325e-05,0x00,true,,
"I2C","data",4.95276538,2.325e-05,0x00,true,,
"I2C","data",4.95279012,2.325e-05,0x00,true,,
"I2C","data",4.95281487,2.325e-05,0x00,true,,
"I2C","data",4.95283963,2.325e-05,0x00,true,,
"I2C","data",4.95286431,2.33125e-05,0x00,true,,
"I2C","data",4.95288906,2.325e-05,0x00,true,,
"I2C","data",4.95291381,2.325e-05,0x00,true,,
"I2C","data",4.95293856,2.325e-05,0x00,true,,
"I2C","data",4.95296325,2.33125e-05,0x00,true,,
"I2C","data",4.952988,2.325e-05,0x00,true,,
"I2C","data",4.95301275,2.325e-05,0x00,true,,
"I2C","data",4.9530375,2.325e-05,0x00,false,,
"I2C","stop",4.95306369,6.25000002e-08,,,,
"I2C","start",4.95306912,6.24999993e-08,,,,
"I2C","address",4.95307169,2.325e-05,,true,0x25,false
"I2C","data",4.95310056,2.325e-05,0x40,true,,
"I2C","start",4.95312906,6.25000002e-08,,,,
"I2C","address",4.95313169,2.325e-05,,true,0x25,true
"I2C","data",4.95316512,2.33125e-05,0x00,false,,
"I2C","stop",4.95319138,6.25000002e-08,,,,
"Async Serial [1]","data",4.98103269,9.5e-06,0xB1,,,
"Async Serial [1]","data",4.98104269,9.5e-06,0x04,,,
"Async Serial [1]","data",4.98105269,9.5e-06,0x00,,,
"Async Serial [1]","data",4.98106269,9.5e-06,0x00,,,
"Async Serial [1]","data",4.98107269,9.5e-06,0xFC,,,
"Async Serial [1]","data",4.98108269,9.5e-06,0xB3,,,
"Async Serial","data",4.98112775,9.5e-06,0xB2,,,
"Async Serial","data",4.98113787,9.5e-06,0x00,,,
"Async Serial","data",4.981148,9.5e-06,0x01,,,
"Async Serial","data",4.98115813,9.5e-06,0x03,,,
"Async Serial","data",4.98116825,9.5e-06,0xFC,,,
"Async Serial","data",4.98117837,9.5e-06,0xB3,,,
"Async Serial [1]","data",5.09106281,9.5e-06,0xB1,,,
"Async Serial [1]","data",5.09107281,9.5e-06,0x04,,,
"Async Serial [1]","data",5.09108281,9.5e-06,0x00,,,
"Async Serial [1]","data",5.09109281,9.5e-06,0x00,,,
"Async Serial [1]","data",5.09110281,9.5e-06,0xFC,,,
"Async Serial [1]","data",5.09111281,9.5e-06,0xB3,,,
"Async Serial","data",5.09115675,9.5e-06,0xB2,,,
"Async Serial","data",5.09116687,9.5e-06,0x00,,,
"Async Serial","data",5.091177,9.5e-06,0x01,,,
"Async Serial","data",5.09118713,9.5e-06,0x03,,,
"Async Serial","data",5.09119719,9.5e-06,0xFC,,,
"Async Serial","data",5.09120731,9.5e-06,0xB3,,,
"Async Serial [1]","data",5.19309963,9.5e-06,0xB1,,,
"Async Serial [1]","data",5.19310962,9.5e-06,0x04,,,
"Async Serial [1]","data",5.19311962,9.5e-06,0x00,,,
"Async Serial [1]","data",5.19312963,9.5e-06,0x00,,,
"Async Serial [1]","data",5.19313962,9.5e-06,0xFC,,,
"Async Serial [1]","data",5.19314963,9.5e-06,0xB3,,,
"Async Serial","data",5.1931945,9.5e-06,0xB2,,,
"Async Serial","data",5.19320462,9.5e-06,0x00,,,
"Async Serial","data",5.19321475,9.5e-06,0x01,,,
"Async Serial","data",5.19322488,9.5e-06,0x03,,,
"Async Serial","data",5.19323494,9.5e-06,0xFC,,,
"Async Serial","data",5.19324506,9.5e-06,0xB3,,,
"I2C","start",5.2511215,6.24999993e-08,,,,
"I2C","address",5.25112412,2.325e-05,,true,0x25,false
"I2C","stop",5.25115425,6.25000002e-08,,,,
"I2C","start",5.25115925,6.25000002e-08,,,,
"I2C","address",5.25116188,2.325e-05,,true,0x25,false
"I2C","data",5.25119056,2.33125e-05,0x00,true,,
"I2C","start",5.25121937,6.25000002e-08,,,,
"I2C","address",5.25122194,2.33125e-05,,true,0x25,true
"I2C","data",5.25125538,2.31875e-05,0xA5,true,,
"I2C","data",5.25128006,2.325e-05,0x03,false,,
"I2C","stop",5.25130631,6.25000002e-08,,,,
"I2C","start",5.25131131,6.25000002e-08,,,,
"I2C","address",5.25131394,2.325e-05,,true,0x25,false
"I2C","data",5.25134263,2.33125e-05,0x40,true,,
"I2C","start",5.25137156,6.24999993e-08,,,,
"I2C","address",5.25137412,2.33125e-05,,true,0x25,true
"I2C","data",5.25140756,2.31875e-05,0x00,false,,
"I2C","stop",5.25143375,6.25000002e-08,,,,
"I2C","start",5.251439,6.25000002e-08,,,,
"I2C","address",5.25144163,2.325e-05,,true,0x25,false
"I2C","data",5.2514705,2.325e-05,0x00,true,,
"I2C","start",5.25149912,6.25000011e-08,,,,
"I2C","address",5.25150175,2.325e-05,,true,0x25,true
"I2C","data",5.25153519,2.31875e-05,0xA5,true,,
"I2C","data",5.25155981,2.33125e-05,0x03,true,,
"I2C","data",5.25158456,2.325e-05,0x00,true,,
"I2C","data",5.25160931,2.325e-05,0x00,true,,
"I2C","data",5.25163406,2.325e-05,0x28,true,,
"I2C","data",5.25165881,2.325e-05,0xEF,true,,
"I2C","data",5.25168356,2.325e-05,0x5B,true,,
"I2C","data",5.25170831,2.325e-05,0x00,true,,
"I2C","data",5.251733,2.33125e-05,0x03,true,,
"I2C","data",5.25175775,2.325e-05,0x00,true,,
"I2C","data",5.2517825,2.325e-05,0x00,true,,
"I2C","data",5.25180725,2.325e-05,0x00,true,,
"I2C","data",5.251832,2.325e-05,0x40,true,,
"I2C","data",5.25185675,2.325e-05,0x0D,true,,
"I2C","data",5.25188144,2.33125e-05,0x03,true,,
"I2C","data",5.25190619,2.33125e-05,0x00,true,,
"I2C","data",5.25193094,2.325e-05,0x01,true,,
"I2C","data",5.25195569,2.325e-05,0x00,true,,
"I2C","data",5.25198044,2.325e-05,0x01,true,,
"I2C","data",5.25200519,2.325e-05,0x00,true,,
"I2C","data",5.25202994,2.325e-05,0x80,true,,
"I2C","data",5.25205463,2.33125e-05,0x8D,true,,
"I2C","data",5.25207938,2.33125e-05,0x5B,true,,
"I2C","data",5.25210412,2.33125e-05,0x00,true,,
"I2C","data",5.25212888,2.325e-05,0x20,true,,
"I2C","data",5.25215363,2.325e-05,0xBF,true,,
"I2C","data",5.25217837,2.325e-05,0x02,true,,
"I2C","data",5.25220313,2.325e-05,0x00,true,,
"I2C","data",5.25222787,2.325e-05,0x00,true,,
"I2C","data",5.25225262,2.325e-05,0x12,true,,
"I2C","data",5.25227738,2.325e-05,0x7A,true,,
"I2C","data",5.25230212,2.325e-05,0x00,true,,
"I2C","data",5.25232681,2.33125e-05,0x60,true,,
"I2C","data",5.25235156,2.325e-05,0xE3,true,,
"I2C","data",5.25237631,2.325e-05,0x16,true,,
"I2C","data",5.25240106,2.325e-05,0x00,true,,
"I2C","data",5.25242581,2.325e-05,0x30,true,,
"I2C","data",5.25245056,2.325e-05,0x11,true,,
"I2C","data",5.25247531,2.325e-05,0x00,true,,
"I2C","data",5.25250006,2.325e-05,0x00,true,,
"I2C","data",5.25252475,2.33125e-05,0xD0,true,,
"I2C","data",5.2525495,2.33125e-05,0xEE,true,,
"I2C","data",5.25257425,2.325e-05,0xFF,true,,
"I2C","data",5.252599,2.325e-05,0xFF,true,,
"I2C","data",5.25262375,2.325e-05,0x20,true,,
"I2C","data",5.2526485,2.325e-05,0x03,true,,
"I2C","data",5.25267319,2.33125e-05,0xD0,true,,
"I2C","data",5.25269794,2.33125e-05,0x07,true,,
"I2C","data",5.25272269,2.325e-05,0x64,true,,
"I2C","data",5.25274744,2.325e-05,0x00,true,,
"I2C","data",5.25277219,2.325e-05,0xF4,true,,
"I2C","data",5.25279694,2.325e-05,0x01,true,,
"I2C","data",5.25282169,2.325e-05,0x00,true,,
"I2C","data",5.25284637,2.325e-05,0x00,true,,
"I2C","data",5.25287113,2.325e-05,0x00,true,,
"I2C","data",5.25289588,2.325e-05,0x00,true,,
"I2C","data",5.25292062,2.325e-05,0x00,true,,
"I2C","data",5.25294538,2.325e-05,0x00,true,,
"I2C","data",5.25297006,2.33125e-05,0x00,true,,
"I2C","data",5.25299481,2.33125e-05,0x00,true,,
"I2C","data",5.25301956,2.325e-05,0x00,true,,
"I2C","data",5.25304431,2.325e-05,0x00,true,,
"I2C","data",5.25306906,2.325e-05,0x00,true,,
"I2C","data",5.25309381,2.325e-05,0x00,true,,
"I2C","data",5.25311856,2.325e-05,0x00,true,,
"I2C","data",5.25314331,2.325e-05,0x00,true,,
"I2C","data",5.25316806,2.325e-05,0x00,true,,
"I2C","data",5.25319281,2.325e-05,0x00,true,,
"I2C","data",5.2532175,2.33125e-05,0x00,true,,
"I2C","data",5.25324225,2.33125e-05,0x00,true,,
"I2C","data",5.253267,2.325e-05,0x00,true,,
"I2C","data",5.25329175,2.325e-05,0x00,true,,
"I2C","data",5.2533165,2.325e-05,0x00,true,,
"I2C","data",5.25334125,2.325e-05,0x00,true,,
"I2C","data",5.253366,2.325e-05,0x00,true,,
"I2C","data",5.25339075,2.325e-05,0x00,true,,
"I2C","data",5.2534155,2.325e-05,0x00,true,,
"I2C","data",5.25344019,2.33125e-05,0x00,true,,
"I2C","data",5.25346494,2.325e-05,0x00,true,,
"I2C","data",5.25348969,2.325e-05,0x00,true,,
"I2C","data",5.25351444,2.325e-05,0x00,true,,
"I2C","data",5.25353919,2.325e-05,0x00,true,,
"I2C","data",5.25356394,2.325e-05,0x00,true,,
"I2C","data",5.25358862,2.33125e-05,0x00,true,,
"I2C","data",5.25361337,2.325e-05,0x00,true,,
"I2C","data",5.25363813,2.325e-05,0x00,true,,
"I2C","data",5.25366287,2.325e-05,0x00,true,,
"I2C","data",5.25368763,2.325e-05,0x00,true,,
"I2C","data",5.25371238,2.325e-05,0x00,true,,
"I2C","data",5.25373712,2.325e-05,0x00,true,,
"I2C","data",5.25376188,2.325e-05,0x00,true,,
"I2C","data",5.25378656,2.33125e-05,0x00,true,,
"I2C","data",5.25381131,2.325e-05,0x00,true,,
"I2C","data",5.25383606,2.325e-05,0x00,true,,
"I2C","data",5.25386081,2.325e-05,0x00,true,,
"I2C","data",5.25388556,2.325e-05,0x00,false,,
"I2C","stop",5.25391181,6.24999993e-08,,,,
"I2C","start",5.25391719,6.24999993e-08,,,,
"I2C","address",5.25391981,2.325e-05,,true,0x25,false
"I2C","data",5.2539485,2.31875e-05,0x40,true,,
"I2C","start",5.25397731,6.24999993e-08,,,,
"I2C","address",5.25397987,2.33125e-05,,true,0x25,true
"I2C","data",5.2540135,2.325e-05,0x00,false,,
"I2C","stop",5.25403975,6.25000002e-08,,,,
"Async Serial [1]","data",5.29513638,9.5e-06,0xB1,,,
"Async Serial [1]","data",5.29514637,9.5e-06,0x04,,,
"Async Serial [1]","data",5.29515638,9.5e-06,0x00,,,
"Async Serial [1]","data",5.29516637,9.5e-06,0x00,,,
"Async Serial [1]","data",5.29517637,9.5e-06,0xFC,,,
"Async Serial [1]","data",5.29518638,9.5e-06,0xB3,,,
"Async Serial","data",5.29523213,9.5e-06,0xB2,,,
"Async Serial","data",5.29524225,9.5e-06,0x00,,,
"Async Serial","data",5.29525231,9.5e-06,0x01,,,
"Async Serial","data",5.29526244,9.5e-06,0x03,,,
"Async Serial","data",5.29527256,9.5e-06,0xFC,,,
"Async Serial","data",5.29528269,9.5e-06,0xB3,,,
"Async Serial [1]","data",5.39717319,9.5e-06,0xB1,,,
"Async Serial [1]","data",5.39718319,9.5e-06,0x04,,,
"Async Serial [1]","data",5.39719319,9.5e-06,0x00,,,
"Async Serial [1]","data",5.39720319,9.5e-06,0x00,,,
"Async Serial [1]","data",5.39721319,9.5e-06,0xFC,,,
"Async Serial [1]","data",5.39722319,9.5e-06,0xB3,,,
"Async Serial","data",5.39726819,9.5e-06,0xB2,,,
"Async Serial","data",5.39727831,9.5e-06,0x00,,,
"Async Serial","data",5.39728844,9.5e-06,0x01,,,
"Async Serial","data",5.39729856,9.5e-06,0x03,,,
"Async Serial","data",5.39730869,9.5e-06,0xFC,,,
"Async Serial","data",5.39731881,9.5e-06,0xB3,,,
"Async Serial [1]","data",5.50720325,9.5e-06,0xB1,,,
"Async Serial [1]","data",5.50721325,9.5e-06,0x04,,,
"Async Serial [1]","data",5.50722325,9.5e-06,0x00,,,
"Async Serial [1]","data",5.50723325,9.5e-06,0x00,,,
"Async Serial [1]","data",5.50724325,9.5e-06,0xFC,,,
"Async Serial [1]","data",5.50725325,9.5e-06,0xB3,,,
"Async Serial","data",5.50729913,9.5e-06,0xB2,,,
"Async Serial","data",5.50730925,9.5e-06,0x00,,,
"Async Serial","data",5.50731937,9.5e-06,0x01,,,
"Async Serial","data",5.5073295,9.5e-06,0x03,,,
"Async Serial","data",5.50733963,9.5e-06,0xFC,,,
"Async Serial","data",5.50734975,9.5e-06,0xB3,,,
"I2C","start",5.55196962,6.25000002e-08,,,,
"I2C","address",5.55197225,2.325e-05,,true,0x25,false
"I2C","stop",5.55200237,6.24999993e-08,,,,
"I2C","start",5.55200737,6.25000011e-08,,,,
"I2C","address",5.55201,2.325e-05,,true,0x25,false
"I2C","data",5.55203875,2.325e-05,0x00,true,,
"I2C","start",5.5520675,6.25000002e-08,,,,
"I2C","address",5.55207013,2.325e-05,,true,0x25,true
"I2C","data",5.55210356,2.3125e-05,0xA5,true,,
"I2C","data",5.55212819,2.325e-05,0x03,false,,
"I2C","stop",5.55215444,6.25000011e-08,,,,
"I2C","start",5.55216031,6.24999993e-08,,,,
"I2C","address",5.55216294,2.325e-05,,true,0x25,false
"I2C","data",5.55219169,2.325e-05,0x40,true,,
"I2C","start",5.55222044,6.24999993e-08,,,,
"I2C","address",5.552223,2.33125e-05,,true,0x25,true
"I2C","data",5.5522565,2.3125e-05,0x00,false,,
"I2C","stop",5.55228263,6.25000002e-08,,,,
"I2C","start",5.552288,6.25000002e-08,,,,
"I2C","address",5.55229063,2.325e-05,,true,0x25,false
"I2C","data",5.55231937,2.325e-05,0x00,true,,
"I2C","start",5.55234812,6.25000002e-08,,,,
"I2C","address",5.55235075,2.325e-05,,true,0x25,true
"I2C","data",5.55238419,2.33125e-05,0xA5,true,,
"I2C","data",5.55240894,2.325e-05,0x03,true,,
"I2C","data",5.55243369,2.325e-05,0x00,true,,
"I2C","data",5.55245844,2.325e-05,0x00,true,,
"I2C","data",5.55248319,2.325e-05,0x28,true,,
"I2C","data",5.55250794,2.325e-05,0xEF,true,,
"I2C","data",5.55253263,2.33125e-05,0x5B,true,,
"I2C","data",5.55255738,2.325e-05,0x00,true,,
"I2C","data",5.55258212,2.325e-05,0x03,true,,
"I2C","data",5.55260688,2.325e-05,0x00,true,,
"I2C","data",5.55263163,2.325e-05,0x00,true,,
"I2C","data",5.55265637,2.325e-05,0x00,true,,
"I2C","data",5.55268113,2.325e-05,0x40,true,,
"I2C","data",5.55270581,2.33125e-05,0x0D,true,,
"I2C","data",5.55273056,2.325e-05,0x03,true,,
"I2C","data",5.55275531,2.325e-05,0x00,true,,
"I2C","data",5.55278006,2.325e-05,0x01,true,,
"I2C","data",5.55280481,2.325e-05,0x00,true,,
"I2C","data",5.5528295,2.33125e-05,0x01,true,,
"I2C","data",5.55285425,2.325e-05,0x00,true,,
"I2C","data",5.552879,2.325e-05,0x80,true,,
"I2C","data",5.55290375,2.325e-05,0x8D,true,,
"I2C","data",5.5529285,2.325e-05,0x5B,true,,
"I2C","data",5.55295325,2.325e-05,0x00,true,,
"I2C","data",5.55297794,2.33125e-05,0x20,true,,
"I2C","data",5.55300269,2.325e-05,0xBF,true,,
"I2C","data",5.55302744,2.325e-05,0x02,true,,
"I2C","data",5.55305219,2.325e-05,0x00,true,,
"I2C","data",5.55307694,2.325e-05,0x00,true,,
"I2C","data",5.55310169,2.325e-05,0x12,true,,
"I2C","data",5.55312637,2.325e-05,0x7A,true,,
"I2C","data",5.55315113,2.325e-05,0x00,true,,
"I2C","data",5.55317587,2.325e-05,0x60,true,,
"I2C","data",5.55320062,2.325e-05,0xE3,true,,
"I2C","data",5.55322538,2.325e-05,0x16,true,,
"I2C","data",5.55325006,2.33125e-05,0x00,true,,
"I2C","data",5.55327481,2.325e-05,0x30,true,,
"I2C","data",5.55329956,2.325e-05,0x11,true,,
"I2C","data",5.55332431,2.325e-05,0x00,true,,
"I2C","data",5.55334906,2.325e-05,0x00,true,,
"I2C","data",5.55337375,2.325e-05,0xD0,true,,
"I2C","data",5.5533985,2.325e-05,0xEE,true,,
"I2C","data",5.55342325,2.325e-05,0xFF,true,,
"I2C","data",5.553448,2.325e-05,0xFF,true,,
"I2C","data",5.55347275,2.325e-05,0x20,true,,
"I2C","data",5.55349744,2.325e-05,0x03,true,,
"I2C","data",5.55352219,2.325e-05,0xD0,true,,
"I2C","data",5.55354694,2.325e-05,0x07,true,,
"I2C","data",5.55357169,2.325e-05,0x64,true,,
"I2C","data",5.55359644,2.325e-05,0x00,true,,
"I2C","data",5.55362113,2.325e-05,0xF4,true,,
"I2C","data",5.55364587,2.325e-05,0x01,true,,
"I2C","data",5.55367062,2.325e-05,0x00,true,,
"I2C","data",5.55369538,2.325e-05,0x00,true,,
"I2C","data",5.55372006,2.325e-05,0x00,true,,
"I2C","data",5.55374481,2.325e-05,0x00,true,,
"I2C","data",5.55376956,2.325e-05,0x00,true,,
"I2C","data",5.55379431,2.325e-05,0x00,true,,
"I2C","data",5.553819,2.325e-05,0x00,true,,
"I2C","data",5.55384375,2.325e-05,0x00,true,,
"I2C","data",5.5538685,2.325e-05,0x00,true,,
"I2C","data",5.55389325,2.325e-05,0x00,true,,
"I2C","data",5.55391794,2.325e-05,0x00,true,,
"I2C","data",5.55394269,2.325e-05,0x00,true,,
"I2C","data",5.55396744,2.325e-05,0x00,true,,
"I2C","data",5.55399219,2.325e-05,0x00,true,,
"I2C","data",5.55401688,2.325e-05,0x00,true,,
"I2C","data",5.55404162,2.325e-05,0x00,true,,
"I2C","data",5.55406637,2.325e-05,0x00,true,,
"I2C","data",5.55409113,2.325e-05,0x00,true,,
"I2C","data",5.55411581,2.33125e-05,0x00,true,,
"I2C","data",5.55414056,2.325e-05,0x00,true,,
"I2C","data",5.55416531,2.325e-05,0x00,true,,
"I2C","data",5.55419006,2.325e-05,0x00,true,,
"I2C","data",5.55421481,2.325e-05,0x00,true,,
"I2C","data",5.5542395,2.325e-05,0x00,true,,
"I2C","data",5.55426425,2.325e-05,0x00,true,,
"I2C","data",5.554289,2.325e-05,0x00,true,,
"I2C","data",5.55431375,2.325e-05,0x00,true,,
"I2C","data",5.55433844,2.33125e-05,0x00,true,,
"I2C","data",5.55436319,2.325e-05,0x00,true,,
"I2C","data",5.55438794,2.325e-05,0x00,true,,
"I2C","data",5.55441269,2.325e-05,0x00,true,,
"I2C","data",5.55443744,2.325e-05,0x00,true,,
"I2C","data",5.55446212,2.325e-05,0x00,true,,
"I2C","data",5.55448688,2.325e-05,0x00,true,,
"I2C","data",5.55451162,2.325e-05,0x00,true,,
"I2C","data",5.55453637,2.325e-05,0x00,true,,
"I2C","data",5.55456106,2.325e-05,0x00,true,,
"I2C","data",5.55458581,2.325e-05,0x00,true,,
"I2C","data",5.55461056,2.325e-05,0x00,true,,
"I2C","data",5.55463531,2.325e-05,0x00,true,,
"I2C","data",5.55466,2.325e-05,0x00,true,,
"I2C","data",5.55468475,2.325e-05,0x00,true,,
"I2C","data",5.5547095,2.325e-05,0x00,true,,
"I2C","data",5.55473425,2.325e-05,0x00,false,,
"I2C","stop",5.55476044,6.25000002e-08,,,,
"I2C","start",5.55476581,6.24999993e-08,,,,
"I2C","address",5.55476844,2.325e-05,,true,0x25,false
"I2C","data",5.55479719,2.325e-05,0x40,true,,
"I2C","start",5.55482594,6.24999993e-08,,,,
"I2C","address",5.55482856,2.325e-05,,true,0x25,true
"I2C","data",5.554862,2.3125e-05,0x00,false,,
"I2C","stop",5.55488812,6.25000002e-08,,,,
"Async Serial [1]","data",5.60924006,9.5e-06,0xB1,,,
"Async Serial [1]","data",5.60925006,9.5e-06,0x04,,,
"Async Serial [1]","data",5.60926006,9.5e-06,0x00,,,
"Async Serial [1]","data",5.60927006,9.5e-06,0x00,,,
"Async Serial [1]","data",5.60928006,9.5e-06,0xFC,,,
"Async Serial [1]","data",5.60929006,9.5e-06,0xB3,,,
"Async Serial","data",5.60933675,9.5e-06,0xB2,,,
"Async Serial","data",5.60934687,9.5e-06,0x00,,,
"Async Serial","data",5.609357,9.5e-06,0x01,,,
"Async Serial","data",5.60936713,9.5e-06,0x03,,,
"Async Serial","data",5.60937725,9.5e-06,0xFC,,,
"Async Serial","data",5.60938731,9.5e-06,0xB3,,,
"Async Serial [1]","data",5.71127581,9.5e-06,0xB1,,,
"Async Serial [1]","data",5.71128587,9.5e-06,0x04,,,
"Async Serial [1]","data",5.71129587,9.5e-06,0x00,,,
"Async Serial [1]","data",5.71130587,9.5e-06,0x00,,,
"Async Serial [1]","data",5.71131588,9.5e-06,0xFC,,,
"Async Serial [1]","data",5.71132588,9.5e-06,0xB3,,,
"Async Serial","data",5.71136856,9.5e-06,0xB2,,,
"Async Serial","data",5.71137863,9.5e-06,0x00,,,
"Async Serial","data",5.71138875,9.5e-06,0x01,,,
"Async Serial","data",5.71139888,9.5e-06,0x03,,,
"Async Serial","data",5.711409,9.5e-06,0xFC,,,
"Async Serial","data",5.71141912,9.5e-06,0xB3,,,
"Async Serial [1]","data",5.81331263,9.5e-06,0xB1,,,
"Async Serial [1]","data",5.81332262,9.5e-06,0x04,,,
"Async Serial [1]","data",5.81333263,9.5e-06,0x00,,,
"Async Serial [1]","data",5.81334262,9.5e-06,0x00,,,
"Async Serial [1]","data",5.81335263,9.5e-06,0xFC,,,
"Async Serial [1]","data",5.81336262,9.5e-06,0xB3,,,
"Async Serial","data",5.81340575,9.5e-06,0xB2,,,
"Async Serial","data",5.81341587,9.5e-06,0x00,,,
"Async Serial","data",5.813426,9.5e-06,0x01,,,
"Async Serial","data",5.81343612,9.5e-06,0x03,,,
"Async Serial","data",5.81344625,9.5e-06,0xFC,,,
"Async Serial","data",5.81345631,9.5e-06,0xB3,,,
"I2C","start",5.85282094,6.25000002e-08,,,,
"I2C","address",5.85282356,2.325e-05,,true,0x25,false
"I2C","stop",5.85285375,6.25000002e-08,,,,
"I2C","start",5.85285881,6.25000002e-08,,,,
"I2C","address",5.85286137,2.325e-05,,true,0x25,false
"I2C","data",5.85289013,2.325e-05,0x00,true,,
"I2C","start",5.85291888,6.25000002e-08,,,,
"I2C","address",5.8529215,2.325e-05,,true,0x25,true
"I2C","data",5.852955,2.31875e-05,0xA5,true,,
"I2C","data",5.85297969,2.325e-05,0x03,false,,
"I2C","stop",5.85300594,6.24999993e-08,,,,
"I2C","start",5.85301156,6.25000002e-08,,,,
"I2C","address",5.85301419,2.325e-05,,true,0x25,false
"I2C","data",5.85304287,2.31875e-05,0x40,true,,
"I2C","start",5.85307169,6.25000002e-08,,,,
"I2C","address",5.85307425,2.325e-05,,true,0x25,true
"I2C","data",5.85310775,2.325e-05,0x00,false,,
"I2C","stop",5.85313394,6.25000002e-08,,,,
"I2C","start",5.85313925,6.24999993e-08,,,,
"I2C","address",5.85314188,2.325e-05,,true,0x25,false
"I2C","data",5.85317069,2.325e-05,0x00,true,,
"I2C","start",5.85319919,6.25000011e-08,,,,
"I2C","address",5.85320181,2.325e-05,,true,0x25,true
"I2C","data",5.85323525,2.31875e-05,0xA5,true,,
"I2C","data",5.85325988,2.325e-05,0x03,true,,
"I2C","data",5.85328462,2.325e-05,0x00,true,,
"I2C","data",5.85330938,2.325e-05,0x00,true,,
"I2C","data",5.85333412,2.31875e-05,0x28,true,,
"I2C","data",5.85335881,2.325e-05,0xEF,true,,
"I2C","data",5.85338356,2.325e-05,0x5B,true,,
"I2C","data",5.85340831,2.325e-05,0x00,true,,
"I2C","data",5.853433,2.325e-05,0x03,true,,
"I2C","data",5.85345775,2.325e-05,0x00,true,,
"I2C","data",5.8534825,2.325e-05,0x00,true,,
"I2C","data",5.85350719,2.33125e-05,0x00,true,,
"I2C","data",5.85353194,2.325e-05,0x40,true,,
"I2C","data",5.85355669,2.325e-05,0x0D,true,,
"I2C","data",5.85358144,2.325e-05,0x03,true,,
"I2C","data",5.85360612,2.325e-05,0x00,true,,
"I2C","data",5.85363088,2.325e-05,0x01,true,,
"I2C","data",5.85365563,2.325e-05,0x00,true,,
"I2C","data",5.85368037,2.325e-05,0x01,true,,
"I2C","data",5.85370506,2.325e-05,0x00,true,,
"I2C","data",5.85372981,2.325e-05,0x80,true,,
"I2C","data",5.85375456,2.325e-05,0x8D,true,,
"I2C","data",5.85377931,2.325e-05,0x5B,true,,
"I2C","data",5.853804,2.325e-05,0x00,true,,
"I2C","data",5.85382875,2.325e-05,0x20,true,,
"I2C","data",5.8538535,2.325e-05,0xBF,true,,
"I2C","data",5.85387819,2.325e-05,0x02,true,,
"I2C","data",5.85390294,2.325e-05,0x00,true,,
"I2C","data",5.85392769,2.325e-05,0x00,true,,
"I2C","data",5.85395238,2.325e-05,0x12,true,,
"I2C","data",5.85397713,2.325e-05,0x7A,true,,
"I2C","data",5.85400187,2.325e-05,0x00,true,,
"I2C","data",5.85402663,2.325e-05,0x60,true,,
"I2C","data",5.85405131,2.325e-05,0xE3,true,,
"I2C","data",5.85407606,2.325e-05,0x16,true,,
"I2C","data",5.85410081,2.325e-05,0x00,true,,
"I2C","data",5.85412556,2.325e-05,0x30,true,,
"I2C","data",5.85415025,2.325e-05,0x11,true,,
"I2C","data",5.854175,2.325e-05,0x00,true,,
"I2C","data",5.85419975,2.325e-05,0x00,true,,
"I2C","data",5.85422444,2.325e-05,0xD0,true,,
"I2C","data",5.85424919,2.325e-05,0xEE,true,,
"I2C","data",5.85427394,2.325e-05,0xFF,true,,
"I2C","data",5.85429863,2.325e-05,0xFF,true,,
"I2C","data",5.85432337,2.325e-05,0x20,true,,
"I2C","data",5.85434812,2.325e-05,0x03,true,,
"I2C","data",5.85437281,2.33125e-05,0xD0,true,,
"I2C","data",5.85439756,2.325e-05,0x07,true,,
"I2C","data",5.85442231,2.325e-05,0x64,true,,
"I2C","data",5.85444706,2.325e-05,0x00,true,,
"I2C","data",5.85447175,2.33125e-05,0xF4,true,,
"I2C","data",5.8544965,2.325e-05,0x01,true,,
"I2C","data",5.85452125,2.325e-05,0x00,true,,
"I2C","data",5.854546,2.325e-05,0x00,true,,
"I2C","data",5.85457075,2.325e-05,0x00,true,,
"I2C","data",5.85459544,2.325e-05,0x00,true,,
"I2C","data",5.85462019,2.325e-05,0x00,true,,
"I2C","data",5.85464494,2.325e-05,0x00,true,,
"I2C","data",5.85466969,2.325e-05,0x00,true,,
"I2C","data",5.85469438,2.33125e-05,0x00,true,,
"I2C","data",5.85471912,2.325e-05,0x00,true,,
"I2C","data",5.85474387,2.325e-05,0x00,true,,
"I2C","data",5.85476863,2.325e-05,0x00,true,,
"I2C","data",5.85479337,2.325e-05,0x00,true,,
"I2C","data",5.85481806,2.325e-05,0x00,true,,
"I2C","data",5.85484281,2.325e-05,0x00,true,,
"I2C","data",5.85486756,2.325e-05,0x00,true,,
"I2C","data",5.85489231,2.325e-05,0x00,true,,
"I2C","data",5.85491706,2.325e-05,0x00,true,,
"I2C","data",5.85494175,2.325e-05,0x00,true,,
"I2C","data",5.8549665,2.325e-05,0x00,true,,
"I2C","data",5.85499125,2.325e-05,0x00,true,,
"I2C","data",5.855016,2.325e-05,0x00,true,,
"I2C","data",5.85504069,2.33125e-05,0x00,true,,
"I2C","data",5.85506544,2.325e-05,0x00,true,,
"I2C","data",5.85509019,2.325e-05,0x00,true,,
"I2C","data",5.85511494,2.325e-05,0x00,true,,
"I2C","data",5.85513962,2.33125e-05,0x00,true,,
"I2C","data",5.85516438,2.325e-05,0x00,true,,
"I2C","data",5.85518912,2.325e-05,0x00,true,,
"I2C","data",5.85521387,2.325e-05,0x00,true,,
"I2C","data",5.85523863,2.325e-05,0x00,true,,
"I2C","data",5.85526331,2.325e-05,0x00,true,,
"I2C","data",5.85528806,2.325e-05,0x00,true,,
"I2C","data",5.85531281,2.325e-05,0x00,true,,
"I2C","data",5.85533756,2.325e-05,0x00,true,,
"I2C","data",5.85536231,2.325e-05,0x00,true,,
"I2C","data",5.85538706,2.325e-05,0x00,true,,
"I2C","data",5.85541175,2.325e-05,0x00,true,,
"I2C","data",5.8554365,2.325e-05,0x00,true,,
"I2C","data",5.85546125,2.325e-05,0x00,true,,
"I2C","data",5.855486,2.325e-05,0x00,true,,
"I2C","data",5.85551069,2.325e-05,0x00,true,,
"I2C","data",5.85553544,2.325e-05,0x00,true,,
"I2C","data",5.85556019,2.325e-05,0x00,true,,
"I2C","data",5.85558494,2.325e-05,0x00,false,,
"I2C","stop",5.85561113,6.24999993e-08,,,,
"I2C","start",5.85561594,6.25000002e-08,,,,
"I2C","address",5.8556185,2.33125e-05,,true,0x25,false
"I2C","data",5.85564725,2.3125e-05,0x40,true,,
"I2C","start",5.855676,6.25000002e-08,,,,
"I2C","address",5.85567863,2.325e-05,,true,0x25,true
"I2C","data",5.85571219,2.31875e-05,0x00,false,,
"I2C","stop",5.85573831,6.25000002e-08,,,,
"Async Serial [1]","data",5.92334275,9.5e-06,0xB1,,,
"Async Serial [1]","data",5.92335275,9.5e-06,0x04,,,
"Async Serial [1]","data",5.92336275,9.5e-06,0x00,,,
"Async Serial [1]","data",5.92337275,9.5e-06,0x00,,,
"Async Serial [1]","data",5.92338275,9.5e-06,0xFC,,,
"Async Serial [1]","data",5.92339275,9.5e-06,0xB3,,,
"Async Serial","data",5.92343331,9.5e-06,0xB2,,,
"Async Serial","data",5.92344344,9.5e-06,0x00,,,
"Async Serial","data",5.92345356,9.5e-06,0x01,,,
"Async Serial","data",5.92346369,9.5e-06,0x03,,,
"Async Serial","data",5.92347381,9.5e-06,0xFC,,,
"Async Serial","data",5.92348387,9.5e-06,0xB3,,,
"Async Serial [1]","data",6.0253795,9.5e-06,0xB1,,,
"Async Serial [1]","data",6.0253895,9.5e-06,0x04,,,
"Async Serial [1]","data",6.0253995,9.5e-06,0x00,,,
"Async Serial [1]","data",6.0254095,9.5e-06,0x00,,,
"Async Serial [1]","data",6.0254195,9.5e-06,0xFC,,,
"Async Serial [1]","data",6.0254295,9.5e-06,0xB3,,,
"Async Serial","data",6.02547331,9.5e-06,0xB2,,,
"Async Serial","data",6.02548344,9.5e-06,0x00,,,
"Async Serial","data",6.02549356,9.5e-06,0x01,,,
"Async Serial","data",6.02550369,9.5e-06,0x03,,,
"Async Serial","data",6.02551381,9.5e-06,0xFC,,,
"Async Serial","data",6.02552388,9.5e-06,0xB3,,,
"Async Serial [1]","data",6.12741631,9.5e-06,0xB1,,,
"Async Serial [1]","data",6.12742631,9.5e-06,0x04,,,
"Async Serial [1]","data",6.12743631,9.5e-06,0x00,,,
"Async Serial [1]","data",6.12744631,9.5e-06,0x00,,,
"Async Serial [1]","data",6.12745631,9.5e-06,0xFC,,,
"Async Serial [1]","data",6.12746631,9.5e-06,0xB3,,,
"Async Serial","data",6.12750675,9.5e-06,0xB2,,,
"Async Serial","data",6.12751688,9.5e-06,0x00,,,
"Async Serial","data",6.127527,9.5e-06,0x01,,,
"Async Serial","data",6.12753712,9.5e-06,0x03,,,
"Async Serial","data",6.12754719,9.5e-06,0xFC,,,
"Async Serial","data",6.12755731,9.5e-06,0xB3,,,
"I2C","start",6.15367675,6.25000002e-08,,,,
"I2C","address",6.15367938,2.325e-05,,true,0x25,false
"I2C","stop",6.15370944,6.25000002e-08,,,,
"I2C","start",6.15371463,6.24999993e-08,,,,
"I2C","address",6.15371719,2.33125e-05,,true,0x25,false
"I2C","data",6.15374594,2.3125e-05,0x00,true,,
"I2C","start",6.15377469,6.25000002e-08,,,,
"I2C","address",6.15377731,2.325e-05,,true,0x25,true
"I2C","data",6.15381075,2.31875e-05,0xA5,true,,
"I2C","data",6.15383544,2.325e-05,0x03,false,,
"I2C","stop",6.15386163,6.24999993e-08,,,,
"I2C","start",6.15386756,6.24999993e-08,,,,
"I2C","address",6.15387019,2.325e-05,,true,0x25,false
"I2C","data",6.153899,2.31875e-05,0x40,true,,
"I2C","start",6.15392769,6.24999993e-08,,,,
"I2C","address",6.15393025,2.325e-05,,true,0x25,true
"I2C","data",6.15396369,2.31875e-05,0x00,false,,
"I2C","stop",6.15398981,6.24999993e-08,,,,
"I2C","start",6.15399512,6.25000002e-08,,,,
"I2C","address",6.15399775,2.325e-05,,true,0x25,false
"I2C","data",6.1540265,2.325e-05,0x00,true,,
"I2C","start",6.15405525,6.25000002e-08,,,,
"I2C","address",6.15405781,2.325e-05,,true,0x25,true
"I2C","data",6.15409125,2.31875e-05,0xA5,true,,
"I2C","data",6.15411594,2.325e-05,0x03,true,,
"I2C","data",6.15414069,2.325e-05,0x00,true,,
"I2C","data",6.15416537,2.325e-05,0x00,true,,
"I2C","data",6.15419013,2.325e-05,0x28,true,,
"I2C","data",6.15421488,2.325e-05,0xEF,true,,
"I2C","data",6.15423962,2.325e-05,0x5B,true,,
"I2C","data",6.15426438,2.325e-05,0x00,true,,
"I2C","data",6.15428913,2.325e-05,0x03,true,,
"I2C","data",6.15431381,2.325e-05,0x00,true,,
"I2C","data",6.15433856,2.325e-05,0x00,true,,
"I2C","data",6.15436331,2.325e-05,0x00,true,,
"I2C","data",6.15438806,2.325e-05,0x40,true,,
"I2C","data",6.15441281,2.325e-05,0x0D,true,,
"I2C","data",6.1544375,2.33125e-05,0x03,true,,
"I2C","data",6.15446225,2.325e-05,0x00,true,,
"I2C","data",6.154487,2.325e-05,0x01,true,,
"I2C","data",6.15451175,2.325e-05,0x00,true,,
"I2C","data",6.1545365,2.325e-05,0x01,true,,
"I2C","data",6.15456125,2.325e-05,0x00,true,,
"I2C","data",6.15458594,2.33125e-05,0x80,true,,
"I2C","data",6.15461069,2.325e-05,0x8D,true,,
"I2C","data",6.15463544,2.325e-05,0x5B,true,,
"I2C","data",6.15466019,2.325e-05,0x00,true,,
"I2C","data",6.15468494,2.325e-05,0x20,true,,
"I2C","data",6.15470969,2.325e-05,0xBF,true,,
"I2C","data",6.15473444,2.325e-05,0x02,true,,
"I2C","data",6.15475912,2.325e-05,0x00,true,,
"I2C","data",6.15478387,2.325e-05,0x00,true,,
"I2C","data",6.15480863,2.325e-05,0x12,true,,
"I2C","data",6.15483337,2.325e-05,0x7A,true,,
"I2C","data",6.15485812,2.325e-05,0x00,true,,
"I2C","data",6.15488281,2.325e-05,0x60,true,,
"I2C","data",6.15490756,2.325e-05,0xE3,true,,
"I2C","data",6.15493231,2.325e-05,0x16,true,,
"I2C","data",6.15495706,2.325e-05,0x00,true,,
"I2C","data",6.15498175,2.33125e-05,0x30,true,,
"I2C","data",6.1550065,2.325e-05,0x11,true,,
"I2C","data",6.15503125,2.325e-05,0x00,true,,
"I2C","data",6.155056,2.325e-05,0x00,true,,
"I2C","data",6.15508075,2.325e-05,0xD0,true,,
"I2C","data",6.1551055,2.325e-05,0xEE,true,,
"I2C","data",6.15513019,2.33125e-05,0xFF,true,,
"I2C","data",6.15515494,2.325e-05,0xFF,true,,
"I2C","data",6.15517969,2.325e-05,0x20,true,,
"I2C","data",6.15520444,2.325e-05,0x03,true,,
"I2C","data",6.15522919,2.325e-05,0xD0,true,,
"I2C","data",6.15525394,2.325e-05,0x07,true,,
"I2C","data",6.15527863,2.33125e-05,0x64,true,,
"I2C","data",6.15530337,2.33125e-05,0x00,true,,
"I2C","data",6.15532812,2.325e-05,0xF4,true,,
"I2C","data",6.15535288,2.325e-05,0x01,true,,
"I2C","data",6.15537762,2.325e-05,0x00,true,,
"I2C","data",6.15540238,2.325e-05,0x00,true,,
"I2C","data",6.15542713,2.325e-05,0x00,true,,
"I2C","data",6.15545187,2.325e-05,0x00,true,,
"I2C","data",6.15547656,2.33125e-05,0x00,true,,
"I2C","data",6.15550131,2.325e-05,0x00,true,,
"I2C","data",6.15552606,2.325e-05,0x00,true,,
"I2C","data",6.15555081,2.325e-05,0x00,true,,
"I2C","data",6.15557556,2.325e-05,0x00,true,,
"I2C","data",6.15560031,2.325e-05,0x00,true,,
"I2C","data",6.155625,2.33125e-05,0x00,true,,
"I2C","data",6.15564975,2.33125e-05,0x00,true,,
"I2C","data",6.1556745,2.325e-05,0x00,true,,
"I2C","data",6.15569925,2.325e-05,0x00,true,,
"I2C","data",6.155724,2.325e-05,0x00,true,,
"I2C","data",6.15574875,2.325e-05,0x00,true,,
"I2C","data",6.1557735,2.325e-05,0x00,true,,
"I2C","data",6.15579819,2.325e-05,0x00,true,,
"I2C","data",6.15582294,2.325e-05,0x00,true,,
"I2C","data",6.15584769,2.325e-05,0x00,true,,
"I2C","data",6.15587244,2.325e-05,0x00,true,,
"I2C","data",6.15589719,2.325e-05,0x00,true,,
"I2C","data",6.15592187,2.325e-05,0x00,true,,
"I2C","data",6.15594663,2.325e-05,0x00,true,,
"I2C","data",6.15597138,2.325e-05,0x00,true,,
"I2C","data",6.15599612,2.325e-05,0x00,true,,
"I2C","data",6.15602088,2.325e-05,0x00,true,,
"I2C","data",6.15604562,2.325e-05,0x00,true,,
"I2C","data",6.15607031,2.33125e-05,0x00,true,,
"I2C","data",6.15609506,2.325e-05,0x00,true,,
"I2C","data",6.15611981,2.325e-05,0x00,true,,
"I2C","data",6.15614456,2.325e-05,0x00,true,,
"I2C","data",6.15616931,2.325e-05,0x00,true,,
"I2C","data",6.15619406,2.325e-05,0x00,true,,
"I2C","data",6.15621875,2.33125e-05,0x00,true,,
"I2C","data",6.1562435,2.33125e-05,0x00,true,,
"I2C","data",6.15626825,2.325e-05,0x00,true,,
"I2C","data",6.156293,2.325e-05,0x00,true,,
"I2C","data",6.15631775,2.325e-05,0x00,true,,
"I2C","data",6.1563425,2.325e-05,0x00,true,,
"I2C","data",6.15636725,2.325e-05,0x00,true,,
"I2C","data",6.156392,2.325e-05,0x00,true,,
"I2C","data",6.15641675,2.325e-05,0x00,true,,
"I2C","data",6.15644144,2.33125e-05,0x00,false,,
"I2C","stop",6.15646769,6.24999993e-08,,,,
"I2C","start",6.15647244,6.25000002e-08,,,,
"I2C","address",6.15647506,2.325e-05,,true,0x25,false
"I2C","data",6.15650381,2.3125e-05,0x40,true,,
"I2C","start",6.15653256,6.25000002e-08,,,,
"I2C","address",6.15653519,2.325e-05,,true,0x25,true
"I2C","data",6.15656869,2.325e-05,0x00,false,,
"I2C","stop",6.15659487,6.25000002e-08,,,,
"Async Serial [1]","data",6.22945306,9.5e-06,0xB1,,,
"Async Serial [1]","data",6.22946306,9.5e-06,0x04,,,
"Async Serial [1]","data",6.22947306,9.5e-06,0x00,,,
"Async Serial [1]","data",6.22948306,9.5e-06,0x00,,,
"Async Serial [1]","data",6.22949313,9.5e-06,0xFC,,,
"Async Serial [1]","data",6.22950312,9.5e-06,0xB3,,,
"Async Serial","data",6.22954462,9.5e-06,0xB2,,,
"Async Serial","data",6.22955475,9.5e-06,0x00,,,
"Async Serial","data",6.22956488,9.5e-06,0x01,,,
"Async Serial","data",6.22957494,9.5e-06,0x03,,,
"Async Serial","data",6.22958506,9.5e-06,0xFC,,,
"Async Serial","data",6.22959519,9.5e-06,0xB3,,,
"Async Serial [1]","data",6.33948319,9.5e-06,0xB1,,,
"Async Serial [1]","data",6.33949319,9.5e-06,0x04,,,
"Async Serial [1]","data",6.33950319,9.5e-06,0x00,,,
"Async Serial [1]","data",6.33951319,9.5e-06,0x00,,,
"Async Serial [1]","data",6.33952319,9.5e-06,0xFC,,,
"Async Serial [1]","data",6.33953319,9.5e-06,0xB3,,,
"Async Serial","data",6.33957362,9.5e-06,0xB2,,,
"Async Serial","data",6.33958375,9.5e-06,0x00,,,
"Async Serial","data",6.33959388,9.5e-06,0x01,,,
"Async Serial","data",6.33960394,9.5e-06,0x03,,,
"Async Serial","data",6.33961406,9.5e-06,0xFC,,,
"Async Serial","data",6.33962419,9.5e-06,0xB3,,,
"Async Serial [1]","data",6.44152,9.5e-06,0xB1,,,
"Async Serial [1]","data",6.44153,9.5e-06,0x04,,,
"Async Serial [1]","data",6.44154,9.5e-06,0x00,,,
"Async Serial [1]","data",6.44155,9.5e-06,0x00,,,
"Async Serial [1]","data",6.44156,9.5e-06,0xFC,,,
"Async Serial [1]","data",6.44157,9.5e-06,0xB3,,,
"Async Serial","data",6.44161112,9.5e-06,0xB2,,,
"Async Serial","data",6.44162125,9.5e-06,0x00,,,
"Async Serial","data",6.44163138,9.5e-06,0x01,,,
"Async Serial","data",6.4416415,9.5e-06,0x03,,,
"Async Serial","data",6.44165163,9.5e-06,0xFC,,,
"Async Serial","data",6.44166169,9.5e-06,0xB3,,,
"I2C","start",6.45450388,6.25000002e-08,,,,
"I2C","address",6.45450644,2.33125e-05,,true,0x25,false
"I2C","stop",6.45453669,6.25000002e-08,,,,
"I2C","start",6.45454156,6.24999993e-08,,,,
"I2C","address",6.45454419,2.325e-05,,true,0x25,false
"I2C","data",6.45457288,2.31875e-05,0x00,true,,
"I2C","start",6.45460169,6.24999993e-08,,,,
"I2C","address",6.45460431,2.325e-05,,true,0x25,true
"I2C","data",6.45463775,2.3125e-05,0xA5,true,,
"I2C","data",6.45466237,2.325e-05,0x03,false,,
"I2C","stop",6.45468863,6.25000002e-08,,,,
"I2C","start",6.4546945,6.25000002e-08,,,,
"I2C","address",6.45469713,2.325e-05,,true,0x25,false
"I2C","data",6.45472581,2.31875e-05,0x40,true,,
"I2C","start",6.45475456,6.24999993e-08,,,,
"I2C","address",6.45475719,2.325e-05,,true,0x25,true
"I2C","data",6.45479069,2.325e-05,0x00,false,,
"I2C","stop",6.45481687,6.25000011e-08,,,,
"I2C","start",6.45482206,6.25000002e-08,,,,
"I2C","address",6.45482462,2.325e-05,,true,0x25,false
"I2C","data",6.45485337,2.325e-05,0x00,true,,
"I2C","start",6.45488213,6.25000002e-08,,,,
"I2C","address",6.45488475,2.325e-05,,true,0x25,true
"I2C","data",6.45491825,2.325e-05,0xA5,true,,
"I2C","data",6.45494294,2.325e-05,0x03,true,,
"I2C","data",6.45496769,2.325e-05,0x00,true,,
"I2C","data",6.45499244,2.325e-05,0x00,true,,
"I2C","data",6.45501719,2.325e-05,0x28,true,,
"I2C","data",6.45504188,2.325e-05,0xEF,true,,
"I2C","data",6.45506662,2.325e-05,0x5B,true,,
"I2C","data",6.45509138,2.325e-05,0x00,true,,
"I2C","data",6.45511612,2.325e-05,0x03,true,,
"I2C","data",6.45514081,2.33125e-05,0x00,true,,
"I2C","data",6.45516556,2.325e-05,0x00,true,,
"I2C","data",6.45519031,2.325e-05,0x00,true,,
"I2C","data",6.45521506,2.325e-05,0x40,true,,
"I2C","data",6.45523981,2.325e-05,0x0D,true,,
"I2C","data",6.4552645,2.325e-05,0x03,true,,
"I2C","data",6.45528925,2.325e-05,0x00,true,,
"I2C","data",6.455314,2.325e-05,0x01,true,,
"I2C","data",6.45533875,2.325e-05,0x00,true,,
"I2C","data",6.4553635,2.325e-05,0x01,true,,
"I2C","data",6.45538825,2.325e-05,0x00,true,,
"I2C","data",6.45541294,2.325e-05,0x80,true,,
"I2C","data",6.45543769,2.325e-05,0x8D,true,,
"I2C","data",6.45546244,2.325e-05,0x5B,true,,
"I2C","data",6.45548719,2.325e-05,0x00,true,,
"I2C","data",6.45551188,2.33125e-05,0x20,true,,
"I2C","data",6.45553662,2.325e-05,0xBF,true,,
"I2C","data",6.45556138,2.325e-05,0x02,true,,
"I2C","data",6.45558612,2.325e-05,0x00,true,,
"I2C","data",6.45561087,2.325e-05,0x00,true,,
"I2C","data",6.45563556,2.325e-05,0x12,true,,
"I2C","data",6.45566031,2.325e-05,0x7A,true,,
"I2C","data",6.45568506,2.325e-05,0x00,true,,
"I2C","data",6.45570975,2.33125e-05,0x60,true,,
"I2C","data",6.4557345,2.325e-05,0xE3,true,,
"I2C","data",6.45575925,2.325e-05,0x16,true,,
"I2C","data",6.455784,2.325e-05,0x00,true,,
"I2C","data",6.45580869,2.325e-05,0x30,true,,
"I2C","data",6.45583344,2.325e-05,0x11,true,,
"I2C","data",6.45585819,2.325e-05,0x00,true,,
"I2C","data",6.45588294,2.325e-05,0x00,true,,
"I2C","data",6.45590763,2.325e-05,0xD0,true,,
"I2C","data",6.45593237,2.325e-05,0xEE,true,,
"I2C","data",6.45595713,2.325e-05,0xFF,true,,
"I2C","data",6.45598187,2.325e-05,0xFF,true,,
"I2C","data",6.45600656,2.325e-05,0x20,true,,
"I2C","data",6.45603131,2.325e-05,0x03,true,,
"I2C","data",6.45605606,2.325e-05,0xD0,true,,
"I2C","data",6.45608075,2.325e-05,0x07,true,,
"I2C","data",6.4561055,2.325e-05,0x64,true,,
"I2C","data",6.45613025,2.325e-05,0x00,true,,
"I2C","data",6.456155,2.325e-05,0xF4,true,,
"I2C","data",6.45617969,2.325e-05,0x01,true,,
"I2C","data",6.45620444,2.325e-05,0x00,true,,
"I2C","data",6.45622919,2.325e-05,0x00,true,,
"I2C","data",6.45625394,2.325e-05,0x00,true,,
"I2C","data",6.45627863,2.325e-05,0x00,true,,
"I2C","data",6.45630338,2.325e-05,0x00,true,,
"I2C","data",6.45632812,2.325e-05,0x00,true,,
"I2C","data",6.45635288,2.325e-05,0x00,true,,
"I2C","data",6.45637756,2.325e-05,0x00,true,,
"I2C","data",6.45640231,2.325e-05,0x00,true,,
"I2C","data",6.45642706,2.325e-05,0x00,true,,
"I2C","data",6.45645175,2.33125e-05,0x00,true,,
"I2C","data",6.4564765,2.325e-05,0x00,true,,
"I2C","data",6.45650125,2.325e-05,0x00,true,,
"I2C","data",6.456526,2.325e-05,0x00,true,,
"I2C","data",6.45655075,2.325e-05,0x00,true,,
"I2C","data",6.4565755,2.325e-05,0x00,true,,
"I2C","data",6.45660019,2.325e-05,0x00,true,,
"I2C","data",6.45662494,2.325e-05,0x00,true,,
"I2C","data",6.45664969,2.325e-05,0x00,true,,
"I2C","data",6.45667444,2.325e-05,0x00,true,,
"I2C","data",6.45669913,2.325e-05,0x00,true,,
"I2C","data",6.45672387,2.325e-05,0x00,true,,
"I2C","data",6.45674863,2.325e-05,0x00,true,,
"I2C","data",6.45677338,2.325e-05,0x00,true,,
"I2C","data",6.45679806,2.325e-05,0x00,true,,
"I2C","data",6.45682281,2.325e-05,0x00,true,,
"I2C","data",6.45684756,2.325e-05,0x00,true,,
"I2C","data",6.45687231,2.325e-05,0x00,true,,
"I2C","data",6.456897,2.325e-05,0x00,true,,
"I2C","data",6.45692175,2.325e-05,0x00,true,,
"I2C","data",6.4569465,2.325e-05,0x00,true,,
"I2C","data",6.45697125,2.325e-05,0x00,true,,
"I2C","data",6.45699594,2.33125e-05,0x00,true,,
"I2C","data",6.45702069,2.325e-05,0x00,true,,
"I2C","data",6.45704544,2.325e-05,0x00,true,,
"I2C","data",6.45707019,2.325e-05,0x00,true,,
"I2C","data",6.45709494,2.325e-05,0x00,true,,
"I2C","data",6.45711962,2.33125e-05,0x00,true,,
"I2C","data",6.45714438,2.325e-05,0x00,true,,
"I2C","data",6.45716913,2.325e-05,0x00,true,,
"I2C","data",6.45719387,2.325e-05,0x00,true,,
"I2C","data",6.45721863,2.325e-05,0x00,true,,
"I2C","data",6.45724331,2.33125e-05,0x00,true,,
"I2C","data",6.45726806,2.325e-05,0x00,false,,
"I2C","stop",6.45729431,6.25000002e-08,,,,
"I2C","start",6.45729956,6.24999993e-08,,,,
"I2C","address",6.45730219,2.325e-05,,true,0x25,false
"I2C","data",6.45733094,2.325e-05,0x40,true,,
"I2C","start",6.45735981,6.25000002e-08,,,,
"I2C","address",6.45736244,2.325e-05,,true,0x25,true
"I2C","data",6.45739587,2.31875e-05,0x00,false,,
"I2C","stop",6.457422,6.24999993e-08,,,,
"Async Serial [1]","data",6.54355575,9.5e-06,0xB1,,,
"Async Serial [1]","data",6.54356575,9.5e-06,0x04,,,
"Async Serial [1]","data",6.54357575,9.5e-06,0x00,,,
"Async Serial [1]","data",6.54358575,9.5e-06,0x00,,,
"Async Serial [1]","data",6.54359575,9.5e-06,0xFC,,,
"Async Serial [1]","data",6.54360575,9.5e-06,0xB3,,,
"Async Serial","data",6.54365094,9.5e-06,0xB2,,,
"Async Serial","data",6.543661,9.5e-06,0x00,,,
"Async Serial","data",6.54367113,9.5e-06,0x01,,,
"Async Serial","data",6.54368125,9.5e-06,0x03,,,
"Async Serial","data",6.54369137,9.5e-06,0xFC,,,
"Async Serial","data",6.54370144,9.5e-06,0xB3,,,
"Async Serial [1]","data",6.64559256,9.5e-06,0xB1,,,
"Async Serial [1]","data",6.64560256,9.5e-06,0x04,,,
"Async Serial [1]","data",6.64561256,9.5e-06,0x00,,,
"Async Serial [1]","data",6.64562256,9.5e-06,0x00,,,
"Async Serial [1]","data",6.64563256,9.5e-06,0xFC,,,
"Async Serial [1]","data",6.64564256,9.5e-06,0xB3,,,
"Async Serial","data",6.64568912,9.5e-06,0xB2,,,
"Async Serial","data",6.64569925,9.5e-06,0x00,,,
"Async Serial","data",6.64570938,9.5e-06,0x01,,,
"Async Serial","data",6.6457195,9.5e-06,0x03,,,
"Async Serial","data",6.64572956,9.5e-06,0xFC,,,
"Async Serial","data",6.64574375,9.5e-06,0xB3,,,
"I2C","start",6.7553455,6.25000002e-08,,,,
"I2C","address",6.75534813,2.325e-05,,true,0x25,false
"I2C","stop",6.75537838,6.25000002e-08,,,,
"I2C","start",6.75538338,6.24999993e-08,,,,
"I2C","address",6.755386,2.325e-05,,true,0x25,false
"I2C","data",6.75541475,2.325e-05,0x00,true,,
"I2C","start",6.7554435,6.24999993e-08,,,,
"I2C","address",6.75544606,2.325e-05,,true,0x25,true
"I2C","data",6.75547956,2.325e-05,0xA5,true,,
"I2C","data",6.75550431,2.325e-05,0x03,false,,
"I2C","stop",6.7555305,6.25000002e-08,,,,
"I2C","start",6.75553631,6.25000002e-08,,,,
"I2C","address",6.75553888,2.33125e-05,,true,0x25,false
"I2C","data",6.75556769,2.31875e-05,0x40,true,,
"I2C","start",6.75559637,6.25000002e-08,,,,
"I2C","address",6.755599,2.325e-05,,true,0x25,true
"Async Serial [1]","data",6.75562262,9.5e-06,0xB1,,,
"I2C","data",6.75563244,2.31875e-05,0x00,false,,
"Async Serial [1]","data",6.75563262,9.5e-06,0x04,,,
"Async Serial [1]","data",6.75564263,9.5e-06,0x00,,,
"Async Serial [1]","data",6.75565262,9.5e-06,0x00,,,
"I2C","stop",6.75565856,6.25000002e-08,,,,
"Async Serial [1]","data",6.75566263,9.5e-06,0xFC,,,
"I2C","start",6.75566387,6.24999993e-08,,,,
"I2C","address",6.7556665,2.325e-05,,true,0x25,false
"Async Serial [1]","data",6.75567269,9.5e-06,0xB3,,,
"I2C","data",6.75569694,2.31875e-05,0x00,true,,
"I2C","start",6.755725,6.24999993e-08,,,,
"I2C","address",6.75572756,2.325e-05,,true,0x25,true
"Async Serial","data",6.75573494,9.5e-06,0xB2,,,
"Async Serial","data",6.75574506,9.5e-06,0x00,,,
"Async Serial","data",6.75575519,9.5e-06,0x01,,,
"I2C","data",6.75576106,2.325e-05,0xA5,true,,
"Async Serial","data",6.75577544,9.5e-06,0x03,,,
"Async Serial","data",6.7557855,9.5e-06,0xFC,,,
"I2C","data",6.75578581,2.325e-05,0x03,true,,
"Async Serial","data",6.75579762,9.5e-06,0xB3,,,
"I2C","data",6.75581056,2.325e-05,0x00,true,,
"I2C","data",6.75583531,2.325e-05,0x00,true,,
"I2C","data",6.75586,2.33125e-05,0x28,true,,
"I2C","data",6.75588475,2.325e-05,0xEF,true,,
"I2C","data",6.7559095,2.325e-05,0x5B,true,,
"I2C","data",6.75593425,2.325e-05,0x00,true,,
"I2C","data",6.755959,2.325e-05,0x03,true,,
"I2C","data",6.75598375,2.325e-05,0x00,true,,
"I2C","data",6.7560085,2.325e-05,0x00,true,,
"I2C","data",6.75603319,2.33125e-05,0x00,true,,
"I2C","data",6.75605794,2.325e-05,0x40,true,,
"I2C","data",6.75608269,2.325e-05,0x0D,true,,
"I2C","data",6.75610744,2.325e-05,0x03,true,,
"I2C","data",6.75613219,2.325e-05,0x00,true,,
"I2C","data",6.75615694,2.325e-05,0x01,true,,
"I2C","data",6.75618162,2.33125e-05,0x00,true,,
"I2C","data",6.75620637,2.325e-05,0x01,true,,
"I2C","data",6.75623113,2.325e-05,0x00,true,,
"I2C","data",6.75625587,2.325e-05,0x80,true,,
"I2C","data",6.75628062,2.325e-05,0x8D,true,,
"I2C","data",6.75630538,2.325e-05,0x5B,true,,
"I2C","data",6.75633006,2.33125e-05,0x00,true,,
"I2C","data",6.75635481,2.325e-05,0x20,true,,
"I2C","data",6.75637956,2.325e-05,0xBF,true,,
"I2C","data",6.75640431,2.325e-05,0x02,true,,
"I2C","data",6.75642906,2.325e-05,0x00,true,,
"I2C","data",6.75645381,2.325e-05,0x00,true,,
"I2C","data",6.75647856,2.325e-05,0x12,true,,
"I2C","data",6.75650331,2.325e-05,0x7A,true,,
"I2C","data",6.756528,2.325e-05,0x00,true,,
"I2C","data",6.75655275,2.325e-05,0x60,true,,
"I2C","data",6.7565775,2.325e-05,0xE3,true,,
"I2C","data",6.75660225,2.325e-05,0x16,true,,
"I2C","data",6.756627,2.325e-05,0x00,true,,
"I2C","data",6.75665175,2.325e-05,0x30,true,,
"I2C","data",6.75667644,2.325e-05,0x11,true,,
"I2C","data",6.75670119,2.325e-05,0x00,true,,
"I2C","data",6.75672594,2.325e-05,0x00,true,,
"I2C","data",6.75675069,2.325e-05,0xD0,true,,
"I2C","data",6.75677544,2.325e-05,0xEE,true,,
"I2C","data",6.75680012,2.33125e-05,0xFF,true,,
"I2C","data",6.75682488,2.33125e-05,0xFF,true,,
"I2C","data",6.75684963,2.33125e-05,0x20,true,,
"I2C","data",6.75687437,2.325e-05,0x03,true,,
"I2C","data",6.75689913,2.325e-05,0xD0,true,,
"I2C","data",6.75692388,2.325e-05,0x07,true,,
"I2C","data",6.75694862,2.325e-05,0x64,true,,
"I2C","data",6.75697338,2.325e-05,0x00,true,,
"I2C","data",6.75699806,2.33125e-05,0xF4,true,,
"I2C","data",6.75702281,2.33125e-05,0x01,true,,
"I2C","data",6.75704756,2.325e-05,0x00,true,,
"I2C","data",6.75707231,2.325e-05,0x00,true,,
"I2C","data",6.75709706,2.325e-05,0x00,true,,
"I2C","data",6.75712181,2.325e-05,0x00,true,,
"I2C","data",6.75714656,2.325e-05,0x00,true,,
"I2C","data",6.75717125,2.33125e-05,0x00,true,,
"I2C","data",6.757196,2.325e-05,0x00,true,,
"I2C","data",6.75722075,2.325e-05,0x00,true,,
"I2C","data",6.7572455,2.325e-05,0x00,true,,
"I2C","data",6.75727025,2.325e-05,0x00,true,,
"I2C","data",6.757295,2.325e-05,0x00,true,,
"I2C","data",6.75731975,2.325e-05,0x00,true,,
"I2C","data",6.75734444,2.33125e-05,0x00,true,,
"I2C","data",6.75736919,2.325e-05,0x00,true,,
"I2C","data",6.75739394,2.325e-05,0x00,true,,
"I2C","data",6.75741869,2.325e-05,0x00,true,,
"I2C","data",6.75744344,2.325e-05,0x00,true,,
"I2C","data",6.75746819,2.325e-05,0x00,true,,
"I2C","data",6.75749287,2.325e-05,0x00,true,,
"I2C","data",6.75751763,2.325e-05,0x00,true,,
"I2C","data",6.75754237,2.325e-05,0x00,true,,
"I2C","data",6.75756712,2.325e-05,0x00,true,,
"I2C","data",6.75759188,2.325e-05,0x00,true,,
"I2C","data",6.75761656,2.33125e-05,0x00,true,,
"I2C","data",6.75764131,2.325e-05,0x00,true,,
"I2C","data",6.75766606,2.325e-05,0x00,true,,
"I2C","data",6.75769081,2.325e-05,0x00,true,,
"I2C","data",6.75771556,2.325e-05,0x00,true,,
"I2C","data",6.75774025,2.33125e-05,0x00,true,,
"I2C","data",6.757765,2.325e-05,0x00,true,,
"I2C","data",6.75778975,2.325e-05,0x00,true,,
"I2C","data",6.7578145,2.325e-05,0x00,true,,
"I2C","data",6.75783925,2.325e-05,0x00,true,,
"I2C","data",6.757864,2.325e-05,0x00,true,,
"I2C","data",6.75788875,2.325e-05,0x00,true,,
"I2C","data",6.75791344,2.33125e-05,0x00,true,,
"I2C","data",6.75793819,2.325e-05,0x00,true,,
"I2C","data",6.75796294,2.325e-05,0x00,true,,
"I2C","data",6.75798769,2.325e-05,0x00,true,,
"I2C","data",6.75801244,2.325e-05,0x00,true,,
"I2C","data",6.75803719,2.325e-05,0x00,true,,
"I2C","data",6.75806188,2.325e-05,0x00,true,,
"I2C","data",6.75808662,2.325e-05,0x00,true,,
"I2C","data",6.75811138,2.325e-05,0x00,false,,
"I2C","stop",6.75813762,6.25000002e-08,,,,
"I2C","start",6.7581425,6.25000002e-08,,,,
"I2C","address",6.75814513,2.325e-05,,true,0x25,false
"I2C","data",6.75817381,2.33125e-05,0x40,true,,
"I2C","start",6.75820263,6.25000002e-08,,,,
"I2C","address",6.75820519,2.325e-05,,true,0x25,true
"I2C","data",6.75823862,2.31875e-05,0x00,false,,
"I2C","stop",6.75826481,6.24999993e-08,,,,
"Async Serial [1]","data",6.85765944,9.5e-06,0xB1,,,
"Async Serial [1]","data",6.85766944,9.5e-06,0x04,,,
"Async Serial [1]","data",6.85767944,9.5e-06,0x00,,,
"Async Serial [1]","data",6.85768944,9.5e-06,0x00,,,
"Async Serial [1]","data",6.85769944,9.5e-06,0xFC,,,
"Async Serial [1]","data",6.85770944,9.5e-06,0xB3,,,
"Async Serial","data",6.85775012,9.5e-06,0xB2,,,
"Async Serial","data",6.85776025,9.5e-06,0x00,,,
"Async Serial","data",6.85777038,9.5e-06,0x01,,,
"Async Serial","data",6.8577805,9.5e-06,0x03,,,
"Async Serial","data",6.85779062,9.5e-06,0xFC,,,
"Async Serial","data",6.85780075,9.5e-06,0xB3,,,
"Async Serial [1]","data",6.95969625,9.5e-06,0xB1,,,
"Async Serial [1]","data",6.95970625,9.5e-06,0x04,,,
"Async Serial [1]","data",6.95971625,9.5e-06,0x00,,,
"Async Serial [1]","data",6.95972625,9.5e-06,0x00,,,
"Async Serial [1]","data",6.95973625,9.5e-06,0xFC,,,
"Async Serial [1]","data",6.95974625,9.5e-06,0xB3,,,
"Async Serial","data",6.95978669,9.5e-06,0xB2,,,
"Async Serial","data",6.95979681,9.5e-06,0x00,,,
"Async Serial","data",6.95980694,9.5e-06,0x01,,,
"Async Serial","data",6.95981706,9.5e-06,0x03,,,
"Async Serial","data",6.95982719,9.5e-06,0xFC,,,
"Async Serial","data",6.95983725,9.5e-06,0xB3,,,
"I2C","start",7.05617556,6.25000002e-08,,,,
"I2C","address",7.05617819,2.325e-05,,true,0x25,false
"I2C","stop",7.05620837,6.24999993e-08,,,,
"I2C","start",7.05621344,6.24999993e-08,,,,
"I2C","address",7.056216,2.325e-05,,true,0x25,false
"I2C","data",7.05624475,2.325e-05,0x00,true,,
"I2C","start",7.05627363,6.25000002e-08,,,,
"I2C","address",7.05627625,2.325e-05,,true,0x25,true
"I2C","data",7.05630969,2.31875e-05,0xA5,true,,
"I2C","data",7.05633431,2.325e-05,0x03,false,,
"I2C","stop",7.05636056,6.25000002e-08,,,,
"I2C","start",7.05636631,6.25000002e-08,,,,
"I2C","address",7.05636894,2.325e-05,,true,0x25,false
"I2C","data",7.05639762,2.31875e-05,0x40,true,,
"I2C","start",7.05642644,6.24999993e-08,,,,
"I2C","address",7.056429,2.325e-05,,true,0x25,true
"I2C","data",7.05646256,2.31875e-05,0x00,false,,
"I2C","stop",7.05648875,6.25000002e-08,,,,
"I2C","start",7.056494,6.25000002e-08,,,,
"I2C","address",7.05649663,2.325e-05,,true,0x25,false
"I2C","data",7.05652531,2.3125e-05,0x00,true,,
"I2C","start",7.05655419,6.24999993e-08,,,,
"I2C","address",7.05655681,2.325e-05,,true,0x25,true
"I2C","data",7.05659031,2.325e-05,0xA5,true,,
"I2C","data",7.05661506,2.325e-05,0x03,true,,
"I2C","data",7.05663975,2.325e-05,0x00,true,,
"I2C","data",7.0566645,2.325e-05,0x00,true,,
"I2C","data",7.05668925,2.325e-05,0x28,true,,
"I2C","data",7.056714,2.325e-05,0xEF,true,,
"I2C","data",7.05673869,2.325e-05,0x5B,true,,
"I2C","data",7.05676344,2.325e-05,0x00,true,,
"I2C","data",7.05678819,2.325e-05,0x03,true,,
"I2C","data",7.05681294,2.325e-05,0x00,true,,
"I2C","data",7.05683763,2.325e-05,0x00,true,,
"I2C","data",7.05686237,2.325e-05,0x00,true,,
"I2C","data",7.05688713,2.325e-05,0x40,true,,
"I2C","data",7.05691187,2.325e-05,0x0D,true,,
"I2C","data",7.05693662,2.325e-05,0x03,true,,
"I2C","data",7.05696131,2.325e-05,0x00,true,,
"I2C","data",7.05698606,2.325e-05,0x01,true,,
"I2C","data",7.05701081,2.325e-05,0x00,true,,
"I2C","data",7.05703556,2.325e-05,0x01,true,,
"I2C","data",7.05706025,2.325e-05,0x00,true,,
"I2C","data",7.057085,2.325e-05,0x80,true,,
"I2C","data",7.05710975,2.325e-05,0x8D,true,,
"I2C","data",7.0571345,2.325e-05,0x5B,true,,
"I2C","data",7.05715919,2.33125e-05,0x00,true,,
"I2C","data",7.05718394,2.325e-05,0x20,true,,
"I2C","data",7.05720869,2.325e-05,0xBF,true,,
"I2C","data",7.05723344,2.325e-05,0x02,true,,
"I2C","data",7.05725812,2.325e-05,0x00,true,,
"I2C","data",7.05728288,2.325e-05,0x00,true,,
"I2C","data",7.05730762,2.325e-05,0x12,true,,
"I2C","data",7.05733237,2.325e-05,0x7A,true,,
"I2C","data",7.05735713,2.325e-05,0x00,true,,
"I2C","data",7.05738181,2.325e-05,0x60,true,,
"I2C","data",7.05740656,2.325e-05,0xE3,true,,
"I2C","data",7.05743131,2.325e-05,0x16,true,,
"I2C","data",7.057456,2.33125e-05,0x00,true,,
"I2C","data",7.05748075,2.325e-05,0x30,true,,
"I2C","data",7.0575055,2.325e-05,0x11,true,,
"I2C","data",7.05753025,2.325e-05,0x00,true,,
"I2C","data",7.05755494,2.325e-05,0x00,true,,
"I2C","data",7.05757969,2.325e-05,0xD0,true,,
"I2C","data",7.05760444,2.325e-05,0xEE,true,,
"I2C","data",7.05762919,2.325e-05,0xFF,true,,
"I2C","data",7.05765387,2.33125e-05,0xFF,true,,
"I2C","data",7.05767863,2.325e-05,0x20,true,,
"I2C","data",7.05770338,2.325e-05,0x03,true,,
"I2C","data",7.05772812,2.325e-05,0xD0,true,,
"I2C","data",7.05775281,2.325e-05,0x07,true,,
"I2C","data",7.05777756,2.325e-05,0x64,true,,
"I2C","data",7.05780231,2.325e-05,0x00,true,,
"I2C","data",7.05782706,2.325e-05,0xF4,true,,
"I2C","data",7.05785175,2.33125e-05,0x01,true,,
"I2C","data",7.0578765,2.325e-05,0x00,true,,
"I2C","data",7.05790125,2.325e-05,0x00,true,,
"I2C","data",7.057926,2.325e-05,0x00,true,,
"I2C","data",7.05795075,2.325e-05,0x00,true,,
"I2C","data",7.05797544,2.33125e-05,0x00,true,,
"I2C","data",7.05800019,2.325e-05,0x00,true,,
"I2C","data",7.05802494,2.325e-05,0x00,true,,
"I2C","data",7.05804969,2.325e-05,0x00,true,,
"I2C","data",7.05807444,2.325e-05,0x00,true,,
"I2C","data",7.05809913,2.325e-05,0x00,true,,
"I2C","data",7.05812387,2.325e-05,0x00,true,,
"I2C","data",7.05814863,2.325e-05,0x00,true,,
"I2C","data",7.05817337,2.325e-05,0x00,true,,
"I2C","data",7.05819806,2.325e-05,0x00,true,,
"I2C","data",7.05822281,2.325e-05,0x00,true,,
"I2C","data",7.05824756,2.325e-05,0x00,true,,
"I2C","data",7.05827231,2.325e-05,0x00,true,,
"I2C","data",7.05829706,2.325e-05,0x00,true,,
"I2C","data",7.05832175,2.325e-05,0x00,true,,
"I2C","data",7.0583465,2.325e-05,0x00,true,,
"I2C","data",7.05837125,2.325e-05,0x00,true,,
"I2C","data",7.058396,2.325e-05,0x00,true,,
"I2C","data",7.05842069,2.33125e-05,0x00,true,,
"I2C","data",7.05844544,2.325e-05,0x00,true,,
"I2C","data",7.05847019,2.325e-05,0x00,true,,
"I2C","data",7.05849494,2.325e-05,0x00,true,,
"I2C","data",7.05851969,2.325e-05,0x00,true,,
"I2C","data",7.05854438,2.325e-05,0x00,true,,
"I2C","data",7.05856912,2.325e-05,0x00,true,,
"I2C","data",7.05859387,2.325e-05,0x00,true,,
"I2C","data",7.05861863,2.325e-05,0x00,true,,
"I2C","data",7.05864331,2.325e-05,0x00,true,,
"I2C","data",7.05866806,2.325e-05,0x00,true,,
"I2C","data",7.05869281,2.325e-05,0x00,true,,
"I2C","data",7.05871756,2.325e-05,0x00,true,,
"I2C","data",7.05874225,2.325e-05,0x00,true,,
"I2C","data",7.058767,2.325e-05,0x00,true,,
"I2C","data",7.05879175,2.325e-05,0x00,true,,
"I2C","data",7.05881644,2.33125e-05,0x00,true,,
"I2C","data",7.05884119,2.325e-05,0x00,true,,
"I2C","data",7.05886594,2.325e-05,0x00,true,,
"I2C","data",7.05889069,2.325e-05,0x00,true,,
"I2C","data",7.05891537,2.33125e-05,0x00,true,,
"I2C","data",7.05894013,2.325e-05,0x00,false,,
"I2C","stop",7.05896637,6.24999993e-08,,,,
"I2C","start",7.0589715,6.24999993e-08,,,,
"I2C","address",7.05897412,2.325e-05,,true,0x25,false
"I2C","data",7.05900288,2.325e-05,0x40,true,,
"I2C","start",7.05903163,6.24999993e-08,,,,
"I2C","address",7.05903419,2.325e-05,,true,0x25,true
"I2C","data",7.05906769,2.325e-05,0x00,false,,
"I2C","stop",7.05909394,6.25000002e-08,,,,
"Async Serial [1]","data",7.061733,9.5e-06,0xB1,,,
"Async Serial [1]","data",7.061743,9.5e-06,0x04,,,
"Async Serial [1]","data",7.061753,9.5e-06,0x00,,,
"Async Serial [1]","data",7.061763,9.5e-06,0x00,,,
"Async Serial [1]","data",7.061773,9.5e-06,0xFC,,,
"Async Serial [1]","data",7.061783,9.5e-06,0xB3,,,
"Async Serial","data",7.06182437,9.5e-06,0xB2,,,
"Async Serial","data",7.0618345,9.5e-06,0x00,,,
"Async Serial","data",7.06184456,9.5e-06,0x01,,,
"Async Serial","data",7.06185469,9.5e-06,0x03,,,
"Async Serial","data",7.06186481,9.5e-06,0xFC,,,
"Async Serial","data",7.06187494,9.5e-06,0xB3,,,
"Async Serial [1]","data",7.17176313,9.5e-06,0xB1,,,
"Async Serial [1]","data",7.17177312,9.5e-06,0x04,,,
"Async Serial [1]","data",7.17178313,9.5e-06,0x00,,,
"Async Serial [1]","data",7.17179312,9.5e-06,0x00,,,
"Async Serial [1]","data",7.17180313,9.5e-06,0xFC,,,
"Async Serial [1]","data",7.17181312,9.5e-06,0xB3,,,
"Async Serial","data",7.17185869,9.5e-06,0xB2,,,
"Async Serial","data",7.17186881,9.5e-06,0x00,,,
"Async Serial","data",7.17187894,9.5e-06,0x01,,,
"Async Serial","data",7.17188906,9.5e-06,0x03,,,
"Async Serial","data",7.17189919,9.5e-06,0xFC,,,
"Async Serial","data",7.17190931,9.5e-06,0xB3,,,
"Async Serial [1]","data",7.27379887,9.5e-06,0xB1,,,
"Async Serial [1]","data",7.27380888,9.5e-06,0x04,,,
"Async Serial [1]","data",7.27381887,9.5e-06,0x00,,,
"Async Serial [1]","data",7.27382888,9.5e-06,0x00,,,
"Async Serial [1]","data",7.27383888,9.5e-06,0xFC,,,
"Async Serial [1]","data",7.27384887,9.5e-06,0xB3,,,
"Async Serial","data",7.27389575,9.5e-06,0xB2,,,
"Async Serial","data",7.27390587,9.5e-06,0x00,,,
"Async Serial","data",7.273916,9.5e-06,0x01,,,
"Async Serial","data",7.27392606,9.5e-06,0x03,,,
"Async Serial","data",7.27393619,9.5e-06,0xFC,,,
"Async Serial","data",7.27394631,9.5e-06,0xB3,,,
"I2C","start",7.35700225,6.25000002e-08,,,,
"I2C","address",7.35700481,2.325e-05,,true,0x25,false
"I2C","stop",7.35703506,6.25000011e-08,,,,
"I2C","start",7.35704006,6.25000002e-08,,,,
"I2C","address",7.35704269,2.325e-05,,true,0x25,false
"I2C","data",7.35707138,2.325e-05,0x00,true,,
"I2C","start",7.35710012,6.25000002e-08,,,,
"I2C","address",7.35710275,2.325e-05,,true,0x25,true
"I2C","data",7.35713625,2.325e-05,0xA5,true,,
"I2C","data",7.357161,2.325e-05,0x03,false,,
"I2C","stop",7.35718719,6.25000002e-08,,,,
"I2C","start",7.35719294,6.24999993e-08,,,,
"I2C","address",7.35719556,2.325e-05,,true,0x25,false
"I2C","data",7.35722431,2.3125e-05,0x40,true,,
"I2C","start",7.35725306,6.24999993e-08,,,,
"I2C","address",7.35725562,2.325e-05,,true,0x25,true
"I2C","data",7.35728906,2.31875e-05,0x00,false,,
"I2C","stop",7.35731525,6.25000002e-08,,,,
"I2C","start",7.3573205,6.25000002e-08,,,,
"I2C","address",7.35732312,2.325e-05,,true,0x25,false
"I2C","data",7.357352,2.31875e-05,0x00,true,,
"I2C","start",7.35738069,6.25000002e-08,,,,
"I2C","address",7.35738331,2.325e-05,,true,0x25,true
"I2C","data",7.35741681,2.325e-05,0xA5,true,,
"I2C","data",7.3574415,2.325e-05,0x03,true,,
"I2C","data",7.35746625,2.325e-05,0x00,true,,
"I2C","data",7.357491,2.325e-05,0x00,true,,
"I2C","data",7.35751569,2.325e-05,0x28,true,,
"I2C","data",7.35754044,2.325e-05,0xEF,true,,
"I2C","data",7.35756519,2.325e-05,0x5B,true,,
"I2C","data",7.35758988,2.325e-05,0x00,true,,
"I2C","data",7.35761463,2.325e-05,0x03,true,,
"I2C","data",7.35763937,2.325e-05,0x00,true,,
"I2C","data",7.35766406,2.33125e-05,0x00,true,,
"I2C","data",7.35768881,2.325e-05,0x00,true,,
"I2C","data",7.35771356,2.325e-05,0x40,true,,
"I2C","data",7.35773831,2.325e-05,0x0D,true,,
"I2C","data",7.357763,2.325e-05,0x03,true,,
"I2C","data",7.35778775,2.325e-05,0x00,true,,
"I2C","data",7.3578125,2.325e-05,0x01,true,,
"I2C","data",7.35783725,2.325e-05,0x00,true,,
"I2C","data",7.35786194,2.325e-05,0x01,true,,
"I2C","data",7.35788669,2.325e-05,0x00,true,,
"I2C","data",7.35791144,2.325e-05,0x80,true,,
"I2C","data",7.35793613,2.325e-05,0x8D,true,,
"I2C","data",7.35796087,2.325e-05,0x5B,true,,
"I2C","data",7.35798563,2.325e-05,0x00,true,,
"I2C","data",7.35801038,2.325e-05,0x20,true,,
"I2C","data",7.35803506,2.325e-05,0xBF,true,,
"I2C","data",7.35805981,2.325e-05,0x02,true,,
"I2C","data",7.35808456,2.325e-05,0x00,true,,
"I2C","data",7.35810925,2.325e-05,0x00,true,,
"I2C","data",7.358134,2.325e-05,0x12,true,,
"I2C","data",7.35815875,2.325e-05,0x7A,true,,
"I2C","data",7.3581835,2.325e-05,0x00,true,,
"I2C","data",7.35820819,2.325e-05,0x60,true,,
"I2C","data",7.35823294,2.325e-05,0xE3,true,,
"I2C","data",7.35825769,2.325e-05,0x16,true,,
"I2C","data",7.35828244,2.325e-05,0x00,true,,
"I2C","data",7.35830712,2.325e-05,0x30,true,,
"I2C","data",7.35833188,2.325e-05,0x11,true,,
"I2C","data",7.35835662,2.325e-05,0x00,true,,
"I2C","data",7.35838137,2.325e-05,0x00,true,,
"I2C","data",7.35840606,2.33125e-05,0xD0,true,,
"I2C","data",7.35843081,2.325e-05,0xEE,true,,
"I2C","data",7.35845556,2.325e-05,0xFF,true,,
"I2C","data",7.35848031,2.325e-05,0xFF,true,,
"I2C","data",7.35850506,2.325e-05,0x20,true,,
"I2C","data",7.35852975,2.325e-05,0x03,true,,
"I2C","data",7.3585545,2.325e-05,0xD0,true,,
"I2C","data",7.35857925,2.325e-05,0x07,true,,
"I2C","data",7.358604,2.325e-05,0x64,true,,
"I2C","data",7.35862869,2.325e-05,0x00,true,,
"I2C","data",7.35865344,2.325e-05,0xF4,true,,
"I2C","data",7.35867819,2.325e-05,0x01,true,,
"I2C","data",7.35870287,2.325e-05,0x00,true,,
"I2C","data",7.35872763,2.325e-05,0x00,true,,
"I2C","data",7.35875237,2.325e-05,0x00,true,,
"I2C","data",7.35877712,2.325e-05,0x00,true,,
"I2C","data",7.35880181,2.325e-05,0x00,true,,
"I2C","data",7.35882656,2.325e-05,0x00,true,,
"I2C","data",7.35885131,2.325e-05,0x00,true,,
"I2C","data",7.35887606,2.325e-05,0x00,true,,
"I2C","data",7.35890075,2.325e-05,0x00,true,,
"I2C","data",7.3589255,2.325e-05,0x00,true,,
"I2C","data",7.35895025,2.325e-05,0x00,true,,
"I2C","data",7.358975,2.325e-05,0x00,true,,
"I2C","data",7.35899969,2.325e-05,0x00,true,,
"I2C","data",7.35902444,2.325e-05,0x00,true,,
"I2C","data",7.35904919,2.325e-05,0x00,true,,
"I2C","data",7.35907387,2.325e-05,0x00,true,,
"I2C","data",7.35909862,2.325e-05,0x00,true,,
"I2C","data",7.35912338,2.325e-05,0x00,true,,
"I2C","data",7.35914812,2.325e-05,0x00,true,,
"I2C","data",7.35917281,2.325e-05,0x00,true,,
"I2C","data",7.35919756,2.325e-05,0x00,true,,
"I2C","data",7.35922231,2.325e-05,0x00,true,,
"I2C","data",7.359247,2.325e-05,0x00,true,,
"I2C","data",7.35927175,2.325e-05,0x00,true,,
"I2C","data",7.3592965,2.325e-05,0x00,true,,
"I2C","data",7.35932119,2.325e-05,0x00,true,,
"I2C","data",7.35934594,2.325e-05,0x00,true,,
"I2C","data",7.35937069,2.325e-05,0x00,true,,
"I2C","data",7.35939544,2.325e-05,0x00,true,,
"I2C","data",7.35942012,2.325e-05,0x00,true,,
"I2C","data",7.35944488,2.325e-05,0x00,true,,
"I2C","data",7.35946963,2.325e-05,0x00,true,,
"I2C","data",7.35949431,2.325e-05,0x00,true,,
"I2C","data",7.35951906,2.325e-05,0x00,true,,
"I2C","data",7.35954381,2.325e-05,0x00,true,,
"I2C","data",7.3595685,2.33125e-05,0x00,true,,
"I2C","data",7.35959325,2.325e-05,0x00,true,,
"I2C","data",7.359618,2.325e-05,0x00,true,,
"I2C","data",7.35964275,2.325e-05,0x00,true,,
"I2C","data",7.35966744,2.325e-05,0x00,true,,
"I2C","data",7.35969219,2.325e-05,0x00,true,,
"I2C","data",7.35971694,2.325e-05,0x00,true,,
"I2C","data",7.35974162,2.325e-05,0x00,true,,
"I2C","data",7.35976638,2.325e-05,0x00,false,,
"I2C","stop",7.35979262,6.24999993e-08,,,,
"I2C","start",7.35979775,6.24999993e-08,,,,
"I2C","address",7.35980037,2.325e-05,,true,0x25,false
"I2C","data",7.35982913,2.31875e-05,0x40,true,,
"I2C","start",7.35985769,6.25000002e-08,,,,
"I2C","address",7.35986031,2.325e-05,,true,0x25,true
"I2C","data",7.35989375,2.31875e-05,0x00,false,,
"I2C","stop",7.35991988,6.24999993e-08,,,,
"Async Serial [1]","data",7.37583569,9.5e-06,0xB1,,,
"Async Serial [1]","data",7.37584569,9.5e-06,0x04,,,
"Async Serial [1]","data",7.37585569,9.5e-06,0x00,,,
"Async Serial [1]","data",7.37586569,9.5e-06,0x00,,,
"Async Serial [1]","data",7.37587569,9.5e-06,0xFC,,,
"Async Serial [1]","data",7.37588569,9.5e-06,0xB3,,,
"Async Serial","data",7.37592619,9.5e-06,0xB2,,,
"Async Serial","data",7.37593631,9.5e-06,0x00,,,
"Async Serial","data",7.37594644,9.5e-06,0x01,,,
"Async Serial","data",7.37595656,9.5e-06,0x03,,,
"Async Serial","data",7.37596663,9.5e-06,0xFC,,,
"Async Serial","data",7.37597675,9.5e-06,0xB3,,,
"Async Serial [1]","data",7.47787244,9.5e-06,0xB1,,,
"Async Serial [1]","data",7.4778825,9.5e-06,0x04,,,
"Async Serial [1]","data",7.4778925,9.5e-06,0x00,,,
"Async Serial [1]","data",7.4779025,9.5e-06,0x00,,,
"Async Serial [1]","data",7.4779125,9.5e-06,0xFC,,,
"Async Serial [1]","data",7.4779225,9.5e-06,0xB3,,,
"Async Serial","data",7.47796881,9.5e-06,0xB2,,,
"Async Serial","data",7.47797887,9.5e-06,0x00,,,
"Async Serial","data",7.477989,9.5e-06,0x01,,,
"Async Serial","data",7.47799913,9.5e-06,0x03,,,
"Async Serial","data",7.47800925,9.5e-06,0xFC,,,
"Async Serial","data",7.47801937,9.5e-06,0xB3,,,
"Async Serial [1]","data",7.58790256,9.5e-06,0xB1,,,
"Async Serial [1]","data",7.58791256,9.5e-06,0x04,,,
"Async Serial [1]","data",7.58792256,9.5e-06,0x00,,,
"Async Serial [1]","data",7.58793256,9.5e-06,0x00,,,
"Async Serial [1]","data",7.58794256,9.5e-06,0xFC,,,
"Async Serial [1]","data",7.58795256,9.5e-06,0xB3,,,
"Async Serial","data",7.58799294,9.5e-06,0xB2,,,
"Async Serial","data",7.58800306,9.5e-06,0x00,,,
"Async Serial","data",7.58801319,9.5e-06,0x01,,,
"Async Serial","data",7.58802325,9.5e-06,0x03,,,
"Async Serial","data",7.58803338,9.5e-06,0xFC,,,
"Async Serial","data",7.5880435,9.5e-06,0xB3,,,
"I2C","start",7.657824,6.25000002e-08,,,,
"I2C","address",7.65782663,2.325e-05,,true,0x25,false
"I2C","stop",7.65785681,6.25000002e-08,,,,
"I2C","start",7.65786188,6.25000002e-08,,,,
"I2C","address",7.6578645,2.325e-05,,true,0x25,false
"I2C","data",7.65789319,2.3125e-05,0x00,true,,
"I2C","start",7.65792194,6.25000002e-08,,,,
"I2C","address",7.65792456,2.325e-05,,true,0x25,true
"I2C","data",7.657958,2.31875e-05,0xA5,true,,
"I2C","data",7.65798269,2.325e-05,0x03,false,,
"I2C","stop",7.65800888,6.24999993e-08,,,,
"I2C","start",7.65801469,6.25000002e-08,,,,
"I2C","address",7.65801725,2.325e-05,,true,0x25,false
"I2C","data",7.658046,2.325e-05,0x40,true,,
"I2C","start",7.65807475,6.25000002e-08,,,,
"I2C","address",7.65807738,2.325e-05,,true,0x25,true
"I2C","data",7.65811081,2.31875e-05,0x00,false,,
"I2C","stop",7.65813694,6.24999993e-08,,,,
"I2C","start",7.6581425,6.25000002e-08,,,,
"I2C","address",7.65814506,2.33125e-05,,true,0x25,false
"I2C","data",7.65817381,2.325e-05,0x00,true,,
"I2C","start",7.65820256,6.25000011e-08,,,,
"I2C","address",7.65820519,2.325e-05,,true,0x25,true
"I2C","data",7.65823869,2.325e-05,0xA5,true,,
"I2C","data",7.65826344,2.325e-05,0x03,true,,
"I2C","data",7.65828813,2.325e-05,0x00,true,,
"I2C","data",7.65831288,2.325e-05,0x00,true,,
"I2C","data",7.65833762,2.325e-05,0x28,true,,
"I2C","data",7.65836238,2.325e-05,0xEF,true,,
"I2C","data",7.65838712,2.325e-05,0x5B,true,,
"I2C","data",7.65841181,2.33125e-05,0x00,true,,
"I2C","data",7.65843656,2.325e-05,0x03,true,,
"I2C","data",7.65846131,2.325e-05,0x00,true,,
"I2C","data",7.65848606,2.325e-05,0x00,true,,
"I2C","data",7.65851081,2.325e-05,0x00,true,,
"I2C","data",7.65853556,2.325e-05,0x40,true,,
"I2C","data",7.65856025,2.33125e-05,0x0D,true,,
"I2C","data",7.658585,2.325e-05,0x03,true,,
"I2C","data",7.65860975,2.325e-05,0x00,true,,
"I2C","data",7.6586345,2.325e-05,0x01,true,,
"I2C","data",7.65865925,2.325e-05,0x00,true,,
"I2C","data",7.658684,2.325e-05,0x01,true,,
"I2C","data",7.65870869,2.325e-05,0x00,true,,
"I2C","data",7.65873344,2.325e-05,0x80,true,,
"I2C","data",7.65875819,2.325e-05,0x8D,true,,
"I2C","data",7.65878294,2.325e-05,0x5B,true,,
"I2C","data",7.65880769,2.325e-05,0x00,true,,
"I2C","data",7.65883244,2.325e-05,0x20,true,,
"I2C","data",7.65885712,2.33125e-05,0xBF,true,,
"I2C","data",7.65888187,2.33125e-05,0x02,true,,
"I2C","data",7.65890663,2.325e-05,0x00,true,,
"I2C","data",7.65893137,2.325e-05,0x00,true,,
"I2C","data",7.65895612,2.325e-05,0x12,true,,
"I2C","data",7.65898088,2.325e-05,0x7A,true,,
"I2C","data",7.65900562,2.325e-05,0x00,true,,
"I2C","data",7.65903031,2.33125e-05,0x60,true,,
"I2C","data",7.65905506,2.325e-05,0xE3,true,,
"I2C","data",7.65907981,2.325e-05,0x16,true,,
"I2C","data",7.65910456,2.325e-05,0x00,true,,
"I2C","data",7.65912931,2.325e-05,0x30,true,,
"I2C","data",7.65915406,2.325e-05,0x11,true,,
"I2C","data",7.65917881,2.325e-05,0x00,true,,
"I2C","data",7.6592035,2.33125e-05,0x00,true,,
"I2C","data",7.65922825,2.325e-05,0xD0,true,,
"I2C","data",7.659253,2.325e-05,0xEE,true,,
"I2C","data",7.65927775,2.325e-05,0xFF,true,,
"I2C","data",7.6593025,2.325e-05,0xFF,true,,
"I2C","data",7.65932725,2.325e-05,0x20,true,,
"I2C","data",7.659352,2.325e-05,0x03,true,,
"I2C","data",7.65937669,2.33125e-05,0xD0,true,,
"I2C","data",7.65940144,2.33125e-05,0x07,true,,
"I2C","data",7.65942619,2.325e-05,0x64,true,,
"I2C","data",7.65945094,2.325e-05,0x00,true,,
"I2C","data",7.65947569,2.325e-05,0xF4,true,,
"I2C","data",7.65950044,2.325e-05,0x01,true,,
"I2C","data",7.65952519,2.325e-05,0x00,true,,
"I2C","data",7.65954987,2.33125e-05,0x00,true,,
"I2C","data",7.65957463,2.325e-05,0x00,true,,
"I2C","data",7.65959937,2.325e-05,0x00,true,,
"I2C","data",7.65962412,2.325e-05,0x00,true,,
"I2C","data",7.65964888,2.325e-05,0x00,true,,
"I2C","data",7.65967362,2.325e-05,0x00,true,,
"I2C","data",7.65969837,2.325e-05,0x00,true,,
"I2C","data",7.65972306,2.33125e-05,0x00,true,,
"I2C","data",7.65974781,2.325e-05,0x00,true,,
"I2C","data",7.65977256,2.325e-05,0x00,true,,
"I2C","data",7.65979731,2.325e-05,0x00,true,,
"I2C","data",7.65982206,2.325e-05,0x00,true,,
"I2C","data",7.65984681,2.325e-05,0x00,true,,
"I2C","data",7.65987156,2.325e-05,0x00,true,,
"I2C","data",7.65989631,2.325e-05,0x00,true,,
"I2C","data",7.659921,2.33125e-05,0x00,true,,
"I2C","data",7.65994575,2.325e-05,0x00,true,,
"I2C","data",7.6599705,2.325e-05,0x00,true,,
"I2C","data",7.65999525,2.325e-05,0x00,true,,
"I2C","data",7.66002,2.325e-05,0x00,true,,
"I2C","data",7.66004475,2.325e-05,0x00,true,,
"I2C","data",7.6600695,2.325e-05,0x00,true,,
"I2C","data",7.66009425,2.325e-05,0x00,true,,
"I2C","data",7.660119,2.325e-05,0x00,true,,
"I2C","data",7.66014369,2.33125e-05,0x00,true,,
"I2C","data",7.66016844,2.33125e-05,0x00,true,,
"I2C","data",7.66019319,2.325e-05,0x00,true,,
"I2C","data",7.66021794,2.325e-05,0x00,true,,
"I2C","data",7.66024269,2.325e-05,0x00,true,,
"I2C","data",7.66026744,2.325e-05,0x00,true,,
"I2C","data",7.66029219,2.325e-05,0x00,true,,
"I2C","data",7.66031694,2.325e-05,0x00,true,,
"I2C","data",7.66034163,2.325e-05,0x00,true,,
"I2C","data",7.66036637,2.325e-05,0x00,true,,
"I2C","data",7.66039113,2.325e-05,0x00,true,,
"I2C","data",7.66041587,2.325e-05,0x00,true,,
"I2C","data",7.66044062,2.325e-05,0x00,true,,
"I2C","data",7.66046538,2.325e-05,0x00,true,,
"I2C","data",7.66049012,2.325e-05,0x00,true,,
"I2C","data",7.66051481,2.33125e-05,0x00,true,,
"I2C","data",7.66053956,2.325e-05,0x00,true,,
"I2C","data",7.66056431,2.325e-05,0x00,true,,
"I2C","data",7.66058906,2.325e-05,0x00,false,,
"I2C","stop",7.66061531,6.25000002e-08,,,,
"I2C","start",7.66062069,6.25000002e-08,,,,
"I2C","address",7.66062331,2.325e-05,,true,0x25,false
"I2C","data",7.660652,2.33125e-05,0x40,true,,
"I2C","start",7.66068081,6.25000002e-08,,,,
"I2C","address",7.66068337,2.33125e-05,,true,0x25,true
"I2C","data",7.66071694,2.31875e-05,0x00,false,,
"I2C","stop",7.66074312,6.24999993e-08,,,,
"Async Serial [1]","data",7.68993937,9.5e-06,0xB1,,,
"Async Serial [1]","data",7.68994938,9.5e-06,0x04,,,
"Async Serial [1]","data",7.68995937,9.5e-06,0x00,,,
"Async Serial [1]","data",7.68996938,9.5e-06,0x00,,,
"Async Serial [1]","data",7.68997938,9.5e-06,0xFC,,,
"Async Serial [1]","data",7.68998937,9.5e-06,0xB3,,,
"Async Serial","data",7.69003075,9.5e-06,0xB2,,,
"Async Serial","data",7.69004081,9.5e-06,0x00,,,
"Async Serial","data",7.69005094,9.5e-06,0x01,,,
"Async Serial","data",7.69006106,9.5e-06,0x03,,,
"Async Serial","data",7.69007119,9.5e-06,0xFC,,,
"Async Serial","data",7.69008131,9.5e-06,0xB3,,,
"Async Serial [1]","data",7.79197612,9.5e-06,0xB1,,,
"Async Serial [1]","data",7.79198613,9.5e-06,0x04,,,
"Async Serial [1]","data",7.79199612,9.5e-06,0x00,,,
"Async Serial [1]","data",7.79200612,9.5e-06,0x00,,,
"Async Serial [1]","data",7.79201612,9.5e-06,0xFC,,,
"Async Serial [1]","data",7.79202612,9.5e-06,0xB3,,,
"Async Serial","data",7.79207306,9.5e-06,0xB2,,,
"Async Serial","data",7.79208319,9.5e-06,0x00,,,
"Async Serial","data",7.79209331,9.5e-06,0x01,,,
"Async Serial","data",7.79210344,9.5e-06,0x03,,,
"Async Serial","data",7.79211356,9.5e-06,0xFC,,,
"Async Serial","data",7.79212363,9.5e-06,0xB3,,,
"Async Serial [1]","data",7.89401294,9.5e-06,0xB1,,,
"Async Serial [1]","data",7.89402294,9.5e-06,0x04,,,
"Async Serial [1]","data",7.89403294,9.5e-06,0x00,,,
"Async Serial [1]","data",7.89404294,9.5e-06,0x00,,,
"Async Serial [1]","data",7.89405294,9.5e-06,0xFC,,,
"Async Serial [1]","data",7.89406294,9.5e-06,0xB3,,,
"Async Serial","data",7.89410656,9.5e-06,0xB2,,,
"Async Serial","data",7.89411669,9.5e-06,0x00,,,
"Async Serial","data",7.89412681,9.5e-06,0x01,,,
"Async Serial","data",7.89413694,9.5e-06,0x03,,,
"Async Serial","data",7.89414706,9.5e-06,0xFC,,,
"Async Serial","data",7.89415713,9.5e-06,0xB3,,,
"I2C","start",7.95866125,6.25000011e-08,,,,
"I2C","address",7.95866388,2.325e-05,,true,0x25,false
"I2C","stop",7.95869413,6.25000002e-08,,,,
"I2C","start",7.95869912,6.24999993e-08,,,,
"I2C","address",7.95870175,2.325e-05,,true,0x25,false
"I2C","data",7.95873044,2.325e-05,0x00,true,,
"I2C","start",7.95875919,6.25000002e-08,,,,
"I2C","address",7.95876181,2.325e-05,,true,0x25,true
"I2C","data",7.95879531,2.325e-05,0xA5,true,,
"I2C","data",7.95882006,2.325e-05,0x03,false,,
"I2C","stop",7.95884625,6.25000011e-08,,,,
"I2C","start",7.95885194,6.24999993e-08,,,,
"I2C","address",7.9588545,2.325e-05,,true,0x25,false
"I2C","data",7.95888325,2.3125e-05,0x40,true,,
"I2C","start",7.958912,6.25000002e-08,,,,
"I2C","address",7.95891463,2.325e-05,,true,0x25,true
"I2C","data",7.95894806,2.33125e-05,0x00,false,,
"I2C","stop",7.95897431,6.25000011e-08,,,,
"I2C","start",7.95897962,6.25000002e-08,,,,
"I2C","address",7.95898219,2.325e-05,,true,0x25,false
"I2C","data",7.95901106,2.3125e-05,0x00,true,,
"I2C","start",7.95903956,6.25000002e-08,,,,
"I2C","address",7.95904219,2.325e-05,,true,0x25,true
"I2C","data",7.95907562,2.325e-05,0xA5,true,,
"I2C","data",7.95910038,2.325e-05,0x03,true,,
"I2C","data",7.95912512,2.325e-05,0x00,true,,
"I2C","data",7.95914987,2.325e-05,0x00,true,,
"I2C","data",7.95917456,2.33125e-05,0x28,true,,
"I2C","data",7.95919931,2.325e-05,0xEF,true,,
"I2C","data",7.95922406,2.325e-05,0x5B,true,,
"I2C","data",7.95924881,2.325e-05,0x00,true,,
"I2C","data",7.9592735,2.325e-05,0x03,true,,
"I2C","data",7.95929825,2.325e-05,0x00,true,,
"I2C","data",7.959323,2.325e-05,0x00,true,,
"I2C","data",7.95934775,2.325e-05,0x00,true,,
"I2C","data",7.95937244,2.325e-05,0x40,true,,
"I2C","data",7.95939719,2.325e-05,0x0D,true,,
"I2C","data",7.95942194,2.325e-05,0x03,true,,
"I2C","data",7.95944669,2.325e-05,0x00,true,,
"I2C","data",7.95947144,2.325e-05,0x01,true,,
"I2C","data",7.95949613,2.325e-05,0x00,true,,
"I2C","data",7.95952087,2.325e-05,0x01,true,,
"I2C","data",7.95954562,2.325e-05,0x00,true,,
"I2C","data",7.95957038,2.325e-05,0x80,true,,
"I2C","data",7.95959506,2.33125e-05,0x8D,true,,
"I2C","data",7.95961981,2.325e-05,0x5B,true,,
"I2C","data",7.95964456,2.325e-05,0x00,true,,
"I2C","data",7.95966931,2.325e-05,0x20,true,,
"I2C","data",7.95969406,2.325e-05,0xBF,true,,
"I2C","data",7.95971875,2.33125e-05,0x02,true,,
"I2C","data",7.9597435,2.325e-05,0x00,true,,
"I2C","data",7.95976825,2.325e-05,0x00,true,,
"I2C","data",7.959793,2.325e-05,0x12,true,,
"I2C","data",7.95981775,2.325e-05,0x7A,true,,
"I2C","data",7.9598425,2.325e-05,0x00,true,,
"I2C","data",7.95986719,2.33125e-05,0x60,true,,
"I2C","data",7.95989194,2.325e-05,0xE3,true,,
"I2C","data",7.95991669,2.325e-05,0x16,true,,
"I2C","data",7.95994144,2.325e-05,0x00,true,,
"I2C","data",7.95996619,2.325e-05,0x30,true,,
"I2C","data",7.95999087,2.325e-05,0x11,true,,
"I2C","data",7.96001562,2.325e-05,0x00,true,,
"I2C","data",7.96004038,2.325e-05,0x00,true,,
"I2C","data",7.96006512,2.325e-05,0xD0,true,,
"I2C","data",7.96008981,2.33125e-05,0xEE,true,,
"I2C","data",7.96011456,2.325e-05,0xFF,true,,
"I2C","data",7.96013931,2.325e-05,0xFF,true,,
"I2C","data",7.96016406,2.325e-05,0x20,true,,
"I2C","data",7.96018881,2.325e-05,0x03,true,,
"I2C","data",7.9602135,2.325e-05,0xD0,true,,
"I2C","data",7.96023825,2.325e-05,0x07,true,,
"I2C","data",7.960263,2.325e-05,0x64,true,,
"I2C","data",7.96028775,2.325e-05,0x00,true,,
"I2C","data",7.96031244,2.325e-05,0xF4,true,,
"I2C","data",7.96033719,2.325e-05,0x01,true,,
"I2C","data",7.96036194,2.325e-05,0x00,true,,
"I2C","data",7.96038662,2.33125e-05,0x00,true,,
"I2C","data",7.96041137,2.325e-05,0x00,true,,
"I2C","data",7.96043613,2.325e-05,0x00,true,,
"I2C","data",7.96046087,2.325e-05,0x00,true,,
"I2C","data",7.96048562,2.325e-05,0x00,true,,
"I2C","data",7.96051031,2.325e-05,0x00,true,,
"I2C","data",7.96053506,2.325e-05,0x00,true,,
"I2C","data",7.96055981,2.325e-05,0x00,true,,
"I2C","data",7.96058456,2.325e-05,0x00,true,,
"I2C","data",7.96060925,2.33125e-05,0x00,true,,
"I2C","data",7.960634,2.325e-05,0x00,true,,
"I2C","data",7.96065875,2.325e-05,0x00,true,,
"I2C","data",7.9606835,2.325e-05,0x00,true,,
"I2C","data",7.96070825,2.325e-05,0x00,true,,
"I2C","data",7.96073294,2.33125e-05,0x00,true,,
"I2C","data",7.96075769,2.325e-05,0x00,true,,
"I2C","data",7.96078244,2.325e-05,0x00,true,,
"I2C","data",7.96080719,2.325e-05,0x00,true,,
"I2C","data",7.96083194,2.325e-05,0x00,true,,
"I2C","data",7.96085662,2.325e-05,0x00,true,,
"I2C","data",7.96088137,2.325e-05,0x00,true,,
"I2C","data",7.96090613,2.325e-05,0x00,true,,
"I2C","data",7.96093087,2.325e-05,0x00,true,,
"I2C","data",7.96095556,2.33125e-05,0x00,true,,
"I2C","data",7.96098031,2.325e-05,0x00,true,,
"I2C","data",7.96100506,2.325e-05,0x00,true,,
"I2C","data",7.96102981,2.325e-05,0x00,true,,
"I2C","data",7.96105456,2.325e-05,0x00,true,,
"I2C","data",7.96107925,2.325e-05,0x00,true,,
"I2C","data",7.961104,2.325e-05,0x00,true,,
"I2C","data",7.96112875,2.325e-05,0x00,true,,
"I2C","data",7.9611535,2.325e-05,0x00,true,,
"I2C","data",7.96117819,2.325e-05,0x00,true,,
"I2C","data",7.96120294,2.325e-05,0x00,true,,
"I2C","data",7.96122769,2.325e-05,0x00,true,,
"I2C","data",7.96125244,2.325e-05,0x00,true,,
"I2C","data",7.96127712,2.325e-05,0x00,true,,
"I2C","data",7.96130188,2.325e-05,0x00,true,,
"I2C","data",7.96132662,2.325e-05,0x00,true,,
"I2C","data",7.96135137,2.325e-05,0x00,true,,
"I2C","data",7.96137613,2.325e-05,0x00,true,,
"I2C","data",7.96140081,2.325e-05,0x00,true,,
"I2C","data",7.96142556,2.325e-05,0x00,false,,
"I2C","stop",7.96145181,6.24999993e-08,,,,
"I2C","start",7.96145719,6.24999993e-08,,,,
"I2C","address",7.96145981,2.325e-05,,true,0x25,false
"I2C","data",7.9614885,2.325e-05,0x40,true,,
"I2C","start",7.96151725,6.25000002e-08,,,,
"I2C","address",7.96151987,2.325e-05,,true,0x25,true
"I2C","data",7.96155338,2.325e-05,0x00,false,,
"I2C","stop",7.96157956,6.24999993e-08,,,,
"Async Serial [1]","data",8.004043,9.5e-06,0xB1,,,
"Async Serial [1]","data",8.004053,9.5e-06,0x04,,,
"Async Serial [1]","data",8.00406306,9.5e-06,0x00,,,
"Async Serial [1]","data",8.00407306,9.5e-06,0x00,,,
"Async Serial [1]","data",8.00408306,9.5e-06,0xFC,,,
"Async Serial [1]","data",8.00409306,9.5e-06,0xB3,,,
"Async Serial","data",8.00413712,9.5e-06,0xB2,,,
"Async Serial","data",8.00414725,9.5e-06,0x00,,,
"Async Serial","data",8.00415738,9.5e-06,0x01,,,
"Async Serial","data",8.0041675,9.5e-06,0x03,,,
"Async Serial","data",8.00417763,9.5e-06,0xFC,,,
"Async Serial","data",8.00418775,9.5e-06,0xB3,,,
"Async Serial [1]","data",8.10607881,9.5e-06,0xB1,,,
"Async Serial [1]","data",8.10608881,9.5e-06,0x04,,,
"Async Serial [1]","data",8.10609881,9.5e-06,0x00,,,
"Async Serial [1]","data",8.10610881,9.5e-06,0x00,,,
"Async Serial [1]","data",8.10611881,9.5e-06,0xFC,,,
"Async Serial [1]","data",8.10612881,9.5e-06,0xB3,,,
"Async Serial","data",8.10617119,9.5e-06,0xB2,,,
"Async Serial","data",8.10618125,9.5e-06,0x00,,,
"Async Serial","data",8.10619137,9.5e-06,0x01,,,
"Async Serial","data",8.1062015,9.5e-06,0x03,,,
"Async Serial","data",8.10621163,9.5e-06,0xFC,,,
"Async Serial","data",8.10622175,9.5e-06,0xB3,,,
"Async Serial [1]","data",8.20811562,9.5e-06,0xB1,,,
"Async Serial [1]","data",8.20812562,9.5e-06,0x04,,,
"Async Serial [1]","data",8.20813563,9.5e-06,0x00,,,
"Async Serial [1]","data",8.20814563,9.5e-06,0x00,,,
"Async Serial [1]","data",8.20815562,9.5e-06,0xFC,,,
"Async Serial [1]","data",8.20816562,9.5e-06,0xB3,,,
"Async Serial","data",8.20821212,9.5e-06,0xB2,,,
"Async Serial","data",8.20822225,9.5e-06,0x00,,,
"Async Serial","data",8.20823231,9.5e-06,0x01,,,
"Async Serial","data",8.20824244,9.5e-06,0x03,,,
"Async Serial","data",8.20825256,9.5e-06,0xFC,,,
"Async Serial","data",8.20826269,9.5e-06,0xB3,,,
"I2C","start",8.2594975,6.25000011e-08,,,,
"I2C","address",8.25950006,2.325e-05,,true,0x25,false
"I2C","stop",8.25953019,6.25000011e-08,,,,
"I2C","start",8.25953531,6.25000011e-08,,,,
"I2C","address",8.25953794,2.325e-05,,true,0x25,false
"I2C","data",8.25956669,2.325e-05,0x00,true,,
"I2C","start",8.25959544,6.24999993e-08,,,,
"I2C","address",8.25959806,2.325e-05,,true,0x25,true
"I2C","data",8.2596315,2.3125e-05,0xA5,true,,
"I2C","data",8.25965612,2.325e-05,0x03,false,,
"I2C","stop",8.25968238,6.24999993e-08,,,,
"I2C","start",8.25968825,6.25000011e-08,,,,
"I2C","address",8.25969088,2.325e-05,,true,0x25,false
"I2C","data",8.25971956,2.31875e-05,0x40,true,,
"I2C","start",8.25974837,6.25000011e-08,,,,
"I2C","address",8.25975094,2.325e-05,,true,0x25,true
"I2C","data",8.25978444,2.3125e-05,0x00,false,,
"I2C","stop",8.25981056,6.24999993e-08,,,,
"I2C","start",8.25981594,6.24999993e-08,,,,
"I2C","address",8.25981856,2.325e-05,,true,0x25,false
"I2C","data",8.25984731,2.31875e-05,0x00,true,,
"I2C","start",8.259876,6.24999993e-08,,,,
"I2C","address",8.25987863,2.325e-05,,true,0x25,true
"I2C","data",8.25991212,2.325e-05,0xA5,true,,
"I2C","data",8.25993687,2.325e-05,0x03,true,,
"I2C","data",8.25996156,2.325e-05,0x00,true,,
"I2C","data",8.25998631,2.325e-05,0x00,true,,
"I2C","data",8.26001106,2.325e-05,0x28,true,,
"I2C","data",8.26003581,2.325e-05,0xEF,true,,
"I2C","data",8.2600605,2.33125e-05,0x5B,true,,
"I2C","data",8.26008525,2.325e-05,0x00,true,,
"I2C","data",8.26011,2.325e-05,0x03,true,,
"I2C","data",8.26013475,2.325e-05,0x00,true,,
"I2C","data",8.2601595,2.325e-05,0x00,true,,
"I2C","data",8.26018419,2.325e-05,0x00,true,,
"I2C","data",8.26020894,2.325e-05,0x40,true,,
"I2C","data",8.26023369,2.325e-05,0x0D,true,,
"I2C","data",8.26025844,2.325e-05,0x03,true,,
"I2C","data",8.26028313,2.33125e-05,0x00,true,,
"I2C","data",8.26030788,2.325e-05,0x01,true,,
"I2C","data",8.26033263,2.325e-05,0x00,true,,
"I2C","data",8.26035737,2.325e-05,0x01,true,,
"I2C","data",8.26038206,2.33125e-05,0x00,true,,
"I2C","data",8.26040681,2.325e-05,0x80,true,,
"I2C","data",8.26043156,2.325e-05,0x8D,true,,
"I2C","data",8.26045631,2.325e-05,0x5B,true,,
"I2C","data",8.26048106,2.325e-05,0x00,true,,
"I2C","data",8.26050575,2.325e-05,0x20,true,,
"I2C","data",8.2605305,2.325e-05,0xBF,true,,
"I2C","data",8.26055525,2.325e-05,0x02,true,,
"I2C","data",8.26058,2.325e-05,0x00,true,,
"I2C","data",8.26060469,2.33125e-05,0x00,true,,
"I2C","data",8.26062944,2.325e-05,0x12,true,,
"I2C","data",8.26065419,2.325e-05,0x7A,true,,
"I2C","data",8.26067894,2.325e-05,0x00,true,,
"I2C","data",8.26070369,2.325e-05,0x60,true,,
"I2C","data",8.26072837,2.325e-05,0xE3,true,,
"I2C","data",8.26075313,2.325e-05,0x16,true,,
"I2C","data",8.26077788,2.325e-05,0x00,true,,
"I2C","data",8.26080263,2.325e-05,0x30,true,,
"I2C","data",8.26082731,2.33125e-05,0x11,true,,
"I2C","data",8.26085206,2.325e-05,0x00,true,,
"I2C","data",8.26087681,2.325e-05,0x00,true,,
"I2C","data",8.26090156,2.325e-05,0xD0,true,,
"I2C","data",8.26092631,2.325e-05,0xEE,true,,
"I2C","data",8.260951,2.325e-05,0xFF,true,,
"I2C","data",8.26097575,2.325e-05,0xFF,true,,
"I2C","data",8.2610005,2.325e-05,0x20,true,,
"I2C","data",8.26102525,2.325e-05,0x03,true,,
"I2C","data",8.26105,2.325e-05,0xD0,true,,
"I2C","data",8.26107469,2.33125e-05,0x07,true,,
"I2C","data",8.26109944,2.325e-05,0x64,true,,
"I2C","data",8.26112419,2.325e-05,0x00,true,,
"I2C","data",8.26114894,2.325e-05,0xF4,true,,
"I2C","data",8.26117369,2.325e-05,0x01,true,,
"I2C","data",8.26119837,2.325e-05,0x00,true,,
"I2C","data",8.26122313,2.325e-05,0x00,true,,
"I2C","data",8.26124788,2.325e-05,0x00,true,,
"I2C","data",8.26127263,2.325e-05,0x00,true,,
"I2C","data",8.26129737,2.325e-05,0x00,true,,
"I2C","data",8.26132206,2.33125e-05,0x00,true,,
"I2C","data",8.26134681,2.325e-05,0x00,true,,
"I2C","data",8.26137156,2.325e-05,0x00,true,,
"I2C","data",8.26139631,2.325e-05,0x00,true,,
"I2C","data",8.26142106,2.325e-05,0x00,true,,
"I2C","data",8.26144575,2.325e-05,0x00,true,,
"I2C","data",8.2614705,2.325e-05,0x00,true,,
"I2C","data",8.26149525,2.325e-05,0x00,true,,
"I2C","data",8.26152,2.325e-05,0x00,true,,
"I2C","data",8.26154475,2.325e-05,0x00,true,,
"I2C","data",8.26156944,2.325e-05,0x00,true,,
"I2C","data",8.26159419,2.325e-05,0x00,true,,
"I2C","data",8.26161894,2.325e-05,0x00,true,,
"I2C","data",8.26164369,2.325e-05,0x00,true,,
"I2C","data",8.26166837,2.33125e-05,0x00,true,,
"I2C","data",8.26169313,2.325e-05,0x00,true,,
"I2C","data",8.26171788,2.325e-05,0x00,true,,
"I2C","data",8.26174263,2.325e-05,0x00,true,,
"I2C","data",8.26176737,2.325e-05,0x00,true,,
"I2C","data",8.26179206,2.325e-05,0x00,true,,
"I2C","data",8.26181681,2.325e-05,0x00,true,,
"I2C","data",8.26184156,2.325e-05,0x00,true,,
"I2C","data",8.26186631,2.325e-05,0x00,true,,
"I2C","data",8.26189106,2.325e-05,0x00,true,,
"I2C","data",8.26191575,2.325e-05,0x00,true,,
"I2C","data",8.2619405,2.325e-05,0x00,true,,
"I2C","data",8.26196525,2.325e-05,0x00,true,,
"I2C","data",8.26199,2.325e-05,0x00,true,,
"I2C","data",8.26201475,2.325e-05,0x00,true,,
"I2C","data",8.26203944,2.325e-05,0x00,true,,
"I2C","data",8.26206419,2.325e-05,0x00,true,,
"I2C","data",8.26208894,2.325e-05,0x00,true,,
"I2C","data",8.26211369,2.325e-05,0x00,true,,
"I2C","data",8.26213837,2.325e-05,0x00,true,,
"I2C","data",8.26216313,2.325e-05,0x00,true,,
"I2C","data",8.26218788,2.325e-05,0x00,true,,
"I2C","data",8.26221263,2.325e-05,0x00,true,,
"I2C","data",8.26223731,2.325e-05,0x00,true,,
"I2C","data",8.26226206,2.325e-05,0x00,false,,
"I2C","stop",8.26228831,6.24999993e-08,,,,
"I2C","start",8.26229331,6.25000011e-08,,,,
"I2C","address",8.26229594,2.325e-05,,true,0x25,false
"I2C","data",8.26232462,2.325e-05,0x40,true,,
"I2C","start",8.2623535,6.25000011e-08,,,,
"I2C","address",8.26235613,2.325e-05,,true,0x25,true
"I2C","data",8.26238963,2.325e-05,0x00,false,,
"I2C","stop",8.26241581,6.24999993e-08,,,,
"Async Serial [1]","data",8.31015237,9.5e-06,0xB1,,,
"Async Serial [1]","data",8.31016238,9.5e-06,0x04,,,
"Async Serial [1]","data",8.31017238,9.5e-06,0x00,,,
"Async Serial [1]","data",8.31018238,9.5e-06,0x00,,,
"Async Serial [1]","data",8.31019237,9.5e-06,0xFC,,,
"Async Serial [1]","data",8.31020237,9.5e-06,0xB3,,,
"Async Serial","data",8.31024794,9.5e-06,0xB2,,,
"Async Serial","data",8.31025806,9.5e-06,0x00,,,
"Async Serial","data",8.31026819,9.5e-06,0x01,,,
"Async Serial","data",8.31027825,9.5e-06,0x03,,,
"Async Serial","data",8.31028838,9.5e-06,0xFC,,,
"Async Serial","data",8.3102985,9.5e-06,0xB3,,,
"Async Serial [1]","data",8.4201825,9.5e-06,0xB1,,,
"Async Serial [1]","data",8.4201925,9.5e-06,0x04,,,
"Async Serial [1]","data",8.4202025,9.5e-06,0x00,,,
"Async Serial [1]","data",8.4202125,9.5e-06,0x00,,,
"Async Serial [1]","data",8.4202225,9.5e-06,0xFC,,,
"Async Serial [1]","data",8.4202325,9.5e-06,0xB3,,,
"Async Serial","data",8.42027537,9.5e-06,0xB2,,,
"Async Serial","data",8.4202855,9.5e-06,0x00,,,
"Async Serial","data",8.42029562,9.5e-06,0x01,,,
"Async Serial","data",8.42030575,9.5e-06,0x03,,,
"Async Serial","data",8.42031581,9.5e-06,0xFC,,,
"Async Serial","data",8.42032594,9.5e-06,0xB3,,,
"Async Serial [1]","data",8.52221925,9.5e-06,0xB1,,,
"Async Serial [1]","data",8.52222925,9.5e-06,0x04,,,
"Async Serial [1]","data",8.52223925,9.5e-06,0x00,,,
"Async Serial [1]","data",8.52224925,9.5e-06,0x00,,,
"Async Serial [1]","data",8.52225931,9.5e-06,0xFC,,,
"Async Serial [1]","data",8.52226931,9.5e-06,0xB3,,,
"Async Serial","data",8.5223165,9.5e-06,0xB2,,,
"Async Serial","data",8.52232662,9.5e-06,0x00,,,
"Async Serial","data",8.52233675,9.5e-06,0x01,,,
"Async Serial","data",8.52234688,9.5e-06,0x03,,,
"Async Serial","data",8.52235694,9.5e-06,0xFC,,,
"Async Serial","data",8.52236706,9.5e-06,0xB3,,,
"I2C","start",8.56033088,6.24999993e-08,,,,
"I2C","address",8.5603335,2.325e-05,,true,0x25,false
"I2C","stop",8.56036375,6.24999993e-08,,,,
"I2C","start",8.56036875,6.25000011e-08,,,,
"I2C","address",8.56037138,2.325e-05,,true,0x25,false
"I2C","data",8.56040012,2.325e-05,0x00,true,,
"I2C","start",8.56042887,6.24999993e-08,,,,
"I2C","address",8.56043144,2.325e-05,,true,0x25,true
"I2C","data",8.560465,2.31875e-05,0xA5,true,,
"I2C","data",8.56048969,2.325e-05,0x03,false,,
"I2C","stop",8.56051588,6.24999993e-08,,,,
"I2C","start",8.56052169,6.24999993e-08,,,,
"I2C","address",8.56052431,2.325e-05,,true,0x25,false
"I2C","data",8.560553,2.325e-05,0x40,true,,
"I2C","start",8.56058162,6.25000011e-08,,,,
"I2C","address",8.56058425,2.325e-05,,true,0x25,true
"I2C","data",8.56061769,2.33125e-05,0x00,false,,
"I2C","stop",8.56064394,6.24999993e-08,,,,
"I2C","start",8.56064925,6.25000011e-08,,,,
"I2C","address",8.56065181,2.325e-05,,true,0x25,false
"I2C","data",8.56068056,2.3125e-05,0x00,true,,
"I2C","start",8.56070931,6.24999993e-08,,,,
"I2C","address",8.56071194,2.325e-05,,true,0x25,true
"I2C","data",8.56074544,2.325e-05,0xA5,true,,
"I2C","data",8.56077012,2.325e-05,0x03,true,,
"I2C","data",8.56079487,2.325e-05,0x00,true,,
"I2C","data",8.56081963,2.325e-05,0x00,true,,
"I2C","data",8.56084438,2.325e-05,0x28,true,,
"I2C","data",8.56086906,2.33125e-05,0xEF,true,,
"I2C","data",8.56089381,2.325e-05,0x5B,true,,
"I2C","data",8.56091856,2.325e-05,0x00,true,,
"I2C","data",8.56094331,2.325e-05,0x03,true,,
"I2C","data",8.56096806,2.325e-05,0x00,true,,
"I2C","data",8.56099275,2.325e-05,0x00,true,,
"I2C","data",8.5610175,2.325e-05,0x00,true,,
"I2C","data",8.56104225,2.325e-05,0x40,true,,
"I2C","data",8.561067,2.325e-05,0x0D,true,,
"I2C","data",8.56109169,2.33125e-05,0x03,true,,
"I2C","data",8.56111644,2.325e-05,0x00,true,,
"I2C","data",8.56114119,2.325e-05,0x01,true,,
"I2C","data",8.56116594,2.325e-05,0x00,true,,
"I2C","data",8.56119069,2.325e-05,0x01,true,,
"I2C","data",8.56121537,2.325e-05,0x00,true,,
"I2C","data",8.56124012,2.325e-05,0x80,true,,
"I2C","data",8.56126488,2.325e-05,0x8D,true,,
"I2C","data",8.56128963,2.325e-05,0x5B,true,,
"I2C","data",8.56131438,2.325e-05,0x00,true,,
"I2C","data",8.56133906,2.325e-05,0x20,true,,
"I2C","data",8.56136381,2.325e-05,0xBF,true,,
"I2C","data",8.56138856,2.325e-05,0x02,true,,
"I2C","data",8.56141331,2.325e-05,0x00,true,,
"I2C","data",8.56143806,2.325e-05,0x00,true,,
"I2C","data",8.56146275,2.325e-05,0x12,true,,
"I2C","data",8.5614875,2.325e-05,0x7A,true,,
"I2C","data",8.56151225,2.325e-05,0x00,true,,
"I2C","data",8.561537,2.325e-05,0x60,true,,
"I2C","data",8.56156169,2.33125e-05,0xE3,true,,
"I2C","data",8.56158644,2.325e-05,0x16,true,,
"I2C","data",8.56161119,2.325e-05,0x00,true,,
"I2C","data",8.56163594,2.325e-05,0x30,true,,
"I2C","data",8.56166069,2.325e-05,0x11,true,,
"I2C","data",8.56168544,2.325e-05,0x00,true,,
"I2C","data",8.56171012,2.325e-05,0x00,true,,
"I2C","data",8.56173488,2.325e-05,0xD0,true,,
"I2C","data",8.56175963,2.325e-05,0xEE,true,,
"I2C","data",8.56178438,2.325e-05,0xFF,true,,
"I2C","data",8.56180906,2.325e-05,0xFF,true,,
"I2C","data",8.56183381,2.325e-05,0x20,true,,
"I2C","data",8.56185856,2.325e-05,0x03,true,,
"I2C","data",8.56188331,2.325e-05,0xD0,true,,
"I2C","data",8.561908,2.33125e-05,0x07,true,,
"I2C","data",8.56193275,2.325e-05,0x64,true,,
"I2C","data",8.5619575,2.325e-05,0x00,true,,
"I2C","data",8.56198225,2.325e-05,0xF4,true,,
"I2C","data",8.562007,2.325e-05,0x01,true,,
"I2C","data",8.56203169,2.325e-05,0x00,true,,
"I2C","data",8.56205644,2.325e-05,0x00,true,,
"I2C","data",8.56208119,2.325e-05,0x00,true,,
"I2C","data",8.56210594,2.325e-05,0x00,true,,
"I2C","data",8.56213069,2.325e-05,0x00,true,,
"I2C","data",8.56215537,2.325e-05,0x00,true,,
"I2C","data",8.56218012,2.325e-05,0x00,true,,
"I2C","data",8.56220488,2.325e-05,0x00,true,,
"I2C","data",8.56222963,2.325e-05,0x00,true,,
"I2C","data",8.56225431,2.33125e-05,0x00,true,,
"I2C","data",8.56227906,2.325e-05,0x00,true,,
"I2C","data",8.56230381,2.325e-05,0x00,true,,
"I2C","data",8.56232856,2.325e-05,0x00,true,,
"I2C","data",8.56235331,2.325e-05,0x00,true,,
"I2C","data",8.562378,2.33125e-05,0x00,true,,
"I2C","data",8.56240275,2.325e-05,0x00,true,,
"I2C","data",8.5624275,2.325e-05,0x00,true,,
"I2C","data",8.56245225,2.325e-05,0x00,true,,
"I2C","data",8.562477,2.325e-05,0x00,true,,
"I2C","data",8.56250169,2.325e-05,0x00,true,,
"I2C","data",8.56252644,2.325e-05,0x00,true,,
"I2C","data",8.56255119,2.325e-05,0x00,true,,
"I2C","data",8.56257594,2.325e-05,0x00,true,,
"I2C","data",8.56260062,2.33125e-05,0x00,true,,
"I2C","data",8.56262537,2.325e-05,0x00,true,,
"I2C","data",8.56265012,2.325e-05,0x00,true,,
"I2C","data",8.56267488,2.325e-05,0x00,true,,
"I2C","data",8.56269963,2.325e-05,0x00,true,,
"I2C","data",8.56272431,2.33125e-05,0x00,true,,
"I2C","data",8.56274906,2.325e-05,0x00,true,,
"I2C","data",8.56277381,2.325e-05,0x00,true,,
"I2C","data",8.56279856,2.325e-05,0x00,true,,
"I2C","data",8.56282331,2.325e-05,0x00,true,,
"I2C","data",8.562848,2.325e-05,0x00,true,,
"I2C","data",8.56287275,2.325e-05,0x00,true,,
"I2C","data",8.5628975,2.325e-05,0x00,true,,
"I2C","data",8.56292225,2.325e-05,0x00,true,,
"I2C","data",8.56294694,2.325e-05,0x00,true,,
"I2C","data",8.56297169,2.325e-05,0x00,true,,
"I2C","data",8.56299644,2.325e-05,0x00,true,,
"I2C","data",8.56302119,2.325e-05,0x00,true,,
"I2C","data",8.56304588,2.325e-05,0x00,true,,
"I2C","data",8.56307062,2.325e-05,0x00,true,,
"I2C","data",8.56309537,2.325e-05,0x00,false,,
"I2C","stop",8.56312156,6.2500003e-08,,,,
"I2C","start",8.56312712,6.24999993e-08,,,,
"I2C","address",8.56312975,2.325e-05,,true,0x25,false
"I2C","data",8.5631585,2.31875e-05,0x40,true,,
"I2C","start",8.56318706,6.24999993e-08,,,,
"I2C","address",8.56318969,2.325e-05,,true,0x25,true
"I2C","data",8.56322313,2.31875e-05,0x00,false,,
"I2C","stop",8.56324925,6.24999993e-08,,,,
"Async Serial [1]","data",8.62425606,9.5e-06,0xB1,,,
"Async Serial [1]","data",8.62426606,9.5e-06,0x04,,,
"Async Serial [1]","data",8.62427606,9.5e-06,0x00,,,
"Async Serial [1]","data",8.62428606,9.5e-06,0x00,,,
"Async Serial [1]","data",8.62429606,9.5e-06,0xFC,,,
"Async Serial [1]","data",8.62430606,9.5e-06,0xB3,,,
"Async Serial","data",8.62435294,9.5e-06,0xB2,,,
"Async Serial","data",8.62436306,9.5e-06,0x00,,,
"Async Serial","data",8.62437319,9.5e-06,0x01,,,
"Async Serial","data",8.62438325,9.5e-06,0x03,,,
"Async Serial","data",8.62439338,9.5e-06,0xFC,,,
"Async Serial","data",8.6244035,9.5e-06,0xB3,,,
"Async Serial [1]","data",8.72629288,9.5e-06,0xB1,,,
"Async Serial [1]","data",8.72630288,9.5e-06,0x04,,,
"Async Serial [1]","data",8.72631287,9.5e-06,0x00,,,
"Async Serial [1]","data",8.72632287,9.5e-06,0x00,,,
"Async Serial [1]","data",8.72633288,9.5e-06,0xFC,,,
"Async Serial [1]","data",8.72634288,9.5e-06,0xB3,,,
"Async Serial","data",8.72638625,9.5e-06,0xB2,,,
"Async Serial","data",8.72639638,9.5e-06,0x00,,,
"Async Serial","data",8.72640644,9.5e-06,0x01,,,
"Async Serial","data",8.72641656,9.5e-06,0x03,,,
"Async Serial","data",8.72642669,9.5e-06,0xFC,,,
"Async Serial","data",8.72643681,9.5e-06,0xB3,,,
"Async Serial [1]","data",8.83632294,9.5e-06,0xB1,,,
"Async Serial [1]","data",8.83633294,9.5e-06,0x04,,,
"Async Serial [1]","data",8.83634294,9.5e-06,0x00,,,
"Async Serial [1]","data",8.83635294,9.5e-06,0x00,,,
"Async Serial [1]","data",8.83636294,9.5e-06,0xFC,,,
"Async Serial [1]","data",8.83637294,9.5e-06,0xB3,,,
"Async Serial","data",8.83641981,9.5e-06,0xB2,,,
"Async Serial","data",8.83642988,9.5e-06,0x00,,,
"Async Serial","data",8.83644,9.5e-06,0x01,,,
"Async Serial","data",8.83645013,9.5e-06,0x03,,,
"Async Serial","data",8.83646025,9.5e-06,0xFC,,,
"Async Serial","data",8.83647037,9.5e-06,0xB3,,,
"I2C","start",8.86115869,6.24999993e-08,,,,
"I2C","address",8.86116131,2.325e-05,,true,0x25,false
"I2C","stop",8.86119138,6.24999993e-08,,,,
"I2C","start",8.86119656,6.25000011e-08,,,,
"I2C","address",8.86119913,2.325e-05,,true,0x25,false
"I2C","data",8.86122788,2.325e-05,0x00,true,,
"I2C","start",8.86125662,6.24999993e-08,,,,
"I2C","address",8.86125925,2.325e-05,,true,0x25,true
"I2C","data",8.86129269,2.33125e-05,0xA5,true,,
"I2C","data",8.86131744,2.325e-05,0x03,false,,
"I2C","stop",8.86134369,6.24999993e-08,,,,
"I2C","start",8.86134944,6.24999993e-08,,,,
"I2C","address",8.86135206,2.325e-05,,true,0x25,false
"I2C","data",8.86138081,2.325e-05,0x40,true,,
"I2C","start",8.86140956,6.24999993e-08,,,,
"I2C","address",8.86141219,2.325e-05,,true,0x25,true
"I2C","data",8.86144562,2.325e-05,0x00,false,,
"I2C","stop",8.86147187,6.24999993e-08,,,,
"I2C","start",8.86147725,6.24999993e-08,,,,
"I2C","address",8.86147988,2.325e-05,,true,0x25,false
"I2C","data",8.86150863,2.325e-05,0x00,true,,
"I2C","start",8.86153731,6.25000011e-08,,,,
"I2C","address",8.86153994,2.325e-05,,true,0x25,true
"I2C","data",8.86157338,2.31875e-05,0xA5,true,,
"I2C","data",8.86159806,2.325e-05,0x03,true,,
"I2C","data",8.86162275,2.325e-05,0x00,true,,
"I2C","data",8.8616475,2.325e-05,0x00,true,,
"I2C","data",8.86167225,2.325e-05,0x28,true,,
"I2C","data",8.86169694,2.33125e-05,0xEF,true,,
"I2C","data",8.86172169,2.325e-05,0x5B,true,,
"I2C","data",8.86174644,2.325e-05,0x00,true,,
"I2C","data",8.86177119,2.325e-05,0x03,true,,
"I2C","data",8.86179594,2.325e-05,0x00,true,,
"I2C","data",8.86182063,2.325e-05,0x00,true,,
"I2C","data",8.86184537,2.325e-05,0x00,true,,
"I2C","data",8.86187012,2.325e-05,0x40,true,,
"I2C","data",8.86189488,2.325e-05,0x0D,true,,
"I2C","data",8.86191956,2.325e-05,0x03,true,,
"I2C","data",8.86194431,2.325e-05,0x00,true,,
"I2C","data",8.86196906,2.325e-05,0x01,true,,
"I2C","data",8.86199381,2.325e-05,0x00,true,,
"I2C","data",8.8620185,2.325e-05,0x01,true,,
"I2C","data",8.86204325,2.325e-05,0x00,true,,
"I2C","data",8.862068,2.325e-05,0x80,true,,
"I2C","data",8.86209269,2.33125e-05,0x8D,true,,
"I2C","data",8.86211744,2.325e-05,0x5B,true,,
"I2C","data",8.86214219,2.325e-05,0x00,true,,
"I2C","data",8.86216694,2.325e-05,0x20,true,,
"I2C","data",8.86219162,2.33125e-05,0xBF,true,,
"I2C","data",8.86221637,2.325e-05,0x02,true,,
"I2C","data",8.86224113,2.325e-05,0x00,true,,
"I2C","data",8.86226588,2.325e-05,0x00,true,,
"I2C","data",8.86229056,2.325e-05,0x12,true,,
"I2C","data",8.86231531,2.325e-05,0x7A,true,,
"I2C","data",8.86234006,2.325e-05,0x00,true,,
"I2C","data",8.86236481,2.325e-05,0x60,true,,
"I2C","data",8.8623895,2.33125e-05,0xE3,true,,
"I2C","data",8.86241425,2.325e-05,0x16,true,,
"I2C","data",8.862439,2.325e-05,0x00,true,,
"I2C","data",8.86246375,2.325e-05,0x30,true,,
"I2C","data",8.8624885,2.325e-05,0x11,true,,
"I2C","data",8.86251319,2.325e-05,0x00,true,,
"I2C","data",8.86253794,2.325e-05,0x00,true,,
"I2C","data",8.86256269,2.325e-05,0xD0,true,,
"I2C","data",8.86258744,2.325e-05,0xEE,true,,
"I2C","data",8.86261213,2.325e-05,0xFF,true,,
"I2C","data",8.86263687,2.325e-05,0xFF,true,,
"I2C","data",8.86266162,2.325e-05,0x20,true,,
"I2C","data",8.86268637,2.325e-05,0x03,true,,
"I2C","data",8.86271106,2.33125e-05,0xD0,true,,
"I2C","data",8.86273581,2.325e-05,0x07,true,,
"I2C","data",8.86276056,2.325e-05,0x64,true,,
"I2C","data",8.86278531,2.325e-05,0x00,true,,
"I2C","data",8.86281,2.325e-05,0xF4,true,,
"I2C","data",8.86283475,2.325e-05,0x01,true,,
"I2C","data",8.8628595,2.325e-05,0x00,true,,
"I2C","data",8.86288425,2.325e-05,0x00,true,,
"I2C","data",8.86290894,2.325e-05,0x00,true,,
"I2C","data",8.86293369,2.325e-05,0x00,true,,
"I2C","data",8.86295844,2.325e-05,0x00,true,,
"I2C","data",8.86298319,2.325e-05,0x00,true,,
"I2C","data",8.86300787,2.325e-05,0x00,true,,
"I2C","data",8.86303263,2.325e-05,0x00,true,,
"I2C","data",8.86305738,2.325e-05,0x00,true,,
"I2C","data",8.86308213,2.325e-05,0x00,true,,
"I2C","data",8.86310681,2.325e-05,0x00,true,,
"I2C","data",8.86313156,2.325e-05,0x00,true,,
"I2C","data",8.86315631,2.325e-05,0x00,true,,
"I2C","data",8.863181,2.325e-05,0x00,true,,
"I2C","data",8.86320575,2.325e-05,0x00,true,,
"I2C","data",8.8632305,2.325e-05,0x00,true,,
"I2C","data",8.86325525,2.325e-05,0x00,true,,
"I2C","data",8.86327994,2.325e-05,0x00,true,,
"I2C","data",8.86330469,2.325e-05,0x00,true,,
"I2C","data",8.86332944,2.325e-05,0x00,true,,
"I2C","data",8.86335419,2.325e-05,0x00,true,,
"I2C","data",8.86337888,2.325e-05,0x00,true,,
"I2C","data",8.86340363,2.325e-05,0x00,true,,
"I2C","data",8.86342837,2.325e-05,0x00,true,,
"I2C","data",8.86345312,2.325e-05,0x00,true,,
"I2C","data",8.86347781,2.325e-05,0x00,true,,
"I2C","data",8.86350256,2.325e-05,0x00,true,,
"I2C","data",8.86352731,2.325e-05,0x00,true,,
"I2C","data",8.863552,2.325e-05,0x00,true,,
"I2C","data",8.86357675,2.325e-05,0x00,true,,
"I2C","data",8.8636015,2.325e-05,0x00,true,,
"I2C","data",8.86362625,2.325e-05,0x00,true,,
"I2C","data",8.86365094,2.325e-05,0x00,true,,
"I2C","data",8.86367569,2.325e-05,0x00,true,,
"I2C","data",8.86370044,2.325e-05,0x00,true,,
"I2C","data",8.86372513,2.33125e-05,0x00,true,,
"I2C","data",8.86374987,2.325e-05,0x00,true,,
"I2C","data",8.86377462,2.325e-05,0x00,true,,
"I2C","data",8.86379937,2.325e-05,0x00,true,,
"I2C","data",8.86382406,2.325e-05,0x00,true,,
"I2C","data",8.86384881,2.325e-05,0x00,true,,
"I2C","data",8.86387356,2.325e-05,0x00,true,,
"I2C","data",8.86389831,2.325e-05,0x00,true,,
"I2C","data",8.863923,2.325e-05,0x00,false,,
"I2C","stop",8.86394925,6.25000011e-08,,,,
"I2C","start",8.86395475,6.25000011e-08,,,,
"I2C","address",8.86395738,2.325e-05,,true,0x25,false
"I2C","data",8.86398613,2.325e-05,0x40,true,,
"I2C","start",8.86401481,6.24999993e-08,,,,
"I2C","address",8.86401744,2.325e-05,,true,0x25,true
"I2C","data",8.86405088,2.31875e-05,0x00,false,,
"I2C","stop",8.864077,6.25000011e-08,,,,
"Async Serial [1]","data",8.93835875,9.5e-06,0xB1,,,
"Async Serial [1]","data",8.93836875,9.5e-06,0x04,,,
"Async Serial [1]","data",8.93837875,9.5e-06,0x00,,,
"Async Serial [1]","data",8.93838875,9.5e-06,0x00,,,
"Async Serial [1]","data",8.93839875,9.5e-06,0xFC,,,
"Async Serial [1]","data",8.93840875,9.5e-06,0xB3,,,
"Async Serial","data",8.93845381,9.5e-06,0xB2,,,
"Async Serial","data",8.93846394,9.5e-06,0x00,,,
"Async Serial","data",8.938474,9.5e-06,0x01,,,
"Async Serial","data",8.93848413,9.5e-06,0x03,,,
"Async Serial","data",8.93849425,9.5e-06,0xFC,,,
"Async Serial","data",8.93850438,9.5e-06,0xB3,,,
"Async Serial [1]","data",9.0403955,9.5e-06,0xB1,,,
"Async Serial [1]","data",9.0404055,9.5e-06,0x04,,,
"Async Serial [1]","data",9.0404155,9.5e-06,0x00,,,
"Async Serial [1]","data",9.0404255,9.5e-06,0x00,,,
"Async Serial [1]","data",9.0404355,9.5e-06,0xFC,,,
"Async Serial [1]","data",9.04044556,9.5e-06,0xB3,,,
"Async Serial","data",9.04048662,9.5e-06,0xB2,,,
"Async Serial","data",9.04049675,9.5e-06,0x00,,,
"Async Serial","data",9.04050688,9.5e-06,0x01,,,
"Async Serial","data",9.04051694,9.5e-06,0x03,,,
"Async Serial","data",9.04052706,9.5e-06,0xFC,,,
"Async Serial","data",9.04053719,9.5e-06,0xB3,,,
"Async Serial [1]","data",9.14243231,9.5e-06,0xB1,,,
"Async Serial [1]","data",9.14244231,9.5e-06,0x04,,,
"Async Serial [1]","data",9.14245231,9.5e-06,0x00,,,
"Async Serial [1]","data",9.14246231,9.5e-06,0x00,,,
"Async Serial [1]","data",9.14247231,9.5e-06,0xFC,,,
"Async Serial [1]","data",9.14248231,9.5e-06,0xB3,,,
"Async Serial","data",9.14252331,9.5e-06,0xB2,,,
"Async Serial","data",9.14253344,9.5e-06,0x00,,,
"Async Serial","data",9.14254356,9.5e-06,0x01,,,
"Async Serial","data",9.14255369,9.5e-06,0x03,,,
"Async Serial","data",9.14256381,9.5e-06,0xFC,,,
"Async Serial","data",9.14257388,9.5e-06,0xB3,,,
"I2C","start",9.16198837,6.24999993e-08,,,,
"I2C","address",9.161991,2.325e-05,,true,0x25,false
"I2C","stop",9.16202119,6.24999993e-08,,,,
"I2C","start",9.16202613,6.24999993e-08,,,,
"I2C","address",9.16202869,2.325e-05,,true,0x25,false
"I2C","data",9.1620575,2.31875e-05,0x00,true,,
"I2C","start",9.16208631,6.24999993e-08,,,,
"I2C","address",9.16208894,2.325e-05,,true,0x25,true
"I2C","data",9.16212237,2.31875e-05,0xA5,true,,
"I2C","data",9.162147,2.33125e-05,0x03,false,,
"I2C","stop",9.16217325,6.25000011e-08,,,,
"I2C","start",9.162179,6.24999993e-08,,,,
"I2C","address",9.16218163,2.325e-05,,true,0x25,false
"I2C","data",9.16221031,2.31875e-05,0x40,true,,
"I2C","start",9.16223912,6.25000011e-08,,,,
"I2C","address",9.16224175,2.325e-05,,true,0x25,true
"I2C","data",9.16227519,2.3125e-05,0x00,false,,
"I2C","stop",9.16230131,6.25000011e-08,,,,
"I2C","start",9.16230669,6.2500003e-08,,,,
"I2C","address",9.16230931,2.325e-05,,true,0x25,false
"I2C","data",9.16233806,2.325e-05,0x00,true,,
"I2C","start",9.16236681,6.24999993e-08,,,,
"I2C","address",9.16236944,2.325e-05,,true,0x25,true
"I2C","data",9.16240287,2.325e-05,0xA5,true,,
"I2C","data",9.16242762,2.325e-05,0x03,true,,
"I2C","data",9.16245238,2.325e-05,0x00,true,,
"I2C","data",9.16247713,2.325e-05,0x00,true,,
"I2C","data",9.16250181,2.33125e-05,0x28,true,,
"I2C","data",9.16252656,2.325e-05,0xEF,true,,
"I2C","data",9.16255131,2.325e-05,0x5B,true,,
"I2C","data",9.16257606,2.325e-05,0x00,true,,
"I2C","data",9.16260081,2.325e-05,0x03,true,,
"I2C","data",9.1626255,2.325e-05,0x00,true,,
"I2C","data",9.16265025,2.325e-05,0x00,true,,
"I2C","data",9.162675,2.325e-05,0x00,true,,
"I2C","data",9.16269975,2.325e-05,0x40,true,,
"I2C","data",9.16272444,2.33125e-05,0x0D,true,,
"I2C","data",9.16274919,2.325e-05,0x03,true,,
"I2C","data",9.16277394,2.325e-05,0x00,true,,
"I2C","data",9.16279869,2.325e-05,0x01,true,,
"I2C","data",9.16282344,2.325e-05,0x00,true,,
"I2C","data",9.16284813,2.33125e-05,0x01,true,,
"I2C","data",9.16287287,2.325e-05,0x00,true,,
"I2C","data",9.16289762,2.325e-05,0x80,true,,
"I2C","data",9.16292238,2.325e-05,0x8D,true,,
"I2C","data",9.16294713,2.325e-05,0x5B,true,,
"I2C","data",9.16297181,2.325e-05,0x00,true,,
"I2C","data",9.16299656,2.325e-05,0x20,true,,
"I2C","data",9.16302131,2.325e-05,0xBF,true,,
"I2C","data",9.16304606,2.325e-05,0x02,true,,
"I2C","data",9.16307081,2.325e-05,0x00,true,,
"I2C","data",9.1630955,2.33125e-05,0x00,true,,
"I2C","data",9.16312025,2.325e-05,0x12,true,,
"I2C","data",9.163145,2.325e-05,0x7A,true,,
"I2C","data",9.16316975,2.325e-05,0x00,true,,
"I2C","data",9.1631945,2.325e-05,0x60,true,,
"I2C","data",9.16321919,2.325e-05,0xE3,true,,
"I2C","data",9.16324394,2.325e-05,0x16,true,,
"I2C","data",9.16326869,2.325e-05,0x00,true,,
"I2C","data",9.16329344,2.325e-05,0x30,true,,
"I2C","data",9.16331812,2.33125e-05,0x11,true,,
"I2C","data",9.16334287,2.325e-05,0x00,true,,
"I2C","data",9.16336762,2.325e-05,0x00,true,,
"I2C","data",9.16339238,2.325e-05,0xD0,true,,
"I2C","data",9.16341706,2.33125e-05,0xEE,true,,
"I2C","data",9.16344181,2.325e-05,0xFF,true,,
"I2C","data",9.16346656,2.325e-05,0xFF,true,,
"I2C","data",9.16349131,2.325e-05,0x20,true,,
"I2C","data",9.16351606,2.325e-05,0x03,true,,
"I2C","data",9.16354075,2.33125e-05,0xD0,true,,
"I2C","data",9.1635655,2.33125e-05,0x07,true,,
"I2C","data",9.16359025,2.325e-05,0x64,true,,
"I2C","data",9.163615,2.325e-05,0x00,true,,
"I2C","data",9.16363975,2.325e-05,0xF4,true,,
"I2C","data",9.1636645,2.325e-05,0x01,true,,
"I2C","data",9.16368919,2.325e-05,0x00,true,,
"I2C","data",9.16371394,2.325e-05,0x00,true,,
"I2C","data",9.16373869,2.325e-05,0x00,true,,
"I2C","data",9.16376344,2.325e-05,0x00,true,,
"I2C","data",9.16378819,2.325e-05,0x00,true,,
"I2C","data",9.16381287,2.33125e-05,0x00,true,,
"I2C","data",9.16383762,2.325e-05,0x00,true,,
"I2C","data",9.16386238,2.325e-05,0x00,true,,
"I2C","data",9.16388713,2.325e-05,0x00,true,,
"I2C","data",9.16391188,2.325e-05,0x00,true,,
"I2C","data",9.16393656,2.325e-05,0x00,true,,
"I2C","data",9.16396131,2.325e-05,0x00,true,,
"I2C","data",9.16398606,2.325e-05,0x00,true,,
"I2C","data",9.16401081,2.325e-05,0x00,true,,
"I2C","data",9.1640355,2.33125e-05,0x00,true,,
"I2C","data",9.16406025,2.325e-05,0x00,true,,
"I2C","data",9.164085,2.325e-05,0x00,true,,
"I2C","data",9.16410975,2.325e-05,0x00,true,,
"I2C","data",9.1641345,2.325e-05,0x00,true,,
"I2C","data",9.16415925,2.325e-05,0x00,true,,
"I2C","data",9.16418394,2.33125e-05,0x00,true,,
"I2C","data",9.16420869,2.325e-05,0x00,true,,
"I2C","data",9.16423344,2.325e-05,0x00,true,,
"I2C","data",9.16425819,2.325e-05,0x00,true,,
"I2C","data",9.16428294,2.325e-05,0x00,true,,
"I2C","data",9.16430762,2.33125e-05,0x00,true,,
"I2C","data",9.16433238,2.325e-05,0x00,true,,
"I2C","data",9.16435713,2.325e-05,0x00,true,,
"I2C","data",9.16438188,2.325e-05,0x00,true,,
"I2C","data",9.16440662,2.325e-05,0x00,true,,
"I2C","data",9.16443137,2.325e-05,0x00,true,,
"I2C","data",9.16445606,2.325e-05,0x00,true,,
"I2C","data",9.16448081,2.325e-05,0x00,true,,
"I2C","data",9.16450556,2.325e-05,0x00,true,,
"I2C","data",9.16453031,2.325e-05,0x00,true,,
"I2C","data",9.164555,2.33125e-05,0x00,true,,
"I2C","data",9.16457975,2.325e-05,0x00,true,,
"I2C","data",9.1646045,2.325e-05,0x00,true,,
"I2C","data",9.16462925,2.325e-05,0x00,true,,
"I2C","data",9.164654,2.325e-05,0x00,true,,
"I2C","data",9.16467869,2.33125e-05,0x00,true,,
"I2C","data",9.16470344,2.325e-05,0x00,true,,
"I2C","data",9.16472819,2.325e-05,0x00,true,,
"I2C","data",9.16475294,2.325e-05,0x00,false,,
"I2C","stop",9.16477913,6.24999993e-08,,,,
"I2C","start",9.16478469,6.25000011e-08,,,,
"I2C","address",9.16478731,2.325e-05,,true,0x25,false
"I2C","data",9.16481612,2.33125e-05,0x40,true,,
"I2C","start",9.16484475,6.24999993e-08,,,,
"I2C","address",9.16484738,2.325e-05,,true,0x25,true
"I2C","data",9.16488081,2.31875e-05,0x00,false,,
"I2C","stop",9.164907,6.24999993e-08,,,,
"Async Serial [1]","data",9.25246244,9.5e-06,0xB1,,,
"Async Serial [1]","data",9.25247244,9.5e-06,0x04,,,
"Async Serial [1]","data",9.25248244,9.5e-06,0x00,,,
"Async Serial [1]","data",9.25249244,9.5e-06,0x00,,,
"Async Serial [1]","data",9.25250244,9.5e-06,0xFC,,,
"Async Serial [1]","data",9.25251244,9.5e-06,0xB3,,,
"Async Serial","data",9.25255487,9.5e-06,0xB2,,,
"Async Serial","data",9.252565,9.5e-06,0x00,,,
"Async Serial","data",9.25257512,9.5e-06,0x01,,,
"Async Serial","data",9.25258525,9.5e-06,0x03,,,
"Async Serial","data",9.25259531,9.5e-06,0xFC,,,
"Async Serial","data",9.25260544,9.5e-06,0xB3,,,
"Async Serial [1]","data",9.35449919,9.5e-06,0xB1,,,
"Async Serial [1]","data",9.35450919,9.5e-06,0x04,,,
"Async Serial [1]","data",9.35451919,9.5e-06,0x00,,,
"Async Serial [1]","data",9.35452919,9.5e-06,0x00,,,
"Async Serial [1]","data",9.35453919,9.5e-06,0xFC,,,
"Async Serial [1]","data",9.35454919,9.5e-06,0xB3,,,
"Async Serial","data",9.35459175,9.5e-06,0xB2,,,
"Async Serial","data",9.35460181,9.5e-06,0x00,,,
"Async Serial","data",9.35461194,9.5e-06,0x01,,,
"Async Serial","data",9.35462206,9.5e-06,0x03,,,
"Async Serial","data",9.35463219,9.5e-06,0xFC,,,
"Async Serial","data",9.35464231,9.5e-06,0xB3,,,
"Async Serial [1]","data",9.456536,9.5e-06,0xB1,,,
"Async Serial [1]","data",9.456546,9.5e-06,0x04,,,
"Async Serial [1]","data",9.456556,9.5e-06,0x00,,,
"Async Serial [1]","data",9.456566,9.5e-06,0x00,,,
"Async Serial [1]","data",9.456576,9.5e-06,0xFC,,,
"Async Serial [1]","data",9.456586,9.5e-06,0xB3,,,
"Async Serial","data",9.45662906,9.5e-06,0xB2,,,
"Async Serial","data",9.45663919,9.5e-06,0x00,,,
"Async Serial","data",9.45664931,9.5e-06,0x01,,,
"Async Serial","data",9.45665944,9.5e-06,0x03,,,
"Async Serial","data",9.45666956,9.5e-06,0xFC,,,
"Async Serial","data",9.45667969,9.5e-06,0xB3,,,
"I2C","start",9.46282631,6.24999993e-08,,,,
"I2C","address",9.46282894,2.325e-05,,true,0x25,false
"I2C","stop",9.46285906,6.24999993e-08,,,,
"I2C","start",9.46286406,6.25000011e-08,,,,
"I2C","address",9.46286669,2.325e-05,,true,0x25,false
"I2C","data",9.46289544,2.31875e-05,0x00,true,,
"I2C","start",9.46292425,6.24999993e-08,,,,
"I2C","address",9.46292688,2.325e-05,,true,0x25,true
"I2C","data",9.46296031,2.31875e-05,0xA5,true,,
"I2C","data",9.462985,2.325e-05,0x03,false,,
"I2C","stop",9.46301119,6.24999993e-08,,,,
"I2C","start",9.463017,6.25000011e-08,,,,
"I2C","address",9.46301956,2.33125e-05,,true,0x25,false
"I2C","data",9.46304825,2.31875e-05,0x40,true,,
"I2C","start",9.46307706,6.24999993e-08,,,,
"I2C","address",9.46307969,2.325e-05,,true,0x25,true
"I2C","data",9.46311312,2.31875e-05,0x00,false,,
"I2C","stop",9.46313925,6.24999993e-08,,,,
"I2C","start",9.46314456,6.25000011e-08,,,,
"I2C","address",9.46314719,2.325e-05,,true,0x25,false
"I2C","data",9.46317587,2.31875e-05,0x00,true,,
"I2C","start",9.46320462,6.24999993e-08,,,,
"I2C","address",9.46320725,2.325e-05,,true,0x25,true
"I2C","data",9.46324075,2.325e-05,0xA5,true,,
"I2C","data",9.4632655,2.325e-05,0x03,true,,
"I2C","data",9.46329019,2.325e-05,0x00,true,,
"I2C","data",9.46331494,2.325e-05,0x00,true,,
"I2C","data",9.46333969,2.325e-05,0x28,true,,
"I2C","data",9.46336444,2.325e-05,0xEF,true,,
"I2C","data",9.46338919,2.325e-05,0x5B,true,,
"I2C","data",9.46341388,2.325e-05,0x00,true,,
"I2C","data",9.46343863,2.325e-05,0x03,true,,
"I2C","data",9.46346337,2.325e-05,0x00,true,,
"I2C","data",9.46348812,2.325e-05,0x00,true,,
"I2C","data",9.46351287,2.325e-05,0x00,true,,
"I2C","data",9.46353756,2.33125e-05,0x40,true,,
"I2C","data",9.46356231,2.325e-05,0x0D,true,,
"I2C","data",9.46358706,2.325e-05,0x03,true,,
"I2C","data",9.46361181,2.325e-05,0x00,true,,
"I2C","data",9.46363656,2.325e-05,0x01,true,,
"I2C","data",9.46366131,2.325e-05,0x00,true,,
"I2C","data",9.463686,2.325e-05,0x01,true,,
"I2C","data",9.46371075,2.325e-05,0x00,true,,
"I2C","data",9.4637355,2.325e-05,0x80,true,,
"I2C","data",9.46376025,2.325e-05,0x8D,true,,
"I2C","data",9.463785,2.325e-05,0x5B,true,,
"I2C","data",9.46380975,2.325e-05,0x00,true,,
"I2C","data",9.46383444,2.33125e-05,0x20,true,,
"I2C","data",9.46385919,2.33125e-05,0xBF,true,,
"I2C","data",9.46388394,2.325e-05,0x02,true,,
"I2C","data",9.46390869,2.325e-05,0x00,true,,
"I2C","data",9.46393344,2.325e-05,0x00,true,,
"I2C","data",9.46395819,2.325e-05,0x12,true,,
"I2C","data",9.46398287,2.33125e-05,0x7A,true,,
"I2C","data",9.46400763,2.325e-05,0x00,true,,
"I2C","data",9.46403238,2.325e-05,0x60,true,,
"I2C","data",9.46405713,2.325e-05,0xE3,true,,
"I2C","data",9.46408187,2.325e-05,0x16,true,,
"I2C","data",9.46410656,2.325e-05,0x00,true,,
"I2C","data",9.46413131,2.325e-05,0x30,true,,
"I2C","data",9.46415606,2.325e-05,0x11,true,,
"I2C","data",9.46418081,2.325e-05,0x00,true,,
"I2C","data",9.46420556,2.325e-05,0x00,true,,
"I2C","data",9.46423025,2.33125e-05,0xD0,true,,
"I2C","data",9.464255,2.325e-05,0xEE,true,,
"I2C","data",9.46427975,2.325e-05,0xFF,true,,
"I2C","data",9.4643045,2.325e-05,0xFF,true,,
"I2C","data",9.46432925,2.325e-05,0x20,true,,
"I2C","data",9.464354,2.325e-05,0x03,true,,
"I2C","data",9.46437869,2.325e-05,0xD0,true,,
"I2C","data",9.46440344,2.325e-05,0x07,true,,
"I2C","data",9.46442819,2.325e-05,0x64,true,,
"I2C","data",9.46445294,2.325e-05,0x00,true,,
"I2C","data",9.46447769,2.325e-05,0xF4,true,,
"I2C","data",9.46450238,2.33125e-05,0x01,true,,
"I2C","data",9.46452713,2.325e-05,0x00,true,,
"I2C","data",9.46455187,2.325e-05,0x00,true,,
"I2C","data",9.46457662,2.325e-05,0x00,true,,
"I2C","data",9.46460138,2.325e-05,0x00,true,,
"I2C","data",9.46462613,2.325e-05,0x00,true,,
"I2C","data",9.46465081,2.325e-05,0x00,true,,
"I2C","data",9.46467556,2.325e-05,0x00,true,,
"I2C","data",9.46470031,2.325e-05,0x00,true,,
"I2C","data",9.46472506,2.325e-05,0x00,true,,
"I2C","data",9.46474981,2.325e-05,0x00,true,,
"I2C","data",9.4647745,2.33125e-05,0x00,true,,
"I2C","data",9.46479925,2.325e-05,0x00,true,,
"I2C","data",9.464824,2.325e-05,0x00,true,,
"I2C","data",9.46484875,2.325e-05,0x00,true,,
"I2C","data",9.4648735,2.325e-05,0x00,true,,
"I2C","data",9.46489825,2.325e-05,0x00,true,,
"I2C","data",9.46492294,2.33125e-05,0x00,true,,
"I2C","data",9.46494769,2.325e-05,0x00,true,,
"I2C","data",9.46497244,2.325e-05,0x00,true,,
"I2C","data",9.46499719,2.325e-05,0x00,true,,
"I2C","data",9.46502194,2.325e-05,0x00,true,,
"I2C","data",9.46504662,2.33125e-05,0x00,true,,
"I2C","data",9.46507138,2.325e-05,0x00,true,,
"I2C","data",9.46509613,2.325e-05,0x00,true,,
"I2C","data",9.46512088,2.325e-05,0x00,true,,
"I2C","data",9.46514562,2.325e-05,0x00,true,,
"I2C","data",9.46517037,2.325e-05,0x00,true,,
"I2C","data",9.46519506,2.325e-05,0x00,true,,
"I2C","data",9.46521981,2.325e-05,0x00,true,,
"I2C","data",9.46524456,2.325e-05,0x00,true,,
"I2C","data",9.46526931,2.325e-05,0x00,true,,
"I2C","data",9.46529406,2.325e-05,0x00,true,,
"I2C","data",9.46531875,2.33125e-05,0x00,true,,
"I2C","data",9.4653435,2.325e-05,0x00,true,,
"I2C","data",9.46536825,2.325e-05,0x00,true,,
"I2C","data",9.465393,2.325e-05,0x00,true,,
"I2C","data",9.46541775,2.325e-05,0x00,true,,
"I2C","data",9.4654425,2.325e-05,0x00,true,,
"I2C","data",9.46546719,2.33125e-05,0x00,true,,
"I2C","data",9.46549194,2.325e-05,0x00,true,,
"I2C","data",9.46551669,2.325e-05,0x00,true,,
"I2C","data",9.46554144,2.325e-05,0x00,true,,
"I2C","data",9.46556619,2.325e-05,0x00,true,,
"I2C","data",9.46559088,2.33125e-05,0x00,false,,
"I2C","stop",9.46561712,6.25000011e-08,,,,
"I2C","start",9.46562188,6.24999993e-08,,,,
"I2C","address",9.4656245,2.325e-05,,true,0x25,false
"I2C","data",9.46565325,2.325e-05,0x40,true,,
"I2C","start",9.46568187,6.24999993e-08,,,,
"I2C","address",9.4656845,2.325e-05,,true,0x25,true
"I2C","data",9.46571794,2.31875e-05,0x00,false,,
"I2C","stop",9.46574406,6.25000011e-08,,,,
"Async Serial [1]","data",9.55857275,9.5e-06,0xB1,,,
"Async Serial [1]","data",9.55858275,9.5e-06,0x04,,,
"Async Serial [1]","data",9.55859275,9.5e-06,0x00,,,
"Async Serial [1]","data",9.55860275,9.5e-06,0x00,,,
"Async Serial [1]","data",9.55861275,9.5e-06,0xFC,,,
"Async Serial [1]","data",9.55862281,9.5e-06,0xB3,,,
"Async Serial","data",9.55866925,9.5e-06,0xB2,,,
"Async Serial","data",9.55867938,9.5e-06,0x00,,,
"Async Serial","data",9.5586895,9.5e-06,0x01,,,
"Async Serial","data",9.55869962,9.5e-06,0x03,,,
"Async Serial","data",9.55870975,9.5e-06,0xFC,,,
"Async Serial","data",9.55871981,9.5e-06,0xB3,,,
"Async Serial [1]","data",9.66860287,9.5e-06,0xB1,,,
"Async Serial [1]","data",9.66861288,9.5e-06,0x04,,,
"Async Serial [1]","data",9.66862288,9.5e-06,0x00,,,
"Async Serial [1]","data",9.66863288,9.5e-06,0x00,,,
"Async Serial [1]","data",9.66864287,9.5e-06,0xFC,,,
"Async Serial [1]","data",9.66865287,9.5e-06,0xB3,,,
"Async Serial","data",9.66869756,9.5e-06,0xB2,,,
"Async Serial","data",9.66870769,9.5e-06,0x00,,,
"Async Serial","data",9.66871781,9.5e-06,0x01,,,
"Async Serial","data",9.66872794,9.5e-06,0x03,,,
"Async Serial","data",9.66873806,9.5e-06,0xFC,,,
"Async Serial","data",9.66874819,9.5e-06,0xB3,,,
"I2C","start",9.76367519,6.24999993e-08,,,,
"I2C","address",9.76367781,2.325e-05,,true,0x25,false
"I2C","stop",9.76370787,6.24999993e-08,,,,
"I2C","start",9.76371306,6.24999993e-08,,,,
"I2C","address",9.76371562,2.33125e-05,,true,0x25,false
"I2C","data",9.7637445,2.325e-05,0x00,true,,
"I2C","start",9.76377325,6.24999993e-08,,,,
"I2C","address",9.76377588,2.325e-05,,true,0x25,true
"I2C","data",9.76380937,2.325e-05,0xA5,true,,
"I2C","data",9.76383406,2.325e-05,0x03,false,,
"I2C","stop",9.76386031,6.24999993e-08,,,,
"I2C","start",9.76386594,6.24999993e-08,,,,
"I2C","address",9.76386856,2.325e-05,,true,0x25,false
"I2C","data",9.76389731,2.325e-05,0x40,true,,
"I2C","start",9.76392606,6.25000011e-08,,,,
"I2C","address",9.76392863,2.325e-05,,true,0x25,true
"I2C","data",9.76396206,2.31875e-05,0x00,false,,
"I2C","stop",9.76398825,6.24999993e-08,,,,
"I2C","start",9.76399362,6.24999993e-08,,,,
"I2C","address",9.76399625,2.325e-05,,true,0x25,false
"I2C","data",9.76402494,2.31875e-05,0x00,true,,
"I2C","start",9.76405356,6.25000011e-08,,,,
"I2C","address",9.76405619,2.325e-05,,true,0x25,true
"I2C","data",9.76408963,2.31875e-05,0xA5,true,,
"I2C","data",9.76411431,2.325e-05,0x03,true,,
"I2C","data",9.76413906,2.325e-05,0x00,true,,
"I2C","data",9.76416375,2.325e-05,0x00,true,,
"I2C","data",9.7641885,2.325e-05,0x28,true,,
"I2C","data",9.76421325,2.325e-05,0xEF,true,,
"I2C","data",9.764238,2.325e-05,0x5B,true,,
"I2C","data",9.76426269,2.33125e-05,0x00,true,,
"I2C","data",9.76428744,2.325e-05,0x03,true,,
"I2C","data",9.76431219,2.325e-05,0x00,true,,
"I2C","data",9.76433694,2.325e-05,0x00,true,,
"I2C","data",9.76436169,2.325e-05,0x00,true,,
"I2C","data",9.76438638,2.325e-05,0x40,true,,
"I2C","data",9.76441113,2.325e-05,0x0D,true,,
"I2C","data",9.76443588,2.325e-05,0x03,true,,
"I2C","data",9.76446062,2.325e-05,0x00,true,,
"I2C","data",9.76448531,2.33125e-05,0x01,true,,
"I2C","data",9.76451006,2.325e-05,0x00,true,,
"I2C","data",9.76453481,2.325e-05,0x01,true,,
"I2C","data",9.76455956,2.325e-05,0x00,true,,
"I2C","data",9.76458431,2.325e-05,0x80,true,,
"I2C","data",9.764609,2.325e-05,0x8D,true,,
"I2C","data",9.76463375,2.325e-05,0x5B,true,,
"I2C","data",9.7646585,2.325e-05,0x00,true,,
"I2C","data",9.76468325,2.325e-05,0x20,true,,
"I2C","data",9.76470794,2.33125e-05,0xBF,true,,
"I2C","data",9.76473269,2.325e-05,0x02,true,,
"I2C","data",9.76475744,2.325e-05,0x00,true,,
"I2C","data",9.76478219,2.325e-05,0x00,true,,
"I2C","data",9.76480687,2.33125e-05,0x12,true,,
"I2C","data",9.76483162,2.325e-05,0x7A,true,,
"I2C","data",9.76485638,2.325e-05,0x00,true,,
"I2C","data",9.76488113,2.325e-05,0x60,true,,
"I2C","data",9.76490588,2.325e-05,0xE3,true,,
"I2C","data",9.76493062,2.325e-05,0x16,true,,
"I2C","data",9.76495531,2.325e-05,0x00,true,,
"I2C","data",9.76498006,2.325e-05,0x30,true,,
"I2C","data",9.76500481,2.325e-05,0x11,true,,
"I2C","data",9.76502956,2.325e-05,0x00,true,,
"I2C","data",9.76505425,2.325e-05,0x00,true,,
"I2C","data",9.765079,2.325e-05,0xD0,true,,
"I2C","data",9.76510375,2.325e-05,0xEE,true,,
"I2C","data",9.7651285,2.325e-05,0xFF,true,,
"I2C","data",9.76515319,2.325e-05,0xFF,true,,
"I2C","data",9.76517794,2.325e-05,0x20,true,,
"I2C","data",9.76520269,2.325e-05,0x03,true,,
"I2C","data",9.76522744,2.325e-05,0xD0,true,,
"I2C","data",9.76525212,2.325e-05,0x07,true,,
"I2C","data",9.76527687,2.325e-05,0x64,true,,
"I2C","data",9.76530162,2.325e-05,0x00,true,,
"I2C","data",9.76532638,2.325e-05,0xF4,true,,
"I2C","data",9.76535113,2.325e-05,0x01,true,,
"I2C","data",9.76537581,2.33125e-05,0x00,true,,
"I2C","data",9.76540056,2.325e-05,0x00,true,,
"I2C","data",9.76542531,2.325e-05,0x00,true,,
"I2C","data",9.76545006,2.325e-05,0x00,true,,
"I2C","data",9.76547481,2.325e-05,0x00,true,,
"I2C","data",9.7654995,2.33125e-05,0x00,true,,
"I2C","data",9.76552425,2.325e-05,0x00,true,,
"I2C","data",9.765549,2.325e-05,0x00,true,,
"I2C","data",9.76557375,2.325e-05,0x00,true,,
"I2C","data",9.7655985,2.325e-05,0x00,true,,
"I2C","data",9.76562319,2.33125e-05,0x00,true,,
"I2C","data",9.76564794,2.325e-05,0x00,true,,
"I2C","data",9.76567269,2.325e-05,0x00,true,,
"I2C","data",9.76569744,2.325e-05,0x00,true,,
"I2C","data",9.76572219,2.325e-05,0x00,true,,
"I2C","data",9.76574687,2.33125e-05,0x00,true,,
"I2C","data",9.76577162,2.325e-05,0x00,true,,
"I2C","data",9.76579638,2.325e-05,0x00,true,,
"I2C","data",9.76582113,2.325e-05,0x00,true,,
"I2C","data",9.76584588,2.325e-05,0x00,true,,
"I2C","data",9.76587056,2.33125e-05,0x00,true,,
"I2C","data",9.76589531,2.325e-05,0x00,true,,
"I2C","data",9.76592006,2.325e-05,0x00,true,,
"I2C","data",9.76594481,2.325e-05,0x00,true,,
"I2C","data",9.76596956,2.325e-05,0x00,true,,
"I2C","data",9.76599425,2.325e-05,0x00,true,,
"I2C","data",9.766019,2.325e-05,0x00,true,,
"I2C","data",9.76604375,2.325e-05,0x00,true,,
"I2C","data",9.7660685,2.325e-05,0x00,true,,
"I2C","data",9.76609325,2.325e-05,0x00,true,,
"I2C","data",9.76611794,2.33125e-05,0x00,true,,
"I2C","data",9.76614269,2.325e-05,0x00,true,,
"I2C","data",9.76616744,2.325e-05,0x00,true,,
"I2C","data",9.76619219,2.325e-05,0x00,true,,
"I2C","data",9.76621694,2.325e-05,0x00,true,,
"I2C","data",9.76624169,2.325e-05,0x00,true,,
"I2C","data",9.76626638,2.325e-05,0x00,true,,
"I2C","data",9.76629113,2.325e-05,0x00,true,,
"I2C","data",9.76631588,2.325e-05,0x00,true,,
"I2C","data",9.76634062,2.325e-05,0x00,true,,
"I2C","data",9.76636531,2.325e-05,0x00,true,,
"I2C","data",9.76639006,2.325e-05,0x00,true,,
"I2C","data",9.76641481,2.325e-05,0x00,true,,
"I2C","data",9.76643956,2.325e-05,0x00,false,,
"I2C","stop",9.76646575,6.25000011e-08,,,,
"I2C","start",9.76647131,6.24999993e-08,,,,
"I2C","address",9.76647388,2.33125e-05,,true,0x25,false
"I2C","data",9.76650262,2.325e-05,0x40,true,,
"I2C","start",9.76653137,6.25000011e-08,,,,
"I2C","address",9.766534,2.325e-05,,true,0x25,true
"I2C","data",9.76656756,2.31875e-05,0x00,false,,
"I2C","stop",9.76659369,6.24999993e-08,,,,
"Async Serial [1]","data",9.77063869,9.5e-06,0xB1,,,
"Async Serial [1]","data",9.77064869,9.5e-06,0x04,,,
"Async Serial [1]","data",9.77065869,9.5e-06,0x00,,,
"Async Serial [1]","data",9.77066869,9.5e-06,0x00,,,
"Async Serial [1]","data",9.77067869,9.5e-06,0xFC,,,
"Async Serial [1]","data",9.77068869,9.5e-06,0xB3,,,
"Async Serial","data",9.77073119,9.5e-06,0xB2,,,
"Async Serial","data",9.77074131,9.5e-06,0x00,,,
"Async Serial","data",9.77075144,9.5e-06,0x01,,,
"Async Serial","data",9.77076156,9.5e-06,0x03,,,
"Async Serial","data",9.77077169,9.5e-06,0xFC,,,
"Async Serial","data",9.77078181,9.5e-06,0xB3,,,
"Async Serial [1]","data",9.87267544,9.5e-06,0xB1,,,
"Async Serial [1]","data",9.87268544,9.5e-06,0x04,,,
"Async Serial [1]","data",9.87269544,9.5e-06,0x00,,,
"Async Serial [1]","data",9.87270544,9.5e-06,0x00,,,
"Async Serial [1]","data",9.87271544,9.5e-06,0xFC,,,
"Async Serial [1]","data",9.87272544,9.5e-06,0xB3,,,
"Async Serial","data",9.87277206,9.5e-06,0xB2,,,
"Async Serial","data",9.87278219,9.5e-06,0x00,,,
"Async Serial","data",9.87279231,9.5e-06,0x01,,,
"Async Serial","data",9.87280244,9.5e-06,0x03,,,
"Async Serial","data",9.87281256,9.5e-06,0xFC,,,
"Async Serial","data",9.87282262,9.5e-06,0xB3,,,
"Async Serial [1]","data",9.97471225,9.5e-06,0xB1,,,
"Async Serial [1]","data",9.97472225,9.5e-06,0x04,,,
"Async Serial [1]","data",9.97473225,9.5e-06,0x00,,,
"Async Serial [1]","data",9.97474225,9.5e-06,0x00,,,
"Async Serial [1]","data",9.97475225,9.5e-06,0xFC,,,
"Async Serial [1]","data",9.97476225,9.5e-06,0xB3,,,
"Async Serial","data",9.97480875,9.5e-06,0xB2,,,
"Async Serial","data",9.97481881,9.5e-06,0x00,,,
"Async Serial","data",9.97482894,9.5e-06,0x01,,,
"Async Serial","data",9.97483906,9.5e-06,0x03,,,
"Async Serial","data",9.97484919,9.5e-06,0xFC,,,
"Async Serial","data",9.97485931,9.5e-06,0xB3,,,
"I2C","start",10.0645274,6.24999993e-08,,,,
"I2C","address",10.0645301,2.325e-05,,true,0x25,false
"I2C","stop",10.0645604,6.25000011e-08,,,,
"I2C","start",10.0645653,6.25000011e-08,,,,
"I2C","address",10.0645679,2.325e-05,,true,0x25,false
"I2C","data",10.0645966,2.33125e-05,0x00,true,,
"I2C","start",10.0646253,6.24999993e-08,,,,
"I2C","address",10.0646279,2.325e-05,,true,0x25,true
"I2C","data",10.0646613,2.31875e-05,0xA5,true,,
"I2C","data",10.064686,2.325e-05,0x03,false,,
"I2C","stop",10.0647122,6.24999993e-08,,,,
"I2C","start",10.0647181,6.24999993e-08,,,,
"I2C","address",10.0647207,2.33125e-05,,true,0x25,false
"I2C","data",10.0647495,2.31875e-05,0x40,true,,
"I2C","start",10.0647783,6.24999993e-08,,,,
"I2C","address",10.0647809,2.325e-05,,true,0x25,true
"I2C","data",10.0648144,2.31875e-05,0x00,false,,
"I2C","stop",10.0648405,6.25000011e-08,,,,
"I2C","start",10.0648459,6.24999993e-08,,,,
"I2C","address",10.0648485,2.325e-05,,true,0x25,false
"I2C","data",10.0648772,2.31875e-05,0x00,true,,
"I2C","start",10.0649061,6.25000011e-08,,,,
"I2C","address",10.0649088,2.325e-05,,true,0x25,true
"I2C","data",10.0649423,2.325e-05,0xA5,true,,
"I2C","data",10.0649671,2.325e-05,0x03,true,,
"I2C","data",10.0649918,2.325e-05,0x00,true,,
"I2C","data",10.0650166,2.325e-05,0x00,true,,
"I2C","data",10.0650413,2.33125e-05,0x28,true,,
"I2C","data",10.065066,2.325e-05,0xEF,true,,
"I2C","data",10.0650907,2.325e-05,0x5B,true,,
"I2C","data",10.0651155,2.325e-05,0x00,true,,
"I2C","data",10.0651402,2.33125e-05,0x03,true,,
"I2C","data",10.0651649,2.325e-05,0x00,true,,
"I2C","data",10.0651897,2.325e-05,0x00,true,,
"I2C","data",10.0652144,2.325e-05,0x00,true,,
"I2C","data",10.0652392,2.325e-05,0x40,true,,
"I2C","data",10.0652639,2.325e-05,0x0D,true,,
"I2C","data",10.0652886,2.325e-05,0x03,true,,
"I2C","data",10.0653134,2.325e-05,0x00,true,,
"I2C","data",10.0653381,2.325e-05,0x01,true,,
"I2C","data",10.0653628,2.325e-05,0x00,true,,
"I2C","data",10.0653876,2.325e-05,0x01,true,,
"I2C","data",10.0654123,2.325e-05,0x00,true,,
"I2C","data",10.0654371,2.325e-05,0x80,true,,
"I2C","data",10.0654618,2.325e-05,0x8D,true,,
"I2C","data",10.0654865,2.325e-05,0x5B,true,,
"I2C","data",10.0655113,2.325e-05,0x00,true,,
"I2C","data",10.065536,2.325e-05,0x20,true,,
"I2C","data",10.0655607,2.33125e-05,0xBF,true,,
"I2C","data",10.0655854,2.33125e-05,0x02,true,,
"I2C","data",10.0656102,2.325e-05,0x00,true,,
"I2C","data",10.0656349,2.325e-05,0x00,true,,
"I2C","data",10.0656597,2.325e-05,0x12,true,,
"I2C","data",10.0656844,2.325e-05,0x7A,true,,
"I2C","data",10.0657091,2.325e-05,0x00,true,,
"I2C","data",10.0657339,2.325e-05,0x60,true,,
"I2C","data",10.0657586,2.325e-05,0xE3,true,,
"I2C","data",10.0657834,2.325e-05,0x16,true,,
"I2C","data",10.0658081,2.33125e-05,0x00,true,,
"I2C","data",10.0658328,2.325e-05,0x30,true,,
"I2C","data",10.0658576,2.325e-05,0x11,true,,
"I2C","data",10.0658823,2.325e-05,0x00,true,,
"I2C","data",10.0659071,2.325e-05,0x00,true,,
"I2C","data",10.0659318,2.325e-05,0xD0,true,,
"I2C","data",10.0659565,2.325e-05,0xEE,true,,
"I2C","data",10.0659813,2.325e-05,0xFF,true,,
"I2C","data",10.066006,2.325e-05,0xFF,true,,
"I2C","data",10.0660307,2.325e-05,0x20,true,,
"I2C","data",10.0660554,2.325e-05,0x03,true,,
"I2C","data",10.0660802,2.325e-05,0xD0,true,,
"I2C","data",10.0661049,2.325e-05,0x07,true,,
"I2C","data",10.0661297,2.325e-05,0x64,true,,
"I2C","data",10.0661544,2.325e-05,0x00,true,,
"I2C","data",10.0661791,2.325e-05,0xF4,true,,
"I2C","data",10.0662039,2.325e-05,0x01,true,,
"I2C","data",10.0662286,2.325e-05,0x00,true,,
"I2C","data",10.0662533,2.33125e-05,0x00,true,,
"I2C","data",10.0662781,2.325e-05,0x00,true,,
"I2C","data",10.0663028,2.325e-05,0x00,true,,
"I2C","data",10.0663276,2.325e-05,0x00,true,,
"I2C","data",10.0663523,2.325e-05,0x00,true,,
"I2C","data",10.066377,2.325e-05,0x00,true,,
"I2C","data",10.0664018,2.325e-05,0x00,true,,
"I2C","data",10.0664265,2.325e-05,0x00,true,,
"I2C","data",10.0664513,2.325e-05,0x00,true,,
"I2C","data",10.0664759,2.33125e-05,0x00,true,,
"I2C","data",10.0665007,2.325e-05,0x00,true,,
"I2C","data",10.0665254,2.325e-05,0x00,true,,
"I2C","data",10.0665502,2.325e-05,0x00,true,,
"I2C","data",10.0665749,2.325e-05,0x00,true,,
"I2C","data",10.0665997,2.325e-05,0x00,true,,
"I2C","data",10.0666244,2.325e-05,0x00,true,,
"I2C","data",10.0666491,2.325e-05,0x00,true,,
"I2C","data",10.0666739,2.325e-05,0x00,true,,
"I2C","data",10.0666986,2.325e-05,0x00,true,,
"I2C","data",10.0667234,2.325e-05,0x00,true,,
"I2C","data",10.0667481,2.325e-05,0x00,true,,
"I2C","data",10.0667728,2.325e-05,0x00,true,,
"I2C","data",10.0667976,2.325e-05,0x00,true,,
"I2C","data",10.0668223,2.325e-05,0x00,true,,
"I2C","data",10.066847,2.325e-05,0x00,true,,
"I2C","data",10.0668718,2.325e-05,0x00,true,,
"I2C","data",10.0668965,2.325e-05,0x00,true,,
"I2C","data",10.0669213,2.325e-05,0x00,true,,
"I2C","data",10.066946,2.325e-05,0x00,true,,
"I2C","data",10.0669707,2.325e-05,0x00,true,,
"I2C","data",10.0669954,2.325e-05,0x00,true,,
"I2C","data",10.0670202,2.325e-05,0x00,true,,
"I2C","data",10.0670449,2.325e-05,0x00,true,,
"I2C","data",10.0670696,2.325e-05,0x00,true,,
"I2C","data",10.0670944,2.325e-05,0x00,true,,
"I2C","data",10.0671191,2.325e-05,0x00,true,,
"I2C","data",10.0671439,2.325e-05,0x00,true,,
"I2C","data",10.0671686,2.325e-05,0x00,true,,
"I2C","data",10.0671933,2.325e-05,0x00,true,,
"I2C","data",10.0672181,2.325e-05,0x00,true,,
"I2C","data",10.0672428,2.325e-05,0x00,true,,
"I2C","data",10.0672675,2.325e-05,0x00,true,,
"I2C","data",10.0672922,2.325e-05,0x00,false,,
"I2C","stop",10.0673185,6.24999993e-08,,,,
"I2C","start",10.0673232,6.24999993e-08,,,,
"I2C","address",10.0673259,2.325e-05,,true,0x25,false
"I2C","data",10.0673546,2.3125e-05,0x40,true,,
"I2C","start",10.0673833,6.25000011e-08,,,,
"I2C","address",10.0673859,2.325e-05,,true,0x25,true
"I2C","data",10.0674195,2.31875e-05,0x00,false,,
"I2C","stop",10.0674456,6.24999993e-08,,,,
"Async Serial [1]","data",10.0847423,9.5e-06,0xB1,,,
"Async Serial [1]","data",10.0847523,9.5e-06,0x04,,,
"Async Serial [1]","data",10.0847624,9.5e-06,0x00,,,
"Async Serial [1]","data",10.0847724,9.5e-06,0x00,,,
"Async Serial [1]","data",10.0847824,9.5e-06,0xFC,,,
"Async Serial [1]","data",10.0847924,9.5e-06,0xB3,,,
"Async Serial","data",10.0848341,9.5e-06,0xB2,,,
"Async Serial","data",10.0848442,9.5e-06,0x00,,,
"Async Serial","data",10.0848543,9.5e-06,0x01,,,
"Async Serial","data",10.0848644,9.5e-06,0x03,,,
"Async Serial","data",10.0848746,9.5e-06,0xFC,,,
"Async Serial","data",10.0848847,9.5e-06,0xB3,,,
"Async Serial [1]","data",10.1867791,9.5e-06,0xB1,,,
"Async Serial [1]","data",10.1867891,9.5e-06,0x04,,,
"Async Serial [1]","data",10.1867991,9.5e-06,0x00,,,
"Async Serial [1]","data",10.1868091,9.5e-06,0x00,,,
"Async Serial [1]","data",10.1868191,9.5e-06,0xFC,,,
"Async Serial [1]","data",10.1868291,9.5e-06,0xB3,,,
"Async Serial","data",10.1868761,9.5e-06,0xB2,,,
"Async Serial","data",10.1868862,9.5e-06,0x00,,,
"Async Serial","data",10.1868963,9.5e-06,0x01,,,
"Async Serial","data",10.1869064,9.5e-06,0x03,,,
"Async Serial","data",10.1869166,9.5e-06,0xFC,,,
"Async Serial","data",10.1869267,9.5e-06,0xB3,,,
"Async Serial [1]","data",10.2888159,9.5e-06,0xB1,,,
"Async Serial [1]","data",10.2888259,9.5e-06,0x04,,,
"Async Serial [1]","data",10.2888359,9.5e-06,0x00,,,
"Async Serial [1]","data",10.2888459,9.5e-06,0x00,,,
"Async Serial [1]","data",10.2888559,9.5e-06,0xFC,,,
"Async Serial [1]","data",10.2888659,9.5e-06,0xB3,,,
"Async Serial","data",10.2889102,9.5e-06,0xB2,,,
"Async Serial","data",10.2889203,9.5e-06,0x00,,,
"Async Serial","data",10.2889334,9.5e-06,0x01,,,
"Async Serial","data",10.2889436,9.5e-06,0x03,,,
"Async Serial","data",10.2889536,9.5e-06,0xFC,,,
"Async Serial","data",10.2889638,9.5e-06,0xB3,,,
"I2C","start",10.3653716,6.24999993e-08,,,,
"I2C","address",10.3653742,2.325e-05,,true,0x25,false
"I2C","stop",10.3654043,6.24999993e-08,,,,
"I2C","start",10.3654094,6.24999993e-08,,,,
"I2C","address",10.3654121,2.325e-05,,true,0x25,false
"I2C","data",10.3654409,2.325e-05,0x00,true,,
"I2C","start",10.3654695,6.25000011e-08,,,,
"I2C","address",10.3654721,2.325e-05,,true,0x25,true
"I2C","data",10.3655057,2.31875e-05,0xA5,true,,
"I2C","data",10.3655303,2.33125e-05,0x03,false,,
"I2C","stop",10.3655566,6.24999993e-08,,,,
"I2C","start",10.3655622,6.25000011e-08,,,,
"I2C","address",10.3655648,2.325e-05,,true,0x25,false
"I2C","data",10.3655935,2.31875e-05,0x40,true,,
"I2C","start",10.3656223,6.24999993e-08,,,,
"I2C","address",10.3656249,2.325e-05,,true,0x25,true
"I2C","data",10.3656584,2.325e-05,0x00,false,,
"I2C","stop",10.3656846,6.24999993e-08,,,,
"I2C","start",10.3656897,6.24999993e-08,,,,
"I2C","address",10.3656924,2.325e-05,,true,0x25,false
"I2C","data",10.3657211,2.31875e-05,0x00,true,,
"I2C","start",10.3657499,6.24999993e-08,,,,
"I2C","address",10.3657525,2.325e-05,,true,0x25,true
"I2C","data",10.3657859,2.325e-05,0xA5,true,,
"I2C","data",10.3658107,2.325e-05,0x03,true,,
"I2C","data",10.3658354,2.325e-05,0x00,true,,
"I2C","data",10.3658602,2.325e-05,0x00,true,,
"I2C","data",10.3658849,2.325e-05,0x28,true,,
"I2C","data",10.3659096,2.325e-05,0xEF,true,,
"I2C","data",10.3659344,2.325e-05,0x5B,true,,
"I2C","data",10.3659591,2.325e-05,0x00,true,,
"I2C","data",10.3659838,2.325e-05,0x03,true,,
"I2C","data",10.3660086,2.325e-05,0x00,true,,
"I2C","data",10.3660333,2.325e-05,0x00,true,,
"I2C","data",10.3660581,2.325e-05,0x00,true,,
"I2C","data",10.3660828,2.33125e-05,0x40,true,,
"I2C","data",10.3661075,2.325e-05,0x0D,true,,
"I2C","data",10.3661322,2.325e-05,0x03,true,,
"I2C","data",10.366157,2.325e-05,0x00,true,,
"I2C","data",10.3661817,2.33125e-05,0x01,true,,
"I2C","data",10.3662064,2.325e-05,0x00,true,,
"I2C","data",10.3662312,2.325e-05,0x01,true,,
"I2C","data",10.3662559,2.325e-05,0x00,true,,
"I2C","data",10.3662806,2.33125e-05,0x80,true,,
"I2C","data",10.3663054,2.325e-05,0x8D,true,,
"I2C","data",10.3663301,2.325e-05,0x5B,true,,
"I2C","data",10.3663549,2.325e-05,0x00,true,,
"I2C","data",10.3663796,2.325e-05,0x20,true,,
"I2C","data",10.3664043,2.325e-05,0xBF,true,,
"I2C","data",10.3664291,2.325e-05,0x02,true,,
"I2C","data",10.3664538,2.325e-05,0x00,true,,
"I2C","data",10.3664786,2.325e-05,0x00,true,,
"I2C","data",10.3665032,2.325e-05,0x12,true,,
"I2C","data",10.366528,2.325e-05,0x7A,true,,
"I2C","data",10.3665528,2.325e-05,0x00,true,,
"I2C","data",10.3665775,2.325e-05,0x60,true,,
"I2C","data",10.3666022,2.325e-05,0xE3,true,,
"I2C","data",10.3666269,2.325e-05,0x16,true,,
"I2C","data",10.3666517,2.325e-05,0x00,true,,
"I2C","data",10.3666764,2.325e-05,0x30,true,,
"I2C","data",10.3667011,2.325e-05,0x11,true,,
"I2C","data",10.3667259,2.325e-05,0x00,true,,
"I2C","data",10.3667506,2.325e-05,0x00,true,,
"I2C","data",10.3667753,2.33125e-05,0xD0,true,,
"I2C","data",10.3668001,2.325e-05,0xEE,true,,
"I2C","data",10.3668248,2.325e-05,0xFF,true,,
"I2C","data",10.3668496,2.325e-05,0xFF,true,,
"I2C","data",10.3668743,2.325e-05,0x20,true,,
"I2C","data",10.366899,2.33125e-05,0x03,true,,
"I2C","data",10.3669237,2.325e-05,0xD0,true,,
"I2C","data",10.3669485,2.325e-05,0x07,true,,
"I2C","data",10.3669732,2.325e-05,0x64,true,,
"I2C","data",10.3669979,2.33125e-05,0x00,true,,
"I2C","data",10.3670227,2.325e-05,0xF4,true,,
"I2C","data",10.3670474,2.325e-05,0x01,true,,
"I2C","data",10.3670722,2.325e-05,0x00,true,,
"I2C","data",10.3670969,2.325e-05,0x00,true,,
"I2C","data",10.3671217,2.325e-05,0x00,true,,
"I2C","data",10.3671464,2.325e-05,0x00,true,,
"I2C","data",10.3671711,2.325e-05,0x00,true,,
"I2C","data",10.3671959,2.325e-05,0x00,true,,
"I2C","data",10.3672206,2.325e-05,0x00,true,,
"I2C","data",10.3672453,2.325e-05,0x00,true,,
"I2C","data",10.3672701,2.325e-05,0x00,true,,
"I2C","data",10.3672948,2.325e-05,0x00,true,,
"I2C","data",10.3673196,2.325e-05,0x00,true,,
"I2C","data",10.3673443,2.325e-05,0x00,true,,
"I2C","data",10.367369,2.325e-05,0x00,true,,
"I2C","data",10.3673937,2.325e-05,0x00,true,,
"I2C","data",10.3674185,2.325e-05,0x00,true,,
"I2C","data",10.3674432,2.33125e-05,0x00,true,,
"I2C","data",10.3674679,2.33125e-05,0x00,true,,
"I2C","data",10.3674927,2.325e-05,0x00,true,,
"I2C","data",10.3675174,2.325e-05,0x00,true,,
"I2C","data",10.3675422,2.325e-05,0x00,true,,
"I2C","data",10.3675669,2.33125e-05,0x00,true,,
"I2C","data",10.3675916,2.325e-05,0x00,true,,
"I2C","data",10.3676164,2.325e-05,0x00,true,,
"I2C","data",10.3676411,2.325e-05,0x00,true,,
"I2C","data",10.3676659,2.325e-05,0x00,true,,
"I2C","data",10.3676906,2.325e-05,0x00,true,,
"I2C","data",10.3677153,2.325e-05,0x00,true,,
"I2C","data",10.3677401,2.325e-05,0x00,true,,
"I2C","data",10.3677648,2.325e-05,0x00,true,,
"I2C","data",10.3677895,2.33125e-05,0x00,true,,
"I2C","data",10.3678142,2.325e-05,0x00,true,,
"I2C","data",10.367839,2.325e-05,0x00,true,,
"I2C","data",10.3678637,2.325e-05,0x00,true,,
"I2C","data",10.3678884,2.325e-05,0x00,true,,
"I2C","data",10.3679132,2.325e-05,0x00,true,,
"I2C","data",10.3679379,2.325e-05,0x00,true,,
"I2C","data",10.3679627,2.325e-05,0x00,true,,
"I2C","data",10.3679874,2.33125e-05,0x00,true,,
"I2C","data",10.3680121,2.325e-05,0x00,true,,
"I2C","data",10.3680369,2.325e-05,0x00,true,,
"I2C","data",10.3680616,2.325e-05,0x00,true,,
"I2C","data",10.3680864,2.325e-05,0x00,true,,
"I2C","data",10.3681111,2.325e-05,0x00,true,,
"I2C","data",10.3681358,2.325e-05,0x00,false,,
"I2C","stop",10.3681621,6.24999993e-08,,,,
"I2C","start",10.3681668,6.25000011e-08,,,,
"I2C","address",10.3681694,2.325e-05,,true,0x25,false
"I2C","data",10.3681982,2.325e-05,0x40,true,,
"I2C","start",10.3682269,6.24999993e-08,,,,
"I2C","address",10.3682295,2.325e-05,,true,0x25,true
"I2C","data",10.3682629,2.31875e-05,0x00,false,,
"I2C","stop",10.3682891,6.24999993e-08,,,,
"Async Serial [1]","data",10.3908527,9.5e-06,0xB1,,,
"Async Serial [1]","data",10.3908627,9.5e-06,0x04,,,
"Async Serial [1]","data",10.3908727,9.5e-06,0x00,,,
"Async Serial [1]","data",10.3908827,9.5e-06,0x00,,,
"Async Serial [1]","data",10.3908927,9.5e-06,0xFC,,,
"Async Serial [1]","data",10.3909027,9.5e-06,0xB3,,,
"Async Serial","data",10.3909474,9.5e-06,0xB2,,,
"Async Serial","data",10.3909575,9.5e-06,0x00,,,
"Async Serial","data",10.3909676,9.5e-06,0x01,,,
"Async Serial","data",10.3909777,9.5e-06,0x03,,,
"Async Serial","data",10.3909879,9.5e-06,0xFC,,,
"Async Serial","data",10.3909979,9.5e-06,0xB3,,,
"Async Serial [1]","data",10.5008828,9.5e-06,0xB1,,,
"Async Serial [1]","data",10.5008928,9.5e-06,0x04,,,
"Async Serial [1]","data",10.5009028,9.5e-06,0x00,,,
"Async Serial [1]","data",10.5009128,9.5e-06,0x00,,,
"Async Serial [1]","data",10.5009228,9.5e-06,0xFC,,,
"Async Serial [1]","data",10.5009328,9.5e-06,0xB3,,,
"Async Serial","data",10.5009776,9.5e-06,0xB2,,,
"Async Serial","data",10.5009878,9.5e-06,0x00,,,
"Async Serial","data",10.5009979,9.5e-06,0x01,,,
"Async Serial","data",10.5010079,9.5e-06,0x03,,,
"Async Serial","data",10.5010181,9.5e-06,0xFC,,,
"Async Serial","data",10.5010282,9.5e-06,0xB3,,,
"Async Serial [1]","data",10.6029186,9.5e-06,0xB1,,,
"Async Serial [1]","data",10.6029286,9.5e-06,0x04,,,
"Async Serial [1]","data",10.6029386,9.5e-06,0x00,,,
"Async Serial [1]","data",10.6029486,9.5e-06,0x00,,,
"Async Serial [1]","data",10.6029586,9.5e-06,0xFC,,,
"Async Serial [1]","data",10.6029686,9.5e-06,0xB3,,,
"Async Serial","data",10.6030142,9.5e-06,0xB2,,,
"Async Serial","data",10.6030243,9.5e-06,0x00,,,
"Async Serial","data",10.6030344,9.5e-06,0x01,,,
"Async Serial","data",10.6030445,9.5e-06,0x03,,,
"Async Serial","data",10.6030546,9.5e-06,0xFC,,,
"Async Serial","data",10.6030647,9.5e-06,0xB3,,,
"I2C","start",10.6662118,6.25000011e-08,,,,
"I2C","address",10.6662144,2.325e-05,,true,0x25,false
"I2C","stop",10.6662446,6.25000011e-08,,,,
"I2C","start",10.6662497,6.25000011e-08,,,,
"I2C","address",10.6662522,2.325e-05,,true,0x25,false
"I2C","data",10.666281,2.325e-05,0x00,true,,
"I2C","start",10.6663097,6.24999993e-08,,,,
"I2C","address",10.6663124,2.325e-05,,true,0x25,true
"I2C","data",10.6663458,2.3125e-05,0xA5,true,,
"I2C","data",10.6663704,2.325e-05,0x03,false,,
"I2C","stop",10.6663967,6.24999993e-08,,,,
"I2C","start",10.6664024,6.24999993e-08,,,,
"I2C","address",10.6664051,2.325e-05,,true,0x25,false
"I2C","data",10.6664338,2.325e-05,0x40,true,,
"I2C","start",10.6664626,6.25000011e-08,,,,
"I2C","address",10.6664651,2.325e-05,,true,0x25,true
"I2C","data",10.6664986,2.31875e-05,0x00,false,,
"I2C","stop",10.6665248,6.24999993e-08,,,,
"I2C","start",10.66653,6.24999993e-08,,,,
"I2C","address",10.6665326,2.325e-05,,true,0x25,false
"I2C","data",10.6665614,2.325e-05,0x00,true,,
"I2C","start",10.6665901,6.25000011e-08,,,,
"I2C","address",10.6665927,2.325e-05,,true,0x25,true
"I2C","data",10.6666261,2.31875e-05,0xA5,true,,
"I2C","data",10.6666508,2.325e-05,0x03,true,,
"I2C","data",10.6666755,2.33125e-05,0x00,true,,
"I2C","data",10.6667002,2.325e-05,0x00,true,,
"I2C","data",10.666725,2.325e-05,0x28,true,,
"I2C","data",10.6667497,2.325e-05,0xEF,true,,
"I2C","data",10.6667745,2.325e-05,0x5B,true,,
"I2C","data",10.6667992,2.33125e-05,0x00,true,,
"I2C","data",10.6668239,2.325e-05,0x03,true,,
"I2C","data",10.6668487,2.325e-05,0x00,true,,
"I2C","data",10.6668734,2.325e-05,0x00,true,,
"I2C","data",10.6668982,2.325e-05,0x00,true,,
"I2C","data",10.6669229,2.325e-05,0x40,true,,
"I2C","data",10.6669476,2.325e-05,0x0D,true,,
"I2C","data",10.6669724,2.325e-05,0x03,true,,
"I2C","data",10.6669971,2.325e-05,0x00,true,,
"I2C","data",10.6670219,2.325e-05,0x01,true,,
"I2C","data",10.6670466,2.33125e-05,0x00,true,,
"I2C","data",10.6670713,2.325e-05,0x01,true,,
"I2C","data",10.6670961,2.325e-05,0x00,true,,
"I2C","data",10.6671208,2.325e-05,0x80,true,,
"I2C","data",10.6671455,2.33125e-05,0x8D,true,,
"I2C","data",10.6671702,2.325e-05,0x5B,true,,
"I2C","data",10.667195,2.325e-05,0x00,true,,
"I2C","data",10.6672197,2.325e-05,0x20,true,,
"I2C","data",10.6672445,2.325e-05,0xBF,true,,
"I2C","data",10.6672692,2.325e-05,0x02,true,,
"I2C","data",10.6672939,2.325e-05,0x00,true,,
"I2C","data",10.6673187,2.325e-05,0x00,true,,
"I2C","data",10.6673434,2.325e-05,0x12,true,,
"I2C","data",10.6673681,2.33125e-05,0x7A,true,,
"I2C","data",10.6673929,2.325e-05,0x00,true,,
"I2C","data",10.6674176,2.325e-05,0x60,true,,
"I2C","data",10.6674424,2.325e-05,0xE3,true,,
"I2C","data",10.6674671,2.325e-05,0x16,true,,
"I2C","data",10.6674918,2.33125e-05,0x00,true,,
"I2C","data",10.6675166,2.325e-05,0x30,true,,
"I2C","data",10.6675413,2.325e-05,0x11,true,,
"I2C","data",10.6675661,2.325e-05,0x00,true,,
"I2C","data",10.6675908,2.325e-05,0x00,true,,
"I2C","data",10.6676155,2.325e-05,0xD0,true,,
"I2C","data",10.6676402,2.325e-05,0xEE,true,,
"I2C","data",10.667665,2.325e-05,0xFF,true,,
"I2C","data",10.6676897,2.325e-05,0xFF,true,,
"I2C","data",10.6677144,2.33125e-05,0x20,true,,
"I2C","data",10.6677392,2.325e-05,0x03,true,,
"I2C","data",10.6677639,2.325e-05,0xD0,true,,
"I2C","data",10.6677887,2.325e-05,0x07,true,,
"I2C","data",10.6678134,2.325e-05,0x64,true,,
"I2C","data",10.6678381,2.325e-05,0x00,true,,
"I2C","data",10.6678629,2.325e-05,0xF4,true,,
"I2C","data",10.6678876,2.325e-05,0x01,true,,
"I2C","data",10.6679124,2.325e-05,0x00,true,,
"I2C","data",10.6679371,2.33125e-05,0x00,true,,
"I2C","data",10.6679618,2.325e-05,0x00,true,,
"I2C","data",10.6679866,2.325e-05,0x00,true,,
"I2C","data",10.6680113,2.325e-05,0x00,true,,
"I2C","data",10.6680361,2.325e-05,0x00,true,,
"I2C","data",10.6680608,2.33125e-05,0x00,true,,
"I2C","data",10.6680855,2.325e-05,0x00,true,,
"I2C","data",10.6681102,2.325e-05,0x00,true,,
"I2C","data",10.668135,2.325e-05,0x00,true,,
"I2C","data",10.6681597,2.325e-05,0x00,true,,
"I2C","data",10.6681844,2.33125e-05,0x00,true,,
"I2C","data",10.6682092,2.325e-05,0x00,true,,
"I2C","data",10.6682339,2.325e-05,0x00,true,,
"I2C","data",10.6682587,2.325e-05,0x00,true,,
"I2C","data",10.6682834,2.325e-05,0x00,true,,
"I2C","data",10.6683081,2.325e-05,0x00,true,,
"I2C","data",10.6683329,2.325e-05,0x00,true,,
"I2C","data",10.6683576,2.325e-05,0x00,true,,
"I2C","data",10.6683824,2.325e-05,0x00,true,,
"I2C","data",10.6684071,2.325e-05,0x00,true,,
"I2C","data",10.6684318,2.325e-05,0x00,true,,
"I2C","data",10.6684566,2.325e-05,0x00,true,,
"I2C","data",10.6684813,2.325e-05,0x00,true,,
"I2C","data",10.6685061,2.325e-05,0x00,true,,
"I2C","data",10.6685308,2.325e-05,0x00,true,,
"I2C","data",10.6685555,2.325e-05,0x00,true,,
"I2C","data",10.6685802,2.325e-05,0x00,true,,
"I2C","data",10.668605,2.325e-05,0x00,true,,
"I2C","data",10.6686297,2.325e-05,0x00,true,,
"I2C","data",10.6686544,2.325e-05,0x00,true,,
"I2C","data",10.6686792,2.325e-05,0x00,true,,
"I2C","data",10.6687039,2.325e-05,0x00,true,,
"I2C","data",10.6687287,2.325e-05,0x00,true,,
"I2C","data",10.6687534,2.325e-05,0x00,true,,
"I2C","data",10.6687781,2.325e-05,0x00,true,,
"I2C","data",10.6688029,2.325e-05,0x00,true,,
"I2C","data",10.6688276,2.325e-05,0x00,true,,
"I2C","data",10.6688523,2.325e-05,0x00,true,,
"I2C","data",10.6688771,2.325e-05,0x00,true,,
"I2C","data",10.6689018,2.325e-05,0x00,true,,
"I2C","data",10.6689266,2.325e-05,0x00,true,,
"I2C","data",10.6689513,2.325e-05,0x00,true,,
"I2C","data",10.668976,2.325e-05,0x00,false,,
"I2C","stop",10.6690023,6.25000011e-08,,,,
"I2C","start",10.6690071,6.24999993e-08,,,,
"I2C","address",10.6690098,2.325e-05,,true,0x25,false
"I2C","data",10.6690385,2.325e-05,0x40,true,,
"I2C","start",10.6690672,6.24999993e-08,,,,
"I2C","address",10.6690699,2.325e-05,,true,0x25,true
"I2C","data",10.6691033,2.3125e-05,0x00,false,,
"I2C","stop",10.6691294,6.25000011e-08,,,,
"Async Serial [1]","data",10.7049554,9.5e-06,0xB1,,,
"Async Serial [1]","data",10.7049654,9.5e-06,0x04,,,
"Async Serial [1]","data",10.7049754,9.5e-06,0x00,,,
"Async Serial [1]","data",10.7049854,9.5e-06,0x00,,,
"Async Serial [1]","data",10.7049954,9.5e-06,0xFC,,,
"Async Serial [1]","data",10.7050054,9.5e-06,0xB3,,,
"Async Serial","data",10.7050487,9.5e-06,0xB2,,,
"Async Serial","data",10.7050588,9.5e-06,0x00,,,
"Async Serial","data",10.7050689,9.5e-06,0x01,,,
"Async Serial","data",10.7050791,9.5e-06,0x03,,,
"Async Serial","data",10.7050892,9.5e-06,0xFC,,,
"Async Serial","data",10.7050993,9.5e-06,0xB3,,,
"Async Serial [1]","data",10.8069922,9.5e-06,0xB1,,,
"Async Serial [1]","data",10.8070022,9.5e-06,0x04,,,
"Async Serial [1]","data",10.8070122,9.5e-06,0x00,,,
"Async Serial [1]","data",10.8070222,9.5e-06,0x00,,,
"Async Serial [1]","data",10.8070322,9.5e-06,0xFC,,,
"Async Serial [1]","data",10.8070422,9.5e-06,0xB3,,,
"Async Serial","data",10.8070829,9.5e-06,0xB2,,,
"Async Serial","data",10.8070931,9.5e-06,0x00,,,
"Async Serial","data",10.8071032,9.5e-06,0x01,,,
"Async Serial","data",10.8071133,9.5e-06,0x03,,,
"Async Serial","data",10.8071234,9.5e-06,0xFC,,,
"Async Serial","data",10.8071336,9.5e-06,0xB3,,,
"Async Serial [1]","data",10.9170223,9.5e-06,0xB1,,,
"Async Serial [1]","data",10.9170323,9.5e-06,0x04,,,
"Async Serial [1]","data",10.9170422,9.5e-06,0x00,,,
"Async Serial [1]","data",10.9170522,9.5e-06,0x00,,,
"Async Serial [1]","data",10.9170623,9.5e-06,0xFC,,,
"Async Serial [1]","data",10.9170723,9.5e-06,0xB3,,,
"Async Serial","data",10.9171154,9.5e-06,0xB2,,,
"Async Serial","data",10.9171256,9.5e-06,0x00,,,
"Async Serial","data",10.9171356,9.5e-06,0x01,,,
"Async Serial","data",10.9171457,9.5e-06,0x03,,,
"Async Serial","data",10.9171559,9.5e-06,0xFC,,,
"Async Serial","data",10.917166,9.5e-06,0xB3,,,
"I2C","start",10.967066,6.24999993e-08,,,,
"I2C","address",10.9670686,2.33125e-05,,true,0x25,false
"I2C","stop",10.9670988,6.24999993e-08,,,,
"I2C","start",10.9671037,6.25000011e-08,,,,
"I2C","address",10.9671063,2.325e-05,,true,0x25,false
"I2C","data",10.967135,2.31875e-05,0x00,true,,
"I2C","start",10.9671639,6.24999993e-08,,,,
"I2C","address",10.9671666,2.325e-05,,true,0x25,true
"I2C","data",10.9672,2.31875e-05,0xA5,true,,
"I2C","data",10.9672247,2.325e-05,0x03,false,,
"I2C","stop",10.9672509,6.24999993e-08,,,,
"I2C","start",10.9672568,6.25000011e-08,,,,
"I2C","address",10.9672594,2.325e-05,,true,0x25,false
"I2C","data",10.9672881,2.31875e-05,0x40,true,,
"I2C","start",10.9673169,6.24999993e-08,,,,
"I2C","address",10.9673195,2.325e-05,,true,0x25,true
"I2C","data",10.9673529,2.31875e-05,0x00,false,,
"I2C","stop",10.9673791,6.2500003e-08,,,,
"I2C","start",10.9673844,6.24999993e-08,,,,
"I2C","address",10.967387,2.325e-05,,true,0x25,false
"I2C","data",10.9674158,2.325e-05,0x00,true,,
"I2C","start",10.9674445,6.25000011e-08,,,,
"I2C","address",10.9674471,2.33125e-05,,true,0x25,true
"I2C","data",10.9674805,2.31875e-05,0xA5,true,,
"I2C","data",10.9675052,2.325e-05,0x03,true,,
"I2C","data",10.9675299,2.325e-05,0x00,true,,
"I2C","data",10.9675547,2.325e-05,0x00,true,,
"I2C","data",10.9675794,2.325e-05,0x28,true,,
"I2C","data",10.9676041,2.33125e-05,0xEF,true,,
"I2C","data",10.9676289,2.325e-05,0x5B,true,,
"I2C","data",10.9676536,2.325e-05,0x00,true,,
"I2C","data",10.9676784,2.325e-05,0x03,true,,
"I2C","data",10.9677031,2.325e-05,0x00,true,,
"I2C","data",10.9677279,2.325e-05,0x00,true,,
"I2C","data",10.9677526,2.325e-05,0x00,true,,
"I2C","data",10.9677773,2.325e-05,0x40,true,,
"I2C","data",10.9678021,2.325e-05,0x0D,true,,
"I2C","data",10.9678268,2.325e-05,0x03,true,,
"I2C","data",10.9678516,2.325e-05,0x00,true,,
"I2C","data",10.9678763,2.325e-05,0x01,true,,
"I2C","data",10.967901,2.325e-05,0x00,true,,
"I2C","data",10.9679257,2.325e-05,0x01,true,,
"I2C","data",10.9679505,2.325e-05,0x00,true,,
"I2C","data",10.9679753,2.325e-05,0x80,true,,
"I2C","data",10.968,2.325e-05,0x8D,true,,
"I2C","data",10.9680247,2.33125e-05,0x5B,true,,
"I2C","data",10.9680494,2.33125e-05,0x00,true,,
"I2C","data",10.9680742,2.325e-05,0x20,true,,
"I2C","data",10.9680989,2.325e-05,0xBF,true,,
"I2C","data",10.9681237,2.325e-05,0x02,true,,
"I2C","data",10.9681484,2.325e-05,0x00,true,,
"I2C","data",10.9681732,2.325e-05,0x00,true,,
"I2C","data",10.9681979,2.325e-05,0x12,true,,
"I2C","data",10.9682226,2.325e-05,0x7A,true,,
"I2C","data",10.9682474,2.325e-05,0x00,true,,
"I2C","data",10.9682721,2.325e-05,0x60,true,,
"I2C","data",10.9682969,2.325e-05,0xE3,true,,
"I2C","data",10.9683216,2.325e-05,0x16,true,,
"I2C","data",10.9683463,2.33125e-05,0x00,true,,
"I2C","data",10.9683711,2.325e-05,0x30,true,,
"I2C","data",10.9683958,2.325e-05,0x11,true,,
"I2C","data",10.9684206,2.325e-05,0x00,true,,
"I2C","data",10.9684453,2.325e-05,0x00,true,,
"I2C","data",10.96847,2.33125e-05,0xD0,true,,
"I2C","data",10.9684947,2.325e-05,0xEE,true,,
"I2C","data",10.9685195,2.325e-05,0xFF,true,,
"I2C","data",10.9685443,2.325e-05,0xFF,true,,
"I2C","data",10.968569,2.325e-05,0x20,true,,
"I2C","data",10.9685938,2.325e-05,0x03,true,,
"I2C","data",10.9686184,2.325e-05,0xD0,true,,
"I2C","data",10.9686432,2.325e-05,0x07,true,,
"I2C","data",10.9686679,2.325e-05,0x64,true,,
"I2C","data",10.9686927,2.325e-05,0x00,true,,
"I2C","data",10.9687174,2.325e-05,0xF4,true,,
"I2C","data",10.9687421,2.33125e-05,0x01,true,,
"I2C","data",10.9687669,2.325e-05,0x00,true,,
"I2C","data",10.9687916,2.325e-05,0x00,true,,
"I2C","data",10.9688164,2.325e-05,0x00,true,,
"I2C","data",10.9688411,2.325e-05,0x00,true,,
"I2C","data",10.9688659,2.325e-05,0x00,true,,
"I2C","data",10.9688906,2.325e-05,0x00,true,,
"I2C","data",10.9689154,2.325e-05,0x00,true,,
"I2C","data",10.9689401,2.325e-05,0x00,true,,
"I2C","data",10.9689648,2.325e-05,0x00,true,,
"I2C","data",10.9689896,2.325e-05,0x00,true,,
"I2C","data",10.9690143,2.325e-05,0x00,true,,
"I2C","data",10.9690391,2.325e-05,0x00,true,,
"I2C","data",10.9690638,2.325e-05,0x00,true,,
"I2C","data",10.9690885,2.33125e-05,0x00,true,,
"I2C","data",10.9691132,2.325e-05,0x00,true,,
"I2C","data",10.969138,2.325e-05,0x00,true,,
"I2C","data",10.9691628,2.325e-05,0x00,true,,
"I2C","data",10.9691875,2.325e-05,0x00,true,,
"I2C","data",10.9692122,2.325e-05,0x00,true,,
"I2C","data",10.9692369,2.33125e-05,0x00,true,,
"I2C","data",10.9692617,2.325e-05,0x00,true,,
"I2C","data",10.9692864,2.325e-05,0x00,true,,
"I2C","data",10.9693112,2.325e-05,0x00,true,,
"I2C","data",10.9693359,2.325e-05,0x00,true,,
"I2C","data",10.9693607,2.325e-05,0x00,true,,
"I2C","data",10.9693854,2.325e-05,0x00,true,,
"I2C","data",10.9694101,2.325e-05,0x00,true,,
"I2C","data",10.9694349,2.325e-05,0x00,true,,
"I2C","data",10.9694596,2.325e-05,0x00,true,,
"I2C","data",10.9694844,2.325e-05,0x00,true,,
"I2C","data",10.9695091,2.325e-05,0x00,true,,
"I2C","data",10.9695338,2.325e-05,0x00,true,,
"I2C","data",10.9695586,2.325e-05,0x00,true,,
"I2C","data",10.9695833,2.325e-05,0x00,true,,
"I2C","data",10.9696081,2.325e-05,0x00,true,,
"I2C","data",10.9696328,2.325e-05,0x00,true,,
"I2C","data",10.9696575,2.33125e-05,0x00,true,,
"I2C","data",10.9696822,2.33125e-05,0x00,true,,
"I2C","data",10.969707,2.325e-05,0x00,true,,
"I2C","data",10.9697317,2.325e-05,0x00,true,,
"I2C","data",10.9697565,2.325e-05,0x00,true,,
"I2C","data",10.9697813,2.325e-05,0x00,true,,
"I2C","data",10.9698059,2.33125e-05,0x00,true,,
"I2C","data",10.9698307,2.325e-05,0x00,false,,
"I2C","stop",10.9698569,6.25000011e-08,,,,
"I2C","start",10.9698619,6.24999993e-08,,,,
"I2C","address",10.9698646,2.325e-05,,true,0x25,false
"I2C","data",10.9698934,2.31875e-05,0x40,true,,
"I2C","start",10.9699221,6.25000011e-08,,,,
"I2C","address",10.9699247,2.325e-05,,true,0x25,true
"I2C","data",10.9699581,2.325e-05,0x00,false,,
"I2C","stop",10.9699844,6.25000011e-08,,,,
"Async Serial [1]","data",11.0190591,9.5e-06,0xB1,,,
"Async Serial [1]","data",11.0190691,9.5e-06,0x04,,,
"Async Serial [1]","data",11.0190791,9.5e-06,0x00,,,
"Async Serial [1]","data",11.0190891,9.5e-06,0x00,,,
"Async Serial [1]","data",11.0190991,9.5e-06,0xFC,,,
"Async Serial [1]","data",11.0191091,9.5e-06,0xB3,,,
"Async Serial","data",11.0191503,9.5e-06,0xB2,,,
"Async Serial","data",11.0191604,9.5e-06,0x00,,,
"Async Serial","data",11.0191705,9.5e-06,0x01,,,
"Async Serial","data",11.0191806,9.5e-06,0x03,,,
"Async Serial","data",11.0191907,9.5e-06,0xFC,,,
"Async Serial","data",11.0192009,9.5e-06,0xB3,,,
"Async Serial [1]","data",11.1210958,9.5e-06,0xB1,,,
"Async Serial [1]","data",11.1211058,9.5e-06,0x04,,,
"Async Serial [1]","data",11.1211159,9.5e-06,0x00,,,
"Async Serial [1]","data",11.1211259,9.5e-06,0x00,,,
"Async Serial [1]","data",11.1211359,9.5e-06,0xFC,,,
"Async Serial [1]","data",11.1211459,9.5e-06,0xB3,,,
"Async Serial","data",11.1211921,9.5e-06,0xB2,,,
"Async Serial","data",11.1212022,9.5e-06,0x00,,,
"Async Serial","data",11.1212123,9.5e-06,0x01,,,
"Async Serial","data",11.1212224,9.5e-06,0x03,,,
"Async Serial","data",11.1212325,9.5e-06,0xFC,,,
"Async Serial","data",11.1212426,9.5e-06,0xB3,,,
"Async Serial [1]","data",11.2231316,9.5e-06,0xB1,,,
"Async Serial [1]","data",11.2231416,9.5e-06,0x04,,,
"Async Serial [1]","data",11.2231516,9.5e-06,0x00,,,
"Async Serial [1]","data",11.2231616,9.5e-06,0x00,,,
"Async Serial [1]","data",11.2231716,9.5e-06,0xFC,,,
"Async Serial [1]","data",11.2231816,9.5e-06,0xB3,,,
"Async Serial","data",11.2232279,9.5e-06,0xB2,,,
"Async Serial","data",11.223238,9.5e-06,0x00,,,
"Async Serial","data",11.2232481,9.5e-06,0x01,,,
"Async Serial","data",11.2232583,9.5e-06,0x03,,,
"Async Serial","data",11.2232684,9.5e-06,0xFC,,,
"Async Serial","data",11.2232784,9.5e-06,0xB3,,,
"I2C","start",11.2679116,6.24999993e-08,,,,
"I2C","address",11.2679143,2.325e-05,,true,0x25,false
"I2C","stop",11.2679445,6.25000011e-08,,,,
"I2C","start",11.2679495,6.24999993e-08,,,,
"I2C","address",11.2679521,2.325e-05,,true,0x25,false
"I2C","data",11.2679808,2.31875e-05,0x00,true,,
"I2C","start",11.2680095,6.24999993e-08,,,,
"I2C","address",11.2680121,2.325e-05,,true,0x25,true
"I2C","data",11.2680456,2.3125e-05,0xA5,true,,
"I2C","data",11.2680702,2.325e-05,0x03,false,,
"I2C","stop",11.2680964,6.24999993e-08,,,,
"I2C","start",11.2681024,6.24999993e-08,,,,
"I2C","address",11.2681051,2.325e-05,,true,0x25,false
"I2C","data",11.2681338,2.325e-05,0x40,true,,
"I2C","start",11.2681624,6.25000011e-08,,,,
"I2C","address",11.268165,2.325e-05,,true,0x25,true
"I2C","data",11.2681984,2.31875e-05,0x00,false,,
"I2C","stop",11.2682246,6.24999993e-08,,,,
"I2C","start",11.2682301,6.25000011e-08,,,,
"I2C","address",11.2682327,2.325e-05,,true,0x25,false
"I2C","data",11.2682614,2.33125e-05,0x00,true,,
"I2C","start",11.2682902,6.24999993e-08,,,,
"I2C","address",11.2682928,2.325e-05,,true,0x25,true
"I2C","data",11.2683263,2.325e-05,0xA5,true,,
"I2C","data",11.2683511,2.325e-05,0x03,true,,
"I2C","data",11.2683758,2.325e-05,0x00,true,,
"I2C","data",11.2684005,2.33125e-05,0x00,true,,
"I2C","data",11.2684252,2.325e-05,0x28,true,,
"I2C","data",11.26845,2.325e-05,0xEF,true,,
"I2C","data",11.2684747,2.325e-05,0x5B,true,,
"I2C","data",11.2684995,2.325e-05,0x00,true,,
"I2C","data",11.2685243,2.325e-05,0x03,true,,
"I2C","data",11.2685489,2.325e-05,0x00,true,,
"I2C","data",11.2685737,2.325e-05,0x00,true,,
"I2C","data",11.2685984,2.325e-05,0x00,true,,
"I2C","data",11.2686231,2.325e-05,0x40,true,,
"I2C","data",11.2686479,2.325e-05,0x0D,true,,
"I2C","data",11.2686726,2.325e-05,0x03,true,,
"I2C","data",11.2686974,2.325e-05,0x00,true,,
"I2C","data",11.2687221,2.325e-05,0x01,true,,
"I2C","data",11.2687468,2.325e-05,0x00,true,,
"I2C","data",11.2687716,2.325e-05,0x01,true,,
"I2C","data",11.2687963,2.325e-05,0x00,true,,
"I2C","data",11.2688211,2.325e-05,0x80,true,,
"I2C","data",11.2688458,2.325e-05,0x8D,true,,
"I2C","data",11.2688705,2.325e-05,0x5B,true,,
"I2C","data",11.2688952,2.325e-05,0x00,true,,
"I2C","data",11.26892,2.325e-05,0x20,true,,
"I2C","data",11.2689447,2.33125e-05,0xBF,true,,
"I2C","data",11.2689694,2.325e-05,0x02,true,,
"I2C","data",11.2689942,2.325e-05,0x00,true,,
"I2C","data",11.2690189,2.325e-05,0x00,true,,
"I2C","data",11.2690436,2.33125e-05,0x12,true,,
"I2C","data",11.2690684,2.325e-05,0x7A,true,,
"I2C","data",11.2690931,2.325e-05,0x00,true,,
"I2C","data",11.2691179,2.325e-05,0x60,true,,
"I2C","data",11.2691426,2.33125e-05,0xE3,true,,
"I2C","data",11.2691673,2.325e-05,0x16,true,,
"I2C","data",11.2691921,2.325e-05,0x00,true,,
"I2C","data",11.2692168,2.325e-05,0x30,true,,
"I2C","data",11.2692416,2.325e-05,0x11,true,,
"I2C","data",11.2692662,2.325e-05,0x00,true,,
"I2C","data",11.269291,2.325e-05,0x00,true,,
"I2C","data",11.2693158,2.325e-05,0xD0,true,,
"I2C","data",11.2693405,2.325e-05,0xEE,true,,
"I2C","data",11.2693652,2.33125e-05,0xFF,true,,
"I2C","data",11.2693899,2.325e-05,0xFF,true,,
"I2C","data",11.2694147,2.325e-05,0x20,true,,
"I2C","data",11.2694394,2.325e-05,0x03,true,,
"I2C","data",11.2694642,2.325e-05,0xD0,true,,
"I2C","data",11.2694889,2.325e-05,0x07,true,,
"I2C","data",11.2695136,2.33125e-05,0x64,true,,
"I2C","data",11.2695384,2.325e-05,0x00,true,,
"I2C","data",11.2695631,2.325e-05,0xF4,true,,
"I2C","data",11.2695879,2.325e-05,0x01,true,,
"I2C","data",11.2696126,2.325e-05,0x00,true,,
"I2C","data",11.2696373,2.325e-05,0x00,true,,
"I2C","data",11.2696621,2.325e-05,0x00,true,,
"I2C","data",11.2696868,2.325e-05,0x00,true,,
"I2C","data",11.2697116,2.325e-05,0x00,true,,
"I2C","data",11.2697363,2.325e-05,0x00,true,,
"I2C","data",11.269761,2.33125e-05,0x00,true,,
"I2C","data",11.2697858,2.325e-05,0x00,true,,
"I2C","data",11.2698105,2.325e-05,0x00,true,,
"I2C","data",11.2698352,2.325e-05,0x00,true,,
"I2C","data",11.26986,2.325e-05,0x00,true,,
"I2C","data",11.2698847,2.325e-05,0x00,true,,
"I2C","data",11.2699094,2.33125e-05,0x00,true,,
"I2C","data",11.2699342,2.325e-05,0x00,true,,
"I2C","data",11.2699589,2.325e-05,0x00,true,,
"I2C","data",11.2699837,2.325e-05,0x00,true,,
"I2C","data",11.2700084,2.325e-05,0x00,true,,
"I2C","data",11.2700332,2.325e-05,0x00,true,,
"I2C","data",11.2700579,2.325e-05,0x00,true,,
"I2C","data",11.2700826,2.325e-05,0x00,true,,
"I2C","data",11.2701074,2.325e-05,0x00,true,,
"I2C","data",11.2701321,2.325e-05,0x00,true,,
"I2C","data",11.2701568,2.33125e-05,0x00,true,,
"I2C","data",11.2701816,2.325e-05,0x00,true,,
"I2C","data",11.2702063,2.325e-05,0x00,true,,
"I2C","data",11.2702311,2.325e-05,0x00,true,,
"I2C","data",11.2702558,2.325e-05,0x00,true,,
"I2C","data",11.2702806,2.325e-05,0x00,true,,
"I2C","data",11.2703052,2.325e-05,0x00,true,,
"I2C","data",11.27033,2.325e-05,0x00,true,,
"I2C","data",11.2703547,2.325e-05,0x00,true,,
"I2C","data",11.2703795,2.325e-05,0x00,true,,
"I2C","data",11.2704043,2.325e-05,0x00,true,,
"I2C","data",11.270429,2.325e-05,0x00,true,,
"I2C","data",11.2704537,2.33125e-05,0x00,true,,
"I2C","data",11.2704784,2.325e-05,0x00,true,,
"I2C","data",11.2705032,2.325e-05,0x00,true,,
"I2C","data",11.2705279,2.325e-05,0x00,true,,
"I2C","data",11.2705527,2.325e-05,0x00,true,,
"I2C","data",11.2705774,2.325e-05,0x00,true,,
"I2C","data",11.2706021,2.325e-05,0x00,true,,
"I2C","data",11.2706269,2.325e-05,0x00,true,,
"I2C","data",11.2706516,2.325e-05,0x00,true,,
"I2C","data",11.2706764,2.325e-05,0x00,false,,
"I2C","stop",11.2707026,6.24999993e-08,,,,
"I2C","start",11.2707079,6.24999993e-08,,,,
"I2C","address",11.2707105,2.325e-05,,true,0x25,false
"I2C","data",11.2707392,2.33125e-05,0x40,true,,
"I2C","start",11.2707679,6.24999993e-08,,,,
"I2C","address",11.2707704,2.325e-05,,true,0x25,true
"I2C","data",11.2708039,2.31875e-05,0x00,false,,
"I2C","stop",11.2708301,6.25000011e-08,,,,
"Async Serial [1]","data",11.3331618,9.5e-06,0xB1,,,
"Async Serial [1]","data",11.3331717,9.5e-06,0x04,,,
"Async Serial [1]","data",11.3331817,9.5e-06,0x00,,,
"Async Serial [1]","data",11.3331917,9.5e-06,0x00,,,
"Async Serial [1]","data",11.3332018,9.5e-06,0xFC,,,
"Async Serial [1]","data",11.3332118,9.5e-06,0xB3,,,
"Async Serial","data",11.3332564,9.5e-06,0xB2,,,
"Async Serial","data",11.3332664,9.5e-06,0x00,,,
"Async Serial","data",11.3332766,9.5e-06,0x01,,,
"Async Serial","data",11.3332867,9.5e-06,0x03,,,
"Async Serial","data",11.3332968,9.5e-06,0xFC,,,
"Async Serial","data",11.3333069,9.5e-06,0xB3,,,
"Async Serial [1]","data",11.4351985,9.5e-06,0xB1,,,
"Async Serial [1]","data",11.4352085,9.5e-06,0x04,,,
"Async Serial [1]","data",11.4352185,9.5e-06,0x00,,,
"Async Serial [1]","data",11.4352285,9.5e-06,0x00,,,
"Async Serial [1]","data",11.4352385,9.5e-06,0xFC,,,
"Async Serial [1]","data",11.4352485,9.5e-06,0xB3,,,
"Async Serial","data",11.4352884,9.5e-06,0xB2,,,
"Async Serial","data",11.4352986,9.5e-06,0x00,,,
"Async Serial","data",11.4353087,9.5e-06,0x01,,,
"Async Serial","data",11.4353188,9.5e-06,0x03,,,
"Async Serial","data",11.4353289,9.5e-06,0xFC,,,
"Async Serial","data",11.4353391,9.5e-06,0xB3,,,
"Async Serial [1]","data",11.5372353,9.5e-06,0xB1,,,
"Async Serial [1]","data",11.5372453,9.5e-06,0x04,,,
"Async Serial [1]","data",11.5372553,9.5e-06,0x00,,,
"Async Serial [1]","data",11.5372653,9.5e-06,0x00,,,
"Async Serial [1]","data",11.5372753,9.5e-06,0xFC,,,
"Async Serial [1]","data",11.5372853,9.5e-06,0xB3,,,
"Async Serial","data",11.5373276,9.5e-06,0xB2,,,
"Async Serial","data",11.5373377,9.5e-06,0x00,,,
"Async Serial","data",11.5373478,9.5e-06,0x01,,,
"Async Serial","data",11.5373579,9.5e-06,0x03,,,
"Async Serial","data",11.537368,9.5e-06,0xFC,,,
"Async Serial","data",11.5373781,9.5e-06,0xB3,,,
"I2C","start",11.5687493,6.24999993e-08,,,,
"I2C","address",11.5687519,2.325e-05,,true,0x25,false
"I2C","stop",11.568782,6.24999993e-08,,,,
"I2C","start",11.5687871,6.24999993e-08,,,,
"I2C","address",11.5687898,2.325e-05,,true,0x25,false
"I2C","data",11.5688185,2.325e-05,0x00,true,,
"I2C","start",11.5688472,6.25000011e-08,,,,
"I2C","address",11.5688498,2.33125e-05,,true,0x25,true
"I2C","data",11.5688833,2.3125e-05,0xA5,true,,
"I2C","data",11.5689079,2.325e-05,0x03,false,,
"I2C","stop",11.5689342,6.24999993e-08,,,,
"I2C","start",11.5689401,6.24999993e-08,,,,
"I2C","address",11.5689427,2.325e-05,,true,0x25,false
"I2C","data",11.5689714,2.31875e-05,0x40,true,,
"I2C","start",11.5690001,6.24999993e-08,,,,
"I2C","address",11.5690026,2.325e-05,,true,0x25,true
"I2C","data",11.5690362,2.325e-05,0x00,false,,
"I2C","stop",11.5690625,6.24999993e-08,,,,
"I2C","start",11.5690678,6.24999993e-08,,,,
"I2C","address",11.5690704,2.325e-05,,true,0x25,false
"I2C","data",11.5690991,2.325e-05,0x00,true,,
"I2C","start",11.5691279,6.24999993e-08,,,,
"I2C","address",11.5691304,2.325e-05,,true,0x25,true
"I2C","data",11.569164,2.31875e-05,0xA5,true,,
"I2C","data",11.5691887,2.325e-05,0x03,true,,
"I2C","data",11.5692134,2.325e-05,0x00,true,,
"I2C","data",11.5692381,2.325e-05,0x00,true,,
"I2C","data",11.5692629,2.325e-05,0x28,true,,
"I2C","data",11.5692876,2.325e-05,0xEF,true,,
"I2C","data",11.5693124,2.325e-05,0x5B,true,,
"I2C","data",11.5693371,2.325e-05,0x00,true,,
"I2C","data",11.5693618,2.325e-05,0x03,true,,
"I2C","data",11.5693866,2.325e-05,0x00,true,,
"I2C","data",11.5694113,2.325e-05,0x00,true,,
"I2C","data",11.5694361,2.325e-05,0x00,true,,
"I2C","data",11.5694608,2.33125e-05,0x40,true,,
"I2C","data",11.5694855,2.325e-05,0x0D,true,,
"I2C","data",11.5695103,2.325e-05,0x03,true,,
"I2C","data",11.569535,2.325e-05,0x00,true,,
"I2C","data",11.5695597,2.325e-05,0x01,true,,
"I2C","data",11.5695845,2.325e-05,0x00,true,,
"I2C","data",11.5696092,2.325e-05,0x01,true,,
"I2C","data",11.5696339,2.325e-05,0x00,true,,
"I2C","data",11.5696587,2.325e-05,0x80,true,,
"I2C","data",11.5696834,2.325e-05,0x8D,true,,
"I2C","data",11.5697082,2.325e-05,0x5B,true,,
"I2C","data",11.5697329,2.325e-05,0x00,true,,
"I2C","data",11.5697576,2.325e-05,0x20,true,,
"I2C","data",11.5697824,2.325e-05,0xBF,true,,
"I2C","data",11.5698071,2.325e-05,0x02,true,,
"I2C","data",11.5698319,2.325e-05,0x00,true,,
"I2C","data",11.5698566,2.325e-05,0x00,true,,
"I2C","data",11.5698813,2.325e-05,0x12,true,,
"I2C","data",11.5699061,2.325e-05,0x7A,true,,
"I2C","data",11.5699308,2.325e-05,0x00,true,,
"I2C","data",11.5699556,2.325e-05,0x60,true,,
"I2C","data",11.5699803,2.33125e-05,0xE3,true,,
"I2C","data",11.570005,2.325e-05,0x16,true,,
"I2C","data",11.5700297,2.325e-05,0x00,true,,
"I2C","data",11.5700545,2.325e-05,0x30,true,,
"I2C","data",11.5700792,2.325e-05,0x11,true,,
"I2C","data",11.570104,2.325e-05,0x00,true,,
"I2C","data",11.5701287,2.33125e-05,0x00,true,,
"I2C","data",11.5701534,2.325e-05,0xD0,true,,
"I2C","data",11.5701782,2.325e-05,0xEE,true,,
"I2C","data",11.5702029,2.325e-05,0xFF,true,,
"I2C","data",11.5702277,2.325e-05,0xFF,true,,
"I2C","data",11.5702524,2.325e-05,0x20,true,,
"I2C","data",11.5702771,2.33125e-05,0x03,true,,
"I2C","data",11.5703019,2.325e-05,0xD0,true,,
"I2C","data",11.5703266,2.325e-05,0x07,true,,
"I2C","data",11.5703514,2.325e-05,0x64,true,,
"I2C","data",11.5703761,2.325e-05,0x00,true,,
"I2C","data",11.5704008,2.33125e-05,0xF4,true,,
"I2C","data",11.5704256,2.325e-05,0x01,true,,
"I2C","data",11.5704503,2.325e-05,0x00,true,,
"I2C","data",11.5704751,2.325e-05,0x00,true,,
"I2C","data",11.5704998,2.325e-05,0x00,true,,
"I2C","data",11.5705246,2.325e-05,0x00,true,,
"I2C","data",11.5705493,2.325e-05,0x00,true,,
"I2C","data",11.570574,2.325e-05,0x00,true,,
"I2C","data",11.5705988,2.325e-05,0x00,true,,
"I2C","data",11.5706235,2.325e-05,0x00,true,,
"I2C","data",11.5706482,2.325e-05,0x00,true,,
"I2C","data",11.5706729,2.33125e-05,0x00,true,,
"I2C","data",11.5706977,2.325e-05,0x00,true,,
"I2C","data",11.5707224,2.325e-05,0x00,true,,
"I2C","data",11.5707472,2.325e-05,0x00,true,,
"I2C","data",11.5707719,2.325e-05,0x00,true,,
"I2C","data",11.5707966,2.325e-05,0x00,true,,
"I2C","data",11.5708214,2.325e-05,0x00,true,,
"I2C","data",11.5708461,2.325e-05,0x00,true,,
"I2C","data",11.5708709,2.325e-05,0x00,true,,
"I2C","data",11.5708956,2.325e-05,0x00,true,,
"I2C","data",11.5709203,2.33125e-05,0x00,true,,
"I2C","data",11.5709451,2.325e-05,0x00,true,,
"I2C","data",11.5709698,2.325e-05,0x00,true,,
"I2C","data",11.5709946,2.325e-05,0x00,true,,
"I2C","data",11.5710193,2.325e-05,0x00,true,,
"I2C","data",11.571044,2.33125e-05,0x00,true,,
"I2C","data",11.5710688,2.325e-05,0x00,true,,
"I2C","data",11.5710935,2.325e-05,0x00,true,,
"I2C","data",11.5711182,2.325e-05,0x00,true,,
"I2C","data",11.571143,2.325e-05,0x00,true,,
"I2C","data",11.5711678,2.325e-05,0x00,true,,
"I2C","data",11.5711924,2.325e-05,0x00,true,,
"I2C","data",11.5712172,2.325e-05,0x00,true,,
"I2C","data",11.5712419,2.325e-05,0x00,true,,
"I2C","data",11.5712667,2.325e-05,0x00,true,,
"I2C","data",11.5712914,2.325e-05,0x00,true,,
"I2C","data",11.5713161,2.325e-05,0x00,true,,
"I2C","data",11.5713409,2.325e-05,0x00,true,,
"I2C","data",11.5713656,2.325e-05,0x00,true,,
"I2C","data",11.5713904,2.325e-05,0x00,true,,
"I2C","data",11.5714151,2.325e-05,0x00,true,,
"I2C","data",11.5714399,2.325e-05,0x00,true,,
"I2C","data",11.5714646,2.325e-05,0x00,true,,
"I2C","data",11.5714893,2.325e-05,0x00,true,,
"I2C","data",11.5715141,2.325e-05,0x00,false,,
"I2C","stop",11.5715403,6.25000011e-08,,,,
"I2C","start",11.5715458,6.24999993e-08,,,,
"I2C","address",11.5715484,2.325e-05,,true,0x25,false
"I2C","data",11.5715771,2.33125e-05,0x40,true,,
"I2C","start",11.5716059,6.25000011e-08,,,,
"I2C","address",11.5716085,2.33125e-05,,true,0x25,true
"I2C","data",11.5716421,2.31875e-05,0x00,false,,
"I2C","stop",11.5716683,6.24999993e-08,,,,
"Async Serial [1]","data",11.6392721,9.5e-06,0xB1,,,
"Async Serial [1]","data",11.6392821,9.5e-06,0x04,,,
"Async Serial [1]","data",11.6392921,9.5e-06,0x00,,,
"Async Serial [1]","data",11.6393021,9.5e-06,0x00,,,
"Async Serial [1]","data",11.6393121,9.5e-06,0xFC,,,
"Async Serial [1]","data",11.6393221,9.5e-06,0xB3,,,
"Async Serial","data",11.6393663,9.5e-06,0xB2,,,
"Async Serial","data",11.6393764,9.5e-06,0x00,,,
"Async Serial","data",11.6393866,9.5e-06,0x01,,,
"Async Serial","data",11.6393966,9.5e-06,0x03,,,
"Async Serial","data",11.6394067,9.5e-06,0xFC,,,
"Async Serial","data",11.6394169,9.5e-06,0xB3,,,
"Async Serial [1]","data",11.7493022,9.5e-06,0xB1,,,
"Async Serial [1]","data",11.7493122,9.5e-06,0x04,,,
"Async Serial [1]","data",11.7493222,9.5e-06,0x00,,,
"Async Serial [1]","data",11.7493322,9.5e-06,0x00,,,
"Async Serial [1]","data",11.7493422,9.5e-06,0xFC,,,
"Async Serial [1]","data",11.7493522,9.5e-06,0xB3,,,
"Async Serial","data",11.7493948,9.5e-06,0xB2,,,
"Async Serial","data",11.7494049,9.5e-06,0x00,,,
"Async Serial","data",11.7494151,9.5e-06,0x01,,,
"Async Serial","data",11.7494252,9.5e-06,0x03,,,
"Async Serial","data",11.7494353,9.5e-06,0xFC,,,
"Async Serial","data",11.7494454,9.5e-06,0xB3,,,
"Async Serial [1]","data",11.851339,9.5e-06,0xB1,,,
"Async Serial [1]","data",11.851349,9.5e-06,0x04,,,
"Async Serial [1]","data",11.851359,9.5e-06,0x00,,,
"Async Serial [1]","data",11.851369,9.5e-06,0x00,,,
"Async Serial [1]","data",11.851379,9.5e-06,0xFC,,,
"Async Serial [1]","data",11.851389,9.5e-06,0xB3,,,
"Async Serial","data",11.8514312,9.5e-06,0xB2,,,
"Async Serial","data",11.8514413,9.5e-06,0x00,,,
"Async Serial","data",11.8514514,9.5e-06,0x01,,,
"Async Serial","data",11.8514615,9.5e-06,0x03,,,
"Async Serial","data",11.8514716,9.5e-06,0xFC,,,
"Async Serial","data",11.8514817,9.5e-06,0xB3,,,
"I2C","start",11.8695897,6.24999993e-08,,,,
"I2C","address",11.8695923,2.325e-05,,true,0x25,false
"I2C","stop",11.8696224,6.24999993e-08,,,,
"I2C","start",11.8696276,6.24999993e-08,,,,
"I2C","address",11.8696302,2.325e-05,,true,0x25,false
"I2C","data",11.8696589,2.31875e-05,0x00,true,,
"I2C","start",11.8696877,6.24999993e-08,,,,
"I2C","address",11.8696902,2.325e-05,,true,0x25,true
"I2C","data",11.8697238,2.325e-05,0xA5,true,,
"I2C","data",11.8697485,2.325e-05,0x03,false,,
"I2C","stop",11.8697747,6.24999993e-08,,,,
"I2C","start",11.8697804,6.24999993e-08,,,,
"I2C","address",11.8697829,2.325e-05,,true,0x25,false
"I2C","data",11.8698117,2.3125e-05,0x40,true,,
"I2C","start",11.8698404,6.24999993e-08,,,,
"I2C","address",11.8698431,2.325e-05,,true,0x25,true
"I2C","data",11.8698764,2.31875e-05,0x00,false,,
"I2C","stop",11.8699026,6.24999993e-08,,,,
"I2C","start",11.8699079,6.24999993e-08,,,,
"I2C","address",11.8699105,2.325e-05,,true,0x25,false
"I2C","data",11.8699392,2.325e-05,0x00,true,,
"I2C","start",11.869968,6.24999993e-08,,,,
"I2C","address",11.8699706,2.325e-05,,true,0x25,true
"I2C","data",11.8700041,2.31875e-05,0xA5,true,,
"I2C","data",11.8700288,2.325e-05,0x03,true,,
"I2C","data",11.8700535,2.33125e-05,0x00,true,,
"I2C","data",11.8700783,2.325e-05,0x00,true,,
"I2C","data",11.870103,2.325e-05,0x28,true,,
"I2C","data",11.8701277,2.325e-05,0xEF,true,,
"I2C","data",11.8701525,2.325e-05,0x5B,true,,
"I2C","data",11.8701772,2.325e-05,0x00,true,,
"I2C","data",11.8702019,2.325e-05,0x03,true,,
"I2C","data",11.8702267,2.325e-05,0x00,true,,
"I2C","data",11.8702514,2.325e-05,0x00,true,,
"I2C","data",11.8702761,2.325e-05,0x00,true,,
"I2C","data",11.8703009,2.325e-05,0x40,true,,
"I2C","data",11.8703256,2.325e-05,0x0D,true,,
"I2C","data",11.8703503,2.33125e-05,0x03,true,,
"I2C","data",11.8703751,2.325e-05,0x00,true,,
"I2C","data",11.8703998,2.325e-05,0x01,true,,
"I2C","data",11.8704246,2.325e-05,0x00,true,,
"I2C","data",11.8704493,2.325e-05,0x01,true,,
"I2C","data",11.870474,2.325e-05,0x00,true,,
"I2C","data",11.8704987,2.325e-05,0x80,true,,
"I2C","data",11.8705235,2.325e-05,0x8D,true,,
"I2C","data",11.8705483,2.325e-05,0x5B,true,,
"I2C","data",11.870573,2.31875e-05,0x00,true,,
"I2C","data",11.8705977,2.325e-05,0x20,true,,
"I2C","data",11.8706224,2.325e-05,0xBF,true,,
"I2C","data",11.8706472,2.325e-05,0x02,true,,
"I2C","data",11.8706719,2.325e-05,0x00,true,,
"I2C","data",11.8706966,2.325e-05,0x00,true,,
"I2C","data",11.8707214,2.325e-05,0x12,true,,
"I2C","data",11.8707461,2.325e-05,0x7A,true,,
"I2C","data",11.8707709,2.325e-05,0x00,true,,
"I2C","data",11.8707956,2.325e-05,0x60,true,,
"I2C","data",11.8708203,2.325e-05,0xE3,true,,
"I2C","data",11.8708451,2.325e-05,0x16,true,,
"I2C","data",11.8708698,2.325e-05,0x00,true,,
"I2C","data",11.8708946,2.325e-05,0x30,true,,
"I2C","data",11.8709193,2.325e-05,0x11,true,,
"I2C","data",11.870944,2.33125e-05,0x00,true,,
"I2C","data",11.8709687,2.325e-05,0x00,true,,
"I2C","data",11.8709935,2.325e-05,0xD0,true,,
"I2C","data",11.8710183,2.325e-05,0xEE,true,,
"I2C","data",11.871043,2.325e-05,0xFF,true,,
"I2C","data",11.8710677,2.325e-05,0xFF,true,,
"I2C","data",11.8710925,2.325e-05,0x20,true,,
"I2C","data",11.8711172,2.33125e-05,0x03,true,,
"I2C","data",11.8711419,2.325e-05,0xD0,true,,
"I2C","data",11.8711667,2.325e-05,0x07,true,,
"I2C","data",11.8711914,2.325e-05,0x64,true,,
"I2C","data",11.8712162,2.325e-05,0x00,true,,
"I2C","data",11.8712409,2.325e-05,0xF4,true,,
"I2C","data",11.8712656,2.33125e-05,0x01,true,,
"I2C","data",11.8712904,2.325e-05,0x00,true,,
"I2C","data",11.8713151,2.325e-05,0x00,true,,
"I2C","data",11.8713399,2.325e-05,0x00,true,,
"I2C","data",11.8713646,2.325e-05,0x00,true,,
"I2C","data",11.8713894,2.325e-05,0x00,true,,
"I2C","data",11.8714141,2.325e-05,0x00,true,,
"I2C","data",11.8714388,2.325e-05,0x00,true,,
"I2C","data",11.8714636,2.325e-05,0x00,true,,
"I2C","data",11.8714883,2.325e-05,0x00,true,,
"I2C","data",11.8715131,2.325e-05,0x00,true,,
"I2C","data",11.8715377,2.33125e-05,0x00,true,,
"I2C","data",11.8715625,2.325e-05,0x00,true,,
"I2C","data",11.8715872,2.325e-05,0x00,true,,
"I2C","data",11.871612,2.325e-05,0x00,true,,
"I2C","data",11.8716368,2.325e-05,0x00,true,,
"I2C","data",11.8716615,2.325e-05,0x00,true,,
"I2C","data",11.8716862,2.33125e-05,0x00,true,,
"I2C","data",11.8717109,2.325e-05,0x00,true,,
"I2C","data",11.8717357,2.325e-05,0x00,true,,
"I2C","data",11.8717604,2.325e-05,0x00,true,,
"I2C","data",11.8717852,2.325e-05,0x00,true,,
"I2C","data",11.8718099,2.325e-05,0x00,true,,
"I2C","data",11.8718346,2.325e-05,0x00,true,,
"I2C","data",11.8718594,2.325e-05,0x00,true,,
"I2C","data",11.8718841,2.325e-05,0x00,true,,
"I2C","data",11.8719088,2.33125e-05,0x00,true,,
"I2C","data",11.8719336,2.325e-05,0x00,true,,
"I2C","data",11.8719583,2.325e-05,0x00,true,,
"I2C","data",11.8719831,2.325e-05,0x00,true,,
"I2C","data",11.8720078,2.325e-05,0x00,true,,
"I2C","data",11.8720326,2.325e-05,0x00,true,,
"I2C","data",11.8720573,2.325e-05,0x00,true,,
"I2C","data",11.872082,2.325e-05,0x00,true,,
"I2C","data",11.8721068,2.325e-05,0x00,true,,
"I2C","data",11.8721315,2.325e-05,0x00,true,,
"I2C","data",11.8721562,2.325e-05,0x00,true,,
"I2C","data",11.872181,2.325e-05,0x00,true,,
"I2C","data",11.8722057,2.325e-05,0x00,true,,
"I2C","data",11.8722304,2.325e-05,0x00,true,,
"I2C","data",11.8722552,2.325e-05,0x00,true,,
"I2C","data",11.8722799,2.325e-05,0x00,true,,
"I2C","data",11.8723047,2.325e-05,0x00,true,,
"I2C","data",11.8723294,2.325e-05,0x00,true,,
"I2C","data",11.8723541,2.325e-05,0x00,false,,
"I2C","stop",11.8723804,6.24999993e-08,,,,
"I2C","start",11.8723857,6.24999993e-08,,,,
"I2C","address",11.8723884,2.325e-05,,true,0x25,false
"I2C","data",11.8724171,2.31875e-05,0x40,true,,
"I2C","start",11.8724458,6.25000011e-08,,,,
"I2C","address",11.8724484,2.325e-05,,true,0x25,true
"I2C","data",11.8724819,2.31875e-05,0x00,false,,
"I2C","stop",11.872508,6.24999993e-08,,,,
"Async Serial [1]","data",11.9533757,9.5e-06,0xB1,,,
"Async Serial [1]","data",11.9533858,9.5e-06,0x04,,,
"Async Serial [1]","data",11.9533958,9.5e-06,0x00,,,
"Async Serial [1]","data",11.9534057,9.5e-06,0x00,,,
"Async Serial [1]","data",11.9534157,9.5e-06,0xFC,,,
"Async Serial [1]","data",11.9534257,9.5e-06,0xB3,,,
"Async Serial","data",11.9534681,9.5e-06,0xB2,,,
"Async Serial","data",11.9534782,9.5e-06,0x00,,,
"Async Serial","data",11.9534882,9.5e-06,0x01,,,
"Async Serial","data",11.9534984,9.5e-06,0x03,,,
"Async Serial","data",11.9535085,9.5e-06,0xFC,,,
"Async Serial","data",11.9535186,9.5e-06,0xB3,,,
"Async Serial [1]","data",12.0554116,9.5e-06,0xB1,,,
"Async Serial [1]","data",12.0554216,9.5e-06,0x04,,,
"Async Serial [1]","data",12.0554316,9.5e-06,0x00,,,
"Async Serial [1]","data",12.0554416,9.5e-06,0x00,,,
"Async Serial [1]","data",12.0554516,9.5e-06,0xFC,,,
"Async Serial [1]","data",12.0554616,9.5e-06,0xB3,,,
"Async Serial","data",12.0555018,9.5e-06,0xB2,,,
"Async Serial","data",12.0555119,9.5e-06,0x00,,,
"Async Serial","data",12.055522,9.5e-06,0x01,,,
"Async Serial","data",12.0555321,9.5e-06,0x03,,,
"Async Serial","data",12.0555423,9.5e-06,0xFC,,,
"Async Serial","data",12.0555524,9.5e-06,0xB3,,,
"Async Serial [1]","data",12.1654417,9.5e-06,0xB1,,,
"Async Serial [1]","data",12.1654517,9.5e-06,0x04,,,
"Async Serial [1]","data",12.1654617,9.5e-06,0x00,,,
"Async Serial [1]","data",12.1654717,9.5e-06,0x00,,,
"Async Serial [1]","data",12.1654817,9.5e-06,0xFC,,,
"Async Serial [1]","data",12.1654917,9.5e-06,0xB3,,,
"Async Serial","data",12.1655379,9.5e-06,0xB2,,,
"Async Serial","data",12.165548,9.5e-06,0x00,,,
"Async Serial","data",12.1655581,9.5e-06,0x01,,,
"Async Serial","data",12.1655682,9.5e-06,0x03,,,
"Async Serial","data",12.1655783,9.5e-06,0xFC,,,
"Async Serial","data",12.1655884,9.5e-06,0xB3,,,
"I2C","start",12.1704193,6.24999993e-08,,,,
"I2C","address",12.1704218,2.325e-05,,true,0x25,false
"I2C","stop",12.1704521,6.24999993e-08,,,,
"I2C","start",12.1704571,6.24999993e-08,,,,
"I2C","address",12.1704597,2.325e-05,,true,0x25,false
"I2C","data",12.1704884,2.31875e-05,0x00,true,,
"I2C","start",12.1705172,6.24999993e-08,,,,
"I2C","address",12.1705198,2.325e-05,,true,0x25,true
"I2C","data",12.1705532,2.3125e-05,0xA5,true,,
"I2C","data",12.1705779,2.325e-05,0x03,false,,
"I2C","stop",12.1706041,6.24999993e-08,,,,
"I2C","start",12.1706099,6.24999993e-08,,,,
"I2C","address",12.1706125,2.325e-05,,true,0x25,false
"I2C","data",12.1706412,2.325e-05,0x40,true,,
"I2C","start",12.1706699,6.25000011e-08,,,,
"I2C","address",12.1706726,2.325e-05,,true,0x25,true
"I2C","data",12.170706,2.31875e-05,0x00,false,,
"I2C","stop",12.1707321,6.24999993e-08,,,,
"I2C","start",12.1707374,6.24999993e-08,,,,
"I2C","address",12.17074,2.325e-05,,true,0x25,false
"I2C","data",12.1707688,2.31875e-05,0x00,true,,
"I2C","start",12.1707975,6.24999993e-08,,,,
"I2C","address",12.1708001,2.325e-05,,true,0x25,true
"I2C","data",12.1708336,2.31875e-05,0xA5,true,,
"I2C","data",12.1708582,2.33125e-05,0x03,true,,
"I2C","data",12.1708829,2.325e-05,0x00,true,,
"I2C","data",12.1709077,2.325e-05,0x00,true,,
"I2C","data",12.1709324,2.325e-05,0x28,true,,
"I2C","data",12.1709572,2.325e-05,0xEF,true,,
"I2C","data",12.1709819,2.325e-05,0x5B,true,,
"I2C","data",12.1710066,2.325e-05,0x00,true,,
"I2C","data",12.1710314,2.325e-05,0x03,true,,
"I2C","data",12.1710561,2.325e-05,0x00,true,,
"I2C","data",12.1710809,2.325e-05,0x00,true,,
"I2C","data",12.1711056,2.325e-05,0x00,true,,
"I2C","data",12.1711303,2.325e-05,0x40,true,,
"I2C","data",12.1711551,2.325e-05,0x0D,true,,
"I2C","data",12.1711798,2.325e-05,0x03,true,,
"I2C","data",12.1712045,2.325e-05,0x00,true,,
"I2C","data",12.1712292,2.325e-05,0x01,true,,
"I2C","data",12.171254,2.325e-05,0x00,true,,
"I2C","data",12.1712788,2.325e-05,0x01,true,,
"I2C","data",12.1713035,2.325e-05,0x00,true,,
"I2C","data",12.1713282,2.325e-05,0x80,true,,
"I2C","data",12.1713529,2.325e-05,0x8D,true,,
"I2C","data",12.1713777,2.325e-05,0x5B,true,,
"I2C","data",12.1714024,2.325e-05,0x00,true,,
"I2C","data",12.1714271,2.325e-05,0x20,true,,
"I2C","data",12.1714519,2.325e-05,0xBF,true,,
"I2C","data",12.1714766,2.325e-05,0x02,true,,
"I2C","data",12.1715014,2.325e-05,0x00,true,,
"I2C","data",12.1715261,2.33125e-05,0x00,true,,
"I2C","data",12.1715508,2.325e-05,0x12,true,,
"I2C","data",12.1715756,2.325e-05,0x7A,true,,
"I2C","data",12.1716003,2.325e-05,0x00,true,,
"I2C","data",12.1716251,2.325e-05,0x60,true,,
"I2C","data",12.1716498,2.325e-05,0xE3,true,,
"I2C","data",12.1716745,2.325e-05,0x16,true,,
"I2C","data",12.1716992,2.325e-05,0x00,true,,
"I2C","data",12.171724,2.325e-05,0x30,true,,
"I2C","data",12.1717487,2.325e-05,0x11,true,,
"I2C","data",12.1717734,2.325e-05,0x00,true,,
"I2C","data",12.1717982,2.325e-05,0x00,true,,
"I2C","data",12.1718229,2.33125e-05,0xD0,true,,
"I2C","data",12.1718476,2.325e-05,0xEE,true,,
"I2C","data",12.1718724,2.325e-05,0xFF,true,,
"I2C","data",12.1718971,2.325e-05,0xFF,true,,
"I2C","data",12.1719219,2.325e-05,0x20,true,,
"I2C","data",12.1719466,2.325e-05,0x03,true,,
"I2C","data",12.1719713,2.325e-05,0xD0,true,,
"I2C","data",12.1719961,2.325e-05,0x07,true,,
"I2C","data",12.1720208,2.325e-05,0x64,true,,
"I2C","data",12.1720455,2.325e-05,0x00,true,,
"I2C","data",12.1720703,2.325e-05,0xF4,true,,
"I2C","data",12.172095,2.325e-05,0x01,true,,
"I2C","data",12.1721198,2.325e-05,0x00,true,,
"I2C","data",12.1721445,2.325e-05,0x00,true,,
"I2C","data",12.1721692,2.325e-05,0x00,true,,
"I2C","data",12.1721939,2.325e-05,0x00,true,,
"I2C","data",12.1722187,2.325e-05,0x00,true,,
"I2C","data",12.1722434,2.325e-05,0x00,true,,
"I2C","data",12.1722682,2.325e-05,0x00,true,,
"I2C","data",12.1722929,2.325e-05,0x00,true,,
"I2C","data",12.1723176,2.325e-05,0x00,true,,
"I2C","data",12.1723424,2.325e-05,0x00,true,,
"I2C","data",12.1723671,2.325e-05,0x00,true,,
"I2C","data",12.1723918,2.325e-05,0x00,true,,
"I2C","data",12.1724166,2.325e-05,0x00,true,,
"I2C","data",12.1724413,2.325e-05,0x00,true,,
"I2C","data",12.172466,2.33125e-05,0x00,true,,
"I2C","data",12.1724907,2.325e-05,0x00,true,,
"I2C","data",12.1725155,2.325e-05,0x00,true,,
"I2C","data",12.1725403,2.325e-05,0x00,true,,
"I2C","data",12.172565,2.325e-05,0x00,true,,
"I2C","data",12.1725897,2.325e-05,0x00,true,,
"I2C","data",12.1726144,2.325e-05,0x00,true,,
"I2C","data",12.1726392,2.325e-05,0x00,true,,
"I2C","data",12.1726639,2.325e-05,0x00,true,,
"I2C","data",12.1726886,2.33125e-05,0x00,true,,
"I2C","data",12.1727134,2.325e-05,0x00,true,,
"I2C","data",12.1727381,2.325e-05,0x00,true,,
"I2C","data",12.1727629,2.325e-05,0x00,true,,
"I2C","data",12.1727876,2.325e-05,0x00,true,,
"I2C","data",12.1728123,2.325e-05,0x00,true,,
"I2C","data",12.1728371,2.325e-05,0x00,true,,
"I2C","data",12.1728618,2.325e-05,0x00,true,,
"I2C","data",12.1728866,2.325e-05,0x00,true,,
"I2C","data",12.1729113,2.325e-05,0x00,true,,
"I2C","data",12.172936,2.325e-05,0x00,true,,
"I2C","data",12.1729607,2.325e-05,0x00,true,,
"I2C","data",12.1729855,2.325e-05,0x00,true,,
"I2C","data",12.1730103,2.325e-05,0x00,true,,
"I2C","data",12.1730349,2.325e-05,0x00,true,,
"I2C","data",12.1730597,2.325e-05,0x00,true,,
"I2C","data",12.1730844,2.325e-05,0x00,true,,
"I2C","data",12.1731092,2.325e-05,0x00,true,,
"I2C","data",12.1731339,2.325e-05,0x00,true,,
"I2C","data",12.1731586,2.325e-05,0x00,true,,
"I2C","data",12.1731834,2.325e-05,0x00,false,,
"I2C","stop",12.1732096,6.24999993e-08,,,,
"I2C","start",12.1732151,6.24999993e-08,,,,
"I2C","address",12.1732177,2.33125e-05,,true,0x25,false
"I2C","data",12.1732465,2.31875e-05,0x40,true,,
"I2C","start",12.1732752,6.24999993e-08,,,,
"I2C","address",12.1732778,2.325e-05,,true,0x25,true
"I2C","data",12.1733113,2.325e-05,0x00,false,,
"I2C","stop",12.1733375,6.24999993e-08,,,,
"Async Serial [1]","data",12.2674784,9.5e-06,0xB1,,,
"Async Serial [1]","data",12.2674884,9.5e-06,0x04,,,
"Async Serial [1]","data",12.2674984,9.5e-06,0x00,,,
"Async Serial [1]","data",12.2675084,9.5e-06,0x00,,,
"Async Serial [1]","data",12.2675184,9.5e-06,0xFC,,,
"Async Serial [1]","data",12.2675284,9.5e-06,0xB3,,,
"Async Serial","data",12.2675706,9.5e-06,0xB2,,,
"Async Serial","data",12.2675808,9.5e-06,0x00,,,
"Async Serial","data",12.2675909,9.5e-06,0x01,,,
"Async Serial","data",12.2676009,9.5e-06,0x03,,,
"Async Serial","data",12.2676111,9.5e-06,0xFC,,,
"Async Serial","data",12.2676212,9.5e-06,0xB3,,,
"Async Serial [1]","data",12.3695152,9.5e-06,0xB1,,,
"Async Serial [1]","data",12.3695253,9.5e-06,0x04,,,
"Async Serial [1]","data",12.3695353,9.5e-06,0x00,,,
"Async Serial [1]","data",12.3695452,9.5e-06,0x00,,,
"Async Serial [1]","data",12.3695552,9.5e-06,0xFC,,,
"Async Serial [1]","data",12.3695653,9.5e-06,0xB3,,,
"Async Serial","data",12.3696084,9.5e-06,0xB2,,,
"Async Serial","data",12.3696185,9.5e-06,0x00,,,
"Async Serial","data",12.3696286,9.5e-06,0x01,,,
"Async Serial","data",12.3696388,9.5e-06,0x03,,,
"Async Serial","data",12.3696489,9.5e-06,0xFC,,,
"Async Serial","data",12.3696589,9.5e-06,0xB3,,,
"I2C","start",12.4712555,6.25000011e-08,,,,
"I2C","address",12.4712581,2.325e-05,,true,0x25,false
"I2C","stop",12.4712883,6.24999993e-08,,,,
"I2C","start",12.4712934,6.25000011e-08,,,,
"I2C","address",12.471296,2.325e-05,,true,0x25,false
"I2C","data",12.4713248,2.325e-05,0x00,true,,
"I2C","start",12.4713535,6.24999993e-08,,,,
"I2C","address",12.4713561,2.325e-05,,true,0x25,true
"I2C","data",12.4713896,2.325e-05,0xA5,true,,
"I2C","data",12.4714143,2.325e-05,0x03,false,,
"I2C","stop",12.4714406,6.24999993e-08,,,,
"I2C","start",12.4714462,6.24999993e-08,,,,
"I2C","address",12.4714488,2.325e-05,,true,0x25,false
"I2C","data",12.4714775,2.3125e-05,0x40,true,,
"I2C","start",12.4715062,6.2500003e-08,,,,
"I2C","address",12.4715089,2.325e-05,,true,0x25,true
"I2C","data",12.4715424,2.325e-05,0x00,false,,
"Async Serial [1]","data",12.471552,9.5e-06,0xB1,,,
"Async Serial [1]","data",12.471562,9.5e-06,0x04,,,
"I2C","stop",12.4715686,6.24999993e-08,,,,
"Async Serial [1]","data",12.471572,9.5e-06,0x00,,,
"I2C","start",12.4715737,6.25000011e-08,,,,
"I2C","address",12.4715764,2.325e-05,,true,0x25,false
"Async Serial [1]","data",12.471582,9.5e-06,0x00,,,
"Async Serial [1]","data",12.471592,9.5e-06,0xFC,,,
"Async Serial [1]","data",12.471602,9.5e-06,0xB3,,,
"I2C","data",12.4716212,2.325e-05,0x00,true,,
"I2C","start",12.4716494,6.24999993e-08,,,,
"I2C","address",12.4716521,2.325e-05,,true,0x25,true
"Async Serial","data",12.471665,9.5e-06,0xB2,,,
"Async Serial","data",12.4716751,9.5e-06,0x00,,,
"Async Serial","data",12.4716853,9.5e-06,0x01,,,
"I2C","data",12.4716855,2.31875e-05,0xA5,true,,
"Async Serial","data",12.4717004,9.5e-06,0x03,,,
"I2C","data",12.4717101,2.325e-05,0x03,true,,
"Async Serial","data",12.4717277,9.5e-06,0xFC,,,
"I2C","data",12.4717349,2.325e-05,0x00,true,,
"Async Serial","data",12.4717378,9.5e-06,0xB3,,,
"I2C","data",12.4717596,2.325e-05,0x00,true,,
"I2C","data",12.4717844,2.325e-05,0x28,true,,
"I2C","data",12.4718091,2.33125e-05,0xEF,true,,
"I2C","data",12.4718338,2.325e-05,0x5B,true,,
"I2C","data",12.4718586,2.325e-05,0x00,true,,
"I2C","data",12.4718833,2.325e-05,0x03,true,,
"I2C","data",12.4719081,2.325e-05,0x00,true,,
"I2C","data",12.4719328,2.325e-05,0x00,true,,
"I2C","data",12.4719575,2.325e-05,0x00,true,,
"I2C","data",12.4719822,2.325e-05,0x40,true,,
"I2C","data",12.472007,2.325e-05,0x0D,true,,
"I2C","data",12.4720317,2.325e-05,0x03,true,,
"I2C","data",12.4720564,2.325e-05,0x00,true,,
"I2C","data",12.4720812,2.325e-05,0x01,true,,
"I2C","data",12.4721059,2.325e-05,0x00,true,,
"I2C","data",12.4721307,2.325e-05,0x01,true,,
"I2C","data",12.4721554,2.325e-05,0x00,true,,
"I2C","data",12.4721801,2.325e-05,0x80,true,,
"I2C","data",12.4722049,2.325e-05,0x8D,true,,
"I2C","data",12.4722296,2.325e-05,0x5B,true,,
"I2C","data",12.4722544,2.325e-05,0x00,true,,
"I2C","data",12.4722791,2.325e-05,0x20,true,,
"I2C","data",12.4723038,2.33125e-05,0xBF,true,,
"I2C","data",12.4723286,2.325e-05,0x02,true,,
"I2C","data",12.4723533,2.325e-05,0x00,true,,
"I2C","data",12.4723781,2.325e-05,0x00,true,,
"I2C","data",12.4724028,2.325e-05,0x12,true,,
"I2C","data",12.4724276,2.325e-05,0x7A,true,,
"I2C","data",12.4724522,2.33125e-05,0x00,true,,
"I2C","data",12.472477,2.325e-05,0x60,true,,
"I2C","data",12.4725017,2.325e-05,0xE3,true,,
"I2C","data",12.4725265,2.325e-05,0x16,true,,
"I2C","data",12.4725513,2.325e-05,0x00,true,,
"I2C","data",12.4725759,2.33125e-05,0x30,true,,
"I2C","data",12.4726007,2.325e-05,0x11,true,,
"I2C","data",12.4726254,2.325e-05,0x00,true,,
"I2C","data",12.4726502,2.325e-05,0x00,true,,
"I2C","data",12.4726749,2.325e-05,0xD0,true,,
"I2C","data",12.4726996,2.33125e-05,0xEE,true,,
"I2C","data",12.4727244,2.325e-05,0xFF,true,,
"I2C","data",12.4727491,2.325e-05,0xFF,true,,
"I2C","data",12.4727739,2.325e-05,0x20,true,,
"I2C","data",12.4727986,2.325e-05,0x03,true,,
"I2C","data",12.4728233,2.33125e-05,0xD0,true,,
"I2C","data",12.4728481,2.325e-05,0x07,true,,
"I2C","data",12.4728728,2.325e-05,0x64,true,,
"I2C","data",12.4728976,2.325e-05,0x00,true,,
"I2C","data",12.4729223,2.325e-05,0xF4,true,,
"I2C","data",12.472947,2.325e-05,0x01,true,,
"I2C","data",12.4729717,2.325e-05,0x00,true,,
"I2C","data",12.4729965,2.325e-05,0x00,true,,
"I2C","data",12.4730213,2.325e-05,0x00,true,,
"I2C","data",12.473046,2.325e-05,0x00,true,,
"I2C","data",12.4730707,2.33125e-05,0x00,true,,
"I2C","data",12.4730954,2.325e-05,0x00,true,,
"I2C","data",12.4731202,2.325e-05,0x00,true,,
"I2C","data",12.4731449,2.325e-05,0x00,true,,
"I2C","data",12.4731697,2.325e-05,0x00,true,,
"I2C","data",12.4731944,2.325e-05,0x00,true,,
"I2C","data",12.4732191,2.325e-05,0x00,true,,
"I2C","data",12.4732439,2.325e-05,0x00,true,,
"I2C","data",12.4732686,2.325e-05,0x00,true,,
"I2C","data",12.4732933,2.325e-05,0x00,true,,
"I2C","data",12.4733181,2.325e-05,0x00,true,,
"I2C","data",12.4733428,2.325e-05,0x00,true,,
"I2C","data",12.4733676,2.325e-05,0x00,true,,
"I2C","data",12.4733922,2.33125e-05,0x00,true,,
"I2C","data",12.473417,2.325e-05,0x00,true,,
"I2C","data",12.4734417,2.325e-05,0x00,true,,
"I2C","data",12.4734665,2.325e-05,0x00,true,,
"I2C","data",12.4734913,2.325e-05,0x00,true,,
"I2C","data",12.4735159,2.325e-05,0x00,true,,
"I2C","data",12.4735407,2.325e-05,0x00,true,,
"I2C","data",12.4735654,2.325e-05,0x00,true,,
"I2C","data",12.4735902,2.325e-05,0x00,true,,
"I2C","data",12.4736149,2.325e-05,0x00,true,,
"I2C","data",12.4736396,2.325e-05,0x00,true,,
"I2C","data",12.4736644,2.325e-05,0x00,true,,
"I2C","data",12.4736891,2.325e-05,0x00,true,,
"I2C","data",12.4737139,2.325e-05,0x00,true,,
"I2C","data",12.4737386,2.325e-05,0x00,true,,
"I2C","data",12.4737633,2.325e-05,0x00,true,,
"I2C","data",12.4737881,2.325e-05,0x00,true,,
"I2C","data",12.4738128,2.325e-05,0x00,true,,
"I2C","data",12.4738376,2.325e-05,0x00,true,,
"I2C","data",12.4738622,2.325e-05,0x00,true,,
"I2C","data",12.473887,2.325e-05,0x00,true,,
"I2C","data",12.4739117,2.325e-05,0x00,true,,
"I2C","data",12.4739365,2.325e-05,0x00,true,,
"I2C","data",12.4739613,2.325e-05,0x00,true,,
"I2C","data",12.4739859,2.325e-05,0x00,true,,
"I2C","data",12.4740107,2.325e-05,0x00,true,,
"I2C","data",12.4740354,2.325e-05,0x00,false,,
"I2C","stop",12.4740617,6.24999993e-08,,,,
"I2C","start",12.4740673,6.24999993e-08,,,,
"I2C","address",12.4740699,2.325e-05,,true,0x25,false
"I2C","data",12.4740986,2.3125e-05,0x40,true,,
"I2C","start",12.4741274,6.24999993e-08,,,,
"I2C","address",12.47413,2.325e-05,,true,0x25,true
"I2C","data",12.4741634,2.31875e-05,0x00,false,,
"I2C","stop",12.4741896,6.24999993e-08,,,,
"Async Serial [1]","data",12.5815821,9.5e-06,0xB1,,,
"Async Serial [1]","data",12.5815921,9.5e-06,0x04,,,
"Async Serial [1]","data",12.5816021,9.5e-06,0x00,,,
"Async Serial [1]","data",12.5816121,9.5e-06,0x00,,,
"Async Serial [1]","data",12.5816221,9.5e-06,0xFC,,,
"Async Serial [1]","data",12.5816321,9.5e-06,0xB3,,,
"Async Serial","data",12.5816752,9.5e-06,0xB2,,,
"Async Serial","data",12.5816854,9.5e-06,0x00,,,
"Async Serial","data",12.5816955,9.5e-06,0x01,,,
"Async Serial","data",12.5817056,9.5e-06,0x03,,,
"Async Serial","data",12.5817157,9.5e-06,0xFC,,,
"Async Serial","data",12.5817258,9.5e-06,0xB3,,,
"Async Serial [1]","data",12.6836189,9.5e-06,0xB1,,,
"Async Serial [1]","data",12.6836289,9.5e-06,0x04,,,
"Async Serial [1]","data",12.6836389,9.5e-06,0x00,,,
"Async Serial [1]","data",12.6836489,9.5e-06,0x00,,,
"Async Serial [1]","data",12.6836589,9.5e-06,0xFC,,,
"Async Serial [1]","data",12.6836689,9.5e-06,0xB3,,,
"Async Serial","data",12.6837127,9.5e-06,0xB2,,,
"Async Serial","data",12.6837229,9.5e-06,0x00,,,
"Async Serial","data",12.683733,9.5e-06,0x01,,,
"Async Serial","data",12.6837431,9.5e-06,0x03,,,
"Async Serial","data",12.6837532,9.5e-06,0xFC,,,
"Async Serial","data",12.6837633,9.5e-06,0xB3,,,
"I2C","start",12.7720752,6.24999993e-08,,,,
"I2C","address",12.7720778,2.325e-05,,true,0x25,false
"I2C","stop",12.7721081,6.25000011e-08,,,,
"I2C","start",12.7721129,6.24999993e-08,,,,
"I2C","address",12.7721156,2.325e-05,,true,0x25,false
"I2C","data",12.7721443,2.3125e-05,0x00,true,,
"I2C","start",12.7721731,6.25000011e-08,,,,
"I2C","address",12.7721758,2.325e-05,,true,0x25,true
"I2C","data",12.7722092,2.31875e-05,0xA5,true,,
"I2C","data",12.7722339,2.325e-05,0x03,false,,
"I2C","stop",12.7722602,6.25000011e-08,,,,
"I2C","start",12.7722659,6.24999993e-08,,,,
"I2C","address",12.7722686,2.325e-05,,true,0x25,false
"I2C","data",12.7722972,2.325e-05,0x40,true,,
"I2C","start",12.772326,6.25000011e-08,,,,
"I2C","address",12.7723286,2.325e-05,,true,0x25,true
"I2C","data",12.7723621,2.3125e-05,0x00,false,,
"I2C","stop",12.7723882,6.24999993e-08,,,,
"I2C","start",12.7723934,6.25000011e-08,,,,
"I2C","address",12.7723961,2.325e-05,,true,0x25,false
"I2C","data",12.7724249,2.33125e-05,0x00,true,,
"I2C","start",12.7724536,6.24999993e-08,,,,
"I2C","address",12.7724561,2.325e-05,,true,0x25,true
"I2C","data",12.7724896,2.325e-05,0xA5,true,,
"I2C","data",12.7725144,2.325e-05,0x03,true,,
"I2C","data",12.7725391,2.325e-05,0x00,true,,
"I2C","data",12.7725638,2.325e-05,0x00,true,,
"I2C","data",12.7725886,2.325e-05,0x28,true,,
"I2C","data",12.7726133,2.325e-05,0xEF,true,,
"I2C","data",12.772638,2.325e-05,0x5B,true,,
"I2C","data",12.7726628,2.325e-05,0x00,true,,
"I2C","data",12.7726875,2.325e-05,0x03,true,,
"I2C","data",12.7727122,2.325e-05,0x00,true,,
"I2C","data",12.7727369,2.325e-05,0x00,true,,
"I2C","data",12.7727617,2.325e-05,0x00,true,,
"I2C","data",12.7727864,2.325e-05,0x40,true,,
"I2C","data",12.7728111,2.325e-05,0x0D,true,,
"I2C","data",12.7728359,2.325e-05,0x03,true,,
"I2C","data",12.7728606,2.325e-05,0x00,true,,
"I2C","data",12.7728853,2.325e-05,0x01,true,,
"I2C","data",12.7729101,2.325e-05,0x00,true,,
"I2C","data",12.7729348,2.325e-05,0x01,true,,
"I2C","data",12.7729595,2.325e-05,0x00,true,,
"I2C","data",12.7729843,2.325e-05,0x80,true,,
"I2C","data",12.773009,2.325e-05,0x8D,true,,
"I2C","data",12.7730337,2.325e-05,0x5B,true,,
"I2C","data",12.7730584,2.325e-05,0x00,true,,
"I2C","data",12.7730832,2.325e-05,0x20,true,,
"I2C","data",12.7731079,2.325e-05,0xBF,true,,
"I2C","data",12.7731326,2.325e-05,0x02,true,,
"I2C","data",12.7731574,2.325e-05,0x00,true,,
"I2C","data",12.7731821,2.325e-05,0x00,true,,
"I2C","data",12.7732069,2.325e-05,0x12,true,,
"I2C","data",12.7732316,2.325e-05,0x7A,true,,
"I2C","data",12.7732563,2.325e-05,0x00,true,,
"I2C","data",12.7732811,2.325e-05,0x60,true,,
"I2C","data",12.7733058,2.33125e-05,0xE3,true,,
"I2C","data",12.7733305,2.325e-05,0x16,true,,
"I2C","data",12.7733552,2.325e-05,0x00,true,,
"I2C","data",12.77338,2.325e-05,0x30,true,,
"I2C","data",12.7734047,2.325e-05,0x11,true,,
"I2C","data",12.7734294,2.325e-05,0x00,true,,
"I2C","data",12.7734542,2.325e-05,0x00,true,,
"I2C","data",12.7734789,2.33125e-05,0xD0,true,,
"I2C","data",12.7735036,2.325e-05,0xEE,true,,
"I2C","data",12.7735284,2.325e-05,0xFF,true,,
"I2C","data",12.7735531,2.325e-05,0xFF,true,,
"I2C","data",12.7735778,2.33125e-05,0x20,true,,
"I2C","data",12.7736026,2.325e-05,0x03,true,,
"I2C","data",12.7736273,2.325e-05,0xD0,true,,
"I2C","data",12.7736521,2.325e-05,0x07,true,,
"I2C","data",12.7736767,2.325e-05,0x64,true,,
"I2C","data",12.7737015,2.325e-05,0x00,true,,
"I2C","data",12.7737262,2.325e-05,0xF4,true,,
"I2C","data",12.773751,2.325e-05,0x01,true,,
"I2C","data",12.7737757,2.325e-05,0x00,true,,
"I2C","data",12.7738004,2.325e-05,0x00,true,,
"I2C","data",12.7738252,2.325e-05,0x00,true,,
"I2C","data",12.7738499,2.325e-05,0x00,true,,
"I2C","data",12.7738746,2.325e-05,0x00,true,,
"I2C","data",12.7738994,2.325e-05,0x00,true,,
"I2C","data",12.7739241,2.325e-05,0x00,true,,
"I2C","data",12.7739488,2.325e-05,0x00,true,,
"I2C","data",12.7739736,2.325e-05,0x00,true,,
"I2C","data",12.7739982,2.33125e-05,0x00,true,,
"I2C","data",12.774023,2.325e-05,0x00,true,,
"I2C","data",12.7740477,2.325e-05,0x00,true,,
"I2C","data",12.7740725,2.325e-05,0x00,true,,
"I2C","data",12.7740972,2.33125e-05,0x00,true,,
"I2C","data",12.7741219,2.325e-05,0x00,true,,
"I2C","data",12.7741467,2.325e-05,0x00,true,,
"I2C","data",12.7741714,2.325e-05,0x00,true,,
"I2C","data",12.7741961,2.325e-05,0x00,true,,
"I2C","data",12.7742209,2.325e-05,0x00,true,,
"I2C","data",12.7742456,2.325e-05,0x00,true,,
"I2C","data",12.7742703,2.33125e-05,0x00,true,,
"I2C","data",12.7742951,2.325e-05,0x00,true,,
"I2C","data",12.7743198,2.325e-05,0x00,true,,
"I2C","data",12.7743446,2.31875e-05,0x00,true,,
"I2C","data",12.7743692,2.325e-05,0x00,true,,
"I2C","data",12.774394,2.325e-05,0x00,true,,
"I2C","data",12.7744188,2.325e-05,0x00,true,,
"I2C","data",12.7744434,2.325e-05,0x00,true,,
"I2C","data",12.7744682,2.325e-05,0x00,true,,
"I2C","data",12.7744929,2.325e-05,0x00,true,,
"I2C","data",12.7745177,2.325e-05,0x00,true,,
"I2C","data",12.7745424,2.325e-05,0x00,true,,
"I2C","data",12.7745671,2.325e-05,0x00,true,,
"I2C","data",12.7745919,2.325e-05,0x00,true,,
"I2C","data",12.7746166,2.325e-05,0x00,true,,
"I2C","data",12.7746413,2.325e-05,0x00,true,,
"I2C","data",12.7746661,2.325e-05,0x00,true,,
"I2C","data",12.7746908,2.325e-05,0x00,true,,
"I2C","data",12.7747155,2.325e-05,0x00,true,,
"I2C","data",12.7747403,2.325e-05,0x00,true,,
"I2C","data",12.774765,2.325e-05,0x00,true,,
"I2C","data",12.7747897,2.325e-05,0x00,true,,
"I2C","data",12.7748144,2.325e-05,0x00,true,,
"I2C","data",12.7748392,2.325e-05,0x00,false,,
"I2C","stop",12.7748654,6.24999993e-08,,,,
"I2C","start",12.7748707,6.24999993e-08,,,,
"I2C","address",12.7748733,2.325e-05,,true,0x25,false
"I2C","data",12.774902,2.3125e-05,0x40,true,,
"I2C","start",12.7749309,6.25000011e-08,,,,
"I2C","address",12.7749335,2.325e-05,,true,0x25,true
"I2C","data",12.774967,2.325e-05,0x00,false,,
"I2C","stop",12.7749932,6.24999993e-08,,,,
"Async Serial [1]","data",12.7856557,9.5e-06,0xB1,,,
"Async Serial [1]","data",12.7856657,9.5e-06,0x04,,,
"Async Serial [1]","data",12.7856757,9.5e-06,0x00,,,
"Async Serial [1]","data",12.7856857,9.5e-06,0x00,,,
"Async Serial [1]","data",12.7856957,9.5e-06,0xFC,,,
"Async Serial [1]","data",12.7857057,9.5e-06,0xB3,,,
"Async Serial","data",12.7857484,9.5e-06,0xB2,,,
"Async Serial","data",12.7857585,9.5e-06,0x00,,,
"Async Serial","data",12.7857686,9.5e-06,0x01,,,
"Async Serial","data",12.7857788,9.5e-06,0x03,,,
"Async Serial","data",12.7857889,9.5e-06,0xFC,,,
"Async Serial","data",12.785799,9.5e-06,0xB3,,,
"Async Serial [1]","data",12.8876915,9.5e-06,0xB1,,,
"Async Serial [1]","data",12.8877015,9.5e-06,0x04,,,
"Async Serial [1]","data",12.8877115,9.5e-06,0x00,,,
"Async Serial [1]","data",12.8877215,9.5e-06,0x00,,,
"Async Serial [1]","data",12.8877315,9.5e-06,0xFC,,,
"Async Serial [1]","data",12.8877415,9.5e-06,0xB3,,,
"Async Serial","data",12.8877871,9.5e-06,0xB2,,,
"Async Serial","data",12.8877973,9.5e-06,0x00,,,
"Async Serial","data",12.8878074,9.5e-06,0x01,,,
"Async Serial","data",12.8878174,9.5e-06,0x03,,,
"Async Serial","data",12.8878276,9.5e-06,0xFC,,,
"Async Serial","data",12.8878377,9.5e-06,0xB3,,,
"Async Serial [1]","data",12.9977216,9.5e-06,0xB1,,,
"Async Serial [1]","data",12.9977316,9.5e-06,0x04,,,
"Async Serial [1]","data",12.9977416,9.5e-06,0x00,,,
"Async Serial [1]","data",12.9977516,9.5e-06,0x00,,,
"Async Serial [1]","data",12.9977616,9.5e-06,0xFC,,,
"Async Serial [1]","data",12.9977716,9.5e-06,0xB3,,,
"Async Serial","data",12.997814,9.5e-06,0xB2,,,
"Async Serial","data",12.9978241,9.5e-06,0x00,,,
"Async Serial","data",12.9978343,9.5e-06,0x01,,,
"Async Serial","data",12.9978443,9.5e-06,0x03,,,
"Async Serial","data",12.9978544,9.5e-06,0xFC,,,
"Async Serial","data",12.9978646,9.5e-06,0xB3,,,
"I2C","start",13.0728871,6.24999993e-08,,,,
"I2C","address",13.0728897,2.325e-05,,true,0x25,false
"I2C","stop",13.0729198,6.24999993e-08,,,,
"I2C","start",13.072925,6.25000011e-08,,,,
"I2C","address",13.0729276,2.325e-05,,true,0x25,false
"I2C","data",13.0729564,2.31875e-05,0x00,true,,
"I2C","start",13.0729851,6.25000011e-08,,,,
"I2C","address",13.0729877,2.325e-05,,true,0x25,true
"I2C","data",13.0730211,2.31875e-05,0xA5,true,,
"I2C","data",13.0730458,2.325e-05,0x03,false,,
"I2C","stop",13.073072,6.24999993e-08,,,,
"I2C","start",13.0730779,6.25000011e-08,,,,
"I2C","address",13.0730805,2.325e-05,,true,0x25,false
"I2C","data",13.0731092,2.31875e-05,0x40,true,,
"I2C","start",13.0731379,6.24999993e-08,,,,
"I2C","address",13.0731404,2.325e-05,,true,0x25,true
"I2C","data",13.0731739,2.325e-05,0x00,false,,
"I2C","stop",13.0732002,6.25000011e-08,,,,
"I2C","start",13.0732054,6.24999993e-08,,,,
"I2C","address",13.0732081,2.325e-05,,true,0x25,false
"I2C","data",13.0732367,2.31875e-05,0x00,true,,
"I2C","start",13.0732656,6.25000011e-08,,,,
"I2C","address",13.0732681,2.325e-05,,true,0x25,true
"I2C","data",13.0733016,2.3125e-05,0xA5,true,,
"I2C","data",13.0733262,2.325e-05,0x03,true,,
"I2C","data",13.073351,2.325e-05,0x00,true,,
"I2C","data",13.0733757,2.325e-05,0x00,true,,
"I2C","data",13.0734004,2.325e-05,0x28,true,,
"I2C","data",13.0734252,2.325e-05,0xEF,true,,
"I2C","data",13.0734499,2.325e-05,0x5B,true,,
"I2C","data",13.0734746,2.325e-05,0x00,true,,
"I2C","data",13.0734994,2.325e-05,0x03,true,,
"I2C","data",13.0735241,2.325e-05,0x00,true,,
"I2C","data",13.0735489,2.325e-05,0x00,true,,
"I2C","data",13.0735736,2.325e-05,0x00,true,,
"I2C","data",13.0735983,2.325e-05,0x40,true,,
"I2C","data",13.0736231,2.325e-05,0x0D,true,,
"I2C","data",13.0736478,2.325e-05,0x03,true,,
"I2C","data",13.0736726,2.325e-05,0x00,true,,
"I2C","data",13.0736973,2.325e-05,0x01,true,,
"I2C","data",13.073722,2.325e-05,0x00,true,,
"I2C","data",13.0737467,2.325e-05,0x01,true,,
"I2C","data",13.0737715,2.325e-05,0x00,true,,
"I2C","data",13.0737962,2.325e-05,0x80,true,,
"I2C","data",13.0738209,2.325e-05,0x8D,true,,
"I2C","data",13.0738457,2.325e-05,0x5B,true,,
"I2C","data",13.0738704,2.325e-05,0x00,true,,
"I2C","data",13.0738952,2.325e-05,0x20,true,,
"I2C","data",13.0739199,2.325e-05,0xBF,true,,
"I2C","data",13.0739446,2.325e-05,0x02,true,,
"I2C","data",13.0739694,2.325e-05,0x00,true,,
"I2C","data",13.0739941,2.325e-05,0x00,true,,
"I2C","data",13.0740188,2.325e-05,0x12,true,,
"I2C","data",13.0740436,2.325e-05,0x7A,true,,
"I2C","data",13.0740683,2.325e-05,0x00,true,,
"I2C","data",13.074093,2.325e-05,0x60,true,,
"I2C","data",13.0741177,2.325e-05,0xE3,true,,
"I2C","data",13.0741425,2.325e-05,0x16,true,,
"I2C","data",13.0741673,2.325e-05,0x00,true,,
"I2C","data",13.0741919,2.33125e-05,0x30,true,,
"I2C","data",13.0742167,2.325e-05,0x11,true,,
"I2C","data",13.0742414,2.325e-05,0x00,true,,
"I2C","data",13.0742662,2.325e-05,0x00,true,,
"I2C","data",13.0742909,2.325e-05,0xD0,true,,
"I2C","data",13.0743156,2.325e-05,0xEE,true,,
"I2C","data",13.0743404,2.325e-05,0xFF,true,,
"I2C","data",13.0743651,2.325e-05,0xFF,true,,
"I2C","data",13.0743899,2.325e-05,0x20,true,,
"I2C","data",13.0744146,2.325e-05,0x03,true,,
"I2C","data",13.0744393,2.325e-05,0xD0,true,,
"I2C","data",13.0744641,2.325e-05,0x07,true,,
"I2C","data",13.0744888,2.325e-05,0x64,true,,
"I2C","data",13.0745135,2.325e-05,0x00,true,,
"I2C","data",13.0745382,2.325e-05,0xF4,true,,
"I2C","data",13.074563,2.325e-05,0x01,true,,
"I2C","data",13.0745877,2.325e-05,0x00,true,,
"I2C","data",13.0746124,2.325e-05,0x00,true,,
"I2C","data",13.0746372,2.325e-05,0x00,true,,
"I2C","data",13.0746619,2.325e-05,0x00,true,,
"I2C","data",13.0746866,2.33125e-05,0x00,true,,
"I2C","data",13.0747114,2.325e-05,0x00,true,,
"I2C","data",13.0747361,2.325e-05,0x00,true,,
"I2C","data",13.0747609,2.325e-05,0x00,true,,
"I2C","data",13.0747856,2.325e-05,0x00,true,,
"I2C","data",13.0748103,2.325e-05,0x00,true,,
"I2C","data",13.0748351,2.325e-05,0x00,true,,
"I2C","data",13.0748598,2.325e-05,0x00,true,,
"I2C","data",13.0748846,2.325e-05,0x00,true,,
"I2C","data",13.0749092,2.325e-05,0x00,true,,
"I2C","data",13.074934,2.325e-05,0x00,true,,
"I2C","data",13.0749588,2.325e-05,0x00,true,,
"I2C","data",13.0749835,2.325e-05,0x00,true,,
"I2C","data",13.0750082,2.33125e-05,0x00,true,,
"I2C","data",13.0750329,2.325e-05,0x00,true,,
"I2C","data",13.0750577,2.325e-05,0x00,true,,
"I2C","data",13.0750824,2.325e-05,0x00,true,,
"I2C","data",13.0751072,2.325e-05,0x00,true,,
"I2C","data",13.0751319,2.325e-05,0x00,true,,
"I2C","data",13.0751566,2.325e-05,0x00,true,,
"I2C","data",13.0751814,2.325e-05,0x00,true,,
"I2C","data",13.0752061,2.325e-05,0x00,true,,
"I2C","data",13.0752308,2.325e-05,0x00,true,,
"I2C","data",13.0752556,2.325e-05,0x00,true,,
"I2C","data",13.0752803,2.325e-05,0x00,true,,
"I2C","data",13.0753051,2.325e-05,0x00,true,,
"I2C","data",13.0753297,2.325e-05,0x00,true,,
"I2C","data",13.0753545,2.325e-05,0x00,true,,
"I2C","data",13.0753792,2.325e-05,0x00,true,,
"I2C","data",13.075404,2.325e-05,0x00,true,,
"I2C","data",13.0754287,2.325e-05,0x00,true,,
"I2C","data",13.0754534,2.325e-05,0x00,true,,
"I2C","data",13.0754782,2.325e-05,0x00,true,,
"I2C","data",13.0755029,2.325e-05,0x00,true,,
"I2C","data",13.0755276,2.325e-05,0x00,true,,
"I2C","data",13.0755524,2.325e-05,0x00,true,,
"I2C","data",13.0755771,2.325e-05,0x00,true,,
"I2C","data",13.0756018,2.325e-05,0x00,true,,
"I2C","data",13.0756266,2.325e-05,0x00,true,,
"I2C","data",13.0756513,2.325e-05,0x00,false,,
"I2C","stop",13.0756775,6.24999993e-08,,,,
"I2C","start",13.0756829,6.24999993e-08,,,,
"I2C","address",13.0756855,2.325e-05,,true,0x25,false
"I2C","data",13.0757143,2.3125e-05,0x40,true,,
"I2C","start",13.075743,6.2500003e-08,,,,
"I2C","address",13.0757456,2.325e-05,,true,0x25,true
"I2C","data",13.0757791,2.325e-05,0x00,false,,
"I2C","stop",13.0758053,6.24999993e-08,,,,
"Async Serial [1]","data",13.0997584,9.5e-06,0xB1,,,
"Async Serial [1]","data",13.0997684,9.5e-06,0x04,,,
"Async Serial [1]","data",13.0997784,9.5e-06,0x00,,,
"Async Serial [1]","data",13.0997884,9.5e-06,0x00,,,
"Async Serial [1]","data",13.0997984,9.5e-06,0xFC,,,
"Async Serial [1]","data",13.0998084,9.5e-06,0xB3,,,
"Async Serial","data",13.0998524,9.5e-06,0xB2,,,
"Async Serial","data",13.0998625,9.5e-06,0x00,,,
"Async Serial","data",13.0998726,9.5e-06,0x01,,,
"Async Serial","data",13.0998828,9.5e-06,0x03,,,
"Async Serial","data",13.0998928,9.5e-06,0xFC,,,
"Async Serial","data",13.0999029,9.5e-06,0xB3,,,
"Async Serial [1]","data",13.2017952,9.5e-06,0xB1,,,
"Async Serial [1]","data",13.2018052,9.5e-06,0x04,,,
"Async Serial [1]","data",13.2018152,9.5e-06,0x00,,,
"Async Serial [1]","data",13.2018252,9.5e-06,0x00,,,
"Async Serial [1]","data",13.2018352,9.5e-06,0xFC,,,
"Async Serial [1]","data",13.2018452,9.5e-06,0xB3,,,
"Async Serial","data",13.2018914,9.5e-06,0xB2,,,
"Async Serial","data",13.2019016,9.5e-06,0x00,,,
"Async Serial","data",13.2019157,9.5e-06,0x01,,,
"Async Serial","data",13.2019258,9.5e-06,0x03,,,
"Async Serial","data",13.2019359,9.5e-06,0xFC,,,
"Async Serial","data",13.2019461,9.5e-06,0xB3,,,
"Async Serial [1]","data",13.3038319,9.5e-06,0xB1,,,
"Async Serial [1]","data",13.3038419,9.5e-06,0x04,,,
"Async Serial [1]","data",13.3038519,9.5e-06,0x00,,,
"Async Serial [1]","data",13.3038619,9.5e-06,0x00,,,
"Async Serial [1]","data",13.3038719,9.5e-06,0xFC,,,
"Async Serial [1]","data",13.3038819,9.5e-06,0xB3,,,
"Async Serial","data",13.3039244,9.5e-06,0xB2,,,
"Async Serial","data",13.3039345,9.5e-06,0x00,,,
"Async Serial","data",13.3039446,9.5e-06,0x01,,,
"Async Serial","data",13.3039548,9.5e-06,0x03,,,
"Async Serial","data",13.3039649,9.5e-06,0xFC,,,
"Async Serial","data",13.303975,9.5e-06,0xB3,,,
"I2C","start",13.3737188,6.25000011e-08,,,,
"I2C","address",13.3737214,2.325e-05,,true,0x25,false
"I2C","stop",13.3737517,6.24999993e-08,,,,
"I2C","start",13.3737567,6.24999993e-08,,,,
"I2C","address",13.3737593,2.325e-05,,true,0x25,false
"I2C","data",13.3737881,2.3125e-05,0x00,true,,
"I2C","start",13.3738166,6.25000011e-08,,,,
"I2C","address",13.3738193,2.325e-05,,true,0x25,true
"I2C","data",13.3738527,2.325e-05,0xA5,true,,
"I2C","data",13.3738774,2.33125e-05,0x03,false,,
"I2C","stop",13.3739037,6.24999993e-08,,,,
"I2C","start",13.3739094,6.24999993e-08,,,,
"I2C","address",13.3739121,2.325e-05,,true,0x25,false
"I2C","data",13.3739408,2.3125e-05,0x40,true,,
"I2C","start",13.3739696,6.2500003e-08,,,,
"I2C","address",13.3739722,2.325e-05,,true,0x25,true
"I2C","data",13.3740056,2.31875e-05,0x00,false,,
"I2C","stop",13.3740318,6.24999993e-08,,,,
"I2C","start",13.374037,6.24999993e-08,,,,
"I2C","address",13.3740396,2.325e-05,,true,0x25,false
"I2C","data",13.3740684,2.31875e-05,0x00,true,,
"I2C","start",13.3740971,6.24999993e-08,,,,
"I2C","address",13.3740997,2.325e-05,,true,0x25,true
"I2C","data",13.3741331,2.31875e-05,0xA5,true,,
"I2C","data",13.3741578,2.325e-05,0x03,true,,
"I2C","data",13.3741826,2.325e-05,0x00,true,,
"I2C","data",13.3742072,2.325e-05,0x00,true,,
"I2C","data",13.374232,2.325e-05,0x28,true,,
"I2C","data",13.3742568,2.325e-05,0xEF,true,,
"I2C","data",13.3742815,2.325e-05,0x5B,true,,
"I2C","data",13.3743062,2.33125e-05,0x00,true,,
"I2C","data",13.3743309,2.325e-05,0x03,true,,
"I2C","data",13.3743557,2.325e-05,0x00,true,,
"I2C","data",13.3743804,2.325e-05,0x00,true,,
"I2C","data",13.3744052,2.325e-05,0x00,true,,
"I2C","data",13.3744299,2.33125e-05,0x40,true,,
"I2C","data",13.3744546,2.325e-05,0x0D,true,,
"I2C","data",13.3744794,2.325e-05,0x03,true,,
"I2C","data",13.3745041,2.325e-05,0x00,true,,
"I2C","data",13.3745289,2.325e-05,0x01,true,,
"I2C","data",13.3745536,2.325e-05,0x00,true,,
"I2C","data",13.3745783,2.325e-05,0x01,true,,
"I2C","data",13.3746031,2.325e-05,0x00,true,,
"I2C","data",13.3746278,2.325e-05,0x80,true,,
"I2C","data",13.3746526,2.325e-05,0x8D,true,,
"I2C","data",13.3746773,2.325e-05,0x5B,true,,
"I2C","data",13.374702,2.325e-05,0x00,true,,
"I2C","data",13.3747268,2.325e-05,0x20,true,,
"I2C","data",13.3747515,2.325e-05,0xBF,true,,
"I2C","data",13.3747763,2.325e-05,0x02,true,,
"I2C","data",13.374801,2.325e-05,0x00,true,,
"I2C","data",13.3748257,2.33125e-05,0x00,true,,
"I2C","data",13.3748504,2.325e-05,0x12,true,,
"I2C","data",13.3748752,2.325e-05,0x7A,true,,
"I2C","data",13.3748999,2.325e-05,0x00,true,,
"I2C","data",13.3749247,2.325e-05,0x60,true,,
"I2C","data",13.3749494,2.33125e-05,0xE3,true,,
"I2C","data",13.3749741,2.325e-05,0x16,true,,
"I2C","data",13.3749989,2.325e-05,0x00,true,,
"I2C","data",13.3750236,2.325e-05,0x30,true,,
"I2C","data",13.3750484,2.325e-05,0x11,true,,
"I2C","data",13.3750731,2.325e-05,0x00,true,,
"I2C","data",13.3750978,2.325e-05,0x00,true,,
"I2C","data",13.3751226,2.325e-05,0xD0,true,,
"I2C","data",13.3751473,2.325e-05,0xEE,true,,
"I2C","data",13.3751721,2.325e-05,0xFF,true,,
"I2C","data",13.3751968,2.33125e-05,0xFF,true,,
"I2C","data",13.3752215,2.325e-05,0x20,true,,
"I2C","data",13.3752463,2.325e-05,0x03,true,,
"I2C","data",13.375271,2.325e-05,0xD0,true,,
"I2C","data",13.3752957,2.325e-05,0x07,true,,
"I2C","data",13.3753205,2.325e-05,0x64,true,,
"I2C","data",13.3753452,2.325e-05,0x00,true,,
"I2C","data",13.3753699,2.325e-05,0xF4,true,,
"I2C","data",13.3753947,2.325e-05,0x01,true,,
"I2C","data",13.3754194,2.325e-05,0x00,true,,
"I2C","data",13.3754442,2.325e-05,0x00,true,,
"I2C","data",13.3754689,2.33125e-05,0x00,true,,
"I2C","data",13.3754936,2.325e-05,0x00,true,,
"I2C","data",13.3755184,2.325e-05,0x00,true,,
"I2C","data",13.3755431,2.325e-05,0x00,true,,
"I2C","data",13.3755679,2.325e-05,0x00,true,,
"I2C","data",13.3755926,2.325e-05,0x00,true,,
"I2C","data",13.3756173,2.325e-05,0x00,true,,
"I2C","data",13.3756421,2.325e-05,0x00,true,,
"I2C","data",13.3756668,2.325e-05,0x00,true,,
"I2C","data",13.3756916,2.325e-05,0x00,true,,
"I2C","data",13.3757163,2.325e-05,0x00,true,,
"I2C","data",13.375741,2.33125e-05,0x00,true,,
"I2C","data",13.3757657,2.325e-05,0x00,true,,
"I2C","data",13.3757905,2.325e-05,0x00,true,,
"I2C","data",13.3758153,2.325e-05,0x00,true,,
"I2C","data",13.37584,2.325e-05,0x00,true,,
"I2C","data",13.3758647,2.325e-05,0x00,true,,
"I2C","data",13.3758894,2.325e-05,0x00,true,,
"I2C","data",13.3759142,2.325e-05,0x00,true,,
"I2C","data",13.3759389,2.325e-05,0x00,true,,
"I2C","data",13.3759637,2.325e-05,0x00,true,,
"I2C","data",13.3759884,2.325e-05,0x00,true,,
"I2C","data",13.3760131,2.33125e-05,0x00,true,,
"I2C","data",13.3760379,2.325e-05,0x00,true,,
"I2C","data",13.3760626,2.325e-05,0x00,true,,
"I2C","data",13.3760874,2.325e-05,0x00,true,,
"I2C","data",13.3761121,2.325e-05,0x00,true,,
"I2C","data",13.3761369,2.325e-05,0x00,true,,
"I2C","data",13.3761616,2.325e-05,0x00,true,,
"I2C","data",13.3761863,2.325e-05,0x00,true,,
"I2C","data",13.3762111,2.325e-05,0x00,true,,
"I2C","data",13.3762358,2.325e-05,0x00,true,,
"I2C","data",13.3762606,2.325e-05,0x00,true,,
"I2C","data",13.3762853,2.325e-05,0x00,true,,
"I2C","data",13.37631,2.325e-05,0x00,true,,
"I2C","data",13.3763347,2.325e-05,0x00,true,,
"I2C","data",13.3763595,2.325e-05,0x00,true,,
"I2C","data",13.3763842,2.325e-05,0x00,true,,
"I2C","data",13.3764089,2.325e-05,0x00,true,,
"I2C","data",13.3764337,2.325e-05,0x00,true,,
"I2C","data",13.3764584,2.325e-05,0x00,true,,
"I2C","data",13.3764832,2.325e-05,0x00,false,,
"I2C","stop",13.3765094,6.24999993e-08,,,,
"I2C","start",13.3765148,6.24999993e-08,,,,
"I2C","address",13.3765174,2.325e-05,,true,0x25,false
"I2C","data",13.3765461,2.325e-05,0x40,true,,
"I2C","start",13.3765749,6.25000011e-08,,,,
"I2C","address",13.3765775,2.325e-05,,true,0x25,true
"I2C","data",13.3766109,2.31875e-05,0x00,false,,
"I2C","stop",13.3766371,6.25000011e-08,,,,
"I2C","start",13.6745447,6.25000011e-08,,,,
"I2C","address",13.6745473,2.325e-05,,true,0x25,false
"I2C","stop",13.6745774,6.24999993e-08,,,,
"I2C","start",13.6745826,6.24999993e-08,,,,
"I2C","address",13.6745851,2.325e-05,,true,0x25,false
"I2C","data",13.6746139,2.325e-05,0x00,true,,
"I2C","start",13.6746426,6.24999993e-08,,,,
"I2C","address",13.6746452,2.325e-05,,true,0x25,true
"I2C","data",13.6746786,2.31875e-05,0xA5,true,,
"I2C","data",13.6747033,2.325e-05,0x03,false,,
"I2C","stop",13.6747296,6.25000011e-08,,,,
"I2C","start",13.6747354,6.24999993e-08,,,,
"I2C","address",13.6747381,2.325e-05,,true,0x25,false
"I2C","data",13.6747667,2.3125e-05,0x40,true,,
"I2C","start",13.6747955,6.24999993e-08,,,,
"I2C","address",13.6747981,2.325e-05,,true,0x25,true
"I2C","data",13.6748316,2.325e-05,0x00,false,,
"I2C","stop",13.6748578,6.25000011e-08,,,,
"I2C","start",13.6748629,6.24999993e-08,,,,
"I2C","address",13.6748656,2.325e-05,,true,0x25,false
"I2C","data",13.6748944,2.31875e-05,0x00,true,,
"I2C","start",13.6749231,6.24999993e-08,,,,
"I2C","address",13.6749257,2.325e-05,,true,0x25,true
"I2C","data",13.6749591,2.3125e-05,0xA5,true,,
"I2C","data",13.6749838,2.325e-05,0x03,true,,
"I2C","data",13.6750085,2.325e-05,0x00,true,,
"I2C","data",13.6750333,2.325e-05,0x00,true,,
"I2C","data",13.675058,2.325e-05,0x28,true,,
"I2C","data",13.6750827,2.325e-05,0xEF,true,,
"I2C","data",13.6751074,2.325e-05,0x5B,true,,
"I2C","data",13.6751322,2.325e-05,0x00,true,,
"I2C","data",13.6751569,2.325e-05,0x03,true,,
"I2C","data",13.6751816,2.325e-05,0x00,true,,
"I2C","data",13.6752064,2.325e-05,0x00,true,,
"I2C","data",13.6752311,2.325e-05,0x00,true,,
"I2C","data",13.6752559,2.325e-05,0x40,true,,
"I2C","data",13.6752806,2.325e-05,0x0D,true,,
"I2C","data",13.6753053,2.325e-05,0x03,true,,
"I2C","data",13.6753301,2.325e-05,0x00,true,,
"I2C","data",13.6753548,2.325e-05,0x01,true,,
"I2C","data",13.6753795,2.325e-05,0x00,true,,
"I2C","data",13.6754042,2.325e-05,0x01,true,,
"I2C","data",13.675429,2.325e-05,0x00,true,,
"I2C","data",13.6754537,2.33125e-05,0x80,true,,
"I2C","data",13.6754784,2.325e-05,0x8D,true,,
"I2C","data",13.6755032,2.325e-05,0x5B,true,,
"I2C","data",13.6755279,2.325e-05,0x00,true,,
"I2C","data",13.6755527,2.325e-05,0x20,true,,
"I2C","data",13.6755774,2.325e-05,0xBF,true,,
"I2C","data",13.6756021,2.325e-05,0x02,true,,
"I2C","data",13.6756269,2.325e-05,0x00,true,,
"I2C","data",13.6756516,2.325e-05,0x00,true,,
"I2C","data",13.6756763,2.325e-05,0x12,true,,
"I2C","data",13.6757011,2.325e-05,0x7A,true,,
"I2C","data",13.6757258,2.325e-05,0x00,true,,
"I2C","data",13.6757505,2.33125e-05,0x60,true,,
"I2C","data",13.6757752,2.325e-05,0xE3,true,,
"I2C","data",13.6758,2.325e-05,0x16,true,,
"I2C","data",13.6758248,2.325e-05,0x00,true,,
"I2C","data",13.6758494,2.325e-05,0x30,true,,
"I2C","data",13.6758742,2.325e-05,0x11,true,,
"I2C","data",13.6758989,2.325e-05,0x00,true,,
"I2C","data",13.6759237,2.325e-05,0x00,true,,
"I2C","data",13.6759484,2.325e-05,0xD0,true,,
"I2C","data",13.6759731,2.325e-05,0xEE,true,,
"I2C","data",13.6759979,2.325e-05,0xFF,true,,
"I2C","data",13.6760226,2.325e-05,0xFF,true,,
"I2C","data",13.6760473,2.33125e-05,0x20,true,,
"I2C","data",13.6760721,2.325e-05,0x03,true,,
"I2C","data",13.6760968,2.325e-05,0xD0,true,,
"I2C","data",13.6761216,2.325e-05,0x07,true,,
"I2C","data",13.6761463,2.33125e-05,0x64,true,,
"I2C","data",13.676171,2.325e-05,0x00,true,,
"I2C","data",13.6761957,2.325e-05,0xF4,true,,
"I2C","data",13.6762205,2.325e-05,0x01,true,,
"I2C","data",13.6762452,2.325e-05,0x00,true,,
"I2C","data",13.6762699,2.325e-05,0x00,true,,
"I2C","data",13.6762947,2.325e-05,0x00,true,,
"I2C","data",13.6763194,2.325e-05,0x00,true,,
"I2C","data",13.6763442,2.325e-05,0x00,true,,
"I2C","data",13.6763689,2.325e-05,0x00,true,,
"I2C","data",13.6763936,2.325e-05,0x00,true,,
"I2C","data",13.6764184,2.325e-05,0x00,true,,
"I2C","data",13.6764431,2.325e-05,0x00,true,,
"I2C","data",13.6764679,2.325e-05,0x00,true,,
"I2C","data",13.6764926,2.325e-05,0x00,true,,
"I2C","data",13.6765173,2.325e-05,0x00,true,,
"I2C","data",13.6765421,2.325e-05,0x00,true,,
"I2C","data",13.6765668,2.325e-05,0x00,true,,
"I2C","data",13.6765915,2.33125e-05,0x00,true,,
"I2C","data",13.6766163,2.325e-05,0x00,true,,
"I2C","data",13.676641,2.325e-05,0x00,true,,
"I2C","data",13.6766657,2.325e-05,0x00,true,,
"I2C","data",13.6766905,2.325e-05,0x00,true,,
"I2C","data",13.6767152,2.33125e-05,0x00,true,,
"I2C","data",13.6767399,2.325e-05,0x00,true,,
"I2C","data",13.6767647,2.325e-05,0x00,true,,
"I2C","data",13.6767894,2.325e-05,0x00,true,,
"I2C","data",13.6768142,2.325e-05,0x00,true,,
"I2C","data",13.6768389,2.33125e-05,0x00,true,,
"I2C","data",13.6768636,2.325e-05,0x00,true,,
"I2C","data",13.6768884,2.325e-05,0x00,true,,
"I2C","data",13.6769131,2.325e-05,0x00,true,,
"I2C","data",13.6769379,2.325e-05,0x00,true,,
"I2C","data",13.6769626,2.325e-05,0x00,true,,
"I2C","data",13.6769873,2.325e-05,0x00,true,,
"I2C","data",13.6770121,2.325e-05,0x00,true,,
"I2C","data",13.6770368,2.325e-05,0x00,true,,
"I2C","data",13.6770616,2.325e-05,0x00,true,,
"I2C","data",13.6770863,2.325e-05,0x00,true,,
"I2C","data",13.677111,2.33125e-05,0x00,true,,
"I2C","data",13.6771357,2.325e-05,0x00,true,,
"I2C","data",13.6771605,2.325e-05,0x00,true,,
"I2C","data",13.6771853,2.325e-05,0x00,true,,
"I2C","data",13.67721,2.325e-05,0x00,true,,
"I2C","data",13.6772348,2.325e-05,0x00,true,,
"I2C","data",13.6772595,2.325e-05,0x00,true,,
"I2C","data",13.6772842,2.325e-05,0x00,true,,
"I2C","data",13.6773089,2.325e-05,0x00,false,,
"I2C","stop",13.6773352,6.24999993e-08,,,,
"I2C","start",13.6773407,6.25000011e-08,,,,
"I2C","address",13.6773433,2.325e-05,,true,0x25,false
"I2C","data",13.677372,2.31875e-05,0x40,true,,
"I2C","start",13.6774008,6.24999993e-08,,,,
"I2C","address",13.6774034,2.325e-05,,true,0x25,true
"I2C","data",13.6774369,2.3125e-05,0x00,false,,
"I2C","stop",13.677463,6.24999993e-08,,,,
"I2C","start",13.9753828,6.24999993e-08,,,,
"I2C","address",13.9753854,2.325e-05,,true,0x25,false
"I2C","stop",13.9754156,6.25000011e-08,,,,
"I2C","start",13.9754206,6.25000011e-08,,,,
"I2C","address",13.9754231,2.325e-05,,true,0x25,false
"I2C","data",13.9754519,2.3125e-05,0x00,true,,
"I2C","start",13.9754806,6.24999993e-08,,,,
"I2C","address",13.9754832,2.325e-05,,true,0x25,true
"I2C","data",13.9755167,2.31875e-05,0xA5,true,,
"I2C","data",13.9755413,2.325e-05,0x03,false,,
"I2C","stop",13.9755676,6.24999993e-08,,,,
"I2C","start",13.9755734,6.24999993e-08,,,,
"I2C","address",13.9755761,2.325e-05,,true,0x25,false
"I2C","data",13.9756048,2.325e-05,0x40,true,,
"I2C","start",13.9756336,6.24999993e-08,,,,
"I2C","address",13.9756362,2.325e-05,,true,0x25,true
"I2C","data",13.9756697,2.325e-05,0x00,false,,
"I2C","stop",13.975696,6.25000011e-08,,,,
"I2C","start",13.9757011,6.25000011e-08,,,,
"I2C","address",13.9757037,2.325e-05,,true,0x25,false
"I2C","data",13.9757325,2.325e-05,0x00,true,,
"I2C","start",13.9757612,6.24999993e-08,,,,
"I2C","address",13.9757638,2.33125e-05,,true,0x25,true
"I2C","data",13.9757974,2.3125e-05,0xA5,true,,
"I2C","data",13.9758221,2.325e-05,0x03,true,,
"I2C","data",13.9758468,2.325e-05,0x00,true,,
"I2C","data",13.9758716,2.325e-05,0x00,true,,
"I2C","data",13.9758962,2.33125e-05,0x28,true,,
"I2C","data",13.975921,2.33125e-05,0xEF,true,,
"I2C","data",13.9759457,2.325e-05,0x5B,true,,
"I2C","data",13.9759705,2.325e-05,0x00,true,,
"I2C","data",13.9759953,2.325e-05,0x03,true,,
"I2C","data",13.97602,2.325e-05,0x00,true,,
"I2C","data",13.9760447,2.325e-05,0x00,true,,
"I2C","data",13.9760694,2.325e-05,0x00,true,,
"I2C","data",13.9760942,2.325e-05,0x40,true,,
"I2C","data",13.9761189,2.325e-05,0x0D,true,,
"I2C","data",13.9761437,2.325e-05,0x03,true,,
"I2C","data",13.9761684,2.33125e-05,0x00,true,,
"I2C","data",13.9761931,2.325e-05,0x01,true,,
"I2C","data",13.9762179,2.325e-05,0x00,true,,
"I2C","data",13.9762426,2.325e-05,0x01,true,,
"I2C","data",13.9762674,2.325e-05,0x00,true,,
"I2C","data",13.9762921,2.33125e-05,0x80,true,,
"I2C","data",13.9763168,2.325e-05,0x8D,true,,
"I2C","data",13.9763416,2.325e-05,0x5B,true,,
"I2C","data",13.9763663,2.325e-05,0x00,true,,
"I2C","data",13.9763911,2.325e-05,0x20,true,,
"I2C","data",13.9764157,2.33125e-05,0xBF,true,,
"I2C","data",13.9764405,2.325e-05,0x02,true,,
"I2C","data",13.9764653,2.325e-05,0x00,true,,
"I2C","data",13.97649,2.325e-05,0x00,true,,
"I2C","data",13.9765147,2.325e-05,0x12,true,,
"I2C","data",13.9765395,2.325e-05,0x7A,true,,
"I2C","data",13.9765642,2.325e-05,0x00,true,,
"I2C","data",13.9765889,2.325e-05,0x60,true,,
"I2C","data",13.9766137,2.325e-05,0xE3,true,,
"I2C","data",13.9766384,2.325e-05,0x16,true,,
"I2C","data",13.9766632,2.325e-05,0x00,true,,
"I2C","data",13.9766879,2.325e-05,0x30,true,,
"I2C","data",13.9767126,2.325e-05,0x11,true,,
"I2C","data",13.9767374,2.325e-05,0x00,true,,
"I2C","data",13.9767621,2.325e-05,0x00,true,,
"I2C","data",13.9767868,2.325e-05,0xD0,true,,
"I2C","data",13.9768116,2.325e-05,0xEE,true,,
"I2C","data",13.9768363,2.325e-05,0xFF,true,,
"I2C","data",13.9768611,2.325e-05,0xFF,true,,
"I2C","data",13.9768857,2.33125e-05,0x20,true,,
"I2C","data",13.9769105,2.325e-05,0x03,true,,
"I2C","data",13.9769353,2.325e-05,0xD0,true,,
"I2C","data",13.97696,2.325e-05,0x07,true,,
"I2C","data",13.9769847,2.325e-05,0x64,true,,
"I2C","data",13.9770094,2.325e-05,0x00,true,,
"I2C","data",13.9770342,2.325e-05,0xF4,true,,
"I2C","data",13.9770589,2.325e-05,0x01,true,,
"I2C","data",13.9770837,2.325e-05,0x00,true,,
"I2C","data",13.9771084,2.325e-05,0x00,true,,
"I2C","data",13.9771331,2.325e-05,0x00,true,,
"I2C","data",13.9771579,2.325e-05,0x00,true,,
"I2C","data",13.9771826,2.325e-05,0x00,true,,
"I2C","data",13.9772074,2.325e-05,0x00,true,,
"I2C","data",13.9772321,2.325e-05,0x00,true,,
"I2C","data",13.9772568,2.33125e-05,0x00,true,,
"I2C","data",13.9772816,2.325e-05,0x00,true,,
"I2C","data",13.9773063,2.325e-05,0x00,true,,
"I2C","data",13.9773311,2.325e-05,0x00,true,,
"I2C","data",13.9773558,2.325e-05,0x00,true,,
"I2C","data",13.9773805,2.325e-05,0x00,true,,
"I2C","data",13.9774053,2.325e-05,0x00,true,,
"I2C","data",13.97743,2.325e-05,0x00,true,,
"I2C","data",13.9774547,2.325e-05,0x00,true,,
"I2C","data",13.9774794,2.325e-05,0x00,true,,
"I2C","data",13.9775042,2.325e-05,0x00,true,,
"I2C","data",13.9775289,2.325e-05,0x00,true,,
"I2C","data",13.9775537,2.325e-05,0x00,true,,
"I2C","data",13.9775784,2.325e-05,0x00,true,,
"I2C","data",13.9776031,2.325e-05,0x00,true,,
"I2C","data",13.9776279,2.325e-05,0x00,true,,
"I2C","data",13.9776526,2.325e-05,0x00,true,,
"I2C","data",13.9776774,2.325e-05,0x00,true,,
"I2C","data",13.9777021,2.33125e-05,0x00,true,,
"I2C","data",13.9777268,2.325e-05,0x00,true,,
"I2C","data",13.9777516,2.325e-05,0x00,true,,
"I2C","data",13.9777763,2.325e-05,0x00,true,,
"I2C","data",13.9778011,2.325e-05,0x00,true,,
"I2C","data",13.9778257,2.325e-05,0x00,true,,
"I2C","data",13.9778505,2.325e-05,0x00,true,,
"I2C","data",13.9778753,2.325e-05,0x00,true,,
"I2C","data",13.9779,2.325e-05,0x00,true,,
"I2C","data",13.9779247,2.325e-05,0x00,true,,
"I2C","data",13.9779494,2.325e-05,0x00,true,,
"I2C","data",13.9779742,2.325e-05,0x00,true,,
"I2C","data",13.9779989,2.325e-05,0x00,true,,
"I2C","data",13.9780236,2.325e-05,0x00,true,,
"I2C","data",13.9780484,2.325e-05,0x00,true,,
"I2C","data",13.9780731,2.325e-05,0x00,true,,
"I2C","data",13.9780978,2.325e-05,0x00,true,,
"I2C","data",13.9781226,2.325e-05,0x00,true,,
"I2C","data",13.9781473,2.325e-05,0x00,false,,
"I2C","stop",13.9781735,6.24999993e-08,,,,
"I2C","start",13.9781788,6.24999993e-08,,,,
"I2C","address",13.9781814,2.33125e-05,,true,0x25,false
"I2C","data",13.9782101,2.325e-05,0x40,true,,
"I2C","start",13.9782389,6.24999993e-08,,,,
"I2C","address",13.9782415,2.325e-05,,true,0x25,true
"I2C","data",13.978275,2.325e-05,0x00,false,,
"I2C","stop",13.9783012,6.24999993e-08,,,,
"I2C","start",14.2762152,6.24999993e-08,,,,
"I2C","address",14.2762178,2.325e-05,,true,0x25,false
"I2C","stop",14.276248,6.24999993e-08,,,,
"I2C","start",14.2762529,6.24999993e-08,,,,
"I2C","address",14.2762555,2.33125e-05,,true,0x25,false
"I2C","data",14.2762844,2.3125e-05,0x00,true,,
"I2C","start",14.276313,6.24999993e-08,,,,
"I2C","address",14.2763156,2.325e-05,,true,0x25,true
"I2C","data",14.2763492,2.31875e-05,0xA5,true,,
"I2C","data",14.2763739,2.325e-05,0x03,false,,
"I2C","stop",14.2764001,6.24999993e-08,,,,
"I2C","start",14.2764059,6.24999993e-08,,,,
"I2C","address",14.2764084,2.33125e-05,,true,0x25,false
"I2C","data",14.2764372,2.325e-05,0x40,true,,
"I2C","start",14.2764659,6.24999993e-08,,,,
"I2C","address",14.2764686,2.325e-05,,true,0x25,true
"I2C","data",14.2765021,2.325e-05,0x00,false,,
"I2C","stop",14.2765283,6.25000011e-08,,,,
"I2C","start",14.2765334,6.24999993e-08,,,,
"I2C","address",14.2765361,2.325e-05,,true,0x25,false
"I2C","data",14.2765648,2.33125e-05,0x00,true,,
"I2C","start",14.2765936,6.24999993e-08,,,,
"I2C","address",14.2765961,2.325e-05,,true,0x25,true
"I2C","data",14.2766297,2.31875e-05,0xA5,true,,
"I2C","data",14.2766544,2.325e-05,0x03,true,,
"I2C","data",14.2766791,2.33125e-05,0x00,true,,
"I2C","data",14.2767038,2.325e-05,0x00,true,,
"I2C","data",14.2767286,2.325e-05,0x28,true,,
"I2C","data",14.2767533,2.325e-05,0xEF,true,,
"I2C","data",14.2767781,2.325e-05,0x5B,true,,
"I2C","data",14.2768028,2.325e-05,0x00,true,,
"I2C","data",14.2768275,2.33125e-05,0x03,true,,
"I2C","data",14.2768522,2.325e-05,0x00,true,,
"I2C","data",14.276877,2.325e-05,0x00,true,,
"I2C","data",14.2769018,2.325e-05,0x00,true,,
"I2C","data",14.2769265,2.325e-05,0x40,true,,
"I2C","data",14.2769512,2.33125e-05,0x0D,true,,
"I2C","data",14.2769759,2.325e-05,0x03,true,,
"I2C","data",14.2770007,2.325e-05,0x00,true,,
"I2C","data",14.2770254,2.325e-05,0x01,true,,
"I2C","data",14.2770502,2.325e-05,0x00,true,,
"I2C","data",14.2770749,2.325e-05,0x01,true,,
"I2C","data",14.2770997,2.325e-05,0x00,true,,
"I2C","data",14.2771244,2.325e-05,0x80,true,,
"I2C","data",14.2771491,2.325e-05,0x8D,true,,
"I2C","data",14.2771739,2.325e-05,0x5B,true,,
"I2C","data",14.2771986,2.325e-05,0x00,true,,
"I2C","data",14.2772234,2.325e-05,0x20,true,,
"I2C","data",14.2772481,2.33125e-05,0xBF,true,,
"I2C","data",14.2772728,2.325e-05,0x02,true,,
"I2C","data",14.2772976,2.325e-05,0x00,true,,
"I2C","data",14.2773223,2.325e-05,0x00,true,,
"I2C","data",14.2773471,2.325e-05,0x12,true,,
"I2C","data",14.2773718,2.325e-05,0x7A,true,,
"I2C","data",14.2773966,2.325e-05,0x00,true,,
"I2C","data",14.2774212,2.33125e-05,0x60,true,,
"I2C","data",14.277446,2.325e-05,0xE3,true,,
"I2C","data",14.2774708,2.325e-05,0x16,true,,
"I2C","data",14.2774955,2.325e-05,0x00,true,,
"I2C","data",14.2775203,2.325e-05,0x30,true,,
"I2C","data",14.277545,2.325e-05,0x11,true,,
"I2C","data",14.2775697,2.325e-05,0x00,true,,
"I2C","data",14.2775945,2.325e-05,0x00,true,,
"I2C","data",14.2776192,2.33125e-05,0xD0,true,,
"I2C","data",14.2776439,2.325e-05,0xEE,true,,
"I2C","data",14.2776687,2.325e-05,0xFF,true,,
"I2C","data",14.2776934,2.325e-05,0xFF,true,,
"I2C","data",14.2777182,2.325e-05,0x20,true,,
"I2C","data",14.2777429,2.33125e-05,0x03,true,,
"I2C","data",14.2777676,2.325e-05,0xD0,true,,
"I2C","data",14.2777924,2.325e-05,0x07,true,,
"I2C","data",14.2778171,2.325e-05,0x64,true,,
"I2C","data",14.2778419,2.325e-05,0x00,true,,
"I2C","data",14.2778666,2.33125e-05,0xF4,true,,
"I2C","data",14.2778913,2.325e-05,0x01,true,,
"I2C","data",14.2779161,2.325e-05,0x00,true,,
"I2C","data",14.2779408,2.325e-05,0x00,true,,
"I2C","data",14.2779656,2.325e-05,0x00,true,,
"I2C","data",14.2779903,2.325e-05,0x00,true,,
"I2C","data",14.278015,2.325e-05,0x00,true,,
"I2C","data",14.2780397,2.325e-05,0x00,true,,
"I2C","data",14.2780645,2.325e-05,0x00,true,,
"I2C","data",14.2780892,2.325e-05,0x00,true,,
"I2C","data",14.2781139,2.325e-05,0x00,true,,
"I2C","data",14.2781387,2.325e-05,0x00,true,,
"I2C","data",14.2781634,2.325e-05,0x00,true,,
"I2C","data",14.2781881,2.325e-05,0x00,true,,
"I2C","data",14.2782129,2.325e-05,0x00,true,,
"I2C","data",14.2782376,2.325e-05,0x00,true,,
"I2C","data",14.2782624,2.325e-05,0x00,true,,
"I2C","data",14.2782871,2.325e-05,0x00,true,,
"I2C","data",14.2783118,2.325e-05,0x00,true,,
"I2C","data",14.2783366,2.325e-05,0x00,true,,
"I2C","data",14.2783613,2.325e-05,0x00,true,,
"I2C","data",14.278386,2.33125e-05,0x00,true,,
"I2C","data",14.2784108,2.325e-05,0x00,true,,
"I2C","data",14.2784355,2.325e-05,0x00,true,,
"I2C","data",14.2784603,2.325e-05,0x00,true,,
"I2C","data",14.278485,2.325e-05,0x00,true,,
"I2C","data",14.2785097,2.325e-05,0x00,true,,
"I2C","data",14.2785344,2.325e-05,0x00,true,,
"I2C","data",14.2785592,2.325e-05,0x00,true,,
"I2C","data",14.2785839,2.325e-05,0x00,true,,
"I2C","data",14.2786086,2.33125e-05,0x00,true,,
"I2C","data",14.2786334,2.325e-05,0x00,true,,
"I2C","data",14.2786581,2.325e-05,0x00,true,,
"I2C","data",14.2786829,2.325e-05,0x00,true,,
"I2C","data",14.2787076,2.325e-05,0x00,true,,
"I2C","data",14.2787323,2.325e-05,0x00,true,,
"I2C","data",14.2787571,2.325e-05,0x00,true,,
"I2C","data",14.2787818,2.325e-05,0x00,true,,
"I2C","data",14.2788066,2.325e-05,0x00,true,,
"I2C","data",14.2788312,2.33125e-05,0x00,true,,
"I2C","data",14.278856,2.325e-05,0x00,true,,
"I2C","data",14.2788808,2.325e-05,0x00,true,,
"I2C","data",14.2789055,2.325e-05,0x00,true,,
"I2C","data",14.2789303,2.325e-05,0x00,true,,
"I2C","data",14.278955,2.325e-05,0x00,true,,
"I2C","data",14.2789797,2.325e-05,0x00,false,,
"I2C","stop",14.2790059,6.2500003e-08,,,,
"I2C","start",14.2790111,6.25000011e-08,,,,
"I2C","address",14.2790137,2.325e-05,,true,0x25,false
"I2C","data",14.2790424,2.31875e-05,0x40,true,,
"I2C","start",14.2790712,6.24999993e-08,,,,
"I2C","address",14.2790738,2.33125e-05,,true,0x25,true
"I2C","data",14.2791072,2.325e-05,0x00,false,,
"I2C","stop",14.2791335,6.25000011e-08,,,,
"I2C","start",14.5770618,6.24999993e-08,,,,
"I2C","address",14.5770644,2.325e-05,,true,0x25,false
"I2C","stop",14.5770946,6.24999993e-08,,,,
"I2C","start",14.5770995,6.2500003e-08,,,,
"I2C","address",14.5771021,2.325e-05,,true,0x25,false
"I2C","data",14.5771309,2.325e-05,0x00,true,,
"I2C","start",14.5771596,6.24999993e-08,,,,
"I2C","address",14.5771622,2.325e-05,,true,0x25,true
"I2C","data",14.5771957,2.3125e-05,0xA5,true,,
"I2C","data",14.5772203,2.325e-05,0x03,false,,
"I2C","stop",14.5772465,6.24999993e-08,,,,
"I2C","start",14.5772524,6.24999993e-08,,,,
"I2C","address",14.5772551,2.325e-05,,true,0x25,false
"I2C","data",14.5772837,2.325e-05,0x40,true,,
"I2C","start",14.5773125,6.24999993e-08,,,,
"I2C","address",14.5773151,2.325e-05,,true,0x25,true
"I2C","data",14.5773486,2.325e-05,0x00,false,,
"I2C","stop",14.5773749,6.25000011e-08,,,,
"I2C","start",14.57738,6.25000011e-08,,,,
"I2C","address",14.5773826,2.325e-05,,true,0x25,false
"I2C","data",14.5774113,2.325e-05,0x00,true,,
"I2C","start",14.5774401,6.25000011e-08,,,,
"I2C","address",14.5774427,2.325e-05,,true,0x25,true
"I2C","data",14.5774761,2.31875e-05,0xA5,true,,
"I2C","data",14.5775008,2.325e-05,0x03,true,,
"I2C","data",14.5775255,2.325e-05,0x00,true,,
"I2C","data",14.5775502,2.325e-05,0x00,true,,
"I2C","data",14.577575,2.325e-05,0x28,true,,
"I2C","data",14.5775997,2.33125e-05,0xEF,true,,
"I2C","data",14.5776244,2.325e-05,0x5B,true,,
"I2C","data",14.5776492,2.325e-05,0x00,true,,
"I2C","data",14.5776739,2.325e-05,0x03,true,,
"I2C","data",14.5776987,2.325e-05,0x00,true,,
"I2C","data",14.5777234,2.33125e-05,0x00,true,,
"I2C","data",14.5777481,2.325e-05,0x00,true,,
"I2C","data",14.5777729,2.325e-05,0x40,true,,
"I2C","data",14.5777976,2.325e-05,0x0D,true,,
"I2C","data",14.5778224,2.325e-05,0x03,true,,
"I2C","data",14.5778471,2.325e-05,0x00,true,,
"I2C","data",14.5778718,2.325e-05,0x01,true,,
"I2C","data",14.5778966,2.325e-05,0x00,true,,
"I2C","data",14.5779213,2.325e-05,0x01,true,,
"I2C","data",14.5779461,2.325e-05,0x00,true,,
"I2C","data",14.5779708,2.33125e-05,0x80,true,,
"I2C","data",14.5779955,2.325e-05,0x8D,true,,
"I2C","data",14.5780202,2.325e-05,0x5B,true,,
"I2C","data",14.578045,2.325e-05,0x00,true,,
"I2C","data",14.5780697,2.325e-05,0x20,true,,
"I2C","data",14.5780944,2.33125e-05,0xBF,true,,
"I2C","data",14.5781192,2.325e-05,0x02,true,,
"I2C","data",14.5781439,2.325e-05,0x00,true,,
"I2C","data",14.5781687,2.325e-05,0x00,true,,
"I2C","data",14.5781934,2.325e-05,0x12,true,,
"I2C","data",14.5782181,2.33125e-05,0x7A,true,,
"I2C","data",14.5782429,2.325e-05,0x00,true,,
"I2C","data",14.5782676,2.325e-05,0x60,true,,
"I2C","data",14.5782924,2.325e-05,0xE3,true,,
"I2C","data",14.5783171,2.325e-05,0x16,true,,
"I2C","data",14.5783419,2.325e-05,0x00,true,,
"I2C","data",14.5783666,2.33125e-05,0x30,true,,
"I2C","data",14.5783913,2.325e-05,0x11,true,,
"I2C","data",14.5784161,2.325e-05,0x00,true,,
"I2C","data",14.5784408,2.325e-05,0x00,true,,
"I2C","data",14.5784656,2.325e-05,0xD0,true,,
"I2C","data",14.5784902,2.325e-05,0xEE,true,,
"I2C","data",14.578515,2.325e-05,0xFF,true,,
"I2C","data",14.5785397,2.325e-05,0xFF,true,,
"I2C","data",14.5785645,2.325e-05,0x20,true,,
"I2C","data",14.5785893,2.325e-05,0x03,true,,
"I2C","data",14.5786139,2.325e-05,0xD0,true,,
"I2C","data",14.5786387,2.325e-05,0x07,true,,
"I2C","data",14.5786634,2.325e-05,0x64,true,,
"I2C","data",14.5786882,2.325e-05,0x00,true,,
"I2C","data",14.5787129,2.33125e-05,0xF4,true,,
"I2C","data",14.5787376,2.33125e-05,0x01,true,,
"I2C","data",14.5787624,2.325e-05,0x00,true,,
"I2C","data",14.5787871,2.325e-05,0x00,true,,
"I2C","data",14.5788119,2.325e-05,0x00,true,,
"I2C","data",14.5788366,2.325e-05,0x00,true,,
"I2C","data",14.5788613,2.33125e-05,0x00,true,,
"I2C","data",14.5788861,2.325e-05,0x00,true,,
"I2C","data",14.5789108,2.325e-05,0x00,true,,
"I2C","data",14.5789356,2.325e-05,0x00,true,,
"I2C","data",14.5789603,2.325e-05,0x00,true,,
"I2C","data",14.578985,2.325e-05,0x00,true,,
"I2C","data",14.5790098,2.325e-05,0x00,true,,
"I2C","data",14.5790345,2.325e-05,0x00,true,,
"I2C","data",14.5790593,2.325e-05,0x00,true,,
"I2C","data",14.579084,2.325e-05,0x00,true,,
"I2C","data",14.5791087,2.325e-05,0x00,true,,
"I2C","data",14.5791334,2.325e-05,0x00,true,,
"I2C","data",14.5791582,2.325e-05,0x00,true,,
"I2C","data",14.5791829,2.325e-05,0x00,true,,
"I2C","data",14.5792076,2.325e-05,0x00,true,,
"I2C","data",14.5792324,2.325e-05,0x00,true,,
"I2C","data",14.5792571,2.325e-05,0x00,true,,
"I2C","data",14.5792819,2.325e-05,0x00,true,,
"I2C","data",14.5793066,2.33125e-05,0x00,true,,
"I2C","data",14.5793313,2.325e-05,0x00,true,,
"I2C","data",14.5793561,2.325e-05,0x00,true,,
"I2C","data",14.5793808,2.325e-05,0x00,true,,
"I2C","data",14.5794056,2.325e-05,0x00,true,,
"I2C","data",14.5794302,2.33125e-05,0x00,true,,
"I2C","data",14.579455,2.325e-05,0x00,true,,
"I2C","data",14.5794798,2.325e-05,0x00,true,,
"I2C","data",14.5795045,2.325e-05,0x00,true,,
"I2C","data",14.5795293,2.325e-05,0x00,true,,
"I2C","data",14.5795539,2.325e-05,0x00,true,,
"I2C","data",14.5795787,2.325e-05,0x00,true,,
"I2C","data",14.5796034,2.325e-05,0x00,true,,
"I2C","data",14.5796282,2.325e-05,0x00,true,,
"I2C","data",14.5796529,2.33125e-05,0x00,true,,
"I2C","data",14.5796776,2.325e-05,0x00,true,,
"I2C","data",14.5797024,2.325e-05,0x00,true,,
"I2C","data",14.5797271,2.325e-05,0x00,true,,
"I2C","data",14.5797519,2.325e-05,0x00,true,,
"I2C","data",14.5797766,2.325e-05,0x00,true,,
"I2C","data",14.5798013,2.325e-05,0x00,true,,
"I2C","data",14.5798261,2.325e-05,0x00,false,,
"I2C","stop",14.5798523,6.25000011e-08,,,,
"I2C","start",14.5798574,6.25000011e-08,,,,
"I2C","address",14.5798601,2.325e-05,,true,0x25,false
"I2C","data",14.5798888,2.31875e-05,0x40,true,,
"I2C","start",14.5799176,6.24999993e-08,,,,
"I2C","address",14.5799201,2.325e-05,,true,0x25,true
"I2C","data",14.5799537,2.325e-05,0x00,false,,
"I2C","stop",14.57998,6.24999993e-08,,,,
"I2C","start",14.8779114,6.24999993e-08,,,,
"I2C","address",14.877914,2.325e-05,,true,0x25,false
"I2C","stop",14.8779443,6.24999993e-08,,,,
"I2C","start",14.8779493,6.25000011e-08,,,,
"I2C","address",14.8779519,2.325e-05,,true,0x25,false
"I2C","data",14.8779806,2.31875e-05,0x00,true,,
"I2C","start",14.8780094,6.24999993e-08,,,,
"I2C","address",14.8780119,2.33125e-05,,true,0x25,true
"I2C","data",14.8780454,2.3125e-05,0xA5,true,,
"I2C","data",14.8780701,2.325e-05,0x03,false,,
"I2C","stop",14.8780963,6.25000011e-08,,,,
"I2C","start",14.8781021,6.24999993e-08,,,,
"I2C","address",14.8781047,2.325e-05,,true,0x25,false
"I2C","data",14.8781335,2.31875e-05,0x40,true,,
"I2C","start",14.8781622,6.25000011e-08,,,,
"I2C","address",14.8781647,2.325e-05,,true,0x25,true
"I2C","data",14.8781982,2.31875e-05,0x00,false,,
"I2C","stop",14.8782244,6.25000011e-08,,,,
"I2C","start",14.8782296,6.24999993e-08,,,,
"I2C","address",14.8782322,2.325e-05,,true,0x25,false
"I2C","data",14.878261,2.325e-05,0x00,true,,
"I2C","start",14.8782898,6.25000011e-08,,,,
"I2C","address",14.8782924,2.325e-05,,true,0x25,true
"I2C","data",14.8783258,2.325e-05,0xA5,true,,
"I2C","data",14.8783506,2.325e-05,0x03,true,,
"I2C","data",14.8783753,2.325e-05,0x00,true,,
"I2C","data",14.8784001,2.325e-05,0x00,true,,
"I2C","data",14.8784248,2.325e-05,0x28,true,,
"I2C","data",14.8784495,2.33125e-05,0xEF,true,,
"I2C","data",14.8784743,2.325e-05,0x5B,true,,
"I2C","data",14.878499,2.325e-05,0x00,true,,
"I2C","data",14.8785238,2.325e-05,0x03,true,,
"I2C","data",14.8785485,2.325e-05,0x00,true,,
"I2C","data",14.8785733,2.325e-05,0x00,true,,
"I2C","data",14.8785979,2.325e-05,0x00,true,,
"I2C","data",14.8786227,2.325e-05,0x40,true,,
"I2C","data",14.8786474,2.325e-05,0x0D,true,,
"I2C","data",14.8786722,2.325e-05,0x03,true,,
"I2C","data",14.8786969,2.325e-05,0x00,true,,
"I2C","data",14.8787217,2.325e-05,0x01,true,,
"I2C","data",14.8787464,2.33125e-05,0x00,true,,
"I2C","data",14.8787711,2.325e-05,0x01,true,,
"I2C","data",14.8787959,2.325e-05,0x00,true,,
"I2C","data",14.8788206,2.325e-05,0x80,true,,
"I2C","data",14.8788454,2.325e-05,0x8D,true,,
"I2C","data",14.8788701,2.325e-05,0x5B,true,,
"I2C","data",14.8788948,2.33125e-05,0x00,true,,
"I2C","data",14.8789196,2.325e-05,0x20,true,,
"I2C","data",14.8789443,2.325e-05,0xBF,true,,
"I2C","data",14.8789691,2.325e-05,0x02,true,,
"I2C","data",14.8789938,2.325e-05,0x00,true,,
"I2C","data",14.8790186,2.325e-05,0x00,true,,
"I2C","data",14.8790433,2.325e-05,0x12,true,,
"I2C","data",14.879068,2.325e-05,0x7A,true,,
"I2C","data",14.8790927,2.325e-05,0x00,true,,
"I2C","data",14.8791175,2.325e-05,0x60,true,,
"I2C","data",14.8791422,2.325e-05,0xE3,true,,
"I2C","data",14.8791669,2.33125e-05,0x16,true,,
"I2C","data",14.8791917,2.325e-05,0x00,true,,
"I2C","data",14.8792164,2.325e-05,0x30,true,,
"I2C","data",14.8792412,2.325e-05,0x11,true,,
"I2C","data",14.8792659,2.325e-05,0x00,true,,
"I2C","data",14.8792906,2.325e-05,0x00,true,,
"I2C","data",14.8793154,2.325e-05,0xD0,true,,
"I2C","data",14.8793401,2.325e-05,0xEE,true,,
"I2C","data",14.8793649,2.325e-05,0xFF,true,,
"I2C","data",14.8793896,2.325e-05,0xFF,true,,
"I2C","data",14.8794143,2.33125e-05,0x20,true,,
"I2C","data",14.8794391,2.325e-05,0x03,true,,
"I2C","data",14.8794638,2.325e-05,0xD0,true,,
"I2C","data",14.8794886,2.325e-05,0x07,true,,
"I2C","data",14.8795133,2.325e-05,0x64,true,,
"I2C","data",14.8795381,2.325e-05,0x00,true,,
"I2C","data",14.8795627,2.33125e-05,0xF4,true,,
"I2C","data",14.8795875,2.325e-05,0x01,true,,
"I2C","data",14.8796122,2.325e-05,0x00,true,,
"I2C","data",14.879637,2.325e-05,0x00,true,,
"I2C","data",14.8796618,2.325e-05,0x00,true,,
"I2C","data",14.8796865,2.325e-05,0x00,true,,
"I2C","data",14.8797112,2.325e-05,0x00,true,,
"I2C","data",14.8797359,2.325e-05,0x00,true,,
"I2C","data",14.8797607,2.325e-05,0x00,true,,
"I2C","data",14.8797854,2.325e-05,0x00,true,,
"I2C","data",14.8798101,2.33125e-05,0x00,true,,
"I2C","data",14.8798349,2.325e-05,0x00,true,,
"I2C","data",14.8798596,2.325e-05,0x00,true,,
"I2C","data",14.8798844,2.325e-05,0x00,true,,
"I2C","data",14.8799091,2.325e-05,0x00,true,,
"I2C","data",14.8799339,2.325e-05,0x00,true,,
"I2C","data",14.8799586,2.325e-05,0x00,true,,
"I2C","data",14.8799833,2.325e-05,0x00,true,,
"I2C","data",14.8800081,2.325e-05,0x00,true,,
"I2C","data",14.8800328,2.325e-05,0x00,true,,
"I2C","data",14.8800576,2.325e-05,0x00,true,,
"I2C","data",14.8800822,2.33125e-05,0x00,true,,
"I2C","data",14.880107,2.325e-05,0x00,true,,
"I2C","data",14.8801318,2.325e-05,0x00,true,,
"I2C","data",14.8801565,2.325e-05,0x00,true,,
"I2C","data",14.8801812,2.325e-05,0x00,true,,
"I2C","data",14.8802059,2.325e-05,0x00,true,,
"I2C","data",14.8802307,2.325e-05,0x00,true,,
"I2C","data",14.8802554,2.325e-05,0x00,true,,
"I2C","data",14.8802802,2.325e-05,0x00,true,,
"I2C","data",14.8803049,2.325e-05,0x00,true,,
"I2C","data",14.8803296,2.33125e-05,0x00,true,,
"I2C","data",14.8803544,2.325e-05,0x00,true,,
"I2C","data",14.8803791,2.325e-05,0x00,true,,
"I2C","data",14.8804039,2.325e-05,0x00,true,,
"I2C","data",14.8804286,2.325e-05,0x00,true,,
"I2C","data",14.8804534,2.325e-05,0x00,true,,
"I2C","data",14.8804781,2.33125e-05,0x00,true,,
"I2C","data",14.8805028,2.325e-05,0x00,true,,
"I2C","data",14.8805276,2.325e-05,0x00,true,,
"I2C","data",14.8805523,2.325e-05,0x00,true,,
"I2C","data",14.8805771,2.325e-05,0x00,true,,
"I2C","data",14.8806018,2.325e-05,0x00,true,,
"I2C","data",14.8806265,2.33125e-05,0x00,true,,
"I2C","data",14.8806512,2.325e-05,0x00,true,,
"I2C","data",14.880676,2.325e-05,0x00,false,,
"I2C","stop",14.8807023,6.24999993e-08,,,,
"I2C","start",14.8807076,6.24999993e-08,,,,
"I2C","address",14.8807102,2.325e-05,,true,0x25,false
"I2C","data",14.880739,2.325e-05,0x40,true,,
"I2C","start",14.8807678,6.24999993e-08,,,,
"I2C","address",14.8807704,2.325e-05,,true,0x25,true
"I2C","data",14.8808038,2.325e-05,0x00,false,,
"I2C","stop",14.8808301,6.24999993e-08,,,,
"I2C","start",15.178766,6.24999993e-08,,,,
"I2C","address",15.1787686,2.33125e-05,,true,0x25,false
"I2C","stop",15.1787988,6.24999993e-08,,,,
"I2C","start",15.1788038,6.24999993e-08,,,,
"I2C","address",15.1788063,2.325e-05,,true,0x25,false
"I2C","data",15.1788351,2.325e-05,0x00,true,,
"I2C","start",15.1788638,6.24999993e-08,,,,
"I2C","address",15.1788664,2.325e-05,,true,0x25,true
"I2C","data",15.1788999,2.33125e-05,0xA5,true,,
"I2C","data",15.1789247,2.325e-05,0x03,false,,
"I2C","stop",15.1789509,6.24999993e-08,,,,
"I2C","start",15.1789566,6.25000011e-08,,,,
"I2C","address",15.1789593,2.325e-05,,true,0x25,false
"I2C","data",15.1789879,2.31875e-05,0x40,true,,
"I2C","start",15.1790166,6.2500003e-08,,,,
"I2C","address",15.1790192,2.325e-05,,true,0x25,true
"I2C","data",15.1790527,2.31875e-05,0x00,false,,
"I2C","stop",15.1790788,6.24999993e-08,,,,
"I2C","start",15.1790843,6.25000011e-08,,,,
"I2C","address",15.1790868,2.325e-05,,true,0x25,false
"I2C","data",15.1791156,2.3125e-05,0x00,true,,
"I2C","start",15.1791443,6.24999993e-08,,,,
"I2C","address",15.1791469,2.325e-05,,true,0x25,true
"I2C","data",15.1791804,2.325e-05,0xA5,true,,
"I2C","data",15.1792051,2.33125e-05,0x03,true,,
"I2C","data",15.1792299,2.325e-05,0x00,true,,
"I2C","data",15.1792546,2.325e-05,0x00,true,,
"I2C","data",15.1792794,2.325e-05,0x28,true,,
"I2C","data",15.1793041,2.325e-05,0xEF,true,,
"I2C","data",15.1793289,2.325e-05,0x5B,true,,
"I2C","data",15.1793536,2.33125e-05,0x00,true,,
"I2C","data",15.1793783,2.325e-05,0x03,true,,
"I2C","data",15.1794031,2.325e-05,0x00,true,,
"I2C","data",15.1794278,2.325e-05,0x00,true,,
"I2C","data",15.1794526,2.325e-05,0x00,true,,
"I2C","data",15.1794772,2.33125e-05,0x40,true,,
"I2C","data",15.179502,2.33125e-05,0x0D,true,,
"I2C","data",15.1795268,2.325e-05,0x03,true,,
"I2C","data",15.1795515,2.325e-05,0x00,true,,
"I2C","data",15.1795763,2.325e-05,0x01,true,,
"I2C","data",15.179601,2.325e-05,0x00,true,,
"I2C","data",15.1796257,2.325e-05,0x01,true,,
"I2C","data",15.1796504,2.33125e-05,0x00,true,,
"I2C","data",15.1796752,2.33125e-05,0x80,true,,
"I2C","data",15.1796999,2.325e-05,0x8D,true,,
"I2C","data",15.1797247,2.325e-05,0x5B,true,,
"I2C","data",15.1797494,2.325e-05,0x00,true,,
"I2C","data",15.1797742,2.325e-05,0x20,true,,
"I2C","data",15.1797989,2.325e-05,0xBF,true,,
"I2C","data",15.1798236,2.33125e-05,0x02,true,,
"I2C","data",15.1798484,2.325e-05,0x00,true,,
"I2C","data",15.1798731,2.325e-05,0x00,true,,
"I2C","data",15.1798979,2.325e-05,0x12,true,,
"I2C","data",15.1799226,2.325e-05,0x7A,true,,
"I2C","data",15.1799474,2.325e-05,0x00,true,,
"I2C","data",15.1799721,2.33125e-05,0x60,true,,
"I2C","data",15.1799968,2.33125e-05,0xE3,true,,
"I2C","data",15.1800216,2.325e-05,0x16,true,,
"I2C","data",15.1800463,2.325e-05,0x00,true,,
"I2C","data",15.1800711,2.325e-05,0x30,true,,
"I2C","data",15.1800958,2.325e-05,0x11,true,,
"I2C","data",15.1801206,2.325e-05,0x00,true,,
"I2C","data",15.1801453,2.325e-05,0x00,true,,
"I2C","data",15.18017,2.33125e-05,0xD0,true,,
"I2C","data",15.1801948,2.33125e-05,0xEE,true,,
"I2C","data",15.1802195,2.325e-05,0xFF,true,,
"I2C","data",15.1802442,2.325e-05,0xFF,true,,
"I2C","data",15.180269,2.325e-05,0x20,true,,
"I2C","data",15.1802938,2.325e-05,0x03,true,,
"I2C","data",15.1803185,2.325e-05,0xD0,true,,
"I2C","data",15.1803432,2.325e-05,0x07,true,,
"I2C","data",15.1803679,2.33125e-05,0x64,true,,
"I2C","data",15.1803927,2.325e-05,0x00,true,,
"I2C","data",15.1804174,2.325e-05,0xF4,true,,
"I2C","data",15.1804422,2.325e-05,0x01,true,,
"I2C","data",15.1804669,2.325e-05,0x00,true,,
"I2C","data",15.1804917,2.325e-05,0x00,true,,
"I2C","data",15.1805164,2.33125e-05,0x00,true,,
"I2C","data",15.1805411,2.325e-05,0x00,true,,
"I2C","data",15.1805659,2.325e-05,0x00,true,,
"I2C","data",15.1805906,2.325e-05,0x00,true,,
"I2C","data",15.1806154,2.325e-05,0x00,true,,
"I2C","data",15.1806401,2.325e-05,0x00,true,,
"I2C","data",15.1806649,2.325e-05,0x00,true,,
"I2C","data",15.1806896,2.33125e-05,0x00,true,,
"I2C","data",15.1807143,2.325e-05,0x00,true,,
"I2C","data",15.1807391,2.325e-05,0x00,true,,
"I2C","data",15.1807638,2.325e-05,0x00,true,,
"I2C","data",15.1807886,2.325e-05,0x00,true,,
"I2C","data",15.1808133,2.325e-05,0x00,true,,
"I2C","data",15.1808381,2.325e-05,0x00,true,,
"I2C","data",15.1808628,2.325e-05,0x00,true,,
"I2C","data",15.1808875,2.33125e-05,0x00,true,,
"I2C","data",15.1809123,2.325e-05,0x00,true,,
"I2C","data",15.180937,2.325e-05,0x00,true,,
"I2C","data",15.1809617,2.325e-05,0x00,true,,
"I2C","data",15.1809865,2.325e-05,0x00,true,,
"I2C","data",15.1810112,2.325e-05,0x00,true,,
"I2C","data",15.181036,2.325e-05,0x00,true,,
"I2C","data",15.1810607,2.33125e-05,0x00,true,,
"I2C","data",15.1810854,2.33125e-05,0x00,true,,
"I2C","data",15.1811102,2.325e-05,0x00,true,,
"I2C","data",15.1811349,2.325e-05,0x00,true,,
"I2C","data",15.1811597,2.325e-05,0x00,true,,
"I2C","data",15.1811844,2.325e-05,0x00,true,,
"I2C","data",15.1812092,2.325e-05,0x00,true,,
"I2C","data",15.1812339,2.325e-05,0x00,true,,
"I2C","data",15.1812586,2.33125e-05,0x00,true,,
"I2C","data",15.1812834,2.325e-05,0x00,true,,
"I2C","data",15.1813081,2.325e-05,0x00,true,,
"I2C","data",15.1813329,2.325e-05,0x00,true,,
"I2C","data",15.1813576,2.325e-05,0x00,true,,
"I2C","data",15.1813823,2.325e-05,0x00,true,,
"I2C","data",15.1814071,2.325e-05,0x00,true,,
"I2C","data",15.1814318,2.325e-05,0x00,true,,
"I2C","data",15.1814566,2.325e-05,0x00,true,,
"I2C","data",15.1814812,2.325e-05,0x00,true,,
"I2C","data",15.181506,2.325e-05,0x00,true,,
"I2C","data",15.1815308,2.325e-05,0x00,false,,
"I2C","stop",15.1815569,6.24999993e-08,,,,
"I2C","start",15.181562,6.24999993e-08,,,,
"I2C","address",15.1815646,2.325e-05,,true,0x25,false
"I2C","data",15.1815933,2.3125e-05,0x40,true,,
"I2C","start",15.1816219,6.25000011e-08,,,,
"I2C","address",15.1816246,2.325e-05,,true,0x25,true
"I2C","data",15.1816581,2.325e-05,0x00,false,,
"I2C","stop",15.1816842,6.24999993e-08,,,,
"I2C","start",15.4795978,6.24999993e-08,,,,
"I2C","address",15.4796004,2.325e-05,,true,0x25,false
"I2C","stop",15.4796305,6.24999993e-08,,,,
"I2C","start",15.4796357,6.25000011e-08,,,,
"I2C","address",15.4796384,2.325e-05,,true,0x25,false
"I2C","data",15.4796671,2.33125e-05,0x00,true,,
"I2C","start",15.4796957,6.25000011e-08,,,,
"I2C","address",15.4796983,2.325e-05,,true,0x25,true
"I2C","data",15.4797318,2.325e-05,0xA5,true,,
"I2C","data",15.4797566,2.325e-05,0x03,false,,
"I2C","stop",15.4797828,6.24999993e-08,,,,
"I2C","start",15.4797886,6.24999993e-08,,,,
"I2C","address",15.4797912,2.325e-05,,true,0x25,false
"I2C","data",15.4798199,2.3125e-05,0x40,true,,
"I2C","start",15.4798486,6.24999993e-08,,,,
"I2C","address",15.4798512,2.325e-05,,true,0x25,true
"I2C","data",15.4798848,2.3125e-05,0x00,false,,
"I2C","stop",15.4799108,6.24999993e-08,,,,
"I2C","start",15.4799163,6.24999993e-08,,,,
"I2C","address",15.4799189,2.325e-05,,true,0x25,false
"I2C","data",15.4799476,2.3125e-05,0x00,true,,
"I2C","start",15.4799762,6.24999993e-08,,,,
"I2C","address",15.4799788,2.325e-05,,true,0x25,true
"I2C","data",15.4800122,2.31875e-05,0xA5,true,,
"I2C","data",15.4800369,2.325e-05,0x03,true,,
"I2C","data",15.4800616,2.325e-05,0x00,true,,
"I2C","data",15.4800864,2.325e-05,0x00,true,,
"I2C","data",15.4801111,2.325e-05,0x28,true,,
"I2C","data",15.4801359,2.325e-05,0xEF,true,,
"I2C","data",15.4801606,2.325e-05,0x5B,true,,
"I2C","data",15.4801853,2.325e-05,0x00,true,,
"I2C","data",15.4802101,2.325e-05,0x03,true,,
"I2C","data",15.4802348,2.325e-05,0x00,true,,
"I2C","data",15.4802596,2.325e-05,0x00,true,,
"I2C","data",15.4802843,2.33125e-05,0x00,true,,
"I2C","data",15.480309,2.325e-05,0x40,true,,
"I2C","data",15.4803337,2.325e-05,0x0D,true,,
"I2C","data",15.4803585,2.325e-05,0x03,true,,
"I2C","data",15.4803832,2.325e-05,0x00,true,,
"I2C","data",15.4804079,2.325e-05,0x01,true,,
"I2C","data",15.4804327,2.325e-05,0x00,true,,
"I2C","data",15.4804574,2.325e-05,0x01,true,,
"I2C","data",15.4804822,2.325e-05,0x00,true,,
"I2C","data",15.4805069,2.33125e-05,0x80,true,,
"I2C","data",15.4805316,2.325e-05,0x8D,true,,
"I2C","data",15.4805564,2.325e-05,0x5B,true,,
"I2C","data",15.4805811,2.325e-05,0x00,true,,
"I2C","data",15.4806058,2.33125e-05,0x20,true,,
"I2C","data",15.4806306,2.325e-05,0xBF,true,,
"I2C","data",15.4806553,2.325e-05,0x02,true,,
"I2C","data",15.4806801,2.325e-05,0x00,true,,
"I2C","data",15.4807048,2.325e-05,0x00,true,,
"I2C","data",15.4807296,2.325e-05,0x12,true,,
"I2C","data",15.4807543,2.33125e-05,0x7A,true,,
"I2C","data",15.480779,2.325e-05,0x00,true,,
"I2C","data",15.4808037,2.325e-05,0x60,true,,
"I2C","data",15.4808285,2.325e-05,0xE3,true,,
"I2C","data",15.4808532,2.325e-05,0x16,true,,
"I2C","data",15.4808779,2.33125e-05,0x00,true,,
"I2C","data",15.4809027,2.325e-05,0x30,true,,
"I2C","data",15.4809274,2.325e-05,0x11,true,,
"I2C","data",15.4809522,2.325e-05,0x00,true,,
"I2C","data",15.4809769,2.325e-05,0x00,true,,
"I2C","data",15.4810016,2.33125e-05,0xD0,true,,
"I2C","data",15.4810264,2.325e-05,0xEE,true,,
"I2C","data",15.4810511,2.325e-05,0xFF,true,,
"I2C","data",15.4810759,2.325e-05,0xFF,true,,
"I2C","data",15.4811006,2.33125e-05,0x20,true,,
"I2C","data",15.4811253,2.325e-05,0x03,true,,
"I2C","data",15.4811501,2.325e-05,0xD0,true,,
"I2C","data",15.4811748,2.325e-05,0x07,true,,
"I2C","data",15.4811996,2.325e-05,0x64,true,,
"I2C","data",15.4812243,2.325e-05,0x00,true,,
"I2C","data",15.481249,2.325e-05,0xF4,true,,
"I2C","data",15.4812737,2.325e-05,0x01,true,,
"I2C","data",15.4812985,2.325e-05,0x00,true,,
"I2C","data",15.4813233,2.325e-05,0x00,true,,
"I2C","data",15.4813479,2.33125e-05,0x00,true,,
"I2C","data",15.4813727,2.325e-05,0x00,true,,
"I2C","data",15.4813974,2.325e-05,0x00,true,,
"I2C","data",15.4814222,2.325e-05,0x00,true,,
"I2C","data",15.4814469,2.325e-05,0x00,true,,
"I2C","data",15.4814716,2.33125e-05,0x00,true,,
"I2C","data",15.4814964,2.325e-05,0x00,true,,
"I2C","data",15.4815211,2.325e-05,0x00,true,,
"I2C","data",15.4815459,2.325e-05,0x00,true,,
"I2C","data",15.4815706,2.325e-05,0x00,true,,
"I2C","data",15.4815953,2.325e-05,0x00,true,,
"I2C","data",15.4816201,2.325e-05,0x40,true,,
"I2C","data",15.4816448,2.325e-05,0x00,true,,
"I2C","data",15.4816695,2.325e-05,0x00,true,,
"I2C","data",15.4816943,2.325e-05,0x00,true,,
"I2C","data",15.481719,2.325e-05,0x00,true,,
"I2C","data",15.4817437,2.33125e-05,0x00,true,,
"I2C","data",15.4817684,2.325e-05,0x00,true,,
"I2C","data",15.4817932,2.325e-05,0x00,true,,
"I2C","data",15.4818179,2.325e-05,0x00,true,,
"I2C","data",15.4818426,2.325e-05,0x00,true,,
"I2C","data",15.4818674,2.325e-05,0x00,true,,
"I2C","data",15.4818921,2.325e-05,0x00,true,,
"I2C","data",15.4819169,2.325e-05,0x00,true,,
"I2C","data",15.4819416,2.33125e-05,0x00,true,,
"I2C","data",15.4819663,2.325e-05,0x00,true,,
"I2C","data",15.4819911,2.325e-05,0x00,true,,
"I2C","data",15.4820158,2.325e-05,0x00,true,,
"I2C","data",15.4820406,2.325e-05,0x00,true,,
"I2C","data",15.4820652,2.33125e-05,0x00,true,,
"I2C","data",15.48209,2.325e-05,0x00,true,,
"I2C","data",15.4821147,2.325e-05,0x00,true,,
"I2C","data",15.4821395,2.325e-05,0x00,true,,
"I2C","data",15.4821643,2.325e-05,0x00,true,,
"I2C","data",15.4821889,2.325e-05,0x00,true,,
"I2C","data",15.4822137,2.325e-05,0x00,true,,
"I2C","data",15.4822384,2.325e-05,0x00,true,,
"I2C","data",15.4822632,2.325e-05,0x00,true,,
"I2C","data",15.4822879,2.325e-05,0x00,true,,
"I2C","data",15.4823126,2.325e-05,0x00,true,,
"I2C","data",15.4823374,2.325e-05,0x00,true,,
"I2C","data",15.4823621,2.325e-05,0x00,false,,
"I2C","stop",15.4823883,6.24999993e-08,,,,
"I2C","start",15.4823937,6.25000011e-08,,,,
"I2C","address",15.4823963,2.33125e-05,,true,0x25,false
"I2C","data",15.4824251,2.325e-05,0x40,true,,
"I2C","start",15.4824539,6.24999993e-08,,,,
"I2C","address",15.4824566,2.325e-05,,true,0x25,true
"I2C","data",15.4824901,2.325e-05,0x00,false,,
"I2C","stop",15.4825162,6.24999993e-08,,,,
"I2C","start",15.7804607,6.25000011e-08,,,,
"I2C","address",15.7804633,2.325e-05,,true,0x25,false
"I2C","stop",15.7804934,6.24999993e-08,,,,
"I2C","start",15.7804987,6.24999993e-08,,,,
"I2C","address",15.7805013,2.325e-05,,true,0x25,false
"I2C","data",15.7805301,2.3125e-05,0x00,true,,
"I2C","start",15.7805588,6.25000011e-08,,,,
"I2C","address",15.7805614,2.325e-05,,true,0x25,true
"I2C","data",15.7805949,2.31875e-05,0xA5,true,,
"I2C","data",15.7806196,2.325e-05,0x03,false,,
"I2C","stop",15.7806458,6.25000011e-08,,,,
"I2C","start",15.7806515,6.24999993e-08,,,,
"I2C","address",15.7806541,2.325e-05,,true,0x25,false
"I2C","data",15.7806828,2.3125e-05,0x40,true,,
"I2C","start",15.7807116,6.24999993e-08,,,,
"I2C","address",15.7807142,2.325e-05,,true,0x25,true
"I2C","data",15.7807476,2.31875e-05,0x00,false,,
"I2C","stop",15.7807737,6.24999993e-08,,,,
"I2C","start",15.7807792,6.24999993e-08,,,,
"I2C","address",15.7807818,2.325e-05,,true,0x25,false
"I2C","data",15.7808105,2.3125e-05,0x00,true,,
"I2C","start",15.7808392,6.25000011e-08,,,,
"I2C","address",15.7808419,2.325e-05,,true,0x25,true
"I2C","data",15.7808753,2.31875e-05,0xA5,true,,
"I2C","data",15.7809,2.325e-05,0x03,true,,
"I2C","data",15.7809247,2.33125e-05,0x00,true,,
"I2C","data",15.7809494,2.325e-05,0x00,true,,
"I2C","data",15.7809742,2.325e-05,0x28,true,,
"I2C","data",15.7809989,2.325e-05,0xEF,true,,
"I2C","data",15.7810237,2.325e-05,0x5B,true,,
"I2C","data",15.7810484,2.325e-05,0x00,true,,
"I2C","data",15.7810731,2.325e-05,0x03,true,,
"I2C","data",15.7810979,2.325e-05,0x00,true,,
"I2C","data",15.7811226,2.325e-05,0x00,true,,
"I2C","data",15.7811474,2.325e-05,0x00,true,,
"I2C","data",15.7811721,2.33125e-05,0x40,true,,
"I2C","data",15.7811968,2.325e-05,0x0D,true,,
"I2C","data",15.7812216,2.325e-05,0x03,true,,
"I2C","data",15.7812463,2.325e-05,0x00,true,,
"I2C","data",15.7812711,2.325e-05,0x01,true,,
"I2C","data",15.7812957,2.33125e-05,0x00,true,,
"I2C","data",15.7813205,2.325e-05,0x01,true,,
"I2C","data",15.7813452,2.325e-05,0x00,true,,
"I2C","data",15.78137,2.325e-05,0x80,true,,
"I2C","data",15.7813948,2.325e-05,0x8D,true,,
"I2C","data",15.7814194,2.33125e-05,0x5B,true,,
"I2C","data",15.7814442,2.325e-05,0x00,true,,
"I2C","data",15.7814689,2.325e-05,0x20,true,,
"I2C","data",15.7814937,2.325e-05,0xBF,true,,
"I2C","data",15.7815184,2.325e-05,0x02,true,,
"I2C","data",15.7815431,2.33125e-05,0x00,true,,
"I2C","data",15.7815679,2.325e-05,0x00,true,,
"I2C","data",15.7815926,2.325e-05,0x12,true,,
"I2C","data",15.7816174,2.325e-05,0x7A,true,,
"I2C","data",15.7816421,2.325e-05,0x00,true,,
"I2C","data",15.7816668,2.33125e-05,0x60,true,,
"I2C","data",15.7816916,2.325e-05,0xE3,true,,
"I2C","data",15.7817163,2.325e-05,0x16,true,,
"I2C","data",15.7817411,2.325e-05,0x00,true,,
"I2C","data",15.7817658,2.325e-05,0x30,true,,
"I2C","data",15.7817906,2.325e-05,0x11,true,,
"I2C","data",15.7818152,2.325e-05,0x00,true,,
"I2C","data",15.78184,2.325e-05,0x00,true,,
"I2C","data",15.7818648,2.325e-05,0xD0,true,,
"I2C","data",15.7818895,2.325e-05,0xEE,true,,
"I2C","data",15.7819142,2.33125e-05,0xFF,true,,
"I2C","data",15.7819389,2.325e-05,0xFF,true,,
"I2C","data",15.7819637,2.325e-05,0x20,true,,
"I2C","data",15.7819884,2.325e-05,0x03,true,,
"I2C","data",15.7820132,2.325e-05,0xD0,true,,
"I2C","data",15.7820379,2.325e-05,0x07,true,,
"I2C","data",15.7820626,2.33125e-05,0x64,true,,
"I2C","data",15.7820874,2.325e-05,0x00,true,,
"I2C","data",15.7821121,2.325e-05,0xF4,true,,
"I2C","data",15.7821369,2.325e-05,0x01,true,,
"I2C","data",15.7821616,2.325e-05,0x00,true,,
"I2C","data",15.7821864,2.325e-05,0x00,true,,
"I2C","data",15.7822111,2.33125e-05,0x00,true,,
"I2C","data",15.7822358,2.325e-05,0x00,true,,
"I2C","data",15.7822606,2.325e-05,0x00,true,,
"I2C","data",15.7822853,2.325e-05,0x00,true,,
"I2C","data",15.7823101,2.325e-05,0x00,true,,
"I2C","data",15.7823348,2.325e-05,0x00,true,,
"I2C","data",15.7823595,2.33125e-05,0x00,true,,
"I2C","data",15.7823842,2.325e-05,0x00,true,,
"I2C","data",15.782409,2.325e-05,0x00,true,,
"I2C","data",15.7824337,2.325e-05,0x00,true,,
"I2C","data",15.7824585,2.325e-05,0x00,true,,
"I2C","data",15.7824833,2.325e-05,0x40,true,,
"I2C","data",15.782508,2.325e-05,0x00,true,,
"I2C","data",15.7825327,2.325e-05,0x00,true,,
"I2C","data",15.7825574,2.325e-05,0x00,true,,
"I2C","data",15.7825822,2.325e-05,0x00,true,,
"I2C","data",15.7826069,2.325e-05,0x00,true,,
"I2C","data",15.7826317,2.325e-05,0x00,true,,
"I2C","data",15.7826564,2.325e-05,0x00,true,,
"I2C","data",15.7826811,2.325e-05,0x00,true,,
"I2C","data",15.7827059,2.325e-05,0x00,true,,
"I2C","data",15.7827306,2.325e-05,0x00,true,,
"I2C","data",15.7827554,2.325e-05,0x00,true,,
"I2C","data",15.7827801,2.325e-05,0x00,true,,
"I2C","data",15.7828048,2.33125e-05,0x00,true,,
"I2C","data",15.7828296,2.325e-05,0x00,true,,
"I2C","data",15.7828543,2.325e-05,0x00,true,,
"I2C","data",15.7828791,2.325e-05,0x00,true,,
"I2C","data",15.7829038,2.325e-05,0x00,true,,
"I2C","data",15.7829286,2.325e-05,0x00,true,,
"I2C","data",15.7829533,2.33125e-05,0x00,true,,
"I2C","data",15.782978,2.325e-05,0x00,true,,
"I2C","data",15.7830027,2.325e-05,0x00,true,,
"I2C","data",15.7830275,2.325e-05,0x00,true,,
"I2C","data",15.7830523,2.325e-05,0x00,true,,
"I2C","data",15.783077,2.325e-05,0x00,true,,
"I2C","data",15.7831017,2.33125e-05,0x00,true,,
"I2C","data",15.7831264,2.325e-05,0x00,true,,
"I2C","data",15.7831512,2.325e-05,0x00,true,,
"I2C","data",15.7831759,2.325e-05,0x00,true,,
"I2C","data",15.7832007,2.325e-05,0x00,true,,
"I2C","data",15.7832254,2.325e-05,0x00,false,,
"I2C","stop",15.7832516,6.24999993e-08,,,,
"I2C","start",15.7832568,6.24999993e-08,,,,
"I2C","address",15.7832594,2.33125e-05,,true,0x25,false
"I2C","data",15.7832881,2.31875e-05,0x40,true,,
"I2C","start",15.7833169,6.24999993e-08,,,,
"I2C","address",15.7833195,2.325e-05,,true,0x25,true
"I2C","data",15.783353,2.3125e-05,0x00,false,,
"I2C","stop",15.7833791,6.24999993e-08,,,,
"I2C","start",16.0813097,6.24999993e-08,,,,
"I2C","address",16.0813122,2.33125e-05,,true,0x25,false
"I2C","stop",16.0813425,6.24999993e-08,,,,
"I2C","start",16.0813475,6.24999993e-08,,,,
"I2C","address",16.0813501,2.325e-05,,true,0x25,false
"I2C","data",16.0813789,2.31875e-05,0x00,true,,
"I2C","start",16.0814076,6.25000011e-08,,,,
"I2C","address",16.0814103,2.325e-05,,true,0x25,true
"I2C","data",16.0814437,2.325e-05,0xA5,true,,
"I2C","data",16.0814684,2.325e-05,0x03,false,,
"I2C","stop",16.0814947,6.25000011e-08,,,,
"I2C","start",16.0815004,6.24999993e-08,,,,
"I2C","address",16.0815031,2.325e-05,,true,0x25,false
"I2C","data",16.0815318,2.325e-05,0x40,true,,
"I2C","start",16.0815606,6.24999993e-08,,,,
"I2C","address",16.0815631,2.325e-05,,true,0x25,true
"I2C","data",16.0815966,2.31875e-05,0x00,false,,
"I2C","stop",16.0816228,6.25000011e-08,,,,
"I2C","start",16.081628,6.24999993e-08,,,,
"I2C","address",16.0816306,2.325e-05,,true,0x25,false
"I2C","data",16.0816593,2.31875e-05,0x00,true,,
"I2C","start",16.0816881,6.24999993e-08,,,,
"I2C","address",16.0816907,2.325e-05,,true,0x25,true
"I2C","data",16.0817241,2.31875e-05,0xA5,true,,
"I2C","data",16.0817488,2.325e-05,0x03,true,,
"I2C","data",16.0817735,2.33125e-05,0x00,true,,
"I2C","data",16.0817982,2.325e-05,0x00,true,,
"I2C","data",16.081823,2.325e-05,0x28,true,,
"I2C","data",16.0818478,2.325e-05,0xEF,true,,
"I2C","data",16.0818725,2.325e-05,0x5B,true,,
"I2C","data",16.0818972,2.325e-05,0x00,true,,
"I2C","data",16.0819219,2.325e-05,0x03,true,,
"I2C","data",16.0819467,2.325e-05,0x00,true,,
"I2C","data",16.0819714,2.325e-05,0x00,true,,
"I2C","data",16.0819961,2.325e-05,0x00,true,,
"I2C","data",16.0820209,2.325e-05,0x40,true,,
"I2C","data",16.0820456,2.325e-05,0x0D,true,,
"I2C","data",16.0820703,2.325e-05,0x03,true,,
"I2C","data",16.0820951,2.325e-05,0x00,true,,
"I2C","data",16.0821198,2.325e-05,0x01,true,,
"I2C","data",16.0821446,2.325e-05,0x00,true,,
"I2C","data",16.0821692,2.33125e-05,0x01,true,,
"I2C","data",16.082194,2.325e-05,0x00,true,,
"I2C","data",16.0822187,2.325e-05,0x80,true,,
"I2C","data",16.0822435,2.325e-05,0x8D,true,,
"I2C","data",16.0822682,2.325e-05,0x5B,true,,
"I2C","data",16.0822929,2.325e-05,0x00,true,,
"I2C","data",16.0823177,2.325e-05,0x20,true,,
"I2C","data",16.0823424,2.325e-05,0xBF,true,,
"I2C","data",16.0823672,2.325e-05,0x02,true,,
"I2C","data",16.0823919,2.325e-05,0x00,true,,
"I2C","data",16.0824166,2.325e-05,0x00,true,,
"I2C","data",16.0824414,2.325e-05,0x12,true,,
"I2C","data",16.0824661,2.325e-05,0x7A,true,,
"I2C","data",16.0824909,2.325e-05,0x00,true,,
"I2C","data",16.0825156,2.325e-05,0x60,true,,
"I2C","data",16.0825403,2.325e-05,0xE3,true,,
"I2C","data",16.0825651,2.325e-05,0x16,true,,
"I2C","data",16.0825898,2.325e-05,0x00,true,,
"I2C","data",16.0826145,2.33125e-05,0x30,true,,
"I2C","data",16.0826392,2.325e-05,0x11,true,,
"I2C","data",16.082664,2.325e-05,0x00,true,,
"I2C","data",16.0826887,2.325e-05,0x00,true,,
"I2C","data",16.0827135,2.325e-05,0xD0,true,,
"I2C","data",16.0827382,2.33125e-05,0xEE,true,,
"I2C","data",16.0827629,2.325e-05,0xFF,true,,
"I2C","data",16.0827877,2.325e-05,0xFF,true,,
"I2C","data",16.0828124,2.325e-05,0x20,true,,
"I2C","data",16.0828372,2.325e-05,0x03,true,,
"I2C","data",16.0828619,2.33125e-05,0xD0,true,,
"I2C","data",16.0828866,2.325e-05,0x07,true,,
"I2C","data",16.0829114,2.325e-05,0x64,true,,
"I2C","data",16.0829361,2.325e-05,0x00,true,,
"I2C","data",16.0829609,2.325e-05,0xF4,true,,
"I2C","data",16.0829856,2.325e-05,0x01,true,,
"I2C","data",16.0830103,2.33125e-05,0x00,true,,
"I2C","data",16.0830351,2.33125e-05,0x00,true,,
"I2C","data",16.0830598,2.325e-05,0x00,true,,
"I2C","data",16.0830846,2.325e-05,0x00,true,,
"I2C","data",16.0831093,2.325e-05,0x00,true,,
"I2C","data",16.0831341,2.325e-05,0x00,true,,
"I2C","data",16.0831587,2.33125e-05,0x00,true,,
"I2C","data",16.0831835,2.325e-05,0x00,true,,
"I2C","data",16.0832082,2.325e-05,0x00,true,,
"I2C","data",16.083233,2.325e-05,0x00,true,,
"I2C","data",16.0832578,2.325e-05,0x00,true,,
"I2C","data",16.0832824,2.33125e-05,0x00,true,,
"I2C","data",16.0833072,2.325e-05,0x00,true,,
"I2C","data",16.0833319,2.325e-05,0x40,true,,
"I2C","data",16.0833567,2.325e-05,0x00,true,,
"I2C","data",16.0833814,2.325e-05,0x00,true,,
"I2C","data",16.0834062,2.325e-05,0x00,true,,
"I2C","data",16.0834309,2.33125e-05,0x00,true,,
"I2C","data",16.0834556,2.325e-05,0x00,true,,
"I2C","data",16.0834804,2.325e-05,0x00,true,,
"I2C","data",16.0835051,2.325e-05,0x00,true,,
"I2C","data",16.0835299,2.325e-05,0x00,true,,
"I2C","data",16.0835546,2.325e-05,0x00,true,,
"I2C","data",16.0835793,2.325e-05,0x00,true,,
"I2C","data",16.0836041,2.325e-05,0x00,true,,
"I2C","data",16.0836288,2.325e-05,0x00,true,,
"I2C","data",16.0836536,2.325e-05,0x00,true,,
"I2C","data",16.0836782,2.33125e-05,0x00,true,,
"I2C","data",16.083703,2.325e-05,0x00,true,,
"I2C","data",16.0837278,2.325e-05,0x00,true,,
"I2C","data",16.0837525,2.325e-05,0x00,true,,
"I2C","data",16.0837773,2.325e-05,0x00,true,,
"I2C","data",16.083802,2.325e-05,0x00,true,,
"I2C","data",16.0838268,2.325e-05,0x00,true,,
"I2C","data",16.0838514,2.33125e-05,0x00,true,,
"I2C","data",16.0838762,2.325e-05,0x00,true,,
"I2C","data",16.0839009,2.325e-05,0x00,true,,
"I2C","data",16.0839257,2.325e-05,0x00,true,,
"I2C","data",16.0839504,2.325e-05,0x00,true,,
"I2C","data",16.0839752,2.325e-05,0x00,true,,
"I2C","data",16.0839999,2.325e-05,0x00,true,,
"I2C","data",16.0840246,2.325e-05,0x00,true,,
"I2C","data",16.0840494,2.325e-05,0x00,true,,
"I2C","data",16.0840741,2.325e-05,0x00,false,,
"I2C","stop",16.0841004,6.24999993e-08,,,,
"I2C","start",16.0841059,6.24999993e-08,,,,
"I2C","address",16.0841085,2.325e-05,,true,0x25,false
"I2C","data",16.0841372,2.33125e-05,0x40,true,,
"I2C","start",16.084166,6.25000011e-08,,,,
"I2C","address",16.0841686,2.325e-05,,true,0x25,true
"I2C","data",16.0842021,2.325e-05,0x00,false,,
"I2C","stop",16.0842283,6.24999993e-08,,,,
"I2C","start",16.3821514,6.25000011e-08,,,,
"I2C","address",16.3821541,2.325e-05,,true,0x25,false
"I2C","stop",16.3821841,6.25000011e-08,,,,
"I2C","start",16.3821892,6.24999993e-08,,,,
"I2C","address",16.3821918,2.33125e-05,,true,0x25,false
"I2C","data",16.3822206,2.3125e-05,0x00,true,,
"I2C","start",16.3822493,6.24999993e-08,,,,
"I2C","address",16.3822519,2.325e-05,,true,0x25,true
"I2C","data",16.3822853,2.31875e-05,0xA5,true,,
"I2C","data",16.38231,2.325e-05,0x03,false,,
"I2C","stop",16.3823362,6.25000011e-08,,,,
"I2C","start",16.3823421,6.24999993e-08,,,,
"I2C","address",16.3823447,2.325e-05,,true,0x25,false
"I2C","data",16.3823734,2.31875e-05,0x40,true,,
"I2C","start",16.3824022,6.25000011e-08,,,,
"I2C","address",16.3824048,2.325e-05,,true,0x25,true
"I2C","data",16.3824383,2.325e-05,0x00,false,,
"I2C","stop",16.3824645,6.24999993e-08,,,,
"I2C","start",16.3824697,6.24999993e-08,,,,
"I2C","address",16.3824722,2.33125e-05,,true,0x25,false
"I2C","data",16.3825009,2.31875e-05,0x00,true,,
"I2C","start",16.3825297,6.24999993e-08,,,,
"I2C","address",16.3825324,2.325e-05,,true,0x25,true
"I2C","data",16.3825659,2.31875e-05,0xA5,true,,
"I2C","data",16.3825906,2.325e-05,0x03,true,,
"I2C","data",16.3826153,2.33125e-05,0x00,true,,
"I2C","data",16.3826401,2.325e-05,0x00,true,,
"I2C","data",16.3826648,2.325e-05,0x28,true,,
"I2C","data",16.3826896,2.325e-05,0xEF,true,,
"I2C","data",16.3827143,2.325e-05,0x5B,true,,
"I2C","data",16.3827391,2.325e-05,0x00,true,,
"I2C","data",16.3827638,2.325e-05,0x03,true,,
"I2C","data",16.3827886,2.325e-05,0x00,true,,
"I2C","data",16.3828133,2.325e-05,0x00,true,,
"I2C","data",16.382838,2.325e-05,0x00,true,,
"I2C","data",16.3828628,2.325e-05,0x40,true,,
"I2C","data",16.3828875,2.325e-05,0x0D,true,,
"I2C","data",16.3829123,2.325e-05,0x03,true,,
"I2C","data",16.3829369,2.33125e-05,0x00,true,,
"I2C","data",16.3829617,2.325e-05,0x01,true,,
"I2C","data",16.3829864,2.325e-05,0x00,true,,
"I2C","data",16.3830112,2.325e-05,0x01,true,,
"I2C","data",16.3830359,2.325e-05,0x00,true,,
"I2C","data",16.3830607,2.325e-05,0x80,true,,
"I2C","data",16.3830854,2.325e-05,0x8D,true,,
"I2C","data",16.3831101,2.33125e-05,0x5B,true,,
"I2C","data",16.3831349,2.325e-05,0x00,true,,
"I2C","data",16.3831596,2.325e-05,0x20,true,,
"I2C","data",16.3831844,2.325e-05,0xBF,true,,
"I2C","data",16.3832091,2.325e-05,0x02,true,,
"I2C","data",16.3832339,2.325e-05,0x00,true,,
"I2C","data",16.3832586,2.325e-05,0x00,true,,
"I2C","data",16.3832833,2.325e-05,0x12,true,,
"I2C","data",16.3833081,2.325e-05,0x7A,true,,
"I2C","data",16.3833328,2.325e-05,0x00,true,,
"I2C","data",16.3833576,2.325e-05,0x60,true,,
"I2C","data",16.3833823,2.325e-05,0xE3,true,,
"I2C","data",16.383407,2.325e-05,0x16,true,,
"I2C","data",16.3834317,2.325e-05,0x00,true,,
"I2C","data",16.3834565,2.325e-05,0x30,true,,
"I2C","data",16.3834812,2.325e-05,0x11,true,,
"I2C","data",16.3835059,2.33125e-05,0x00,true,,
"I2C","data",16.3835307,2.325e-05,0x00,true,,
"I2C","data",16.3835554,2.325e-05,0xD0,true,,
"I2C","data",16.3835802,2.325e-05,0xEE,true,,
"I2C","data",16.3836049,2.325e-05,0xFF,true,,
"I2C","data",16.3836297,2.325e-05,0xFF,true,,
"I2C","data",16.3836544,2.33125e-05,0x20,true,,
"I2C","data",16.3836791,2.325e-05,0x03,true,,
"I2C","data",16.3837039,2.325e-05,0xD0,true,,
"I2C","data",16.3837286,2.325e-05,0x07,true,,
"I2C","data",16.3837534,2.325e-05,0x64,true,,
"I2C","data",16.3837781,2.325e-05,0x00,true,,
"I2C","data",16.3838028,2.325e-05,0xF4,true,,
"I2C","data",16.3838276,2.325e-05,0x01,true,,
"I2C","data",16.3838523,2.325e-05,0x00,true,,
"I2C","data",16.3838771,2.325e-05,0x00,true,,
"I2C","data",16.3839018,2.325e-05,0x00,true,,
"I2C","data",16.3839266,2.325e-05,0x00,true,,
"I2C","data",16.3839512,2.33125e-05,0x00,true,,
"I2C","data",16.383976,2.325e-05,0x00,true,,
"I2C","data",16.3840007,2.325e-05,0x00,true,,
"I2C","data",16.3840255,2.325e-05,0x00,true,,
"I2C","data",16.3840503,2.325e-05,0x00,true,,
"I2C","data",16.384075,2.325e-05,0x00,true,,
"I2C","data",16.3840997,2.33125e-05,0x00,true,,
"I2C","data",16.3841244,2.325e-05,0x00,true,,
"I2C","data",16.3841492,2.325e-05,0x00,true,,
"I2C","data",16.3841739,2.325e-05,0x40,true,,
"I2C","data",16.3841987,2.325e-05,0x00,true,,
"I2C","data",16.3842234,2.325e-05,0x00,true,,
"I2C","data",16.3842481,2.33125e-05,0x00,true,,
"I2C","data",16.3842729,2.325e-05,0x00,true,,
"I2C","data",16.3842976,2.325e-05,0x00,true,,
"I2C","data",16.3843224,2.325e-05,0x00,true,,
"I2C","data",16.3843471,2.325e-05,0x00,true,,
"I2C","data",16.3843719,2.325e-05,0x00,true,,
"I2C","data",16.3843966,2.325e-05,0x00,true,,
"I2C","data",16.3844213,2.33125e-05,0x00,true,,
"I2C","data",16.3844461,2.325e-05,0x00,true,,
"I2C","data",16.3844708,2.325e-05,0x00,true,,
"I2C","data",16.3844956,2.325e-05,0x00,true,,
"I2C","data",16.3845203,2.325e-05,0x00,true,,
"I2C","data",16.3845451,2.325e-05,0x00,true,,
"I2C","data",16.3845698,2.33125e-05,0x00,true,,
"I2C","data",16.3845945,2.325e-05,0x00,true,,
"I2C","data",16.3846193,2.325e-05,0x00,true,,
"I2C","data",16.384644,2.325e-05,0x00,true,,
"I2C","data",16.3846687,2.325e-05,0x00,true,,
"I2C","data",16.3846935,2.325e-05,0x00,true,,
"I2C","data",16.3847182,2.33125e-05,0x00,true,,
"I2C","data",16.3847429,2.325e-05,0x00,true,,
"I2C","data",16.3847677,2.325e-05,0x00,true,,
"I2C","data",16.3847924,2.325e-05,0x00,true,,
"I2C","data",16.3848172,2.325e-05,0x00,true,,
"I2C","data",16.3848419,2.325e-05,0x00,true,,
"I2C","data",16.3848667,2.325e-05,0x00,true,,
"I2C","data",16.3848914,2.325e-05,0x00,true,,
"I2C","data",16.3849161,2.325e-05,0x00,false,,
"I2C","stop",16.3849424,6.24999993e-08,,,,
"I2C","start",16.3849479,6.24999993e-08,,,,
"I2C","address",16.3849505,2.325e-05,,true,0x25,false
"I2C","data",16.3849793,2.325e-05,0x40,true,,
"I2C","start",16.3850081,6.24999993e-08,,,,
"I2C","address",16.3850107,2.325e-05,,true,0x25,true
"I2C","data",16.3850441,2.31875e-05,0x00,false,,
"I2C","stop",16.3850703,6.2500003e-08,,,,
"I2C","start",16.6829894,6.2500003e-08,,,,
"I2C","address",16.682992,2.325e-05,,true,0x25,false
"I2C","stop",16.6830223,6.24999993e-08,,,,
"I2C","start",16.6830272,6.24999993e-08,,,,
"I2C","address",16.6830299,2.325e-05,,true,0x25,false
"I2C","data",16.6830586,2.33125e-05,0x00,true,,
"I2C","start",16.6830874,6.24999993e-08,,,,
"I2C","address",16.6830899,2.325e-05,,true,0x25,true
"I2C","data",16.6831234,2.325e-05,0xA5,true,,
"I2C","data",16.6831482,2.325e-05,0x03,false,,
"I2C","stop",16.6831744,6.2500003e-08,,,,
"I2C","start",16.6831803,6.24999993e-08,,,,
"I2C","address",16.6831829,2.33125e-05,,true,0x25,false
"I2C","data",16.6832118,2.3125e-05,0x40,true,,
"I2C","start",16.6832403,6.24999993e-08,,,,
"I2C","address",16.6832429,2.325e-05,,true,0x25,true
"I2C","data",16.6832764,2.31875e-05,0x00,false,,
"I2C","stop",16.6833026,6.24999993e-08,,,,
"I2C","start",16.6833079,6.24999993e-08,,,,
"I2C","address",16.6833104,2.325e-05,,true,0x25,false
"I2C","data",16.6833392,2.325e-05,0x00,true,,
"I2C","start",16.6833679,6.24999993e-08,,,,
"I2C","address",16.6833706,2.325e-05,,true,0x25,true
"I2C","data",16.683404,2.31875e-05,0xA5,true,,
"I2C","data",16.6834287,2.325e-05,0x03,true,,
"I2C","data",16.6834534,2.33125e-05,0x00,true,,
"I2C","data",16.6834781,2.325e-05,0x00,true,,
"I2C","data",16.6835029,2.325e-05,0x28,true,,
"I2C","data",16.6835276,2.325e-05,0xEF,true,,
"I2C","data",16.6835524,2.325e-05,0x5B,true,,
"I2C","data",16.6835771,2.33125e-05,0x00,true,,
"I2C","data",16.6836018,2.325e-05,0x03,true,,
"I2C","data",16.6836266,2.325e-05,0x00,true,,
"I2C","data",16.6836513,2.325e-05,0x00,true,,
"I2C","data",16.6836761,2.325e-05,0x00,true,,
"I2C","data",16.6837007,2.33125e-05,0x40,true,,
"I2C","data",16.6837255,2.325e-05,0x0D,true,,
"I2C","data",16.6837502,2.325e-05,0x03,true,,
"I2C","data",16.683775,2.325e-05,0x00,true,,
"I2C","data",16.6837997,2.325e-05,0x01,true,,
"I2C","data",16.6838244,2.33125e-05,0x00,true,,
"I2C","data",16.6838492,2.325e-05,0x01,true,,
"I2C","data",16.6838739,2.325e-05,0x00,true,,
"I2C","data",16.6838987,2.325e-05,0x80,true,,
"I2C","data",16.6839234,2.325e-05,0x8D,true,,
"I2C","data",16.6839482,2.325e-05,0x5B,true,,
"I2C","data",16.6839729,2.325e-05,0x00,true,,
"I2C","data",16.6839976,2.325e-05,0x20,true,,
"I2C","data",16.6840224,2.325e-05,0xBF,true,,
"I2C","data",16.6840471,2.325e-05,0x02,true,,
"I2C","data",16.6840718,2.33125e-05,0x00,true,,
"I2C","data",16.6840966,2.325e-05,0x00,true,,
"I2C","data",16.6841213,2.325e-05,0x12,true,,
"I2C","data",16.6841461,2.325e-05,0x7A,true,,
"I2C","data",16.6841708,2.325e-05,0x00,true,,
"I2C","data",16.6841955,2.33125e-05,0x60,true,,
"I2C","data",16.6842202,2.325e-05,0xE3,true,,
"I2C","data",16.684245,2.325e-05,0x16,true,,
"I2C","data",16.6842697,2.325e-05,0x00,true,,
"I2C","data",16.6842945,2.325e-05,0x30,true,,
"I2C","data",16.6843192,2.325e-05,0x11,true,,
"I2C","data",16.6843439,2.325e-05,0x00,true,,
"I2C","data",16.6843687,2.325e-05,0x00,true,,
"I2C","data",16.6843934,2.33125e-05,0xD0,true,,
"I2C","data",16.6844181,2.325e-05,0xEE,true,,
"I2C","data",16.6844429,2.325e-05,0xFF,true,,
"I2C","data",16.6844676,2.325e-05,0xFF,true,,
"I2C","data",16.6844923,2.33125e-05,0x20,true,,
"I2C","data",16.6845171,2.325e-05,0x03,true,,
"I2C","data",16.6845418,2.325e-05,0xD0,true,,
"I2C","data",16.6845666,2.325e-05,0x07,true,,
"I2C","data",16.6845913,2.325e-05,0x64,true,,
"I2C","data",16.684616,2.325e-05,0x00,true,,
"I2C","data",16.6846407,2.325e-05,0xF4,true,,
"I2C","data",16.6846655,2.325e-05,0x01,true,,
"I2C","data",16.6846902,2.325e-05,0x00,true,,
"I2C","data",16.6847149,2.325e-05,0x00,true,,
"I2C","data",16.6847397,2.325e-05,0x00,true,,
"I2C","data",16.6847644,2.325e-05,0x00,true,,
"I2C","data",16.6847892,2.325e-05,0x00,true,,
"I2C","data",16.6848139,2.33125e-05,0x00,true,,
"I2C","data",16.6848386,2.325e-05,0x00,true,,
"I2C","data",16.6848634,2.325e-05,0x00,true,,
"I2C","data",16.6848881,2.325e-05,0x00,true,,
"I2C","data",16.6849129,2.325e-05,0x00,true,,
"I2C","data",16.6849376,2.325e-05,0x00,true,,
"I2C","data",16.6849623,2.325e-05,0x00,true,,
"I2C","data",16.6849871,2.325e-05,0x00,true,,
"I2C","data",16.6850118,2.325e-05,0x40,true,,
"I2C","data",16.6850366,2.325e-05,0x00,true,,
"I2C","data",16.6850613,2.325e-05,0x00,true,,
"I2C","data",16.685086,2.325e-05,0x00,true,,
"I2C","data",16.6851107,2.325e-05,0x00,true,,
"I2C","data",16.6851355,2.325e-05,0x00,true,,
"I2C","data",16.6851602,2.325e-05,0x00,true,,
"I2C","data",16.6851849,2.33125e-05,0x00,true,,
"I2C","data",16.6852097,2.325e-05,0x00,true,,
"I2C","data",16.6852344,2.325e-05,0x00,true,,
"I2C","data",16.6852592,2.325e-05,0x00,true,,
"I2C","data",16.6852839,2.325e-05,0x00,true,,
"I2C","data",16.6853086,2.33125e-05,0x00,true,,
"I2C","data",16.6853334,2.325e-05,0x00,true,,
"I2C","data",16.6853581,2.325e-05,0x00,true,,
"I2C","data",16.6853829,2.325e-05,0x00,true,,
"I2C","data",16.6854076,2.325e-05,0x00,true,,
"I2C","data",16.6854323,2.33125e-05,0x00,true,,
"I2C","data",16.6854571,2.325e-05,0x00,true,,
"I2C","data",16.6854818,2.325e-05,0x00,true,,
"I2C","data",16.6855066,2.325e-05,0x00,true,,
"I2C","data",16.6855313,2.325e-05,0x00,true,,
"I2C","data",16.685556,2.33125e-05,0x00,true,,
"I2C","data",16.6855807,2.325e-05,0x00,true,,
"I2C","data",16.6856055,2.325e-05,0x00,true,,
"I2C","data",16.6856302,2.325e-05,0x00,true,,
"I2C","data",16.685655,2.325e-05,0x00,true,,
"I2C","data",16.6856797,2.325e-05,0x00,true,,
"I2C","data",16.6857044,2.33125e-05,0x00,true,,
"I2C","data",16.6857292,2.325e-05,0x00,true,,
"I2C","data",16.6857539,2.325e-05,0x00,false,,
"I2C","stop",16.6857801,6.24999993e-08,,,,
"I2C","start",16.6857858,6.24999993e-08,,,,
"I2C","address",16.6857884,2.325e-05,,true,0x25,false
"I2C","data",16.6858171,2.3125e-05,0x40,true,,
"I2C","start",16.6858458,6.24999993e-08,,,,
"I2C","address",16.6858484,2.325e-05,,true,0x25,true
"I2C","data",16.6858818,2.31875e-05,0x00,false,,
"I2C","stop",16.6859079,6.2500003e-08,,,,
"I2C","start",16.9838222,6.24999993e-08,,,,
"I2C","address",16.9838249,2.325e-05,,true,0x25,false
"I2C","stop",16.9838551,6.24999993e-08,,,,
"I2C","start",16.9838601,6.24999993e-08,,,,
"I2C","address",16.9838628,2.325e-05,,true,0x25,false
"I2C","data",16.9838914,2.31875e-05,0x00,true,,
"I2C","start",16.9839202,6.24999993e-08,,,,
"I2C","address",16.9839228,2.325e-05,,true,0x25,true
"I2C","data",16.9839562,2.31875e-05,0xA5,true,,
"I2C","data",16.9839809,2.325e-05,0x03,false,,
"I2C","stop",16.9840071,6.2500003e-08,,,,
"I2C","start",16.984013,6.24999993e-08,,,,
"I2C","address",16.9840156,2.325e-05,,true,0x25,false
"I2C","data",16.9840444,2.325e-05,0x40,true,,
"I2C","start",16.9840731,6.2500003e-08,,,,
"I2C","address",16.9840757,2.325e-05,,true,0x25,true
"I2C","data",16.9841092,2.3125e-05,0x00,false,,
"I2C","stop",16.9841353,6.24999993e-08,,,,
"I2C","start",16.9841406,6.2500003e-08,,,,
"I2C","address",16.9841432,2.325e-05,,true,0x25,false
"I2C","data",16.9841719,2.31875e-05,0x00,true,,
"I2C","start",16.9842007,6.24999993e-08,,,,
"I2C","address",16.9842033,2.325e-05,,true,0x25,true
"I2C","data",16.9842368,2.31875e-05,0xA5,true,,
"I2C","data",16.9842615,2.325e-05,0x03,true,,
"I2C","data",16.9842863,2.325e-05,0x00,true,,
"I2C","data",16.9843109,2.325e-05,0x00,true,,
"I2C","data",16.9843357,2.325e-05,0x28,true,,
"I2C","data",16.9843604,2.325e-05,0xEF,true,,
"I2C","data",16.9843852,2.325e-05,0x5B,true,,
"I2C","data",16.9844099,2.325e-05,0x00,true,,
"I2C","data",16.9844346,2.325e-05,0x03,true,,
"I2C","data",16.9844594,2.325e-05,0x00,true,,
"I2C","data",16.9844841,2.325e-05,0x00,true,,
"I2C","data",16.9845089,2.325e-05,0x00,true,,
"I2C","data",16.9845336,2.325e-05,0x40,true,,
"I2C","data",16.9845583,2.325e-05,0x0D,true,,
"I2C","data",16.9845831,2.325e-05,0x03,true,,
"I2C","data",16.9846078,2.325e-05,0x00,true,,
"I2C","data",16.9846326,2.325e-05,0x01,true,,
"I2C","data",16.9846573,2.325e-05,0x00,true,,
"I2C","data",16.984682,2.325e-05,0x01,true,,
"I2C","data",16.9847068,2.325e-05,0x00,true,,
"I2C","data",16.9847315,2.325e-05,0x80,true,,
"I2C","data",16.9847562,2.33125e-05,0x8D,true,,
"I2C","data",16.9847809,2.33125e-05,0x5B,true,,
"I2C","data",16.9848057,2.325e-05,0x00,true,,
"I2C","data",16.9848304,2.325e-05,0x20,true,,
"I2C","data",16.9848552,2.325e-05,0xBF,true,,
"I2C","data",16.9848799,2.325e-05,0x02,true,,
"I2C","data",16.9849046,2.33125e-05,0x00,true,,
"I2C","data",16.9849294,2.325e-05,0x00,true,,
"I2C","data",16.9849541,2.325e-05,0x12,true,,
"I2C","data",16.9849789,2.325e-05,0x7A,true,,
"I2C","data",16.9850036,2.325e-05,0x00,true,,
"I2C","data",16.9850283,2.33125e-05,0x60,true,,
"I2C","data",16.9850531,2.325e-05,0xE3,true,,
"I2C","data",16.9850778,2.325e-05,0x16,true,,
"I2C","data",16.9851026,2.325e-05,0x00,true,,
"I2C","data",16.9851273,2.325e-05,0x30,true,,
"I2C","data",16.9851521,2.325e-05,0x11,true,,
"I2C","data",16.9851768,2.33125e-05,0x00,true,,
"I2C","data",16.9852015,2.325e-05,0x00,true,,
"I2C","data",16.9852263,2.325e-05,0xD0,true,,
"I2C","data",16.985251,2.325e-05,0xEE,true,,
"I2C","data",16.9852757,2.325e-05,0xFF,true,,
"I2C","data",16.9853004,2.33125e-05,0xFF,true,,
"I2C","data",16.9853252,2.325e-05,0x20,true,,
"I2C","data",16.9853499,2.325e-05,0x03,true,,
"I2C","data",16.9853747,2.325e-05,0xD0,true,,
"I2C","data",16.9853994,2.325e-05,0x07,true,,
"I2C","data",16.9854241,2.33125e-05,0x64,true,,
"I2C","data",16.9854489,2.325e-05,0x00,true,,
"I2C","data",16.9854736,2.325e-05,0xF4,true,,
"I2C","data",16.9854984,2.325e-05,0x01,true,,
"I2C","data",16.9855231,2.325e-05,0x00,true,,
"I2C","data",16.9855479,2.325e-05,0x00,true,,
"I2C","data",16.9855726,2.325e-05,0x00,true,,
"I2C","data",16.9855973,2.325e-05,0x00,true,,
"I2C","data",16.9856221,2.325e-05,0x00,true,,
"I2C","data",16.9856468,2.325e-05,0x00,true,,
"I2C","data",16.9856716,2.325e-05,0x00,true,,
"I2C","data",16.9856963,2.33125e-05,0x00,true,,
"I2C","data",16.985721,2.325e-05,0x00,true,,
"I2C","data",16.9857457,2.325e-05,0x00,true,,
"I2C","data",16.9857705,2.325e-05,0x00,true,,
"I2C","data",16.9857952,2.33125e-05,0x00,true,,
"I2C","data",16.9858199,2.325e-05,0x00,true,,
"I2C","data",16.9858447,2.325e-05,0x40,true,,
"I2C","data",16.9858694,2.325e-05,0x00,true,,
"I2C","data",16.9858942,2.325e-05,0x00,true,,
"I2C","data",16.9859189,2.325e-05,0x00,true,,
"I2C","data",16.9859436,2.325e-05,0x00,true,,
"I2C","data",16.9859684,2.325e-05,0x00,true,,
"I2C","data",16.9859931,2.325e-05,0x00,true,,
"I2C","data",16.9860178,2.33125e-05,0x00,true,,
"I2C","data",16.9860426,2.325e-05,0x00,true,,
"I2C","data",16.9860673,2.325e-05,0x00,true,,
"I2C","data",16.9860921,2.325e-05,0x00,true,,
"I2C","data",16.9861168,2.325e-05,0x00,true,,
"I2C","data",16.9861416,2.325e-05,0x00,true,,
"I2C","data",16.9861663,2.325e-05,0x00,true,,
"I2C","data",16.986191,2.325e-05,0x00,true,,
"I2C","data",16.9862157,2.325e-05,0x00,true,,
"I2C","data",16.9862405,2.325e-05,0x00,true,,
"I2C","data",16.9862652,2.325e-05,0x00,true,,
"I2C","data",16.9862899,2.325e-05,0x00,true,,
"I2C","data",16.9863147,2.325e-05,0x00,true,,
"I2C","data",16.9863394,2.325e-05,0x00,true,,
"I2C","data",16.9863642,2.325e-05,0x00,true,,
"I2C","data",16.9863889,2.325e-05,0x00,true,,
"I2C","data",16.9864136,2.325e-05,0x00,true,,
"I2C","data",16.9864384,2.325e-05,0x00,true,,
"I2C","data",16.9864631,2.325e-05,0x00,true,,
"I2C","data",16.9864878,2.325e-05,0x00,true,,
"I2C","data",16.9865126,2.325e-05,0x00,true,,
"I2C","data",16.9865373,2.325e-05,0x00,true,,
"I2C","data",16.9865621,2.325e-05,0x00,true,,
"I2C","data",16.9865868,2.325e-05,0x00,false,,
"I2C","stop",16.986613,6.24999993e-08,,,,
"I2C","start",16.9866182,6.24999993e-08,,,,
"I2C","address",16.9866209,2.325e-05,,true,0x25,false
"I2C","data",16.9866497,2.31875e-05,0x40,true,,
"I2C","start",16.9866783,6.24999993e-08,,,,
"I2C","address",16.9866809,2.325e-05,,true,0x25,true
"I2C","data",16.9867143,2.33125e-05,0x00,false,,
"I2C","stop",16.9867406,6.24999993e-08,,,,
"I2C","start",17.2846589,6.24999993e-08,,,,
"I2C","address",17.2846615,2.325e-05,,true,0x25,false
"I2C","stop",17.2846916,6.24999993e-08,,,,
"I2C","start",17.2846967,6.24999993e-08,,,,
"I2C","address",17.2846994,2.325e-05,,true,0x25,false
"I2C","data",17.2847281,2.31875e-05,0x00,true,,
"I2C","start",17.2847569,6.24999993e-08,,,,
"I2C","address",17.2847594,2.33125e-05,,true,0x25,true
"I2C","data",17.2847929,2.31875e-05,0xA5,true,,
"I2C","data",17.2848176,2.325e-05,0x03,false,,
"I2C","stop",17.2848438,6.24999993e-08,,,,
"I2C","start",17.2848496,6.24999993e-08,,,,
"I2C","address",17.2848522,2.325e-05,,true,0x25,false
"I2C","data",17.2848809,2.31875e-05,0x40,true,,
"I2C","start",17.2849097,6.24999993e-08,,,,
"I2C","address",17.2849123,2.33125e-05,,true,0x25,true
"I2C","data",17.2849457,2.325e-05,0x00,false,,
"I2C","stop",17.284972,6.24999993e-08,,,,
"I2C","start",17.2849771,6.24999993e-08,,,,
"I2C","address",17.2849798,2.325e-05,,true,0x25,false
"I2C","data",17.2850084,2.31875e-05,0x00,true,,
"I2C","start",17.2850372,6.24999993e-08,,,,
"I2C","address",17.2850399,2.325e-05,,true,0x25,true
"I2C","data",17.2850733,2.31875e-05,0xA5,true,,
"I2C","data",17.2850979,2.325e-05,0x03,true,,
"I2C","data",17.2851227,2.325e-05,0x00,true,,
"I2C","data",17.2851474,2.325e-05,0x00,true,,
"I2C","data",17.2851722,2.325e-05,0x28,true,,
"I2C","data",17.2851969,2.325e-05,0xEF,true,,
"I2C","data",17.2852216,2.33125e-05,0x5B,true,,
"I2C","data",17.2852464,2.325e-05,0x00,true,,
"I2C","data",17.2852711,2.325e-05,0x03,true,,
"I2C","data",17.2852959,2.325e-05,0x00,true,,
"I2C","data",17.2853206,2.325e-05,0x00,true,,
"I2C","data",17.2853454,2.325e-05,0x00,true,,
"I2C","data",17.2853701,2.325e-05,0x40,true,,
"I2C","data",17.2853948,2.33125e-05,0x0D,true,,
"I2C","data",17.2854196,2.325e-05,0x03,true,,
"I2C","data",17.2854443,2.325e-05,0x00,true,,
"I2C","data",17.2854691,2.325e-05,0x01,true,,
"I2C","data",17.2854938,2.325e-05,0x00,true,,
"I2C","data",17.2855186,2.325e-05,0x01,true,,
"I2C","data",17.2855432,2.33125e-05,0x00,true,,
"I2C","data",17.285568,2.325e-05,0x80,true,,
"I2C","data",17.2855927,2.325e-05,0x8D,true,,
"I2C","data",17.2856175,2.325e-05,0x5B,true,,
"I2C","data",17.2856422,2.325e-05,0x00,true,,
"I2C","data",17.285667,2.325e-05,0x20,true,,
"I2C","data",17.2856918,2.325e-05,0xBF,true,,
"I2C","data",17.2857164,2.33125e-05,0x02,true,,
"I2C","data",17.2857412,2.325e-05,0x00,true,,
"I2C","data",17.2857659,2.325e-05,0x00,true,,
"I2C","data",17.2857907,2.325e-05,0x12,true,,
"I2C","data",17.2858154,2.325e-05,0x7A,true,,
"I2C","data",17.2858402,2.325e-05,0x00,true,,
"I2C","data",17.2858649,2.325e-05,0x60,true,,
"I2C","data",17.2858896,2.325e-05,0xE3,true,,
"I2C","data",17.2859144,2.325e-05,0x16,true,,
"I2C","data",17.2859391,2.325e-05,0x00,true,,
"I2C","data",17.2859639,2.325e-05,0x30,true,,
"I2C","data",17.2859886,2.325e-05,0x11,true,,
"I2C","data",17.2860133,2.33125e-05,0x00,true,,
"I2C","data",17.2860381,2.325e-05,0x00,true,,
"I2C","data",17.2860628,2.325e-05,0xD0,true,,
"I2C","data",17.2860876,2.325e-05,0xEE,true,,
"I2C","data",17.2861123,2.325e-05,0xFF,true,,
"I2C","data",17.2861371,2.325e-05,0xFF,true,,
"I2C","data",17.2861618,2.325e-05,0x20,true,,
"I2C","data",17.2861866,2.325e-05,0x03,true,,
"I2C","data",17.2862113,2.33125e-05,0xD0,true,,
"I2C","data",17.286236,2.325e-05,0x07,true,,
"I2C","data",17.2862608,2.325e-05,0x64,true,,
"I2C","data",17.2862855,2.325e-05,0x00,true,,
"I2C","data",17.2863102,2.325e-05,0xF4,true,,
"I2C","data",17.286335,2.325e-05,0x01,true,,
"I2C","data",17.2863597,2.325e-05,0x00,true,,
"I2C","data",17.2863844,2.33125e-05,0x00,true,,
"I2C","data",17.2864092,2.325e-05,0x00,true,,
"I2C","data",17.2864339,2.325e-05,0x00,true,,
"I2C","data",17.2864587,2.325e-05,0x00,true,,
"I2C","data",17.2864834,2.325e-05,0x00,true,,
"I2C","data",17.2865082,2.325e-05,0x00,true,,
"I2C","data",17.2865329,2.33125e-05,0x00,true,,
"I2C","data",17.2865576,2.325e-05,0x00,true,,
"I2C","data",17.2865824,2.325e-05,0x00,true,,
"I2C","data",17.2866071,2.325e-05,0x00,true,,
"I2C","data",17.2866319,2.325e-05,0x00,true,,
"I2C","data",17.2866566,2.325e-05,0x00,true,,
"I2C","data",17.2866813,2.33125e-05,0x40,true,,
"I2C","data",17.2867061,2.325e-05,0x00,true,,
"I2C","data",17.2867308,2.325e-05,0x00,true,,
"I2C","data",17.2867556,2.325e-05,0x00,true,,
"I2C","data",17.2867803,2.325e-05,0x00,true,,
"I2C","data",17.2868051,2.325e-05,0x00,true,,
"I2C","data",17.2868298,2.325e-05,0x00,true,,
"I2C","data",17.2868546,2.325e-05,0x00,true,,
"I2C","data",17.2868792,2.33125e-05,0x00,true,,
"I2C","data",17.286904,2.325e-05,0x00,true,,
"I2C","data",17.2869288,2.325e-05,0x00,true,,
"I2C","data",17.2869535,2.325e-05,0x00,true,,
"I2C","data",17.2869783,2.325e-05,0x00,true,,
"I2C","data",17.287003,2.325e-05,0x00,true,,
"I2C","data",17.2870278,2.325e-05,0x00,true,,
"I2C","data",17.2870525,2.325e-05,0x00,true,,
"I2C","data",17.2870772,2.33125e-05,0x00,true,,
"I2C","data",17.2871019,2.325e-05,0x00,true,,
"I2C","data",17.2871267,2.325e-05,0x00,true,,
"I2C","data",17.2871514,2.325e-05,0x00,true,,
"I2C","data",17.2871762,2.325e-05,0x00,true,,
"I2C","data",17.2872009,2.325e-05,0x00,true,,
"I2C","data",17.2872257,2.325e-05,0x00,true,,
"I2C","data",17.2872504,2.325e-05,0x00,true,,
"I2C","data",17.2872751,2.33125e-05,0x00,true,,
"I2C","data",17.2872999,2.325e-05,0x00,true,,
"I2C","data",17.2873246,2.325e-05,0x00,true,,
"I2C","data",17.2873494,2.325e-05,0x00,true,,
"I2C","data",17.2873741,2.325e-05,0x00,true,,
"I2C","data",17.2873989,2.325e-05,0x00,true,,
"I2C","data",17.2874236,2.325e-05,0x00,false,,
"I2C","stop",17.2874498,6.24999993e-08,,,,
"I2C","start",17.2874546,6.24999993e-08,,,,
"I2C","address",17.2874572,2.325e-05,,true,0x25,false
"I2C","data",17.2874859,2.3125e-05,0x40,true,,
"I2C","start",17.2875147,6.24999993e-08,,,,
"I2C","address",17.2875173,2.325e-05,,true,0x25,true
"I2C","data",17.2875508,2.31875e-05,0x00,false,,
"I2C","stop",17.2875769,6.24999993e-08,,,,
