name,type,start_time,duration,"data","ack","address","read"
"Async Serial [1]","data",138.733676,9.49999999e-06,0xB1,,,
"Async Serial [1]","data",138.733686,9.49999999e-06,0x01,,,
"Async Serial [1]","data",138.733696,9.50000001e-06,0x02,,,
"Async Serial [1]","data",138.733706,9.49999999e-06,0x46,,,
"Async Serial [1]","data",138.733716,9.49999999e-06,0xB7,,,
"Async Serial [1]","data",138.733726,9.50000001e-06,0xB3,,,
"Async Serial","data",138.733965,9.49999999e-06,0xB2,,,
"Async Serial","data",138.733975,9.50000001e-06,0x00,,,
"Async Serial","data",138.733985,9.49999999e-06,0x46,,,
"Async Serial","data",138.733995,9.50000001e-06,0x09,,,
"Async Serial","data",138.734005,9.49999999e-06,0x00,,,
"Async Serial","data",138.734015,9.50000001e-06,0x28,,,
"Async Serial","data",138.734025,9.50000001e-06,0xEF,,,
"Async Serial","data",138.734035,9.49999996e-06,0x5B,,,
"Async Serial","data",138.734046,9.50000001e-06,0x00,,,
"Async Serial","data",138.734056,9.49999999e-06,0x03,,,
"Async Serial","data",138.734066,9.49999999e-06,0x00,,,
"Async Serial","data",138.734076,9.50000001e-06,0x00,,,
"Async Serial","data",138.734086,9.50000001e-06,0x00,,,
"Async Serial","data",138.734096,9.49999999e-06,0x40,,,
"Async Serial","data",138.734106,9.49999996e-06,0x0D,,,
"Async Serial","data",138.734116,9.50000001e-06,0x03,,,
"Async Serial","data",138.734126,9.49999999e-06,0x00,,,
"Async Serial","data",138.734136,9.49999999e-06,0x0A,,,
"Async Serial","data",138.734147,9.49999999e-06,0x00,,,
"Async Serial","data",138.734157,9.50000001e-06,0x01,,,
"Async Serial","data",138.734167,9.49999999e-06,0x00,,,
"Async Serial","data",138.734177,9.50000001e-06,0x80,,,
"Async Serial","data",138.734187,9.49999999e-06,0x8D,,,
"Async Serial","data",138.734197,9.49999999e-06,0x5B,,,
"Async Serial","data",138.734207,9.50000001e-06,0x00,,,
"Async Serial","data",138.734217,9.50000001e-06,0x20,,,
"Async Serial","data",138.734227,9.50000001e-06,0xBF,,,
"Async Serial","data",138.734238,9.49999999e-06,0x02,,,
"Async Serial","data",138.734248,9.49999999e-06,0x00,,,
"Async Serial","data",138.734258,9.50000001e-06,0x00,,,
"Async Serial","data",138.734268,9.50000001e-06,0x12,,,
"Async Serial","data",138.734278,9.50000001e-06,0x7A,,,
"Async Serial","data",138.734288,9.49999999e-06,0x00,,,
"Async Serial","data",138.734298,9.50000001e-06,0x60,,,
"Async Serial","data",138.734308,9.50000001e-06,0xE3,,,
"Async Serial","data",138.734318,9.50000001e-06,0x16,,,
"Async Serial","data",138.734328,9.49999996e-06,0x00,,,
"Async Serial","data",138.734339,9.49999999e-06,0x30,,,
"Async Serial","data",138.734349,9.50000001e-06,0x11,,,
"Async Serial","data",138.734359,9.49999999e-06,0x00,,,
"Async Serial","data",138.734369,9.50000001e-06,0x00,,,
"Async Serial","data",138.734379,9.49999999e-06,0xD0,,,
"Async Serial","data",138.734389,9.50000001e-06,0xEE,,,
"Async Serial","data",138.734399,9.49999999e-06,0xFF,,,
"Async Serial","data",138.734409,9.50000001e-06,0xFF,,,
"Async Serial","data",138.734419,9.50000001e-06,0x20,,,
"Async Serial","data",138.734429,9.49999996e-06,0x03,,,
"Async Serial","data",138.73444,9.50000001e-06,0xD0,,,
"Async Serial","data",138.73445,9.49999999e-06,0x07,,,
"Async Serial","data",138.73446,9.49999999e-06,0x64,,,
"Async Serial","data",138.73447,9.49999999e-06,0x00,,,
"Async Serial","data",138.73448,9.50000001e-06,0xF4,,,
"Async Serial","data",138.73449,9.49999999e-06,0x01,,,
"Async Serial","data",138.7345,9.50000001e-06,0x00,,,
"Async Serial","data",138.73451,9.50000001e-06,0x00,,,
"Async Serial","data",138.73452,9.49999999e-06,0x00,,,
"Async Serial","data",138.734531,9.50000001e-06,0x00,,,
"Async Serial","data",138.734541,9.49999999e-06,0x00,,,
"Async Serial","data",138.734551,9.50000001e-06,0x00,,,
"Async Serial","data",138.734561,9.49999999e-06,0x00,,,
"Async Serial","data",138.734571,9.50000001e-06,0x00,,,
"Async Serial","data",138.734581,9.49999999e-06,0x00,,,
"Async Serial","data",138.734591,9.49999999e-06,0x00,,,
"Async Serial","data",138.734601,9.50000001e-06,0x00,,,
"Async Serial","data",138.734611,9.50000001e-06,0x00,,,
"Async Serial","data",138.734621,9.50000001e-06,0x09,,,
"Async Serial","data",138.734632,9.49999999e-06,0x8C,,,
"Async Serial","data",138.734642,9.50000001e-06,0x00,,,
"Async Serial","data",138.734652,9.50000001e-06,0x00,,,
"Async Serial","data",138.734662,9.50000001e-06,0x01,,,
"Async Serial","data",138.734672,9.49999999e-06,0x00,,,
"Async Serial","data",138.734682,9.49999999e-06,0x00,,,
"Async Serial","data",138.734692,9.50000001e-06,0x01,,,
"Async Serial","data",138.734702,9.50000001e-06,0xCC,,,
"Async Serial","data",138.734712,9.50000001e-06,0xB3,,,
"Async Serial [1]","data",138.73479,9.49999999e-06,0xB1,,,
"Async Serial [1]","data",138.7348,9.50000001e-06,0x02,,,
"Async Serial [1]","data",138.73481,9.50000001e-06,0x40,,,
"Async Serial [1]","data",138.73482,9.50000001e-06,0x01,,,
"Async Serial [1]","data",138.73483,9.49999999e-06,0x89,,,
"Async Serial [1]","data",138.73484,9.49999999e-06,0x34,,,
"Async Serial [1]","data",138.73485,9.50000001e-06,0xB3,,,
"Async Serial","data",138.734896,9.49999999e-06,0xB2,,,
"Async Serial","data",138.734906,9.50000001e-06,0x00,,,
"Async Serial","data",138.734916,9.49999999e-06,0x00,,,
"Async Serial","data",138.734927,9.50000001e-06,0x00,,,
"Async Serial","data",138.734937,9.49999999e-06,0xB3,,,
"Async Serial [1]","data",138.734992,9.50000001e-06,0xB1,,,
"Async Serial [1]","data",138.735002,9.49999999e-06,0x02,,,
"Async Serial [1]","data",138.735012,9.49999999e-06,0x41,,,
"Async Serial [1]","data",138.735022,9.50000001e-06,0x01,,,
"Async Serial [1]","data",138.735032,9.50000001e-06,0x8C,,,
"Async Serial [1]","data",138.735042,9.50000001e-06,0x30,,,
"Async Serial [1]","data",138.735052,9.49999996e-06,0xB3,,,
"Async Serial","data",138.735105,9.50000001e-06,0xB2,,,
"Async Serial","data",138.735115,9.49999999e-06,0x00,,,
"Async Serial","data",138.735126,9.50000001e-06,0x00,,,
"Async Serial","data",138.735136,9.50000001e-06,0x00,,,
"Async Serial","data",138.735146,9.49999999e-06,0xB3,,,
"Async Serial [1]","data",138.735195,9.49999999e-06,0xB1,,,
"Async Serial [1]","data",138.735205,9.50000001e-06,0x02,,,
"Async Serial [1]","data",138.735215,9.49999999e-06,0x43,,,
"Async Serial [1]","data",138.735225,9.50000001e-06,0x03,,,
"Async Serial [1]","data",138.735235,9.50000001e-06,0x00,,,
"Async Serial [1]","data",138.735245,9.50000001e-06,0x01,,,
"Async Serial [1]","data",138.735255,9.49999999e-06,0x00,,,
"Async Serial [1]","data",138.735265,9.49999999e-06,0xB7,,,
"Async Serial [1]","data",138.735275,9.50000001e-06,0xB3,,,
"Async Serial","data",138.73533,9.50000001e-06,0xB2,,,
"Async Serial","data",138.73534,9.49999999e-06,0x00,,,
"Async Serial","data",138.73535,9.50000001e-06,0x00,,,
"Async Serial","data",138.73536,9.49999999e-06,0x00,,,
"Async Serial","data",138.73537,9.49999999e-06,0xB3,,,
"Async Serial [1]","data",138.735398,9.49999996e-06,0xB1,,,
"Async Serial [1]","data",138.735408,9.49999996e-06,0x02,,,
"Async Serial [1]","data",138.735418,9.50000001e-06,0x48,,,
"Async Serial [1]","data",138.735428,9.50000001e-06,0x18,,,
"Async Serial [1]","data",138.735438,9.50000001e-06,0x00,,,
"Async Serial [1]","data",138.735448,9.49999999e-06,0x00,,,
"Async Serial [1]","data",138.735458,9.49999999e-06,0x00,,,
"Async Serial [1]","data",138.735468,9.50000001e-06,0x00,,,
"Async Serial [1]","data",138.735478,9.50000001e-06,0xC0,,,
"Async Serial [1]","data",138.735488,9.49999999e-06,0x34,,,
"Async Serial [1]","data",138.735498,9.50000001e-06,0x00,,,
"Async Serial [1]","data",138.735508,9.50000001e-06,0x00,,,
"Async Serial [1]","data",138.735518,9.49999996e-06,0x20,,,
"Async Serial [1]","data",138.735528,9.50000001e-06,0x4E,,,
"Async Serial [1]","data",138.735538,9.50000001e-06,0x00,,,
"Async Serial [1]","data",138.735548,9.50000001e-06,0x00,,,
"Async Serial [1]","data",138.735558,9.49999999e-06,0x00,,,
"Async Serial [1]","data",138.735568,9.49999999e-06,0x5A,,,
"Async Serial [1]","data",138.735578,9.50000001e-06,0x62,,,
"Async Serial [1]","data",138.735588,9.50000001e-06,0x02,,,
"Async Serial [1]","data",138.735598,9.50000001e-06,0x76,,,
"Async Serial [1]","data",138.735608,9.49999996e-06,0x01,,,
"Async Serial [1]","data",138.735618,9.49999999e-06,0x00,,,
"Async Serial [1]","data",138.735628,9.50000001e-06,0x00,,,
"Async Serial [1]","data",138.735638,9.50000001e-06,0x57,,,
"Async Serial [1]","data",138.735648,9.50000001e-06,0x13,,,
"Async Serial [1]","data",138.735658,9.49999999e-06,0x7E,,,
"Async Serial [1]","data",138.735668,9.49999999e-06,0x03,,,
"Async Serial [1]","data",138.735678,9.50000001e-06,0x1C,,,
"Async Serial [1]","data",138.735688,9.50000001e-06,0xB3,,,
"Async Serial","data",138.735804,9.49999999e-06,0xB2,,,
"Async Serial","data",138.735814,9.50000001e-06,0x00,,,
"Async Serial","data",138.735824,9.49999999e-06,0x00,,,
"Async Serial","data",138.735834,9.50000001e-06,0x00,,,
"Async Serial","data",138.735844,9.50000001e-06,0xB3,,,
"Async Serial [1]","data",138.735905,9.50000001e-06,0xB1,,,
"Async Serial [1]","data",138.735915,9.50000001e-06,0x02,,,
"Async Serial [1]","data",138.735925,9.49999999e-06,0x40,,,
"Async Serial [1]","data",138.735935,9.50000001e-06,0x01,,,
"Async Serial [1]","data",138.735945,9.50000001e-06,0x09,,,
"Async Serial [1]","data",138.735955,9.49999999e-06,0xB4,,,
"Async Serial [1]","data",138.735965,9.49999999e-06,0xB3,,,
"Async Serial","data",138.736013,9.50000001e-06,0xB2,,,
"Async Serial","data",138.736023,9.50000001e-06,0x00,,,
"Async Serial","data",138.736033,9.49999996e-06,0x00,,,
"Async Serial","data",138.736043,9.50000001e-06,0x00,,,
"Async Serial","data",138.736053,9.50000001e-06,0xB3,,,
"Async Serial [1]","data",138.786077,9.49999999e-06,0xB1,,,
"Async Serial [1]","data",138.786087,9.49999999e-06,0x01,,,
"Async Serial [1]","data",138.786097,9.50000001e-06,0x02,,,
"Async Serial [1]","data",138.786107,9.50000001e-06,0x46,,,
"Async Serial [1]","data",138.786117,9.49999999e-06,0xB7,,,
"Async Serial [1]","data",138.786127,9.49999999e-06,0xB3,,,
"Async Serial","data",138.786379,9.49999999e-06,0xB2,,,
"Async Serial","data",138.786389,9.50000001e-06,0x00,,,
"Async Serial","data",138.786399,9.49999999e-06,0x46,,,
"Async Serial","data",138.78641,9.50000001e-06,0x09,,,
"Async Serial","data",138.78642,9.49999999e-06,0x00,,,
"Async Serial","data",138.78643,9.50000001e-06,0x28,,,
"Async Serial","data",138.78644,9.50000001e-06,0xEF,,,
"Async Serial","data",138.78645,9.50000001e-06,0x5B,,,
"Async Serial","data",138.78646,9.50000001e-06,0x00,,,
"Async Serial","data",138.78647,9.49999999e-06,0x03,,,
"Async Serial","data",138.78648,9.50000001e-06,0x00,,,
"Async Serial","data",138.78649,9.49999999e-06,0x00,,,
"Async Serial","data",138.786501,9.50000001e-06,0x00,,,
"Async Serial","data",138.786511,9.49999999e-06,0x40,,,
"Async Serial","data",138.786521,9.50000001e-06,0x0D,,,
"Async Serial","data",138.786531,9.49999999e-06,0x03,,,
"Async Serial","data",138.786541,9.50000001e-06,0x00,,,
"Async Serial","data",138.786551,9.50000001e-06,0x0A,,,
"Async Serial","data",138.786561,9.49999999e-06,0x00,,,
"Async Serial","data",138.786571,9.50000001e-06,0x01,,,
"Async Serial","data",138.786581,9.49999999e-06,0x00,,,
"Async Serial","data",138.786591,9.50000001e-06,0x80,,,
"Async Serial","data",138.786602,9.49999999e-06,0x8D,,,
"Async Serial","data",138.786612,9.50000001e-06,0x5B,,,
"Async Serial","data",138.786622,9.49999999e-06,0x00,,,
"Async Serial","data",138.786632,9.50000001e-06,0x20,,,
"Async Serial","data",138.786642,9.50000001e-06,0xBF,,,
"Async Serial","data",138.786652,9.50000001e-06,0x02,,,
"Async Serial","data",138.786662,9.50000001e-06,0x00,,,
"Async Serial","data",138.786672,9.49999999e-06,0x00,,,
"Async Serial","data",138.786682,9.50000001e-06,0x12,,,
"Async Serial","data",138.786693,9.49999999e-06,0x7A,,,
"Async Serial","data",138.786703,9.50000001e-06,0x00,,,
"Async Serial","data",138.786713,9.49999999e-06,0x60,,,
"Async Serial","data",138.786723,9.50000001e-06,0xE3,,,
"Async Serial","data",138.786733,9.50000001e-06,0x16,,,
"Async Serial","data",138.786743,9.50000001e-06,0x00,,,
"Async Serial","data",138.786753,9.49999999e-06,0x30,,,
"Async Serial","data",138.786763,9.49999999e-06,0x11,,,
"Async Serial","data",138.786773,9.50000001e-06,0x00,,,
"Async Serial","data",138.786784,9.49999996e-06,0x00,,,
"Async Serial","data",138.786794,9.50000001e-06,0xD0,,,
"Async Serial","data",138.786804,9.49999999e-06,0xEE,,,
"Async Serial","data",138.786814,9.49999999e-06,0xFF,,,
"Async Serial","data",138.786824,9.49999999e-06,0xFF,,,
"Async Serial","data",138.786834,9.50000001e-06,0x20,,,
"Async Serial","data",138.786844,9.50000001e-06,0x03,,,
"Async Serial","data",138.786854,9.49999996e-06,0xD0,,,
"Async Serial","data",138.786864,9.50000001e-06,0x07,,,
"Async Serial","data",138.786874,9.50000001e-06,0x64,,,
"Async Serial","data",138.786885,9.49999999e-06,0x00,,,
"Async Serial","data",138.786895,9.49999999e-06,0xF4,,,
"Async Serial","data",138.786905,9.49999999e-06,0x01,,,
"Async Serial","data",138.786915,9.50000001e-06,0x00,,,
"Async Serial","data",138.786925,9.49999999e-06,0x00,,,
"Async Serial","data",138.786935,9.50000001e-06,0x00,,,
"Async Serial","data",138.786945,9.49999999e-06,0x00,,,
"Async Serial","data",138.786955,9.49999996e-06,0x00,,,
"Async Serial","data",138.786965,9.50000001e-06,0x00,,,
"Async Serial","data",138.786975,9.50000001e-06,0x00,,,
"Async Serial","data",138.786985,9.50000001e-06,0x00,,,
"Async Serial","data",138.786996,9.49999999e-06,0x00,,,
"Async Serial","data",138.787006,9.50000001e-06,0x00,,,
"Async Serial","data",138.787016,9.49999999e-06,0x00,,,
"Async Serial","data",138.787026,9.50000001e-06,0x00,,,
"Async Serial","data",138.787036,9.49999999e-06,0x09,,,
"Async Serial","data",138.787046,9.49999999e-06,0x8C,,,
"Async Serial","data",138.787056,9.50000001e-06,0x00,,,
"Async Serial","data",138.787066,9.50000001e-06,0x00,,,
"Async Serial","data",138.787076,9.50000001e-06,0x01,,,
"Async Serial","data",138.787087,9.49999999e-06,0x00,,,
"Async Serial","data",138.787097,9.50000001e-06,0x00,,,
"Async Serial","data",138.787107,9.49999999e-06,0x01,,,
"Async Serial","data",138.787117,9.50000001e-06,0xCC,,,
"Async Serial","data",138.787127,9.50000001e-06,0xB3,,,
"Async Serial [1]","data",138.787191,9.50000001e-06,0xB1,,,
"Async Serial [1]","data",138.787201,9.49999996e-06,0x02,,,
"Async Serial [1]","data",138.787211,9.49999996e-06,0x40,,,
"Async Serial [1]","data",138.787221,9.50000001e-06,0x01,,,
"Async Serial [1]","data",138.787231,9.50000001e-06,0x89,,,
"Async Serial [1]","data",138.787241,9.50000001e-06,0x34,,,
"Async Serial [1]","data",138.787251,9.49999999e-06,0xB3,,,
"Async Serial","data",138.787303,9.50000001e-06,0xB2,,,
"Async Serial","data",138.787313,9.49999999e-06,0x00,,,
"Async Serial","data",138.787323,9.50000001e-06,0x00,,,
"Async Serial","data",138.787333,9.49999996e-06,0x00,,,
"Async Serial","data",138.787343,9.50000001e-06,0xB3,,,
"Async Serial [1]","data",138.787393,9.50000001e-06,0xB1,,,
"Async Serial [1]","data",138.787403,9.49999999e-06,0x02,,,
"Async Serial [1]","data",138.787413,9.50000001e-06,0x41,,,
"Async Serial [1]","data",138.787423,9.49999999e-06,0x01,,,
"Async Serial [1]","data",138.787433,9.49999999e-06,0x8C,,,
"Async Serial [1]","data",138.787443,9.50000001e-06,0x30,,,
"Async Serial [1]","data",138.787453,9.50000001e-06,0xB3,,,
"Async Serial","data",138.787504,9.49999999e-06,0xB2,,,
"Async Serial","data",138.787514,9.50000001e-06,0x00,,,
"Async Serial","data",138.787524,9.49999999e-06,0x00,,,
"Async Serial","data",138.787534,9.50000001e-06,0x00,,,
"Async Serial","data",138.787544,9.49999999e-06,0xB3,,,
"Async Serial [1]","data",138.787595,9.50000001e-06,0xB1,,,
"Async Serial [1]","data",138.787605,9.50000001e-06,0x02,,,
"Async Serial [1]","data",138.787615,9.49999996e-06,0x43,,,
"Async Serial [1]","data",138.787625,9.49999996e-06,0x03,,,
"Async Serial [1]","data",138.787635,9.50000001e-06,0x00,,,
"Async Serial [1]","data",138.787645,9.50000001e-06,0x01,,,
"Async Serial [1]","data",138.787655,9.50000001e-06,0x00,,,
"Async Serial [1]","data",138.787665,9.49999999e-06,0xB7,,,
"Async Serial [1]","data",138.787675,9.50000001e-06,0xB3,,,
"Async Serial","data",138.787728,9.50000001e-06,0xB2,,,
"Async Serial","data",138.787738,9.49999999e-06,0x00,,,
"Async Serial","data",138.787748,9.49999999e-06,0x00,,,
"Async Serial","data",138.787758,9.49999999e-06,0x00,,,
"Async Serial","data",138.787769,9.50000001e-06,0xB3,,,
"Async Serial [1]","data",138.787799,9.50000001e-06,0xB1,,,
"Async Serial [1]","data",138.787809,9.50000001e-06,0x02,,,
"Async Serial [1]","data",138.787819,9.49999999e-06,0x48,,,
"Async Serial [1]","data",138.787829,9.50000001e-06,0x18,,,
"Async Serial [1]","data",138.787839,9.49999999e-06,0x00,,,
"Async Serial [1]","data",138.787849,9.50000001e-06,0x00,,,
"Async Serial [1]","data",138.787859,9.50000001e-06,0x00,,,
"Async Serial [1]","data",138.787869,9.49999999e-06,0x00,,,
"Async Serial [1]","data",138.787879,9.50000001e-06,0x07,,,
"Async Serial [1]","data",138.787889,9.50000001e-06,0xD3,,,
"Async Serial [1]","data",138.787899,9.50000001e-06,0xFF,,,
"Async Serial [1]","data",138.787909,9.50000001e-06,0xFF,,,
"Async Serial [1]","data",138.787919,9.50000001e-06,0x20,,,
"Async Serial [1]","data",138.787929,9.49999999e-06,0x4E,,,
"Async Serial [1]","data",138.787939,9.49999999e-06,0x00,,,
"Async Serial [1]","data",138.787949,9.49999999e-06,0x00,,,
"Async Serial [1]","data",138.787959,9.50000001e-06,0x00,,,
"Async Serial [1]","data",138.787969,9.50000001e-06,0x5A,,,
"Async Serial [1]","data",138.787979,9.49999999e-06,0x62,,,
"Async Serial [1]","data",138.787989,9.49999999e-06,0x02,,,
"Async Serial [1]","data",138.787999,9.50000001e-06,0x76,,,
"Async Serial [1]","data",138.788009,9.50000001e-06,0x01,,,
"Async Serial [1]","data",138.788019,9.50000001e-06,0x00,,,
"Async Serial [1]","data",138.788029,9.49999999e-06,0x00,,,
"Async Serial [1]","data",138.788039,9.49999999e-06,0x57,,,
"Async Serial [1]","data",138.788049,9.50000001e-06,0x13,,,
"Async Serial [1]","data",138.788059,9.50000001e-06,0x7E,,,
"Async Serial [1]","data",138.788069,9.50000001e-06,0x03,,,
"Async Serial [1]","data",138.788079,9.49999999e-06,0x38,,,
"Async Serial [1]","data",138.788089,9.50000001e-06,0xB3,,,
"Async Serial","data",138.78821,9.50000001e-06,0xB2,,,
"Async Serial","data",138.78822,9.49999999e-06,0x00,,,
"Async Serial","data",138.78823,9.49999999e-06,0x00,,,
"Async Serial","data",138.78824,9.50000001e-06,0x00,,,
"Async Serial","data",138.78825,9.49999999e-06,0xB3,,,
"Async Serial [1]","data",138.788306,9.49999999e-06,0xB1,,,
"Async Serial [1]","data",138.788316,9.50000001e-06,0x02,,,
"Async Serial [1]","data",138.788326,9.50000001e-06,0x40,,,
"Async Serial [1]","data",138.788336,9.49999999e-06,0x01,,,
"Async Serial [1]","data",138.788346,9.49999999e-06,0x09,,,
"Async Serial [1]","data",138.788356,9.50000001e-06,0xB4,,,
"Async Serial [1]","data",138.788366,9.50000001e-06,0xB3,,,
"Async Serial","data",138.788419,9.50000001e-06,0xB2,,,
"Async Serial","data",138.788429,9.49999999e-06,0x00,,,
"Async Serial","data",138.788439,9.50000001e-06,0x00,,,
"Async Serial","data",138.788449,9.50000001e-06,0x00,,,
"Async Serial","data",138.788459,9.49999999e-06,0xB3,,,
"Async Serial [1]","data",138.838477,9.50000001e-06,0xB1,,,
"Async Serial [1]","data",138.838487,9.50000001e-06,0x01,,,
"Async Serial [1]","data",138.838497,9.49999999e-06,0x02,,,
"Async Serial [1]","data",138.838507,9.49999999e-06,0x46,,,
"Async Serial [1]","data",138.838517,9.50000001e-06,0xB7,,,
"Async Serial [1]","data",138.838527,9.50000001e-06,0xB3,,,
"Async Serial","data",138.838783,9.50000001e-06,0xB2,,,
"Async Serial","data",138.838793,9.50000001e-06,0x00,,,
"Async Serial","data",138.838803,9.49999999e-06,0x46,,,
"Async Serial","data",138.838813,9.49999999e-06,0x09,,,
"Async Serial","data",138.838823,9.49999999e-06,0x00,,,
"Async Serial","data",138.838833,9.50000001e-06,0x28,,,
"Async Serial","data",138.838843,9.50000001e-06,0xEF,,,
"Async Serial","data",138.838853,9.50000001e-06,0x5B,,,
"Async Serial","data",138.838864,9.49999999e-06,0x00,,,
"Async Serial","data",138.838874,9.50000001e-06,0x03,,,
"Async Serial","data",138.838884,9.50000001e-06,0x00,,,
"Async Serial","data",138.838894,9.50000001e-06,0x00,,,
"Async Serial","data",138.838904,9.49999999e-06,0x00,,,
"Async Serial","data",138.838914,9.49999999e-06,0x40,,,
"Async Serial","data",138.838924,9.50000001e-06,0x0D,,,
"Async Serial","data",138.838934,9.49999999e-06,0x03,,,
"Async Serial","data",138.838944,9.50000001e-06,0x00,,,
"Async Serial","data",138.838955,9.49999999e-06,0x0A,,,
"Async Serial","data",138.838965,9.49999999e-06,0x00,,,
"Async Serial","data",138.838975,9.50000001e-06,0x01,,,
"Async Serial","data",138.838985,9.50000001e-06,0x00,,,
"Async Serial","data",138.838995,9.50000001e-06,0x80,,,
"Async Serial","data",138.839005,9.49999999e-06,0x8D,,,
"Async Serial","data",138.839015,9.50000001e-06,0x5B,,,
"Async Serial","data",138.839025,9.49999999e-06,0x00,,,
"Async Serial","data",138.839035,9.50000001e-06,0x20,,,
"Async Serial","data",138.839045,9.49999999e-06,0xBF,,,
"Async Serial","data",138.839056,9.49999999e-06,0x02,,,
"Async Serial","data",138.839066,9.49999999e-06,0x00,,,
"Async Serial","data",138.839076,9.50000001e-06,0x00,,,
"Async Serial","data",138.839086,9.50000001e-06,0x12,,,
"Async Serial","data",138.839096,9.49999996e-06,0x7A,,,
"Async Serial","data",138.839106,9.50000001e-06,0x00,,,
"Async Serial","data",138.839116,9.49999999e-06,0x60,,,
"Async Serial","data",138.839126,9.49999999e-06,0xE3,,,
"Async Serial","data",138.839136,9.49999999e-06,0x16,,,
"Async Serial","data",138.839146,9.50000001e-06,0x00,,,
"Async Serial","data",138.839157,9.50000001e-06,0x30,,,
"Async Serial","data",138.839167,9.50000001e-06,0x11,,,
"Async Serial","data",138.839177,9.50000001e-06,0x00,,,
"Async Serial","data",138.839187,9.49999999e-06,0x00,,,
"Async Serial","data",138.839197,9.50000001e-06,0xD0,,,
"Async Serial","data",138.839207,9.49999999e-06,0xEE,,,
"Async Serial","data",138.839217,9.50000001e-06,0xFF,,,
"Async Serial","data",138.839227,9.49999999e-06,0xFF,,,
"Async Serial","data",138.839237,9.50000001e-06,0x20,,,
"Async Serial","data",138.839248,9.50000001e-06,0x03,,,
"Async Serial","data",138.839258,9.50000001e-06,0xD0,,,
"Async Serial","data",138.839268,9.50000001e-06,0x07,,,
"Async Serial","data",138.839278,9.49999999e-06,0x64,,,
"Async Serial","data",138.839288,9.49999999e-06,0x00,,,
"Async Serial","data",138.839298,9.49999999e-06,0xF4,,,
"Async Serial","data",138.839308,9.50000001e-06,0x01,,,
"Async Serial","data",138.839318,9.50000001e-06,0x00,,,
"Async Serial","data",138.839328,9.50000001e-06,0x00,,,
"Async Serial","data",138.839338,9.50000001e-06,0x00,,,
"Async Serial","data",138.839349,9.49999999e-06,0x00,,,
"Async Serial","data",138.839359,9.50000001e-06,0x00,,,
"Async Serial","data",138.839369,9.49999999e-06,0x00,,,
"Async Serial","data",138.839379,9.50000001e-06,0x00,,,
"Async Serial","data",138.839389,9.49999996e-06,0x00,,,
"Async Serial","data",138.839399,9.50000001e-06,0x00,,,
"Async Serial","data",138.839409,9.49999999e-06,0x00,,,
"Async Serial","data",138.839419,9.49999999e-06,0x00,,,
"Async Serial","data",138.839429,9.50000001e-06,0x00,,,
"Async Serial","data",138.83944,9.50000001e-06,0x09,,,
"Async Serial","data",138.83945,9.50000001e-06,0x8C,,,
"Async Serial","data",138.83946,9.49999999e-06,0x00,,,
"Async Serial","data",138.83947,9.50000001e-06,0x00,,,
"Async Serial","data",138.83948,9.49999999e-06,0x01,,,
"Async Serial","data",138.83949,9.50000001e-06,0x00,,,
"Async Serial","data",138.8395,9.49999999e-06,0x00,,,
"Async Serial","data",138.83951,9.50000001e-06,0x01,,,
"Async Serial","data",138.83952,9.50000001e-06,0xCC,,,
"Async Serial","data",138.83953,9.50000001e-06,0xB3,,,
"Async Serial [1]","data",138.839591,9.50000001e-06,0xB1,,,
"Async Serial [1]","data",138.839601,9.50000001e-06,0x02,,,
"Async Serial [1]","data",138.839611,9.50000001e-06,0x40,,,
"Async Serial [1]","data",138.839621,9.49999999e-06,0x01,,,
"Async Serial [1]","data",138.839631,9.49999999e-06,0x89,,,
"Async Serial [1]","data",138.839641,9.49999999e-06,0x34,,,
"Async Serial [1]","data",138.839651,9.50000001e-06,0xB3,,,
"Async Serial","data",138.839699,9.49999999e-06,0xB2,,,
"Async Serial","data",138.839709,9.50000001e-06,0x00,,,
"Async Serial","data",138.839719,9.50000001e-06,0x00,,,
"Async Serial","data",138.83973,9.50000001e-06,0x00,,,
"Async Serial","data",138.83974,9.50000001e-06,0xB3,,,
"Async Serial [1]","data",138.839793,9.49999999e-06,0xB1,,,
"Async Serial [1]","data",138.839803,9.50000001e-06,0x02,,,
"Async Serial [1]","data",138.839813,9.50000001e-06,0x41,,,
"Async Serial [1]","data",138.839823,9.50000001e-06,0x01,,,
"Async Serial [1]","data",138.839833,9.49999999e-06,0x8C,,,
"Async Serial [1]","data",138.839843,9.49999999e-06,0x30,,,
"Async Serial [1]","data",138.839853,9.50000001e-06,0xB3,,,
"Async Serial","data",138.839901,9.50000001e-06,0xB2,,,
"Async Serial","data",138.839911,9.50000001e-06,0x00,,,
"Async Serial","data",138.839922,9.50000001e-06,0x00,,,
"Async Serial","data",138.839932,9.49999999e-06,0x00,,,
"Async Serial","data",138.839942,9.50000001e-06,0xB3,,,
"Async Serial [1]","data",138.839995,9.50000001e-06,0xB1,,,
"Async Serial [1]","data",138.840005,9.50000001e-06,0x02,,,
"Async Serial [1]","data",138.840015,9.50000001e-06,0x43,,,
"Async Serial [1]","data",138.840025,9.49999999e-06,0x03,,,
"Async Serial [1]","data",138.840035,9.49999999e-06,0x00,,,
"Async Serial [1]","data",138.840045,9.50000001e-06,0x01,,,
"Async Serial [1]","data",138.840055,9.49999999e-06,0x00,,,
"Async Serial [1]","data",138.840065,9.50000001e-06,0xB7,,,
"Async Serial [1]","data",138.840075,9.49999999e-06,0xB3,,,
"Async Serial","data",138.840134,9.50000001e-06,0xB2,,,
"Async Serial","data",138.840144,9.50000001e-06,0x00,,,
"Async Serial","data",138.840154,9.49999999e-06,0x00,,,
"Async Serial","data",138.840164,9.50000001e-06,0x00,,,
"Async Serial","data",138.840174,9.50000001e-06,0xB3,,,
"Async Serial [1]","data",138.840199,9.50000001e-06,0xB1,,,
"Async Serial [1]","data",138.840209,9.50000001e-06,0x02,,,
"Async Serial [1]","data",138.840219,9.50000001e-06,0x48,,,
"Async Serial [1]","data",138.840229,9.49999999e-06,0x18,,,
"Async Serial [1]","data",138.840239,9.49999999e-06,0x00,,,
"Async Serial [1]","data",138.840249,9.50000001e-06,0x00,,,
"Async Serial [1]","data",138.840259,9.50000001e-06,0x00,,,
"Async Serial [1]","data",138.840269,9.49999999e-06,0x00,,,
"Async Serial [1]","data",138.840279,9.49999999e-06,0x73,,,
"Async Serial [1]","data",138.840289,9.49999999e-06,0xF7,,,
"Async Serial [1]","data",138.840299,9.50000001e-06,0xFF,,,
"Async Serial [1]","data",138.840309,9.50000001e-06,0xFF,,,
"Async Serial [1]","data",138.840319,9.50000001e-06,0x20,,,
"Async Serial [1]","data",138.840329,9.50000001e-06,0x4E,,,
"Async Serial [1]","data",138.840339,9.50000001e-06,0x00,,,
"Async Serial [1]","data",138.84035,9.49999999e-06,0x00,,,
"Async Serial [1]","data",138.84036,9.50000001e-06,0x00,,,
"Async Serial [1]","data",138.84037,9.50000001e-06,0x5A,,,
"Async Serial [1]","data",138.84038,9.49999999e-06,0x62,,,
"Async Serial [1]","data",138.840389,9.50000001e-06,0x02,,,
"Async Serial [1]","data",138.840399,9.49999999e-06,0x77,,,
"Async Serial [1]","data",138.840409,9.50000001e-06,0x01,,,
"Async Serial [1]","data",138.840419,9.50000001e-06,0x00,,,
"Async Serial [1]","data",138.840429,9.50000001e-06,0x00,,,
"Async Serial [1]","data",138.84044,9.49999999e-06,0x57,,,
"Async Serial [1]","data",138.84045,9.49999999e-06,0x13,,,
"Async Serial [1]","data",138.84046,9.50000001e-06,0x7E,,,
"Async Serial [1]","data",138.84047,9.49999999e-06,0x03,,,
"Async Serial [1]","data",138.840479,9.50000001e-06,0xA7,,,
"Async Serial [1]","data",138.840489,9.49999999e-06,0xB3,,,
"Async Serial","data",138.840602,9.49999999e-06,0xB2,,,
"Async Serial","data",138.840612,9.50000001e-06,0x00,,,
"Async Serial","data",138.840622,9.50000001e-06,0x00,,,
"Async Serial","data",138.840632,9.49999996e-06,0x00,,,
"Async Serial","data",138.840642,9.49999999e-06,0xB3,,,
"Async Serial [1]","data",138.840707,9.49999999e-06,0xB1,,,
"Async Serial [1]","data",138.840717,9.49999999e-06,0x02,,,
"Async Serial [1]","data",138.840727,9.50000001e-06,0x40,,,
"Async Serial [1]","data",138.840737,9.49999999e-06,0x01,,,
"Async Serial [1]","data",138.840747,9.50000001e-06,0x09,,,
"Async Serial [1]","data",138.840757,9.49999999e-06,0xB4,,,
"Async Serial [1]","data",138.840767,9.50000001e-06,0xB3,,,
"Async Serial","data",138.840817,9.49999999e-06,0xB2,,,
"Async Serial","data",138.840827,9.50000001e-06,0x00,,,
"Async Serial","data",138.840837,9.50000001e-06,0x00,,,
"Async Serial","data",138.840847,9.50000001e-06,0x00,,,
"Async Serial","data",138.840857,9.49999999e-06,0xB3,,,
"Async Serial [1]","data",138.890877,9.49999999e-06,0xB1,,,
"Async Serial [1]","data",138.890887,9.49999999e-06,0x01,,,
"Async Serial [1]","data",138.890897,9.49999999e-06,0x02,,,
"Async Serial [1]","data",138.890907,9.49999999e-06,0x46,,,
"Async Serial [1]","data",138.890917,9.50000001e-06,0xB7,,,
"Async Serial [1]","data",138.890927,9.50000001e-06,0xB3,,,
"Async Serial","data",138.891164,9.50000001e-06,0xB2,,,
"Async Serial","data",138.891174,9.49999999e-06,0x00,,,
"Async Serial","data",138.891185,9.50000001e-06,0x46,,,
"Async Serial","data",138.891195,9.50000001e-06,0x09,,,
"Async Serial","data",138.891205,9.50000001e-06,0x00,,,
"Async Serial","data",138.89122,9.50000001e-06,0x28,,,
"Async Serial","data",138.89123,9.49999999e-06,0xEF,,,
"Async Serial","data",138.89124,9.50000001e-06,0x5B,,,
"Async Serial","data",138.89125,9.50000001e-06,0x00,,,
"Async Serial","data",138.89126,9.49999999e-06,0x03,,,
"Async Serial","data",138.89127,9.50000001e-06,0x00,,,
"Async Serial","data",138.89128,9.49999999e-06,0x00,,,
"Async Serial","data",138.891291,9.50000001e-06,0x00,,,
"Async Serial","data",138.891301,9.49999999e-06,0x40,,,
"Async Serial","data",138.891311,9.50000001e-06,0x0D,,,
"Async Serial","data",138.891321,9.49999999e-06,0x03,,,
"Async Serial","data",138.891331,9.50000001e-06,0x00,,,
"Async Serial","data",138.891341,9.50000001e-06,0x0A,,,
"Async Serial","data",138.891351,9.50000001e-06,0x00,,,
"Async Serial","data",138.891361,9.50000001e-06,0x01,,,
"Async Serial","data",138.891371,9.49999999e-06,0x00,,,
"Async Serial","data",138.891381,9.50000001e-06,0x80,,,
"Async Serial","data",138.891392,9.49999996e-06,0x8D,,,
"Async Serial","data",138.891402,9.50000001e-06,0x5B,,,
"Async Serial","data",138.891412,9.49999999e-06,0x00,,,
"Async Serial","data",138.891422,9.49999999e-06,0x20,,,
"Async Serial","data",138.891432,9.50000001e-06,0xBF,,,
"Async Serial","data",138.891442,9.50000001e-06,0x02,,,
"Async Serial","data",138.891452,9.50000001e-06,0x00,,,
"Async Serial","data",138.891462,9.49999996e-06,0x00,,,
"Async Serial","data",138.891472,9.50000001e-06,0x12,,,
"Async Serial","data",138.891483,9.49999999e-06,0x7A,,,
"Async Serial","data",138.891493,9.49999999e-06,0x00,,,
"Async Serial","data",138.891503,9.49999999e-06,0x60,,,
"Async Serial","data",138.891513,9.50000001e-06,0xE3,,,
"Async Serial","data",138.891523,9.49999999e-06,0x16,,,
"Async Serial","data",138.891533,9.50000001e-06,0x00,,,
"Async Serial","data",138.891543,9.50000001e-06,0x30,,,
"Async Serial","data",138.891553,9.49999999e-06,0x11,,,
"Async Serial","data",138.891563,9.50000001e-06,0x00,,,
"Async Serial","data",138.891573,9.49999999e-06,0x00,,,
"Async Serial","data",138.891584,9.50000001e-06,0xD0,,,
"Async Serial","data",138.891594,9.49999999e-06,0xEE,,,
"Async Serial","data",138.891604,9.50000001e-06,0xFF,,,
"Async Serial","data",138.891614,9.50000001e-06,0xFF,,,
"Async Serial","data",138.891624,9.50000001e-06,0x20,,,
"Async Serial","data",138.891634,9.50000001e-06,0x03,,,
"Async Serial","data",138.891644,9.49999999e-06,0xD0,,,
"Async Serial","data",138.891654,9.50000001e-06,0x07,,,
"Async Serial","data",138.891664,9.49999999e-06,0x64,,,
"Async Serial","data",138.891674,9.50000001e-06,0x00,,,
"Async Serial","data",138.891685,9.49999996e-06,0xF4,,,
"Async Serial","data",138.891695,9.50000001e-06,0x01,,,
"Async Serial","data",138.891705,9.50000001e-06,0x00,,,
"Async Serial","data",138.891715,9.49999999e-06,0x00,,,
"Async Serial","data",138.891725,9.50000001e-06,0x00,,,
"Async Serial","data",138.891735,9.49999999e-06,0x00,,,
"Async Serial","data",138.891745,9.49999999e-06,0x00,,,
"Async Serial","data",138.891755,9.49999999e-06,0x00,,,
"Async Serial","data",138.891765,9.50000001e-06,0x00,,,
"Async Serial","data",138.891776,9.49999999e-06,0x00,,,
"Async Serial","data",138.891786,9.50000001e-06,0x00,,,
"Async Serial","data",138.891796,9.50000001e-06,0x00,,,
"Async Serial","data",138.891806,9.50000001e-06,0x00,,,
"Async Serial","data",138.891816,9.50000001e-06,0x00,,,
"Async Serial","data",138.891826,9.49999999e-06,0x09,,,
"Async Serial","data",138.891836,9.50000001e-06,0x8C,,,
"Async Serial","data",138.891846,9.49999999e-06,0x00,,,
"Async Serial","data",138.891856,9.50000001e-06,0x00,,,
"Async Serial","data",138.891866,9.49999999e-06,0x01,,,
"Async Serial","data",138.891877,9.50000001e-06,0x00,,,
"Async Serial","data",138.891887,9.50000001e-06,0x00,,,
"Async Serial","data",138.891897,9.50000001e-06,0x01,,,
"Async Serial","data",138.891907,9.49999999e-06,0xCC,,,
"Async Serial","data",138.891917,9.49999999e-06,0xB3,,,
"Async Serial [1]","data",138.891992,9.49999999e-06,0xB1,,,
"Async Serial [1]","data",138.892002,9.50000001e-06,0x02,,,
"Async Serial [1]","data",138.892012,9.50000001e-06,0x40,,,
"Async Serial [1]","data",138.892022,9.50000001e-06,0x01,,,
"Async Serial [1]","data",138.892032,9.49999999e-06,0x89,,,
"Async Serial [1]","data",138.892042,9.49999999e-06,0x34,,,
"Async Serial [1]","data",138.892052,9.50000001e-06,0xB3,,,
"Async Serial","data",138.8921,9.49999999e-06,0xB2,,,
"Async Serial","data",138.89211,9.49999999e-06,0x00,,,
"Async Serial","data",138.89212,9.50000001e-06,0x00,,,
"Async Serial","data",138.89213,9.50000001e-06,0x00,,,
"Async Serial","data",138.89214,9.50000001e-06,0xB3,,,
"Async Serial [1]","data",138.892194,9.50000001e-06,0xB1,,,
"Async Serial [1]","data",138.892204,9.49999999e-06,0x02,,,
"Async Serial [1]","data",138.892214,9.49999999e-06,0x41,,,
"Async Serial [1]","data",138.892224,9.50000001e-06,0x01,,,
"Async Serial [1]","data",138.892234,9.50000001e-06,0x8C,,,
"Async Serial [1]","data",138.892244,9.50000001e-06,0x30,,,
"Async Serial [1]","data",138.892254,9.49999999e-06,0xB3,,,
"Async Serial","data",138.892301,9.50000001e-06,0xB2,,,
"Async Serial","data",138.892311,9.50000001e-06,0x00,,,
"Async Serial","data",138.892321,9.49999999e-06,0x00,,,
"Async Serial","data",138.892331,9.50000001e-06,0x00,,,
"Async Serial","data",138.892341,9.50000001e-06,0xB3,,,
"Async Serial [1]","data",138.892396,9.49999996e-06,0xB1,,,
"Async Serial [1]","data",138.892406,9.49999999e-06,0x02,,,
"Async Serial [1]","data",138.892416,9.50000001e-06,0x43,,,
"Async Serial [1]","data",138.892426,9.50000001e-06,0x03,,,
"Async Serial [1]","data",138.892436,9.50000001e-06,0x00,,,
"Async Serial [1]","data",138.892446,9.49999999e-06,0x01,,,
"Async Serial [1]","data",138.892456,9.49999999e-06,0x00,,,
"Async Serial [1]","data",138.892466,9.50000001e-06,0xB7,,,
"Async Serial [1]","data",138.892476,9.50000001e-06,0xB3,,,
"Async Serial","data",138.892533,9.49999999e-06,0xB2,,,
"Async Serial","data",138.892543,9.50000001e-06,0x00,,,
"Async Serial","data",138.892554,9.49999996e-06,0x00,,,
"Async Serial","data",138.892564,9.50000001e-06,0x00,,,
"Async Serial","data",138.892574,9.49999999e-06,0xB3,,,
"Async Serial [1]","data",138.8926,9.49999999e-06,0xB1,,,
"Async Serial [1]","data",138.89261,9.49999996e-06,0x02,,,
"Async Serial [1]","data",138.89262,9.50000001e-06,0x48,,,
"Async Serial [1]","data",138.89263,9.50000001e-06,0x18,,,
"Async Serial [1]","data",138.89264,9.50000001e-06,0x00,,,
"Async Serial [1]","data",138.89265,9.49999999e-06,0x00,,,
"Async Serial [1]","data",138.89266,9.50000001e-06,0x00,,,
"Async Serial [1]","data",138.89267,9.50000001e-06,0x00,,,
"Async Serial [1]","data",138.89268,9.50000001e-06,0xF4,,,
"Async Serial [1]","data",138.89269,9.50000001e-06,0xFD,,,
"Async Serial [1]","data",138.8927,9.49999996e-06,0xFF,,,
"Async Serial [1]","data",138.89271,9.50000001e-06,0xFF,,,
"Async Serial [1]","data",138.89272,9.50000001e-06,0x20,,,
"Async Serial [1]","data",138.89273,9.50000001e-06,0x4E,,,
"Async Serial [1]","data",138.89274,9.50000001e-06,0x00,,,
"Async Serial [1]","data",138.89275,9.50000001e-06,0x00,,,
"Async Serial [1]","data",138.89276,9.49999999e-06,0x00,,,
"Async Serial [1]","data",138.89277,9.49999999e-06,0x5A,,,
"Async Serial [1]","data",138.89278,9.50000001e-06,0x62,,,
"Async Serial [1]","data",138.89279,9.50000001e-06,0x02,,,
"Async Serial [1]","data",138.8928,9.50000001e-06,0x77,,,
"Async Serial [1]","data",138.89281,9.49999996e-06,0x01,,,
"Async Serial [1]","data",138.89282,9.49999999e-06,0x00,,,
"Async Serial [1]","data",138.89283,9.50000001e-06,0x00,,,
"Async Serial [1]","data",138.89284,9.50000001e-06,0x57,,,
"Async Serial [1]","data",138.89285,9.50000001e-06,0x13,,,
"Async Serial [1]","data",138.89286,9.49999999e-06,0x7E,,,
"Async Serial [1]","data",138.89287,9.49999999e-06,0x03,,,
"Async Serial [1]","data",138.89288,9.50000001e-06,0x20,,,
"Async Serial [1]","data",138.89289,9.50000001e-06,0xB3,,,
"Async Serial","data",138.893001,9.49999999e-06,0xB2,,,
"Async Serial","data",138.893011,9.50000001e-06,0x00,,,
"Async Serial","data",138.893021,9.49999999e-06,0x00,,,
"Async Serial","data",138.893031,9.50000001e-06,0x00,,,
"Async Serial","data",138.893042,9.49999999e-06,0xB3,,,
"Async Serial [1]","data",138.893107,9.49999999e-06,0xB1,,,
"Async Serial [1]","data",138.893117,9.50000001e-06,0x02,,,
"Async Serial [1]","data",138.893127,9.49999999e-06,0x40,,,
"Async Serial [1]","data",138.893137,9.50000001e-06,0x01,,,
"Async Serial [1]","data",138.893147,9.50000001e-06,0x09,,,
"Async Serial [1]","data",138.893157,9.50000001e-06,0xB4,,,
"Async Serial [1]","data",138.893167,9.49999996e-06,0xB3,,,
"Async Serial","data",138.893217,9.49999996e-06,0xB2,,,
"Async Serial","data",138.893227,9.50000001e-06,0x00,,,
"Async Serial","data",138.893241,9.49999996e-06,0x00,,,
"Async Serial","data",138.893251,9.50000001e-06,0x00,,,
"Async Serial","data",138.893261,9.50000001e-06,0xB3,,,
"I2C","start",138.904732,6.24999811e-08,,,,
"I2C","address",138.904735,2.31875e-05,,true,0x25,false
"I2C","stop",138.904765,6.25000102e-08,,,,
"I2C","start",138.90477,6.25000102e-08,,,,
"I2C","address",138.904773,2.325e-05,,true,0x25,false
"I2C","data",138.904801,2.325e-05,0x00,true,,
"I2C","start",138.90483,6.24999811e-08,,,,
"I2C","address",138.904833,2.325e-05,,true,0x25,true
"I2C","data",138.904866,2.31875e-05,0xA5,true,,
"I2C","data",138.904891,2.325e-05,0x03,false,,
"I2C","stop",138.904917,6.25000102e-08,,,,
"I2C","start",138.904923,6.24999811e-08,,,,
"I2C","address",138.904926,2.325e-05,,true,0x25,false
"I2C","data",138.904954,2.31875e-05,0x40,true,,
"I2C","start",138.904983,6.24999811e-08,,,,
"I2C","address",138.904986,2.325e-05,,true,0x25,true
"I2C","data",138.905019,2.31875e-05,0x09,false,,
"I2C","stop",138.905045,6.25000102e-08,,,,
"I2C","start",138.90505,6.25000393e-08,,,,
"I2C","address",138.905053,2.325e-05,,true,0x25,false
"I2C","data",138.905082,2.31875e-05,0x00,true,,
"I2C","start",138.905111,6.25000102e-08,,,,
"I2C","address",138.905113,2.325e-05,,true,0x25,true
"I2C","data",138.905147,2.31875e-05,0xA5,true,,
"I2C","data",138.905171,2.325e-05,0x03,true,,
"I2C","data",138.905196,2.325e-05,0x09,true,,
"I2C","data",138.905221,2.325e-05,0x00,true,,
"I2C","data",138.905246,2.325e-05,0x28,true,,
"I2C","data",138.90527,2.325e-05,0xEF,true,,
"I2C","data",138.905295,2.325e-05,0x5B,true,,
"I2C","data",138.90532,2.325e-05,0x00,true,,
"I2C","data",138.905344,2.325e-05,0x03,true,,
"I2C","data",138.905369,2.325e-05,0x00,true,,
"I2C","data",138.905394,2.325e-05,0x00,true,,
"I2C","data",138.905419,2.325e-05,0x00,true,,
"I2C","data",138.905443,2.325e-05,0x40,true,,
"I2C","data",138.905468,2.325e-05,0x0D,true,,
"I2C","data",138.905493,2.325e-05,0x03,true,,
"I2C","data",138.905518,2.325e-05,0x00,true,,
"I2C","data",138.905542,2.325e-05,0x0A,true,,
"I2C","data",138.905567,2.325e-05,0x00,true,,
"I2C","data",138.905592,2.325e-05,0x01,true,,
"I2C","data",138.905617,2.325e-05,0x00,true,,
"I2C","data",138.905641,2.325e-05,0x80,true,,
"I2C","data",138.905666,2.325e-05,0x8D,true,,
"I2C","data",138.905691,2.325e-05,0x5B,true,,
"I2C","data",138.905715,2.31875e-05,0x00,true,,
"I2C","data",138.90574,2.325e-05,0x20,true,,
"I2C","data",138.905765,2.325e-05,0xBF,true,,
"I2C","data",138.90579,2.31875e-05,0x02,true,,
"I2C","data",138.905814,2.325e-05,0x00,true,,
"I2C","data",138.905839,2.325e-05,0x00,true,,
"I2C","data",138.905864,2.31875e-05,0x12,true,,
"I2C","data",138.905889,2.325e-05,0x7A,true,,
"I2C","data",138.905913,2.325e-05,0x00,true,,
"I2C","data",138.905938,2.325e-05,0x60,true,,
"I2C","data",138.905963,2.325e-05,0xE3,true,,
"I2C","data",138.905987,2.325e-05,0x16,true,,
"I2C","data",138.906012,2.325e-05,0x00,true,,
"I2C","data",138.906037,2.325e-05,0x30,true,,
"I2C","data",138.906062,2.325e-05,0x11,true,,
"I2C","data",138.906086,2.325e-05,0x00,true,,
"I2C","data",138.906111,2.325e-05,0x00,true,,
"I2C","data",138.906136,2.325e-05,0xD0,true,,
"I2C","data",138.906161,2.325e-05,0xEE,true,,
"I2C","data",138.906185,2.325e-05,0xFF,true,,
"I2C","data",138.90621,2.325e-05,0xFF,true,,
"I2C","data",138.906235,2.325e-05,0x20,true,,
"I2C","data",138.906259,2.325e-05,0x03,true,,
"I2C","data",138.906284,2.325e-05,0xD0,true,,
"I2C","data",138.906309,2.325e-05,0x07,true,,
"I2C","data",138.906334,2.325e-05,0x64,true,,
"I2C","data",138.906358,2.325e-05,0x00,true,,
"I2C","data",138.906383,2.325e-05,0xF4,true,,
"I2C","data",138.906408,2.325e-05,0x01,true,,
"I2C","data",138.906433,2.325e-05,0x00,true,,
"I2C","data",138.906457,2.325e-05,0x00,true,,
"I2C","data",138.906482,2.325e-05,0x00,true,,
"I2C","data",138.906507,2.325e-05,0x00,true,,
"I2C","data",138.906531,2.325e-05,0x00,true,,
"I2C","data",138.906556,2.325e-05,0x00,true,,
"I2C","data",138.906581,2.325e-05,0x00,true,,
"I2C","data",138.906606,2.325e-05,0x00,true,,
"I2C","data",138.90663,2.325e-05,0x00,true,,
"I2C","data",138.906655,2.325e-05,0x00,true,,
"I2C","data",138.90668,2.325e-05,0x00,true,,
"I2C","data",138.906705,2.325e-05,0x00,true,,
"I2C","data",138.906729,2.325e-05,0x09,true,,
"I2C","data",138.906754,2.33125e-05,0x8C,true,,
"I2C","data",138.906779,2.325e-05,0x00,true,,
"I2C","data",138.906803,2.325e-05,0x00,true,,
"I2C","data",138.906828,2.31875e-05,0x01,true,,
"I2C","data",138.906853,2.325e-05,0x00,true,,
"I2C","data",138.906878,2.325e-05,0x00,true,,
"I2C","data",138.906902,2.325e-05,0x01,true,,
"I2C","data",138.906927,2.325e-05,0x00,true,,
"I2C","data",138.906952,2.325e-05,0x00,true,,
"I2C","data",138.906977,2.325e-05,0x00,true,,
"I2C","data",138.907001,2.325e-05,0x00,true,,
"I2C","data",138.907026,2.325e-05,0xF4,true,,
"I2C","data",138.907051,2.325e-05,0xFD,true,,
"I2C","data",138.907075,2.325e-05,0xFF,true,,
"I2C","data",138.9071,2.325e-05,0xFF,true,,
"I2C","data",138.907125,2.325e-05,0x20,true,,
"I2C","data",138.90715,2.325e-05,0x4E,true,,
"I2C","data",138.907174,2.325e-05,0x00,true,,
"I2C","data",138.907199,2.325e-05,0x00,true,,
"I2C","data",138.907224,2.325e-05,0x00,true,,
"I2C","data",138.907249,2.325e-05,0x5A,true,,
"I2C","data",138.907273,2.325e-05,0x62,true,,
"I2C","data",138.907298,2.31875e-05,0x02,true,,
"I2C","data",138.907323,2.325e-05,0x77,true,,
"I2C","data",138.907347,2.325e-05,0x01,true,,
"I2C","data",138.907372,2.31875e-05,0x00,true,,
"I2C","data",138.907397,2.325e-05,0x00,true,,
"I2C","data",138.907422,2.325e-05,0x57,true,,
"I2C","data",138.907446,2.325e-05,0x13,true,,
"I2C","data",138.907471,2.325e-05,0x7E,true,,
"I2C","data",138.907496,2.325e-05,0x03,false,,
"I2C","stop",138.907522,6.25000102e-08,,,,
"I2C","start",138.907527,6.24999811e-08,,,,
"I2C","address",138.90753,2.325e-05,,true,0x25,false
"I2C","data",138.907559,2.325e-05,0x40,true,,
"I2C","start",138.907587,6.24999811e-08,,,,
"I2C","address",138.90759,2.325e-05,,true,0x25,true
"I2C","data",138.907623,2.325e-05,0x09,false,,
"I2C","stop",138.90765,6.25000393e-08,,,,
"Async Serial [1]","data",138.943277,9.49999999e-06,0xB1,,,
"Async Serial [1]","data",138.943287,9.50000001e-06,0x01,,,
"Async Serial [1]","data",138.943297,9.50000001e-06,0x02,,,
"Async Serial [1]","data",138.943307,9.49999999e-06,0x46,,,
"Async Serial [1]","data",138.943317,9.49999996e-06,0xB7,,,
"Async Serial [1]","data",138.943327,9.50000001e-06,0xB3,,,
"Async Serial","data",138.943567,9.49999999e-06,0xB2,,,
"Async Serial","data",138.943577,9.50000001e-06,0x00,,,
"Async Serial","data",138.943587,9.50000001e-06,0x46,,,
"Async Serial","data",138.943597,9.50000001e-06,0x09,,,
"Async Serial","data",138.943607,9.50000001e-06,0x00,,,
"Async Serial","data",138.943617,9.49999999e-06,0x28,,,
"Async Serial","data",138.943627,9.50000001e-06,0xEF,,,
"Async Serial","data",138.943637,9.50000001e-06,0x5B,,,
"Async Serial","data",138.943647,9.50000001e-06,0x00,,,
"Async Serial","data",138.943657,9.49999999e-06,0x03,,,
"Async Serial","data",138.943668,9.49999999e-06,0x00,,,
"Async Serial","data",138.943678,9.50000001e-06,0x00,,,
"Async Serial","data",138.943688,9.50000001e-06,0x00,,,
"Async Serial","data",138.943698,9.50000001e-06,0x40,,,
"Async Serial","data",138.943708,9.49999999e-06,0x0D,,,
"Async Serial","data",138.943718,9.49999999e-06,0x03,,,
"Async Serial","data",138.943728,9.50000001e-06,0x00,,,
"Async Serial","data",138.943738,9.50000001e-06,0x0A,,,
"Async Serial","data",138.943748,9.49999996e-06,0x00,,,
"Async Serial","data",138.943758,9.49999999e-06,0x01,,,
"Async Serial","data",138.943769,9.50000001e-06,0x00,,,
"Async Serial","data",138.943779,9.49999999e-06,0x80,,,
"Async Serial","data",138.943789,9.49999999e-06,0x8D,,,
"Async Serial","data",138.943799,9.49999999e-06,0x5B,,,
"Async Serial","data",138.943809,9.50000001e-06,0x00,,,
"Async Serial","data",138.943819,9.49999999e-06,0x20,,,
"Async Serial","data",138.943829,9.50000001e-06,0xBF,,,
"Async Serial","data",138.943839,9.50000001e-06,0x02,,,
"Async Serial","data",138.943849,9.49999996e-06,0x00,,,
"Async Serial","data",138.94386,9.50000001e-06,0x00,,,
"Async Serial","data",138.94387,9.49999999e-06,0x12,,,
"Async Serial","data",138.94388,9.50000001e-06,0x7A,,,
"Async Serial","data",138.94389,9.49999999e-06,0x00,,,
"Async Serial","data",138.9439,9.50000001e-06,0x60,,,
"Async Serial","data",138.94391,9.50000001e-06,0xE3,,,
"Async Serial","data",138.94392,9.49999996e-06,0x16,,,
"Async Serial","data",138.94393,9.50000001e-06,0x00,,,
"Async Serial","data",138.94394,9.49999999e-06,0x30,,,
"Async Serial","data",138.94395,9.50000001e-06,0x11,,,
"Async Serial","data",138.943961,9.49999999e-06,0x00,,,
"Async Serial","data",138.943971,9.50000001e-06,0x00,,,
"Async Serial","data",138.943981,9.50000001e-06,0xD0,,,
"Async Serial","data",138.943991,9.50000001e-06,0xEE,,,
"Async Serial","data",138.944001,9.50000001e-06,0xFF,,,
"Async Serial","data",138.944011,9.49999999e-06,0xFF,,,
"Async Serial","data",138.944021,9.50000001e-06,0x20,,,
"Async Serial","data",138.944031,9.49999999e-06,0x03,,,
"Async Serial","data",138.944041,9.50000001e-06,0xD0,,,
"Async Serial","data",138.944051,9.49999999e-06,0x07,,,
"Async Serial","data",138.944062,9.50000001e-06,0x64,,,
"Async Serial","data",138.944072,9.50000001e-06,0x00,,,
"Async Serial","data",138.944082,9.50000001e-06,0xF4,,,
"Async Serial","data",138.944092,9.50000001e-06,0x01,,,
"Async Serial","data",138.944102,9.49999999e-06,0x00,,,
"Async Serial","data",138.944112,9.49999999e-06,0x00,,,
"Async Serial","data",138.944122,9.49999999e-06,0x00,,,
"Async Serial","data",138.944132,9.50000001e-06,0x00,,,
"Async Serial","data",138.944142,9.49999996e-06,0x00,,,
"Async Serial","data",138.944153,9.50000001e-06,0x00,,,
"Async Serial","data",138.944163,9.50000001e-06,0x00,,,
"Async Serial","data",138.944173,9.50000001e-06,0x00,,,
"Async Serial","data",138.944183,9.50000001e-06,0x00,,,
"Async Serial","data",138.944193,9.49999999e-06,0x00,,,
"Async Serial","data",138.944203,9.50000001e-06,0x00,,,
"Async Serial","data",138.944213,9.49999999e-06,0x00,,,
"Async Serial","data",138.944223,9.50000001e-06,0x09,,,
"Async Serial","data",138.944233,9.49999999e-06,0x8C,,,
"Async Serial","data",138.944243,9.50000001e-06,0x00,,,
"Async Serial","data",138.944254,9.50000001e-06,0x00,,,
"Async Serial","data",138.944264,9.50000001e-06,0x01,,,
"Async Serial","data",138.944274,9.49999999e-06,0x00,,,
"Async Serial","data",138.944284,9.49999999e-06,0x00,,,
"Async Serial","data",138.944294,9.50000001e-06,0x01,,,
"Async Serial","data",138.944304,9.49999999e-06,0xCC,,,
"Async Serial","data",138.944314,9.50000001e-06,0xB3,,,
"Async Serial [1]","data",138.944393,9.49999996e-06,0xB1,,,
"Async Serial [1]","data",138.944403,9.49999999e-06,0x02,,,
"Async Serial [1]","data",138.944413,9.49999996e-06,0x40,,,
"Async Serial [1]","data",138.944423,9.50000001e-06,0x01,,,
"Async Serial [1]","data",138.944433,9.50000001e-06,0x89,,,
"Async Serial [1]","data",138.944443,9.50000001e-06,0x34,,,
"Async Serial [1]","data",138.944453,9.49999999e-06,0xB3,,,
"Async Serial","data",138.944505,9.50000001e-06,0xB2,,,
"Async Serial","data",138.944515,9.50000001e-06,0x00,,,
"Async Serial","data",138.944525,9.50000001e-06,0x00,,,
"Async Serial","data",138.944535,9.49999999e-06,0x00,,,
"Async Serial","data",138.944546,9.50000001e-06,0xB3,,,
"Async Serial [1]","data",138.944595,9.50000001e-06,0xB1,,,
"Async Serial [1]","data",138.944605,9.49999999e-06,0x02,,,
"Async Serial [1]","data",138.944615,9.49999999e-06,0x41,,,
"Async Serial [1]","data",138.944625,9.49999999e-06,0x01,,,
"Async Serial [1]","data",138.944635,9.49999999e-06,0x8C,,,
"Async Serial [1]","data",138.944645,9.50000001e-06,0x30,,,
"Async Serial [1]","data",138.944655,9.50000001e-06,0xB3,,,
"Async Serial","data",138.944706,9.50000001e-06,0xB2,,,
"Async Serial","data",138.944716,9.50000001e-06,0x00,,,
"Async Serial","data",138.944726,9.50000001e-06,0x00,,,
"Async Serial","data",138.944737,9.50000001e-06,0x00,,,
"Async Serial","data",138.944747,9.49999999e-06,0xB3,,,
"Async Serial [1]","data",138.944797,9.50000001e-06,0xB1,,,
"Async Serial [1]","data",138.944807,9.50000001e-06,0x02,,,
"Async Serial [1]","data",138.944817,9.49999999e-06,0x43,,,
"Async Serial [1]","data",138.944827,9.49999999e-06,0x03,,,
"Async Serial [1]","data",138.944837,9.50000001e-06,0x00,,,
"Async Serial [1]","data",138.944847,9.50000001e-06,0x01,,,
"Async Serial [1]","data",138.944857,9.50000001e-06,0x00,,,
"Async Serial [1]","data",138.944867,9.49999999e-06,0xB7,,,
"Async Serial [1]","data",138.944877,9.50000001e-06,0xB3,,,
"Async Serial","data",138.94493,9.50000001e-06,0xB2,,,
"Async Serial","data",138.944941,9.50000001e-06,0x00,,,
"Async Serial","data",138.944951,9.49999999e-06,0x00,,,
"Async Serial","data",138.944961,9.49999999e-06,0x00,,,
"Async Serial","data",138.944971,9.50000001e-06,0xB3,,,
"Async Serial [1]","data",138.945001,9.50000001e-06,0xB1,,,
"Async Serial [1]","data",138.945011,9.50000001e-06,0x02,,,
"Async Serial [1]","data",138.945021,9.49999999e-06,0x48,,,
"Async Serial [1]","data",138.945031,9.50000001e-06,0x18,,,
"Async Serial [1]","data",138.945041,9.49999999e-06,0x00,,,
"Async Serial [1]","data",138.945051,9.50000001e-06,0x00,,,
"Async Serial [1]","data",138.945061,9.49999999e-06,0x00,,,
"Async Serial [1]","data",138.945071,9.49999999e-06,0x00,,,
"Async Serial [1]","data",138.945081,9.50000001e-06,0x75,,,
"Async Serial [1]","data",138.945091,9.50000001e-06,0xD2,,,
"Async Serial [1]","data",138.945101,9.50000001e-06,0xFF,,,
"Async Serial [1]","data",138.945111,9.49999999e-06,0xFF,,,
"Async Serial [1]","data",138.945121,9.49999999e-06,0x20,,,
"Async Serial [1]","data",138.945131,9.49999999e-06,0x4E,,,
"Async Serial [1]","data",138.945141,9.50000001e-06,0x00,,,
"Async Serial [1]","data",138.945151,9.50000001e-06,0x00,,,
"Async Serial [1]","data",138.945161,9.49999999e-06,0x00,,,
"Async Serial [1]","data",138.945171,9.50000001e-06,0x5A,,,
"Async Serial [1]","data",138.945181,9.49999999e-06,0x62,,,
"Async Serial [1]","data",138.945191,9.49999999e-06,0x02,,,
"Async Serial [1]","data",138.945201,9.50000001e-06,0x77,,,
"Async Serial [1]","data",138.945211,9.50000001e-06,0x01,,,
"Async Serial [1]","data",138.945221,9.50000001e-06,0x00,,,
"Async Serial [1]","data",138.945231,9.49999999e-06,0x00,,,
"Async Serial [1]","data",138.945241,9.49999999e-06,0x57,,,
"Async Serial [1]","data",138.945251,9.49999999e-06,0x13,,,
"Async Serial [1]","data",138.945261,9.50000001e-06,0x7E,,,
"Async Serial [1]","data",138.945271,9.50000001e-06,0x03,,,
"Async Serial [1]","data",138.945281,9.49999999e-06,0xCA,,,
"Async Serial [1]","data",138.945291,9.50000001e-06,0xB3,,,
"Async Serial","data",138.945399,9.50000001e-06,0xB2,,,
"Async Serial","data",138.945409,9.49999999e-06,0x00,,,
"Async Serial","data",138.94542,9.49999999e-06,0x00,,,
"Async Serial","data",138.94543,9.50000001e-06,0x00,,,
"Async Serial","data",138.94544,9.50000001e-06,0xB3,,,
"Async Serial [1]","data",138.945508,9.50000001e-06,0xB1,,,
"Async Serial [1]","data",138.945518,9.49999999e-06,0x02,,,
"Async Serial [1]","data",138.945528,9.49999999e-06,0x40,,,
"Async Serial [1]","data",138.945538,9.49999999e-06,0x01,,,
"Async Serial [1]","data",138.945548,9.49999999e-06,0x09,,,
"Async Serial [1]","data",138.945558,9.50000001e-06,0xB4,,,
"Async Serial [1]","data",138.945568,9.50000001e-06,0xB3,,,
"Async Serial","data",138.945616,9.50000001e-06,0xB2,,,
"Async Serial","data",138.945626,9.50000001e-06,0x00,,,
"Async Serial","data",138.945636,9.49999999e-06,0x00,,,
"Async Serial","data",138.945646,9.50000001e-06,0x00,,,
"Async Serial","data",138.945656,9.49999999e-06,0xB3,,,
"Async Serial [1]","data",138.995678,9.49999999e-06,0xB1,,,
"Async Serial [1]","data",138.995688,9.49999999e-06,0x01,,,
"Async Serial [1]","data",138.995698,9.50000001e-06,0x02,,,
"Async Serial [1]","data",138.995708,9.50000001e-06,0x46,,,
"Async Serial [1]","data",138.995718,9.50000001e-06,0xB7,,,
"Async Serial [1]","data",138.995728,9.49999999e-06,0xB3,,,
"Async Serial","data",138.995966,9.50000001e-06,0xB2,,,
"Async Serial","data",138.995976,9.50000001e-06,0x00,,,
"Async Serial","data",138.995986,9.50000001e-06,0x46,,,
"Async Serial","data",138.995996,9.50000001e-06,0x09,,,
"Async Serial","data",138.996006,9.49999999e-06,0x00,,,
"Async Serial","data",138.996016,9.50000001e-06,0x28,,,
"Async Serial","data",138.996026,9.49999999e-06,0xEF,,,
"Async Serial","data",138.996036,9.50000001e-06,0x5B,,,
"Async Serial","data",138.996046,9.49999999e-06,0x00,,,
"Async Serial","data",138.996057,9.50000001e-06,0x03,,,
"Async Serial","data",138.996067,9.50000001e-06,0x00,,,
"Async Serial","data",138.996077,9.50000001e-06,0x00,,,
"Async Serial","data",138.996087,9.49999999e-06,0x00,,,
"Async Serial","data",138.996097,9.49999999e-06,0x40,,,
"Async Serial","data",138.996107,9.50000001e-06,0x0D,,,
"Async Serial","data",138.996117,9.49999996e-06,0x03,,,
"Async Serial","data",138.996127,9.50000001e-06,0x00,,,
"Async Serial","data",138.996137,9.49999999e-06,0x0A,,,
"Async Serial","data",138.996147,9.49999999e-06,0x00,,,
"Async Serial","data",138.996158,9.49999999e-06,0x01,,,
"Async Serial","data",138.996168,9.50000001e-06,0x00,,,
"Async Serial","data",138.996178,9.50000001e-06,0x80,,,
"Async Serial","data",138.996188,9.50000001e-06,0x8D,,,
"Async Serial","data",138.996198,9.50000001e-06,0x5B,,,
"Async Serial","data",138.996208,9.49999999e-06,0x00,,,
"Async Serial","data",138.996218,9.50000001e-06,0x20,,,
"Async Serial","data",138.996228,9.49999999e-06,0xBF,,,
"Async Serial","data",138.996238,9.50000001e-06,0x02,,,
"Async Serial","data",138.996249,9.49999999e-06,0x00,,,
"Async Serial","data",138.996259,9.50000001e-06,0x00,,,
"Async Serial","data",138.996269,9.50000001e-06,0x12,,,
"Async Serial","data",138.996279,9.50000001e-06,0x7A,,,
"Async Serial","data",138.996289,9.50000001e-06,0x00,,,
"Async Serial","data",138.996299,9.49999999e-06,0x60,,,
"Async Serial","data",138.996309,9.49999999e-06,0xE3,,,
"Async Serial","data",138.996319,9.49999999e-06,0x16,,,
"Async Serial","data",138.996329,9.50000001e-06,0x00,,,
"Async Serial","data",138.996339,9.49999996e-06,0x30,,,
"Async Serial","data",138.99635,9.50000001e-06,0x11,,,
"Async Serial","data",138.99636,9.50000001e-06,0x00,,,
"Async Serial","data",138.99637,9.49999999e-06,0x00,,,
"Async Serial","data",138.99638,9.50000001e-06,0xD0,,,
"Async Serial","data",138.99639,9.49999999e-06,0xEE,,,
"Async Serial","data",138.9964,9.50000001e-06,0xFF,,,
"Async Serial","data",138.99641,9.49999996e-06,0xFF,,,
"Async Serial","data",138.99642,9.50000001e-06,0x20,,,
"Async Serial","data",138.99643,9.49999999e-06,0x03,,,
"Async Serial","data",138.99644,9.49999999e-06,0xD0,,,
"Async Serial","data",138.996451,9.50000001e-06,0x07,,,
"Async Serial","data",138.996461,9.50000001e-06,0x64,,,
"Async Serial","data",138.996471,9.50000001e-06,0x00,,,
"Async Serial","data",138.996481,9.49999999e-06,0xF4,,,
"Async Serial","data",138.996491,9.50000001e-06,0x01,,,
"Async Serial","data",138.996501,9.49999999e-06,0x00,,,
"Async Serial","data",138.996511,9.50000001e-06,0x00,,,
"Async Serial","data",138.996521,9.49999999e-06,0x00,,,
"Async Serial","data",138.996531,9.49999999e-06,0x00,,,
"Async Serial","data",138.996541,9.50000001e-06,0x00,,,
"Async Serial","data",138.996552,9.50000001e-06,0x00,,,
"Async Serial","data",138.996562,9.49999996e-06,0x00,,,
"Async Serial","data",138.996572,9.49999999e-06,0x00,,,
"Async Serial","data",138.996582,9.50000001e-06,0x00,,,
"Async Serial","data",138.996592,9.49999999e-06,0x00,,,
"Async Serial","data",138.996602,9.50000001e-06,0x00,,,
"Async Serial","data",138.996612,9.49999999e-06,0x00,,,
"Async Serial","data",138.996622,9.50000001e-06,0x09,,,
"Async Serial","data",138.996632,9.49999999e-06,0x8C,,,
"Async Serial","data",138.996643,9.50000001e-06,0x00,,,
"Async Serial","data",138.996653,9.49999999e-06,0x00,,,
"Async Serial","data",138.996663,9.49999999e-06,0x01,,,
"Async Serial","data",138.996673,9.50000001e-06,0x00,,,
"Async Serial","data",138.996683,9.50000001e-06,0x00,,,
"Async Serial","data",138.996693,9.50000001e-06,0x01,,,
"Async Serial","data",138.996703,9.49999999e-06,0xCC,,,
"Async Serial","data",138.996713,9.50000001e-06,0xB3,,,
"Async Serial [1]","data",138.996792,9.49999999e-06,0xB1,,,
"Async Serial [1]","data",138.996802,9.50000001e-06,0x02,,,
"Async Serial [1]","data",138.996812,9.49999999e-06,0x40,,,
"Async Serial [1]","data",138.996822,9.50000001e-06,0x01,,,
"Async Serial [1]","data",138.996832,9.49999999e-06,0x89,,,
"Async Serial [1]","data",138.996842,9.50000001e-06,0x34,,,
"Async Serial [1]","data",138.996852,9.49999999e-06,0xB3,,,
"Async Serial","data",138.996904,9.49999999e-06,0xB2,,,
"Async Serial","data",138.996914,9.49999999e-06,0x00,,,
"Async Serial","data",138.996925,9.50000001e-06,0x00,,,
"Async Serial","data",138.996935,9.50000001e-06,0x00,,,
"Async Serial","data",138.996945,9.50000001e-06,0xB3,,,
"Async Serial [1]","data",138.996995,9.49999999e-06,0xB1,,,
"Async Serial [1]","data",138.997005,9.50000001e-06,0x02,,,
"Async Serial [1]","data",138.997015,9.50000001e-06,0x41,,,
"Async Serial [1]","data",138.997025,9.50000001e-06,0x01,,,
"Async Serial [1]","data",138.997035,9.49999999e-06,0x8C,,,
"Async Serial [1]","data",138.997045,9.49999996e-06,0x30,,,
"Async Serial [1]","data",138.997055,9.50000001e-06,0xB3,,,
"Async Serial","data",138.997105,9.50000001e-06,0xB2,,,
"Async Serial","data",138.997115,9.49999999e-06,0x00,,,
"Async Serial","data",138.997126,9.50000001e-06,0x00,,,
"Async Serial","data",138.997136,9.49999999e-06,0x00,,,
"Async Serial","data",138.997146,9.49999999e-06,0xB3,,,
"Async Serial [1]","data",138.997197,9.50000001e-06,0xB1,,,
"Async Serial [1]","data",138.997207,9.50000001e-06,0x02,,,
"Async Serial [1]","data",138.997217,9.50000001e-06,0x43,,,
"Async Serial [1]","data",138.997227,9.49999999e-06,0x03,,,
"Async Serial [1]","data",138.997237,9.49999999e-06,0x00,,,
"Async Serial [1]","data",138.997247,9.50000001e-06,0x01,,,
"Async Serial [1]","data",138.997257,9.49999999e-06,0x00,,,
"Async Serial [1]","data",138.997267,9.50000001e-06,0xB7,,,
"Async Serial [1]","data",138.997277,9.49999999e-06,0xB3,,,
"Async Serial","data",138.99733,9.49999996e-06,0xB2,,,
"Async Serial","data",138.99734,9.49999999e-06,0x00,,,
"Async Serial","data",138.99735,9.50000001e-06,0x00,,,
"Async Serial","data",138.99736,9.50000001e-06,0x00,,,
"Async Serial","data",138.99737,9.49999999e-06,0xB3,,,
"Async Serial [1]","data",138.9974,9.50000001e-06,0xB1,,,
"Async Serial [1]","data",138.99741,9.50000001e-06,0x02,,,
"Async Serial [1]","data",138.99742,9.49999999e-06,0x48,,,
"Async Serial [1]","data",138.99743,9.50000001e-06,0x18,,,
"Async Serial [1]","data",138.99744,9.50000001e-06,0x00,,,
"Async Serial [1]","data",138.99745,9.50000001e-06,0x00,,,
"Async Serial [1]","data",138.99746,9.49999999e-06,0x00,,,
"Async Serial [1]","data",138.99747,9.49999996e-06,0x00,,,
"Async Serial [1]","data",138.99748,9.50000001e-06,0x04,,,
"Async Serial [1]","data",138.99749,9.50000001e-06,0xEC,,,
"Async Serial [1]","data",138.9975,9.50000001e-06,0xFF,,,
"Async Serial [1]","data",138.99751,9.49999999e-06,0xFF,,,
"Async Serial [1]","data",138.99752,9.49999999e-06,0x20,,,
"Async Serial [1]","data",138.99753,9.50000001e-06,0x4E,,,
"Async Serial [1]","data",138.99754,9.50000001e-06,0x00,,,
"Async Serial [1]","data",138.99755,9.49999999e-06,0x00,,,
"Async Serial [1]","data",138.99756,9.49999996e-06,0x00,,,
"Async Serial [1]","data",138.99757,9.50000001e-06,0x5A,,,
"Async Serial [1]","data",138.99758,9.49999996e-06,0x62,,,
"Async Serial [1]","data",138.99759,9.49999999e-06,0x02,,,
"Async Serial [1]","data",138.9976,9.50000001e-06,0x77,,,
"Async Serial [1]","data",138.99761,9.50000001e-06,0x01,,,
"Async Serial [1]","data",138.99762,9.50000001e-06,0x00,,,
"Async Serial [1]","data",138.99763,9.49999999e-06,0x00,,,
"Async Serial [1]","data",138.99764,9.49999999e-06,0x57,,,
"Async Serial [1]","data",138.99765,9.50000001e-06,0x13,,,
"Async Serial [1]","data",138.99766,9.50000001e-06,0x7E,,,
"Async Serial [1]","data",138.99767,9.49999999e-06,0x03,,,
"Async Serial [1]","data",138.99768,9.49999999e-06,0x21,,,
"Async Serial [1]","data",138.99769,9.50000001e-06,0xB3,,,
"Async Serial","data",138.997797,9.50000001e-06,0xB2,,,
"Async Serial","data",138.997808,9.49999999e-06,0x00,,,
"Async Serial","data",138.997818,9.50000001e-06,0x00,,,
"Async Serial","data",138.997828,9.50000001e-06,0x00,,,
"Async Serial","data",138.997838,9.50000001e-06,0xB3,,,
"Async Serial [1]","data",138.997907,9.49999999e-06,0xB1,,,
"Async Serial [1]","data",138.997917,9.50000001e-06,0x02,,,
"Async Serial [1]","data",138.997927,9.49999999e-06,0x40,,,
"Async Serial [1]","data",138.997937,9.50000001e-06,0x01,,,
"Async Serial [1]","data",138.997947,9.50000001e-06,0x09,,,
"Async Serial [1]","data",138.997957,9.50000001e-06,0xB4,,,
"Async Serial [1]","data",138.997967,9.50000001e-06,0xB3,,,
"Async Serial","data",138.998014,9.49999999e-06,0xB2,,,
"Async Serial","data",138.998024,9.50000001e-06,0x00,,,
"Async Serial","data",138.998034,9.49999999e-06,0x00,,,
"Async Serial","data",138.998044,9.49999999e-06,0x00,,,
"Async Serial","data",138.998054,9.50000001e-06,0xB3,,,
"Async Serial [1]","data",139.048079,9.49999999e-06,0xB1,,,
"Async Serial [1]","data",139.048089,9.49999999e-06,0x01,,,
"Async Serial [1]","data",139.048099,9.49999999e-06,0x02,,,
"Async Serial [1]","data",139.048109,9.49999999e-06,0x46,,,
"Async Serial [1]","data",139.048119,9.50000001e-06,0xB7,,,
"Async Serial [1]","data",139.048129,9.50000001e-06,0xB3,,,
"Async Serial","data",139.048367,9.49999996e-06,0xB2,,,
"Async Serial","data",139.048377,9.50000001e-06,0x00,,,
"Async Serial","data",139.048387,9.50000001e-06,0x46,,,
"Async Serial","data",139.048397,9.50000001e-06,0x09,,,
"Async Serial","data",139.048407,9.50000001e-06,0x00,,,
"Async Serial","data",139.048417,9.49999999e-06,0x28,,,
"Async Serial","data",139.048428,9.50000001e-06,0xEF,,,
"Async Serial","data",139.048438,9.49999999e-06,0x5B,,,
"Async Serial","data",139.048448,9.50000001e-06,0x00,,,
"Async Serial","data",139.048458,9.49999999e-06,0x03,,,
"Async Serial","data",139.048468,9.50000001e-06,0x00,,,
"Async Serial","data",139.048478,9.50000001e-06,0x00,,,
"Async Serial","data",139.048488,9.50000001e-06,0x00,,,
"Async Serial","data",139.048498,9.50000001e-06,0x40,,,
"Async Serial","data",139.048508,9.49999999e-06,0x0D,,,
"Async Serial","data",139.048519,9.50000001e-06,0x03,,,
"Async Serial","data",139.048529,9.49999996e-06,0x00,,,
"Async Serial","data",139.048539,9.50000001e-06,0x0A,,,
"Async Serial","data",139.048549,9.49999999e-06,0x00,,,
"Async Serial","data",139.048559,9.49999999e-06,0x01,,,
"Async Serial","data",139.048569,9.50000001e-06,0x00,,,
"Async Serial","data",139.048579,9.50000001e-06,0x80,,,
"Async Serial","data",139.048589,9.49999999e-06,0x8D,,,
"Async Serial","data",139.048599,9.49999999e-06,0x5B,,,
"Async Serial","data",139.048609,9.50000001e-06,0x00,,,
"Async Serial","data",139.04862,9.49999999e-06,0x20,,,
"Async Serial","data",139.04863,9.49999999e-06,0xBF,,,
"Async Serial","data",139.04864,9.49999999e-06,0x02,,,
"Async Serial","data",139.04865,9.49999999e-06,0x00,,,
"Async Serial","data",139.04866,9.49999999e-06,0x00,,,
"Async Serial","data",139.04867,9.50000001e-06,0x12,,,
"Async Serial","data",139.04868,9.50000001e-06,0x7A,,,
"Async Serial","data",139.04869,9.49999996e-06,0x00,,,
"Async Serial","data",139.0487,9.50000001e-06,0x60,,,
"Async Serial","data",139.04871,9.50000001e-06,0xE3,,,
"Async Serial","data",139.048721,9.50000001e-06,0x16,,,
"Async Serial","data",139.048731,9.49999999e-06,0x00,,,
"Async Serial","data",139.048741,9.49999999e-06,0x30,,,
"Async Serial","data",139.048751,9.50000001e-06,0x11,,,
"Async Serial","data",139.048761,9.50000001e-06,0x00,,,
"Async Serial","data",139.048771,9.50000001e-06,0x00,,,
"Async Serial","data",139.048781,9.49999999e-06,0xD0,,,
"Async Serial","data",139.048791,9.50000001e-06,0xEE,,,
"Async Serial","data",139.048801,9.50000001e-06,0xFF,,,
"Async Serial","data",139.048812,9.50000001e-06,0xFF,,,
"Async Serial","data",139.048822,9.49999999e-06,0x20,,,
"Async Serial","data",139.048832,9.49999999e-06,0x03,,,
"Async Serial","data",139.048842,9.50000001e-06,0xD0,,,
"Async Serial","data",139.048852,9.49999999e-06,0x07,,,
"Async Serial","data",139.048862,9.50000001e-06,0x64,,,
"Async Serial","data",139.048872,9.49999999e-06,0x00,,,
"Async Serial","data",139.048882,9.50000001e-06,0xF4,,,
"Async Serial","data",139.048892,9.50000001e-06,0x01,,,
"Async Serial","data",139.048902,9.50000001e-06,0x00,,,
"Async Serial","data",139.048913,9.49999996e-06,0x00,,,
"Async Serial","data",139.048923,9.49999996e-06,0x00,,,
"Async Serial","data",139.048933,9.50000001e-06,0x00,,,
"Async Serial","data",139.048943,9.49999999e-06,0x00,,,
"Async Serial","data",139.048953,9.49999999e-06,0x00,,,
"Async Serial","data",139.048963,9.49999999e-06,0x00,,,
"Async Serial","data",139.048973,9.50000001e-06,0x00,,,
"Async Serial","data",139.048983,9.49999999e-06,0x00,,,
"Async Serial","data",139.048993,9.50000001e-06,0x00,,,
"Async Serial","data",139.049003,9.50000001e-06,0x00,,,
"Async Serial","data",139.049014,9.49999999e-06,0x00,,,
"Async Serial","data",139.049024,9.50000001e-06,0x09,,,
"Async Serial","data",139.049034,9.49999999e-06,0x8C,,,
"Async Serial","data",139.049044,9.50000001e-06,0x00,,,
"Async Serial","data",139.049054,9.49999999e-06,0x00,,,
"Async Serial","data",139.049064,9.50000001e-06,0x01,,,
"Async Serial","data",139.049074,9.50000001e-06,0x00,,,
"Async Serial","data",139.049084,9.50000001e-06,0x00,,,
"Async Serial","data",139.049094,9.50000001e-06,0x01,,,
"Async Serial","data",139.049105,9.49999999e-06,0xCC,,,
"Async Serial","data",139.049115,9.50000001e-06,0xB3,,,
"Async Serial [1]","data",139.049193,9.50000001e-06,0xB1,,,
"Async Serial [1]","data",139.049203,9.49999999e-06,0x02,,,
"Async Serial [1]","data",139.049213,9.49999999e-06,0x40,,,
"Async Serial [1]","data",139.049223,9.50000001e-06,0x01,,,
"Async Serial [1]","data",139.049233,9.50000001e-06,0x89,,,
"Async Serial [1]","data",139.049243,9.50000001e-06,0x34,,,
"Async Serial [1]","data",139.049253,9.50000001e-06,0xB3,,,
"Async Serial","data",139.049306,9.50000001e-06,0xB2,,,
"Async Serial","data",139.049316,9.49999999e-06,0x00,,,
"Async Serial","data",139.049326,9.50000001e-06,0x00,,,
"Async Serial","data",139.049336,9.49999999e-06,0x00,,,
"Async Serial","data",139.049346,9.49999996e-06,0xB3,,,
"Async Serial [1]","data",139.049396,9.50000001e-06,0xB1,,,
"Async Serial [1]","data",139.049406,9.49999999e-06,0x02,,,
"Async Serial [1]","data",139.049416,9.49999999e-06,0x41,,,
"Async Serial [1]","data",139.049426,9.50000001e-06,0x01,,,
"Async Serial [1]","data",139.049436,9.50000001e-06,0x8C,,,
"Async Serial [1]","data",139.049446,9.50000001e-06,0x30,,,
"Async Serial [1]","data",139.049456,9.49999999e-06,0xB3,,,
"Async Serial","data",139.049507,9.49999996e-06,0xB2,,,
"Async Serial","data",139.049517,9.50000001e-06,0x00,,,
"Async Serial","data",139.049527,9.49999999e-06,0x00,,,
"Async Serial","data",139.049537,9.50000001e-06,0x00,,,
"Async Serial","data",139.049547,9.49999999e-06,0xB3,,,
"Async Serial [1]","data",139.049598,9.50000001e-06,0xB1,,,
"Async Serial [1]","data",139.049608,9.49999996e-06,0x02,,,
"Async Serial [1]","data",139.049618,9.50000001e-06,0x43,,,
"Async Serial [1]","data",139.049628,9.50000001e-06,0x03,,,
"Async Serial [1]","data",139.049638,9.50000001e-06,0x00,,,
"Async Serial [1]","data",139.049648,9.49999999e-06,0x01,,,
"Async Serial [1]","data",139.049658,9.49999999e-06,0x00,,,
"Async Serial [1]","data",139.049668,9.50000001e-06,0xB7,,,
"Async Serial [1]","data",139.049678,9.50000001e-06,0xB3,,,
"Async Serial","data",139.049731,9.50000001e-06,0xB2,,,
"Async Serial","data",139.049741,9.50000001e-06,0x00,,,
"Async Serial","data",139.049751,9.50000001e-06,0x00,,,
"Async Serial","data",139.049761,9.50000001e-06,0x00,,,
"Async Serial","data",139.049771,9.49999999e-06,0xB3,,,
"Async Serial [1]","data",139.049801,9.50000001e-06,0xB1,,,
"Async Serial [1]","data",139.049811,9.49999999e-06,0x02,,,
"Async Serial [1]","data",139.049821,9.50000001e-06,0x48,,,
"Async Serial [1]","data",139.049831,9.49999999e-06,0x18,,,
"Async Serial [1]","data",139.049841,9.49999999e-06,0x00,,,
"Async Serial [1]","data",139.049851,9.50000001e-06,0x00,,,
"Async Serial [1]","data",139.049861,9.50000001e-06,0x00,,,
"Async Serial [1]","data",139.049871,9.50000001e-06,0x00,,,
"Async Serial [1]","data",139.049881,9.49999999e-06,0xDF,,,
"Async Serial [1]","data",139.049891,9.49999999e-06,0x23,,,
"Async Serial [1]","data",139.049901,9.49999999e-06,0x00,,,
"Async Serial [1]","data",139.049911,9.50000001e-06,0x00,,,
"Async Serial [1]","data",139.049921,9.50000001e-06,0x20,,,
"Async Serial [1]","data",139.049931,9.49999999e-06,0x4E,,,
"Async Serial [1]","data",139.049941,9.49999999e-06,0x00,,,
"Async Serial [1]","data",139.049951,9.50000001e-06,0x00,,,
"Async Serial [1]","data",139.049961,9.50000001e-06,0x00,,,
"Async Serial [1]","data",139.049971,9.50000001e-06,0x5A,,,
"Async Serial [1]","data",139.049981,9.49999999e-06,0x62,,,
"Async Serial [1]","data",139.049991,9.50000001e-06,0x02,,,
"Async Serial [1]","data",139.050001,9.49999999e-06,0x77,,,
"Async Serial [1]","data",139.050011,9.49999999e-06,0x01,,,
"Async Serial [1]","data",139.050021,9.50000001e-06,0x00,,,
"Async Serial [1]","data",139.050031,9.50000001e-06,0x00,,,
"Async Serial [1]","data",139.050041,9.50000001e-06,0x57,,,
"Async Serial [1]","data",139.050051,9.49999999e-06,0x13,,,
"Async Serial [1]","data",139.050061,9.50000001e-06,0x7E,,,
"Async Serial [1]","data",139.050071,9.50000001e-06,0x03,,,
"Async Serial [1]","data",139.050081,9.50000001e-06,0x0D,,,
"Async Serial [1]","data",139.050091,9.49999999e-06,0xB3,,,
"Async Serial","data",139.050199,9.50000001e-06,0xB2,,,
"Async Serial","data",139.050209,9.49999999e-06,0x00,,,
"Async Serial","data",139.050219,9.50000001e-06,0x00,,,
"Async Serial","data",139.050229,9.49999999e-06,0x00,,,
"Async Serial","data",139.050239,9.50000001e-06,0xB3,,,
"Async Serial [1]","data",139.050308,9.50000001e-06,0xB1,,,
"Async Serial [1]","data",139.050318,9.50000001e-06,0x02,,,
"Async Serial [1]","data",139.050328,9.50000001e-06,0x40,,,
"Async Serial [1]","data",139.050338,9.49999996e-06,0x01,,,
"Async Serial [1]","data",139.050348,9.49999996e-06,0x09,,,
"Async Serial [1]","data",139.050358,9.50000001e-06,0xB4,,,
"Async Serial [1]","data",139.050368,9.49999996e-06,0xB3,,,
"Async Serial","data",139.050415,9.50000001e-06,0xB2,,,
"Async Serial","data",139.050425,9.49999999e-06,0x00,,,
"Async Serial","data",139.050435,9.50000001e-06,0x00,,,
"Async Serial","data",139.050445,9.49999999e-06,0x00,,,
"Async Serial","data",139.050455,9.49999996e-06,0xB3,,,
"Async Serial [1]","data",139.100479,9.50000001e-06,0xB1,,,
"Async Serial [1]","data",139.100489,9.50000001e-06,0x01,,,
"Async Serial [1]","data",139.100499,9.49999996e-06,0x02,,,
"Async Serial [1]","data",139.100509,9.49999999e-06,0x46,,,
"Async Serial [1]","data",139.100519,9.49999996e-06,0xB7,,,
"Async Serial [1]","data",139.100529,9.50000001e-06,0xB3,,,
"Async Serial","data",139.100765,9.49999999e-06,0xB2,,,
"Async Serial","data",139.100775,9.49999996e-06,0x00,,,
"Async Serial","data",139.100785,9.50000001e-06,0x46,,,
"Async Serial","data",139.100795,9.50000001e-06,0x09,,,
"Async Serial","data",139.100805,9.50000001e-06,0x00,,,
"Async Serial","data",139.100815,9.49999999e-06,0x28,,,
"Async Serial","data",139.100825,9.50000001e-06,0xEF,,,
"Async Serial","data",139.100835,9.50000001e-06,0x5B,,,
"Async Serial","data",139.100845,9.50000001e-06,0x00,,,
"Async Serial","data",139.100855,9.50000001e-06,0x03,,,
"Async Serial","data",139.100866,9.49999999e-06,0x00,,,
"Async Serial","data",139.100876,9.50000001e-06,0x00,,,
"Async Serial","data",139.100886,9.49999999e-06,0x00,,,
"Async Serial","data",139.100896,9.50000001e-06,0x40,,,
"Async Serial","data",139.100906,9.49999999e-06,0x0D,,,
"Async Serial","data",139.100916,9.50000001e-06,0x03,,,
"Async Serial","data",139.100926,9.50000001e-06,0x00,,,
"Async Serial","data",139.100936,9.49999999e-06,0x0A,,,
"Async Serial","data",139.100946,9.50000001e-06,0x00,,,
"Async Serial","data",139.100956,9.49999999e-06,0x01,,,
"Async Serial","data",139.100967,9.49999999e-06,0x00,,,
"Async Serial","data",139.100977,9.50000001e-06,0x80,,,
"Async Serial","data",139.100987,9.50000001e-06,0x8D,,,
"Async Serial","data",139.100997,9.49999996e-06,0x5B,,,
"Async Serial","data",139.101007,9.50000001e-06,0x00,,,
"Async Serial","data",139.101017,9.49999999e-06,0x20,,,
"Async Serial","data",139.101027,9.50000001e-06,0xBF,,,
"Async Serial","data",139.101037,9.49999999e-06,0x02,,,
"Async Serial","data",139.101047,9.49999999e-06,0x00,,,
"Async Serial","data",139.101058,9.50000001e-06,0x00,,,
"Async Serial","data",139.101068,9.49999996e-06,0x12,,,
"Async Serial","data",139.101078,9.50000001e-06,0x7A,,,
"Async Serial","data",139.101088,9.49999999e-06,0x00,,,
"Async Serial","data",139.101098,9.50000001e-06,0x60,,,
"Async Serial","data",139.101108,9.49999999e-06,0xE3,,,
"Async Serial","data",139.101118,9.50000001e-06,0x16,,,
"Async Serial","data",139.101128,9.49999999e-06,0x00,,,
"Async Serial","data",139.101138,9.49999999e-06,0x30,,,
"Async Serial","data",139.101148,9.50000001e-06,0x11,,,
"Async Serial","data",139.101159,9.49999999e-06,0x00,,,
"Async Serial","data",139.101169,9.50000001e-06,0x00,,,
"Async Serial","data",139.101179,9.49999999e-06,0xD0,,,
"Async Serial","data",139.101189,9.49999999e-06,0xEE,,,
"Async Serial","data",139.101199,9.49999999e-06,0xFF,,,
"Async Serial","data",139.101209,9.50000001e-06,0xFF,,,
"Async Serial","data",139.101219,9.49999996e-06,0x20,,,
"Async Serial","data",139.101229,9.49999999e-06,0x03,,,
"Async Serial","data",139.101239,9.50000001e-06,0xD0,,,
"Async Serial","data",139.10125,9.50000001e-06,0x07,,,
"Async Serial","data",139.10126,9.49999999e-06,0x64,,,
"Async Serial","data",139.10127,9.49999999e-06,0x00,,,
"Async Serial","data",139.10128,9.50000001e-06,0xF4,,,
"Async Serial","data",139.10129,9.49999996e-06,0x01,,,
"Async Serial","data",139.1013,9.50000001e-06,0x00,,,
"Async Serial","data",139.10131,9.49999999e-06,0x00,,,
"Async Serial","data",139.10132,9.50000001e-06,0x00,,,
"Async Serial","data",139.10133,9.50000001e-06,0x00,,,
"Async Serial","data",139.10134,9.50000001e-06,0x00,,,
"Async Serial","data",139.101351,9.50000001e-06,0x00,,,
"Async Serial","data",139.101361,9.49999999e-06,0x00,,,
"Async Serial","data",139.101371,9.50000001e-06,0x00,,,
"Async Serial","data",139.101381,9.49999999e-06,0x00,,,
"Async Serial","data",139.101391,9.50000001e-06,0x00,,,
"Async Serial","data",139.101401,9.49999999e-06,0x00,,,
"Async Serial","data",139.101411,9.50000001e-06,0x00,,,
"Async Serial","data",139.101421,9.50000001e-06,0x09,,,
"Async Serial","data",139.101431,9.50000001e-06,0x8C,,,
"Async Serial","data",139.101441,9.50000001e-06,0x00,,,
"Async Serial","data",139.101452,9.49999996e-06,0x00,,,
"Async Serial","data",139.101462,9.50000001e-06,0x01,,,
"Async Serial","data",139.101472,9.49999999e-06,0x00,,,
"Async Serial","data",139.101482,9.49999999e-06,0x00,,,
"Async Serial","data",139.101492,9.49999999e-06,0x01,,,
"Async Serial","data",139.101502,9.50000001e-06,0xCC,,,
"Async Serial","data",139.101512,9.49999999e-06,0xB3,,,
"Async Serial [1]","data",139.101593,9.50000001e-06,0xB1,,,
"Async Serial [1]","data",139.101603,9.50000001e-06,0x02,,,
"Async Serial [1]","data",139.101613,9.50000001e-06,0x40,,,
"Async Serial [1]","data",139.101623,9.49999999e-06,0x01,,,
"Async Serial [1]","data",139.101633,9.50000001e-06,0x89,,,
"Async Serial [1]","data",139.101643,9.49999999e-06,0x34,,,
"Async Serial [1]","data",139.101653,9.50000001e-06,0xB3,,,
"Async Serial","data",139.101703,9.50000001e-06,0xB2,,,
"Async Serial","data",139.101713,9.49999999e-06,0x00,,,
"Async Serial","data",139.101723,9.49999999e-06,0x00,,,
"Async Serial","data",139.101733,9.49999999e-06,0x00,,,
"Async Serial","data",139.101744,9.49999999e-06,0xB3,,,
"Async Serial [1]","data",139.101796,9.50000001e-06,0xB1,,,
"Async Serial [1]","data",139.101806,9.49999999e-06,0x02,,,
"Async Serial [1]","data",139.101815,9.49999999e-06,0x41,,,
"Async Serial [1]","data",139.101825,9.50000001e-06,0x01,,,
"Async Serial [1]","data",139.101835,9.50000001e-06,0x8C,,,
"Async Serial [1]","data",139.101845,9.50000001e-06,0x30,,,
"Async Serial [1]","data",139.101855,9.49999999e-06,0xB3,,,
"Async Serial","data",139.101904,9.50000001e-06,0xB2,,,
"Async Serial","data",139.101914,9.50000001e-06,0x00,,,
"Async Serial","data",139.101924,9.50000001e-06,0x00,,,
"Async Serial","data",139.101935,9.50000001e-06,0x00,,,
"Async Serial","data",139.101945,9.49999999e-06,0xB3,,,
"Async Serial [1]","data",139.101999,9.49999999e-06,0xB1,,,
"Async Serial [1]","data",139.102008,9.49999999e-06,0x02,,,
"Async Serial [1]","data",139.102019,9.49999999e-06,0x43,,,
"Async Serial [1]","data",139.102029,9.49999999e-06,0x03,,,
"Async Serial [1]","data",139.102039,9.49999999e-06,0x00,,,
"Async Serial [1]","data",139.102049,9.50000001e-06,0x01,,,
"Async Serial [1]","data",139.102059,9.50000001e-06,0x00,,,
"Async Serial [1]","data",139.102069,9.49999999e-06,0xB7,,,
"Async Serial [1]","data",139.102079,9.50000001e-06,0xB3,,,
"Async Serial","data",139.102137,9.49999999e-06,0xB2,,,
"Async Serial","data",139.102147,9.49999999e-06,0x00,,,
"Async Serial","data",139.102157,9.50000001e-06,0x00,,,
"Async Serial","data",139.102167,9.50000001e-06,0x00,,,
"Async Serial","data",139.102177,9.50000001e-06,0xB3,,,
"Async Serial [1]","data",139.102202,9.49999999e-06,0xB1,,,
"Async Serial [1]","data",139.102212,9.49999999e-06,0x02,,,
"Async Serial [1]","data",139.102222,9.50000001e-06,0x48,,,
"Async Serial [1]","data",139.102232,9.50000001e-06,0x18,,,
"Async Serial [1]","data",139.102242,9.49999999e-06,0x00,,,
"Async Serial [1]","data",139.102252,9.49999999e-06,0x00,,,
"Async Serial [1]","data",139.102262,9.49999999e-06,0x00,,,
"Async Serial [1]","data",139.102272,9.50000001e-06,0x00,,,
"Async Serial [1]","data",139.102282,9.50000001e-06,0xE8,,,
"Async Serial [1]","data",139.102292,9.50000001e-06,0x19,,,
"Async Serial [1]","data",139.102302,9.49999999e-06,0x00,,,
"Async Serial [1]","data",139.102312,9.50000001e-06,0x00,,,
"Async Serial [1]","data",139.102322,9.50000001e-06,0x20,,,
"Async Serial [1]","data",139.102332,9.49999999e-06,0x4E,,,
"Async Serial [1]","data",139.102342,9.50000001e-06,0x00,,,
"Async Serial [1]","data",139.102352,9.49999999e-06,0x00,,,
"Async Serial [1]","data",139.102362,9.50000001e-06,0x00,,,
"Async Serial [1]","data",139.102372,9.50000001e-06,0x5A,,,
"Async Serial [1]","data",139.102382,9.50000001e-06,0x62,,,
"Async Serial [1]","data",139.102392,9.49999999e-06,0x02,,,
"Async Serial [1]","data",139.102402,9.50000001e-06,0x77,,,
"Async Serial [1]","data",139.102412,9.49999999e-06,0x01,,,
"Async Serial [1]","data",139.102422,9.49999999e-06,0x00,,,
"Async Serial [1]","data",139.102432,9.50000001e-06,0x00,,,
"Async Serial [1]","data",139.102442,9.49999999e-06,0x57,,,
"Async Serial [1]","data",139.102452,9.50000001e-06,0x13,,,
"Async Serial [1]","data",139.102462,9.49999999e-06,0x7E,,,
"Async Serial [1]","data",139.102472,9.49999999e-06,0x03,,,
"Async Serial [1]","data",139.102482,9.50000001e-06,0x0E,,,
"Async Serial [1]","data",139.102492,9.50000001e-06,0xB3,,,
"Async Serial","data",139.102604,9.49999999e-06,0xB2,,,
"Async Serial","data",139.102615,9.50000001e-06,0x00,,,
"Async Serial","data",139.102625,9.50000001e-06,0x00,,,
"Async Serial","data",139.102635,9.49999999e-06,0x00,,,
"Async Serial","data",139.102645,9.49999999e-06,0xB3,,,
"Async Serial [1]","data",139.102709,9.49999999e-06,0xB1,,,
"Async Serial [1]","data",139.102719,9.49999999e-06,0x02,,,
"Async Serial [1]","data",139.102729,9.50000001e-06,0x40,,,
"Async Serial [1]","data",139.102739,9.50000001e-06,0x01,,,
"Async Serial [1]","data",139.102749,9.50000001e-06,0x09,,,
"Async Serial [1]","data",139.102759,9.49999999e-06,0xB4,,,
"Async Serial [1]","data",139.102769,9.49999999e-06,0xB3,,,
"Async Serial","data",139.102821,9.50000001e-06,0xB2,,,
"Async Serial","data",139.102831,9.49999999e-06,0x00,,,
"Async Serial","data",139.102841,9.50000001e-06,0x00,,,
"Async Serial","data",139.102851,9.50000001e-06,0x00,,,
"Async Serial","data",139.102861,9.49999999e-06,0xB3,,,
"Async Serial [1]","data",139.15288,9.50000001e-06,0xB1,,,
"Async Serial [1]","data",139.15289,9.50000001e-06,0x01,,,
"Async Serial [1]","data",139.1529,9.50000001e-06,0x02,,,
"Async Serial [1]","data",139.15291,9.49999999e-06,0x46,,,
"Async Serial [1]","data",139.15292,9.50000001e-06,0xB7,,,
"Async Serial [1]","data",139.15293,9.49999999e-06,0xB3,,,
"Async Serial","data",139.153168,9.49999999e-06,0xB2,,,
"Async Serial","data",139.153178,9.50000001e-06,0x00,,,
"Async Serial","data",139.153189,9.49999999e-06,0x46,,,
"Async Serial","data",139.153199,9.50000001e-06,0x09,,,
"Async Serial","data",139.153209,9.50000001e-06,0x00,,,
"Async Serial","data",139.153219,9.49999999e-06,0x28,,,
"Async Serial","data",139.153229,9.50000001e-06,0xEF,,,
"Async Serial","data",139.153239,9.49999999e-06,0x5B,,,
"Async Serial","data",139.153249,9.50000001e-06,0x00,,,
"Async Serial","data",139.153259,9.49999999e-06,0x03,,,
"Async Serial","data",139.153269,9.50000001e-06,0x00,,,
"Async Serial","data",139.153279,9.50000001e-06,0x00,,,
"Async Serial","data",139.15329,9.50000001e-06,0x00,,,
"Async Serial","data",139.1533,9.50000001e-06,0x40,,,
"Async Serial","data",139.15331,9.49999999e-06,0x0D,,,
"Async Serial","data",139.15332,9.50000001e-06,0x03,,,
"Async Serial","data",139.15333,9.49999996e-06,0x00,,,
"Async Serial","data",139.15334,9.50000001e-06,0x0A,,,
"Async Serial","data",139.15335,9.49999999e-06,0x00,,,
"Async Serial","data",139.15336,9.49999999e-06,0x01,,,
"Async Serial","data",139.15337,9.50000001e-06,0x00,,,
"Async Serial","data",139.15338,9.50000001e-06,0x80,,,
"Async Serial","data",139.153391,9.49999999e-06,0x8D,,,
"Async Serial","data",139.153401,9.49999996e-06,0x5B,,,
"Async Serial","data",139.153411,9.50000001e-06,0x00,,,
"Async Serial","data",139.153421,9.50000001e-06,0x20,,,
"Async Serial","data",139.153431,9.49999999e-06,0xBF,,,
"Async Serial","data",139.153441,9.49999999e-06,0x02,,,
"Async Serial","data",139.153451,9.49999999e-06,0x00,,,
"Async Serial","data",139.153461,9.49999999e-06,0x00,,,
"Async Serial","data",139.153471,9.50000001e-06,0x12,,,
"Async Serial","data",139.153481,9.50000001e-06,0x7A,,,
"Async Serial","data",139.153492,9.49999999e-06,0x00,,,
"Async Serial","data",139.153502,9.50000001e-06,0x60,,,
"Async Serial","data",139.153512,9.50000001e-06,0xE3,,,
"Async Serial","data",139.153522,9.50000001e-06,0x16,,,
"Async Serial","data",139.153532,9.49999999e-06,0x00,,,
"Async Serial","data",139.153542,9.49999999e-06,0x30,,,
"Async Serial","data",139.153552,9.50000001e-06,0x11,,,
"Async Serial","data",139.153562,9.50000001e-06,0x00,,,
"Async Serial","data",139.153572,9.50000001e-06,0x00,,,
"Async Serial","data",139.153583,9.49999999e-06,0xD0,,,
"Async Serial","data",139.153593,9.50000001e-06,0xEE,,,
"Async Serial","data",139.153603,9.50000001e-06,0xFF,,,
"Async Serial","data",139.153613,9.50000001e-06,0xFF,,,
"Async Serial","data",139.153623,9.49999996e-06,0x20,,,
"Async Serial","data",139.153633,9.50000001e-06,0x03,,,
"Async Serial","data",139.153643,9.50000001e-06,0xD0,,,
"Async Serial","data",139.153653,9.49999999e-06,0x07,,,
"Async Serial","data",139.153663,9.49999999e-06,0x64,,,
"Async Serial","data",139.153673,9.49999999e-06,0x00,,,
"Async Serial","data",139.153684,9.49999999e-06,0xF4,,,
"Async Serial","data",139.153694,9.50000001e-06,0x01,,,
"Async Serial","data",139.153704,9.50000001e-06,0x00,,,
"Async Serial","data",139.153714,9.49999999e-06,0x00,,,
"Async Serial","data",139.153724,9.50000001e-06,0x00,,,
"Async Serial","data",139.153734,9.50000001e-06,0x00,,,
"Async Serial","data",139.153744,9.50000001e-06,0x00,,,
"Async Serial","data",139.153754,9.49999999e-06,0x00,,,
"Async Serial","data",139.153764,9.49999999e-06,0x00,,,
"Async Serial","data",139.153775,9.50000001e-06,0x00,,,
"Async Serial","data",139.153785,9.50000001e-06,0x00,,,
"Async Serial","data",139.153795,9.50000001e-06,0x00,,,
"Async Serial","data",139.153805,9.49999999e-06,0x00,,,
"Async Serial","data",139.153815,9.50000001e-06,0x00,,,
"Async Serial","data",139.153825,9.50000001e-06,0x09,,,
"Async Serial","data",139.153835,9.50000001e-06,0x8C,,,
"Async Serial","data",139.153845,9.49999996e-06,0x00,,,
"Async Serial","data",139.153855,9.49999999e-06,0x00,,,
"Async Serial","data",139.153865,9.50000001e-06,0x01,,,
"Async Serial","data",139.153876,9.49999999e-06,0x00,,,
"Async Serial","data",139.153886,9.50000001e-06,0x00,,,
"Async Serial","data",139.153896,9.49999999e-06,0x01,,,
"Async Serial","data",139.153906,9.49999999e-06,0xCC,,,
"Async Serial","data",139.153919,9.49999999e-06,0xB3,,,
"Async Serial [1]","data",139.153994,9.49999999e-06,0xB1,,,
"Async Serial [1]","data",139.154004,9.50000001e-06,0x02,,,
"Async Serial [1]","data",139.154014,9.49999999e-06,0x40,,,
"Async Serial [1]","data",139.154024,9.49999999e-06,0x01,,,
"Async Serial [1]","data",139.154034,9.49999999e-06,0x89,,,
"Async Serial [1]","data",139.154044,9.49999999e-06,0x34,,,
"Async Serial [1]","data",139.154054,9.49999999e-06,0xB3,,,
"Async Serial","data",139.154102,9.50000001e-06,0xB2,,,
"Async Serial","data",139.154112,9.49999999e-06,0x00,,,
"Async Serial","data",139.154122,9.50000001e-06,0x00,,,
"Async Serial","data",139.154132,9.50000001e-06,0x00,,,
"Async Serial","data",139.154142,9.50000001e-06,0xB3,,,
"Async Serial [1]","data",139.154196,9.50000001e-06,0xB1,,,
"Async Serial [1]","data",139.154206,9.50000001e-06,0x02,,,
"Async Serial [1]","data",139.154216,9.50000001e-06,0x41,,,
"Async Serial [1]","data",139.154226,9.49999999e-06,0x01,,,
"Async Serial [1]","data",139.154236,9.49999996e-06,0x8C,,,
"Async Serial [1]","data",139.154246,9.50000001e-06,0x30,,,
"Async Serial [1]","data",139.154256,9.50000001e-06,0xB3,,,
"Async Serial","data",139.154303,9.50000001e-06,0xB2,,,
"Async Serial","data",139.154313,9.50000001e-06,0x00,,,
"Async Serial","data",139.154323,9.49999999e-06,0x00,,,
"Async Serial","data",139.154333,9.49999999e-06,0x00,,,
"Async Serial","data",139.154343,9.50000001e-06,0xB3,,,
"Async Serial [1]","data",139.154398,9.49999999e-06,0xB1,,,
"Async Serial [1]","data",139.154408,9.49999999e-06,0x02,,,
"Async Serial [1]","data",139.154418,9.50000001e-06,0x43,,,
"Async Serial [1]","data",139.154428,9.50000001e-06,0x03,,,
"Async Serial [1]","data",139.154438,9.50000001e-06,0x00,,,
"Async Serial [1]","data",139.154448,9.50000001e-06,0x01,,,
"Async Serial [1]","data",139.154458,9.49999999e-06,0x00,,,
"Async Serial [1]","data",139.154468,9.49999999e-06,0xB7,,,
"Async Serial [1]","data",139.154478,9.50000001e-06,0xB3,,,
"Async Serial","data",139.154535,9.50000001e-06,0xB2,,,
"Async Serial","data",139.154546,9.49999999e-06,0x00,,,
"Async Serial","data",139.154556,9.49999999e-06,0x00,,,
"Async Serial","data",139.154566,9.50000001e-06,0x00,,,
"Async Serial","data",139.154576,9.50000001e-06,0xB3,,,
"Async Serial [1]","data",139.154602,9.50000001e-06,0xB1,,,
"Async Serial [1]","data",139.154612,9.50000001e-06,0x02,,,
"Async Serial [1]","data",139.154622,9.49999999e-06,0x48,,,
"Async Serial [1]","data",139.154632,9.50000001e-06,0x18,,,
"Async Serial [1]","data",139.154642,9.50000001e-06,0x00,,,
"Async Serial [1]","data",139.154652,9.50000001e-06,0x00,,,
"Async Serial [1]","data",139.154662,9.50000001e-06,0x00,,,
"Async Serial [1]","data",139.154672,9.49999996e-06,0x00,,,
"Async Serial [1]","data",139.154682,9.50000001e-06,0xDD,,,
"Async Serial [1]","data",139.154692,9.50000001e-06,0x16,,,
"Async Serial [1]","data",139.154702,9.50000001e-06,0x00,,,
"Async Serial [1]","data",139.154712,9.49999999e-06,0x00,,,
"Async Serial [1]","data",139.154722,9.49999999e-06,0x20,,,
"Async Serial [1]","data",139.154732,9.50000001e-06,0x4E,,,
"Async Serial [1]","data",139.154742,9.50000001e-06,0x00,,,
"Async Serial [1]","data",139.154752,9.50000001e-06,0x00,,,
"Async Serial [1]","data",139.154762,9.49999996e-06,0x00,,,
"Async Serial [1]","data",139.154772,9.49999999e-06,0x5A,,,
"Async Serial [1]","data",139.154782,9.50000001e-06,0x62,,,
"Async Serial [1]","data",139.154792,9.50000001e-06,0x02,,,
"Async Serial [1]","data",139.154802,9.50000001e-06,0x77,,,
"Async Serial [1]","data",139.154812,9.49999999e-06,0x01,,,
"Async Serial [1]","data",139.154822,9.50000001e-06,0x00,,,
"Async Serial [1]","data",139.154832,9.49999999e-06,0x00,,,
"Async Serial [1]","data",139.154842,9.50000001e-06,0x57,,,
"Async Serial [1]","data",139.154852,9.50000001e-06,0x13,,,
"Async Serial [1]","data",139.154862,9.50000001e-06,0x7E,,,
"Async Serial [1]","data",139.154872,9.49999999e-06,0x03,,,
"Async Serial [1]","data",139.154882,9.49999996e-06,0x1C,,,
"Async Serial [1]","data",139.154892,9.50000001e-06,0xB3,,,
"Async Serial","data",139.155003,9.50000001e-06,0xB2,,,
"Async Serial","data",139.155013,9.49999999e-06,0x00,,,
"Async Serial","data",139.155023,9.49999999e-06,0x00,,,
"Async Serial","data",139.155034,9.49999999e-06,0x00,,,
"Async Serial","data",139.155044,9.49999999e-06,0xB3,,,
"Async Serial [1]","data",139.155109,9.50000001e-06,0xB1,,,
"Async Serial [1]","data",139.155119,9.49999996e-06,0x02,,,
"Async Serial [1]","data",139.155129,9.49999999e-06,0x40,,,
"Async Serial [1]","data",139.155139,9.50000001e-06,0x01,,,
"Async Serial [1]","data",139.155149,9.50000001e-06,0x09,,,
"Async Serial [1]","data",139.155159,9.50000001e-06,0xB4,,,
"Async Serial [1]","data",139.155169,9.49999999e-06,0xB3,,,
"Async Serial","data",139.155219,9.50000001e-06,0xB2,,,
"Async Serial","data",139.15523,9.49999999e-06,0x00,,,
"Async Serial","data",139.15524,9.50000001e-06,0x00,,,
"Async Serial","data",139.15525,9.49999999e-06,0x00,,,
"Async Serial","data",139.15526,9.49999996e-06,0xB3,,,
"Async Serial [1]","data",139.20528,9.49999999e-06,0xB1,,,
"Async Serial [1]","data",139.20529,9.49999999e-06,0x01,,,
"Async Serial [1]","data",139.2053,9.50000001e-06,0x02,,,
"Async Serial [1]","data",139.20531,9.50000001e-06,0x46,,,
"Async Serial [1]","data",139.20532,9.50000001e-06,0xB7,,,
"Async Serial [1]","data",139.205331,9.50000001e-06,0xB3,,,
"I2C","start",139.20554,6.25000102e-08,,,,
"I2C","address",139.205543,2.325e-05,,true,0x25,false
"Async Serial","data",139.205567,9.50000001e-06,0xB2,,,
"I2C","stop",139.205573,6.25000102e-08,,,,
"I2C","start",139.205578,6.25000102e-08,,,,
"I2C","address",139.20558,2.325e-05,,true,0x25,false
"Async Serial","data",139.205586,9.50000001e-06,0x00,,,
"Async Serial","data",139.205596,9.50000001e-06,0x46,,,
"Async Serial","data",139.205606,9.50000001e-06,0x09,,,
"I2C","data",139.205609,2.3125e-05,0x00,true,,
"Async Serial","data",139.205616,9.49999999e-06,0x00,,,
"Async Serial","data",139.205626,9.50000001e-06,0x28,,,
"Async Serial","data",139.205637,9.49999999e-06,0xEF,,,
"I2C","start",139.205638,6.25000393e-08,,,,
"I2C","address",139.20564,2.325e-05,,true,0x25,true
"Async Serial","data",139.205647,9.50000001e-06,0x5B,,,
"Async Serial","data",139.205657,9.49999999e-06,0x00,,,
"Async Serial","data",139.205667,9.50000001e-06,0x03,,,
"I2C","data",139.205674,2.325e-05,0xA5,true,,
"Async Serial","data",139.205689,9.49999999e-06,0x00,,,
"I2C","data",139.205699,2.325e-05,0x03,false,,
"Async Serial","data",139.205699,9.50000001e-06,0x00,,,
"Async Serial","data",139.20571,9.50000001e-06,0x00,,,
"Async Serial","data",139.20572,9.50000001e-06,0x40,,,
"I2C","stop",139.205725,6.25000102e-08,,,,
"Async Serial","data",139.205731,9.49999999e-06,0x0D,,,
"I2C","start",139.205731,6.24999811e-08,,,,
"I2C","address",139.205733,2.325e-05,,true,0x25,false
"Async Serial","data",139.205741,9.50000001e-06,0x03,,,
"Async Serial","data",139.205751,9.49999999e-06,0x00,,,
"Async Serial","data",139.205761,9.49999999e-06,0x0A,,,
"I2C","data",139.205762,2.325e-05,0x40,true,,
"Async Serial","data",139.205771,9.50000001e-06,0x00,,,
"Async Serial","data",139.205781,9.50000001e-06,0x01,,,
"I2C","start",139.205791,6.25000102e-08,,,,
"Async Serial","data",139.205791,9.49999999e-06,0x00,,,
"I2C","address",139.205793,2.325e-05,,true,0x25,true
"Async Serial","data",139.205801,9.49999999e-06,0x80,,,
"Async Serial","data",139.205811,9.50000001e-06,0x8D,,,
"Async Serial","data",139.205822,9.49999996e-06,0x5B,,,
"I2C","data",139.205827,2.3125e-05,0x09,false,,
"Async Serial","data",139.205842,9.49999999e-06,0x00,,,
"Async Serial","data",139.205852,9.50000001e-06,0x20,,,
"I2C","stop",139.205853,6.25000102e-08,,,,
"I2C","start",139.205858,6.25000102e-08,,,,
"I2C","address",139.205861,2.325e-05,,true,0x25,false
"Async Serial","data",139.205862,9.49999999e-06,0xBF,,,
"Async Serial","data",139.205872,9.50000001e-06,0x02,,,
"Async Serial","data",139.205882,9.50000001e-06,0x00,,,
"I2C","data",139.20589,2.325e-05,0x00,true,,
"Async Serial","data",139.205892,9.49999996e-06,0x00,,,
"Async Serial","data",139.205902,9.50000001e-06,0x12,,,
"Async Serial","data",139.205912,9.49999999e-06,0x7A,,,
"I2C","start",139.205918,6.24999811e-08,,,,
"I2C","address",139.205921,2.325e-05,,true,0x25,true
"Async Serial","data",139.205923,9.49999999e-06,0x00,,,
"Async Serial","data",139.205933,9.49999999e-06,0x60,,,
"Async Serial","data",139.205943,9.49999999e-06,0xE3,,,
"Async Serial","data",139.205953,9.50000001e-06,0x16,,,
"I2C","data",139.205954,2.31875e-05,0xA5,true,,
"Async Serial","data",139.205969,9.49999999e-06,0x00,,,
"I2C","data",139.205979,2.325e-05,0x03,true,,
"Async Serial","data",139.205979,9.50000001e-06,0x30,,,
"Async Serial","data",139.205991,9.50000001e-06,0x11,,,
"Async Serial","data",139.206001,9.49999999e-06,0x00,,,
"I2C","data",139.206004,2.325e-05,0x09,true,,
"Async Serial","data",139.206011,9.50000001e-06,0x00,,,
"Async Serial","data",139.206021,9.49999999e-06,0xD0,,,
"I2C","data",139.206028,2.325e-05,0x00,true,,
"Async Serial","data",139.206032,9.50000001e-06,0xEE,,,
"Async Serial","data",139.206042,9.50000001e-06,0xFF,,,
"Async Serial","data",139.206052,9.50000001e-06,0xFF,,,
"I2C","data",139.206053,2.325e-05,0x28,true,,
"Async Serial","data",139.206062,9.49999996e-06,0x20,,,
"Async Serial","data",139.206072,9.49999999e-06,0x03,,,
"I2C","data",139.206078,2.325e-05,0xEF,true,,
"Async Serial","data",139.206082,9.50000001e-06,0xD0,,,
"Async Serial","data",139.206092,9.49999999e-06,0x07,,,
"Async Serial","data",139.206102,9.50000001e-06,0x64,,,
"I2C","data",139.206103,2.325e-05,0x5B,true,,
"Async Serial","data",139.206114,9.50000001e-06,0x00,,,
"Async Serial","data",139.206125,9.49999999e-06,0xF4,,,
"I2C","data",139.206127,2.33125e-05,0x00,true,,
"Async Serial","data",139.206135,9.50000001e-06,0x01,,,
"Async Serial","data",139.206145,9.49999999e-06,0x00,,,
"I2C","data",139.206152,2.325e-05,0x03,true,,
"Async Serial","data",139.206155,9.49999999e-06,0x00,,,
"Async Serial","data",139.206165,9.49999999e-06,0x00,,,
"Async Serial","data",139.206175,9.50000001e-06,0x00,,,
"I2C","data",139.206177,2.325e-05,0x00,true,,
"Async Serial","data",139.206185,9.49999999e-06,0x00,,,
"Async Serial","data",139.206195,9.49999999e-06,0x00,,,
"I2C","data",139.206201,2.325e-05,0x00,true,,
"Async Serial","data",139.206205,9.50000001e-06,0x00,,,
"Async Serial","data",139.206216,9.49999996e-06,0x00,,,
"Async Serial","data",139.206226,9.50000001e-06,0x00,,,
"I2C","data",139.206226,2.325e-05,0x00,true,,
"Async Serial","data",139.206239,9.50000001e-06,0x00,,,
"Async Serial","data",139.206249,9.50000001e-06,0x00,,,
"I2C","data",139.206251,2.33125e-05,0x40,true,,
"Async Serial","data",139.206259,9.49999999e-06,0x00,,,
"Async Serial","data",139.206269,9.49999999e-06,0x09,,,
"I2C","data",139.206276,2.325e-05,0x0D,true,,
"Async Serial","data",139.206279,9.50000001e-06,0x8C,,,
"Async Serial","data",139.206289,9.50000001e-06,0x00,,,
"Async Serial","data",139.206299,9.50000001e-06,0x00,,,
"I2C","data",139.2063,2.325e-05,0x03,true,,
"Async Serial","data",139.206312,9.50000001e-06,0x01,,,
"Async Serial","data",139.206323,9.50000001e-06,0x00,,,
"I2C","data",139.206325,2.325e-05,0x00,true,,
"Async Serial","data",139.206333,9.49999999e-06,0x00,,,
"Async Serial","data",139.206343,9.49999999e-06,0x01,,,
"I2C","data",139.20635,2.325e-05,0x0A,true,,
"Async Serial","data",139.206353,9.50000001e-06,0xCC,,,
"Async Serial","data",139.206363,9.49999999e-06,0xB3,,,
"I2C","data",139.206375,2.325e-05,0x00,true,,
"Async Serial [1]","data",139.206399,9.49999999e-06,0xB1,,,
"I2C","data",139.206399,2.325e-05,0x01,true,,
"Async Serial [1]","data",139.206409,9.49999999e-06,0x02,,,
"Async Serial [1]","data",139.206419,9.49999999e-06,0x40,,,
"I2C","data",139.206424,2.325e-05,0x00,true,,
"Async Serial [1]","data",139.206429,9.50000001e-06,0x01,,,
"Async Serial [1]","data",139.206439,9.50000001e-06,0x89,,,
"Async Serial [1]","data",139.206449,9.50000001e-06,0x34,,,
"Async Serial [1]","data",139.206459,9.49999999e-06,0xB3,,,
"I2C","data",139.20647,2.31875e-05,0x80,true,,
"I2C","data",139.206495,2.325e-05,0x8D,true,,
"I2C","data",139.20652,2.325e-05,0x5B,true,,
"I2C","data",139.206545,2.325e-05,0x00,true,,
"I2C","data",139.206569,2.325e-05,0x20,true,,
"Async Serial","data",139.206588,9.49999999e-06,0xB2,,,
"I2C","data",139.206594,2.325e-05,0xBF,true,,
"Async Serial","data",139.206598,9.50000001e-06,0x00,,,
"Async Serial","data",139.206608,9.50000001e-06,0x00,,,
"Async Serial","data",139.206619,9.49999996e-06,0x00,,,
"I2C","data",139.206619,2.325e-05,0x02,true,,
"Async Serial","data",139.206631,9.49999999e-06,0xB3,,,
"I2C","data",139.206644,2.325e-05,0x00,true,,
"I2C","data",139.206668,2.325e-05,0x00,true,,
"I2C","data",139.206693,2.325e-05,0x12,true,,
"Async Serial [1]","data",139.206701,9.49999996e-06,0xB1,,,
"Async Serial [1]","data",139.206711,9.49999996e-06,0x02,,,
"I2C","data",139.206718,2.325e-05,0x7A,true,,
"Async Serial [1]","data",139.206721,9.50000001e-06,0x41,,,
"Async Serial [1]","data",139.206731,9.50000001e-06,0x01,,,
"Async Serial [1]","data",139.206741,9.50000001e-06,0x8C,,,
"I2C","data",139.206742,2.325e-05,0x00,true,,
"Async Serial [1]","data",139.206751,9.49999999e-06,0x30,,,
"Async Serial [1]","data",139.206761,9.50000001e-06,0xB3,,,
"I2C","data",139.206788,2.3125e-05,0x60,true,,
"I2C","data",139.206813,2.325e-05,0xE3,true,,
"I2C","data",139.206838,2.325e-05,0x16,true,,
"Async Serial","data",139.206856,9.49999999e-06,0xB2,,,
"I2C","data",139.206862,2.325e-05,0x00,true,,
"Async Serial","data",139.206866,9.49999996e-06,0x00,,,
"Async Serial","data",139.206876,9.50000001e-06,0x00,,,
"Async Serial","data",139.206886,9.49999999e-06,0x00,,,
"I2C","data",139.206887,2.325e-05,0x30,true,,
"Async Serial","data",139.206899,9.50000001e-06,0xB3,,,
"I2C","data",139.206912,2.325e-05,0x11,true,,
"I2C","data",139.206937,2.325e-05,0x00,true,,
"I2C","data",139.206961,2.325e-05,0x00,true,,
"I2C","data",139.206986,2.325e-05,0xD0,true,,
"Async Serial [1]","data",139.207003,9.50000001e-06,0xB1,,,
"I2C","data",139.207011,2.33125e-05,0xEE,true,,
"Async Serial [1]","data",139.207013,9.49999999e-06,0x02,,,
"Async Serial [1]","data",139.207023,9.49999999e-06,0x43,,,
"Async Serial [1]","data",139.207033,9.49999999e-06,0x03,,,
"I2C","data",139.207036,2.325e-05,0xFF,true,,
"Async Serial [1]","data",139.207043,9.49999999e-06,0x00,,,
"Async Serial [1]","data",139.207053,9.50000001e-06,0x01,,,
"Async Serial [1]","data",139.207063,9.50000001e-06,0x00,,,
"Async Serial [1]","data",139.207073,9.50000001e-06,0xB7,,,
"Async Serial [1]","data",139.207083,9.49999999e-06,0xB3,,,
"I2C","data",139.207107,2.325e-05,0xFF,true,,
"I2C","data",139.207131,2.325e-05,0x20,true,,
"I2C","data",139.207156,2.325e-05,0x03,true,,
"Async Serial","data",139.207176,9.50000001e-06,0xB2,,,
"I2C","data",139.207181,2.325e-05,0xD0,true,,
"Async Serial","data",139.207186,9.50000001e-06,0x00,,,
"Async Serial","data",139.207196,9.50000001e-06,0x00,,,
"I2C","data",139.207206,2.325e-05,0x07,true,,
"Async Serial","data",139.207207,9.49999999e-06,0x00,,,
"Async Serial","data",139.207218,9.49999999e-06,0xB3,,,
"I2C","data",139.20723,2.325e-05,0x64,true,,
"I2C","data",139.207255,2.325e-05,0x00,true,,
"I2C","data",139.20728,2.325e-05,0xF4,true,,
"I2C","data",139.207304,2.325e-05,0x01,true,,
"Async Serial [1]","data",139.207307,9.49999999e-06,0xB1,,,
"Async Serial [1]","data",139.207317,9.50000001e-06,0x02,,,
"Async Serial [1]","data",139.207327,9.50000001e-06,0x48,,,
"I2C","data",139.207329,2.33125e-05,0x00,true,,
"Async Serial [1]","data",139.207337,9.49999999e-06,0x18,,,
"Async Serial [1]","data",139.207347,9.49999999e-06,0x00,,,
"Async Serial [1]","data",139.207357,9.49999999e-06,0x00,,,
"Async Serial [1]","data",139.207367,9.50000001e-06,0x00,,,
"Async Serial [1]","data",139.207377,9.50000001e-06,0x00,,,
"I2C","data",139.207379,2.31875e-05,0x00,true,,
"Async Serial [1]","data",139.207387,9.50000001e-06,0x4C,,,
"Async Serial [1]","data",139.207397,9.49999999e-06,0xCC,,,
"Async Serial [1]","data",139.207407,9.49999999e-06,0xFF,,,
"Async Serial [1]","data",139.207417,9.50000001e-06,0xFF,,,
"Async Serial [1]","data",139.207427,9.49999999e-06,0x20,,,
"Async Serial [1]","data",139.207437,9.49999999e-06,0x4E,,,
"Async Serial [1]","data",139.207447,9.49999999e-06,0x00,,,
"Async Serial [1]","data",139.207457,9.49999999e-06,0x00,,,
"Async Serial [1]","data",139.207467,9.50000001e-06,0x00,,,
"Async Serial [1]","data",139.207477,9.50000001e-06,0x5A,,,
"Async Serial [1]","data",139.207487,9.50000001e-06,0x62,,,
"I2C","data",139.207489,2.31875e-05,0x00,true,,
"Async Serial [1]","data",139.207497,9.49999999e-06,0x02,,,
"Async Serial [1]","data",139.207507,9.49999999e-06,0x77,,,
"Async Serial [1]","data",139.207517,9.49999999e-06,0x01,,,
"Async Serial [1]","data",139.207527,9.49999999e-06,0x00,,,
"Async Serial [1]","data",139.207537,9.50000001e-06,0x00,,,
"Async Serial [1]","data",139.207547,9.49999999e-06,0x57,,,
"Async Serial [1]","data",139.207557,9.50000001e-06,0x13,,,
"Async Serial [1]","data",139.207567,9.50000001e-06,0x7E,,,
"Async Serial [1]","data",139.207577,9.50000001e-06,0x03,,,
"Async Serial [1]","data",139.207587,9.50000001e-06,0xF9,,,
"Async Serial [1]","data",139.207597,9.49999999e-06,0xB3,,,
"I2C","data",139.207599,2.325e-05,0x00,true,,
"I2C","data",139.207628,2.31875e-05,0x00,true,,
"I2C","data",139.207653,2.325e-05,0x00,true,,
"I2C","data",139.207677,2.325e-05,0x00,true,,
"I2C","data",139.207702,2.325e-05,0x00,true,,
"I2C","data",139.207727,2.325e-05,0x00,true,,
"I2C","data",139.207752,2.325e-05,0x00,true,,
"I2C","data",139.207776,2.325e-05,0x00,true,,
"I2C","data",139.207801,2.325e-05,0x00,true,,
"Async Serial","data",139.207814,9.49999999e-06,0xB2,,,
"Async Serial","data",139.207824,9.50000001e-06,0x00,,,
"I2C","data",139.207826,2.325e-05,0x89,true,,
"Async Serial","data",139.207834,9.50000001e-06,0x00,,,
"Async Serial","data",139.207844,9.49999999e-06,0x00,,,
"I2C","data",139.207851,2.33125e-05,0x8C,true,,
"Async Serial","data",139.207854,9.50000001e-06,0xB3,,,
"I2C","data",139.207875,2.325e-05,0x00,true,,
"I2C","data",139.2079,2.325e-05,0x00,true,,
"Async Serial [1]","data",139.207914,9.49999999e-06,0xB1,,,
"Async Serial [1]","data",139.207924,9.50000001e-06,0x02,,,
"I2C","data",139.207925,2.325e-05,0x01,true,,
"Async Serial [1]","data",139.207934,9.50000001e-06,0x40,,,
"Async Serial [1]","data",139.207944,9.50000001e-06,0x01,,,
"Async Serial [1]","data",139.207954,9.49999999e-06,0x09,,,
"I2C","data",139.207955,2.33125e-05,0x00,true,,
"Async Serial [1]","data",139.207964,9.49999999e-06,0xB4,,,
"Async Serial [1]","data",139.207974,9.50000001e-06,0xB3,,,
"I2C","data",139.208002,2.31875e-05,0x00,true,,
"I2C","data",139.208027,2.325e-05,0x01,true,,
"I2C","data",139.208051,2.325e-05,0x00,true,,
"Async Serial","data",139.208068,9.49999999e-06,0xB2,,,
"I2C","data",139.208076,2.325e-05,0x00,true,,
"Async Serial","data",139.208078,9.50000001e-06,0x00,,,
"Async Serial","data",139.208089,9.50000001e-06,0x00,,,
"Async Serial","data",139.208099,9.49999996e-06,0x00,,,
"I2C","data",139.208101,2.325e-05,0x00,true,,
"Async Serial","data",139.208109,9.49999999e-06,0xB3,,,
"I2C","data",139.208125,2.325e-05,0x00,true,,
"I2C","data",139.20815,2.325e-05,0x4C,true,,
"I2C","data",139.208175,2.325e-05,0xCC,true,,
"I2C","data",139.2082,2.325e-05,0xFF,true,,
"I2C","data",139.208224,2.325e-05,0xFF,true,,
"I2C","data",139.208249,2.325e-05,0x20,true,,
"I2C","data",139.208274,2.325e-05,0x4E,true,,
"I2C","data",139.208299,2.33125e-05,0x00,true,,
"I2C","data",139.208323,2.325e-05,0x00,true,,
"I2C","data",139.208348,2.325e-05,0x00,true,,
"I2C","data",139.208373,2.325e-05,0x5A,true,,
"I2C","data",139.208398,2.325e-05,0x62,true,,
"I2C","data",139.208422,2.325e-05,0x02,true,,
"I2C","data",139.208447,2.325e-05,0x77,true,,
"I2C","data",139.208472,2.325e-05,0x01,true,,
"I2C","data",139.208497,2.325e-05,0x00,true,,
"I2C","data",139.208521,2.325e-05,0x00,true,,
"I2C","data",139.208546,2.325e-05,0x57,true,,
"I2C","data",139.208571,2.325e-05,0x13,true,,
"I2C","data",139.208596,2.325e-05,0x7E,true,,
"I2C","data",139.20862,2.325e-05,0x03,false,,
"I2C","stop",139.208646,6.24999811e-08,,,,
"I2C","start",139.208652,6.24999811e-08,,,,
"I2C","address",139.208654,2.325e-05,,true,0x25,false
"I2C","data",139.208683,2.325e-05,0x40,true,,
"I2C","start",139.208712,6.24999811e-08,,,,
"I2C","address",139.208714,2.325e-05,,true,0x25,true
"I2C","data",139.208748,2.31875e-05,0x09,false,,
"I2C","stop",139.208774,6.25000102e-08,,,,
"Async Serial [1]","data",139.258184,9.50000001e-06,0xB1,,,
"Async Serial [1]","data",139.258194,9.50000001e-06,0x01,,,
"Async Serial [1]","data",139.258204,9.50000001e-06,0x02,,,
"Async Serial [1]","data",139.258214,9.49999999e-06,0x46,,,
"Async Serial [1]","data",139.258224,9.49999999e-06,0xB7,,,
"Async Serial [1]","data",139.258234,9.50000001e-06,0xB3,,,
"Async Serial","data",139.258475,9.50000001e-06,0xB2,,,
"Async Serial","data",139.258485,9.50000001e-06,0x00,,,
"Async Serial","data",139.258495,9.50000001e-06,0x46,,,
"Async Serial","data",139.258505,9.50000001e-06,0x09,,,
"Async Serial","data",139.258515,9.49999999e-06,0x00,,,
"Async Serial","data",139.258525,9.50000001e-06,0x28,,,
"Async Serial","data",139.258535,9.49999999e-06,0xEF,,,
"Async Serial","data",139.258546,9.50000001e-06,0x5B,,,
"Async Serial","data",139.258556,9.49999999e-06,0x00,,,
"Async Serial","data",139.258566,9.49999999e-06,0x03,,,
"Async Serial","data",139.258576,9.50000001e-06,0x00,,,
"Async Serial","data",139.258586,9.50000001e-06,0x00,,,
"Async Serial","data",139.258596,9.50000001e-06,0x00,,,
"Async Serial","data",139.258606,9.49999999e-06,0x40,,,
"Async Serial","data",139.258616,9.49999999e-06,0x0D,,,
"Async Serial","data",139.258626,9.50000001e-06,0x03,,,
"Async Serial","data",139.258636,9.50000001e-06,0x00,,,
"Async Serial","data",139.258647,9.49999996e-06,0x0A,,,
"Async Serial","data",139.258657,9.49999999e-06,0x00,,,
"Async Serial","data",139.258667,9.50000001e-06,0x01,,,
"Async Serial","data",139.258677,9.49999999e-06,0x00,,,
"Async Serial","data",139.258687,9.50000001e-06,0x80,,,
"Async Serial","data",139.258697,9.49999999e-06,0x8D,,,
"Async Serial","data",139.258707,9.50000001e-06,0x5B,,,
"Async Serial","data",139.258717,9.49999999e-06,0x00,,,
"Async Serial","data",139.258727,9.50000001e-06,0x20,,,
"Async Serial","data",139.258738,9.49999999e-06,0xBF,,,
"Async Serial","data",139.258748,9.49999996e-06,0x02,,,
"Async Serial","data",139.258758,9.50000001e-06,0x00,,,
"Async Serial","data",139.258768,9.50000001e-06,0x00,,,
"Async Serial","data",139.258778,9.49999999e-06,0x12,,,
"Async Serial","data",139.258788,9.49999999e-06,0x7A,,,
"Async Serial","data",139.258798,9.50000001e-06,0x00,,,
"Async Serial","data",139.258808,9.50000001e-06,0x60,,,
"Async Serial","data",139.258818,9.50000001e-06,0xE3,,,
"Async Serial","data",139.258828,9.49999999e-06,0x16,,,
"Async Serial","data",139.258839,9.49999999e-06,0x00,,,
"Async Serial","data",139.258849,9.50000001e-06,0x30,,,
"Async Serial","data",139.258859,9.50000001e-06,0x11,,,
"Async Serial","data",139.258869,9.50000001e-06,0x00,,,
"Async Serial","data",139.258879,9.49999999e-06,0x00,,,
"Async Serial","data",139.258889,9.50000001e-06,0xD0,,,
"Async Serial","data",139.258899,9.49999999e-06,0xEE,,,
"Async Serial","data",139.258909,9.50000001e-06,0xFF,,,
"Async Serial","data",139.258919,9.50000001e-06,0xFF,,,
"Async Serial","data",139.258929,9.49999999e-06,0x20,,,
"Async Serial","data",139.25894,9.49999999e-06,0x03,,,
"Async Serial","data",139.25895,9.49999999e-06,0xD0,,,
"Async Serial","data",139.25896,9.50000001e-06,0x07,,,
"Async Serial","data",139.25897,9.49999996e-06,0x64,,,
"Async Serial","data",139.25898,9.50000001e-06,0x00,,,
"Async Serial","data",139.258994,9.50000001e-06,0xF4,,,
"Async Serial","data",139.259004,9.50000001e-06,0x01,,,
"Async Serial","data",139.259014,9.49999999e-06,0x00,,,
"Async Serial","data",139.259025,9.50000001e-06,0x00,,,
"Async Serial","data",139.259035,9.49999999e-06,0x00,,,
"Async Serial","data",139.259045,9.50000001e-06,0x00,,,
"Async Serial","data",139.259055,9.49999996e-06,0x00,,,
"Async Serial","data",139.259065,9.50000001e-06,0x00,,,
"Async Serial","data",139.259075,9.50000001e-06,0x00,,,
"Async Serial","data",139.259085,9.49999999e-06,0x00,,,
"Async Serial","data",139.259095,9.50000001e-06,0x00,,,
"Async Serial","data",139.259105,9.49999999e-06,0x00,,,
"Async Serial","data",139.259115,9.50000001e-06,0x00,,,
"Async Serial","data",139.259126,9.49999996e-06,0x00,,,
"Async Serial","data",139.259136,9.50000001e-06,0x09,,,
"Async Serial","data",139.259146,9.50000001e-06,0x8C,,,
"Async Serial","data",139.259156,9.49999999e-06,0x00,,,
"Async Serial","data",139.259166,9.50000001e-06,0x00,,,
"Async Serial","data",139.259176,9.49999999e-06,0x01,,,
"Async Serial","data",139.259186,9.49999999e-06,0x00,,,
"Async Serial","data",139.259196,9.49999999e-06,0x00,,,
"Async Serial","data",139.259206,9.50000001e-06,0x01,,,
"Async Serial","data",139.259216,9.49999999e-06,0xCC,,,
"Async Serial","data",139.259227,9.50000001e-06,0xB3,,,
"Async Serial [1]","data",139.259299,9.49999999e-06,0xB1,,,
"Async Serial [1]","data",139.259309,9.49999999e-06,0x02,,,
"Async Serial [1]","data",139.259319,9.49999999e-06,0x40,,,
"Async Serial [1]","data",139.259329,9.49999999e-06,0x01,,,
"Async Serial [1]","data",139.259339,9.50000001e-06,0x89,,,
"Async Serial [1]","data",139.259349,9.49999999e-06,0x34,,,
"Async Serial [1]","data",139.259359,9.50000001e-06,0xB3,,,
"Async Serial","data",139.25941,9.50000001e-06,0xB2,,,
"Async Serial","data",139.259421,9.50000001e-06,0x00,,,
"Async Serial","data",139.259431,9.50000001e-06,0x00,,,
"Async Serial","data",139.259441,9.49999999e-06,0x00,,,
"Async Serial","data",139.259451,9.50000001e-06,0xB3,,,
"Async Serial [1]","data",139.259501,9.50000001e-06,0xB1,,,
"Async Serial [1]","data",139.259511,9.50000001e-06,0x02,,,
"Async Serial [1]","data",139.259521,9.49999996e-06,0x41,,,
"Async Serial [1]","data",139.259531,9.49999999e-06,0x01,,,
"Async Serial [1]","data",139.259541,9.50000001e-06,0x8C,,,
"Async Serial [1]","data",139.259551,9.50000001e-06,0x30,,,
"Async Serial [1]","data",139.259561,9.50000001e-06,0xB3,,,
"Async Serial","data",139.259611,9.49999996e-06,0xB2,,,
"Async Serial","data",139.259622,9.50000001e-06,0x00,,,
"Async Serial","data",139.259632,9.50000001e-06,0x00,,,
"Async Serial","data",139.259642,9.50000001e-06,0x00,,,
"Async Serial","data",139.259652,9.49999999e-06,0xB3,,,
"Async Serial [1]","data",139.259704,9.50000001e-06,0xB1,,,
"Async Serial [1]","data",139.259714,9.49999999e-06,0x02,,,
"Async Serial [1]","data",139.259724,9.50000001e-06,0x43,,,
"Async Serial [1]","data",139.259734,9.49999999e-06,0x03,,,
"Async Serial [1]","data",139.259744,9.49999999e-06,0x00,,,
"Async Serial [1]","data",139.259753,9.50000001e-06,0x01,,,
"Async Serial [1]","data",139.259763,9.49999999e-06,0x00,,,
"Async Serial [1]","data",139.259773,9.50000001e-06,0xB7,,,
"Async Serial [1]","data",139.259783,9.50000001e-06,0xB3,,,
"Async Serial","data",139.259836,9.50000001e-06,0xB2,,,
"Async Serial","data",139.259846,9.49999999e-06,0x00,,,
"Async Serial","data",139.259856,9.50000001e-06,0x00,,,
"Async Serial","data",139.259866,9.49999999e-06,0x00,,,
"Async Serial","data",139.259876,9.49999999e-06,0xB3,,,
"Async Serial [1]","data",139.259906,9.49999999e-06,0xB1,,,
"Async Serial [1]","data",139.259917,9.50000001e-06,0x02,,,
"Async Serial [1]","data",139.259927,9.50000001e-06,0x48,,,
"Async Serial [1]","data",139.259937,9.50000001e-06,0x18,,,
"Async Serial [1]","data",139.259947,9.49999996e-06,0x00,,,
"Async Serial [1]","data",139.259956,9.49999999e-06,0x00,,,
"Async Serial [1]","data",139.259966,9.50000001e-06,0x00,,,
"Async Serial [1]","data",139.259976,9.50000001e-06,0x00,,,
"Async Serial [1]","data",139.259986,9.50000001e-06,0x33,,,
"Async Serial [1]","data",139.259996,9.49999999e-06,0x0A,,,
"Async Serial [1]","data",139.260006,9.50000001e-06,0x00,,,
"Async Serial [1]","data",139.260017,9.50000001e-06,0x00,,,
"Async Serial [1]","data",139.260027,9.50000001e-06,0x20,,,
"Async Serial [1]","data",139.260037,9.50000001e-06,0x4E,,,
"Async Serial [1]","data",139.260047,9.50000001e-06,0x00,,,
"Async Serial [1]","data",139.260057,9.49999999e-06,0x00,,,
"Async Serial [1]","data",139.260067,9.49999999e-06,0x00,,,
"Async Serial [1]","data",139.260077,9.50000001e-06,0x5A,,,
"Async Serial [1]","data",139.260087,9.50000001e-06,0x62,,,
"Async Serial [1]","data",139.260097,9.50000001e-06,0x02,,,
"Async Serial [1]","data",139.260107,9.49999999e-06,0x77,,,
"Async Serial [1]","data",139.260117,9.49999999e-06,0x01,,,
"Async Serial [1]","data",139.260127,9.50000001e-06,0x00,,,
"Async Serial [1]","data",139.260137,9.50000001e-06,0x00,,,
"Async Serial [1]","data",139.260147,9.49999999e-06,0x57,,,
"Async Serial [1]","data",139.260157,9.49999999e-06,0x13,,,
"Async Serial [1]","data",139.260167,9.49999999e-06,0x7E,,,
"Async Serial [1]","data",139.260177,9.50000001e-06,0x03,,,
"Async Serial [1]","data",139.260187,9.50000001e-06,0xD2,,,
"Async Serial [1]","data",139.260197,9.50000001e-06,0xB3,,,
"Async Serial","data",139.260303,9.50000001e-06,0xB2,,,
"Async Serial","data",139.260314,9.50000001e-06,0x00,,,
"Async Serial","data",139.260324,9.50000001e-06,0x00,,,
"Async Serial","data",139.260334,9.49999999e-06,0x00,,,
"Async Serial","data",139.260344,9.49999999e-06,0xB3,,,
"Async Serial [1]","data",139.260415,9.49999999e-06,0xB1,,,
"Async Serial [1]","data",139.260425,9.49999999e-06,0x02,,,
"Async Serial [1]","data",139.260435,9.49999999e-06,0x40,,,
"Async Serial [1]","data",139.260445,9.49999999e-06,0x01,,,
"Async Serial [1]","data",139.260455,9.50000001e-06,0x09,,,
"Async Serial [1]","data",139.260465,9.50000001e-06,0xB4,,,
"Async Serial [1]","data",139.260475,9.50000001e-06,0xB3,,,
"Async Serial","data",139.260528,9.50000001e-06,0xB2,,,
"Async Serial","data",139.260538,9.49999999e-06,0x00,,,
"Async Serial","data",139.260548,9.49999999e-06,0x00,,,
"Async Serial","data",139.260558,9.50000001e-06,0x00,,,
"Async Serial","data",139.260568,9.49999999e-06,0xB3,,,
"Async Serial [1]","data",139.310585,9.49999999e-06,0xB1,,,
"Async Serial [1]","data",139.310595,9.50000001e-06,0x01,,,
"Async Serial [1]","data",139.310605,9.50000001e-06,0x02,,,
"Async Serial [1]","data",139.310615,9.50000001e-06,0x46,,,
"Async Serial [1]","data",139.310625,9.49999999e-06,0xB7,,,
"Async Serial [1]","data",139.310635,9.49999999e-06,0xB3,,,
"Async Serial","data",139.310873,9.50000001e-06,0xB2,,,
"Async Serial","data",139.310883,9.50000001e-06,0x00,,,
"Async Serial","data",139.310894,9.49999999e-06,0x46,,,
"Async Serial","data",139.310904,9.50000001e-06,0x09,,,
"Async Serial","data",139.310914,9.49999999e-06,0x00,,,
"Async Serial","data",139.310924,9.50000001e-06,0x28,,,
"Async Serial","data",139.310934,9.49999999e-06,0xEF,,,
"Async Serial","data",139.310944,9.50000001e-06,0x5B,,,
"Async Serial","data",139.310954,9.49999999e-06,0x00,,,
"Async Serial","data",139.310964,9.49999996e-06,0x03,,,
"Async Serial","data",139.310974,9.50000001e-06,0x00,,,
"Async Serial","data",139.310984,9.50000001e-06,0x00,,,
"Async Serial","data",139.310995,9.49999999e-06,0x00,,,
"Async Serial","data",139.311005,9.49999999e-06,0x40,,,
"Async Serial","data",139.311015,9.50000001e-06,0x0D,,,
"Async Serial","data",139.311025,9.50000001e-06,0x03,,,
"Async Serial","data",139.311035,9.50000001e-06,0x00,,,
"Async Serial","data",139.311045,9.49999999e-06,0x0A,,,
"Async Serial","data",139.311055,9.49999999e-06,0x00,,,
"Async Serial","data",139.311065,9.50000001e-06,0x01,,,
"Async Serial","data",139.311075,9.50000001e-06,0x00,,,
"Async Serial","data",139.311085,9.50000001e-06,0x80,,,
"Async Serial","data",139.311096,9.49999999e-06,0x8D,,,
"Async Serial","data",139.311106,9.50000001e-06,0x5B,,,
"Async Serial","data",139.311116,9.50000001e-06,0x00,,,
"Async Serial","data",139.311126,9.50000001e-06,0x20,,,
"Async Serial","data",139.311136,9.49999999e-06,0xBF,,,
"Async Serial","data",139.311146,9.49999999e-06,0x02,,,
"Async Serial","data",139.311156,9.49999999e-06,0x00,,,
"Async Serial","data",139.311166,9.50000001e-06,0x00,,,
"Async Serial","data",139.311176,9.50000001e-06,0x12,,,
"Async Serial","data",139.311187,9.49999996e-06,0x7A,,,
"Async Serial","data",139.311197,9.50000001e-06,0x00,,,
"Async Serial","data",139.311207,9.50000001e-06,0x60,,,
"Async Serial","data",139.311217,9.49999999e-06,0xE3,,,
"Async Serial","data",139.311227,9.49999999e-06,0x16,,,
"Async Serial","data",139.311237,9.49999999e-06,0x00,,,
"Async Serial","data",139.311247,9.50000001e-06,0x30,,,
"Async Serial","data",139.311257,9.50000001e-06,0x11,,,
"Async Serial","data",139.311267,9.50000001e-06,0x00,,,
"Async Serial","data",139.311277,9.49999999e-06,0x00,,,
"Async Serial","data",139.311288,9.50000001e-06,0xD0,,,
"Async Serial","data",139.311298,9.50000001e-06,0xEE,,,
"Async Serial","data",139.311308,9.50000001e-06,0xFF,,,
"Async Serial","data",139.311318,9.49999999e-06,0xFF,,,
"Async Serial","data",139.311328,9.49999999e-06,0x20,,,
"Async Serial","data",139.311338,9.50000001e-06,0x03,,,
"Async Serial","data",139.311348,9.50000001e-06,0xD0,,,
"Async Serial","data",139.311358,9.50000001e-06,0x07,,,
"Async Serial","data",139.311368,9.49999999e-06,0x64,,,
"Async Serial","data",139.311379,9.49999999e-06,0x00,,,
"Async Serial","data",139.311389,9.50000001e-06,0xF4,,,
"Async Serial","data",139.311399,9.50000001e-06,0x01,,,
"Async Serial","data",139.311409,9.49999996e-06,0x00,,,
"Async Serial","data",139.311419,9.49999999e-06,0x00,,,
"Async Serial","data",139.311429,9.50000001e-06,0x00,,,
"Async Serial","data",139.311439,9.49999999e-06,0x00,,,
"Async Serial","data",139.311449,9.50000001e-06,0x00,,,
"Async Serial","data",139.311459,9.49999999e-06,0x00,,,
"Async Serial","data",139.311469,9.50000001e-06,0x00,,,
"Async Serial","data",139.31148,9.49999999e-06,0x00,,,
"Async Serial","data",139.31149,9.50000001e-06,0x00,,,
"Async Serial","data",139.3115,9.49999999e-06,0x00,,,
"Async Serial","data",139.31151,9.49999996e-06,0x00,,,
"Async Serial","data",139.31152,9.50000001e-06,0x00,,,
"Async Serial","data",139.31153,9.50000001e-06,0x09,,,
"Async Serial","data",139.31154,9.50000001e-06,0x8C,,,
"Async Serial","data",139.31155,9.49999999e-06,0x00,,,
"Async Serial","data",139.31156,9.50000001e-06,0x00,,,
"Async Serial","data",139.31157,9.49999999e-06,0x01,,,
"Async Serial","data",139.311581,9.50000001e-06,0x00,,,
"Async Serial","data",139.311591,9.49999999e-06,0x00,,,
"Async Serial","data",139.311601,9.49999999e-06,0x01,,,
"Async Serial","data",139.311611,9.50000001e-06,0xCC,,,
"Async Serial","data",139.311621,9.50000001e-06,0xB3,,,
"Async Serial [1]","data",139.311699,9.49999999e-06,0xB1,,,
"Async Serial [1]","data",139.311709,9.49999999e-06,0x02,,,
"Async Serial [1]","data",139.311719,9.50000001e-06,0x40,,,
"Async Serial [1]","data",139.311729,9.50000001e-06,0x01,,,
"Async Serial [1]","data",139.311739,9.49999999e-06,0x89,,,
"Async Serial [1]","data",139.311749,9.49999996e-06,0x34,,,
"Async Serial [1]","data",139.311759,9.49999999e-06,0xB3,,,
"Async Serial","data",139.311812,9.50000001e-06,0xB2,,,
"Async Serial","data",139.311822,9.49999999e-06,0x00,,,
"Async Serial","data",139.311832,9.50000001e-06,0x00,,,
"Async Serial","data",139.311842,9.50000001e-06,0x00,,,
"Async Serial","data",139.311852,9.50000001e-06,0xB3,,,
"Async Serial [1]","data",139.311902,9.50000001e-06,0xB1,,,
"Async Serial [1]","data",139.311912,9.50000001e-06,0x02,,,
"Async Serial [1]","data",139.311922,9.50000001e-06,0x41,,,
"Async Serial [1]","data",139.311932,9.49999999e-06,0x01,,,
"Async Serial [1]","data",139.311942,9.49999999e-06,0x8C,,,
"Async Serial [1]","data",139.311952,9.49999999e-06,0x30,,,
"Async Serial [1]","data",139.311962,9.50000001e-06,0xB3,,,
"Async Serial","data",139.312013,9.50000001e-06,0xB2,,,
"Async Serial","data",139.312023,9.50000001e-06,0x00,,,
"Async Serial","data",139.312033,9.49999999e-06,0x00,,,
"Async Serial","data",139.312043,9.49999999e-06,0x00,,,
"Async Serial","data",139.312053,9.50000001e-06,0xB3,,,
"Async Serial [1]","data",139.312104,9.50000001e-06,0xB1,,,
"Async Serial [1]","data",139.312114,9.50000001e-06,0x02,,,
"Async Serial [1]","data",139.312124,9.49999999e-06,0x43,,,
"Async Serial [1]","data",139.312134,9.49999999e-06,0x03,,,
"Async Serial [1]","data",139.312144,9.50000001e-06,0x00,,,
"Async Serial [1]","data",139.312154,9.50000001e-06,0x01,,,
"Async Serial [1]","data",139.312164,9.50000001e-06,0x00,,,
"Async Serial [1]","data",139.312174,9.49999996e-06,0xB7,,,
"Async Serial [1]","data",139.312184,9.49999999e-06,0xB3,,,
"Async Serial","data",139.312237,9.50000001e-06,0xB2,,,
"Async Serial","data",139.312247,9.49999999e-06,0x00,,,
"Async Serial","data",139.312258,9.50000001e-06,0x00,,,
"Async Serial","data",139.312268,9.50000001e-06,0x00,,,
"Async Serial","data",139.312278,9.49999999e-06,0xB3,,,
"Async Serial [1]","data",139.312307,9.50000001e-06,0xB1,,,
"Async Serial [1]","data",139.312317,9.49999999e-06,0x02,,,
"Async Serial [1]","data",139.312327,9.50000001e-06,0x48,,,
"Async Serial [1]","data",139.312337,9.50000001e-06,0x18,,,
"Async Serial [1]","data",139.312347,9.50000001e-06,0x00,,,
"Async Serial [1]","data",139.312357,9.50000001e-06,0x00,,,
"Async Serial [1]","data",139.312367,9.49999999e-06,0x00,,,
"Async Serial [1]","data",139.312377,9.49999999e-06,0x00,,,
"Async Serial [1]","data",139.312387,9.50000001e-06,0x67,,,
"Async Serial [1]","data",139.312397,9.50000001e-06,0xED,,,
"Async Serial [1]","data",139.312407,9.49999999e-06,0xFF,,,
"Async Serial [1]","data",139.312417,9.49999999e-06,0xFF,,,
"Async Serial [1]","data",139.312427,9.50000001e-06,0x20,,,
"Async Serial [1]","data",139.312437,9.50000001e-06,0x4E,,,
"Async Serial [1]","data",139.312447,9.50000001e-06,0x00,,,
"Async Serial [1]","data",139.312457,9.50000001e-06,0x00,,,
"Async Serial [1]","data",139.312467,9.50000001e-06,0x00,,,
"Async Serial [1]","data",139.312477,9.49999999e-06,0x5A,,,
"Async Serial [1]","data",139.312487,9.49999996e-06,0x62,,,
"Async Serial [1]","data",139.312497,9.49999999e-06,0x02,,,
"Async Serial [1]","data",139.312507,9.50000001e-06,0x78,,,
"Async Serial [1]","data",139.312517,9.50000001e-06,0x01,,,
"Async Serial [1]","data",139.312527,9.49999999e-06,0x00,,,
"Async Serial [1]","data",139.312537,9.49999999e-06,0x00,,,
"Async Serial [1]","data",139.312547,9.50000001e-06,0x57,,,
"Async Serial [1]","data",139.312557,9.50000001e-06,0x13,,,
"Async Serial [1]","data",139.312567,9.50000001e-06,0x7E,,,
"Async Serial [1]","data",139.312577,9.49999996e-06,0x03,,,
"Async Serial [1]","data",139.312587,9.50000001e-06,0xBC,,,
"Async Serial [1]","data",139.312597,9.50000001e-06,0xB3,,,
"Async Serial","data",139.312705,9.50000001e-06,0xB2,,,
"Async Serial","data",139.312715,9.50000001e-06,0x00,,,
"Async Serial","data",139.312725,9.49999999e-06,0x00,,,
"Async Serial","data",139.312736,9.49999999e-06,0x00,,,
"Async Serial","data",139.312746,9.50000001e-06,0xB3,,,
"Async Serial [1]","data",139.312814,9.49999999e-06,0xB1,,,
"Async Serial [1]","data",139.312824,9.50000001e-06,0x02,,,
"Async Serial [1]","data",139.312834,9.49999999e-06,0x40,,,
"Async Serial [1]","data",139.312844,9.49999996e-06,0x01,,,
"Async Serial [1]","data",139.312854,9.50000001e-06,0x09,,,
"Async Serial [1]","data",139.312864,9.50000001e-06,0xB4,,,
"Async Serial [1]","data",139.312874,9.50000001e-06,0xB3,,,
"Async Serial","data",139.312921,9.50000001e-06,0xB2,,,
"Async Serial","data",139.312931,9.50000001e-06,0x00,,,
"Async Serial","data",139.312942,9.50000001e-06,0x00,,,
"Async Serial","data",139.312952,9.49999999e-06,0x00,,,
"Async Serial","data",139.312962,9.49999999e-06,0xB3,,,
"Async Serial [1]","data",139.362986,9.50000001e-06,0xB1,,,
"Async Serial [1]","data",139.362996,9.49999996e-06,0x01,,,
"Async Serial [1]","data",139.363006,9.49999996e-06,0x02,,,
"Async Serial [1]","data",139.363015,9.50000001e-06,0x46,,,
"Async Serial [1]","data",139.363025,9.50000001e-06,0xB7,,,
"Async Serial [1]","data",139.363035,9.50000001e-06,0xB3,,,
"Async Serial","data",139.363277,9.50000001e-06,0xB2,,,
"Async Serial","data",139.363288,9.49999999e-06,0x00,,,
"Async Serial","data",139.363298,9.49999999e-06,0x46,,,
"Async Serial","data",139.363308,9.50000001e-06,0x09,,,
"Async Serial","data",139.363318,9.50000001e-06,0x00,,,
"Async Serial","data",139.363328,9.50000001e-06,0x28,,,
"Async Serial","data",139.363338,9.49999999e-06,0xEF,,,
"Async Serial","data",139.363348,9.50000001e-06,0x5B,,,
"Async Serial","data",139.363358,9.50000001e-06,0x00,,,
"Async Serial","data",139.363368,9.50000001e-06,0x03,,,
"Async Serial","data",139.363379,9.49999996e-06,0x00,,,
"Async Serial","data",139.363389,9.49999999e-06,0x00,,,
"Async Serial","data",139.363399,9.50000001e-06,0x00,,,
"Async Serial","data",139.363409,9.49999999e-06,0x40,,,
"Async Serial","data",139.363419,9.50000001e-06,0x0D,,,
"Async Serial","data",139.363429,9.49999999e-06,0x03,,,
"Async Serial","data",139.363439,9.50000001e-06,0x00,,,
"Async Serial","data",139.363449,9.50000001e-06,0x0A,,,
"Async Serial","data",139.363459,9.50000001e-06,0x00,,,
"Async Serial","data",139.363469,9.50000001e-06,0x01,,,
"Async Serial","data",139.36348,9.49999999e-06,0x00,,,
"Async Serial","data",139.36349,9.50000001e-06,0x80,,,
"Async Serial","data",139.3635,9.49999999e-06,0x8D,,,
"Async Serial","data",139.36351,9.49999999e-06,0x5B,,,
"Async Serial","data",139.36352,9.49999999e-06,0x00,,,
"Async Serial","data",139.36353,9.50000001e-06,0x20,,,
"Async Serial","data",139.36354,9.49999999e-06,0xBF,,,
"Async Serial","data",139.36355,9.50000001e-06,0x02,,,
"Async Serial","data",139.36356,9.50000001e-06,0x00,,,
"Async Serial","data",139.36357,9.50000001e-06,0x00,,,
"Async Serial","data",139.363581,9.50000001e-06,0x12,,,
"Async Serial","data",139.363591,9.49999999e-06,0x7A,,,
"Async Serial","data",139.363601,9.50000001e-06,0x00,,,
"Async Serial","data",139.363611,9.49999999e-06,0x60,,,
"Async Serial","data",139.363621,9.50000001e-06,0xE3,,,
"Async Serial","data",139.363631,9.49999999e-06,0x16,,,
"Async Serial","data",139.363641,9.50000001e-06,0x00,,,
"Async Serial","data",139.363651,9.50000001e-06,0x30,,,
"Async Serial","data",139.363661,9.50000001e-06,0x11,,,
"Async Serial","data",139.363672,9.50000001e-06,0x00,,,
"Async Serial","data",139.363682,9.49999999e-06,0x00,,,
"Async Serial","data",139.363692,9.50000001e-06,0xD0,,,
"Async Serial","data",139.363702,9.49999996e-06,0xEE,,,
"Async Serial","data",139.363712,9.50000001e-06,0xFF,,,
"Async Serial","data",139.363722,9.49999999e-06,0xFF,,,
"Async Serial","data",139.363732,9.49999999e-06,0x20,,,
"Async Serial","data",139.363742,9.50000001e-06,0x03,,,
"Async Serial","data",139.363752,9.50000001e-06,0xD0,,,
"Async Serial","data",139.363762,9.50000001e-06,0x07,,,
"Async Serial","data",139.363773,9.49999996e-06,0x64,,,
"Async Serial","data",139.363783,9.50000001e-06,0x00,,,
"Async Serial","data",139.363793,9.49999999e-06,0xF4,,,
"Async Serial","data",139.363803,9.49999999e-06,0x01,,,
"Async Serial","data",139.363813,9.49999999e-06,0x00,,,
"Async Serial","data",139.363823,9.50000001e-06,0x00,,,
"Async Serial","data",139.363833,9.49999999e-06,0x00,,,
"Async Serial","data",139.363843,9.50000001e-06,0x00,,,
"Async Serial","data",139.363853,9.50000001e-06,0x00,,,
"Async Serial","data",139.363863,9.49999999e-06,0x00,,,
"Async Serial","data",139.363874,9.50000001e-06,0x00,,,
"Async Serial","data",139.363884,9.50000001e-06,0x00,,,
"Async Serial","data",139.363894,9.50000001e-06,0x00,,,
"Async Serial","data",139.363904,9.49999999e-06,0x00,,,
"Async Serial","data",139.363914,9.49999999e-06,0x00,,,
"Async Serial","data",139.363924,9.50000001e-06,0x00,,,
"Async Serial","data",139.363934,9.50000001e-06,0x09,,,
"Async Serial","data",139.363944,9.50000001e-06,0x8C,,,
"Async Serial","data",139.363954,9.49999999e-06,0x00,,,
"Async Serial","data",139.363965,9.50000001e-06,0x00,,,
"Async Serial","data",139.363975,9.50000001e-06,0x01,,,
"Async Serial","data",139.363985,9.50000001e-06,0x00,,,
"Async Serial","data",139.363995,9.49999996e-06,0x00,,,
"Async Serial","data",139.364005,9.49999999e-06,0x01,,,
"Async Serial","data",139.364015,9.50000001e-06,0xCC,,,
"Async Serial","data",139.364025,9.49999999e-06,0xB3,,,
"Async Serial [1]","data",139.3641,9.50000001e-06,0xB1,,,
"Async Serial [1]","data",139.36411,9.50000001e-06,0x02,,,
"Async Serial [1]","data",139.36412,9.49999999e-06,0x40,,,
"Async Serial [1]","data",139.36413,9.50000001e-06,0x01,,,
"Async Serial [1]","data",139.36414,9.50000001e-06,0x89,,,
"Async Serial [1]","data",139.36415,9.50000001e-06,0x34,,,
"Async Serial [1]","data",139.36416,9.50000001e-06,0xB3,,,
"Async Serial","data",139.364208,9.49999999e-06,0xB2,,,
"Async Serial","data",139.364218,9.50000001e-06,0x00,,,
"Async Serial","data",139.364228,9.50000001e-06,0x00,,,
"Async Serial","data",139.364238,9.50000001e-06,0x00,,,
"Async Serial","data",139.364248,9.49999999e-06,0xB3,,,
"Async Serial [1]","data",139.364303,9.49999999e-06,0xB1,,,
"Async Serial [1]","data",139.364313,9.49999999e-06,0x02,,,
"Async Serial [1]","data",139.364323,9.50000001e-06,0x41,,,
"Async Serial [1]","data",139.364333,9.50000001e-06,0x01,,,
"Async Serial [1]","data",139.364343,9.50000001e-06,0x8C,,,
"Async Serial [1]","data",139.364353,9.49999999e-06,0x30,,,
"Async Serial [1]","data",139.364363,9.49999999e-06,0xB3,,,
"Async Serial","data",139.364409,9.50000001e-06,0xB2,,,
"Async Serial","data",139.364419,9.49999999e-06,0x00,,,
"Async Serial","data",139.364429,9.50000001e-06,0x00,,,
"Async Serial","data",139.364439,9.49999999e-06,0x00,,,
"Async Serial","data",139.364449,9.49999999e-06,0xB3,,,
"Async Serial [1]","data",139.364505,9.49999999e-06,0xB1,,,
"Async Serial [1]","data",139.364515,9.49999999e-06,0x02,,,
"Async Serial [1]","data",139.364525,9.50000001e-06,0x43,,,
"Async Serial [1]","data",139.364535,9.50000001e-06,0x03,,,
"Async Serial [1]","data",139.364545,9.49999999e-06,0x00,,,
"Async Serial [1]","data",139.364555,9.49999999e-06,0x01,,,
"Async Serial [1]","data",139.364565,9.50000001e-06,0x00,,,
"Async Serial [1]","data",139.364575,9.50000001e-06,0xB7,,,
"Async Serial [1]","data",139.364585,9.50000001e-06,0xB3,,,
"Async Serial","data",139.36464,9.50000001e-06,0xB2,,,
"Async Serial","data",139.364651,9.49999996e-06,0x00,,,
"Async Serial","data",139.364661,9.50000001e-06,0x00,,,
"Async Serial","data",139.364671,9.49999999e-06,0x00,,,
"Async Serial","data",139.364681,9.49999999e-06,0xB3,,,
"Async Serial [1]","data",139.364708,9.50000001e-06,0xB1,,,
"Async Serial [1]","data",139.364718,9.49999999e-06,0x02,,,
"Async Serial [1]","data",139.364728,9.49999999e-06,0x48,,,
"Async Serial [1]","data",139.364738,9.49999999e-06,0x18,,,
"Async Serial [1]","data",139.364748,9.50000001e-06,0x00,,,
"Async Serial [1]","data",139.364758,9.50000001e-06,0x00,,,
"Async Serial [1]","data",139.364768,9.50000001e-06,0x00,,,
"Async Serial [1]","data",139.364778,9.49999999e-06,0x00,,,
"Async Serial [1]","data",139.364788,9.49999999e-06,0x63,,,
"Async Serial [1]","data",139.364798,9.50000001e-06,0xDE,,,
"Async Serial [1]","data",139.364808,9.49999999e-06,0xFF,,,
"Async Serial [1]","data",139.364818,9.50000001e-06,0xFF,,,
"Async Serial [1]","data",139.364828,9.49999999e-06,0x20,,,
"Async Serial [1]","data",139.364838,9.49999999e-06,0x4E,,,
"Async Serial [1]","data",139.364848,9.50000001e-06,0x00,,,
"Async Serial [1]","data",139.364858,9.49999999e-06,0x00,,,
"Async Serial [1]","data",139.364868,9.50000001e-06,0x00,,,
"Async Serial [1]","data",139.364878,9.50000001e-06,0x5A,,,
"Async Serial [1]","data",139.364888,9.50000001e-06,0x62,,,
"Async Serial [1]","data",139.364898,9.49999999e-06,0x02,,,
"Async Serial [1]","data",139.364908,9.50000001e-06,0x78,,,
"Async Serial [1]","data",139.364918,9.49999999e-06,0x01,,,
"Async Serial [1]","data",139.364928,9.49999999e-06,0x00,,,
"Async Serial [1]","data",139.364938,9.49999999e-06,0x00,,,
"Async Serial [1]","data",139.364948,9.49999999e-06,0x57,,,
"Async Serial [1]","data",139.364958,9.50000001e-06,0x13,,,
"Async Serial [1]","data",139.364968,9.50000001e-06,0x7E,,,
"Async Serial [1]","data",139.364978,9.50000001e-06,0x03,,,
"Async Serial [1]","data",139.364988,9.49999999e-06,0xCF,,,
"Async Serial [1]","data",139.364998,9.49999999e-06,0xB3,,,
"Async Serial","data",139.365108,9.49999999e-06,0xB2,,,
"Async Serial","data",139.365118,9.50000001e-06,0x00,,,
"Async Serial","data",139.365128,9.49999999e-06,0x00,,,
"Async Serial","data",139.365139,9.50000001e-06,0x00,,,
"Async Serial","data",139.365149,9.49999999e-06,0xB3,,,
"Async Serial [1]","data",139.365215,9.50000001e-06,0xB1,,,
"Async Serial [1]","data",139.365225,9.50000001e-06,0x02,,,
"Async Serial [1]","data",139.365235,9.50000001e-06,0x40,,,
"Async Serial [1]","data",139.365245,9.50000001e-06,0x01,,,
"Async Serial [1]","data",139.365255,9.49999999e-06,0x09,,,
"Async Serial [1]","data",139.365265,9.49999999e-06,0xB4,,,
"Async Serial [1]","data",139.365275,9.49999999e-06,0xB3,,,
"Async Serial","data",139.365324,9.49999999e-06,0xB2,,,
"Async Serial","data",139.365335,9.49999999e-06,0x00,,,
"Async Serial","data",139.365345,9.50000001e-06,0x00,,,
"Async Serial","data",139.365355,9.50000001e-06,0x00,,,
"Async Serial","data",139.365365,9.49999999e-06,0xB3,,,
"Async Serial [1]","data",139.415386,9.50000001e-06,0xB1,,,
"Async Serial [1]","data",139.415396,9.50000001e-06,0x01,,,
"Async Serial [1]","data",139.415406,9.49999999e-06,0x02,,,
"Async Serial [1]","data",139.415416,9.49999999e-06,0x46,,,
"Async Serial [1]","data",139.415426,9.49999999e-06,0xB7,,,
"Async Serial [1]","data",139.415436,9.49999999e-06,0xB3,,,
"Async Serial","data",139.415676,9.50000001e-06,0xB2,,,
"Async Serial","data",139.415686,9.49999999e-06,0x00,,,
"Async Serial","data",139.415696,9.49999999e-06,0x46,,,
"Async Serial","data",139.415706,9.50000001e-06,0x09,,,
"Async Serial","data",139.415716,9.50000001e-06,0x00,,,
"Async Serial","data",139.415726,9.49999996e-06,0x28,,,
"Async Serial","data",139.415736,9.49999999e-06,0xEF,,,
"Async Serial","data",139.415746,9.50000001e-06,0x5B,,,
"Async Serial","data",139.415756,9.50000001e-06,0x00,,,
"Async Serial","data",139.415767,9.49999999e-06,0x03,,,
"Async Serial","data",139.415777,9.49999999e-06,0x00,,,
"Async Serial","data",139.415787,9.50000001e-06,0x00,,,
"Async Serial","data",139.415797,9.49999999e-06,0x00,,,
"Async Serial","data",139.415807,9.50000001e-06,0x40,,,
"Async Serial","data",139.415817,9.49999999e-06,0x0D,,,
"Async Serial","data",139.415827,9.49999996e-06,0x03,,,
"Async Serial","data",139.415837,9.50000001e-06,0x00,,,
"Async Serial","data",139.415847,9.50000001e-06,0x0A,,,
"Async Serial","data",139.415857,9.50000001e-06,0x00,,,
"Async Serial","data",139.415868,9.49999999e-06,0x01,,,
"Async Serial","data",139.415878,9.50000001e-06,0x00,,,
"Async Serial","data",139.415888,9.50000001e-06,0x80,,,
"Async Serial","data",139.415898,9.50000001e-06,0x8D,,,
"Async Serial","data",139.415908,9.49999999e-06,0x5B,,,
"Async Serial","data",139.415918,9.49999999e-06,0x00,,,
"Async Serial","data",139.415928,9.50000001e-06,0x20,,,
"Async Serial","data",139.415938,9.50000001e-06,0xBF,,,
"Async Serial","data",139.415948,9.50000001e-06,0x02,,,
"Async Serial","data",139.415959,9.49999999e-06,0x00,,,
"Async Serial","data",139.415969,9.50000001e-06,0x00,,,
"Async Serial","data",139.415979,9.50000001e-06,0x12,,,
"Async Serial","data",139.415989,9.49999999e-06,0x7A,,,
"Async Serial","data",139.415999,9.49999999e-06,0x00,,,
"Async Serial","data",139.416009,9.49999999e-06,0x60,,,
"Async Serial","data",139.416019,9.49999999e-06,0xE3,,,
"Async Serial","data",139.416029,9.50000001e-06,0x16,,,
"Async Serial","data",139.416039,9.50000001e-06,0x00,,,
"Async Serial","data",139.41605,9.49999996e-06,0x30,,,
"Async Serial","data",139.41606,9.50000001e-06,0x11,,,
"Async Serial","data",139.41607,9.50000001e-06,0x00,,,
"Async Serial","data",139.41608,9.50000001e-06,0x00,,,
"Async Serial","data",139.41609,9.49999999e-06,0xD0,,,
"Async Serial","data",139.4161,9.49999999e-06,0xEE,,,
"Async Serial","data",139.41611,9.50000001e-06,0xFF,,,
"Async Serial","data",139.41612,9.50000001e-06,0xFF,,,
"Async Serial","data",139.41613,9.50000001e-06,0x20,,,
"Async Serial","data",139.41614,9.49999999e-06,0x03,,,
"Async Serial","data",139.416151,9.50000001e-06,0xD0,,,
"Async Serial","data",139.416161,9.50000001e-06,0x07,,,
"Async Serial","data",139.416171,9.50000001e-06,0x64,,,
"Async Serial","data",139.416181,9.49999999e-06,0x00,,,
"Async Serial","data",139.416191,9.49999999e-06,0xF4,,,
"Async Serial","data",139.416201,9.50000001e-06,0x01,,,
"Async Serial","data",139.416211,9.49999999e-06,0x00,,,
"Async Serial","data",139.416221,9.50000001e-06,0x00,,,
"Async Serial","data",139.416231,9.49999999e-06,0x00,,,
"Async Serial","data",139.416241,9.50000001e-06,0x00,,,
"Async Serial","data",139.416252,9.50000001e-06,0x00,,,
"Async Serial","data",139.416262,9.50000001e-06,0x00,,,
"Async Serial","data",139.416272,9.50000001e-06,0x00,,,
"Async Serial","data",139.416282,9.49999996e-06,0x00,,,
"Async Serial","data",139.416292,9.50000001e-06,0x00,,,
"Async Serial","data",139.416302,9.50000001e-06,0x00,,,
"Async Serial","data",139.416312,9.49999999e-06,0x00,,,
"Async Serial","data",139.416322,9.49999999e-06,0x00,,,
"Async Serial","data",139.416332,9.50000001e-06,0x09,,,
"Async Serial","data",139.416342,9.49999999e-06,0x8C,,,
"Async Serial","data",139.416353,9.50000001e-06,0x00,,,
"Async Serial","data",139.416363,9.49999999e-06,0x00,,,
"Async Serial","data",139.416373,9.49999999e-06,0x01,,,
"Async Serial","data",139.416383,9.50000001e-06,0x00,,,
"Async Serial","data",139.416393,9.50000001e-06,0x00,,,
"Async Serial","data",139.416403,9.50000001e-06,0x01,,,
"Async Serial","data",139.416413,9.49999999e-06,0xCC,,,
"Async Serial","data",139.416423,9.50000001e-06,0xB3,,,
"Async Serial [1]","data",139.4165,9.49999999e-06,0xB1,,,
"Async Serial [1]","data",139.41651,9.50000001e-06,0x02,,,
"Async Serial [1]","data",139.41652,9.49999999e-06,0x40,,,
"Async Serial [1]","data",139.41653,9.49999999e-06,0x01,,,
"Async Serial [1]","data",139.41654,9.49999999e-06,0x89,,,
"Async Serial [1]","data",139.41655,9.50000001e-06,0x34,,,
"Async Serial [1]","data",139.41656,9.50000001e-06,0xB3,,,
"Async Serial","data",139.41662,9.50000001e-06,0xB2,,,
"Async Serial","data",139.41663,9.50000001e-06,0x00,,,
"Async Serial","data",139.416641,9.50000001e-06,0x00,,,
"Async Serial","data",139.416651,9.49999999e-06,0x00,,,
"Async Serial","data",139.416661,9.49999999e-06,0xB3,,,
"Async Serial [1]","data",139.416702,9.49999999e-06,0xB1,,,
"Async Serial [1]","data",139.416712,9.49999996e-06,0x02,,,
"Async Serial [1]","data",139.416722,9.49999999e-06,0x41,,,
"Async Serial [1]","data",139.416732,9.50000001e-06,0x01,,,
"Async Serial [1]","data",139.416742,9.50000001e-06,0x8C,,,
"Async Serial [1]","data",139.416752,9.49999999e-06,0x30,,,
"Async Serial [1]","data",139.416762,9.49999999e-06,0xB3,,,
"Async Serial","data",139.416814,9.50000001e-06,0xB2,,,
"Async Serial","data",139.416824,9.50000001e-06,0x00,,,
"Async Serial","data",139.416835,9.50000001e-06,0x00,,,
"Async Serial","data",139.416845,9.49999999e-06,0x00,,,
"Async Serial","data",139.416855,9.50000001e-06,0xB3,,,
"Async Serial [1]","data",139.416904,9.49999999e-06,0xB1,,,
"Async Serial [1]","data",139.416914,9.50000001e-06,0x02,,,
"Async Serial [1]","data",139.416924,9.50000001e-06,0x43,,,
"Async Serial [1]","data",139.416934,9.49999999e-06,0x03,,,
"Async Serial [1]","data",139.416944,9.49999996e-06,0x00,,,
"Async Serial [1]","data",139.416954,9.49999999e-06,0x01,,,
"Async Serial [1]","data",139.416964,9.50000001e-06,0x00,,,
"Async Serial [1]","data",139.416974,9.50000001e-06,0xB7,,,
"Async Serial [1]","data",139.416984,9.50000001e-06,0xB3,,,
"Async Serial","data",139.417039,9.50000001e-06,0xB2,,,
"Async Serial","data",139.417049,9.49999996e-06,0x00,,,
"Async Serial","data",139.417059,9.49999999e-06,0x00,,,
"Async Serial","data",139.417069,9.50000001e-06,0x00,,,
"Async Serial","data",139.417079,9.50000001e-06,0xB3,,,
"Async Serial [1]","data",139.417108,9.49999999e-06,0xB1,,,
"Async Serial [1]","data",139.417118,9.50000001e-06,0x02,,,
"Async Serial [1]","data",139.417128,9.50000001e-06,0x48,,,
"Async Serial [1]","data",139.417138,9.50000001e-06,0x18,,,
"Async Serial [1]","data",139.417148,9.49999996e-06,0x00,,,
"Async Serial [1]","data",139.417158,9.49999996e-06,0x00,,,
"Async Serial [1]","data",139.417168,9.50000001e-06,0x00,,,
"Async Serial [1]","data",139.417178,9.50000001e-06,0x00,,,
"Async Serial [1]","data",139.417188,9.50000001e-06,0x9A,,,
"Async Serial [1]","data",139.417198,9.49999999e-06,0xD5,,,
"Async Serial [1]","data",139.417208,9.50000001e-06,0xFF,,,
"Async Serial [1]","data",139.417218,9.50000001e-06,0xFF,,,
"Async Serial [1]","data",139.417228,9.50000001e-06,0x20,,,
"Async Serial [1]","data",139.417238,9.49999999e-06,0x4E,,,
"Async Serial [1]","data",139.417248,9.49999996e-06,0x00,,,
"Async Serial [1]","data",139.417258,9.50000001e-06,0x00,,,
"Async Serial [1]","data",139.417268,9.49999996e-06,0x00,,,
"Async Serial [1]","data",139.417278,9.50000001e-06,0x5A,,,
"Async Serial [1]","data",139.417288,9.50000001e-06,0x62,,,
"Async Serial [1]","data",139.417298,9.50000001e-06,0x02,,,
"Async Serial [1]","data",139.417308,9.49999999e-06,0x78,,,
"Async Serial [1]","data",139.417318,9.49999999e-06,0x01,,,
"Async Serial [1]","data",139.417328,9.50000001e-06,0x00,,,
"Async Serial [1]","data",139.417338,9.50000001e-06,0x00,,,
"Async Serial [1]","data",139.417348,9.49999999e-06,0x57,,,
"Async Serial [1]","data",139.417358,9.49999996e-06,0x13,,,
"Async Serial [1]","data",139.417368,9.49999999e-06,0x7E,,,
"Async Serial [1]","data",139.417378,9.50000001e-06,0x03,,,
"Async Serial [1]","data",139.417388,9.50000001e-06,0xA1,,,
"Async Serial [1]","data",139.417398,9.50000001e-06,0xB3,,,
"Async Serial","data",139.417507,9.50000001e-06,0xB2,,,
"Async Serial","data",139.417517,9.49999999e-06,0x00,,,
"Async Serial","data",139.417527,9.50000001e-06,0x00,,,
"Async Serial","data",139.417537,9.49999999e-06,0x00,,,
"Async Serial","data",139.417547,9.50000001e-06,0xB3,,,
"Async Serial [1]","data",139.417615,9.49999999e-06,0xB1,,,
"Async Serial [1]","data",139.417625,9.50000001e-06,0x02,,,
"Async Serial [1]","data",139.417635,9.50000001e-06,0x40,,,
"Async Serial [1]","data",139.417645,9.50000001e-06,0x01,,,
"Async Serial [1]","data",139.417655,9.50000001e-06,0x09,,,
"Async Serial [1]","data",139.417665,9.49999999e-06,0xB4,,,
"Async Serial [1]","data",139.417676,9.49999999e-06,0xB3,,,
"Async Serial","data",139.417723,9.50000001e-06,0xB2,,,
"Async Serial","data",139.417733,9.49999999e-06,0x00,,,
"Async Serial","data",139.417743,9.50000001e-06,0x00,,,
"Async Serial","data",139.417753,9.50000001e-06,0x00,,,
"Async Serial","data",139.417763,9.49999999e-06,0xB3,,,
"Async Serial [1]","data",139.467787,9.49999999e-06,0xB1,,,
"Async Serial [1]","data",139.467797,9.50000001e-06,0x01,,,
"Async Serial [1]","data",139.467807,9.50000001e-06,0x02,,,
"Async Serial [1]","data",139.467817,9.50000001e-06,0x46,,,
"Async Serial [1]","data",139.467827,9.49999999e-06,0xB7,,,
"Async Serial [1]","data",139.467837,9.49999999e-06,0xB3,,,
"Async Serial","data",139.468078,9.50000001e-06,0xB2,,,
"Async Serial","data",139.468088,9.49999999e-06,0x00,,,
"Async Serial","data",139.468098,9.50000001e-06,0x46,,,
"Async Serial","data",139.468109,9.50000001e-06,0x09,,,
"Async Serial","data",139.468119,9.50000001e-06,0x00,,,
"Async Serial","data",139.468129,9.50000001e-06,0x28,,,
"Async Serial","data",139.468139,9.49999999e-06,0xEF,,,
"Async Serial","data",139.468149,9.49999999e-06,0x5B,,,
"Async Serial","data",139.468159,9.50000001e-06,0x00,,,
"Async Serial","data",139.468169,9.50000001e-06,0x03,,,
"Async Serial","data",139.468179,9.49999996e-06,0x00,,,
"Async Serial","data",139.468189,9.49999999e-06,0x00,,,
"Async Serial","data",139.468199,9.50000001e-06,0x00,,,
"Async Serial","data",139.46821,9.50000001e-06,0x40,,,
"Async Serial","data",139.46822,9.49999999e-06,0x0D,,,
"Async Serial","data",139.46823,9.49999999e-06,0x03,,,
"Async Serial","data",139.46824,9.50000001e-06,0x00,,,
"Async Serial","data",139.46825,9.49999999e-06,0x0A,,,
"Async Serial","data",139.46826,9.50000001e-06,0x00,,,
"Async Serial","data",139.46827,9.49999999e-06,0x01,,,
"Async Serial","data",139.46828,9.49999996e-06,0x00,,,
"Async Serial","data",139.46829,9.50000001e-06,0x80,,,
"Async Serial","data",139.468301,9.50000001e-06,0x8D,,,
"Async Serial","data",139.468311,9.50000001e-06,0x5B,,,
"Async Serial","data",139.468321,9.49999999e-06,0x00,,,
"Async Serial","data",139.468331,9.50000001e-06,0x20,,,
"Async Serial","data",139.468341,9.50000001e-06,0xBF,,,
"Async Serial","data",139.468351,9.50000001e-06,0x02,,,
"Async Serial","data",139.468361,9.49999999e-06,0x00,,,
"Async Serial","data",139.468371,9.49999999e-06,0x00,,,
"Async Serial","data",139.468381,9.50000001e-06,0x12,,,
"Async Serial","data",139.468391,9.50000001e-06,0x7A,,,
"Async Serial","data",139.468402,9.50000001e-06,0x00,,,
"Async Serial","data",139.468412,9.49999999e-06,0x60,,,
"Async Serial","data",139.468422,9.50000001e-06,0xE3,,,
"Async Serial","data",139.468432,9.50000001e-06,0x16,,,
"Async Serial","data",139.468442,9.49999999e-06,0x00,,,
"Async Serial","data",139.468452,9.49999999e-06,0x30,,,
"Async Serial","data",139.468462,9.49999999e-06,0x11,,,
"Async Serial","data",139.468472,9.49999999e-06,0x00,,,
"Async Serial","data",139.468482,9.50000001e-06,0x00,,,
"Async Serial","data",139.468492,9.50000001e-06,0xD0,,,
"Async Serial","data",139.468503,9.49999996e-06,0xEE,,,
"Async Serial","data",139.468513,9.50000001e-06,0xFF,,,
"Async Serial","data",139.468523,9.50000001e-06,0xFF,,,
"Async Serial","data",139.468533,9.50000001e-06,0x20,,,
"Async Serial","data",139.468543,9.49999999e-06,0x03,,,
"Async Serial","data",139.468553,9.49999999e-06,0xD0,,,
"Async Serial","data",139.468563,9.50000001e-06,0x07,,,
"Async Serial","data",139.468573,9.49999996e-06,0x64,,,
"Async Serial","data",139.468583,9.50000001e-06,0x00,,,
"Async Serial","data",139.468594,9.49999999e-06,0xF4,,,
"Async Serial","data",139.468604,9.50000001e-06,0x01,,,
"Async Serial","data",139.468614,9.50000001e-06,0x00,,,
"Async Serial","data",139.468624,9.50000001e-06,0x00,,,
"Async Serial","data",139.468634,9.50000001e-06,0x00,,,
"Async Serial","data",139.468644,9.49999999e-06,0x00,,,
"Async Serial","data",139.468654,9.50000001e-06,0x00,,,
"Async Serial","data",139.468664,9.49999999e-06,0x00,,,
"Async Serial","data",139.468674,9.50000001e-06,0x00,,,
"Async Serial","data",139.468684,9.50000001e-06,0x00,,,
"Async Serial","data",139.468695,9.50000001e-06,0x00,,,
"Async Serial","data",139.468705,9.50000001e-06,0x00,,,
"Async Serial","data",139.468715,9.49999999e-06,0x00,,,
"Async Serial","data",139.468725,9.50000001e-06,0x00,,,
"Async Serial","data",139.468735,9.49999999e-06,0x09,,,
"Async Serial","data",139.468745,9.50000001e-06,0x8C,,,
"Async Serial","data",139.468755,9.49999999e-06,0x00,,,
"Async Serial","data",139.468765,9.49999999e-06,0x00,,,
"Async Serial","data",139.468775,9.50000001e-06,0x01,,,
"Async Serial","data",139.468785,9.50000001e-06,0x00,,,
"Async Serial","data",139.468796,9.49999999e-06,0x00,,,
"Async Serial","data",139.468806,9.49999999e-06,0x01,,,
"Async Serial","data",139.468816,9.50000001e-06,0xCC,,,
"Async Serial","data",139.468826,9.50000001e-06,0xB3,,,
"Async Serial [1]","data",139.468901,9.50000001e-06,0xB1,,,
"Async Serial [1]","data",139.468911,9.50000001e-06,0x02,,,
"Async Serial [1]","data",139.468921,9.50000001e-06,0x40,,,
"Async Serial [1]","data",139.468931,9.50000001e-06,0x01,,,
"Async Serial [1]","data",139.468941,9.50000001e-06,0x89,,,
"Async Serial [1]","data",139.468951,9.49999996e-06,0x34,,,
"Async Serial [1]","data",139.468961,9.49999999e-06,0xB3,,,
"Async Serial","data",139.469009,9.49999999e-06,0xB2,,,
"Async Serial","data",139.469019,9.50000001e-06,0x00,,,
"Async Serial","data",139.469029,9.49999999e-06,0x00,,,
"Async Serial","data",139.469039,9.50000001e-06,0x00,,,
"Async Serial","data",139.469049,9.49999999e-06,0xB3,,,
"Async Serial [1]","data",139.469103,9.50000001e-06,0xB1,,,
"Async Serial [1]","data",139.469113,9.50000001e-06,0x02,,,
"Async Serial [1]","data",139.469123,9.49999999e-06,0x41,,,
"Async Serial [1]","data",139.469133,9.49999999e-06,0x01,,,
"Async Serial [1]","data",139.469143,9.49999999e-06,0x8C,,,
"Async Serial [1]","data",139.469153,9.49999999e-06,0x30,,,
"Async Serial [1]","data",139.469163,9.50000001e-06,0xB3,,,
"Async Serial","data",139.469217,9.49999999e-06,0xB2,,,
"Async Serial","data",139.469227,9.50000001e-06,0x00,,,
"Async Serial","data",139.469237,9.49999999e-06,0x00,,,
"Async Serial","data",139.469247,9.50000001e-06,0x00,,,
"Async Serial","data",139.469257,9.49999999e-06,0xB3,,,
"Async Serial [1]","data",139.469305,9.50000001e-06,0xB1,,,
"Async Serial [1]","data",139.469315,9.49999999e-06,0x02,,,
"Async Serial [1]","data",139.469325,9.49999999e-06,0x43,,,
"Async Serial [1]","data",139.469335,9.50000001e-06,0x03,,,
"Async Serial [1]","data",139.469345,9.50000001e-06,0x00,,,
"Async Serial [1]","data",139.469355,9.50000001e-06,0x01,,,
"Async Serial [1]","data",139.469365,9.49999996e-06,0x00,,,
"Async Serial [1]","data",139.469375,9.49999999e-06,0xB7,,,
"Async Serial [1]","data",139.469385,9.50000001e-06,0xB3,,,
"Async Serial","data",139.469441,9.50000001e-06,0xB2,,,
"Async Serial","data",139.469451,9.50000001e-06,0x00,,,
"Async Serial","data",139.469461,9.49999999e-06,0x00,,,
"Async Serial","data",139.469471,9.50000001e-06,0x00,,,
"Async Serial","data",139.469482,9.49999999e-06,0xB3,,,
"Async Serial [1]","data",139.469509,9.50000001e-06,0xB1,,,
"Async Serial [1]","data",139.469519,9.49999999e-06,0x02,,,
"Async Serial [1]","data",139.469529,9.50000001e-06,0x48,,,
"Async Serial [1]","data",139.469539,9.50000001e-06,0x18,,,
"Async Serial [1]","data",139.469549,9.50000001e-06,0x00,,,
"Async Serial [1]","data",139.469559,9.49999999e-06,0x00,,,
"Async Serial [1]","data",139.469569,9.49999999e-06,0x00,,,
"Async Serial [1]","data",139.469579,9.49999999e-06,0x00,,,
"Async Serial [1]","data",139.469589,9.49999999e-06,0x2B,,,
"Async Serial [1]","data",139.469599,9.50000001e-06,0x3C,,,
"Async Serial [1]","data",139.469609,9.49999999e-06,0x00,,,
"Async Serial [1]","data",139.469619,9.49999999e-06,0x00,,,
"Async Serial [1]","data",139.469629,9.50000001e-06,0x20,,,
"Async Serial [1]","data",139.469639,9.50000001e-06,0x4E,,,
"Async Serial [1]","data",139.469649,9.50000001e-06,0x00,,,
"Async Serial [1]","data",139.469659,9.49999999e-06,0x00,,,
"Async Serial [1]","data",139.469669,9.49999996e-06,0x00,,,
"Async Serial [1]","data",139.469679,9.49999999e-06,0x5A,,,
"Async Serial [1]","data",139.469689,9.49999999e-06,0x62,,,
"Async Serial [1]","data",139.469699,9.49999999e-06,0x02,,,
"Async Serial [1]","data",139.469709,9.50000001e-06,0x78,,,
"Async Serial [1]","data",139.469719,9.50000001e-06,0x01,,,
"Async Serial [1]","data",139.469729,9.49999999e-06,0x00,,,
"Async Serial [1]","data",139.469739,9.50000001e-06,0x00,,,
"Async Serial [1]","data",139.469749,9.50000001e-06,0x57,,,
"Async Serial [1]","data",139.469759,9.50000001e-06,0x13,,,
"Async Serial [1]","data",139.469769,9.50000001e-06,0x7E,,,
"Async Serial [1]","data",139.469779,9.49999999e-06,0x03,,,
"Async Serial [1]","data",139.469789,9.49999999e-06,0xA7,,,
"Async Serial [1]","data",139.469799,9.50000001e-06,0xB3,,,
"Async Serial","data",139.46991,9.50000001e-06,0xB2,,,
"Async Serial","data",139.46992,9.50000001e-06,0x00,,,
"Async Serial","data",139.46993,9.50000001e-06,0x00,,,
"Async Serial","data",139.46994,9.49999999e-06,0x00,,,
"Async Serial","data",139.46995,9.50000001e-06,0xB3,,,
"Async Serial [1]","data",139.470016,9.49999999e-06,0xB1,,,
"Async Serial [1]","data",139.470026,9.49999996e-06,0x02,,,
"Async Serial [1]","data",139.470036,9.50000001e-06,0x40,,,
"Async Serial [1]","data",139.470046,9.50000001e-06,0x01,,,
"Async Serial [1]","data",139.470056,9.50000001e-06,0x09,,,
"Async Serial [1]","data",139.470066,9.50000001e-06,0xB4,,,
"Async Serial [1]","data",139.470076,9.50000001e-06,0xB3,,,
"Async Serial","data",139.470126,9.50000001e-06,0xB2,,,
"Async Serial","data",139.470136,9.50000001e-06,0x00,,,
"Async Serial","data",139.470146,9.49999999e-06,0x00,,,
"Async Serial","data",139.470156,9.50000001e-06,0x00,,,
"Async Serial","data",139.470167,9.49999999e-06,0xB3,,,
"I2C","start",139.506356,6.25000102e-08,,,,
"I2C","address",139.506359,2.325e-05,,true,0x25,false
"I2C","stop",139.506389,6.24999811e-08,,,,
"I2C","start",139.506394,6.24999811e-08,,,,
"I2C","address",139.506397,2.325e-05,,true,0x25,false
"I2C","data",139.506425,2.325e-05,0x00,true,,
"I2C","start",139.506454,6.24999811e-08,,,,
"I2C","address",139.506457,2.325e-05,,true,0x25,true
"I2C","data",139.50649,2.325e-05,0xA5,true,,
"I2C","data",139.506515,2.33125e-05,0x03,false,,
"I2C","stop",139.506541,6.25000393e-08,,,,
"I2C","start",139.506547,6.24999811e-08,,,,
"I2C","address",139.506549,2.325e-05,,true,0x25,false
"I2C","data",139.506578,2.325e-05,0x40,true,,
"I2C","start",139.506607,6.24999811e-08,,,,
"I2C","address",139.50661,2.325e-05,,true,0x25,true
"I2C","data",139.506643,2.3125e-05,0x09,false,,
"I2C","stop",139.506669,6.24999811e-08,,,,
"I2C","start",139.506675,6.25000102e-08,,,,
"I2C","address",139.506677,2.325e-05,,true,0x25,false
"I2C","data",139.506706,2.325e-05,0x00,true,,
"I2C","start",139.506735,6.24999811e-08,,,,
"I2C","address",139.506737,2.325e-05,,true,0x25,true
"I2C","data",139.506771,2.31875e-05,0xA5,true,,
"I2C","data",139.506795,2.325e-05,0x03,true,,
"I2C","data",139.50682,2.325e-05,0x09,true,,
"I2C","data",139.506845,2.325e-05,0x00,true,,
"I2C","data",139.506869,2.325e-05,0x28,true,,
"I2C","data",139.506894,2.325e-05,0xEF,true,,
"I2C","data",139.506919,2.325e-05,0x5B,true,,
"I2C","data",139.506944,2.325e-05,0x00,true,,
"I2C","data",139.506968,2.325e-05,0x03,true,,
"I2C","data",139.506993,2.325e-05,0x00,true,,
"I2C","data",139.507018,2.325e-05,0x00,true,,
"I2C","data",139.507043,2.325e-05,0x00,true,,
"I2C","data",139.507067,2.325e-05,0x40,true,,
"I2C","data",139.507092,2.325e-05,0x0D,true,,
"I2C","data",139.507117,2.325e-05,0x03,true,,
"I2C","data",139.507142,2.325e-05,0x00,true,,
"I2C","data",139.507166,2.325e-05,0x0A,true,,
"I2C","data",139.507191,2.325e-05,0x00,true,,
"I2C","data",139.507216,2.325e-05,0x01,true,,
"I2C","data",139.507241,2.325e-05,0x00,true,,
"I2C","data",139.507265,2.325e-05,0x80,true,,
"I2C","data",139.50729,2.325e-05,0x8D,true,,
"I2C","data",139.507315,2.325e-05,0x5B,true,,
"I2C","data",139.50734,2.325e-05,0x00,true,,
"I2C","data",139.507364,2.325e-05,0x20,true,,
"I2C","data",139.507389,2.325e-05,0xBF,true,,
"I2C","data",139.507414,2.325e-05,0x02,true,,
"I2C","data",139.507439,2.325e-05,0x00,true,,
"I2C","data",139.507463,2.33125e-05,0x00,true,,
"I2C","data",139.507488,2.325e-05,0x12,true,,
"I2C","data",139.507513,2.325e-05,0x7A,true,,
"I2C","data",139.507537,2.325e-05,0x00,true,,
"I2C","data",139.507562,2.325e-05,0x60,true,,
"I2C","data",139.507587,2.325e-05,0xE3,true,,
"I2C","data",139.507612,2.325e-05,0x16,true,,
"I2C","data",139.507636,2.325e-05,0x00,true,,
"I2C","data",139.507661,2.325e-05,0x30,true,,
"I2C","data",139.507686,2.325e-05,0x11,true,,
"I2C","data",139.507711,2.325e-05,0x00,true,,
"I2C","data",139.507735,2.325e-05,0x00,true,,
"I2C","data",139.50776,2.33125e-05,0xD0,true,,
"I2C","data",139.507785,2.325e-05,0xEE,true,,
"I2C","data",139.50781,2.325e-05,0xFF,true,,
"I2C","data",139.507834,2.325e-05,0xFF,true,,
"I2C","data",139.507859,2.325e-05,0x20,true,,
"I2C","data",139.507884,2.325e-05,0x03,true,,
"I2C","data",139.507909,2.33125e-05,0xD0,true,,
"I2C","data",139.507933,2.325e-05,0x07,true,,
"I2C","data",139.507958,2.325e-05,0x64,true,,
"I2C","data",139.507983,2.325e-05,0x00,true,,
"I2C","data",139.508007,2.325e-05,0xF4,true,,
"I2C","data",139.508032,2.325e-05,0x01,true,,
"I2C","data",139.508057,2.325e-05,0x00,true,,
"I2C","data",139.508082,2.325e-05,0x00,true,,
"I2C","data",139.508106,2.325e-05,0x00,true,,
"I2C","data",139.508131,2.325e-05,0x00,true,,
"I2C","data",139.508156,2.325e-05,0x00,true,,
"I2C","data",139.508181,2.325e-05,0x00,true,,
"I2C","data",139.508205,2.325e-05,0x00,true,,
"I2C","data",139.50823,2.325e-05,0x00,true,,
"I2C","data",139.508255,2.325e-05,0x00,true,,
"I2C","data",139.50828,2.325e-05,0x00,true,,
"I2C","data",139.508304,2.325e-05,0x00,true,,
"I2C","data",139.508329,2.325e-05,0x00,true,,
"I2C","data",139.508354,2.325e-05,0x09,true,,
"I2C","data",139.508378,2.325e-05,0x8C,true,,
"I2C","data",139.508403,2.325e-05,0x00,true,,
"I2C","data",139.508428,2.325e-05,0x00,true,,
"I2C","data",139.508453,2.325e-05,0x01,true,,
"I2C","data",139.508477,2.325e-05,0x00,true,,
"I2C","data",139.508502,2.325e-05,0x00,true,,
"I2C","data",139.508527,2.325e-05,0x01,true,,
"I2C","data",139.508552,2.325e-05,0x00,true,,
"I2C","data",139.508576,2.325e-05,0x00,true,,
"I2C","data",139.508601,2.325e-05,0x00,true,,
"I2C","data",139.508626,2.325e-05,0x00,true,,
"I2C","data",139.508651,2.325e-05,0x2B,true,,
"I2C","data",139.508675,2.325e-05,0x3C,true,,
"I2C","data",139.5087,2.325e-05,0x00,true,,
"I2C","data",139.508725,2.325e-05,0x00,true,,
"I2C","data",139.50875,2.325e-05,0x20,true,,
"I2C","data",139.508774,2.325e-05,0x4E,true,,
"I2C","data",139.508799,2.325e-05,0x00,true,,
"I2C","data",139.508824,2.325e-05,0x00,true,,
"I2C","data",139.508848,2.33125e-05,0x00,true,,
"I2C","data",139.508873,2.325e-05,0x5A,true,,
"I2C","data",139.508898,2.325e-05,0x62,true,,
"I2C","data",139.508923,2.325e-05,0x02,true,,
"I2C","data",139.508948,2.325e-05,0x78,true,,
"I2C","data",139.508972,2.325e-05,0x01,true,,
"I2C","data",139.508997,2.325e-05,0x00,true,,
"I2C","data",139.509022,2.325e-05,0x00,true,,
"I2C","data",139.509046,2.325e-05,0x57,true,,
"I2C","data",139.509071,2.325e-05,0x13,true,,
"I2C","data",139.509096,2.325e-05,0x7E,true,,
"I2C","data",139.509121,2.325e-05,0x03,false,,
"I2C","stop",139.509147,6.24999811e-08,,,,
"I2C","start",139.509152,6.25000102e-08,,,,
"I2C","address",139.509155,2.325e-05,,true,0x25,false
"I2C","data",139.509184,2.325e-05,0x40,true,,
"I2C","start",139.509212,6.25000102e-08,,,,
"I2C","address",139.509215,2.325e-05,,true,0x25,true
"I2C","data",139.509249,2.31875e-05,0x09,false,,
"I2C","stop",139.509275,6.25000102e-08,,,,
"Async Serial [1]","data",139.520187,9.49999996e-06,0xB1,,,
"Async Serial [1]","data",139.520197,9.50000001e-06,0x01,,,
"Async Serial [1]","data",139.520207,9.49999999e-06,0x02,,,
"Async Serial [1]","data",139.520217,9.50000001e-06,0x46,,,
"Async Serial [1]","data",139.520227,9.50000001e-06,0xB7,,,
"Async Serial [1]","data",139.520237,9.50000001e-06,0xB3,,,
"Async Serial","data",139.520474,9.49999999e-06,0xB2,,,
"Async Serial","data",139.520484,9.50000001e-06,0x00,,,
"Async Serial","data",139.520494,9.50000001e-06,0x46,,,
"Async Serial","data",139.520504,9.49999999e-06,0x09,,,
"Async Serial","data",139.520514,9.50000001e-06,0x00,,,
"Async Serial","data",139.520524,9.49999999e-06,0x28,,,
"Async Serial","data",139.520534,9.49999999e-06,0xEF,,,
"Async Serial","data",139.520544,9.49999999e-06,0x5B,,,
"Async Serial","data",139.520554,9.50000001e-06,0x00,,,
"Async Serial","data",139.520564,9.49999996e-06,0x03,,,
"Async Serial","data",139.520575,9.50000001e-06,0x00,,,
"Async Serial","data",139.520585,9.50000001e-06,0x00,,,
"Async Serial","data",139.520595,9.50000001e-06,0x00,,,
"Async Serial","data",139.520605,9.50000001e-06,0x40,,,
"Async Serial","data",139.520615,9.49999999e-06,0x0D,,,
"Async Serial","data",139.520625,9.50000001e-06,0x03,,,
"Async Serial","data",139.520635,9.49999999e-06,0x00,,,
"Async Serial","data",139.520645,9.50000001e-06,0x0A,,,
"Async Serial","data",139.520655,9.49999999e-06,0x00,,,
"Async Serial","data",139.520666,9.50000001e-06,0x01,,,
"Async Serial","data",139.520676,9.50000001e-06,0x00,,,
"Async Serial","data",139.520686,9.50000001e-06,0x80,,,
"Async Serial","data",139.520696,9.50000001e-06,0x8D,,,
"Async Serial","data",139.520706,9.49999999e-06,0x5B,,,
"Async Serial","data",139.520716,9.50000001e-06,0x00,,,
"Async Serial","data",139.520726,9.50000001e-06,0x20,,,
"Async Serial","data",139.520736,9.50000001e-06,0xBF,,,
"Async Serial","data",139.520746,9.49999999e-06,0x02,,,
"Async Serial","data",139.520756,9.49999999e-06,0x00,,,
"Async Serial","data",139.520767,9.50000001e-06,0x00,,,
"Async Serial","data",139.520777,9.50000001e-06,0x12,,,
"Async Serial","data",139.520787,9.50000001e-06,0x7A,,,
"Async Serial","data",139.520797,9.49999999e-06,0x00,,,
"Async Serial","data",139.520807,9.50000001e-06,0x60,,,
"Async Serial","data",139.520817,9.50000001e-06,0xE3,,,
"Async Serial","data",139.520827,9.49999999e-06,0x16,,,
"Async Serial","data",139.520837,9.49999999e-06,0x00,,,
"Async Serial","data",139.520847,9.49999999e-06,0x30,,,
"Async Serial","data",139.520857,9.49999999e-06,0x11,,,
"Async Serial","data",139.520868,9.50000001e-06,0x00,,,
"Async Serial","data",139.520878,9.50000001e-06,0x00,,,
"Async Serial","data",139.520888,9.49999996e-06,0xD0,,,
"Async Serial","data",139.520898,9.50000001e-06,0xEE,,,
"Async Serial","data",139.520908,9.50000001e-06,0xFF,,,
"Async Serial","data",139.520918,9.50000001e-06,0xFF,,,
"Async Serial","data",139.520928,9.49999999e-06,0x20,,,
"Async Serial","data",139.520938,9.49999999e-06,0x03,,,
"Async Serial","data",139.520948,9.50000001e-06,0xD0,,,
"Async Serial","data",139.520958,9.49999996e-06,0x07,,,
"Async Serial","data",139.520969,9.50000001e-06,0x64,,,
"Async Serial","data",139.520979,9.49999999e-06,0x00,,,
"Async Serial","data",139.520989,9.50000001e-06,0xF4,,,
"Async Serial","data",139.520999,9.50000001e-06,0x01,,,
"Async Serial","data",139.521009,9.50000001e-06,0x00,,,
"Async Serial","data",139.521019,9.50000001e-06,0x00,,,
"Async Serial","data",139.521029,9.49999999e-06,0x00,,,
"Async Serial","data",139.521039,9.50000001e-06,0x00,,,
"Async Serial","data",139.521049,9.49999999e-06,0x00,,,
"Async Serial","data",139.52106,9.50000001e-06,0x00,,,
"Async Serial","data",139.52107,9.49999999e-06,0x00,,,
"Async Serial","data",139.52108,9.50000001e-06,0x00,,,
"Async Serial","data",139.52109,9.50000001e-06,0x00,,,
"Async Serial","data",139.5211,9.50000001e-06,0x00,,,
"Async Serial","data",139.52111,9.50000001e-06,0x00,,,
"Async Serial","data",139.52112,9.49999996e-06,0x00,,,
"Async Serial","data",139.52113,9.50000001e-06,0x09,,,
"Async Serial","data",139.52114,9.49999999e-06,0x8C,,,
"Async Serial","data",139.52115,9.49999999e-06,0x00,,,
"Async Serial","data",139.521161,9.49999999e-06,0x00,,,
"Async Serial","data",139.521171,9.50000001e-06,0x01,,,
"Async Serial","data",139.521181,9.49999999e-06,0x00,,,
"Async Serial","data",139.521191,9.50000001e-06,0x00,,,
"Async Serial","data",139.521201,9.50000001e-06,0x01,,,
"Async Serial","data",139.521211,9.49999999e-06,0xCC,,,
"Async Serial","data",139.521221,9.50000001e-06,0xB3,,,
"Async Serial [1]","data",139.521301,9.49999999e-06,0xB1,,,
"Async Serial [1]","data",139.521311,9.50000001e-06,0x02,,,
"Async Serial [1]","data",139.521321,9.50000001e-06,0x40,,,
"Async Serial [1]","data",139.521332,9.50000001e-06,0x01,,,
"Async Serial [1]","data",139.521342,9.50000001e-06,0x89,,,
"Async Serial [1]","data",139.521352,9.50000001e-06,0x34,,,
"Async Serial [1]","data",139.521362,9.49999999e-06,0xB3,,,
"Async Serial","data",139.521412,9.49999999e-06,0xB2,,,
"Async Serial","data",139.521422,9.50000001e-06,0x00,,,
"Async Serial","data",139.521432,9.50000001e-06,0x00,,,
"Async Serial","data",139.521442,9.49999996e-06,0x00,,,
"Async Serial","data",139.521453,9.50000001e-06,0xB3,,,
"Async Serial [1]","data",139.521504,9.50000001e-06,0xB1,,,
"Async Serial [1]","data",139.521514,9.50000001e-06,0x02,,,
"Async Serial [1]","data",139.521524,9.50000001e-06,0x41,,,
"Async Serial [1]","data",139.521534,9.50000001e-06,0x01,,,
"Async Serial [1]","data",139.521544,9.49999999e-06,0x8C,,,
"Async Serial [1]","data",139.521554,9.50000001e-06,0x30,,,
"Async Serial [1]","data",139.521564,9.50000001e-06,0xB3,,,
"Async Serial","data",139.521613,9.49999999e-06,0xB2,,,
"Async Serial","data",139.521623,9.50000001e-06,0x00,,,
"Async Serial","data",139.521633,9.49999999e-06,0x00,,,
"Async Serial","data",139.521644,9.49999999e-06,0x00,,,
"Async Serial","data",139.521654,9.49999999e-06,0xB3,,,
"Async Serial [1]","data",139.521706,9.50000001e-06,0xB1,,,
"Async Serial [1]","data",139.521716,9.49999999e-06,0x02,,,
"Async Serial [1]","data",139.521726,9.50000001e-06,0x43,,,
"Async Serial [1]","data",139.521736,9.49999999e-06,0x03,,,
"Async Serial [1]","data",139.521746,9.50000001e-06,0x00,,,
"Async Serial [1]","data",139.521756,9.50000001e-06,0x01,,,
"Async Serial [1]","data",139.521766,9.50000001e-06,0x00,,,
"Async Serial [1]","data",139.521776,9.49999999e-06,0xB7,,,
"Async Serial [1]","data",139.521786,9.49999999e-06,0xB3,,,
"Async Serial","data",139.521838,9.50000001e-06,0xB2,,,
"Async Serial","data",139.521848,9.50000001e-06,0x00,,,
"Async Serial","data",139.521858,9.50000001e-06,0x00,,,
"Async Serial","data",139.521868,9.49999999e-06,0x00,,,
"Async Serial","data",139.521878,9.50000001e-06,0xB3,,,
"Async Serial [1]","data",139.52191,9.50000001e-06,0xB1,,,
"Async Serial [1]","data",139.52192,9.50000001e-06,0x02,,,
"Async Serial [1]","data",139.52193,9.49999996e-06,0x48,,,
"Async Serial [1]","data",139.52194,9.49999999e-06,0x18,,,
"Async Serial [1]","data",139.52195,9.50000001e-06,0x00,,,
"Async Serial [1]","data",139.52196,9.50000001e-06,0x00,,,
"Async Serial [1]","data",139.52197,9.50000001e-06,0x00,,,
"Async Serial [1]","data",139.52198,9.49999999e-06,0x00,,,
"Async Serial [1]","data",139.52199,9.49999999e-06,0xA7,,,
"Async Serial [1]","data",139.522,9.50000001e-06,0xDE,,,
"Async Serial [1]","data",139.52201,9.50000001e-06,0xFF,,,
"Async Serial [1]","data",139.52202,9.49999999e-06,0xFF,,,
"Async Serial [1]","data",139.52203,9.49999999e-06,0x20,,,
"Async Serial [1]","data",139.52204,9.49999999e-06,0x4E,,,
"Async Serial [1]","data",139.52205,9.50000001e-06,0x00,,,
"Async Serial [1]","data",139.52206,9.50000001e-06,0x00,,,
"Async Serial [1]","data",139.52207,9.50000001e-06,0x00,,,
"Async Serial [1]","data",139.52208,9.49999999e-06,0x5A,,,
"Async Serial [1]","data",139.52209,9.50000001e-06,0x62,,,
"Async Serial [1]","data",139.5221,9.49999999e-06,0x02,,,
"Async Serial [1]","data",139.52211,9.50000001e-06,0x78,,,
"Async Serial [1]","data",139.52212,9.50000001e-06,0x01,,,
"Async Serial [1]","data",139.52213,9.49999999e-06,0x00,,,
"Async Serial [1]","data",139.52214,9.49999999e-06,0x00,,,
"Async Serial [1]","data",139.52215,9.49999999e-06,0x57,,,
"Async Serial [1]","data",139.52216,9.50000001e-06,0x13,,,
"Async Serial [1]","data",139.52217,9.50000001e-06,0x7E,,,
"Async Serial [1]","data",139.52218,9.50000001e-06,0x03,,,
"Async Serial [1]","data",139.52219,9.49999999e-06,0x8B,,,
"Async Serial [1]","data",139.5222,9.49999999e-06,0xB3,,,
"Async Serial","data",139.522313,9.49999999e-06,0xB2,,,
"Async Serial","data",139.522323,9.49999999e-06,0x00,,,
"Async Serial","data",139.522334,9.50000001e-06,0x00,,,
"Async Serial","data",139.522344,9.49999996e-06,0x00,,,
"Async Serial","data",139.522354,9.50000001e-06,0xB3,,,
"Async Serial [1]","data",139.522417,9.50000001e-06,0xB1,,,
"Async Serial [1]","data",139.522427,9.50000001e-06,0x02,,,
"Async Serial [1]","data",139.522437,9.49999999e-06,0x40,,,
"Async Serial [1]","data",139.522447,9.49999999e-06,0x01,,,
"Async Serial [1]","data",139.522457,9.49999999e-06,0x09,,,
"Async Serial [1]","data",139.522467,9.49999999e-06,0xB4,,,
"Async Serial [1]","data",139.522477,9.50000001e-06,0xB3,,,
"Async Serial","data",139.52253,9.49999999e-06,0xB2,,,
"Async Serial","data",139.52254,9.50000001e-06,0x00,,,
"Async Serial","data",139.52255,9.49999999e-06,0x00,,,
"Async Serial","data",139.52256,9.50000001e-06,0x00,,,
"Async Serial","data",139.52257,9.50000001e-06,0xB3,,,
"Async Serial [1]","data",139.572588,9.50000001e-06,0xB1,,,
"Async Serial [1]","data",139.572598,9.49999999e-06,0x01,,,
"Async Serial [1]","data",139.572608,9.50000001e-06,0x02,,,
"Async Serial [1]","data",139.572618,9.49999999e-06,0x46,,,
"Async Serial [1]","data",139.572628,9.50000001e-06,0xB7,,,
"Async Serial [1]","data",139.572638,9.49999999e-06,0xB3,,,
"Async Serial","data",139.572879,9.50000001e-06,0xB2,,,
"Async Serial","data",139.572889,9.50000001e-06,0x00,,,
"Async Serial","data",139.572899,9.50000001e-06,0x46,,,
"Async Serial","data",139.572909,9.50000001e-06,0x09,,,
"Async Serial","data",139.572919,9.49999999e-06,0x00,,,
"Async Serial","data",139.572929,9.50000001e-06,0x28,,,
"Async Serial","data",139.57294,9.49999996e-06,0xEF,,,
"Async Serial","data",139.57295,9.50000001e-06,0x5B,,,
"Async Serial","data",139.57296,9.49999999e-06,0x00,,,
"Async Serial","data",139.57297,9.49999999e-06,0x03,,,
"Async Serial","data",139.57298,9.49999999e-06,0x00,,,
"Async Serial","data",139.57299,9.50000001e-06,0x00,,,
"Async Serial","data",139.573,9.49999999e-06,0x00,,,
"Async Serial","data",139.57301,9.50000001e-06,0x40,,,
"Async Serial","data",139.57302,9.50000001e-06,0x0D,,,
"Async Serial","data",139.57303,9.49999999e-06,0x03,,,
"Async Serial","data",139.573041,9.50000001e-06,0x00,,,
"Async Serial","data",139.573051,9.49999999e-06,0x0A,,,
"Async Serial","data",139.573061,9.50000001e-06,0x00,,,
"Async Serial","data",139.573071,9.49999999e-06,0x01,,,
"Async Serial","data",139.573081,9.50000001e-06,0x00,,,
"Async Serial","data",139.573091,9.50000001e-06,0x80,,,
"Async Serial","data",139.573101,9.50000001e-06,0x8D,,,
"Async Serial","data",139.573111,9.50000001e-06,0x5B,,,
"Async Serial","data",139.573121,9.49999999e-06,0x00,,,
"Async Serial","data",139.573132,9.50000001e-06,0x20,,,
"Async Serial","data",139.573142,9.49999999e-06,0xBF,,,
"Async Serial","data",139.573152,9.50000001e-06,0x02,,,
"Async Serial","data",139.573162,9.49999996e-06,0x00,,,
"Async Serial","data",139.573172,9.50000001e-06,0x00,,,
"Async Serial","data",139.573182,9.50000001e-06,0x12,,,
"Async Serial","data",139.573192,9.49999999e-06,0x7A,,,
"Async Serial","data",139.573202,9.50000001e-06,0x00,,,
"Async Serial","data",139.573212,9.49999999e-06,0x60,,,
"Async Serial","data",139.573223,9.49999999e-06,0xE3,,,
"Async Serial","data",139.573233,9.49999996e-06,0x16,,,
"Async Serial","data",139.573243,9.50000001e-06,0x00,,,
"Async Serial","data",139.573253,9.49999999e-06,0x30,,,
"Async Serial","data",139.573263,9.49999999e-06,0x11,,,
"Async Serial","data",139.573273,9.50000001e-06,0x00,,,
"Async Serial","data",139.573283,9.50000001e-06,0x00,,,
"Async Serial","data",139.573293,9.49999999e-06,0xD0,,,
"Async Serial","data",139.573303,9.49999999e-06,0xEE,,,
"Async Serial","data",139.573313,9.50000001e-06,0xFF,,,
"Async Serial","data",139.573324,9.50000001e-06,0xFF,,,
"Async Serial","data",139.573334,9.50000001e-06,0x20,,,
"Async Serial","data",139.573344,9.49999999e-06,0x03,,,
"Async Serial","data",139.573354,9.50000001e-06,0xD0,,,
"Async Serial","data",139.573364,9.50000001e-06,0x07,,,
"Async Serial","data",139.573374,9.50000001e-06,0x64,,,
"Async Serial","data",139.573384,9.49999996e-06,0x00,,,
"Async Serial","data",139.573394,9.49999999e-06,0xF4,,,
"Async Serial","data",139.573404,9.50000001e-06,0x01,,,
"Async Serial","data",139.573415,9.49999999e-06,0x00,,,
"Async Serial","data",139.573425,9.50000001e-06,0x00,,,
"Async Serial","data",139.573435,9.49999999e-06,0x00,,,
"Async Serial","data",139.573445,9.50000001e-06,0x00,,,
"Async Serial","data",139.573455,9.50000001e-06,0x00,,,
"Async Serial","data",139.573465,9.50000001e-06,0x00,,,
"Async Serial","data",139.573475,9.49999999e-06,0x00,,,
"Async Serial","data",139.573485,9.50000001e-06,0x00,,,
"Async Serial","data",139.573495,9.50000001e-06,0x00,,,
"Async Serial","data",139.573505,9.50000001e-06,0x00,,,
"Async Serial","data",139.573516,9.49999999e-06,0x00,,,
"Async Serial","data",139.573526,9.49999999e-06,0x00,,,
"Async Serial","data",139.573536,9.50000001e-06,0x09,,,
"Async Serial","data",139.573546,9.50000001e-06,0x8C,,,
"Async Serial","data",139.573556,9.50000001e-06,0x00,,,
"Async Serial","data",139.573566,9.49999999e-06,0x00,,,
"Async Serial","data",139.573576,9.50000001e-06,0x01,,,
"Async Serial","data",139.573586,9.50000001e-06,0x00,,,
"Async Serial","data",139.573596,9.50000001e-06,0x00,,,
"Async Serial","data",139.573607,9.49999996e-06,0x01,,,
"Async Serial","data",139.573617,9.49999999e-06,0xCC,,,
"Async Serial","data",139.573627,9.50000001e-06,0xB3,,,
"Async Serial [1]","data",139.573702,9.49999999e-06,0xB1,,,
"Async Serial [1]","data",139.573712,9.49999999e-06,0x02,,,
"Async Serial [1]","data",139.573722,9.49999999e-06,0x40,,,
"Async Serial [1]","data",139.573732,9.50000001e-06,0x01,,,
"Async Serial [1]","data",139.573742,9.50000001e-06,0x89,,,
"Async Serial [1]","data",139.573752,9.50000001e-06,0x34,,,
"Async Serial [1]","data",139.573762,9.50000001e-06,0xB3,,,
"Async Serial","data",139.573811,9.50000001e-06,0xB2,,,
"Async Serial","data",139.573821,9.49999999e-06,0x00,,,
"Async Serial","data",139.573831,9.50000001e-06,0x00,,,
"Async Serial","data",139.573841,9.49999999e-06,0x00,,,
"Async Serial","data",139.573851,9.49999999e-06,0xB3,,,
"Async Serial [1]","data",139.573904,9.49999999e-06,0xB1,,,
"Async Serial [1]","data",139.573914,9.49999999e-06,0x02,,,
"Async Serial [1]","data",139.573924,9.49999999e-06,0x41,,,
"Async Serial [1]","data",139.573934,9.50000001e-06,0x01,,,
"Async Serial [1]","data",139.573944,9.50000001e-06,0x8C,,,
"Async Serial [1]","data",139.573954,9.49999999e-06,0x30,,,
"Async Serial [1]","data",139.573964,9.49999999e-06,0xB3,,,
"Async Serial","data",139.574012,9.49999999e-06,0xB2,,,
"Async Serial","data",139.574022,9.50000001e-06,0x00,,,
"Async Serial","data",139.574032,9.49999999e-06,0x00,,,
"Async Serial","data",139.574042,9.50000001e-06,0x00,,,
"Async Serial","data",139.574052,9.49999999e-06,0xB3,,,
"Async Serial [1]","data",139.574106,9.50000001e-06,0xB1,,,
"Async Serial [1]","data",139.574116,9.49999999e-06,0x02,,,
"Async Serial [1]","data",139.574126,9.49999996e-06,0x43,,,
"Async Serial [1]","data",139.574136,9.50000001e-06,0x03,,,
"Async Serial [1]","data",139.574146,9.49999996e-06,0x00,,,
"Async Serial [1]","data",139.574156,9.49999999e-06,0x01,,,
"Async Serial [1]","data",139.574166,9.50000001e-06,0x00,,,
"Async Serial [1]","data",139.574176,9.50000001e-06,0xB7,,,
"Async Serial [1]","data",139.574186,9.50000001e-06,0xB3,,,
"Async Serial","data",139.574258,9.49999999e-06,0xB2,,,
"Async Serial","data",139.574268,9.49999999e-06,0x00,,,
"Async Serial","data",139.574278,9.49999999e-06,0x00,,,
"Async Serial","data",139.574288,9.50000001e-06,0x00,,,
"Async Serial","data",139.574299,9.49999996e-06,0xB3,,,
"Async Serial [1]","data",139.57441,9.50000001e-06,0xB1,,,
"Async Serial [1]","data",139.57442,9.50000001e-06,0x02,,,
"Async Serial [1]","data",139.57443,9.50000001e-06,0x48,,,
"Async Serial [1]","data",139.57444,9.49999999e-06,0x18,,,
"Async Serial [1]","data",139.57445,9.49999996e-06,0x00,,,
"Async Serial [1]","data",139.57446,9.50000001e-06,0x00,,,
"Async Serial [1]","data",139.57447,9.50000001e-06,0x00,,,
"Async Serial [1]","data",139.57448,9.50000001e-06,0x00,,,
"Async Serial [1]","data",139.57449,9.49999999e-06,0xFC,,,
"Async Serial [1]","data",139.5745,9.49999999e-06,0xE0,,,
"Async Serial [1]","data",139.57451,9.50000001e-06,0xFF,,,
"Async Serial [1]","data",139.57452,9.49999999e-06,0xFF,,,
"Async Serial [1]","data",139.57453,9.50000001e-06,0x20,,,
"Async Serial [1]","data",139.57454,9.50000001e-06,0x4E,,,
"Async Serial [1]","data",139.57455,9.50000001e-06,0x00,,,
"Async Serial [1]","data",139.57456,9.49999996e-06,0x00,,,
"Async Serial [1]","data",139.57457,9.49999999e-06,0x00,,,
"Async Serial [1]","data",139.57458,9.50000001e-06,0x5A,,,
"Async Serial [1]","data",139.57459,9.50000001e-06,0x62,,,
"Async Serial [1]","data",139.5746,9.50000001e-06,0x02,,,
"Async Serial [1]","data",139.57461,9.49999999e-06,0x78,,,
"Async Serial [1]","data",139.57462,9.50000001e-06,0x01,,,
"Async Serial [1]","data",139.57463,9.50000001e-06,0x00,,,
"Async Serial [1]","data",139.57464,9.50000001e-06,0x00,,,
"Async Serial [1]","data",139.57465,9.49999999e-06,0x57,,,
"Async Serial [1]","data",139.57466,9.49999999e-06,0x13,,,
"Async Serial [1]","data",139.57467,9.50000001e-06,0x7E,,,
"Async Serial [1]","data",139.57468,9.50000001e-06,0x03,,,
"Async Serial [1]","data",139.57469,9.50000001e-06,0x34,,,
"Async Serial [1]","data",139.5747,9.49999999e-06,0xB3,,,
"Async Serial","data",139.574809,9.50000001e-06,0xB2,,,
"Async Serial","data",139.574819,9.50000001e-06,0x00,,,
"Async Serial","data",139.574829,9.50000001e-06,0x00,,,
"Async Serial","data",139.574839,9.49999999e-06,0x00,,,
"Async Serial","data",139.574849,9.50000001e-06,0xB3,,,
"Async Serial [1]","data",139.574917,9.49999996e-06,0xB1,,,
"Async Serial [1]","data",139.574927,9.49999999e-06,0x02,,,
"Async Serial [1]","data",139.574937,9.50000001e-06,0x40,,,
"Async Serial [1]","data",139.574947,9.50000001e-06,0x01,,,
"Async Serial [1]","data",139.574957,9.50000001e-06,0x09,,,
"Async Serial [1]","data",139.574967,9.49999999e-06,0xB4,,,
"Async Serial [1]","data",139.574977,9.49999999e-06,0xB3,,,
"Async Serial","data",139.575025,9.50000001e-06,0xB2,,,
"Async Serial","data",139.575035,9.49999999e-06,0x00,,,
"Async Serial","data",139.575045,9.50000001e-06,0x00,,,
"Async Serial","data",139.575055,9.49999999e-06,0x00,,,
"Async Serial","data",139.575065,9.50000001e-06,0xB3,,,
"Async Serial [1]","data",139.625089,9.50000001e-06,0xB1,,,
"Async Serial [1]","data",139.625099,9.50000001e-06,0x01,,,
"Async Serial [1]","data",139.625109,9.50000001e-06,0x02,,,
"Async Serial [1]","data",139.625119,9.50000001e-06,0x46,,,
"Async Serial [1]","data",139.625129,9.49999999e-06,0xB7,,,
"Async Serial [1]","data",139.625139,9.50000001e-06,0xB3,,,
"Async Serial","data",139.625375,9.49999999e-06,0xB2,,,
"Async Serial","data",139.625385,9.50000001e-06,0x00,,,
"Async Serial","data",139.625395,9.50000001e-06,0x46,,,
"Async Serial","data",139.625405,9.50000001e-06,0x09,,,
"Async Serial","data",139.625415,9.49999999e-06,0x00,,,
"Async Serial","data",139.625425,9.50000001e-06,0x28,,,
"Async Serial","data",139.625435,9.50000001e-06,0xEF,,,
"Async Serial","data",139.625445,9.50000001e-06,0x5B,,,
"Async Serial","data",139.625456,9.49999999e-06,0x00,,,
"Async Serial","data",139.625466,9.49999999e-06,0x03,,,
"Async Serial","data",139.625476,9.50000001e-06,0x00,,,
"Async Serial","data",139.625486,9.50000001e-06,0x00,,,
"Async Serial","data",139.625496,9.50000001e-06,0x00,,,
"Async Serial","data",139.625506,9.49999999e-06,0x40,,,
"Async Serial","data",139.625516,9.49999999e-06,0x0D,,,
"Async Serial","data",139.625526,9.50000001e-06,0x03,,,
"Async Serial","data",139.625536,9.50000001e-06,0x00,,,
"Async Serial","data",139.625546,9.50000001e-06,0x0A,,,
"Async Serial","data",139.625557,9.49999999e-06,0x00,,,
"Async Serial","data",139.625567,9.50000001e-06,0x01,,,
"Async Serial","data",139.625577,9.49999999e-06,0x00,,,
"Async Serial","data",139.625587,9.49999999e-06,0x80,,,
"Async Serial","data",139.625597,9.49999999e-06,0x8D,,,
"Async Serial","data",139.625607,9.50000001e-06,0x5B,,,
"Async Serial","data",139.625617,9.49999999e-06,0x00,,,
"Async Serial","data",139.625627,9.50000001e-06,0x20,,,
"Async Serial","data",139.625637,9.50000001e-06,0xBF,,,
"Async Serial","data",139.625648,9.49999996e-06,0x02,,,
"Async Serial","data",139.625658,9.50000001e-06,0x00,,,
"Async Serial","data",139.625668,9.49999999e-06,0x00,,,
"Async Serial","data",139.625678,9.50000001e-06,0x12,,,
"Async Serial","data",139.625688,9.49999999e-06,0x7A,,,
"Async Serial","data",139.625698,9.50000001e-06,0x00,,,
"Async Serial","data",139.625708,9.50000001e-06,0x60,,,
"Async Serial","data",139.625718,9.50000001e-06,0xE3,,,
"Async Serial","data",139.625728,9.50000001e-06,0x16,,,
"Async Serial","data",139.625738,9.49999999e-06,0x00,,,
"Async Serial","data",139.625748,9.50000001e-06,0x30,,,
"Async Serial","data",139.625759,9.49999999e-06,0x11,,,
"Async Serial","data",139.625769,9.50000001e-06,0x00,,,
"Async Serial","data",139.625779,9.50000001e-06,0x00,,,
"Async Serial","data",139.625789,9.50000001e-06,0xD0,,,
"Async Serial","data",139.625799,9.50000001e-06,0xEE,,,
"Async Serial","data",139.625809,9.49999999e-06,0xFF,,,
"Async Serial","data",139.625819,9.50000001e-06,0xFF,,,
"Async Serial","data",139.625829,9.49999999e-06,0x20,,,
"Async Serial","data",139.625839,9.50000001e-06,0x03,,,
"Async Serial","data",139.62585,9.49999999e-06,0xD0,,,
"Async Serial","data",139.62586,9.50000001e-06,0x07,,,
"Async Serial","data",139.62587,9.50000001e-06,0x64,,,
"Async Serial","data",139.62588,9.50000001e-06,0x00,,,
"Async Serial","data",139.62589,9.50000001e-06,0xF4,,,
"Async Serial","data",139.6259,9.49999999e-06,0x01,,,
"Async Serial","data",139.62591,9.49999999e-06,0x00,,,
"Async Serial","data",139.62592,9.49999999e-06,0x00,,,
"Async Serial","data",139.62593,9.50000001e-06,0x00,,,
"Async Serial","data",139.625941,9.49999996e-06,0x00,,,
"Async Serial","data",139.625951,9.50000001e-06,0x00,,,
"Async Serial","data",139.625961,9.50000001e-06,0x00,,,
"Async Serial","data",139.625971,9.50000001e-06,0x00,,,
"Async Serial","data",139.625981,9.50000001e-06,0x00,,,
"Async Serial","data",139.625991,9.49999999e-06,0x00,,,
"Async Serial","data",139.626001,9.50000001e-06,0x00,,,
"Async Serial","data",139.626011,9.49999999e-06,0x00,,,
"Async Serial","data",139.626021,9.50000001e-06,0x00,,,
"Async Serial","data",139.626031,9.49999999e-06,0x09,,,
"Async Serial","data",139.626042,9.50000001e-06,0x8C,,,
"Async Serial","data",139.626052,9.50000001e-06,0x00,,,
"Async Serial","data",139.626062,9.50000001e-06,0x00,,,
"Async Serial","data",139.626072,9.50000001e-06,0x01,,,
"Async Serial","data",139.626082,9.49999999e-06,0x00,,,
"Async Serial","data",139.626092,9.50000001e-06,0x00,,,
"Async Serial","data",139.626102,9.49999999e-06,0x01,,,
"Async Serial","data",139.626112,9.50000001e-06,0xCC,,,
"Async Serial","data",139.626122,9.49999999e-06,0xB3,,,
"Async Serial [1]","data",139.626203,9.49999999e-06,0xB1,,,
"Async Serial [1]","data",139.626213,9.50000001e-06,0x02,,,
"Async Serial [1]","data",139.626223,9.50000001e-06,0x40,,,
"Async Serial [1]","data",139.626233,9.50000001e-06,0x01,,,
"Async Serial [1]","data",139.626243,9.49999996e-06,0x89,,,
"Async Serial [1]","data",139.626253,9.49999996e-06,0x34,,,
"Async Serial [1]","data",139.626263,9.50000001e-06,0xB3,,,
"Async Serial","data",139.626313,9.49999999e-06,0xB2,,,
"Async Serial","data",139.626323,9.50000001e-06,0x00,,,
"Async Serial","data",139.626334,9.49999999e-06,0x00,,,
"Async Serial","data",139.626344,9.49999999e-06,0x00,,,
"Async Serial","data",139.626354,9.50000001e-06,0xB3,,,
"Async Serial [1]","data",139.626405,9.50000001e-06,0xB1,,,
"Async Serial [1]","data",139.626415,9.49999999e-06,0x02,,,
"Async Serial [1]","data",139.626425,9.49999999e-06,0x41,,,
"Async Serial [1]","data",139.626435,9.50000001e-06,0x01,,,
"Async Serial [1]","data",139.626445,9.49999999e-06,0x8C,,,
"Async Serial [1]","data",139.626455,9.50000001e-06,0x30,,,
"Async Serial [1]","data",139.626465,9.49999999e-06,0xB3,,,
"Async Serial","data",139.626515,9.50000001e-06,0xB2,,,
"Async Serial","data",139.626526,9.49999999e-06,0x00,,,
"Async Serial","data",139.626536,9.50000001e-06,0x00,,,
"Async Serial","data",139.626546,9.49999999e-06,0x00,,,
"Async Serial","data",139.626556,9.50000001e-06,0xB3,,,
"Async Serial [1]","data",139.626607,9.49999999e-06,0xB1,,,
"Async Serial [1]","data",139.626617,9.49999999e-06,0x02,,,
"Async Serial [1]","data",139.626627,9.50000001e-06,0x43,,,
"Async Serial [1]","data",139.626637,9.50000001e-06,0x03,,,
"Async Serial [1]","data",139.626647,9.50000001e-06,0x00,,,
"Async Serial [1]","data",139.626657,9.49999999e-06,0x01,,,
"Async Serial [1]","data",139.626667,9.49999996e-06,0x00,,,
"Async Serial [1]","data",139.626677,9.50000001e-06,0xB7,,,
"Async Serial [1]","data",139.626687,9.50000001e-06,0xB3,,,
"Async Serial","data",139.62674,9.49999999e-06,0xB2,,,
"Async Serial","data",139.62675,9.50000001e-06,0x00,,,
"Async Serial","data",139.626765,9.49999999e-06,0x00,,,
"Async Serial","data",139.626775,9.50000001e-06,0x00,,,
"Async Serial","data",139.626785,9.49999999e-06,0xB3,,,
"Async Serial [1]","data",139.626811,9.49999999e-06,0xB1,,,
"Async Serial [1]","data",139.626821,9.49999999e-06,0x02,,,
"Async Serial [1]","data",139.626831,9.50000001e-06,0x48,,,
"Async Serial [1]","data",139.626841,9.50000001e-06,0x18,,,
"Async Serial [1]","data",139.626851,9.50000001e-06,0x00,,,
"Async Serial [1]","data",139.626861,9.49999999e-06,0x00,,,
"Async Serial [1]","data",139.626871,9.49999999e-06,0x00,,,
"Async Serial [1]","data",139.626881,9.49999999e-06,0x00,,,
"Async Serial [1]","data",139.626891,9.50000001e-06,0xAF,,,
"Async Serial [1]","data",139.626901,9.50000001e-06,0x3F,,,
"Async Serial [1]","data",139.626911,9.49999999e-06,0x00,,,
"Async Serial [1]","data",139.626921,9.49999999e-06,0x00,,,
"Async Serial [1]","data",139.626931,9.50000001e-06,0x20,,,
"Async Serial [1]","data",139.626941,9.50000001e-06,0x4E,,,
"Async Serial [1]","data",139.626951,9.50000001e-06,0x00,,,
"Async Serial [1]","data",139.626961,9.50000001e-06,0x00,,,
"Async Serial [1]","data",139.626971,9.49999999e-06,0x00,,,
"Async Serial [1]","data",139.626981,9.49999999e-06,0x5A,,,
"Async Serial [1]","data",139.626991,9.49999999e-06,0x62,,,
"Async Serial [1]","data",139.627001,9.50000001e-06,0x02,,,
"Async Serial [1]","data",139.627011,9.50000001e-06,0x78,,,
"Async Serial [1]","data",139.627021,9.49999999e-06,0x01,,,
"Async Serial [1]","data",139.627031,9.49999999e-06,0x00,,,
"Async Serial [1]","data",139.627041,9.50000001e-06,0x00,,,
"Async Serial [1]","data",139.627051,9.50000001e-06,0x57,,,
"Async Serial [1]","data",139.627061,9.50000001e-06,0x13,,,
"Async Serial [1]","data",139.627071,9.49999999e-06,0x7E,,,
"Async Serial [1]","data",139.627081,9.49999996e-06,0x03,,,
"Async Serial [1]","data",139.627091,9.50000001e-06,0x20,,,
"Async Serial [1]","data",139.627101,9.50000001e-06,0xB3,,,
"Async Serial","data",139.627213,9.50000001e-06,0xB2,,,
"Async Serial","data",139.627223,9.49999999e-06,0x00,,,
"Async Serial","data",139.627233,9.49999999e-06,0x00,,,
"Async Serial","data",139.627243,9.50000001e-06,0x00,,,
"Async Serial","data",139.627253,9.50000001e-06,0xB3,,,
"Async Serial [1]","data",139.627318,9.50000001e-06,0xB1,,,
"Async Serial [1]","data",139.627328,9.50000001e-06,0x02,,,
"Async Serial [1]","data",139.627338,9.49999999e-06,0x40,,,
"Async Serial [1]","data",139.627348,9.49999999e-06,0x01,,,
"Async Serial [1]","data",139.627358,9.50000001e-06,0x09,,,
"Async Serial [1]","data",139.627368,9.50000001e-06,0xB4,,,
"Async Serial [1]","data",139.627378,9.50000001e-06,0xB3,,,
"Async Serial","data",139.627429,9.50000001e-06,0xB2,,,
"Async Serial","data",139.627439,9.50000001e-06,0x00,,,
"Async Serial","data",139.627449,9.49999996e-06,0x00,,,
"Async Serial","data",139.627459,9.50000001e-06,0x00,,,
"Async Serial","data",139.627469,9.50000001e-06,0xB3,,,
"Async Serial [1]","data",139.677488,9.49999996e-06,0xB1,,,
"Async Serial [1]","data",139.677498,9.49999999e-06,0x01,,,
"Async Serial [1]","data",139.677508,9.50000001e-06,0x02,,,
"Async Serial [1]","data",139.677518,9.50000001e-06,0x46,,,
"Async Serial [1]","data",139.677528,9.49999999e-06,0xB7,,,
"Async Serial [1]","data",139.677538,9.50000001e-06,0xB3,,,
"Async Serial","data",139.677773,9.50000001e-06,0xB2,,,
"Async Serial","data",139.677784,9.50000001e-06,0x00,,,
"Async Serial","data",139.677794,9.50000001e-06,0x46,,,
"Async Serial","data",139.677804,9.49999999e-06,0x09,,,
"Async Serial","data",139.677814,9.49999999e-06,0x00,,,
"Async Serial","data",139.677824,9.50000001e-06,0x28,,,
"Async Serial","data",139.677834,9.49999999e-06,0xEF,,,
"Async Serial","data",139.677844,9.49999999e-06,0x5B,,,
"Async Serial","data",139.677854,9.49999999e-06,0x00,,,
"Async Serial","data",139.677864,9.49999999e-06,0x03,,,
"Async Serial","data",139.677875,9.50000001e-06,0x00,,,
"Async Serial","data",139.677885,9.50000001e-06,0x00,,,
"Async Serial","data",139.677895,9.49999999e-06,0x00,,,
"Async Serial","data",139.677905,9.50000001e-06,0x40,,,
"Async Serial","data",139.677915,9.50000001e-06,0x0D,,,
"Async Serial","data",139.677925,9.50000001e-06,0x03,,,
"Async Serial","data",139.677935,9.49999999e-06,0x00,,,
"Async Serial","data",139.677945,9.49999999e-06,0x0A,,,
"Async Serial","data",139.677955,9.50000001e-06,0x00,,,
"Async Serial","data",139.677965,9.49999999e-06,0x01,,,
"Async Serial","data",139.677976,9.50000001e-06,0x00,,,
"Async Serial","data",139.677986,9.49999999e-06,0x80,,,
"Async Serial","data",139.677996,9.49999999e-06,0x8D,,,
"Async Serial","data",139.678006,9.50000001e-06,0x5B,,,
"Async Serial","data",139.678016,9.50000001e-06,0x00,,,
"Async Serial","data",139.678026,9.50000001e-06,0x20,,,
"Async Serial","data",139.678036,9.49999999e-06,0xBF,,,
"Async Serial","data",139.678046,9.50000001e-06,0x02,,,
"Async Serial","data",139.678056,9.49999999e-06,0x00,,,
"Async Serial","data",139.678066,9.50000001e-06,0x00,,,
"Async Serial","data",139.678077,9.49999999e-06,0x12,,,
"Async Serial","data",139.678087,9.49999999e-06,0x7A,,,
"Async Serial","data",139.678097,9.50000001e-06,0x00,,,
"Async Serial","data",139.678107,9.50000001e-06,0x60,,,
"Async Serial","data",139.678117,9.50000001e-06,0xE3,,,
"Async Serial","data",139.678127,9.49999996e-06,0x16,,,
"Async Serial","data",139.678137,9.50000001e-06,0x00,,,
"Async Serial","data",139.678147,9.49999999e-06,0x30,,,
"Async Serial","data",139.678157,9.49999999e-06,0x11,,,
"Async Serial","data",139.678167,9.50000001e-06,0x00,,,
"Async Serial","data",139.678178,9.49999999e-06,0x00,,,
"Async Serial","data",139.678188,9.49999999e-06,0xD0,,,
"Async Serial","data",139.678198,9.49999999e-06,0xEE,,,
"Async Serial","data",139.678208,9.50000001e-06,0xFF,,,
"Async Serial","data",139.678218,9.49999999e-06,0xFF,,,
"Async Serial","data",139.678228,9.49999999e-06,0x20,,,
"Async Serial","data",139.678238,9.49999999e-06,0x03,,,
"Async Serial","data",139.678248,9.50000001e-06,0xD0,,,
"Async Serial","data",139.678258,9.49999999e-06,0x07,,,
"Async Serial","data",139.678269,9.50000001e-06,0x64,,,
"Async Serial","data",139.678279,9.50000001e-06,0x00,,,
"Async Serial","data",139.678289,9.49999999e-06,0xF4,,,
"Async Serial","data",139.678299,9.50000001e-06,0x01,,,
"Async Serial","data",139.678309,9.50000001e-06,0x00,,,
"Async Serial","data",139.678319,9.50000001e-06,0x00,,,
"Async Serial","data",139.678329,9.49999999e-06,0x00,,,
"Async Serial","data",139.678339,9.50000001e-06,0x00,,,
"Async Serial","data",139.678349,9.50000001e-06,0x00,,,
"Async Serial","data",139.678359,9.50000001e-06,0x00,,,
"Async Serial","data",139.67837,9.50000001e-06,0x00,,,
"Async Serial","data",139.67838,9.49999999e-06,0x00,,,
"Async Serial","data",139.67839,9.50000001e-06,0x00,,,
"Async Serial","data",139.6784,9.50000001e-06,0x00,,,
"Async Serial","data",139.67841,9.50000001e-06,0x00,,,
"Async Serial","data",139.67842,9.49999999e-06,0x00,,,
"Async Serial","data",139.67843,9.49999999e-06,0x09,,,
"Async Serial","data",139.67844,9.50000001e-06,0x8C,,,
"Async Serial","data",139.67845,9.49999999e-06,0x00,,,
"Async Serial","data",139.67846,9.50000001e-06,0x00,,,
"Async Serial","data",139.678471,9.49999999e-06,0x01,,,
"Async Serial","data",139.678481,9.49999999e-06,0x00,,,
"Async Serial","data",139.678491,9.50000001e-06,0x00,,,
"Async Serial","data",139.678501,9.50000001e-06,0x01,,,
"Async Serial","data",139.678511,9.50000001e-06,0xCC,,,
"Async Serial","data",139.678521,9.49999996e-06,0xB3,,,
"Async Serial [1]","data",139.678603,9.50000001e-06,0xB1,,,
"Async Serial [1]","data",139.678613,9.49999999e-06,0x02,,,
"Async Serial [1]","data",139.678623,9.49999999e-06,0x40,,,
"Async Serial [1]","data",139.678633,9.50000001e-06,0x01,,,
"Async Serial [1]","data",139.678643,9.50000001e-06,0x89,,,
"Async Serial [1]","data",139.678653,9.50000001e-06,0x34,,,
"Async Serial [1]","data",139.678663,9.49999999e-06,0xB3,,,
"Async Serial","data",139.678712,9.49999999e-06,0xB2,,,
"Async Serial","data",139.678722,9.50000001e-06,0x00,,,
"Async Serial","data",139.678732,9.50000001e-06,0x00,,,
"Async Serial","data",139.678742,9.50000001e-06,0x00,,,
"Async Serial","data",139.678752,9.50000001e-06,0xB3,,,
"Async Serial [1]","data",139.678805,9.50000001e-06,0xB1,,,
"Async Serial [1]","data",139.678815,9.50000001e-06,0x02,,,
"Async Serial [1]","data",139.678825,9.50000001e-06,0x41,,,
"Async Serial [1]","data",139.678835,9.49999999e-06,0x01,,,
"Async Serial [1]","data",139.678845,9.49999999e-06,0x8C,,,
"Async Serial [1]","data",139.678855,9.50000001e-06,0x30,,,
"Async Serial [1]","data",139.678865,9.50000001e-06,0xB3,,,
"Async Serial","data",139.678913,9.49999999e-06,0xB2,,,
"Async Serial","data",139.678923,9.49999999e-06,0x00,,,
"Async Serial","data",139.678933,9.49999999e-06,0x00,,,
"Async Serial","data",139.678943,9.50000001e-06,0x00,,,
"Async Serial","data",139.678953,9.50000001e-06,0xB3,,,
"Async Serial [1]","data",139.679008,9.49999999e-06,0xB1,,,
"Async Serial [1]","data",139.679017,9.50000001e-06,0x02,,,
"Async Serial [1]","data",139.679027,9.49999999e-06,0x43,,,
"Async Serial [1]","data",139.679037,9.49999999e-06,0x03,,,
"Async Serial [1]","data",139.679047,9.50000001e-06,0x00,,,
"Async Serial [1]","data",139.679057,9.50000001e-06,0x01,,,
"Async Serial [1]","data",139.679068,9.50000001e-06,0x00,,,
"Async Serial [1]","data",139.679078,9.49999999e-06,0xB7,,,
"Async Serial [1]","data",139.679087,9.50000001e-06,0xB3,,,
"Async Serial","data",139.679145,9.49999999e-06,0xB2,,,
"Async Serial","data",139.679155,9.50000001e-06,0x00,,,
"Async Serial","data",139.679166,9.49999999e-06,0x00,,,
"Async Serial","data",139.679176,9.50000001e-06,0x00,,,
"Async Serial","data",139.679186,9.50000001e-06,0xB3,,,
"Async Serial [1]","data",139.679211,9.49999996e-06,0xB1,,,
"Async Serial [1]","data",139.679221,9.49999996e-06,0x02,,,
"Async Serial [1]","data",139.67923,9.50000001e-06,0x48,,,
"Async Serial [1]","data",139.67924,9.50000001e-06,0x18,,,
"Async Serial [1]","data",139.67925,9.50000001e-06,0x00,,,
"Async Serial [1]","data",139.67926,9.49999999e-06,0x00,,,
"Async Serial [1]","data",139.679271,9.49999999e-06,0x00,,,
"Async Serial [1]","data",139.679281,9.50000001e-06,0x00,,,
"Async Serial [1]","data",139.679291,9.50000001e-06,0x67,,,
"Async Serial [1]","data",139.679301,9.49999999e-06,0xCE,,,
"Async Serial [1]","data",139.679311,9.49999996e-06,0xFF,,,
"Async Serial [1]","data",139.67932,9.49999999e-06,0xFF,,,
"Async Serial [1]","data",139.67933,9.50000001e-06,0x20,,,
"Async Serial [1]","data",139.67934,9.50000001e-06,0x4E,,,
"Async Serial [1]","data",139.679351,9.50000001e-06,0x00,,,
"Async Serial [1]","data",139.679361,9.50000001e-06,0x00,,,
"Async Serial [1]","data",139.679371,9.50000001e-06,0x00,,,
"Async Serial [1]","data",139.679381,9.49999999e-06,0x5A,,,
"Async Serial [1]","data",139.679391,9.50000001e-06,0x62,,,
"Async Serial [1]","data",139.679401,9.50000001e-06,0x02,,,
"Async Serial [1]","data",139.679411,9.49999999e-06,0x78,,,
"Async Serial [1]","data",139.679421,9.49999999e-06,0x01,,,
"Async Serial [1]","data",139.679431,9.49999999e-06,0x00,,,
"Async Serial [1]","data",139.679441,9.50000001e-06,0x00,,,
"Async Serial [1]","data",139.679451,9.50000001e-06,0x57,,,
"Async Serial [1]","data",139.679461,9.50000001e-06,0x13,,,
"Async Serial [1]","data",139.679471,9.49999999e-06,0x7E,,,
"Async Serial [1]","data",139.679481,9.49999999e-06,0x03,,,
"Async Serial [1]","data",139.679491,9.50000001e-06,0xDB,,,
"Async Serial [1]","data",139.679501,9.49999999e-06,0xB3,,,
"Async Serial","data",139.679611,9.50000001e-06,0xB2,,,
"Async Serial","data",139.679621,9.49999999e-06,0x00,,,
"Async Serial","data",139.679631,9.49999999e-06,0x00,,,
"Async Serial","data",139.679641,9.50000001e-06,0x00,,,
"Async Serial","data",139.679652,9.50000001e-06,0xB3,,,
"Async Serial [1]","data",139.679719,9.50000001e-06,0xB1,,,
"Async Serial [1]","data",139.679729,9.50000001e-06,0x02,,,
"Async Serial [1]","data",139.679739,9.50000001e-06,0x40,,,
"Async Serial [1]","data",139.679749,9.49999999e-06,0x01,,,
"Async Serial [1]","data",139.679759,9.49999999e-06,0x09,,,
"Async Serial [1]","data",139.679769,9.50000001e-06,0xB4,,,
"Async Serial [1]","data",139.679779,9.49999999e-06,0xB3,,,
"Async Serial","data",139.679827,9.49999999e-06,0xB2,,,
"Async Serial","data",139.679837,9.50000001e-06,0x00,,,
"Async Serial","data",139.679847,9.50000001e-06,0x00,,,
"Async Serial","data",139.679858,9.50000001e-06,0x00,,,
"Async Serial","data",139.679868,9.49999999e-06,0xB3,,,
"Async Serial [1]","data",139.729889,9.50000001e-06,0xB1,,,
"Async Serial [1]","data",139.729899,9.49999999e-06,0x01,,,
"Async Serial [1]","data",139.729909,9.50000001e-06,0x02,,,
"Async Serial [1]","data",139.729919,9.49999999e-06,0x46,,,
"Async Serial [1]","data",139.729929,9.49999999e-06,0xB7,,,
"Async Serial [1]","data",139.729939,9.49999999e-06,0xB3,,,
"Async Serial","data",139.730181,9.50000001e-06,0xB2,,,
"Async Serial","data",139.730192,9.50000001e-06,0x00,,,
"Async Serial","data",139.730202,9.50000001e-06,0x46,,,
"Async Serial","data",139.730212,9.49999999e-06,0x09,,,
"Async Serial","data",139.730222,9.50000001e-06,0x00,,,
"Async Serial","data",139.730232,9.49999999e-06,0x28,,,
"Async Serial","data",139.730242,9.50000001e-06,0xEF,,,
"Async Serial","data",139.730252,9.49999999e-06,0x5B,,,
"Async Serial","data",139.730262,9.49999999e-06,0x00,,,
"Async Serial","data",139.730272,9.50000001e-06,0x03,,,
"Async Serial","data",139.730283,9.50000001e-06,0x00,,,
"Async Serial","data",139.730293,9.50000001e-06,0x00,,,
"Async Serial","data",139.730303,9.49999999e-06,0x00,,,
"Async Serial","data",139.730313,9.49999999e-06,0x40,,,
"Async Serial","data",139.730323,9.50000001e-06,0x0D,,,
"Async Serial","data",139.730333,9.50000001e-06,0x03,,,
"Async Serial","data",139.730343,9.49999996e-06,0x00,,,
"Async Serial","data",139.730353,9.49999999e-06,0x0A,,,
"Async Serial","data",139.730363,9.50000001e-06,0x00,,,
"Async Serial","data",139.730374,9.49999999e-06,0x01,,,
"Async Serial","data",139.730384,9.50000001e-06,0x00,,,
"Async Serial","data",139.730394,9.49999999e-06,0x80,,,
"Async Serial","data",139.730404,9.50000001e-06,0x8D,,,
"Async Serial","data",139.730414,9.49999999e-06,0x5B,,,
"Async Serial","data",139.730424,9.50000001e-06,0x00,,,
"Async Serial","data",139.730434,9.50000001e-06,0x20,,,
"Async Serial","data",139.730444,9.49999996e-06,0xBF,,,
"Async Serial","data",139.730454,9.50000001e-06,0x02,,,
"Async Serial","data",139.730464,9.49999999e-06,0x00,,,
"Async Serial","data",139.730475,9.49999999e-06,0x00,,,
"Async Serial","data",139.730485,9.49999999e-06,0x12,,,
"Async Serial","data",139.730495,9.50000001e-06,0x7A,,,
"Async Serial","data",139.730505,9.50000001e-06,0x00,,,
"Async Serial","data",139.730515,9.50000001e-06,0x60,,,
"Async Serial","data",139.730525,9.50000001e-06,0xE3,,,
"Async Serial","data",139.730535,9.49999999e-06,0x16,,,
"Async Serial","data",139.730545,9.49999999e-06,0x00,,,
"Async Serial","data",139.730555,9.49999999e-06,0x30,,,
"Async Serial","data",139.730565,9.50000001e-06,0x11,,,
"Async Serial","data",139.730575,9.50000001e-06,0x00,,,
"Async Serial","data",139.730586,9.50000001e-06,0x00,,,
"Async Serial","data",139.730596,9.50000001e-06,0xD0,,,
"Async Serial","data",139.730606,9.49999999e-06,0xEE,,,
"Async Serial","data",139.730616,9.50000001e-06,0xFF,,,
"Async Serial","data",139.730626,9.49999999e-06,0xFF,,,
"Async Serial","data",139.730636,9.50000001e-06,0x20,,,
"Async Serial","data",139.730646,9.49999999e-06,0x03,,,
"Async Serial","data",139.730656,9.50000001e-06,0xD0,,,
"Async Serial","data",139.730666,9.50000001e-06,0x07,,,
"Async Serial","data",139.730677,9.50000001e-06,0x64,,,
"Async Serial","data",139.730687,9.50000001e-06,0x00,,,
"Async Serial","data",139.730697,9.49999999e-06,0xF4,,,
"Async Serial","data",139.730707,9.49999999e-06,0x01,,,
"Async Serial","data",139.730717,9.50000001e-06,0x00,,,
"Async Serial","data",139.730727,9.50000001e-06,0x00,,,
"Async Serial","data",139.730737,9.49999996e-06,0x00,,,
"Async Serial","data",139.730747,9.49999999e-06,0x00,,,
"Async Serial","data",139.730757,9.50000001e-06,0x00,,,
"Async Serial","data",139.730768,9.49999999e-06,0x00,,,
"Async Serial","data",139.730778,9.50000001e-06,0x00,,,
"Async Serial","data",139.730788,9.49999999e-06,0x00,,,
"Async Serial","data",139.730798,9.50000001e-06,0x00,,,
"Async Serial","data",139.730808,9.49999999e-06,0x00,,,
"Async Serial","data",139.730818,9.50000001e-06,0x00,,,
"Async Serial","data",139.730828,9.49999999e-06,0x00,,,
"Async Serial","data",139.730838,9.49999996e-06,0x09,,,
"Async Serial","data",139.730848,9.50000001e-06,0x8C,,,
"Async Serial","data",139.730858,9.50000001e-06,0x00,,,
"Async Serial","data",139.730869,9.49999999e-06,0x00,,,
"Async Serial","data",139.730879,9.49999999e-06,0x01,,,
"Async Serial","data",139.730889,9.50000001e-06,0x00,,,
"Async Serial","data",139.730899,9.50000001e-06,0x00,,,
"Async Serial","data",139.730909,9.50000001e-06,0x01,,,
"Async Serial","data",139.730919,9.49999999e-06,0xCC,,,
"Async Serial","data",139.730929,9.49999999e-06,0xB3,,,
"Async Serial [1]","data",139.731003,9.50000001e-06,0xB1,,,
"Async Serial [1]","data",139.731013,9.49999996e-06,0x02,,,
"Async Serial [1]","data",139.731023,9.49999999e-06,0x40,,,
"Async Serial [1]","data",139.731033,9.50000001e-06,0x01,,,
"Async Serial [1]","data",139.731043,9.50000001e-06,0x89,,,
"Async Serial [1]","data",139.731053,9.50000001e-06,0x34,,,
"Async Serial [1]","data",139.731063,9.49999999e-06,0xB3,,,
"Async Serial","data",139.731112,9.50000001e-06,0xB2,,,
"Async Serial","data",139.731122,9.49999996e-06,0x00,,,
"Async Serial","data",139.731132,9.49999999e-06,0x00,,,
"Async Serial","data",139.731142,9.50000001e-06,0x00,,,
"Async Serial","data",139.731152,9.50000001e-06,0xB3,,,
"Async Serial [1]","data",139.731206,9.49999999e-06,0xB1,,,
"Async Serial [1]","data",139.731216,9.49999999e-06,0x02,,,
"Async Serial [1]","data",139.731226,9.49999999e-06,0x41,,,
"Async Serial [1]","data",139.731236,9.50000001e-06,0x01,,,
"Async Serial [1]","data",139.731246,9.50000001e-06,0x8C,,,
"Async Serial [1]","data",139.731256,9.49999999e-06,0x30,,,
"Async Serial [1]","data",139.731266,9.50000001e-06,0xB3,,,
"Async Serial","data",139.731313,9.49999999e-06,0xB2,,,
"Async Serial","data",139.731323,9.49999999e-06,0x00,,,
"Async Serial","data",139.731333,9.50000001e-06,0x00,,,
"Async Serial","data",139.731343,9.50000001e-06,0x00,,,
"Async Serial","data",139.731353,9.50000001e-06,0xB3,,,
"Async Serial [1]","data",139.731408,9.50000001e-06,0xB1,,,
"Async Serial [1]","data",139.731418,9.50000001e-06,0x02,,,
"Async Serial [1]","data",139.731428,9.50000001e-06,0x43,,,
"Async Serial [1]","data",139.731438,9.49999999e-06,0x03,,,
"Async Serial [1]","data",139.731448,9.49999999e-06,0x00,,,
"Async Serial [1]","data",139.731458,9.50000001e-06,0x01,,,
"Async Serial [1]","data",139.731468,9.50000001e-06,0x00,,,
"Async Serial [1]","data",139.731478,9.50000001e-06,0xB7,,,
"Async Serial [1]","data",139.731488,9.49999999e-06,0xB3,,,
"Async Serial","data",139.731545,9.49999999e-06,0xB2,,,
"Async Serial","data",139.731556,9.49999999e-06,0x00,,,
"Async Serial","data",139.731566,9.50000001e-06,0x00,,,
"Async Serial","data",139.731576,9.50000001e-06,0x00,,,
"Async Serial","data",139.731586,9.50000001e-06,0xB3,,,
"Async Serial [1]","data",139.731611,9.50000001e-06,0xB1,,,
"Async Serial [1]","data",139.731621,9.50000001e-06,0x02,,,
"Async Serial [1]","data",139.731631,9.49999999e-06,0x48,,,
"Async Serial [1]","data",139.731641,9.49999996e-06,0x18,,,
"Async Serial [1]","data",139.731651,9.49999999e-06,0x00,,,
"Async Serial [1]","data",139.731661,9.50000001e-06,0x00,,,
"Async Serial [1]","data",139.731671,9.50000001e-06,0x00,,,
"Async Serial [1]","data",139.731681,9.49999999e-06,0x00,,,
"Async Serial [1]","data",139.731691,9.49999999e-06,0x26,,,
"Async Serial [1]","data",139.731701,9.50000001e-06,0x06,,,
"Async Serial [1]","data",139.731711,9.50000001e-06,0x00,,,
"Async Serial [1]","data",139.731721,9.50000001e-06,0x00,,,
"Async Serial [1]","data",139.731731,9.49999996e-06,0x20,,,
"Async Serial [1]","data",139.731741,9.49999999e-06,0x4E,,,
"Async Serial [1]","data",139.731751,9.50000001e-06,0x00,,,
"Async Serial [1]","data",139.731761,9.49999999e-06,0x00,,,
"Async Serial [1]","data",139.731771,9.50000001e-06,0x00,,,
"Async Serial [1]","data",139.731781,9.50000001e-06,0x5A,,,
"Async Serial [1]","data",139.731791,9.49999999e-06,0x62,,,
"Async Serial [1]","data",139.731801,9.49999999e-06,0x02,,,
"Async Serial [1]","data",139.731811,9.50000001e-06,0x78,,,
"Async Serial [1]","data",139.731821,9.50000001e-06,0x01,,,
"Async Serial [1]","data",139.731831,9.50000001e-06,0x00,,,
"Async Serial [1]","data",139.731841,9.49999999e-06,0x00,,,
"Async Serial [1]","data",139.731851,9.49999996e-06,0x57,,,
"Async Serial [1]","data",139.731861,9.50000001e-06,0x13,,,
"Async Serial [1]","data",139.731871,9.50000001e-06,0x7E,,,
"Async Serial [1]","data",139.731881,9.50000001e-06,0x03,,,
"Async Serial [1]","data",139.731891,9.49999999e-06,0xE2,,,
"Async Serial [1]","data",139.731901,9.49999999e-06,0xB3,,,
"Async Serial","data",139.732012,9.49999999e-06,0xB2,,,
"Async Serial","data",139.732022,9.49999999e-06,0x00,,,
"Async Serial","data",139.732032,9.50000001e-06,0x00,,,
"Async Serial","data",139.732043,9.49999999e-06,0x00,,,
"Async Serial","data",139.732053,9.50000001e-06,0xB3,,,
"Async Serial [1]","data",139.732118,9.50000001e-06,0xB1,,,
"Async Serial [1]","data",139.732128,9.50000001e-06,0x02,,,
"Async Serial [1]","data",139.732138,9.49999999e-06,0x40,,,
"Async Serial [1]","data",139.732148,9.50000001e-06,0x01,,,
"Async Serial [1]","data",139.732158,9.49999999e-06,0x09,,,
"Async Serial [1]","data",139.732168,9.50000001e-06,0xB4,,,
"Async Serial [1]","data",139.732178,9.50000001e-06,0xB3,,,
"Async Serial","data",139.732228,9.50000001e-06,0xB2,,,
"Async Serial","data",139.732238,9.50000001e-06,0x00,,,
"Async Serial","data",139.732249,9.49999999e-06,0x00,,,
"Async Serial","data",139.732259,9.50000001e-06,0x00,,,
"Async Serial","data",139.732269,9.50000001e-06,0xB3,,,
"Async Serial [1]","data",139.782289,9.50000001e-06,0xB1,,,
"Async Serial [1]","data",139.782299,9.50000001e-06,0x01,,,
"Async Serial [1]","data",139.782309,9.49999999e-06,0x02,,,
"Async Serial [1]","data",139.782319,9.49999999e-06,0x46,,,
"Async Serial [1]","data",139.78233,9.50000001e-06,0xB7,,,
"Async Serial [1]","data",139.78234,9.50000001e-06,0xB3,,,
"Async Serial","data",139.782588,9.49999996e-06,0xB2,,,
"Async Serial","data",139.782598,9.50000001e-06,0x00,,,
"Async Serial","data",139.782608,9.50000001e-06,0x46,,,
"Async Serial","data",139.782618,9.49999999e-06,0x09,,,
"Async Serial","data",139.782629,9.50000001e-06,0x00,,,
"Async Serial","data",139.782639,9.49999999e-06,0x28,,,
"Async Serial","data",139.782649,9.50000001e-06,0xEF,,,
"Async Serial","data",139.782659,9.49999996e-06,0x5B,,,
"Async Serial","data",139.782669,9.50000001e-06,0x00,,,
"Async Serial","data",139.782679,9.50000001e-06,0x03,,,
"Async Serial","data",139.782689,9.49999999e-06,0x00,,,
"Async Serial","data",139.782699,9.50000001e-06,0x00,,,
"Async Serial","data",139.782709,9.49999999e-06,0x00,,,
"Async Serial","data",139.78272,9.49999999e-06,0x40,,,
"Async Serial","data",139.78273,9.50000001e-06,0x0D,,,
"Async Serial","data",139.78274,9.50000001e-06,0x03,,,
"Async Serial","data",139.78275,9.49999999e-06,0x00,,,
"Async Serial","data",139.78276,9.49999996e-06,0x0A,,,
"Async Serial","data",139.78277,9.50000001e-06,0x00,,,
"Async Serial","data",139.78278,9.50000001e-06,0x01,,,
"Async Serial","data",139.78279,9.49999999e-06,0x00,,,
"Async Serial","data",139.7828,9.49999999e-06,0x80,,,
"Async Serial","data",139.78281,9.50000001e-06,0x8D,,,
"Async Serial","data",139.782821,9.49999999e-06,0x5B,,,
"Async Serial","data",139.782831,9.50000001e-06,0x00,,,
"Async Serial","data",139.782841,9.50000001e-06,0x20,,,
"Async Serial","data",139.782851,9.49999999e-06,0xBF,,,
"Async Serial","data",139.782861,9.50000001e-06,0x02,,,
"Async Serial","data",139.782871,9.49999999e-06,0x00,,,
"Async Serial","data",139.782881,9.50000001e-06,0x00,,,
"Async Serial","data",139.782891,9.49999999e-06,0x12,,,
"Async Serial","data",139.782901,9.50000001e-06,0x7A,,,
"Async Serial","data",139.782911,9.50000001e-06,0x00,,,
"Async Serial","data",139.782922,9.50000001e-06,0x60,,,
"Async Serial","data",139.782932,9.50000001e-06,0xE3,,,
"Async Serial","data",139.782942,9.49999999e-06,0x16,,,
"Async Serial","data",139.782952,9.50000001e-06,0x00,,,
"Async Serial","data",139.782962,9.49999999e-06,0x30,,,
"Async Serial","data",139.782972,9.50000001e-06,0x11,,,
"Async Serial","data",139.782982,9.50000001e-06,0x00,,,
"Async Serial","data",139.782992,9.50000001e-06,0x00,,,
"Async Serial","data",139.783002,9.50000001e-06,0xD0,,,
"Async Serial","data",139.783012,9.49999999e-06,0xEE,,,
"Async Serial","data",139.783023,9.50000001e-06,0xFF,,,
"Async Serial","data",139.783033,9.49999999e-06,0xFF,,,
"Async Serial","data",139.783043,9.50000001e-06,0x20,,,
"Async Serial","data",139.783053,9.49999996e-06,0x03,,,
"Async Serial","data",139.783063,9.50000001e-06,0xD0,,,
"Async Serial","data",139.783073,9.50000001e-06,0x07,,,
"Async Serial","data",139.783083,9.49999999e-06,0x64,,,
"Async Serial","data",139.783093,9.50000001e-06,0x00,,,
"Async Serial","data",139.783103,9.49999999e-06,0xF4,,,
"Async Serial","data",139.783114,9.49999999e-06,0x01,,,
"Async Serial","data",139.783124,9.49999999e-06,0x00,,,
"Async Serial","data",139.783134,9.50000001e-06,0x00,,,
"Async Serial","data",139.783144,9.49999999e-06,0x00,,,
"Async Serial","data",139.783154,9.50000001e-06,0x00,,,
"Async Serial","data",139.783164,9.50000001e-06,0x00,,,
"Async Serial","data",139.783174,9.50000001e-06,0x00,,,
"Async Serial","data",139.783184,9.50000001e-06,0x00,,,
"Async Serial","data",139.783194,9.49999999e-06,0x00,,,
"Async Serial","data",139.783204,9.50000001e-06,0x00,,,
"Async Serial","data",139.783215,9.49999999e-06,0x00,,,
"Async Serial","data",139.783225,9.50000001e-06,0x00,,,
"Async Serial","data",139.783235,9.49999999e-06,0x00,,,
"Async Serial","data",139.783245,9.50000001e-06,0x09,,,
"Async Serial","data",139.783255,9.50000001e-06,0x8C,,,
"Async Serial","data",139.783265,9.50000001e-06,0x00,,,
"Async Serial","data",139.783275,9.49999999e-06,0x00,,,
"Async Serial","data",139.783285,9.49999999e-06,0x01,,,
"Async Serial","data",139.783295,9.50000001e-06,0x00,,,
"Async Serial","data",139.783306,9.49999996e-06,0x00,,,
"Async Serial","data",139.783316,9.50000001e-06,0x01,,,
"Async Serial","data",139.783326,9.49999999e-06,0xCC,,,
"Async Serial","data",139.783336,9.49999999e-06,0xB3,,,
"Async Serial [1]","data",139.783404,9.50000001e-06,0xB1,,,
"Async Serial [1]","data",139.783414,9.49999999e-06,0x02,,,
"Async Serial [1]","data",139.783424,9.50000001e-06,0x40,,,
"Async Serial [1]","data",139.783434,9.49999999e-06,0x01,,,
"Async Serial [1]","data",139.783444,9.49999996e-06,0x89,,,
"Async Serial [1]","data",139.783454,9.49999999e-06,0x34,,,
"Async Serial [1]","data",139.783464,9.50000001e-06,0xB3,,,
"Async Serial","data",139.783512,9.49999999e-06,0xB2,,,
"Async Serial","data",139.783522,9.49999999e-06,0x00,,,
"Async Serial","data",139.783532,9.50000001e-06,0x00,,,
"Async Serial","data",139.783542,9.50000001e-06,0x00,,,
"Async Serial","data",139.783552,9.50000001e-06,0xB3,,,
"Async Serial [1]","data",139.783606,9.49999999e-06,0xB1,,,
"Async Serial [1]","data",139.783616,9.49999999e-06,0x02,,,
"Async Serial [1]","data",139.783626,9.50000001e-06,0x41,,,
"Async Serial [1]","data",139.783636,9.50000001e-06,0x01,,,
"Async Serial [1]","data",139.783646,9.49999999e-06,0x8C,,,
"Async Serial [1]","data",139.783656,9.49999999e-06,0x30,,,
"Async Serial [1]","data",139.783666,9.49999999e-06,0xB3,,,
"Async Serial","data",139.783714,9.49999999e-06,0xB2,,,
"Async Serial","data",139.783724,9.49999999e-06,0x00,,,
"Async Serial","data",139.783734,9.50000001e-06,0x00,,,
"Async Serial","data",139.783744,9.50000001e-06,0x00,,,
"Async Serial","data",139.783754,9.50000001e-06,0xB3,,,
"Async Serial [1]","data",139.783809,9.49999999e-06,0xB1,,,
"Async Serial [1]","data",139.783819,9.49999999e-06,0x02,,,
"Async Serial [1]","data",139.783829,9.50000001e-06,0x43,,,
"Async Serial [1]","data",139.783839,9.50000001e-06,0x03,,,
"Async Serial [1]","data",139.783849,9.50000001e-06,0x00,,,
"Async Serial [1]","data",139.783859,9.49999999e-06,0x01,,,
"Async Serial [1]","data",139.783869,9.49999996e-06,0x00,,,
"Async Serial [1]","data",139.783879,9.49999999e-06,0xB7,,,
"Async Serial [1]","data",139.783889,9.50000001e-06,0xB3,,,
"Async Serial","data",139.783946,9.50000001e-06,0xB2,,,
"Async Serial","data",139.783956,9.49999996e-06,0x00,,,
"Async Serial","data",139.783966,9.50000001e-06,0x00,,,
"Async Serial","data",139.783976,9.49999999e-06,0x00,,,
"Async Serial","data",139.783986,9.49999999e-06,0xB3,,,
"Async Serial [1]","data",139.784012,9.49999999e-06,0xB1,,,
"Async Serial [1]","data",139.784022,9.50000001e-06,0x02,,,
"Async Serial [1]","data",139.784032,9.50000001e-06,0x48,,,
"Async Serial [1]","data",139.784042,9.50000001e-06,0x18,,,
"Async Serial [1]","data",139.784052,9.49999999e-06,0x00,,,
"Async Serial [1]","data",139.784062,9.50000001e-06,0x00,,,
"Async Serial [1]","data",139.784072,9.50000001e-06,0x00,,,
"Async Serial [1]","data",139.784082,9.49999999e-06,0x00,,,
"Async Serial [1]","data",139.784092,9.49999999e-06,0x7A,,,
"Async Serial [1]","data",139.784102,9.49999999e-06,0x12,,,
"Async Serial [1]","data",139.784112,9.50000001e-06,0x00,,,
"Async Serial [1]","data",139.784122,9.50000001e-06,0x00,,,
"Async Serial [1]","data",139.784132,9.50000001e-06,0x20,,,
"Async Serial [1]","data",139.784142,9.49999999e-06,0x4E,,,
"Async Serial [1]","data",139.784152,9.49999999e-06,0x00,,,
"Async Serial [1]","data",139.784162,9.50000001e-06,0x00,,,
"Async Serial [1]","data",139.784172,9.49999999e-06,0x00,,,
"Async Serial [1]","data",139.784182,9.50000001e-06,0x5A,,,
"Async Serial [1]","data",139.784192,9.49999999e-06,0x62,,,
"Async Serial [1]","data",139.784202,9.50000001e-06,0x02,,,
"Async Serial [1]","data",139.784212,9.49999999e-06,0x78,,,
"Async Serial [1]","data",139.784222,9.49999999e-06,0x01,,,
"Async Serial [1]","data",139.784232,9.50000001e-06,0x00,,,
"Async Serial [1]","data",139.784242,9.50000001e-06,0x00,,,
"Async Serial [1]","data",139.784252,9.50000001e-06,0x57,,,
"Async Serial [1]","data",139.784262,9.49999999e-06,0x13,,,
"Async Serial [1]","data",139.784272,9.50000001e-06,0x7E,,,
"Async Serial [1]","data",139.784282,9.49999999e-06,0x03,,,
"Async Serial [1]","data",139.784292,9.50000001e-06,0x82,,,
"Async Serial [1]","data",139.784302,9.49999999e-06,0xB3,,,
"Async Serial","data",139.784428,9.49999999e-06,0xB2,,,
"Async Serial","data",139.784438,9.49999999e-06,0x00,,,
"Async Serial","data",139.784448,9.50000001e-06,0x00,,,
"Async Serial","data",139.784458,9.50000001e-06,0x00,,,
"Async Serial","data",139.784468,9.50000001e-06,0xB3,,,
"Async Serial [1]","data",139.784519,9.49999999e-06,0xB1,,,
"Async Serial [1]","data",139.784529,9.49999999e-06,0x02,,,
"Async Serial [1]","data",139.784539,9.50000001e-06,0x40,,,
"Async Serial [1]","data",139.784549,9.49999999e-06,0x01,,,
"Async Serial [1]","data",139.784559,9.50000001e-06,0x09,,,
"Async Serial [1]","data",139.784569,9.49999999e-06,0xB4,,,
"Async Serial [1]","data",139.784579,9.49999999e-06,0xB3,,,
"Async Serial","data",139.784629,9.49999996e-06,0xB2,,,
"Async Serial","data",139.784639,9.50000001e-06,0x00,,,
"Async Serial","data",139.784649,9.50000001e-06,0x00,,,
"Async Serial","data",139.784659,9.49999999e-06,0x00,,,
"Async Serial","data",139.784669,9.50000001e-06,0xB3,,,
"I2C","start",139.807175,6.25000102e-08,,,,
"I2C","address",139.807177,2.325e-05,,true,0x25,false
"I2C","stop",139.807208,6.24999811e-08,,,,
"I2C","start",139.807213,6.25000393e-08,,,,
"I2C","address",139.807215,2.325e-05,,true,0x25,false
"I2C","data",139.807244,2.31875e-05,0x00,true,,
"I2C","start",139.807273,6.24999811e-08,,,,
"I2C","address",139.807275,2.325e-05,,true,0x25,true
"I2C","data",139.807309,2.3125e-05,0xA5,true,,
"I2C","data",139.807333,2.325e-05,0x03,false,,
"I2C","stop",139.80736,6.25000102e-08,,,,
"I2C","start",139.807366,6.25000393e-08,,,,
"I2C","address",139.807368,2.325e-05,,true,0x25,false
"I2C","data",139.807397,2.3125e-05,0x40,true,,
"I2C","start",139.807426,6.24999811e-08,,,,
"I2C","address",139.807428,2.325e-05,,true,0x25,true
"I2C","data",139.807462,2.325e-05,0x09,false,,
"I2C","stop",139.807488,6.24999811e-08,,,,
"I2C","start",139.807493,6.25000102e-08,,,,
"I2C","address",139.807496,2.325e-05,,true,0x25,false
"I2C","data",139.807524,2.325e-05,0x00,true,,
"I2C","start",139.807553,6.24999811e-08,,,,
"I2C","address",139.807556,2.325e-05,,true,0x25,true
"I2C","data",139.807589,2.31875e-05,0xA5,true,,
"I2C","data",139.807614,2.325e-05,0x03,true,,
"I2C","data",139.807639,2.325e-05,0x09,true,,
"I2C","data",139.807663,2.325e-05,0x00,true,,
"I2C","data",139.807688,2.325e-05,0x28,true,,
"I2C","data",139.807713,2.325e-05,0xEF,true,,
"I2C","data",139.807738,2.325e-05,0x5B,true,,
"I2C","data",139.807762,2.325e-05,0x00,true,,
"I2C","data",139.807787,2.325e-05,0x03,true,,
"I2C","data",139.807812,2.325e-05,0x00,true,,
"I2C","data",139.807837,2.325e-05,0x00,true,,
"I2C","data",139.807861,2.325e-05,0x00,true,,
"I2C","data",139.807886,2.325e-05,0x40,true,,
"I2C","data",139.807911,2.325e-05,0x0D,true,,
"I2C","data",139.807936,2.325e-05,0x03,true,,
"I2C","data",139.80796,2.31875e-05,0x00,true,,
"I2C","data",139.807985,2.325e-05,0x0A,true,,
"I2C","data",139.80801,2.325e-05,0x00,true,,
"I2C","data",139.808035,2.325e-05,0x01,true,,
"I2C","data",139.808059,2.325e-05,0x00,true,,
"I2C","data",139.808084,2.325e-05,0x80,true,,
"I2C","data",139.808109,2.325e-05,0x8D,true,,
"I2C","data",139.808133,2.325e-05,0x5B,true,,
"I2C","data",139.808158,2.325e-05,0x00,true,,
"I2C","data",139.808183,2.325e-05,0x20,true,,
"I2C","data",139.808208,2.325e-05,0xBF,true,,
"I2C","data",139.808232,2.31875e-05,0x02,true,,
"I2C","data",139.808257,2.325e-05,0x00,true,,
"I2C","data",139.808282,2.325e-05,0x00,true,,
"I2C","data",139.808307,2.325e-05,0x12,true,,
"I2C","data",139.808331,2.325e-05,0x7A,true,,
"I2C","data",139.808356,2.325e-05,0x00,true,,
"I2C","data",139.808381,2.325e-05,0x60,true,,
"I2C","data",139.808405,2.325e-05,0xE3,true,,
"I2C","data",139.80843,2.325e-05,0x16,true,,
"I2C","data",139.808455,2.325e-05,0x00,true,,
"I2C","data",139.80848,2.325e-05,0x30,true,,
"I2C","data",139.808504,2.325e-05,0x11,true,,
"I2C","data",139.808529,2.325e-05,0x00,true,,
"I2C","data",139.808554,2.325e-05,0x00,true,,
"I2C","data",139.808579,2.325e-05,0xD0,true,,
"I2C","data",139.808603,2.325e-05,0xEE,true,,
"I2C","data",139.808628,2.325e-05,0xFF,true,,
"I2C","data",139.808653,2.325e-05,0xFF,true,,
"I2C","data",139.808678,2.325e-05,0x20,true,,
"I2C","data",139.808702,2.325e-05,0x03,true,,
"I2C","data",139.808727,2.325e-05,0xD0,true,,
"I2C","data",139.808752,2.325e-05,0x07,true,,
"I2C","data",139.808777,2.325e-05,0x64,true,,
"I2C","data",139.808801,2.31875e-05,0x00,true,,
"I2C","data",139.808826,2.325e-05,0xF4,true,,
"I2C","data",139.808851,2.325e-05,0x01,true,,
"I2C","data",139.808875,2.325e-05,0x00,true,,
"I2C","data",139.8089,2.325e-05,0x00,true,,
"I2C","data",139.808925,2.325e-05,0x00,true,,
"I2C","data",139.80895,2.325e-05,0x00,true,,
"I2C","data",139.808974,2.325e-05,0x00,true,,
"I2C","data",139.808999,2.325e-05,0x00,true,,
"I2C","data",139.809024,2.325e-05,0x00,true,,
"I2C","data",139.809049,2.325e-05,0x00,true,,
"I2C","data",139.809073,2.325e-05,0x00,true,,
"I2C","data",139.809098,2.325e-05,0x00,true,,
"I2C","data",139.809123,2.325e-05,0x00,true,,
"I2C","data",139.809148,2.325e-05,0x00,true,,
"I2C","data",139.809172,2.325e-05,0x09,true,,
"I2C","data",139.809197,2.325e-05,0x8C,true,,
"I2C","data",139.809222,2.325e-05,0x00,true,,
"I2C","data",139.809247,2.325e-05,0x00,true,,
"I2C","data",139.809271,2.325e-05,0x01,true,,
"I2C","data",139.809296,2.325e-05,0x00,true,,
"I2C","data",139.809321,2.325e-05,0x00,true,,
"I2C","data",139.809345,2.325e-05,0x01,true,,
"I2C","data",139.80937,2.325e-05,0x00,true,,
"I2C","data",139.809395,2.33125e-05,0x00,true,,
"I2C","data",139.80942,2.325e-05,0x00,true,,
"I2C","data",139.809444,2.325e-05,0x00,true,,
"I2C","data",139.809469,2.325e-05,0x7A,true,,
"I2C","data",139.809494,2.325e-05,0x12,true,,
"I2C","data",139.809519,2.325e-05,0x00,true,,
"I2C","data",139.809543,2.325e-05,0x00,true,,
"I2C","data",139.809568,2.325e-05,0x20,true,,
"I2C","data",139.809593,2.325e-05,0x4E,true,,
"I2C","data",139.809618,2.325e-05,0x00,true,,
"I2C","data",139.809642,2.325e-05,0x00,true,,
"I2C","data",139.809667,2.325e-05,0x00,true,,
"I2C","data",139.809692,2.325e-05,0x5A,true,,
"I2C","data",139.809717,2.325e-05,0x62,true,,
"I2C","data",139.809741,2.325e-05,0x02,true,,
"I2C","data",139.809766,2.325e-05,0x78,true,,
"I2C","data",139.809791,2.325e-05,0x01,true,,
"I2C","data",139.809815,2.325e-05,0x00,true,,
"I2C","data",139.80984,2.325e-05,0x00,true,,
"I2C","data",139.809865,2.325e-05,0x57,true,,
"I2C","data",139.80989,2.325e-05,0x13,true,,
"I2C","data",139.809914,2.33125e-05,0x7E,true,,
"I2C","data",139.809939,2.325e-05,0x03,false,,
"I2C","stop",139.809965,6.25000102e-08,,,,
"I2C","start",139.80997,6.25000102e-08,,,,
"I2C","address",139.809973,2.325e-05,,true,0x25,false
"I2C","data",139.810002,2.325e-05,0x40,true,,
"I2C","start",139.81003,6.25000102e-08,,,,
"I2C","address",139.810033,2.325e-05,,true,0x25,true
"I2C","data",139.810066,2.31875e-05,0x09,false,,
"I2C","stop",139.810092,6.24999811e-08,,,,
"Async Serial [1]","data",139.83469,9.50000001e-06,0xB1,,,
"Async Serial [1]","data",139.8347,9.49999999e-06,0x01,,,
"Async Serial [1]","data",139.83471,9.50000001e-06,0x02,,,
"Async Serial [1]","data",139.83472,9.50000001e-06,0x46,,,
"Async Serial [1]","data",139.83473,9.49999999e-06,0xB7,,,
"Async Serial [1]","data",139.83474,9.50000001e-06,0xB3,,,
"Async Serial","data",139.834997,9.50000001e-06,0xB2,,,
"Async Serial","data",139.835007,9.50000001e-06,0x00,,,
"Async Serial","data",139.835017,9.50000001e-06,0x46,,,
"Async Serial","data",139.835027,9.49999999e-06,0x09,,,
"Async Serial","data",139.835037,9.50000001e-06,0x00,,,
"Async Serial","data",139.835048,9.49999999e-06,0x28,,,
"Async Serial","data",139.835058,9.50000001e-06,0xEF,,,
"Async Serial","data",139.835068,9.49999999e-06,0x5B,,,
"Async Serial","data",139.835078,9.50000001e-06,0x00,,,
"Async Serial","data",139.835088,9.50000001e-06,0x03,,,
"Async Serial","data",139.835098,9.50000001e-06,0x00,,,
"Async Serial","data",139.835108,9.50000001e-06,0x00,,,
"Async Serial","data",139.835118,9.49999999e-06,0x00,,,
"Async Serial","data",139.835128,9.49999999e-06,0x40,,,
"Async Serial","data",139.835138,9.49999999e-06,0x0D,,,
"Async Serial","data",139.835149,9.50000001e-06,0x03,,,
"Async Serial","data",139.835159,9.49999996e-06,0x00,,,
"Async Serial","data",139.835169,9.50000001e-06,0x0A,,,
"Async Serial","data",139.835179,9.50000001e-06,0x00,,,
"Async Serial","data",139.835189,9.49999999e-06,0x01,,,
"Async Serial","data",139.835199,9.49999999e-06,0x00,,,
"Async Serial","data",139.835209,9.49999999e-06,0x80,,,
"Async Serial","data",139.835219,9.50000001e-06,0x8D,,,
"Async Serial","data",139.835229,9.50000001e-06,0x5B,,,
"Async Serial","data",139.83524,9.50000001e-06,0x00,,,
"Async Serial","data",139.83525,9.49999999e-06,0x20,,,
"Async Serial","data",139.83526,9.50000001e-06,0xBF,,,
"Async Serial","data",139.83527,9.50000001e-06,0x02,,,
"Async Serial","data",139.83528,9.50000001e-06,0x00,,,
"Async Serial","data",139.83529,9.49999999e-06,0x00,,,
"Async Serial","data",139.8353,9.49999999e-06,0x12,,,
"Async Serial","data",139.83531,9.50000001e-06,0x7A,,,
"Async Serial","data",139.83532,9.50000001e-06,0x00,,,
"Async Serial","data",139.83533,9.50000001e-06,0x60,,,
"Async Serial","data",139.835341,9.49999999e-06,0xE3,,,
"Async Serial","data",139.835351,9.49999999e-06,0x16,,,
"Async Serial","data",139.835361,9.50000001e-06,0x00,,,
"Async Serial","data",139.835371,9.50000001e-06,0x30,,,
"Async Serial","data",139.835381,9.49999996e-06,0x11,,,
"Async Serial","data",139.835391,9.50000001e-06,0x00,,,
"Async Serial","data",139.835401,9.50000001e-06,0x00,,,
"Async Serial","data",139.835411,9.49999999e-06,0xD0,,,
"Async Serial","data",139.835421,9.49999999e-06,0xEE,,,
"Async Serial","data",139.835431,9.49999999e-06,0xFF,,,
"Async Serial","data",139.835442,9.50000001e-06,0xFF,,,
"Async Serial","data",139.835452,9.50000001e-06,0x20,,,
"Async Serial","data",139.835462,9.50000001e-06,0x03,,,
"Async Serial","data",139.835472,9.49999999e-06,0xD0,,,
"Async Serial","data",139.835482,9.50000001e-06,0x07,,,
"Async Serial","data",139.835492,9.50000001e-06,0x64,,,
"Async Serial","data",139.835502,9.50000001e-06,0x00,,,
"Async Serial","data",139.835512,9.49999999e-06,0xF4,,,
"Async Serial","data",139.835522,9.49999999e-06,0x01,,,
"Async Serial","data",139.835533,9.50000001e-06,0x00,,,
"Async Serial","data",139.835543,9.50000001e-06,0x00,,,
"Async Serial","data",139.835553,9.50000001e-06,0x00,,,
"Async Serial","data",139.835563,9.49999999e-06,0x00,,,
"Async Serial","data",139.835573,9.49999999e-06,0x00,,,
"Async Serial","data",139.835583,9.50000001e-06,0x00,,,
"Async Serial","data",139.835593,9.50000001e-06,0x00,,,
"Async Serial","data",139.835603,9.49999996e-06,0x00,,,
"Async Serial","data",139.835613,9.49999999e-06,0x00,,,
"Async Serial","data",139.835623,9.50000001e-06,0x00,,,
"Async Serial","data",139.835634,9.49999999e-06,0x00,,,
"Async Serial","data",139.835644,9.49999999e-06,0x00,,,
"Async Serial","data",139.835654,9.49999999e-06,0x09,,,
"Async Serial","data",139.835664,9.50000001e-06,0x8C,,,
"Async Serial","data",139.835674,9.49999999e-06,0x00,,,
"Async Serial","data",139.835684,9.50000001e-06,0x00,,,
"Async Serial","data",139.835694,9.49999999e-06,0x01,,,
"Async Serial","data",139.835704,9.49999996e-06,0x00,,,
"Async Serial","data",139.835714,9.50000001e-06,0x00,,,
"Async Serial","data",139.835725,9.50000001e-06,0x01,,,
"Async Serial","data",139.835735,9.50000001e-06,0xCC,,,
"Async Serial","data",139.835745,9.49999999e-06,0xB3,,,
"Async Serial [1]","data",139.835804,9.50000001e-06,0xB1,,,
"Async Serial [1]","data",139.835814,9.50000001e-06,0x02,,,
"Async Serial [1]","data",139.835824,9.50000001e-06,0x40,,,
"Async Serial [1]","data",139.835834,9.50000001e-06,0x01,,,
"Async Serial [1]","data",139.835844,9.50000001e-06,0x89,,,
"Async Serial [1]","data",139.835854,9.49999999e-06,0x34,,,
"Async Serial [1]","data",139.835864,9.50000001e-06,0xB3,,,
"Async Serial","data",139.835914,9.50000001e-06,0xB2,,,
"Async Serial","data",139.835924,9.50000001e-06,0x00,,,
"Async Serial","data",139.835934,9.50000001e-06,0x00,,,
"Async Serial","data",139.835944,9.49999999e-06,0x00,,,
"Async Serial","data",139.835954,9.49999999e-06,0xB3,,,
"Async Serial [1]","data",139.836006,9.50000001e-06,0xB1,,,
"Async Serial [1]","data",139.836016,9.50000001e-06,0x02,,,
"Async Serial [1]","data",139.836026,9.49999999e-06,0x41,,,
"Async Serial [1]","data",139.836036,9.50000001e-06,0x01,,,
"Async Serial [1]","data",139.836046,9.50000001e-06,0x8C,,,
"Async Serial [1]","data",139.836056,9.50000001e-06,0x30,,,
"Async Serial [1]","data",139.836066,9.49999999e-06,0xB3,,,
"Async Serial","data",139.836115,9.49999999e-06,0xB2,,,
"Async Serial","data",139.836125,9.50000001e-06,0x00,,,
"Async Serial","data",139.836135,9.49999996e-06,0x00,,,
"Async Serial","data",139.836145,9.50000001e-06,0x00,,,
"Async Serial","data",139.836155,9.50000001e-06,0xB3,,,
"Async Serial [1]","data",139.836208,9.50000001e-06,0xB1,,,
"Async Serial [1]","data",139.836218,9.49999999e-06,0x02,,,
"Async Serial [1]","data",139.836228,9.50000001e-06,0x43,,,
"Async Serial [1]","data",139.836238,9.50000001e-06,0x03,,,
"Async Serial [1]","data",139.836248,9.50000001e-06,0x00,,,
"Async Serial [1]","data",139.836258,9.49999999e-06,0x01,,,
"Async Serial [1]","data",139.836268,9.49999999e-06,0x00,,,
"Async Serial [1]","data",139.836278,9.50000001e-06,0xB7,,,
"Async Serial [1]","data",139.836288,9.50000001e-06,0xB3,,,
"Async Serial","data",139.836347,9.50000001e-06,0xB2,,,
"Async Serial","data",139.836357,9.50000001e-06,0x00,,,
"Async Serial","data",139.836367,9.49999999e-06,0x00,,,
"Async Serial","data",139.836377,9.50000001e-06,0x00,,,
"Async Serial","data",139.836387,9.50000001e-06,0xB3,,,
"Async Serial [1]","data",139.836412,9.49999999e-06,0xB1,,,
"Async Serial [1]","data",139.836422,9.49999996e-06,0x02,,,
"Async Serial [1]","data",139.836432,9.50000001e-06,0x48,,,
"Async Serial [1]","data",139.836442,9.50000001e-06,0x18,,,
"Async Serial [1]","data",139.836452,9.50000001e-06,0x00,,,
"Async Serial [1]","data",139.836462,9.49999999e-06,0x00,,,
"Async Serial [1]","data",139.836472,9.49999999e-06,0x00,,,
"Async Serial [1]","data",139.836482,9.50000001e-06,0x00,,,
"Async Serial [1]","data",139.836492,9.50000001e-06,0xA9,,,
"Async Serial [1]","data",139.836502,9.50000001e-06,0x33,,,
"Async Serial [1]","data",139.836512,9.49999996e-06,0x00,,,
"Async Serial [1]","data",139.836522,9.49999999e-06,0x00,,,
"Async Serial [1]","data",139.836532,9.50000001e-06,0x20,,,
"Async Serial [1]","data",139.836542,9.50000001e-06,0x4E,,,
"Async Serial [1]","data",139.836552,9.50000001e-06,0x00,,,
"Async Serial [1]","data",139.836562,9.49999999e-06,0x00,,,
"Async Serial [1]","data",139.836572,9.50000001e-06,0x00,,,
"Async Serial [1]","data",139.836582,9.50000001e-06,0x5A,,,
"Async Serial [1]","data",139.836592,9.50000001e-06,0x62,,,
"Async Serial [1]","data",139.836602,9.50000001e-06,0x02,,,
"Async Serial [1]","data",139.836612,9.50000001e-06,0x79,,,
"Async Serial [1]","data",139.836622,9.49999996e-06,0x01,,,
"Async Serial [1]","data",139.836632,9.49999999e-06,0x00,,,
"Async Serial [1]","data",139.836642,9.50000001e-06,0x00,,,
"Async Serial [1]","data",139.836652,9.50000001e-06,0x57,,,
"Async Serial [1]","data",139.836662,9.50000001e-06,0x13,,,
"Async Serial [1]","data",139.836672,9.49999999e-06,0x7E,,,
"Async Serial [1]","data",139.836682,9.49999999e-06,0x03,,,
"Async Serial [1]","data",139.836692,9.50000001e-06,0x31,,,
"Async Serial [1]","data",139.836702,9.50000001e-06,0xB3,,,
"Async Serial","data",139.836815,9.50000001e-06,0xB2,,,
"Async Serial","data",139.836825,9.50000001e-06,0x00,,,
"Async Serial","data",139.836835,9.50000001e-06,0x00,,,
"Async Serial","data",139.836845,9.49999999e-06,0x00,,,
"Async Serial","data",139.836855,9.50000001e-06,0xB3,,,
"Async Serial [1]","data",139.836919,9.49999999e-06,0xB1,,,
"Async Serial [1]","data",139.836929,9.49999999e-06,0x02,,,
"Async Serial [1]","data",139.836939,9.50000001e-06,0x40,,,
"Async Serial [1]","data",139.836949,9.49999999e-06,0x01,,,
"Async Serial [1]","data",139.836959,9.49999999e-06,0x09,,,
"Async Serial [1]","data",139.836969,9.49999999e-06,0xB4,,,
"Async Serial [1]","data",139.83698,9.49999999e-06,0xB3,,,
"Async Serial","data",139.83703,9.49999999e-06,0xB2,,,
"Async Serial","data",139.83704,9.50000001e-06,0x00,,,
"Async Serial","data",139.83705,9.49999996e-06,0x00,,,
"Async Serial","data",139.83706,9.50000001e-06,0x00,,,
"Async Serial","data",139.83707,9.49999999e-06,0xB3,,,
"Async Serial [1]","data",139.887091,9.50000001e-06,0xB1,,,
"Async Serial [1]","data",139.887101,9.50000001e-06,0x01,,,
"Async Serial [1]","data",139.887111,9.50000001e-06,0x02,,,
"Async Serial [1]","data",139.887121,9.50000001e-06,0x46,,,
"Async Serial [1]","data",139.887131,9.49999999e-06,0xB7,,,
"Async Serial [1]","data",139.887141,9.49999999e-06,0xB3,,,
"Async Serial","data",139.887377,9.50000001e-06,0xB2,,,
"Async Serial","data",139.887387,9.49999999e-06,0x00,,,
"Async Serial","data",139.887397,9.50000001e-06,0x46,,,
"Async Serial","data",139.887407,9.49999999e-06,0x09,,,
"Async Serial","data",139.887417,9.49999996e-06,0x00,,,
"Async Serial","data",139.887428,9.50000001e-06,0x28,,,
"Async Serial","data",139.887438,9.50000001e-06,0xEF,,,
"Async Serial","data",139.887448,9.49999999e-06,0x5B,,,
"Async Serial","data",139.887458,9.49999999e-06,0x00,,,
"Async Serial","data",139.887468,9.50000001e-06,0x03,,,
"Async Serial","data",139.887478,9.50000001e-06,0x00,,,
"Async Serial","data",139.887488,9.50000001e-06,0x00,,,
"Async Serial","data",139.887498,9.49999999e-06,0x00,,,
"Async Serial","data",139.887508,9.49999999e-06,0x40,,,
"Async Serial","data",139.887518,9.50000001e-06,0x0D,,,
"Async Serial","data",139.887529,9.50000001e-06,0x03,,,
"Async Serial","data",139.887539,9.50000001e-06,0x00,,,
"Async Serial","data",139.887549,9.49999999e-06,0x0A,,,
"Async Serial","data",139.887559,9.50000001e-06,0x00,,,
"Async Serial","data",139.887569,9.50000001e-06,0x01,,,
"Async Serial","data",139.887579,9.50000001e-06,0x00,,,
"Async Serial","data",139.887589,9.49999999e-06,0x80,,,
"Async Serial","data",139.887599,9.49999999e-06,0x8D,,,
"Async Serial","data",139.887609,9.49999999e-06,0x5B,,,
"Async Serial","data",139.887619,9.50000001e-06,0x00,,,
"Async Serial","data",139.88763,9.50000001e-06,0x20,,,
"Async Serial","data",139.88764,9.49999996e-06,0xBF,,,
"Async Serial","data",139.88765,9.50000001e-06,0x02,,,
"Async Serial","data",139.88766,9.50000001e-06,0x00,,,
"Async Serial","data",139.88767,9.49999999e-06,0x00,,,
"Async Serial","data",139.88768,9.49999999e-06,0x12,,,
"Async Serial","data",139.88769,9.49999999e-06,0x7A,,,
"Async Serial","data",139.8877,9.50000001e-06,0x00,,,
"Async Serial","data",139.88771,9.49999996e-06,0x60,,,
"Async Serial","data",139.887721,9.50000001e-06,0xE3,,,
"Async Serial","data",139.887731,9.49999999e-06,0x16,,,
"Async Serial","data",139.887741,9.49999999e-06,0x00,,,
"Async Serial","data",139.887751,9.50000001e-06,0x30,,,
"Async Serial","data",139.887761,9.50000001e-06,0x11,,,
"Async Serial","data",139.887771,9.50000001e-06,0x00,,,
"Async Serial","data",139.887781,9.49999999e-06,0x00,,,
"Async Serial","data",139.887791,9.50000001e-06,0xD0,,,
"Async Serial","data",139.887801,9.49999999e-06,0xEE,,,
"Async Serial","data",139.887811,9.50000001e-06,0xFF,,,
"Async Serial","data",139.887822,9.50000001e-06,0xFF,,,
"Async Serial","data",139.887832,9.50000001e-06,0x20,,,
"Async Serial","data",139.887842,9.49999999e-06,0x03,,,
"Async Serial","data",139.887852,9.49999999e-06,0xD0,,,
"Async Serial","data",139.887862,9.50000001e-06,0x07,,,
"Async Serial","data",139.887872,9.49999999e-06,0x64,,,
"Async Serial","data",139.887882,9.50000001e-06,0x00,,,
"Async Serial","data",139.887892,9.49999999e-06,0xF4,,,
"Async Serial","data",139.887902,9.49999999e-06,0x01,,,
"Async Serial","data",139.887912,9.50000001e-06,0x00,,,
"Async Serial","data",139.887923,9.50000001e-06,0x00,,,
"Async Serial","data",139.887933,9.49999996e-06,0x00,,,
"Async Serial","data",139.887943,9.49999999e-06,0x00,,,
"Async Serial","data",139.887953,9.50000001e-06,0x00,,,
"Async Serial","data",139.887963,9.49999999e-06,0x00,,,
"Async Serial","data",139.887973,9.50000001e-06,0x00,,,
"Async Serial","data",139.887983,9.49999999e-06,0x00,,,
"Async Serial","data",139.887993,9.50000001e-06,0x00,,,
"Async Serial","data",139.888003,9.49999999e-06,0x00,,,
"Async Serial","data",139.888013,9.50000001e-06,0x00,,,
"Async Serial","data",139.888024,9.49999999e-06,0x00,,,
"Async Serial","data",139.888034,9.49999996e-06,0x09,,,
"Async Serial","data",139.888044,9.50000001e-06,0x8C,,,
"Async Serial","data",139.888054,9.50000001e-06,0x00,,,
"Async Serial","data",139.888064,9.49999999e-06,0x00,,,
"Async Serial","data",139.888074,9.49999999e-06,0x01,,,
"Async Serial","data",139.888084,9.49999999e-06,0x00,,,
"Async Serial","data",139.888094,9.50000001e-06,0x00,,,
"Async Serial","data",139.888104,9.50000001e-06,0x01,,,
"Async Serial","data",139.888115,9.50000001e-06,0xCC,,,
"Async Serial","data",139.888125,9.49999999e-06,0xB3,,,
"Async Serial [1]","data",139.888205,9.49999996e-06,0xB1,,,
"Async Serial [1]","data",139.888215,9.50000001e-06,0x02,,,
"Async Serial [1]","data",139.888225,9.50000001e-06,0x40,,,
"Async Serial [1]","data",139.888235,9.50000001e-06,0x01,,,
"Async Serial [1]","data",139.888245,9.49999999e-06,0x89,,,
"Async Serial [1]","data",139.888255,9.50000001e-06,0x34,,,
"Async Serial [1]","data",139.888265,9.49999999e-06,0xB3,,,
"Async Serial","data",139.888316,9.49999999e-06,0xB2,,,
"Async Serial","data",139.888326,9.50000001e-06,0x00,,,
"Async Serial","data",139.888336,9.49999999e-06,0x00,,,
"Async Serial","data",139.888346,9.50000001e-06,0x00,,,
"Async Serial","data",139.888356,9.49999999e-06,0xB3,,,
"Async Serial [1]","data",139.888407,9.50000001e-06,0xB1,,,
"Async Serial [1]","data",139.888417,9.49999999e-06,0x02,,,
"Async Serial [1]","data",139.888427,9.50000001e-06,0x41,,,
"Async Serial [1]","data",139.888437,9.49999999e-06,0x01,,,
"Async Serial [1]","data",139.888447,9.49999999e-06,0x8C,,,
"Async Serial [1]","data",139.888457,9.50000001e-06,0x30,,,
"Async Serial [1]","data",139.888467,9.50000001e-06,0xB3,,,
"Async Serial","data",139.888517,9.50000001e-06,0xB2,,,
"Async Serial","data",139.888527,9.49999996e-06,0x00,,,
"Async Serial","data",139.888537,9.50000001e-06,0x00,,,
"Async Serial","data",139.888547,9.49999999e-06,0x00,,,
"Async Serial","data",139.888557,9.49999999e-06,0xB3,,,
"Async Serial [1]","data",139.888609,9.49999999e-06,0xB1,,,
"Async Serial [1]","data",139.888619,9.49999996e-06,0x02,,,
"Async Serial [1]","data",139.888629,9.49999999e-06,0x43,,,
"Async Serial [1]","data",139.888639,9.49999996e-06,0x03,,,
"Async Serial [1]","data",139.888649,9.50000001e-06,0x00,,,
"Async Serial [1]","data",139.888659,9.50000001e-06,0x01,,,
"Async Serial [1]","data",139.888669,9.50000001e-06,0x00,,,
"Async Serial [1]","data",139.888679,9.49999999e-06,0xB7,,,
"Async Serial [1]","data",139.888689,9.49999999e-06,0xB3,,,
"Async Serial","data",139.888742,9.50000001e-06,0xB2,,,
"Async Serial","data",139.888752,9.49999999e-06,0x00,,,
"Async Serial","data",139.888762,9.50000001e-06,0x00,,,
"Async Serial","data",139.888772,9.50000001e-06,0x00,,,
"Async Serial","data",139.888782,9.49999999e-06,0xB3,,,
"Async Serial [1]","data",139.888813,9.50000001e-06,0xB1,,,
"Async Serial [1]","data",139.888823,9.50000001e-06,0x02,,,
"Async Serial [1]","data",139.888833,9.49999999e-06,0x48,,,
"Async Serial [1]","data",139.888843,9.49999999e-06,0x18,,,
"Async Serial [1]","data",139.888853,9.49999999e-06,0x00,,,
"Async Serial [1]","data",139.888863,9.50000001e-06,0x00,,,
"Async Serial [1]","data",139.888873,9.50000001e-06,0x00,,,
"Async Serial [1]","data",139.888883,9.49999999e-06,0x00,,,
"Async Serial [1]","data",139.888893,9.50000001e-06,0xCE,,,
"Async Serial [1]","data",139.888903,9.50000001e-06,0xFE,,,
"Async Serial [1]","data",139.888913,9.50000001e-06,0xFF,,,
"Async Serial [1]","data",139.888923,9.49999999e-06,0xFF,,,
"Async Serial [1]","data",139.888933,9.49999999e-06,0x20,,,
"Async Serial [1]","data",139.888943,9.49999999e-06,0x4E,,,
"Async Serial [1]","data",139.888953,9.50000001e-06,0x00,,,
"Async Serial [1]","data",139.888963,9.50000001e-06,0x00,,,
"Async Serial [1]","data",139.888973,9.49999999e-06,0x00,,,
"Async Serial [1]","data",139.888983,9.49999999e-06,0x5A,,,
"Async Serial [1]","data",139.888993,9.50000001e-06,0x62,,,
"Async Serial [1]","data",139.889003,9.50000001e-06,0x02,,,
"Async Serial [1]","data",139.889013,9.50000001e-06,0x79,,,
"Async Serial [1]","data",139.889023,9.50000001e-06,0x01,,,
"Async Serial [1]","data",139.889033,9.50000001e-06,0x00,,,
"Async Serial [1]","data",139.889043,9.49999999e-06,0x00,,,
"Async Serial [1]","data",139.889053,9.49999996e-06,0x57,,,
"Async Serial [1]","data",139.889063,9.50000001e-06,0x13,,,
"Async Serial [1]","data",139.889073,9.50000001e-06,0x7E,,,
"Async Serial [1]","data",139.889083,9.50000001e-06,0x03,,,
"Async Serial [1]","data",139.889093,9.49999999e-06,0x43,,,
"Async Serial [1]","data",139.889103,9.49999999e-06,0xB3,,,
"Async Serial","data",139.88921,9.50000001e-06,0xB2,,,
"Async Serial","data",139.88922,9.50000001e-06,0x00,,,
"Async Serial","data",139.88923,9.50000001e-06,0x00,,,
"Async Serial","data",139.88924,9.49999999e-06,0x00,,,
"Async Serial","data",139.88925,9.49999999e-06,0xB3,,,
"Async Serial [1]","data",139.88932,9.50000001e-06,0xB1,,,
"Async Serial [1]","data",139.88933,9.50000001e-06,0x02,,,
"Async Serial [1]","data",139.88934,9.49999999e-06,0x40,,,
"Async Serial [1]","data",139.88935,9.50000001e-06,0x01,,,
"Async Serial [1]","data",139.88936,9.50000001e-06,0x09,,,
"Async Serial [1]","data",139.88937,9.50000001e-06,0xB4,,,
"Async Serial [1]","data",139.88938,9.49999999e-06,0xB3,,,
"Async Serial","data",139.889426,9.50000001e-06,0xB2,,,
"Async Serial","data",139.889436,9.49999999e-06,0x00,,,
"Async Serial","data",139.889446,9.50000001e-06,0x00,,,
"Async Serial","data",139.889456,9.50000001e-06,0x00,,,
"Async Serial","data",139.889466,9.49999996e-06,0xB3,,,
"Async Serial [1]","data",139.939491,9.49999999e-06,0xB1,,,
"Async Serial [1]","data",139.939501,9.49999999e-06,0x01,,,
"Async Serial [1]","data",139.939511,9.50000001e-06,0x02,,,
"Async Serial [1]","data",139.939521,9.49999999e-06,0x46,,,
"Async Serial [1]","data",139.939531,9.50000001e-06,0xB7,,,
"Async Serial [1]","data",139.939541,9.50000001e-06,0xB3,,,
"Async Serial","data",139.939781,9.49999999e-06,0xB2,,,
"Async Serial","data",139.939791,9.50000001e-06,0x00,,,
"Async Serial","data",139.939802,9.50000001e-06,0x46,,,
"Async Serial","data",139.939812,9.50000001e-06,0x09,,,
"Async Serial","data",139.939822,9.49999999e-06,0x00,,,
"Async Serial","data",139.939832,9.49999999e-06,0x28,,,
"Async Serial","data",139.939842,9.50000001e-06,0xEF,,,
"Async Serial","data",139.939852,9.50000001e-06,0x5B,,,
"Async Serial","data",139.939862,9.49999996e-06,0x00,,,
"Async Serial","data",139.939872,9.50000001e-06,0x03,,,
"Async Serial","data",139.939882,9.50000001e-06,0x00,,,
"Async Serial","data",139.939893,9.49999999e-06,0x00,,,
"Async Serial","data",139.939903,9.50000001e-06,0x00,,,
"Async Serial","data",139.939913,9.49999999e-06,0x40,,,
"Async Serial","data",139.939923,9.50000001e-06,0x0D,,,
"Async Serial","data",139.939933,9.49999999e-06,0x03,,,
"Async Serial","data",139.939943,9.50000001e-06,0x00,,,
"Async Serial","data",139.939953,9.49999999e-06,0x0A,,,
"Async Serial","data",139.939963,9.50000001e-06,0x00,,,
"Async Serial","data",139.939978,9.50000001e-06,0x01,,,
"Async Serial","data",139.939988,9.49999999e-06,0x00,,,
"Async Serial","data",139.939999,9.50000001e-06,0x80,,,
"Async Serial","data",139.940009,9.49999999e-06,0x8D,,,
"Async Serial","data",139.940019,9.50000001e-06,0x5B,,,
"Async Serial","data",139.940029,9.49999999e-06,0x00,,,
"Async Serial","data",139.940039,9.50000001e-06,0x20,,,
"Async Serial","data",139.940049,9.50000001e-06,0xBF,,,
"Async Serial","data",139.940059,9.50000001e-06,0x02,,,
"Async Serial","data",139.940069,9.49999999e-06,0x00,,,
"Async Serial","data",139.940079,9.49999999e-06,0x00,,,
"Async Serial","data",139.94009,9.50000001e-06,0x12,,,
"Async Serial","data",139.9401,9.50000001e-06,0x7A,,,
"Async Serial","data",139.94011,9.50000001e-06,0x00,,,
"Async Serial","data",139.94012,9.49999999e-06,0x60,,,
"Async Serial","data",139.94013,9.49999999e-06,0xE3,,,
"Async Serial","data",139.94014,9.50000001e-06,0x16,,,
"Async Serial","data",139.94015,9.50000001e-06,0x00,,,
"Async Serial","data",139.94016,9.49999996e-06,0x30,,,
"Async Serial","data",139.94017,9.50000001e-06,0x11,,,
"Async Serial","data",139.94018,9.50000001e-06,0x00,,,
"Async Serial","data",139.940191,9.49999999e-06,0x00,,,
"Async Serial","data",139.940201,9.50000001e-06,0xD0,,,
"Async Serial","data",139.940211,9.49999999e-06,0xEE,,,
"Async Serial","data",139.940221,9.50000001e-06,0xFF,,,
"Async Serial","data",139.940231,9.49999999e-06,0xFF,,,
"Async Serial","data",139.940241,9.50000001e-06,0x20,,,
"Async Serial","data",139.940251,9.49999999e-06,0x03,,,
"Async Serial","data",139.940261,9.50000001e-06,0xD0,,,
"Async Serial","data",139.940271,9.49999999e-06,0x07,,,
"Async Serial","data",139.940282,9.50000001e-06,0x64,,,
"Async Serial","data",139.940292,9.50000001e-06,0x00,,,
"Async Serial","data",139.940302,9.50000001e-06,0xF4,,,
"Async Serial","data",139.940312,9.50000001e-06,0x01,,,
"Async Serial","data",139.940322,9.49999999e-06,0x00,,,
"Async Serial","data",139.940332,9.50000001e-06,0x00,,,
"Async Serial","data",139.940342,9.49999999e-06,0x00,,,
"Async Serial","data",139.940352,9.49999999e-06,0x00,,,
"Async Serial","data",139.940362,9.49999999e-06,0x00,,,
"Async Serial","data",139.940373,9.50000001e-06,0x00,,,
"Async Serial","data",139.940383,9.49999999e-06,0x00,,,
"Async Serial","data",139.940393,9.50000001e-06,0x00,,,
"Async Serial","data",139.940403,9.49999999e-06,0x00,,,
"Async Serial","data",139.940413,9.49999996e-06,0x00,,,
"Async Serial","data",139.940423,9.50000001e-06,0x00,,,
"Async Serial","data",139.940433,9.50000001e-06,0x00,,,
"Async Serial","data",139.940443,9.50000001e-06,0x09,,,
"Async Serial","data",139.940453,9.49999999e-06,0x8C,,,
"Async Serial","data",139.940463,9.50000001e-06,0x00,,,
"Async Serial","data",139.940474,9.49999999e-06,0x00,,,
"Async Serial","data",139.940484,9.50000001e-06,0x01,,,
"Async Serial","data",139.940494,9.49999999e-06,0x00,,,
"Async Serial","data",139.940504,9.49999999e-06,0x00,,,
"Async Serial","data",139.940514,9.50000001e-06,0x01,,,
"Async Serial","data",139.940524,9.50000001e-06,0xCC,,,
"Async Serial","data",139.940534,9.49999996e-06,0xB3,,,
"Async Serial [1]","data",139.940606,9.50000001e-06,0xB1,,,
"Async Serial [1]","data",139.940616,9.49999999e-06,0x02,,,
"Async Serial [1]","data",139.940626,9.49999996e-06,0x40,,,
"Async Serial [1]","data",139.940636,9.49999999e-06,0x01,,,
"Async Serial [1]","data",139.940645,9.50000001e-06,0x89,,,
"Async Serial [1]","data",139.940655,9.50000001e-06,0x34,,,
"Async Serial [1]","data",139.940666,9.50000001e-06,0xB3,,,
"Async Serial","data",139.940717,9.50000001e-06,0xB2,,,
"Async Serial","data",139.940727,9.50000001e-06,0x00,,,
"Async Serial","data",139.940737,9.49999999e-06,0x00,,,
"Async Serial","data",139.940747,9.50000001e-06,0x00,,,
"Async Serial","data",139.940758,9.49999996e-06,0xB3,,,
"Async Serial [1]","data",139.940808,9.49999999e-06,0xB1,,,
"Async Serial [1]","data",139.940818,9.49999999e-06,0x02,,,
"Async Serial [1]","data",139.940828,9.50000001e-06,0x41,,,
"Async Serial [1]","data",139.940838,9.50000001e-06,0x01,,,
"Async Serial [1]","data",139.940848,9.49999999e-06,0x8C,,,
"Async Serial [1]","data",139.940858,9.49999996e-06,0x30,,,
"Async Serial [1]","data",139.940868,9.49999999e-06,0xB3,,,
"Async Serial","data",139.940919,9.49999999e-06,0xB2,,,
"Async Serial","data",139.940929,9.50000001e-06,0x00,,,
"Async Serial","data",139.940939,9.49999999e-06,0x00,,,
"Async Serial","data",139.940949,9.50000001e-06,0x00,,,
"Async Serial","data",139.94096,9.49999999e-06,0xB3,,,
"Async Serial [1]","data",139.94101,9.50000001e-06,0xB1,,,
"Async Serial [1]","data",139.94102,9.50000001e-06,0x02,,,
"Async Serial [1]","data",139.94103,9.49999999e-06,0x43,,,
"Async Serial [1]","data",139.94104,9.49999999e-06,0x03,,,
"Async Serial [1]","data",139.94105,9.49999999e-06,0x00,,,
"Async Serial [1]","data",139.94106,9.50000001e-06,0x01,,,
"Async Serial [1]","data",139.94107,9.49999999e-06,0x00,,,
"Async Serial [1]","data",139.94108,9.50000001e-06,0xB7,,,
"Async Serial [1]","data",139.94109,9.50000001e-06,0xB3,,,
"Async Serial","data",139.941144,9.50000001e-06,0xB2,,,
"Async Serial","data",139.941154,9.49999999e-06,0x00,,,
"Async Serial","data",139.941164,9.50000001e-06,0x00,,,
"Async Serial","data",139.941174,9.49999999e-06,0x00,,,
"Async Serial","data",139.941184,9.50000001e-06,0xB3,,,
"Async Serial [1]","data",139.941214,9.50000001e-06,0xB1,,,
"Async Serial [1]","data",139.941224,9.50000001e-06,0x02,,,
"Async Serial [1]","data",139.941234,9.50000001e-06,0x48,,,
"Async Serial [1]","data",139.941244,9.49999999e-06,0x18,,,
"Async Serial [1]","data",139.941254,9.49999999e-06,0x00,,,
"Async Serial [1]","data",139.941264,9.50000001e-06,0x00,,,
"Async Serial [1]","data",139.941274,9.50000001e-06,0x00,,,
"Async Serial [1]","data",139.941284,9.49999999e-06,0x00,,,
"Async Serial [1]","data",139.941294,9.49999999e-06,0x35,,,
"Async Serial [1]","data",139.941304,9.49999999e-06,0xDD,,,
"Async Serial [1]","data",139.941314,9.50000001e-06,0xFF,,,
"Async Serial [1]","data",139.941324,9.50000001e-06,0xFF,,,
"Async Serial [1]","data",139.941334,9.50000001e-06,0x20,,,
"Async Serial [1]","data",139.941344,9.49999999e-06,0x4E,,,
"Async Serial [1]","data",139.941354,9.49999999e-06,0x00,,,
"Async Serial [1]","data",139.941364,9.50000001e-06,0x00,,,
"Async Serial [1]","data",139.941374,9.49999999e-06,0x00,,,
"Async Serial [1]","data",139.941384,9.50000001e-06,0x5A,,,
"Async Serial [1]","data",139.941394,9.49999999e-06,0x62,,,
"Async Serial [1]","data",139.941404,9.49999999e-06,0x02,,,
"Async Serial [1]","data",139.941414,9.50000001e-06,0x79,,,
"Async Serial [1]","data",139.941424,9.49999999e-06,0x01,,,
"Async Serial [1]","data",139.941434,9.50000001e-06,0x00,,,
"Async Serial [1]","data",139.941444,9.50000001e-06,0x00,,,
"Async Serial [1]","data",139.941454,9.50000001e-06,0x57,,,
"Async Serial [1]","data",139.941464,9.49999999e-06,0x13,,,
"Async Serial [1]","data",139.941474,9.50000001e-06,0x7E,,,
"Async Serial [1]","data",139.941484,9.49999999e-06,0x03,,,
"Async Serial [1]","data",139.941494,9.49999999e-06,0xFD,,,
"Async Serial [1]","data",139.941504,9.49999999e-06,0xB3,,,
"Async Serial","data",139.941612,9.50000001e-06,0xB2,,,
"Async Serial","data",139.941622,9.50000001e-06,0x00,,,
"Async Serial","data",139.941633,9.50000001e-06,0x00,,,
"Async Serial","data",139.941643,9.49999999e-06,0x00,,,
"Async Serial","data",139.941653,9.50000001e-06,0xB3,,,
"Async Serial [1]","data",139.941721,9.50000001e-06,0xB1,,,
"Async Serial [1]","data",139.941731,9.49999999e-06,0x02,,,
"Async Serial [1]","data",139.941741,9.50000001e-06,0x40,,,
"Async Serial [1]","data",139.941751,9.49999999e-06,0x01,,,
"Async Serial [1]","data",139.941761,9.49999999e-06,0x09,,,
"Async Serial [1]","data",139.941771,9.50000001e-06,0xB4,,,
"Async Serial [1]","data",139.941781,9.50000001e-06,0xB3,,,
"Async Serial","data",139.941829,9.50000001e-06,0xB2,,,
"Async Serial","data",139.941839,9.49999999e-06,0x00,,,
"Async Serial","data",139.941849,9.49999999e-06,0x00,,,
"Async Serial","data",139.941859,9.50000001e-06,0x00,,,
"Async Serial","data",139.941869,9.50000001e-06,0xB3,,,
"Async Serial [1]","data",139.991892,9.50000001e-06,0xB1,,,
"Async Serial [1]","data",139.991902,9.50000001e-06,0x01,,,
"Async Serial [1]","data",139.991912,9.49999999e-06,0x02,,,
"Async Serial [1]","data",139.991922,9.50000001e-06,0x46,,,
"Async Serial [1]","data",139.991932,9.50000001e-06,0xB7,,,
"Async Serial [1]","data",139.991942,9.50000001e-06,0xB3,,,
"Async Serial","data",139.992184,9.50000001e-06,0xB2,,,
"Async Serial","data",139.992194,9.50000001e-06,0x00,,,
"Async Serial","data",139.992205,9.49999996e-06,0x46,,,
"Async Serial","data",139.992215,9.50000001e-06,0x09,,,
"Async Serial","data",139.992225,9.49999999e-06,0x00,,,
"Async Serial","data",139.992235,9.50000001e-06,0x28,,,
"Async Serial","data",139.992245,9.49999999e-06,0xEF,,,
"Async Serial","data",139.992255,9.49999999e-06,0x5B,,,
"Async Serial","data",139.992265,9.50000001e-06,0x00,,,
"Async Serial","data",139.992275,9.50000001e-06,0x03,,,
"Async Serial","data",139.992285,9.50000001e-06,0x00,,,
"Async Serial","data",139.992295,9.49999999e-06,0x00,,,
"Async Serial","data",139.992306,9.50000001e-06,0x00,,,
"Async Serial","data",139.992316,9.49999999e-06,0x40,,,
"Async Serial","data",139.992326,9.50000001e-06,0x0D,,,
"Async Serial","data",139.992336,9.49999999e-06,0x03,,,
"Async Serial","data",139.992346,9.49999999e-06,0x00,,,
"Async Serial","data",139.992356,9.50000001e-06,0x0A,,,
"Async Serial","data",139.992366,9.49999999e-06,0x00,,,
"Async Serial","data",139.992376,9.50000001e-06,0x01,,,
"Async Serial","data",139.992386,9.49999999e-06,0x00,,,
"Async Serial","data",139.992397,9.49999999e-06,0x80,,,
"Async Serial","data",139.992407,9.49999999e-06,0x8D,,,
"Async Serial","data",139.992417,9.50000001e-06,0x5B,,,
"Async Serial","data",139.992427,9.49999996e-06,0x00,,,
"Async Serial","data",139.992437,9.49999999e-06,0x20,,,
"Async Serial","data",139.992447,9.50000001e-06,0xBF,,,
"Async Serial","data",139.992457,9.50000001e-06,0x02,,,
"Async Serial","data",139.992467,9.49999999e-06,0x00,,,
"Async Serial","data",139.992477,9.49999999e-06,0x00,,,
"Async Serial","data",139.992487,9.50000001e-06,0x12,,,
"Async Serial","data",139.992498,9.49999996e-06,0x7A,,,
"Async Serial","data",139.992508,9.50000001e-06,0x00,,,
"Async Serial","data",139.992518,9.49999999e-06,0x60,,,
"Async Serial","data",139.992528,9.50000001e-06,0xE3,,,
"Async Serial","data",139.992538,9.50000001e-06,0x16,,,
"Async Serial","data",139.992548,9.50000001e-06,0x00,,,
"Async Serial","data",139.992558,9.49999999e-06,0x30,,,
"Async Serial","data",139.992568,9.49999999e-06,0x11,,,
"Async Serial","data",139.992578,9.50000001e-06,0x00,,,
"Async Serial","data",139.992589,9.49999999e-06,0x00,,,
"Async Serial","data",139.992599,9.50000001e-06,0xD0,,,
"Async Serial","data",139.992609,9.49999999e-06,0xEE,,,
"Async Serial","data",139.992619,9.49999999e-06,0xFF,,,
"Async Serial","data",139.992629,9.50000001e-06,0xFF,,,
"Async Serial","data",139.992639,9.50000001e-06,0x20,,,
"Async Serial","data",139.992649,9.49999996e-06,0x03,,,
"Async Serial","data",139.992659,9.49999996e-06,0xD0,,,
"Async Serial","data",139.992669,9.50000001e-06,0x07,,,
"Async Serial","data",139.992679,9.50000001e-06,0x64,,,
"Async Serial","data",139.99269,9.49999999e-06,0x00,,,
"Async Serial","data",139.9927,9.49999999e-06,0xF4,,,
"Async Serial","data",139.99271,9.50000001e-06,0x01,,,
"Async Serial","data",139.99272,9.49999999e-06,0x00,,,
"Async Serial","data",139.99273,9.50000001e-06,0x00,,,
"Async Serial","data",139.99274,9.49999999e-06,0x00,,,
"Async Serial","data",139.99275,9.49999999e-06,0x00,,,
"Async Serial","data",139.99276,9.50000001e-06,0x00,,,
"Async Serial","data",139.99277,9.50000001e-06,0x00,,,
"Async Serial","data",139.99278,9.50000001e-06,0x00,,,
"Async Serial","data",139.992791,9.49999999e-06,0x00,,,
"Async Serial","data",139.992801,9.50000001e-06,0x00,,,
"Async Serial","data",139.992811,9.49999999e-06,0x00,,,
"Async Serial","data",139.992821,9.50000001e-06,0x00,,,
"Async Serial","data",139.992831,9.49999999e-06,0x00,,,
"Async Serial","data",139.992841,9.49999999e-06,0x09,,,
"Async Serial","data",139.992851,9.50000001e-06,0x8C,,,
"Async Serial","data",139.992861,9.50000001e-06,0x00,,,
"Async Serial","data",139.992871,9.50000001e-06,0x00,,,
"Async Serial","data",139.992882,9.49999996e-06,0x01,,,
"Async Serial","data",139.992892,9.50000001e-06,0x00,,,
"Async Serial","data",139.992902,9.49999999e-06,0x00,,,
"Async Serial","data",139.992912,9.49999999e-06,0x01,,,
"Async Serial","data",139.992922,9.49999999e-06,0xCC,,,
"Async Serial","data",139.992932,9.49999999e-06,0xB3,,,
"Async Serial [1]","data",139.993006,9.50000001e-06,0xB1,,,
"Async Serial [1]","data",139.993016,9.50000001e-06,0x02,,,
"Async Serial [1]","data",139.993026,9.50000001e-06,0x40,,,
"Async Serial [1]","data",139.993036,9.49999999e-06,0x01,,,
"Async Serial [1]","data",139.993046,9.50000001e-06,0x89,,,
"Async Serial [1]","data",139.993056,9.50000001e-06,0x34,,,
"Async Serial [1]","data",139.993066,9.49999999e-06,0xB3,,,
"Async Serial","data",139.993116,9.49999999e-06,0xB2,,,
"Async Serial","data",139.993126,9.50000001e-06,0x00,,,
"Async Serial","data",139.993136,9.49999999e-06,0x00,,,
"Async Serial","data",139.993146,9.50000001e-06,0x00,,,
"Async Serial","data",139.993156,9.50000001e-06,0xB3,,,
"Async Serial [1]","data",139.993208,9.50000001e-06,0xB1,,,
"Async Serial [1]","data",139.993218,9.50000001e-06,0x02,,,
"Async Serial [1]","data",139.993228,9.49999999e-06,0x41,,,
"Async Serial [1]","data",139.993238,9.50000001e-06,0x01,,,
"Async Serial [1]","data",139.993248,9.50000001e-06,0x8C,,,
"Async Serial [1]","data",139.993258,9.50000001e-06,0x30,,,
"Async Serial [1]","data",139.993268,9.49999999e-06,0xB3,,,
"Async Serial","data",139.993318,9.49999999e-06,0xB2,,,
"Async Serial","data",139.993328,9.50000001e-06,0x00,,,
"Async Serial","data",139.993338,9.50000001e-06,0x00,,,
"Async Serial","data",139.993348,9.50000001e-06,0x00,,,
"Async Serial","data",139.993358,9.49999999e-06,0xB3,,,
"Async Serial [1]","data",139.99341,9.50000001e-06,0xB1,,,
"Async Serial [1]","data",139.99342,9.50000001e-06,0x02,,,
"Async Serial [1]","data",139.99343,9.50000001e-06,0x43,,,
"Async Serial [1]","data",139.99344,9.49999999e-06,0x03,,,
"Async Serial [1]","data",139.99345,9.49999999e-06,0x00,,,
"Async Serial [1]","data",139.99346,9.49999999e-06,0x01,,,
"Async Serial [1]","data",139.99347,9.49999999e-06,0x00,,,
"Async Serial [1]","data",139.99348,9.50000001e-06,0xB7,,,
"Async Serial [1]","data",139.99349,9.50000001e-06,0xB3,,,
"Async Serial","data",139.993542,9.49999999e-06,0xB2,,,
"Async Serial","data",139.993552,9.49999999e-06,0x00,,,
"Async Serial","data",139.993562,9.50000001e-06,0x00,,,
"Async Serial","data",139.993573,9.49999999e-06,0x00,,,
"Async Serial","data",139.993583,9.50000001e-06,0xB3,,,
"Async Serial [1]","data",139.993614,9.49999999e-06,0xB1,,,
"Async Serial [1]","data",139.993624,9.49999996e-06,0x02,,,
"Async Serial [1]","data",139.993634,9.49999999e-06,0x48,,,
"Async Serial [1]","data",139.993644,9.50000001e-06,0x18,,,
"Async Serial [1]","data",139.993654,9.50000001e-06,0x00,,,
"Async Serial [1]","data",139.993664,9.49999999e-06,0x00,,,
"Async Serial [1]","data",139.993674,9.49999999e-06,0x00,,,
"Async Serial [1]","data",139.993684,9.50000001e-06,0x00,,,
"Async Serial [1]","data",139.993694,9.50000001e-06,0x1C,,,
"Async Serial [1]","data",139.993704,9.50000001e-06,0xF0,,,
"Async Serial [1]","data",139.993714,9.49999996e-06,0xFF,,,
"Async Serial [1]","data",139.993724,9.49999996e-06,0xFF,,,
"Async Serial [1]","data",139.993734,9.50000001e-06,0x20,,,
"Async Serial [1]","data",139.993744,9.50000001e-06,0x4E,,,
"Async Serial [1]","data",139.993754,9.50000001e-06,0x00,,,
"Async Serial [1]","data",139.993764,9.49999999e-06,0x00,,,
"Async Serial [1]","data",139.993774,9.50000001e-06,0x00,,,
"Async Serial [1]","data",139.993784,9.50000001e-06,0x5A,,,
"Async Serial [1]","data",139.993794,9.50000001e-06,0x62,,,
"Async Serial [1]","data",139.993804,9.49999999e-06,0x02,,,
"Async Serial [1]","data",139.993814,9.49999996e-06,0x79,,,
"Async Serial [1]","data",139.993824,9.50000001e-06,0x01,,,
"Async Serial [1]","data",139.993834,9.50000001e-06,0x00,,,
"Async Serial [1]","data",139.993844,9.50000001e-06,0x00,,,
"Async Serial [1]","data",139.993854,9.50000001e-06,0x57,,,
"Async Serial [1]","data",139.993864,9.50000001e-06,0x13,,,
"Async Serial [1]","data",139.993874,9.49999999e-06,0x7E,,,
"Async Serial [1]","data",139.993884,9.49999999e-06,0x03,,,
"Async Serial [1]","data",139.993894,9.50000001e-06,0x03,,,
"Async Serial [1]","data",139.993904,9.50000001e-06,0xB3,,,
"Async Serial","data",139.994018,9.49999996e-06,0xB2,,,
"Async Serial","data",139.994028,9.49999999e-06,0x00,,,
"Async Serial","data",139.994038,9.50000001e-06,0x00,,,
"Async Serial","data",139.994049,9.49999999e-06,0x00,,,
"Async Serial","data",139.994059,9.50000001e-06,0xB3,,,
"Async Serial [1]","data",139.994121,9.49999999e-06,0xB1,,,
"Async Serial [1]","data",139.994131,9.49999999e-06,0x02,,,
"Async Serial [1]","data",139.994141,9.50000001e-06,0x40,,,
"Async Serial [1]","data",139.994151,9.50000001e-06,0x01,,,
"Async Serial [1]","data",139.994161,9.49999999e-06,0x09,,,
"Async Serial [1]","data",139.994171,9.49999999e-06,0xB4,,,
"Async Serial [1]","data",139.994181,9.50000001e-06,0xB3,,,
"Async Serial","data",139.994227,9.49999999e-06,0xB2,,,
"Async Serial","data",139.994237,9.50000001e-06,0x00,,,
"Async Serial","data",139.994248,9.49999999e-06,0x00,,,
"Async Serial","data",139.994258,9.49999999e-06,0x00,,,
"Async Serial","data",139.994268,9.49999999e-06,0xB3,,,
"Async Serial [1]","data",140.044292,9.50000001e-06,0xB1,,,
"Async Serial [1]","data",140.044302,9.49999999e-06,0x01,,,
"Async Serial [1]","data",140.044312,9.49999996e-06,0x02,,,
"Async Serial [1]","data",140.044322,9.49999999e-06,0x46,,,
"Async Serial [1]","data",140.044332,9.50000001e-06,0xB7,,,
"Async Serial [1]","data",140.044342,9.50000001e-06,0xB3,,,
"Async Serial","data",140.044583,9.49999999e-06,0xB2,,,
"Async Serial","data",140.044593,9.49999999e-06,0x00,,,
"Async Serial","data",140.044603,9.50000001e-06,0x46,,,
"Async Serial","data",140.044614,9.50000001e-06,0x09,,,
"Async Serial","data",140.044624,9.49999999e-06,0x00,,,
"Async Serial","data",140.044634,9.49999999e-06,0x28,,,
"Async Serial","data",140.044644,9.50000001e-06,0xEF,,,
"Async Serial","data",140.044654,9.49999999e-06,0x5B,,,
"Async Serial","data",140.044664,9.50000001e-06,0x00,,,
"Async Serial","data",140.044674,9.49999999e-06,0x03,,,
"Async Serial","data",140.044684,9.50000001e-06,0x00,,,
"Async Serial","data",140.044694,9.50000001e-06,0x00,,,
"Async Serial","data",140.044704,9.50000001e-06,0x00,,,
"Async Serial","data",140.044715,9.50000001e-06,0x40,,,
"Async Serial","data",140.044725,9.49999999e-06,0x0D,,,
"Async Serial","data",140.044735,9.50000001e-06,0x03,,,
"Async Serial","data",140.044745,9.49999999e-06,0x00,,,
"Async Serial","data",140.044755,9.50000001e-06,0x0A,,,
"Async Serial","data",140.044765,9.49999999e-06,0x00,,,
"Async Serial","data",140.044775,9.50000001e-06,0x01,,,
"Async Serial","data",140.044785,9.49999999e-06,0x00,,,
"Async Serial","data",140.044795,9.50000001e-06,0x80,,,
"Async Serial","data",140.044805,9.50000001e-06,0x8D,,,
"Async Serial","data",140.044816,9.49999996e-06,0x5B,,,
"Async Serial","data",140.044826,9.50000001e-06,0x00,,,
"Async Serial","data",140.044836,9.49999999e-06,0x20,,,
"Async Serial","data",140.044846,9.49999999e-06,0xBF,,,
"Async Serial","data",140.044856,9.49999999e-06,0x02,,,
"Async Serial","data",140.044866,9.50000001e-06,0x00,,,
"Async Serial","data",140.044876,9.49999999e-06,0x00,,,
"Async Serial","data",140.044886,9.49999996e-06,0x12,,,
"Async Serial","data",140.044896,9.50000001e-06,0x7A,,,
"Async Serial","data",140.044907,9.50000001e-06,0x00,,,
"Async Serial","data",140.044917,9.49999999e-06,0x60,,,
"Async Serial","data",140.044927,9.49999999e-06,0xE3,,,
"Async Serial","data",140.044937,9.50000001e-06,0x16,,,
"Async Serial","data",140.044947,9.50000001e-06,0x00,,,
"Async Serial","data",140.044957,9.50000001e-06,0x30,,,
"Async Serial","data",140.044967,9.49999999e-06,0x11,,,
"Async Serial","data",140.044977,9.49999999e-06,0x00,,,
"Async Serial","data",140.044987,9.50000001e-06,0x00,,,
"Async Serial","data",140.044997,9.50000001e-06,0xD0,,,
"Async Serial","data",140.045008,9.50000001e-06,0xEE,,,
"Async Serial","data",140.045018,9.49999999e-06,0xFF,,,
"Async Serial","data",140.045028,9.50000001e-06,0xFF,,,
"Async Serial","data",140.045038,9.50000001e-06,0x20,,,
"Async Serial","data",140.045048,9.50000001e-06,0x03,,,
"Async Serial","data",140.045058,9.49999999e-06,0xD0,,,
"Async Serial","data",140.045071,9.50000001e-06,0x07,,,
"Async Serial","data",140.045081,9.49999999e-06,0x64,,,
"Async Serial","data",140.045091,9.49999999e-06,0x00,,,
"Async Serial","data",140.045102,9.50000001e-06,0xF4,,,
"Async Serial","data",140.045112,9.50000001e-06,0x01,,,
"Async Serial","data",140.045122,9.50000001e-06,0x00,,,
"Async Serial","data",140.045132,9.49999996e-06,0x00,,,
"Async Serial","data",140.045142,9.50000001e-06,0x00,,,
"Async Serial","data",140.045152,9.50000001e-06,0x00,,,
"Async Serial","data",140.045162,9.49999999e-06,0x00,,,
"Async Serial","data",140.045172,9.50000001e-06,0x00,,,
"Async Serial","data",140.045182,9.49999999e-06,0x00,,,
"Async Serial","data",140.045193,9.49999999e-06,0x00,,,
"Async Serial","data",140.045203,9.50000001e-06,0x00,,,
"Async Serial","data",140.045213,9.50000001e-06,0x00,,,
"Async Serial","data",140.045223,9.49999999e-06,0x00,,,
"Async Serial","data",140.045233,9.49999996e-06,0x00,,,
"Async Serial","data",140.045243,9.50000001e-06,0x09,,,
"Async Serial","data",140.045253,9.50000001e-06,0x8C,,,
"Async Serial","data",140.045263,9.49999999e-06,0x00,,,
"Async Serial","data",140.045273,9.49999999e-06,0x00,,,
"Async Serial","data",140.045283,9.50000001e-06,0x01,,,
"Async Serial","data",140.045294,9.49999999e-06,0x00,,,
"Async Serial","data",140.045304,9.50000001e-06,0x00,,,
"Async Serial","data",140.045314,9.49999999e-06,0x01,,,
"Async Serial","data",140.045324,9.49999999e-06,0xCC,,,
"Async Serial","data",140.045334,9.50000001e-06,0xB3,,,
"Async Serial [1]","data",140.045407,9.49999996e-06,0xB1,,,
"Async Serial [1]","data",140.045417,9.50000001e-06,0x02,,,
"Async Serial [1]","data",140.045427,9.50000001e-06,0x40,,,
"Async Serial [1]","data",140.045437,9.50000001e-06,0x01,,,
"Async Serial [1]","data",140.045447,9.49999999e-06,0x89,,,
"Async Serial [1]","data",140.045457,9.49999999e-06,0x34,,,
"Async Serial [1]","data",140.045467,9.50000001e-06,0xB3,,,
"Async Serial","data",140.045518,9.50000001e-06,0xB2,,,
"Async Serial","data",140.045528,9.49999999e-06,0x00,,,
"Async Serial","data",140.045538,9.49999999e-06,0x00,,,
"Async Serial","data",140.045548,9.49999999e-06,0x00,,,
"Async Serial","data",140.045558,9.50000001e-06,0xB3,,,
"Async Serial [1]","data",140.045609,9.50000001e-06,0xB1,,,
"Async Serial [1]","data",140.045619,9.50000001e-06,0x02,,,
"Async Serial [1]","data",140.045629,9.49999999e-06,0x41,,,
"Async Serial [1]","data",140.045639,9.49999999e-06,0x01,,,
"Async Serial [1]","data",140.045649,9.49999999e-06,0x8C,,,
"Async Serial [1]","data",140.045659,9.50000001e-06,0x30,,,
"Async Serial [1]","data",140.045669,9.50000001e-06,0xB3,,,
"Async Serial","data",140.045719,9.50000001e-06,0xB2,,,
"Async Serial","data",140.045729,9.50000001e-06,0x00,,,
"Async Serial","data",140.045739,9.50000001e-06,0x00,,,
"Async Serial","data",140.045749,9.49999999e-06,0x00,,,
"Async Serial","data",140.045759,9.50000001e-06,0xB3,,,
"Async Serial [1]","data",140.045811,9.49999999e-06,0xB1,,,
"Async Serial [1]","data",140.045821,9.49999996e-06,0x02,,,
"Async Serial [1]","data",140.045831,9.50000001e-06,0x43,,,
"Async Serial [1]","data",140.045841,9.50000001e-06,0x03,,,
"Async Serial [1]","data",140.045851,9.50000001e-06,0x00,,,
"Async Serial [1]","data",140.045861,9.49999999e-06,0x01,,,
"Async Serial [1]","data",140.045871,9.50000001e-06,0x00,,,
"Async Serial [1]","data",140.045881,9.49999999e-06,0xB7,,,
"Async Serial [1]","data",140.045891,9.49999999e-06,0xB3,,,
"Async Serial","data",140.045943,9.50000001e-06,0xB2,,,
"Async Serial","data",140.045953,9.49999999e-06,0x00,,,
"Async Serial","data",140.045963,9.50000001e-06,0x00,,,
"Async Serial","data",140.045974,9.50000001e-06,0x00,,,
"Async Serial","data",140.045984,9.50000001e-06,0xB3,,,
"Async Serial [1]","data",140.046014,9.49999999e-06,0xB1,,,
"Async Serial [1]","data",140.046024,9.49999999e-06,0x02,,,
"Async Serial [1]","data",140.046034,9.50000001e-06,0x48,,,
"Async Serial [1]","data",140.046044,9.50000001e-06,0x18,,,
"Async Serial [1]","data",140.046054,9.49999999e-06,0x00,,,
"Async Serial [1]","data",140.046064,9.49999999e-06,0x00,,,
"Async Serial [1]","data",140.046074,9.49999999e-06,0x00,,,
"Async Serial [1]","data",140.046084,9.50000001e-06,0x00,,,
"Async Serial [1]","data",140.046094,9.50000001e-06,0x8C,,,
"Async Serial [1]","data",140.046104,9.50000001e-06,0x02,,,
"Async Serial [1]","data",140.046114,9.49999999e-06,0x00,,,
"Async Serial [1]","data",140.046124,9.49999999e-06,0x00,,,
"Async Serial [1]","data",140.046134,9.50000001e-06,0x20,,,
"Async Serial [1]","data",140.046144,9.49999999e-06,0x4E,,,
"Async Serial [1]","data",140.046154,9.50000001e-06,0x00,,,
"Async Serial [1]","data",140.046164,9.49999999e-06,0x00,,,
"Async Serial [1]","data",140.046174,9.49999999e-06,0x00,,,
"Async Serial [1]","data",140.046184,9.50000001e-06,0x5A,,,
"Async Serial [1]","data",140.046194,9.50000001e-06,0x62,,,
"Async Serial [1]","data",140.046204,9.50000001e-06,0x02,,,
"Async Serial [1]","data",140.046214,9.49999999e-06,0x79,,,
"Async Serial [1]","data",140.046224,9.50000001e-06,0x01,,,
"Async Serial [1]","data",140.046234,9.49999999e-06,0x00,,,
"Async Serial [1]","data",140.046244,9.50000001e-06,0x00,,,
"Async Serial [1]","data",140.046254,9.49999999e-06,0x57,,,
"Async Serial [1]","data",140.046264,9.50000001e-06,0x13,,,
"Async Serial [1]","data",140.046274,9.49999999e-06,0x7E,,,
"Async Serial [1]","data",140.046284,9.49999999e-06,0x03,,,
"Async Serial [1]","data",140.046294,9.50000001e-06,0x7F,,,
"Async Serial [1]","data",140.046304,9.50000001e-06,0xB3,,,
"Async Serial","data",140.046411,9.50000001e-06,0xB2,,,
"Async Serial","data",140.046421,9.50000001e-06,0x00,,,
"Async Serial","data",140.046431,9.49999996e-06,0x00,,,
"Async Serial","data",140.046441,9.49999999e-06,0x00,,,
"Async Serial","data",140.046451,9.50000001e-06,0xB3,,,
"Async Serial [1]","data",140.046522,9.50000001e-06,0xB1,,,
"Async Serial [1]","data",140.046532,9.50000001e-06,0x02,,,
"Async Serial [1]","data",140.046542,9.49999999e-06,0x40,,,
"Async Serial [1]","data",140.046552,9.50000001e-06,0x01,,,
"Async Serial [1]","data",140.046562,9.50000001e-06,0x09,,,
"Async Serial [1]","data",140.046572,9.50000001e-06,0xB4,,,
"Async Serial [1]","data",140.046582,9.49999999e-06,0xB3,,,
"Async Serial","data",140.046635,9.50000001e-06,0xB2,,,
"Async Serial","data",140.046645,9.49999999e-06,0x00,,,
"Async Serial","data",140.046656,9.50000001e-06,0x00,,,
"Async Serial","data",140.046666,9.50000001e-06,0x00,,,
"Async Serial","data",140.046676,9.50000001e-06,0xB3,,,
"Async Serial [1]","data",140.096692,9.50000001e-06,0xB1,,,
"Async Serial [1]","data",140.096702,9.50000001e-06,0x01,,,
"Async Serial [1]","data",140.096712,9.50000001e-06,0x02,,,
"Async Serial [1]","data",140.096722,9.50000001e-06,0x46,,,
"Async Serial [1]","data",140.096732,9.49999999e-06,0xB7,,,
"Async Serial [1]","data",140.096742,9.49999999e-06,0xB3,,,
"Async Serial","data",140.096979,9.49999996e-06,0xB2,,,
"Async Serial","data",140.096989,9.50000001e-06,0x00,,,
"Async Serial","data",140.096999,9.49999999e-06,0x46,,,
"Async Serial","data",140.09701,9.50000001e-06,0x09,,,
"Async Serial","data",140.09702,9.49999999e-06,0x00,,,
"Async Serial","data",140.09703,9.50000001e-06,0x28,,,
"Async Serial","data",140.09704,9.49999999e-06,0xEF,,,
"Async Serial","data",140.09705,9.50000001e-06,0x5B,,,
"Async Serial","data",140.09706,9.50000001e-06,0x00,,,
"Async Serial","data",140.09707,9.50000001e-06,0x03,,,
"Async Serial","data",140.09708,9.50000001e-06,0x00,,,
"Async Serial","data",140.09709,9.49999999e-06,0x00,,,
"Async Serial","data",140.097101,9.49999999e-06,0x00,,,
"Async Serial","data",140.097111,9.50000001e-06,0x40,,,
"Async Serial","data",140.097121,9.50000001e-06,0x0D,,,
"Async Serial","data",140.097131,9.49999996e-06,0x03,,,
"Async Serial","data",140.097141,9.50000001e-06,0x00,,,
"Async Serial","data",140.097151,9.50000001e-06,0x0A,,,
"Async Serial","data",140.097161,9.49999999e-06,0x00,,,
"Async Serial","data",140.097171,9.49999999e-06,0x01,,,
"Async Serial","data",140.097181,9.49999999e-06,0x00,,,
"Async Serial","data",140.097191,9.50000001e-06,0x80,,,
"Async Serial","data",140.097202,9.50000001e-06,0x8D,,,
"Async Serial","data",140.097212,9.49999999e-06,0x5B,,,
"Async Serial","data",140.097222,9.49999999e-06,0x00,,,
"Async Serial","data",140.097232,9.50000001e-06,0x20,,,
"Async Serial","data",140.097242,9.50000001e-06,0xBF,,,
"Async Serial","data",140.097252,9.50000001e-06,0x02,,,
"Async Serial","data",140.097262,9.49999999e-06,0x00,,,
"Async Serial","data",140.097272,9.50000001e-06,0x00,,,
"Async Serial","data",140.097282,9.50000001e-06,0x12,,,
"Async Serial","data",140.097293,9.50000001e-06,0x7A,,,
"Async Serial","data",140.097303,9.49999999e-06,0x00,,,
"Async Serial","data",140.097313,9.50000001e-06,0x60,,,
"Async Serial","data",140.097323,9.49999999e-06,0xE3,,,
"Async Serial","data",140.097333,9.50000001e-06,0x16,,,
"Async Serial","data",140.097343,9.50000001e-06,0x00,,,
"Async Serial","data",140.097353,9.49999996e-06,0x30,,,
"Async Serial","data",140.097363,9.50000001e-06,0x11,,,
"Async Serial","data",140.097373,9.49999999e-06,0x00,,,
"Async Serial","data",140.097383,9.49999999e-06,0x00,,,
"Async Serial","data",140.097394,9.49999999e-06,0xD0,,,
"Async Serial","data",140.097404,9.50000001e-06,0xEE,,,
"Async Serial","data",140.097414,9.49999999e-06,0xFF,,,
"Async Serial","data",140.097424,9.50000001e-06,0xFF,,,
"Async Serial","data",140.097434,9.50000001e-06,0x20,,,
"Async Serial","data",140.097444,9.50000001e-06,0x03,,,
"Async Serial","data",140.097454,9.50000001e-06,0xD0,,,
"Async Serial","data",140.097464,9.49999999e-06,0x07,,,
"Async Serial","data",140.097474,9.49999999e-06,0x64,,,
"Async Serial","data",140.097485,9.49999999e-06,0x00,,,
"Async Serial","data",140.097495,9.50000001e-06,0xF4,,,
"Async Serial","data",140.097505,9.49999996e-06,0x01,,,
"Async Serial","data",140.097515,9.50000001e-06,0x00,,,
"Async Serial","data",140.097525,9.50000001e-06,0x00,,,
"Async Serial","data",140.097535,9.50000001e-06,0x00,,,
"Async Serial","data",140.097545,9.49999999e-06,0x00,,,
"Async Serial","data",140.097555,9.49999999e-06,0x00,,,
"Async Serial","data",140.097565,9.50000001e-06,0x00,,,
"Async Serial","data",140.097576,9.50000001e-06,0x00,,,
"Async Serial","data",140.097586,9.50000001e-06,0x00,,,
"Async Serial","data",140.097596,9.49999999e-06,0x00,,,
"Async Serial","data",140.097606,9.50000001e-06,0x00,,,
"Async Serial","data",140.097616,9.50000001e-06,0x00,,,
"Async Serial","data",140.097626,9.50000001e-06,0x00,,,
"Async Serial","data",140.097636,9.49999999e-06,0x09,,,
"Async Serial","data",140.097646,9.50000001e-06,0x8C,,,
"Async Serial","data",140.097656,9.50000001e-06,0x00,,,
"Async Serial","data",140.097666,9.49999999e-06,0x00,,,
"Async Serial","data",140.097677,9.49999999e-06,0x01,,,
"Async Serial","data",140.097687,9.49999999e-06,0x00,,,
"Async Serial","data",140.097697,9.49999999e-06,0x00,,,
"Async Serial","data",140.097707,9.50000001e-06,0x01,,,
"Async Serial","data",140.097717,9.50000001e-06,0xCC,,,
"Async Serial","data",140.097727,9.49999996e-06,0xB3,,,
"Async Serial [1]","data",140.097807,9.50000001e-06,0xB1,,,
"Async Serial [1]","data",140.097817,9.49999999e-06,0x02,,,
"Async Serial [1]","data",140.097827,9.49999999e-06,0x40,,,
"Async Serial [1]","data",140.097837,9.49999999e-06,0x01,,,
"Async Serial [1]","data",140.097847,9.50000001e-06,0x89,,,
"Async Serial [1]","data",140.097857,9.50000001e-06,0x34,,,
"Async Serial [1]","data",140.097867,9.49999999e-06,0xB3,,,
"Async Serial","data",140.097918,9.49999999e-06,0xB2,,,
"Async Serial","data",140.097928,9.49999999e-06,0x00,,,
"Async Serial","data",140.097938,9.49999999e-06,0x00,,,
"Async Serial","data",140.097948,9.50000001e-06,0x00,,,
"Async Serial","data",140.097959,9.50000001e-06,0xB3,,,
"Async Serial [1]","data",140.098009,9.49999999e-06,0xB1,,,
"Async Serial [1]","data",140.098019,9.49999999e-06,0x02,,,
"Async Serial [1]","data",140.098029,9.50000001e-06,0x41,,,
"Async Serial [1]","data",140.098039,9.50000001e-06,0x01,,,
"Async Serial [1]","data",140.098049,9.50000001e-06,0x8C,,,
"Async Serial [1]","data",140.098059,9.49999996e-06,0x30,,,
"Async Serial [1]","data",140.098069,9.50000001e-06,0xB3,,,
"Async Serial","data",140.098119,9.49999999e-06,0xB2,,,
"Async Serial","data",140.098129,9.50000001e-06,0x00,,,
"Async Serial","data",140.098139,9.50000001e-06,0x00,,,
"Async Serial","data",140.098149,9.49999996e-06,0x00,,,
"Async Serial","data",140.09816,9.50000001e-06,0xB3,,,
"Async Serial [1]","data",140.098211,9.50000001e-06,0xB1,,,
"Async Serial [1]","data",140.098221,9.50000001e-06,0x02,,,
"Async Serial [1]","data",140.098231,9.49999999e-06,0x43,,,
"Async Serial [1]","data",140.098241,9.50000001e-06,0x03,,,
"Async Serial [1]","data",140.098251,9.49999999e-06,0x00,,,
"Async Serial [1]","data",140.098261,9.49999999e-06,0x01,,,
"Async Serial [1]","data",140.098271,9.50000001e-06,0x00,,,
"Async Serial [1]","data",140.098281,9.49999999e-06,0xB7,,,
"Async Serial [1]","data",140.098291,9.49999999e-06,0xB3,,,
"Async Serial","data",140.098343,9.50000001e-06,0xB2,,,
"Async Serial","data",140.098354,9.49999999e-06,0x00,,,
"Async Serial","data",140.098364,9.49999999e-06,0x00,,,
"Async Serial","data",140.098374,9.50000001e-06,0x00,,,
"Async Serial","data",140.098384,9.50000001e-06,0xB3,,,
"Async Serial [1]","data",140.098414,9.50000001e-06,0xB1,,,
"Async Serial [1]","data",140.098424,9.50000001e-06,0x02,,,
"Async Serial [1]","data",140.098434,9.49999999e-06,0x48,,,
"Async Serial [1]","data",140.098444,9.49999999e-06,0x18,,,
"Async Serial [1]","data",140.098455,9.50000001e-06,0x00,,,
"Async Serial [1]","data",140.098465,9.50000001e-06,0x00,,,
"Async Serial [1]","data",140.098475,9.50000001e-06,0x00,,,
"Async Serial [1]","data",140.098485,9.49999996e-06,0x00,,,
"Async Serial [1]","data",140.098494,9.49999999e-06,0x2F,,,
"Async Serial [1]","data",140.098504,9.50000001e-06,0x20,,,
"Async Serial [1]","data",140.098514,9.50000001e-06,0x00,,,
"Async Serial [1]","data",140.098524,9.50000001e-06,0x00,,,
"Async Serial [1]","data",140.098534,9.49999999e-06,0x20,,,
"Async Serial [1]","data",140.098545,9.50000001e-06,0x4E,,,
"Async Serial [1]","data",140.098555,9.50000001e-06,0x00,,,
"Async Serial [1]","data",140.098565,9.50000001e-06,0x00,,,
"Async Serial [1]","data",140.098575,9.49999999e-06,0x00,,,
"Async Serial [1]","data",140.098584,9.49999999e-06,0x5A,,,
"Async Serial [1]","data",140.098594,9.50000001e-06,0x62,,,
"Async Serial [1]","data",140.098604,9.50000001e-06,0x02,,,
"Async Serial [1]","data",140.098614,9.50000001e-06,0x79,,,
"Async Serial [1]","data",140.098624,9.49999999e-06,0x01,,,
"Async Serial [1]","data",140.098635,9.49999999e-06,0x00,,,
"Async Serial [1]","data",140.098645,9.50000001e-06,0x00,,,
"Async Serial [1]","data",140.098655,9.50000001e-06,0x57,,,
"Async Serial [1]","data",140.098665,9.49999999e-06,0x13,,,
"Async Serial [1]","data",140.098675,9.50000001e-06,0x7E,,,
"Async Serial [1]","data",140.098685,9.49999999e-06,0x03,,,
"Async Serial [1]","data",140.098695,9.49999999e-06,0xBE,,,
"Async Serial [1]","data",140.098705,9.49999999e-06,0xB3,,,
"Async Serial","data",140.098811,9.49999999e-06,0xB2,,,
"Async Serial","data",140.098821,9.50000001e-06,0x00,,,
"Async Serial","data",140.098831,9.49999999e-06,0x00,,,
"Async Serial","data",140.098842,9.49999996e-06,0x00,,,
"Async Serial","data",140.098852,9.50000001e-06,0xB3,,,
"Async Serial [1]","data",140.098922,9.49999999e-06,0xB1,,,
"Async Serial [1]","data",140.098932,9.49999999e-06,0x02,,,
"Async Serial [1]","data",140.098942,9.49999999e-06,0x40,,,
"Async Serial [1]","data",140.098952,9.50000001e-06,0x01,,,
"Async Serial [1]","data",140.098962,9.50000001e-06,0x09,,,
"Async Serial [1]","data",140.098972,9.50000001e-06,0xB4,,,
"Async Serial [1]","data",140.098982,9.50000001e-06,0xB3,,,
"Async Serial","data",140.099028,9.50000001e-06,0xB2,,,
"Async Serial","data",140.099038,9.50000001e-06,0x00,,,
"Async Serial","data",140.099048,9.50000001e-06,0x00,,,
"Async Serial","data",140.099058,9.49999999e-06,0x00,,,
"Async Serial","data",140.099068,9.50000001e-06,0xB3,,,
"I2C","start",140.108,6.25000393e-08,,,,
"I2C","address",140.108002,2.325e-05,,true,0x25,false
"I2C","stop",140.108033,6.24999811e-08,,,,
"I2C","start",140.108038,6.25000102e-08,,,,
"I2C","address",140.10804,2.325e-05,,true,0x25,false
"I2C","data",140.108069,2.3125e-05,0x00,true,,
"I2C","start",140.108098,6.25000102e-08,,,,
"I2C","address",140.1081,2.325e-05,,true,0x25,true
"I2C","data",140.108134,2.325e-05,0xA5,true,,
"I2C","data",140.108159,2.325e-05,0x03,false,,
"I2C","stop",140.108185,6.25000393e-08,,,,
"I2C","start",140.108191,6.25000102e-08,,,,
"I2C","address",140.108193,2.325e-05,,true,0x25,false
"I2C","data",140.108222,2.3125e-05,0x40,true,,
"I2C","start",140.108251,6.25000393e-08,,,,
"I2C","address",140.108253,2.325e-05,,true,0x25,true
"I2C","data",140.108287,2.325e-05,0x09,false,,
"I2C","stop",140.108313,6.24999811e-08,,,,
"I2C","start",140.108318,6.25000393e-08,,,,
"I2C","address",140.108321,2.325e-05,,true,0x25,false
"I2C","data",140.108349,2.325e-05,0x00,true,,
"I2C","start",140.108378,6.25000102e-08,,,,
"I2C","address",140.108381,2.325e-05,,true,0x25,true
"I2C","data",140.108414,2.3125e-05,0xA5,true,,
"I2C","data",140.108439,2.325e-05,0x03,true,,
"I2C","data",140.108464,2.325e-05,0x09,true,,
"I2C","data",140.108488,2.325e-05,0x00,true,,
"I2C","data",140.108513,2.325e-05,0x28,true,,
"I2C","data",140.108538,2.325e-05,0xEF,true,,
"I2C","data",140.108563,2.31875e-05,0x5B,true,,
"I2C","data",140.108587,2.325e-05,0x00,true,,
"I2C","data",140.108612,2.325e-05,0x03,true,,
"I2C","data",140.108637,2.325e-05,0x00,true,,
"I2C","data",140.108662,2.325e-05,0x00,true,,
"I2C","data",140.108686,2.325e-05,0x00,true,,
"I2C","data",140.108711,2.325e-05,0x40,true,,
"I2C","data",140.108736,2.325e-05,0x0D,true,,
"I2C","data",140.10876,2.325e-05,0x03,true,,
"I2C","data",140.108785,2.325e-05,0x00,true,,
"I2C","data",140.10881,2.325e-05,0x0A,true,,
"I2C","data",140.108835,2.325e-05,0x00,true,,
"I2C","data",140.108859,2.325e-05,0x01,true,,
"I2C","data",140.108884,2.325e-05,0x00,true,,
"I2C","data",140.108909,2.325e-05,0x80,true,,
"I2C","data",140.108934,2.325e-05,0x8D,true,,
"I2C","data",140.108958,2.325e-05,0x5B,true,,
"I2C","data",140.108983,2.325e-05,0x00,true,,
"I2C","data",140.109008,2.325e-05,0x20,true,,
"I2C","data",140.109033,2.325e-05,0xBF,true,,
"I2C","data",140.109057,2.325e-05,0x02,true,,
"I2C","data",140.109082,2.325e-05,0x00,true,,
"I2C","data",140.109107,2.325e-05,0x00,true,,
"I2C","data",140.109131,2.325e-05,0x12,true,,
"I2C","data",140.109156,2.325e-05,0x7A,true,,
"I2C","data",140.109181,2.325e-05,0x00,true,,
"I2C","data",140.109206,2.325e-05,0x60,true,,
"I2C","data",140.10923,2.33125e-05,0xE3,true,,
"I2C","data",140.109255,2.325e-05,0x16,true,,
"I2C","data",140.10928,2.325e-05,0x00,true,,
"I2C","data",140.109305,2.325e-05,0x30,true,,
"I2C","data",140.109329,2.31875e-05,0x11,true,,
"I2C","data",140.109354,2.325e-05,0x00,true,,
"I2C","data",140.109379,2.325e-05,0x00,true,,
"I2C","data",140.109404,2.325e-05,0xD0,true,,
"I2C","data",140.109428,2.325e-05,0xEE,true,,
"I2C","data",140.109453,2.325e-05,0xFF,true,,
"I2C","data",140.109478,2.325e-05,0xFF,true,,
"I2C","data",140.109502,2.325e-05,0x20,true,,
"I2C","data",140.109527,2.325e-05,0x03,true,,
"I2C","data",140.109552,2.325e-05,0xD0,true,,
"I2C","data",140.109577,2.325e-05,0x07,true,,
"I2C","data",140.109601,2.31875e-05,0x64,true,,
"I2C","data",140.109626,2.325e-05,0x00,true,,
"I2C","data",140.109651,2.325e-05,0xF4,true,,
"I2C","data",140.109676,2.325e-05,0x01,true,,
"I2C","data",140.1097,2.325e-05,0x00,true,,
"I2C","data",140.109725,2.325e-05,0x00,true,,
"I2C","data",140.10975,2.325e-05,0x00,true,,
"I2C","data",140.109774,2.325e-05,0x00,true,,
"I2C","data",140.109799,2.325e-05,0x00,true,,
"I2C","data",140.109824,2.325e-05,0x00,true,,
"I2C","data",140.109849,2.325e-05,0x00,true,,
"I2C","data",140.109873,2.325e-05,0x00,true,,
"I2C","data",140.109898,2.325e-05,0x00,true,,
"I2C","data",140.109923,2.325e-05,0x00,true,,
"I2C","data",140.109948,2.325e-05,0x00,true,,
"I2C","data",140.109972,2.325e-05,0x00,true,,
"I2C","data",140.109997,2.325e-05,0x09,true,,
"I2C","data",140.110022,2.325e-05,0x8C,true,,
"I2C","data",140.110047,2.325e-05,0x00,true,,
"I2C","data",140.110071,2.325e-05,0x00,true,,
"I2C","data",140.110096,2.325e-05,0x01,true,,
"I2C","data",140.110121,2.325e-05,0x00,true,,
"I2C","data",140.110145,2.325e-05,0x00,true,,
"I2C","data",140.11017,2.325e-05,0x01,true,,
"I2C","data",140.110195,2.325e-05,0x00,true,,
"I2C","data",140.11022,2.325e-05,0x00,true,,
"I2C","data",140.110244,2.325e-05,0x00,true,,
"I2C","data",140.110269,2.325e-05,0x00,true,,
"I2C","data",140.110294,2.325e-05,0x2F,true,,
"I2C","data",140.110319,2.325e-05,0x20,true,,
"I2C","data",140.110343,2.31875e-05,0x00,true,,
"I2C","data",140.110368,2.325e-05,0x00,true,,
"I2C","data",140.110393,2.325e-05,0x20,true,,
"I2C","data",140.110418,2.325e-05,0x4E,true,,
"I2C","data",140.110442,2.325e-05,0x00,true,,
"I2C","data",140.110467,2.325e-05,0x00,true,,
"I2C","data",140.110492,2.325e-05,0x00,true,,
"I2C","data",140.110516,2.31875e-05,0x5A,true,,
"I2C","data",140.110541,2.325e-05,0x62,true,,
"I2C","data",140.110566,2.325e-05,0x02,true,,
"I2C","data",140.110591,2.325e-05,0x79,true,,
"I2C","data",140.110615,2.325e-05,0x01,true,,
"I2C","data",140.11064,2.325e-05,0x00,true,,
"I2C","data",140.110665,2.325e-05,0x00,true,,
"I2C","data",140.11069,2.325e-05,0x57,true,,
"I2C","data",140.110714,2.325e-05,0x13,true,,
"I2C","data",140.110739,2.325e-05,0x7E,true,,
"I2C","data",140.110764,2.325e-05,0x03,false,,
"I2C","stop",140.11079,6.25000102e-08,,,,
"I2C","start",140.110795,6.25000102e-08,,,,
"I2C","address",140.110798,2.325e-05,,true,0x25,false
"I2C","data",140.110826,2.325e-05,0x40,true,,
"I2C","start",140.110855,6.25000102e-08,,,,
"I2C","address",140.110858,2.325e-05,,true,0x25,true
"I2C","data",140.110891,2.3125e-05,0x09,false,,
"I2C","stop",140.110917,6.24999811e-08,,,,
"Async Serial [1]","data",140.149093,9.49999999e-06,0xB1,,,
"Async Serial [1]","data",140.149103,9.49999999e-06,0x01,,,
"Async Serial [1]","data",140.149113,9.50000001e-06,0x02,,,
"Async Serial [1]","data",140.149123,9.50000001e-06,0x46,,,
"Async Serial [1]","data",140.149133,9.50000001e-06,0xB7,,,
"Async Serial [1]","data",140.149143,9.49999999e-06,0xB3,,,
"Async Serial","data",140.149385,9.50000001e-06,0xB2,,,
"Async Serial","data",140.149395,9.50000001e-06,0x00,,,
"Async Serial","data",140.149406,9.49999999e-06,0x46,,,
"Async Serial","data",140.149416,9.49999999e-06,0x09,,,
"Async Serial","data",140.149426,9.49999999e-06,0x00,,,
"Async Serial","data",140.149436,9.50000001e-06,0x28,,,
"Async Serial","data",140.149446,9.50000001e-06,0xEF,,,
"Async Serial","data",140.149456,9.50000001e-06,0x5B,,,
"Async Serial","data",140.149466,9.49999999e-06,0x00,,,
"Async Serial","data",140.149476,9.50000001e-06,0x03,,,
"Async Serial","data",140.149486,9.50000001e-06,0x00,,,
"Async Serial","data",140.149497,9.50000001e-06,0x00,,,
"Async Serial","data",140.149507,9.49999999e-06,0x00,,,
"Async Serial","data",140.149517,9.49999999e-06,0x40,,,
"Async Serial","data",140.149527,9.50000001e-06,0x0D,,,
"Async Serial","data",140.149537,9.50000001e-06,0x03,,,
"Async Serial","data",140.149547,9.50000001e-06,0x00,,,
"Async Serial","data",140.149557,9.49999999e-06,0x0A,,,
"Async Serial","data",140.149567,9.49999999e-06,0x00,,,
"Async Serial","data",140.149577,9.50000001e-06,0x01,,,
"Async Serial","data",140.149587,9.50000001e-06,0x00,,,
"Async Serial","data",140.149598,9.49999996e-06,0x80,,,
"Async Serial","data",140.149608,9.50000001e-06,0x8D,,,
"Async Serial","data",140.149618,9.50000001e-06,0x5B,,,
"Async Serial","data",140.149628,9.50000001e-06,0x00,,,
"Async Serial","data",140.149638,9.49999999e-06,0x20,,,
"Async Serial","data",140.149648,9.49999999e-06,0xBF,,,
"Async Serial","data",140.149658,9.50000001e-06,0x02,,,
"Async Serial","data",140.149668,9.50000001e-06,0x00,,,
"Async Serial","data",140.149678,9.50000001e-06,0x00,,,
"Async Serial","data",140.149689,9.49999999e-06,0x12,,,
"Async Serial","data",140.149699,9.50000001e-06,0x7A,,,
"Async Serial","data",140.149709,9.50000001e-06,0x00,,,
"Async Serial","data",140.149719,9.50000001e-06,0x60,,,
"Async Serial","data",140.149729,9.49999999e-06,0xE3,,,
"Async Serial","data",140.149739,9.49999999e-06,0x16,,,
"Async Serial","data",140.149749,9.50000001e-06,0x00,,,
"Async Serial","data",140.149759,9.50000001e-06,0x30,,,
"Async Serial","data",140.149769,9.50000001e-06,0x11,,,
"Async Serial","data",140.149779,9.49999999e-06,0x00,,,
"Async Serial","data",140.14979,9.49999999e-06,0x00,,,
"Async Serial","data",140.1498,9.50000001e-06,0xD0,,,
"Async Serial","data",140.14981,9.50000001e-06,0xEE,,,
"Async Serial","data",140.14982,9.49999996e-06,0xFF,,,
"Async Serial","data",140.14983,9.49999999e-06,0xFF,,,
"Async Serial","data",140.14984,9.50000001e-06,0x20,,,
"Async Serial","data",140.14985,9.50000001e-06,0x03,,,
"Async Serial","data",140.14986,9.49999999e-06,0xD0,,,
"Async Serial","data",140.14987,9.49999999e-06,0x07,,,
"Async Serial","data",140.149881,9.50000001e-06,0x64,,,
"Async Serial","data",140.149891,9.49999999e-06,0x00,,,
"Async Serial","data",140.149901,9.50000001e-06,0xF4,,,
"Async Serial","data",140.149911,9.49999999e-06,0x01,,,
"Async Serial","data",140.149921,9.50000001e-06,0x00,,,
"Async Serial","data",140.149931,9.50000001e-06,0x00,,,
"Async Serial","data",140.149941,9.50000001e-06,0x00,,,
"Async Serial","data",140.149951,9.50000001e-06,0x00,,,
"Async Serial","data",140.149961,9.49999999e-06,0x00,,,
"Async Serial","data",140.149971,9.50000001e-06,0x00,,,
"Async Serial","data",140.149982,9.49999999e-06,0x00,,,
"Async Serial","data",140.149992,9.50000001e-06,0x00,,,
"Async Serial","data",140.150002,9.49999999e-06,0x00,,,
"Async Serial","data",140.150012,9.49999999e-06,0x00,,,
"Async Serial","data",140.150022,9.50000001e-06,0x00,,,
"Async Serial","data",140.150032,9.50000001e-06,0x00,,,
"Async Serial","data",140.150042,9.49999999e-06,0x09,,,
"Async Serial","data",140.150052,9.49999999e-06,0x8C,,,
"Async Serial","data",140.150062,9.50000001e-06,0x00,,,
"Async Serial","data",140.150073,9.49999999e-06,0x00,,,
"Async Serial","data",140.150083,9.49999999e-06,0x01,,,
"Async Serial","data",140.150093,9.49999999e-06,0x00,,,
"Async Serial","data",140.150103,9.50000001e-06,0x00,,,
"Async Serial","data",140.150113,9.49999999e-06,0x01,,,
"Async Serial","data",140.150123,9.50000001e-06,0xCC,,,
"Async Serial","data",140.150133,9.49999999e-06,0xB3,,,
"Async Serial [1]","data",140.150207,9.50000001e-06,0xB1,,,
"Async Serial [1]","data",140.150217,9.49999999e-06,0x02,,,
"Async Serial [1]","data",140.150227,9.49999999e-06,0x40,,,
"Async Serial [1]","data",140.150237,9.50000001e-06,0x01,,,
"Async Serial [1]","data",140.150247,9.50000001e-06,0x89,,,
"Async Serial [1]","data",140.150257,9.49999999e-06,0x34,,,
"Async Serial [1]","data",140.150267,9.49999996e-06,0xB3,,,
"Async Serial","data",140.150319,9.49999999e-06,0xB2,,,
"Async Serial","data",140.150329,9.50000001e-06,0x00,,,
"Async Serial","data",140.150339,9.49999999e-06,0x00,,,
"Async Serial","data",140.150349,9.49999999e-06,0x00,,,
"Async Serial","data",140.15036,9.49999999e-06,0xB3,,,
"Async Serial [1]","data",140.150409,9.49999999e-06,0xB1,,,
"Async Serial [1]","data",140.150419,9.49999999e-06,0x02,,,
"Async Serial [1]","data",140.150429,9.50000001e-06,0x41,,,
"Async Serial [1]","data",140.150439,9.50000001e-06,0x01,,,
"Async Serial [1]","data",140.150449,9.50000001e-06,0x8C,,,
"Async Serial [1]","data",140.150459,9.49999999e-06,0x30,,,
"Async Serial [1]","data",140.150469,9.49999999e-06,0xB3,,,
"Async Serial","data",140.15052,9.49999999e-06,0xB2,,,
"Async Serial","data",140.15053,9.50000001e-06,0x00,,,
"Async Serial","data",140.15054,9.50000001e-06,0x00,,,
"Async Serial","data",140.150551,9.50000001e-06,0x00,,,
"Async Serial","data",140.150561,9.50000001e-06,0xB3,,,
"Async Serial [1]","data",140.150612,9.50000001e-06,0xB1,,,
"Async Serial [1]","data",140.150622,9.50000001e-06,0x02,,,
"Async Serial [1]","data",140.150632,9.50000001e-06,0x43,,,
"Async Serial [1]","data",140.150642,9.49999999e-06,0x03,,,
"Async Serial [1]","data",140.150652,9.49999999e-06,0x00,,,
"Async Serial [1]","data",140.150662,9.50000001e-06,0x01,,,
"Async Serial [1]","data",140.150672,9.50000001e-06,0x00,,,
"Async Serial [1]","data",140.150682,9.49999999e-06,0xB7,,,
"Async Serial [1]","data",140.150692,9.49999996e-06,0xB3,,,
"Async Serial","data",140.150745,9.50000001e-06,0xB2,,,
"Async Serial","data",140.150755,9.49999999e-06,0x00,,,
"Async Serial","data",140.150765,9.50000001e-06,0x00,,,
"Async Serial","data",140.150775,9.50000001e-06,0x00,,,
"Async Serial","data",140.150785,9.50000001e-06,0xB3,,,
"Async Serial [1]","data",140.150815,9.49999999e-06,0xB1,,,
"Async Serial [1]","data",140.150825,9.49999999e-06,0x02,,,
"Async Serial [1]","data",140.150835,9.50000001e-06,0x48,,,
"Async Serial [1]","data",140.150845,9.50000001e-06,0x18,,,
"Async Serial [1]","data",140.150855,9.49999999e-06,0x00,,,
"Async Serial [1]","data",140.150865,9.50000001e-06,0x00,,,
"Async Serial [1]","data",140.150875,9.50000001e-06,0x00,,,
"Async Serial [1]","data",140.150885,9.50000001e-06,0x00,,,
"Async Serial [1]","data",140.150895,9.49999999e-06,0xC4,,,
"Async Serial [1]","data",140.150905,9.49999999e-06,0x10,,,
"Async Serial [1]","data",140.150915,9.49999999e-06,0x00,,,
"Async Serial [1]","data",140.150925,9.50000001e-06,0x00,,,
"Async Serial [1]","data",140.150935,9.50000001e-06,0x20,,,
"Async Serial [1]","data",140.150945,9.49999999e-06,0x4E,,,
"Async Serial [1]","data",140.150955,9.49999999e-06,0x00,,,
"Async Serial [1]","data",140.150965,9.50000001e-06,0x00,,,
"Async Serial [1]","data",140.150975,9.50000001e-06,0x00,,,
"Async Serial [1]","data",140.150985,9.50000001e-06,0x5A,,,
"Async Serial [1]","data",140.150995,9.49999999e-06,0x62,,,
"Async Serial [1]","data",140.151005,9.49999996e-06,0x02,,,
"Async Serial [1]","data",140.151015,9.50000001e-06,0x79,,,
"Async Serial [1]","data",140.151025,9.50000001e-06,0x01,,,
"Async Serial [1]","data",140.151035,9.50000001e-06,0x00,,,
"Async Serial [1]","data",140.151045,9.49999999e-06,0x00,,,
"Async Serial [1]","data",140.151055,9.49999999e-06,0x57,,,
"Async Serial [1]","data",140.151065,9.50000001e-06,0x13,,,
"Async Serial [1]","data",140.151075,9.50000001e-06,0x7E,,,
"Async Serial [1]","data",140.151085,9.50000001e-06,0x03,,,
"Async Serial [1]","data",140.151095,9.50000001e-06,0x39,,,
"Async Serial [1]","data",140.151105,9.49999999e-06,0xB3,,,
"Async Serial","data",140.151212,9.49999999e-06,0xB2,,,
"Async Serial","data",140.151222,9.50000001e-06,0x00,,,
"Async Serial","data",140.151233,9.49999996e-06,0x00,,,
"Async Serial","data",140.151243,9.49999999e-06,0x00,,,
"Async Serial","data",140.151253,9.50000001e-06,0xB3,,,
"Async Serial [1]","data",140.151322,9.50000001e-06,0xB1,,,
"Async Serial [1]","data",140.151332,9.50000001e-06,0x02,,,
"Async Serial [1]","data",140.151342,9.50000001e-06,0x40,,,
"Async Serial [1]","data",140.151352,9.49999999e-06,0x01,,,
"Async Serial [1]","data",140.151362,9.49999996e-06,0x09,,,
"Async Serial [1]","data",140.151372,9.50000001e-06,0xB4,,,
"Async Serial [1]","data",140.151382,9.50000001e-06,0xB3,,,
"Async Serial","data",140.151429,9.50000001e-06,0xB2,,,
"Async Serial","data",140.151439,9.50000001e-06,0x00,,,
"Async Serial","data",140.151449,9.50000001e-06,0x00,,,
"Async Serial","data",140.151459,9.49999999e-06,0x00,,,
"Async Serial","data",140.151469,9.50000001e-06,0xB3,,,
"Async Serial [1]","data",140.201493,9.50000001e-06,0xB1,,,
"Async Serial [1]","data",140.201503,9.50000001e-06,0x01,,,
"Async Serial [1]","data",140.201513,9.49999996e-06,0x02,,,
"Async Serial [1]","data",140.201523,9.49999999e-06,0x46,,,
"Async Serial [1]","data",140.201533,9.50000001e-06,0xB7,,,
"Async Serial [1]","data",140.201543,9.50000001e-06,0xB3,,,
"Async Serial","data",140.201779,9.50000001e-06,0xB2,,,
"Async Serial","data",140.201789,9.50000001e-06,0x00,,,
"Async Serial","data",140.201799,9.50000001e-06,0x46,,,
"Async Serial","data",140.20181,9.49999996e-06,0x09,,,
"Async Serial","data",140.20182,9.49999999e-06,0x00,,,
"Async Serial","data",140.20183,9.50000001e-06,0x28,,,
"Async Serial","data",140.20184,9.49999999e-06,0xEF,,,
"Async Serial","data",140.20185,9.50000001e-06,0x5B,,,
"Async Serial","data",140.20186,9.49999999e-06,0x00,,,
"Async Serial","data",140.20187,9.49999999e-06,0x03,,,
"Async Serial","data",140.20188,9.50000001e-06,0x00,,,
"Async Serial","data",140.20189,9.50000001e-06,0x00,,,
"Async Serial","data",140.2019,9.50000001e-06,0x00,,,
"Async Serial","data",140.201911,9.49999996e-06,0x40,,,
"Async Serial","data",140.201921,9.50000001e-06,0x0D,,,
"Async Serial","data",140.201931,9.49999999e-06,0x03,,,
"Async Serial","data",140.201941,9.49999999e-06,0x00,,,
"Async Serial","data",140.201951,9.49999999e-06,0x0A,,,
"Async Serial","data",140.201961,9.49999999e-06,0x00,,,
"Async Serial","data",140.201971,9.49999999e-06,0x01,,,
"Async Serial","data",140.201981,9.50000001e-06,0x00,,,
"Async Serial","data",140.201991,9.50000001e-06,0x80,,,
"Async Serial","data",140.202002,9.49999999e-06,0x8D,,,
"Async Serial","data",140.202012,9.50000001e-06,0x5B,,,
"Async Serial","data",140.202022,9.49999999e-06,0x00,,,
"Async Serial","data",140.202032,9.50000001e-06,0x20,,,
"Async Serial","data",140.202042,9.49999999e-06,0xBF,,,
"Async Serial","data",140.202052,9.49999999e-06,0x02,,,
"Async Serial","data",140.202062,9.50000001e-06,0x00,,,
"Async Serial","data",140.202072,9.50000001e-06,0x00,,,
"Async Serial","data",140.202082,9.50000001e-06,0x12,,,
"Async Serial","data",140.202092,9.49999999e-06,0x7A,,,
"Async Serial","data",140.202103,9.50000001e-06,0x00,,,
"Async Serial","data",140.202113,9.49999999e-06,0x60,,,
"Async Serial","data",140.202123,9.50000001e-06,0xE3,,,
"Async Serial","data",140.202133,9.49999996e-06,0x16,,,
"Async Serial","data",140.202143,9.50000001e-06,0x00,,,
"Async Serial","data",140.202153,9.50000001e-06,0x30,,,
"Async Serial","data",140.202163,9.49999999e-06,0x11,,,
"Async Serial","data",140.202173,9.50000001e-06,0x00,,,
"Async Serial","data",140.202183,9.49999999e-06,0x00,,,
"Async Serial","data",140.202193,9.50000001e-06,0xD0,,,
"Async Serial","data",140.202204,9.49999996e-06,0xEE,,,
"Async Serial","data",140.202214,9.50000001e-06,0xFF,,,
"Async Serial","data",140.202224,9.49999999e-06,0xFF,,,
"Async Serial","data",140.202234,9.49999999e-06,0x20,,,
"Async Serial","data",140.202244,9.50000001e-06,0x03,,,
"Async Serial","data",140.202254,9.49999999e-06,0xD0,,,
"Async Serial","data",140.202264,9.49999999e-06,0x07,,,
"Async Serial","data",140.202274,9.49999999e-06,0x64,,,
"Async Serial","data",140.202284,9.50000001e-06,0x00,,,
"Async Serial","data",140.202295,9.49999999e-06,0xF4,,,
"Async Serial","data",140.202305,9.50000001e-06,0x01,,,
"Async Serial","data",140.202315,9.50000001e-06,0x00,,,
"Async Serial","data",140.202325,9.50000001e-06,0x00,,,
"Async Serial","data",140.202335,9.50000001e-06,0x00,,,
"Async Serial","data",140.202345,9.50000001e-06,0x00,,,
"Async Serial","data",140.202355,9.50000001e-06,0x00,,,
"Async Serial","data",140.202365,9.49999999e-06,0x00,,,
"Async Serial","data",140.202375,9.50000001e-06,0x00,,,
"Async Serial","data",140.202385,9.49999999e-06,0x00,,,
"Async Serial","data",140.202396,9.50000001e-06,0x00,,,
"Async Serial","data",140.202406,9.49999999e-06,0x00,,,
"Async Serial","data",140.202416,9.50000001e-06,0x00,,,
"Async Serial","data",140.202426,9.49999999e-06,0x00,,,
"Async Serial","data",140.202436,9.50000001e-06,0x09,,,
"Async Serial","data",140.202446,9.50000001e-06,0x8C,,,
"Async Serial","data",140.202456,9.49999996e-06,0x00,,,
"Async Serial","data",140.202466,9.50000001e-06,0x00,,,
"Async Serial","data",140.202476,9.49999999e-06,0x01,,,
"Async Serial","data",140.202487,9.49999999e-06,0x00,,,
"Async Serial","data",140.202497,9.49999999e-06,0x00,,,
"Async Serial","data",140.202507,9.50000001e-06,0x01,,,
"Async Serial","data",140.202517,9.50000001e-06,0xCC,,,
"Async Serial","data",140.202527,9.50000001e-06,0xB3,,,
"Async Serial [1]","data",140.202608,9.49999999e-06,0xB1,,,
"Async Serial [1]","data",140.202618,9.50000001e-06,0x02,,,
"Async Serial [1]","data",140.202628,9.50000001e-06,0x40,,,
"Async Serial [1]","data",140.202638,9.49999999e-06,0x01,,,
"Async Serial [1]","data",140.202648,9.50000001e-06,0x89,,,
"Async Serial [1]","data",140.202658,9.50000001e-06,0x34,,,
"Async Serial [1]","data",140.202668,9.50000001e-06,0xB3,,,
"Async Serial","data",140.202731,9.50000001e-06,0xB2,,,
"Async Serial","data",140.202741,9.49999999e-06,0x00,,,
"Async Serial","data",140.202751,9.50000001e-06,0x00,,,
"Async Serial","data",140.202761,9.49999999e-06,0x00,,,
"Async Serial","data",140.202772,9.49999999e-06,0xB3,,,
"Async Serial [1]","data",140.20281,9.50000001e-06,0xB1,,,
"Async Serial [1]","data",140.20282,9.49999999e-06,0x02,,,
"Async Serial [1]","data",140.20283,9.49999996e-06,0x41,,,
"Async Serial [1]","data",140.20284,9.50000001e-06,0x01,,,
"Async Serial [1]","data",140.20285,9.50000001e-06,0x8C,,,
"Async Serial [1]","data",140.20286,9.50000001e-06,0x30,,,
"Async Serial [1]","data",140.20287,9.49999999e-06,0xB3,,,
"Async Serial","data",140.202918,9.49999999e-06,0xB2,,,
"Async Serial","data",140.202928,9.49999999e-06,0x00,,,
"Async Serial","data",140.202938,9.50000001e-06,0x00,,,
"Async Serial","data",140.202948,9.49999996e-06,0x00,,,
"Async Serial","data",140.202958,9.50000001e-06,0xB3,,,
"Async Serial [1]","data",140.203012,9.50000001e-06,0xB1,,,
"Async Serial [1]","data",140.203022,9.49999999e-06,0x02,,,
"Async Serial [1]","data",140.203032,9.50000001e-06,0x43,,,
"Async Serial [1]","data",140.203042,9.50000001e-06,0x03,,,
"Async Serial [1]","data",140.203052,9.49999999e-06,0x00,,,
"Async Serial [1]","data",140.203062,9.50000001e-06,0x01,,,
"Async Serial [1]","data",140.203072,9.50000001e-06,0x00,,,
"Async Serial [1]","data",140.203082,9.50000001e-06,0xB7,,,
"Async Serial [1]","data",140.203092,9.49999999e-06,0xB3,,,
"Async Serial","data",140.203142,9.49999999e-06,0xB2,,,
"Async Serial","data",140.203152,9.50000001e-06,0x00,,,
"Async Serial","data",140.203162,9.50000001e-06,0x00,,,
"Async Serial","data",140.203173,9.50000001e-06,0x00,,,
"Async Serial","data",140.203183,9.49999999e-06,0xB3,,,
"Async Serial [1]","data",140.203216,9.49999999e-06,0xB1,,,
"Async Serial [1]","data",140.203226,9.49999999e-06,0x02,,,
"Async Serial [1]","data",140.203236,9.50000001e-06,0x48,,,
"Async Serial [1]","data",140.203246,9.50000001e-06,0x18,,,
"Async Serial [1]","data",140.203256,9.49999999e-06,0x00,,,
"Async Serial [1]","data",140.203266,9.49999996e-06,0x00,,,
"Async Serial [1]","data",140.203276,9.49999999e-06,0x00,,,
"Async Serial [1]","data",140.203286,9.50000001e-06,0x00,,,
"Async Serial [1]","data",140.203296,9.50000001e-06,0x66,,,
"Async Serial [1]","data",140.203306,9.50000001e-06,0xFD,,,
"Async Serial [1]","data",140.203316,9.49999999e-06,0xFF,,,
"Async Serial [1]","data",140.203326,9.49999999e-06,0xFF,,,
"Async Serial [1]","data",140.203336,9.50000001e-06,0x20,,,
"Async Serial [1]","data",140.203346,9.49999999e-06,0x4E,,,
"Async Serial [1]","data",140.203356,9.50000001e-06,0x00,,,
"Async Serial [1]","data",140.203366,9.49999999e-06,0x00,,,
"Async Serial [1]","data",140.203376,9.49999999e-06,0x00,,,
"Async Serial [1]","data",140.203386,9.50000001e-06,0x5A,,,
"Async Serial [1]","data",140.203396,9.50000001e-06,0x62,,,
"Async Serial [1]","data",140.203406,9.50000001e-06,0x02,,,
"Async Serial [1]","data",140.203416,9.49999999e-06,0x79,,,
"Async Serial [1]","data",140.203426,9.50000001e-06,0x01,,,
"Async Serial [1]","data",140.203436,9.49999999e-06,0x00,,,
"Async Serial [1]","data",140.203446,9.50000001e-06,0x00,,,
"Async Serial [1]","data",140.203456,9.49999999e-06,0x57,,,
"Async Serial [1]","data",140.203466,9.49999999e-06,0x13,,,
"Async Serial [1]","data",140.203476,9.50000001e-06,0x7E,,,
"Async Serial [1]","data",140.203486,9.50000001e-06,0x03,,,
"Async Serial [1]","data",140.203496,9.50000001e-06,0xAC,,,
"Async Serial [1]","data",140.203506,9.50000001e-06,0xB3,,,
"Async Serial","data",140.203618,9.49999996e-06,0xB2,,,
"Async Serial","data",140.203628,9.50000001e-06,0x00,,,
"Async Serial","data",140.203638,9.49999999e-06,0x00,,,
"Async Serial","data",140.203649,9.49999999e-06,0x00,,,
"Async Serial","data",140.203659,9.49999999e-06,0xB3,,,
"Async Serial [1]","data",140.203723,9.49999999e-06,0xB1,,,
"Async Serial [1]","data",140.203733,9.49999999e-06,0x02,,,
"Async Serial [1]","data",140.203743,9.50000001e-06,0x40,,,
"Async Serial [1]","data",140.203753,9.50000001e-06,0x01,,,
"Async Serial [1]","data",140.203763,9.50000001e-06,0x09,,,
"Async Serial [1]","data",140.203773,9.49999999e-06,0xB4,,,
"Async Serial [1]","data",140.203783,9.49999999e-06,0xB3,,,
"Async Serial","data",140.203834,9.49999999e-06,0xB2,,,
"Async Serial","data",140.203845,9.50000001e-06,0x00,,,
"Async Serial","data",140.203855,9.50000001e-06,0x00,,,
"Async Serial","data",140.203865,9.49999999e-06,0x00,,,
"Async Serial","data",140.203875,9.50000001e-06,0xB3,,,
"Async Serial [1]","data",140.253894,9.50000001e-06,0xB1,,,
"Async Serial [1]","data",140.253904,9.50000001e-06,0x01,,,
"Async Serial [1]","data",140.253914,9.50000001e-06,0x02,,,
"Async Serial [1]","data",140.253924,9.49999999e-06,0x46,,,
"Async Serial [1]","data",140.253934,9.49999999e-06,0xB7,,,
"Async Serial [1]","data",140.253944,9.49999999e-06,0xB3,,,
"Async Serial","data",140.254185,9.49999999e-06,0xB2,,,
"Async Serial","data",140.254195,9.50000001e-06,0x00,,,
"Async Serial","data",140.254205,9.49999999e-06,0x46,,,
"Async Serial","data",140.254215,9.50000001e-06,0x09,,,
"Async Serial","data",140.254225,9.50000001e-06,0x00,,,
"Async Serial","data",140.254235,9.50000001e-06,0x28,,,
"Async Serial","data",140.254245,9.50000001e-06,0xEF,,,
"Async Serial","data",140.254255,9.49999999e-06,0x5B,,,
"Async Serial","data",140.254265,9.50000001e-06,0x00,,,
"Async Serial","data",140.254276,9.49999999e-06,0x03,,,
"Async Serial","data",140.254286,9.50000001e-06,0x00,,,
"Async Serial","data",140.254296,9.49999996e-06,0x00,,,
"Async Serial","data",140.254306,9.50000001e-06,0x00,,,
"Async Serial","data",140.254316,9.50000001e-06,0x40,,,
"Async Serial","data",140.254326,9.49999999e-06,0x0D,,,
"Async Serial","data",140.254336,9.50000001e-06,0x03,,,
"Async Serial","data",140.254346,9.49999999e-06,0x00,,,
"Async Serial","data",140.254356,9.50000001e-06,0x0A,,,
"Async Serial","data",140.254366,9.49999996e-06,0x00,,,
"Async Serial","data",140.254377,9.50000001e-06,0x01,,,
"Async Serial","data",140.254387,9.49999999e-06,0x00,,,
"Async Serial","data",140.254397,9.49999999e-06,0x80,,,
"Async Serial","data",140.254407,9.49999999e-06,0x8D,,,
"Async Serial","data",140.254417,9.50000001e-06,0x5B,,,
"Async Serial","data",140.254427,9.49999999e-06,0x00,,,
"Async Serial","data",140.254437,9.49999999e-06,0x20,,,
"Async Serial","data",140.254447,9.50000001e-06,0xBF,,,
"Async Serial","data",140.254457,9.50000001e-06,0x02,,,
"Async Serial","data",140.254468,9.50000001e-06,0x00,,,
"Async Serial","data",140.254478,9.49999999e-06,0x00,,,
"Async Serial","data",140.254488,9.49999999e-06,0x12,,,
"Async Serial","data",140.254498,9.49999999e-06,0x7A,,,
"Async Serial","data",140.254508,9.50000001e-06,0x00,,,
"Async Serial","data",140.254518,9.49999996e-06,0x60,,,
"Async Serial","data",140.254528,9.49999999e-06,0xE3,,,
"Async Serial","data",140.254538,9.50000001e-06,0x16,,,
"Async Serial","data",140.254548,9.49999999e-06,0x00,,,
"Async Serial","data",140.254558,9.50000001e-06,0x30,,,
"Async Serial","data",140.254569,9.49999999e-06,0x11,,,
"Async Serial","data",140.254579,9.50000001e-06,0x00,,,
"Async Serial","data",140.254589,9.49999996e-06,0x00,,,
"Async Serial","data",140.254599,9.50000001e-06,0xD0,,,
"Async Serial","data",140.254609,9.49999999e-06,0xEE,,,
"Async Serial","data",140.254619,9.50000001e-06,0xFF,,,
"Async Serial","data",140.254629,9.50000001e-06,0xFF,,,
"Async Serial","data",140.254639,9.50000001e-06,0x20,,,
"Async Serial","data",140.254649,9.49999999e-06,0x03,,,
"Async Serial","data",140.25466,9.49999999e-06,0xD0,,,
"Async Serial","data",140.25467,9.50000001e-06,0x07,,,
"Async Serial","data",140.25468,9.50000001e-06,0x64,,,
"Async Serial","data",140.25469,9.50000001e-06,0x00,,,
"Async Serial","data",140.2547,9.49999999e-06,0xF4,,,
"Async Serial","data",140.25471,9.49999999e-06,0x01,,,
"Async Serial","data",140.25472,9.50000001e-06,0x00,,,
"Async Serial","data",140.25473,9.50000001e-06,0x00,,,
"Async Serial","data",140.25474,9.49999996e-06,0x00,,,
"Async Serial","data",140.25475,9.49999999e-06,0x00,,,
"Async Serial","data",140.254761,9.50000001e-06,0x00,,,
"Async Serial","data",140.254771,9.49999999e-06,0x00,,,
"Async Serial","data",140.254781,9.50000001e-06,0x00,,,
"Async Serial","data",140.254791,9.49999999e-06,0x00,,,
"Async Serial","data",140.254801,9.50000001e-06,0x00,,,
"Async Serial","data",140.254811,9.49999999e-06,0x00,,,
"Async Serial","data",140.254821,9.50000001e-06,0x00,,,
"Async Serial","data",140.254831,9.49999999e-06,0x00,,,
"Async Serial","data",140.254841,9.49999996e-06,0x09,,,
"Async Serial","data",140.254852,9.50000001e-06,0x8C,,,
"Async Serial","data",140.254862,9.50000001e-06,0x00,,,
"Async Serial","data",140.254872,9.49999999e-06,0x00,,,
"Async Serial","data",140.254882,9.49999999e-06,0x01,,,
"Async Serial","data",140.254892,9.50000001e-06,0x00,,,
"Async Serial","data",140.254902,9.50000001e-06,0x00,,,
"Async Serial","data",140.254912,9.50000001e-06,0x01,,,
"Async Serial","data",140.254922,9.49999999e-06,0xCC,,,
"Async Serial","data",140.254932,9.49999999e-06,0xB3,,,
"Async Serial [1]","data",140.255008,9.49999999e-06,0xB1,,,
"Async Serial [1]","data",140.255018,9.50000001e-06,0x02,,,
"Async Serial [1]","data",140.255028,9.50000001e-06,0x40,,,
"Async Serial [1]","data",140.255038,9.49999999e-06,0x01,,,
"Async Serial [1]","data",140.255048,9.49999999e-06,0x89,,,
"Async Serial [1]","data",140.255058,9.49999999e-06,0x34,,,
"Async Serial [1]","data",140.255068,9.50000001e-06,0xB3,,,
"Async Serial","data",140.255115,9.50000001e-06,0xB2,,,
"Async Serial","data",140.255125,9.49999996e-06,0x00,,,
"Async Serial","data",140.255135,9.50000001e-06,0x00,,,
"Async Serial","data",140.255145,9.50000001e-06,0x00,,,
"Async Serial","data",140.255156,9.50000001e-06,0xB3,,,
"Async Serial [1]","data",140.25521,9.50000001e-06,0xB1,,,
"Async Serial [1]","data",140.25522,9.50000001e-06,0x02,,,
"Async Serial [1]","data",140.25523,9.50000001e-06,0x41,,,
"Async Serial [1]","data",140.25524,9.49999999e-06,0x01,,,
"Async Serial [1]","data",140.25525,9.49999996e-06,0x8C,,,
"Async Serial [1]","data",140.25526,9.49999999e-06,0x30,,,
"Async Serial [1]","data",140.25527,9.50000001e-06,0xB3,,,
"Async Serial","data",140.255322,9.50000001e-06,0xB2,,,
"Async Serial","data",140.255332,9.50000001e-06,0x00,,,
"Async Serial","data",140.255343,9.49999999e-06,0x00,,,
"Async Serial","data",140.255353,9.50000001e-06,0x00,,,
"Async Serial","data",140.255363,9.49999999e-06,0xB3,,,
"Async Serial [1]","data",140.255412,9.49999999e-06,0xB1,,,
"Async Serial [1]","data",140.255422,9.49999999e-06,0x02,,,
"Async Serial [1]","data",140.255432,9.50000001e-06,0x43,,,
"Async Serial [1]","data",140.255442,9.50000001e-06,0x03,,,
"Async Serial [1]","data",140.255452,9.49999999e-06,0x00,,,
"Async Serial [1]","data",140.255462,9.49999999e-06,0x01,,,
"Async Serial [1]","data",140.255472,9.49999999e-06,0x00,,,
"Async Serial [1]","data",140.255482,9.50000001e-06,0xB7,,,
"Async Serial [1]","data",140.255492,9.50000001e-06,0xB3,,,
"Async Serial","data",140.255547,9.49999999e-06,0xB2,,,
"Async Serial","data",140.255557,9.50000001e-06,0x00,,,
"Async Serial","data",140.255567,9.50000001e-06,0x00,,,
"Async Serial","data",140.255577,9.50000001e-06,0x00,,,
"Async Serial","data",140.255587,9.50000001e-06,0xB3,,,
"Async Serial [1]","data",140.255616,9.50000001e-06,0xB1,,,
"Async Serial [1]","data",140.255626,9.50000001e-06,0x02,,,
"Async Serial [1]","data",140.255636,9.49999999e-06,0x48,,,
"Async Serial [1]","data",140.255646,9.49999999e-06,0x18,,,
"Async Serial [1]","data",140.255656,9.50000001e-06,0x00,,,
"Async Serial [1]","data",140.255666,9.50000001e-06,0x00,,,
"Async Serial [1]","data",140.255676,9.50000001e-06,0x00,,,
"Async Serial [1]","data",140.255686,9.49999996e-06,0x00,,,
"Async Serial [1]","data",140.255696,9.49999999e-06,0xF4,,,
"Async Serial [1]","data",140.255706,9.50000001e-06,0xBC,,,
"Async Serial [1]","data",140.255716,9.50000001e-06,0xFF,,,
"Async Serial [1]","data",140.255726,9.50000001e-06,0xFF,,,
"Async Serial [1]","data",140.255736,9.49999999e-06,0x20,,,
"Async Serial [1]","data",140.255746,9.50000001e-06,0x4E,,,
"Async Serial [1]","data",140.255756,9.50000001e-06,0x00,,,
"Async Serial [1]","data",140.255766,9.50000001e-06,0x00,,,
"Async Serial [1]","data",140.255776,9.49999996e-06,0x00,,,
"Async Serial [1]","data",140.255786,9.49999996e-06,0x5A,,,
"Async Serial [1]","data",140.255796,9.50000001e-06,0x62,,,
"Async Serial [1]","data",140.255806,9.50000001e-06,0x02,,,
"Async Serial [1]","data",140.255816,9.50000001e-06,0x79,,,
"Async Serial [1]","data",140.255826,9.49999999e-06,0x01,,,
"Async Serial [1]","data",140.255836,9.49999999e-06,0x00,,,
"Async Serial [1]","data",140.255846,9.50000001e-06,0x00,,,
"Async Serial [1]","data",140.255856,9.50000001e-06,0x57,,,
"Async Serial [1]","data",140.255866,9.49999999e-06,0x13,,,
"Async Serial [1]","data",140.255876,9.49999996e-06,0x7E,,,
"Async Serial [1]","data",140.255886,9.49999999e-06,0x03,,,
"Async Serial [1]","data",140.255896,9.50000001e-06,0x5F,,,
"Async Serial [1]","data",140.255906,9.50000001e-06,0xB3,,,
"Async Serial","data",140.256014,9.50000001e-06,0xB2,,,
"Async Serial","data",140.256025,9.49999999e-06,0x00,,,
"Async Serial","data",140.256035,9.50000001e-06,0x00,,,
"Async Serial","data",140.256045,9.50000001e-06,0x00,,,
"Async Serial","data",140.256055,9.49999999e-06,0xB3,,,
"Async Serial [1]","data",140.256123,9.50000001e-06,0xB1,,,
"Async Serial [1]","data",140.256133,9.49999999e-06,0x02,,,
"Async Serial [1]","data",140.256143,9.49999999e-06,0x40,,,
"Async Serial [1]","data",140.256153,9.50000001e-06,0x01,,,
"Async Serial [1]","data",140.256163,9.50000001e-06,0x09,,,
"Async Serial [1]","data",140.256173,9.50000001e-06,0xB4,,,
"Async Serial [1]","data",140.256183,9.49999999e-06,0xB3,,,
"Async Serial","data",140.256231,9.50000001e-06,0xB2,,,
"Async Serial","data",140.256241,9.49999999e-06,0x00,,,
"Async Serial","data",140.256251,9.49999999e-06,0x00,,,
"Async Serial","data",140.256261,9.50000001e-06,0x00,,,
"Async Serial","data",140.256271,9.49999999e-06,0xB3,,,
"Async Serial [1]","data",140.306295,9.49999996e-06,0xB1,,,
"Async Serial [1]","data",140.306305,9.49999999e-06,0x01,,,
"Async Serial [1]","data",140.306315,9.50000001e-06,0x02,,,
"Async Serial [1]","data",140.306325,9.50000001e-06,0x46,,,
"Async Serial [1]","data",140.306335,9.50000001e-06,0xB7,,,
"Async Serial [1]","data",140.306345,9.49999999e-06,0xB3,,,
"Async Serial","data",140.306586,9.49999999e-06,0xB2,,,
"Async Serial","data",140.306597,9.50000001e-06,0x00,,,
"Async Serial","data",140.306607,9.49999999e-06,0x46,,,
"Async Serial","data",140.306617,9.50000001e-06,0x09,,,
"Async Serial","data",140.306627,9.49999999e-06,0x00,,,
"Async Serial","data",140.306637,9.49999999e-06,0x28,,,
"Async Serial","data",140.306647,9.50000001e-06,0xEF,,,
"Async Serial","data",140.306657,9.50000001e-06,0x5B,,,
"Async Serial","data",140.306667,9.50000001e-06,0x00,,,
"Async Serial","data",140.306677,9.49999999e-06,0x03,,,
"Async Serial","data",140.306688,9.50000001e-06,0x00,,,
"Async Serial","data",140.306698,9.49999999e-06,0x00,,,
"Async Serial","data",140.306708,9.50000001e-06,0x00,,,
"Async Serial","data",140.306718,9.49999996e-06,0x40,,,
"Async Serial","data",140.306728,9.50000001e-06,0x0D,,,
"Async Serial","data",140.306738,9.50000001e-06,0x03,,,
"Async Serial","data",140.306748,9.49999999e-06,0x00,,,
"Async Serial","data",140.306758,9.49999999e-06,0x0A,,,
"Async Serial","data",140.306768,9.49999999e-06,0x00,,,
"Async Serial","data",140.306778,9.50000001e-06,0x01,,,
"Async Serial","data",140.306789,9.50000001e-06,0x00,,,
"Async Serial","data",140.306799,9.50000001e-06,0x80,,,
"Async Serial","data",140.306809,9.49999999e-06,0x8D,,,
"Async Serial","data",140.306819,9.50000001e-06,0x5B,,,
"Async Serial","data",140.306829,9.50000001e-06,0x00,,,
"Async Serial","data",140.306839,9.50000001e-06,0x20,,,
"Async Serial","data",140.306849,9.49999999e-06,0xBF,,,
"Async Serial","data",140.306859,9.49999999e-06,0x02,,,
"Async Serial","data",140.306869,9.50000001e-06,0x00,,,
"Async Serial","data",140.30688,9.50000001e-06,0x00,,,
"Async Serial","data",140.30689,9.49999999e-06,0x12,,,
"Async Serial","data",140.3069,9.49999999e-06,0x7A,,,
"Async Serial","data",140.30691,9.50000001e-06,0x00,,,
"Async Serial","data",140.30692,9.50000001e-06,0x60,,,
"Async Serial","data",140.30693,9.50000001e-06,0xE3,,,
"Async Serial","data",140.30694,9.49999996e-06,0x16,,,
"Async Serial","data",140.30695,9.50000001e-06,0x00,,,
"Async Serial","data",140.30696,9.50000001e-06,0x30,,,
"Async Serial","data",140.30697,9.49999999e-06,0x11,,,
"Async Serial","data",140.306981,9.49999999e-06,0x00,,,
"Async Serial","data",140.306991,9.50000001e-06,0x00,,,
"Async Serial","data",140.307001,9.50000001e-06,0xD0,,,
"Async Serial","data",140.307011,9.50000001e-06,0xEE,,,
"Async Serial","data",140.307021,9.50000001e-06,0xFF,,,
"Async Serial","data",140.307031,9.49999999e-06,0xFF,,,
"Async Serial","data",140.307041,9.50000001e-06,0x20,,,
"Async Serial","data",140.307051,9.49999999e-06,0x03,,,
"Async Serial","data",140.307061,9.50000001e-06,0xD0,,,
"Async Serial","data",140.307072,9.49999999e-06,0x07,,,
"Async Serial","data",140.307082,9.50000001e-06,0x64,,,
"Async Serial","data",140.307092,9.50000001e-06,0x00,,,
"Async Serial","data",140.307102,9.50000001e-06,0xF4,,,
"Async Serial","data",140.307112,9.50000001e-06,0x01,,,
"Async Serial","data",140.307122,9.49999999e-06,0x00,,,
"Async Serial","data",140.307132,9.50000001e-06,0x00,,,
"Async Serial","data",140.307142,9.49999999e-06,0x00,,,
"Async Serial","data",140.307152,9.50000001e-06,0x00,,,
"Async Serial","data",140.307162,9.49999996e-06,0x00,,,
"Async Serial","data",140.307173,9.50000001e-06,0x00,,,
"Async Serial","data",140.307183,9.50000001e-06,0x00,,,
"Async Serial","data",140.307193,9.49999999e-06,0x00,,,
"Async Serial","data",140.307203,9.50000001e-06,0x00,,,
"Async Serial","data",140.307213,9.49999999e-06,0x00,,,
"Async Serial","data",140.307223,9.50000001e-06,0x00,,,
"Async Serial","data",140.307233,9.49999999e-06,0x00,,,
"Async Serial","data",140.307243,9.50000001e-06,0x09,,,
"Async Serial","data",140.307253,9.49999999e-06,0x8C,,,
"Async Serial","data",140.307264,9.50000001e-06,0x00,,,
"Async Serial","data",140.307274,9.49999999e-06,0x00,,,
"Async Serial","data",140.307284,9.50000001e-06,0x01,,,
"Async Serial","data",140.307294,9.50000001e-06,0x00,,,
"Async Serial","data",140.307304,9.50000001e-06,0x00,,,
"Async Serial","data",140.307314,9.50000001e-06,0x01,,,
"Async Serial","data",140.307324,9.49999999e-06,0xCC,,,
"Async Serial","data",140.307334,9.50000001e-06,0xB3,,,
"Async Serial [1]","data",140.307409,9.50000001e-06,0xB1,,,
"Async Serial [1]","data",140.307419,9.49999999e-06,0x02,,,
"Async Serial [1]","data",140.307429,9.49999999e-06,0x40,,,
"Async Serial [1]","data",140.307439,9.50000001e-06,0x01,,,
"Async Serial [1]","data",140.307449,9.50000001e-06,0x89,,,
"Async Serial [1]","data",140.307459,9.50000001e-06,0x34,,,
"Async Serial [1]","data",140.307469,9.49999996e-06,0xB3,,,
"Async Serial","data",140.307517,9.49999999e-06,0xB2,,,
"Async Serial","data",140.307527,9.50000001e-06,0x00,,,
"Async Serial","data",140.307537,9.50000001e-06,0x00,,,
"Async Serial","data",140.307547,9.50000001e-06,0x00,,,
"Async Serial","data",140.307558,9.49999999e-06,0xB3,,,
"Async Serial [1]","data",140.307611,9.49999999e-06,0xB1,,,
"Async Serial [1]","data",140.307621,9.49999999e-06,0x02,,,
"Async Serial [1]","data",140.307631,9.50000001e-06,0x41,,,
"Async Serial [1]","data",140.307641,9.50000001e-06,0x01,,,
"Async Serial [1]","data",140.307651,9.50000001e-06,0x8C,,,
"Async Serial [1]","data",140.307661,9.49999999e-06,0x30,,,
"Async Serial [1]","data",140.307671,9.49999999e-06,0xB3,,,
"Async Serial","data",140.307718,9.50000001e-06,0xB2,,,
"Async Serial","data",140.307728,9.49999999e-06,0x00,,,
"Async Serial","data",140.307738,9.50000001e-06,0x00,,,
"Async Serial","data",140.307749,9.49999999e-06,0x00,,,
"Async Serial","data",140.307759,9.50000001e-06,0xB3,,,
"Async Serial [1]","data",140.307813,9.50000001e-06,0xB1,,,
"Async Serial [1]","data",140.307823,9.50000001e-06,0x02,,,
"Async Serial [1]","data",140.307833,9.49999999e-06,0x43,,,
"Async Serial [1]","data",140.307843,9.49999999e-06,0x03,,,
"Async Serial [1]","data",140.307853,9.50000001e-06,0x00,,,
"Async Serial [1]","data",140.307863,9.50000001e-06,0x01,,,
"Async Serial [1]","data",140.307873,9.50000001e-06,0x00,,,
"Async Serial [1]","data",140.307883,9.49999996e-06,0xB7,,,
"Async Serial [1]","data",140.307893,9.50000001e-06,0xB3,,,
"Async Serial","data",140.307947,9.50000001e-06,0xB2,,,
"Async Serial","data",140.307957,9.49999999e-06,0x00,,,
"Async Serial","data",140.307967,9.49999999e-06,0x00,,,
"Async Serial","data",140.307977,9.49999999e-06,0x00,,,
"Async Serial","data",140.307987,9.50000001e-06,0xB3,,,
"Async Serial [1]","data",140.308017,9.50000001e-06,0xB1,,,
"Async Serial [1]","data",140.308027,9.49999999e-06,0x02,,,
"Async Serial [1]","data",140.308037,9.49999999e-06,0x48,,,
"Async Serial [1]","data",140.308047,9.50000001e-06,0x18,,,
"Async Serial [1]","data",140.308057,9.49999999e-06,0x00,,,
"Async Serial [1]","data",140.308067,9.50000001e-06,0x00,,,
"Async Serial [1]","data",140.308077,9.50000001e-06,0x00,,,
"Async Serial [1]","data",140.308087,9.50000001e-06,0x00,,,
"Async Serial [1]","data",140.308097,9.49999999e-06,0x20,,,
"Async Serial [1]","data",140.308107,9.49999999e-06,0xFD,,,
"Async Serial [1]","data",140.308117,9.49999999e-06,0xFF,,,
"Async Serial [1]","data",140.308127,9.49999999e-06,0xFF,,,
"Async Serial [1]","data",140.308137,9.50000001e-06,0x20,,,
"Async Serial [1]","data",140.308147,9.49999999e-06,0x4E,,,
"Async Serial [1]","data",140.308157,9.49999999e-06,0x00,,,
"Async Serial [1]","data",140.308167,9.50000001e-06,0x00,,,
"Async Serial [1]","data",140.308177,9.50000001e-06,0x00,,,
"Async Serial [1]","data",140.308187,9.50000001e-06,0x5A,,,
"Async Serial [1]","data",140.308197,9.49999999e-06,0x62,,,
"Async Serial [1]","data",140.308207,9.49999996e-06,0x02,,,
"Async Serial [1]","data",140.308217,9.49999999e-06,0x79,,,
"Async Serial [1]","data",140.308227,9.50000001e-06,0x01,,,
"Async Serial [1]","data",140.308237,9.50000001e-06,0x00,,,
"Async Serial [1]","data",140.308247,9.49999999e-06,0x00,,,
"Async Serial [1]","data",140.308257,9.50000001e-06,0x57,,,
"Async Serial [1]","data",140.308267,9.50000001e-06,0x13,,,
"Async Serial [1]","data",140.308277,9.50000001e-06,0x7E,,,
"Async Serial [1]","data",140.308287,9.50000001e-06,0x03,,,
"Async Serial [1]","data",140.308297,9.49999996e-06,0xF2,,,
"Async Serial [1]","data",140.308307,9.49999999e-06,0xB3,,,
"Async Serial","data",140.308414,9.50000001e-06,0xB2,,,
"Async Serial","data",140.308425,9.49999999e-06,0x00,,,
"Async Serial","data",140.308435,9.49999999e-06,0x00,,,
"Async Serial","data",140.308445,9.50000001e-06,0x00,,,
"Async Serial","data",140.308455,9.50000001e-06,0xB3,,,
"Async Serial [1]","data",140.308524,9.50000001e-06,0xB1,,,
"Async Serial [1]","data",140.308534,9.50000001e-06,0x02,,,
"Async Serial [1]","data",140.308544,9.50000001e-06,0x40,,,
"Async Serial [1]","data",140.308554,9.49999999e-06,0x01,,,
"Async Serial [1]","data",140.308564,9.49999996e-06,0x09,,,
"Async Serial [1]","data",140.308574,9.49999999e-06,0xB4,,,
"Async Serial [1]","data",140.308584,9.50000001e-06,0xB3,,,
"Async Serial","data",140.308631,9.50000001e-06,0xB2,,,
"Async Serial","data",140.308641,9.49999999e-06,0x00,,,
"Async Serial","data",140.308651,9.50000001e-06,0x00,,,
"Async Serial","data",140.308661,9.49999999e-06,0x00,,,
"Async Serial","data",140.308671,9.50000001e-06,0xB3,,,
"Async Serial [1]","data",140.358694,9.49999999e-06,0xB1,,,
"Async Serial [1]","data",140.358704,9.49999999e-06,0x01,,,
"Async Serial [1]","data",140.358714,9.49999999e-06,0x02,,,
"Async Serial [1]","data",140.358724,9.50000001e-06,0x46,,,
"Async Serial [1]","data",140.358734,9.50000001e-06,0xB7,,,
"Async Serial [1]","data",140.358744,9.49999999e-06,0xB3,,,
"Async Serial","data",140.358983,9.50000001e-06,0xB2,,,
"Async Serial","data",140.358993,9.49999996e-06,0x00,,,
"Async Serial","data",140.359004,9.50000001e-06,0x46,,,
"Async Serial","data",140.359014,9.50000001e-06,0x09,,,
"Async Serial","data",140.359024,9.49999999e-06,0x00,,,
"Async Serial","data",140.359034,9.49999999e-06,0x28,,,
"Async Serial","data",140.359044,9.49999999e-06,0xEF,,,
"Async Serial","data",140.359054,9.50000001e-06,0x5B,,,
"Async Serial","data",140.359064,9.50000001e-06,0x00,,,
"Async Serial","data",140.359074,9.49999999e-06,0x03,,,
"Async Serial","data",140.359084,9.49999999e-06,0x00,,,
"Async Serial","data",140.359094,9.50000001e-06,0x00,,,
"Async Serial","data",140.359105,9.50000001e-06,0x00,,,
"Async Serial","data",140.359115,9.50000001e-06,0x40,,,
"Async Serial","data",140.359125,9.49999999e-06,0x0D,,,
"Async Serial","data",140.359135,9.50000001e-06,0x03,,,
"Async Serial","data",140.359145,9.50000001e-06,0x00,,,
"Async Serial","data",140.359155,9.50000001e-06,0x0A,,,
"Async Serial","data",140.359165,9.49999999e-06,0x00,,,
"Async Serial","data",140.359175,9.49999999e-06,0x01,,,
"Async Serial","data",140.359185,9.49999999e-06,0x00,,,
"Async Serial","data",140.359195,9.50000001e-06,0x80,,,
"Async Serial","data",140.359206,9.50000001e-06,0x8D,,,
"Async Serial","data",140.359216,9.49999996e-06,0x5B,,,
"Async Serial","data",140.359226,9.50000001e-06,0x00,,,
"Async Serial","data",140.359236,9.50000001e-06,0x20,,,
"Async Serial","data",140.359246,9.49999999e-06,0xBF,,,
"Async Serial","data",140.359256,9.49999999e-06,0x02,,,
"Async Serial","data",140.359266,9.49999999e-06,0x00,,,
"Async Serial","data",140.359276,9.50000001e-06,0x00,,,
"Async Serial","data",140.359286,9.50000001e-06,0x12,,,
"Async Serial","data",140.359296,9.50000001e-06,0x7A,,,
"Async Serial","data",140.359307,9.49999999e-06,0x00,,,
"Async Serial","data",140.359317,9.50000001e-06,0x60,,,
"Async Serial","data",140.359327,9.50000001e-06,0xE3,,,
"Async Serial","data",140.359337,9.50000001e-06,0x16,,,
"Async Serial","data",140.359347,9.49999999e-06,0x00,,,
"Async Serial","data",140.359357,9.49999999e-06,0x30,,,
"Async Serial","data",140.359367,9.50000001e-06,0x11,,,
"Async Serial","data",140.359377,9.50000001e-06,0x00,,,
"Async Serial","data",140.359387,9.50000001e-06,0x00,,,
"Async Serial","data",140.359398,9.49999999e-06,0xD0,,,
"Async Serial","data",140.359408,9.49999999e-06,0xEE,,,
"Async Serial","data",140.359418,9.50000001e-06,0xFF,,,
"Async Serial","data",140.359428,9.50000001e-06,0xFF,,,
"Async Serial","data",140.359438,9.49999996e-06,0x20,,,
"Async Serial","data",140.359448,9.49999999e-06,0x03,,,
"Async Serial","data",140.359458,9.50000001e-06,0xD0,,,
"Async Serial","data",140.359468,9.49999999e-06,0x07,,,
"Async Serial","data",140.359478,9.50000001e-06,0x64,,,
"Async Serial","data",140.359488,9.49999999e-06,0x00,,,
"Async Serial","data",140.359499,9.50000001e-06,0xF4,,,
"Async Serial","data",140.359509,9.49999999e-06,0x01,,,
"Async Serial","data",140.359519,9.50000001e-06,0x00,,,
"Async Serial","data",140.359529,9.49999999e-06,0x00,,,
"Async Serial","data",140.359539,9.49999996e-06,0x00,,,
"Async Serial","data",140.359549,9.50000001e-06,0x00,,,
"Async Serial","data",140.359559,9.50000001e-06,0x00,,,
"Async Serial","data",140.359569,9.49999999e-06,0x00,,,
"Async Serial","data",140.359579,9.49999999e-06,0x00,,,
"Async Serial","data",140.35959,9.50000001e-06,0x00,,,
"Async Serial","data",140.3596,9.50000001e-06,0x00,,,
"Async Serial","data",140.35961,9.50000001e-06,0x00,,,
"Async Serial","data",140.35962,9.49999999e-06,0x00,,,
"Async Serial","data",140.35963,9.49999999e-06,0x00,,,
"Async Serial","data",140.35964,9.50000001e-06,0x09,,,
"Async Serial","data",140.35965,9.50000001e-06,0x8C,,,
"Async Serial","data",140.35966,9.50000001e-06,0x00,,,
"Async Serial","data",140.35967,9.49999999e-06,0x00,,,
"Async Serial","data",140.35968,9.50000001e-06,0x01,,,
"Async Serial","data",140.359691,9.49999999e-06,0x00,,,
"Async Serial","data",140.359701,9.50000001e-06,0x00,,,
"Async Serial","data",140.359711,9.49999999e-06,0x01,,,
"Async Serial","data",140.359721,9.50000001e-06,0xCC,,,
"Async Serial","data",140.359731,9.49999999e-06,0xB3,,,
"Async Serial [1]","data",140.35981,9.49999999e-06,0xB1,,,
"Async Serial [1]","data",140.359819,9.50000001e-06,0x02,,,
"Async Serial [1]","data",140.359829,9.50000001e-06,0x40,,,
"Async Serial [1]","data",140.359839,9.49999999e-06,0x01,,,
"Async Serial [1]","data",140.359849,9.50000001e-06,0x89,,,
"Async Serial [1]","data",140.359859,9.50000001e-06,0x34,,,
"Async Serial [1]","data",140.35987,9.50000001e-06,0xB3,,,
"Async Serial","data",140.359922,9.49999996e-06,0xB2,,,
"Async Serial","data",140.359932,9.50000001e-06,0x00,,,
"Async Serial","data",140.359942,9.50000001e-06,0x00,,,
"Async Serial","data",140.359952,9.49999999e-06,0x00,,,
"Async Serial","data",140.359962,9.50000001e-06,0xB3,,,
"Async Serial [1]","data",140.360012,9.50000001e-06,0xB1,,,
"Async Serial [1]","data",140.360022,9.50000001e-06,0x02,,,
"Async Serial [1]","data",140.360032,9.49999996e-06,0x41,,,
"Async Serial [1]","data",140.360042,9.50000001e-06,0x01,,,
"Async Serial [1]","data",140.360052,9.50000001e-06,0x8C,,,
"Async Serial [1]","data",140.360062,9.50000001e-06,0x30,,,
"Async Serial [1]","data",140.360072,9.49999999e-06,0xB3,,,
"Async Serial","data",140.360123,9.50000001e-06,0xB2,,,
"Async Serial","data",140.360133,9.49999999e-06,0x00,,,
"Async Serial","data",140.360143,9.49999999e-06,0x00,,,
"Async Serial","data",140.360153,9.49999996e-06,0x00,,,
"Async Serial","data",140.360163,9.50000001e-06,0xB3,,,
"Async Serial [1]","data",140.360214,9.50000001e-06,0xB1,,,
"Async Serial [1]","data",140.360224,9.49999999e-06,0x02,,,
"Async Serial [1]","data",140.360234,9.49999999e-06,0x43,,,
"Async Serial [1]","data",140.360244,9.50000001e-06,0x03,,,
"Async Serial [1]","data",140.360254,9.49999999e-06,0x00,,,
"Async Serial [1]","data",140.360264,9.50000001e-06,0x01,,,
"Async Serial [1]","data",140.360274,9.50000001e-06,0x00,,,
"Async Serial [1]","data",140.360284,9.50000001e-06,0xB7,,,
"Async Serial [1]","data",140.360294,9.49999999e-06,0xB3,,,
"Async Serial","data",140.360361,9.49999999e-06,0xB2,,,
"Async Serial","data",140.360371,9.50000001e-06,0x00,,,
"Async Serial","data",140.360381,9.50000001e-06,0x00,,,
"Async Serial","data",140.360391,9.49999999e-06,0x00,,,
"Async Serial","data",140.360401,9.50000001e-06,0xB3,,,
"Async Serial [1]","data",140.360518,9.49999999e-06,0xB1,,,
"Async Serial [1]","data",140.360528,9.49999999e-06,0x02,,,
"Async Serial [1]","data",140.360538,9.50000001e-06,0x48,,,
"Async Serial [1]","data",140.360548,9.50000001e-06,0x18,,,
"Async Serial [1]","data",140.360558,9.49999999e-06,0x00,,,
"Async Serial [1]","data",140.360568,9.49999999e-06,0x00,,,
"Async Serial [1]","data",140.360578,9.50000001e-06,0x00,,,
"Async Serial [1]","data",140.360588,9.50000001e-06,0x00,,,
"Async Serial [1]","data",140.360598,9.50000001e-06,0x58,,,
"Async Serial [1]","data",140.360608,9.50000001e-06,0x1A,,,
"Async Serial [1]","data",140.360618,9.49999999e-06,0x00,,,
"Async Serial [1]","data",140.360628,9.50000001e-06,0x00,,,
"Async Serial [1]","data",140.360638,9.50000001e-06,0x20,,,
"Async Serial [1]","data",140.360648,9.49999999e-06,0x4E,,,
"Async Serial [1]","data",140.360658,9.49999999e-06,0x00,,,
"Async Serial [1]","data",140.360668,9.49999999e-06,0x00,,,
"Async Serial [1]","data",140.360678,9.50000001e-06,0x00,,,
"Async Serial [1]","data",140.360688,9.50000001e-06,0x5A,,,
"Async Serial [1]","data",140.360698,9.50000001e-06,0x62,,,
"Async Serial [1]","data",140.360708,9.49999999e-06,0x02,,,
"Async Serial [1]","data",140.360718,9.49999999e-06,0x7A,,,
"Async Serial [1]","data",140.360728,9.50000001e-06,0x01,,,
"Async Serial [1]","data",140.360738,9.49999999e-06,0x00,,,
"Async Serial [1]","data",140.360748,9.50000001e-06,0x00,,,
"Async Serial [1]","data",140.360758,9.49999999e-06,0x57,,,
"Async Serial [1]","data",140.360768,9.50000001e-06,0x13,,,
"Async Serial [1]","data",140.360778,9.49999999e-06,0x7E,,,
"Async Serial [1]","data",140.360788,9.49999999e-06,0x03,,,
"Async Serial [1]","data",140.360798,9.50000001e-06,0x9A,,,
"Async Serial [1]","data",140.360808,9.50000001e-06,0xB3,,,
"Async Serial","data",140.360918,9.49999999e-06,0xB2,,,
"Async Serial","data",140.360928,9.50000001e-06,0x00,,,
"Async Serial","data",140.360939,9.50000001e-06,0x00,,,
"Async Serial","data",140.360949,9.50000001e-06,0x00,,,
"Async Serial","data",140.360959,9.49999999e-06,0xB3,,,
"Async Serial [1]","data",140.361025,9.49999999e-06,0xB1,,,
"Async Serial [1]","data",140.361035,9.50000001e-06,0x02,,,
"Async Serial [1]","data",140.361045,9.50000001e-06,0x40,,,
"Async Serial [1]","data",140.361055,9.50000001e-06,0x01,,,
"Async Serial [1]","data",140.361065,9.49999999e-06,0x09,,,
"Async Serial [1]","data",140.361075,9.49999999e-06,0xB4,,,
"Async Serial [1]","data",140.361085,9.49999999e-06,0xB3,,,
"Async Serial","data",140.361135,9.49999996e-06,0xB2,,,
"Async Serial","data",140.361145,9.50000001e-06,0x00,,,
"Async Serial","data",140.361155,9.50000001e-06,0x00,,,
"Async Serial","data",140.361165,9.50000001e-06,0x00,,,
"Async Serial","data",140.361175,9.50000001e-06,0xB3,,,
"I2C","start",140.408818,6.24999811e-08,,,,
"I2C","address",140.40882,2.325e-05,,true,0x25,false
"I2C","stop",140.40885,6.25000393e-08,,,,
"I2C","start",140.408855,6.25000393e-08,,,,
"I2C","address",140.408858,2.325e-05,,true,0x25,false
"I2C","data",140.408887,2.325e-05,0x00,true,,
"I2C","start",140.408915,6.24999811e-08,,,,
"I2C","address",140.408918,2.325e-05,,true,0x25,true
"I2C","data",140.408952,2.325e-05,0xA5,true,,
"I2C","data",140.408976,2.325e-05,0x03,false,,
"I2C","stop",140.409003,6.25000102e-08,,,,
"I2C","start",140.409008,6.25000102e-08,,,,
"I2C","address",140.409011,2.325e-05,,true,0x25,false
"I2C","data",140.40904,2.325e-05,0x40,true,,
"I2C","start",140.409068,6.24999811e-08,,,,
"I2C","address",140.409071,2.325e-05,,true,0x25,true
"I2C","data",140.409104,2.31875e-05,0x09,false,,
"I2C","stop",140.409131,6.24999811e-08,,,,
"I2C","start",140.409136,6.24999811e-08,,,,
"I2C","address",140.409138,2.325e-05,,true,0x25,false
"I2C","data",140.409167,2.31875e-05,0x00,true,,
"I2C","start",140.409196,6.25000102e-08,,,,
"I2C","address",140.409199,2.325e-05,,true,0x25,true
"I2C","data",140.409232,2.325e-05,0xA5,true,,
"I2C","data",140.409257,2.325e-05,0x03,true,,
"I2C","data",140.409281,2.325e-05,0x09,true,,
"I2C","data",140.409306,2.325e-05,0x00,true,,
"I2C","data",140.409331,2.325e-05,0x28,true,,
"I2C","data",140.409356,2.325e-05,0xEF,true,,
"I2C","data",140.40938,2.325e-05,0x5B,true,,
"I2C","data",140.409405,2.325e-05,0x00,true,,
"I2C","data",140.40943,2.325e-05,0x03,true,,
"I2C","data",140.409455,2.325e-05,0x00,true,,
"I2C","data",140.409479,2.325e-05,0x00,true,,
"I2C","data",140.409504,2.325e-05,0x00,true,,
"I2C","data",140.409529,2.325e-05,0x40,true,,
"I2C","data",140.409554,2.325e-05,0x0D,true,,
"I2C","data",140.409578,2.325e-05,0x03,true,,
"I2C","data",140.409603,2.325e-05,0x00,true,,
"I2C","data",140.409628,2.325e-05,0x0A,true,,
"I2C","data",140.409653,2.325e-05,0x00,true,,
"I2C","data",140.409677,2.325e-05,0x01,true,,
"I2C","data",140.409702,2.325e-05,0x00,true,,
"I2C","data",140.409727,2.33125e-05,0x80,true,,
"I2C","data",140.409752,2.325e-05,0x8D,true,,
"I2C","data",140.409776,2.325e-05,0x5B,true,,
"I2C","data",140.409801,2.325e-05,0x00,true,,
"I2C","data",140.409826,2.325e-05,0x20,true,,
"I2C","data",140.409851,2.325e-05,0xBF,true,,
"I2C","data",140.409875,2.325e-05,0x02,true,,
"I2C","data",140.4099,2.325e-05,0x00,true,,
"I2C","data",140.409925,2.325e-05,0x00,true,,
"I2C","data",140.409949,2.325e-05,0x12,true,,
"I2C","data",140.409974,2.325e-05,0x7A,true,,
"I2C","data",140.409999,2.325e-05,0x00,true,,
"I2C","data",140.410024,2.325e-05,0x60,true,,
"I2C","data",140.410048,2.325e-05,0xE3,true,,
"I2C","data",140.410073,2.325e-05,0x16,true,,
"I2C","data",140.410098,2.325e-05,0x00,true,,
"I2C","data",140.410123,2.325e-05,0x30,true,,
"I2C","data",140.410147,2.325e-05,0x11,true,,
"I2C","data",140.410172,2.325e-05,0x00,true,,
"I2C","data",140.410197,2.325e-05,0x00,true,,
"I2C","data",140.410222,2.325e-05,0xD0,true,,
"I2C","data",140.410246,2.325e-05,0xEE,true,,
"I2C","data",140.410271,2.325e-05,0xFF,true,,
"I2C","data",140.410296,2.325e-05,0xFF,true,,
"I2C","data",140.410321,2.325e-05,0x20,true,,
"I2C","data",140.410345,2.325e-05,0x03,true,,
"I2C","data",140.41037,2.325e-05,0xD0,true,,
"I2C","data",140.410395,2.325e-05,0x07,true,,
"I2C","data",140.410419,2.325e-05,0x64,true,,
"I2C","data",140.410444,2.325e-05,0x00,true,,
"I2C","data",140.410469,2.325e-05,0xF4,true,,
"I2C","data",140.410494,2.325e-05,0x01,true,,
"I2C","data",140.410518,2.325e-05,0x00,true,,
"I2C","data",140.410543,2.325e-05,0x00,true,,
"I2C","data",140.410568,2.325e-05,0x00,true,,
"I2C","data",140.410593,2.325e-05,0x00,true,,
"I2C","data",140.410617,2.325e-05,0x00,true,,
"I2C","data",140.410642,2.325e-05,0x00,true,,
"I2C","data",140.410667,2.325e-05,0x00,true,,
"I2C","data",140.410692,2.325e-05,0x00,true,,
"I2C","data",140.410716,2.325e-05,0x00,true,,
"I2C","data",140.410741,2.325e-05,0x00,true,,
"I2C","data",140.410766,2.325e-05,0x00,true,,
"I2C","data",140.41079,2.33125e-05,0x00,true,,
"I2C","data",140.410815,2.325e-05,0x09,true,,
"I2C","data",140.41084,2.325e-05,0x8C,true,,
"I2C","data",140.410865,2.325e-05,0x00,true,,
"I2C","data",140.410889,2.325e-05,0x00,true,,
"I2C","data",140.410914,2.325e-05,0x01,true,,
"I2C","data",140.410939,2.325e-05,0x00,true,,
"I2C","data",140.410964,2.325e-05,0x00,true,,
"I2C","data",140.410988,2.325e-05,0x01,true,,
"I2C","data",140.411013,2.33125e-05,0x00,true,,
"I2C","data",140.411038,2.325e-05,0x00,true,,
"I2C","data",140.411063,2.325e-05,0x00,true,,
"I2C","data",140.411087,2.325e-05,0x00,true,,
"I2C","data",140.411112,2.325e-05,0x58,true,,
"I2C","data",140.411137,2.325e-05,0x1A,true,,
"I2C","data",140.411161,2.325e-05,0x00,true,,
"I2C","data",140.411186,2.325e-05,0x00,true,,
"Async Serial [1]","data",140.411195,9.50000001e-06,0xB1,,,
"Async Serial [1]","data",140.411205,9.50000001e-06,0x01,,,
"I2C","data",140.411211,2.325e-05,0x20,true,,
"Async Serial [1]","data",140.411215,9.49999999e-06,0x02,,,
"Async Serial [1]","data",140.411225,9.50000001e-06,0x46,,,
"Async Serial [1]","data",140.411235,9.49999999e-06,0xB7,,,
"Async Serial [1]","data",140.411245,9.50000001e-06,0xB3,,,
"Async Serial [1]","data",140.513232,9.50000001e-06,0xB1,,,
"Async Serial [1]","data",140.513242,9.50000001e-06,0x01,,,
"Async Serial [1]","data",140.513252,9.50000001e-06,0x02,,,
"Async Serial [1]","data",140.513262,9.49999999e-06,0x46,,,
"Async Serial [1]","data",140.513272,9.49999999e-06,0xB7,,,
"Async Serial [1]","data",140.513282,9.50000001e-06,0xB3,,,
"Async Serial [1]","data",140.615269,9.49999999e-06,0xB1,,,
"Async Serial [1]","data",140.615279,9.50000001e-06,0x01,,,
"Async Serial [1]","data",140.615289,9.49999999e-06,0x02,,,
"Async Serial [1]","data",140.615299,9.50000001e-06,0x46,,,
"Async Serial [1]","data",140.615309,9.49999999e-06,0xB7,,,
"Async Serial [1]","data",140.615319,9.49999999e-06,0xB3,,,
"Async Serial [1]","data",140.717304,9.50000001e-06,0xB1,,,
"Async Serial [1]","data",140.717314,9.50000001e-06,0x01,,,
"Async Serial [1]","data",140.717324,9.49999999e-06,0x02,,,
"Async Serial [1]","data",140.717334,9.49999999e-06,0x46,,,
"Async Serial [1]","data",140.717344,9.50000001e-06,0xB7,,,
"Async Serial [1]","data",140.717354,9.50000001e-06,0xB3,,,
"Async Serial [1]","data",140.867312,9.49999999e-06,0xB1,,,
"Async Serial [1]","data",140.867322,9.49999999e-06,0x01,,,
"Async Serial [1]","data",140.867332,9.50000001e-06,0x02,,,
"Async Serial [1]","data",140.867342,9.50000001e-06,0x46,,,
"Async Serial [1]","data",140.867352,9.49999999e-06,0xB7,,,
"Async Serial [1]","data",140.867362,9.49999996e-06,0xB3,,,
"Async Serial [1]","data",140.969349,9.50000001e-06,0xB1,,,
"Async Serial [1]","data",140.969359,9.49999999e-06,0x01,,,
"Async Serial [1]","data",140.969369,9.49999999e-06,0x02,,,
"Async Serial [1]","data",140.969379,9.50000001e-06,0x46,,,
"Async Serial [1]","data",140.969389,9.50000001e-06,0xB7,,,
"Async Serial [1]","data",140.969399,9.50000001e-06,0xB3,,,
"Async Serial [1]","data",141.071386,9.49999999e-06,0xB1,,,
"Async Serial [1]","data",141.071396,9.50000001e-06,0x01,,,
"Async Serial [1]","data",141.071406,9.49999999e-06,0x02,,,
"Async Serial [1]","data",141.071416,9.49999999e-06,0x46,,,
"Async Serial [1]","data",141.071426,9.49999999e-06,0xB7,,,
"Async Serial [1]","data",141.071436,9.50000001e-06,0xB3,,,
"Async Serial [1]","data",141.173421,9.50000001e-06,0xB1,,,
"Async Serial [1]","data",141.173431,9.49999999e-06,0x01,,,
"Async Serial [1]","data",141.173441,9.49999996e-06,0x02,,,
"Async Serial [1]","data",141.173451,9.49999999e-06,0x46,,,
"Async Serial [1]","data",141.173461,9.50000001e-06,0xB7,,,
"Async Serial [1]","data",141.173471,9.50000001e-06,0xB3,,,
"Async Serial [1]","data",141.323429,9.50000001e-06,0xB1,,,
"Async Serial [1]","data",141.323439,9.50000001e-06,0x01,,,
"Async Serial [1]","data",141.323449,9.50000001e-06,0x02,,,
"Async Serial [1]","data",141.323459,9.49999999e-06,0x46,,,
"Async Serial [1]","data",141.323469,9.49999996e-06,0xB7,,,
"Async Serial [1]","data",141.323479,9.49999999e-06,0xB3,,,
"Async Serial [1]","data",141.425466,9.49999999e-06,0xB1,,,
"Async Serial [1]","data",141.425476,9.49999999e-06,0x01,,,
"Async Serial [1]","data",141.425486,9.50000001e-06,0x02,,,
"Async Serial [1]","data",141.425496,9.50000001e-06,0x46,,,
"Async Serial [1]","data",141.425506,9.50000001e-06,0xB7,,,
"Async Serial [1]","data",141.425516,9.49999999e-06,0xB3,,,
"Async Serial [1]","data",141.527503,9.49999996e-06,0xB1,,,
"Async Serial [1]","data",141.527513,9.49999999e-06,0x01,,,
"Async Serial [1]","data",141.527523,9.50000001e-06,0x02,,,
"Async Serial [1]","data",141.527533,9.50000001e-06,0x46,,,
"Async Serial [1]","data",141.527543,9.49999999e-06,0xB7,,,
"Async Serial [1]","data",141.527553,9.50000001e-06,0xB3,,,
"Async Serial [1]","data",141.629538,9.49999999e-06,0xB1,,,
"Async Serial [1]","data",141.629548,9.50000001e-06,0x01,,,
"Async Serial [1]","data",141.629558,9.50000001e-06,0x02,,,
"Async Serial [1]","data",141.629568,9.49999999e-06,0x46,,,
"Async Serial [1]","data",141.629578,9.49999999e-06,0xB7,,,
"Async Serial [1]","data",141.629588,9.49999999e-06,0xB3,,,
"Async Serial [1]","data",141.779546,9.50000001e-06,0xB1,,,
"Async Serial [1]","data",141.779556,9.50000001e-06,0x01,,,
"Async Serial [1]","data",141.779566,9.49999999e-06,0x02,,,
"Async Serial [1]","data",141.779576,9.50000001e-06,0x46,,,
"Async Serial [1]","data",141.779586,9.50000001e-06,0xB7,,,
"Async Serial [1]","data",141.779596,9.49999999e-06,0xB3,,,
"Async Serial [1]","data",141.881583,9.49999999e-06,0xB1,,,
"Async Serial [1]","data",141.881593,9.50000001e-06,0x01,,,
"Async Serial [1]","data",141.881603,9.50000001e-06,0x02,,,
"Async Serial [1]","data",141.881613,9.49999999e-06,0x46,,,
"Async Serial [1]","data",141.881623,9.49999999e-06,0xB7,,,
"Async Serial [1]","data",141.881633,9.50000001e-06,0xB3,,,
"Async Serial [1]","data",141.983619,9.49999999e-06,0xB1,,,
"Async Serial [1]","data",141.983629,9.49999999e-06,0x01,,,
"Async Serial [1]","data",141.983639,9.49999999e-06,0x02,,,
"Async Serial [1]","data",141.983649,9.50000001e-06,0x46,,,
"Async Serial [1]","data",141.983659,9.50000001e-06,0xB7,,,
"Async Serial [1]","data",141.983669,9.50000001e-06,0xB3,,,
"Async Serial [1]","data",142.085656,9.50000001e-06,0xB1,,,
"Async Serial [1]","data",142.085666,9.50000001e-06,0x01,,,
"Async Serial [1]","data",142.085676,9.49999999e-06,0x02,,,
"Async Serial [1]","data",142.085686,9.49999996e-06,0x46,,,
"Async Serial [1]","data",142.085696,9.49999999e-06,0xB7,,,
"Async Serial [1]","data",142.085705,9.50000001e-06,0xB3,,,
"Async Serial [1]","data",142.235663,9.49999999e-06,0xB1,,,
"Async Serial [1]","data",142.235673,9.49999999e-06,0x01,,,
"Async Serial [1]","data",142.235683,9.50000001e-06,0x02,,,
"Async Serial [1]","data",142.235693,9.50000001e-06,0x46,,,
"Async Serial [1]","data",142.235703,9.50000001e-06,0xB7,,,
"Async Serial [1]","data",142.235713,9.49999996e-06,0xB3,,,
"Async Serial [1]","data",142.3377,9.49999999e-06,0xB1,,,
"Async Serial [1]","data",142.33771,9.50000001e-06,0x01,,,
"Async Serial [1]","data",142.33772,9.49999999e-06,0x02,,,
"Async Serial [1]","data",142.33773,9.50000001e-06,0x46,,,
"Async Serial [1]","data",142.33774,9.50000001e-06,0xB7,,,
"Async Serial [1]","data",142.33775,9.50000001e-06,0xB3,,,
"Async Serial [1]","data",142.439736,9.49999996e-06,0xB1,,,
"Async Serial [1]","data",142.439746,9.50000001e-06,0x01,,,
"Async Serial [1]","data",142.439756,9.50000001e-06,0x02,,,
"Async Serial [1]","data",142.439766,9.50000001e-06,0x46,,,
"Async Serial [1]","data",142.439776,9.49999999e-06,0xB7,,,
"Async Serial [1]","data",142.439786,9.49999999e-06,0xB3,,,
"Async Serial [1]","data",142.541773,9.50000001e-06,0xB1,,,
"Async Serial [1]","data",142.541783,9.49999999e-06,0x01,,,
"Async Serial [1]","data",142.541793,9.49999999e-06,0x02,,,
"Async Serial [1]","data",142.541803,9.49999999e-06,0x46,,,
"Async Serial [1]","data",142.541813,9.49999999e-06,0xB7,,,
"Async Serial [1]","data",142.541823,9.50000001e-06,0xB3,,,
"Async Serial [1]","data",142.69178,9.50000001e-06,0xB1,,,
"Async Serial [1]","data",142.69179,9.50000001e-06,0x01,,,
"Async Serial [1]","data",142.6918,9.50000001e-06,0x02,,,
"Async Serial [1]","data",142.69181,9.49999999e-06,0x46,,,
"Async Serial [1]","data",142.69182,9.49999999e-06,0xB7,,,
"Async Serial [1]","data",142.69183,9.50000001e-06,0xB3,,,
"Async Serial [1]","data",142.793816,9.50000001e-06,0xB1,,,
"Async Serial [1]","data",142.793826,9.49999999e-06,0x01,,,
"Async Serial [1]","data",142.793836,9.49999999e-06,0x02,,,
"Async Serial [1]","data",142.793846,9.50000001e-06,0x46,,,
"Async Serial [1]","data",142.793856,9.50000001e-06,0xB7,,,
"Async Serial [1]","data",142.793866,9.50000001e-06,0xB3,,,
"Async Serial [1]","data",142.895853,9.49999999e-06,0xB1,,,
"Async Serial [1]","data",142.895863,9.49999999e-06,0x01,,,
"Async Serial [1]","data",142.895873,9.50000001e-06,0x02,,,
"Async Serial [1]","data",142.895883,9.49999999e-06,0x46,,,
"Async Serial [1]","data",142.895893,9.50000001e-06,0xB7,,,
"Async Serial [1]","data",142.895903,9.50000001e-06,0xB3,,,
"Async Serial [1]","data",142.997889,9.50000001e-06,0xB1,,,
"Async Serial [1]","data",142.997899,9.50000001e-06,0x01,,,
"Async Serial [1]","data",142.997909,9.50000001e-06,0x02,,,
"Async Serial [1]","data",142.997919,9.49999996e-06,0x46,,,
"Async Serial [1]","data",142.997929,9.49999999e-06,0xB7,,,
"Async Serial [1]","data",142.997939,9.50000001e-06,0xB3,,,
"Async Serial [1]","data",143.147897,9.50000001e-06,0xB1,,,
"Async Serial [1]","data",143.147907,9.50000001e-06,0x01,,,
"Async Serial [1]","data",143.147917,9.49999999e-06,0x02,,,
"Async Serial [1]","data",143.147927,9.50000001e-06,0x46,,,
"Async Serial [1]","data",143.147937,9.50000001e-06,0xB7,,,
"Async Serial [1]","data",143.147947,9.50000001e-06,0xB3,,,
"Async Serial [1]","data",143.249933,9.49999999e-06,0xB1,,,
"Async Serial [1]","data",143.249943,9.50000001e-06,0x01,,,
"Async Serial [1]","data",143.249953,9.50000001e-06,0x02,,,
"Async Serial [1]","data",143.249963,9.50000001e-06,0x46,,,
"Async Serial [1]","data",143.249973,9.49999999e-06,0xB7,,,
"Async Serial [1]","data",143.249983,9.49999999e-06,0xB3,,,
"Async Serial [1]","data",143.35197,9.50000001e-06,0xB1,,,
"Async Serial [1]","data",143.35198,9.49999996e-06,0x01,,,
"Async Serial [1]","data",143.35199,9.49999999e-06,0x02,,,
"Async Serial [1]","data",143.352,9.50000001e-06,0x46,,,
"Async Serial [1]","data",143.35201,9.50000001e-06,0xB7,,,
"Async Serial [1]","data",143.35202,9.50000001e-06,0xB3,,,
"Async Serial [1]","data",143.454006,9.50000001e-06,0xB1,,,
"Async Serial [1]","data",143.454016,9.49999999e-06,0x01,,,
"Async Serial [1]","data",143.454026,9.49999999e-06,0x02,,,
"Async Serial [1]","data",143.454036,9.49999999e-06,0x46,,,
"Async Serial [1]","data",143.454046,9.49999999e-06,0xB7,,,
"Async Serial [1]","data",143.454056,9.50000001e-06,0xB3,,,
"Async Serial [1]","data",143.604013,9.50000001e-06,0xB1,,,
"Async Serial [1]","data",143.604023,9.50000001e-06,0x01,,,
"Async Serial [1]","data",143.604033,9.50000001e-06,0x02,,,
"Async Serial [1]","data",143.604043,9.49999999e-06,0x46,,,
"Async Serial [1]","data",143.604053,9.49999999e-06,0xB7,,,
"Async Serial [1]","data",143.604063,9.50000001e-06,0xB3,,,
"Async Serial [1]","data",143.70605,9.50000001e-06,0xB1,,,
"Async Serial [1]","data",143.70606,9.50000001e-06,0x01,,,
"Async Serial [1]","data",143.70607,9.50000001e-06,0x02,,,
"Async Serial [1]","data",143.70608,9.49999999e-06,0x46,,,
"Async Serial [1]","data",143.70609,9.49999999e-06,0xB7,,,
"Async Serial [1]","data",143.7061,9.50000001e-06,0xB3,,,
"Async Serial [1]","data",143.808087,9.49999999e-06,0xB1,,,
"Async Serial [1]","data",143.808097,9.49999999e-06,0x01,,,
"Async Serial [1]","data",143.808107,9.49999999e-06,0x02,,,
"Async Serial [1]","data",143.808117,9.50000001e-06,0x46,,,
"Async Serial [1]","data",143.808127,9.49999999e-06,0xB7,,,
"Async Serial [1]","data",143.808137,9.49999999e-06,0xB3,,,
"Async Serial [1]","data",143.910123,9.50000001e-06,0xB1,,,
"Async Serial [1]","data",143.910133,9.50000001e-06,0x01,,,
"Async Serial [1]","data",143.910143,9.49999996e-06,0x02,,,
"Async Serial [1]","data",143.910153,9.49999999e-06,0x46,,,
"Async Serial [1]","data",143.910163,9.50000001e-06,0xB7,,,
"Async Serial [1]","data",143.910173,9.49999999e-06,0xB3,,,
"Async Serial [1]","data",144.06013,9.49999999e-06,0xB1,,,
"Async Serial [1]","data",144.06014,9.49999999e-06,0x01,,,
"Async Serial [1]","data",144.06015,9.50000001e-06,0x02,,,
"Async Serial [1]","data",144.06016,9.50000001e-06,0x46,,,
"Async Serial [1]","data",144.06017,9.49999999e-06,0xB7,,,
"Async Serial [1]","data",144.06018,9.49999999e-06,0xB3,,,
"Async Serial [1]","data",144.162167,9.50000001e-06,0xB1,,,
"Async Serial [1]","data",144.162177,9.49999999e-06,0x01,,,
"Async Serial [1]","data",144.162187,9.49999999e-06,0x02,,,
"Async Serial [1]","data",144.162197,9.50000001e-06,0x46,,,
"Async Serial [1]","data",144.162207,9.50000001e-06,0xB7,,,
"Async Serial [1]","data",144.162217,9.50000001e-06,0xB3,,,
"Async Serial [1]","data",144.264203,9.50000001e-06,0xB1,,,
"Async Serial [1]","data",144.264213,9.49999996e-06,0x01,,,
"Async Serial [1]","data",144.264223,9.49999999e-06,0x02,,,
"Async Serial [1]","data",144.264233,9.50000001e-06,0x46,,,
"Async Serial [1]","data",144.264243,9.50000001e-06,0xB7,,,
"Async Serial [1]","data",144.264253,9.50000001e-06,0xB3,,,
