Copyright 1986-2018 Xilinx, Inc. All Rights Reserved.
------------------------------------------------------------------------------------------------------------------------------
| Tool Version : Vivado v.2018.3 (win64) Build 2405991 Thu Dec  6 23:38:27 MST 2018
| Date         : Sun Jun 28 05:54:45 2026
| Host         : MiaoZhi-PC running 64-bit major release  (build 9200)
| Command      : report_methodology -file E:/FPGA/DPLL_Rewrite/DPLL_Rewrite_THbox_T3/reports/vivado_full_impl/methodology.rpt
| Design       : red_pitaya_top
| Device       : xc7z010clg400-1
| Speed File   : -1
| Design State : Fully Routed
------------------------------------------------------------------------------------------------------------------------------

Report Methodology

Table of Contents
-----------------
1. REPORT SUMMARY
2. REPORT DETAILS

1. REPORT SUMMARY
-----------------
            Netlist: netlist
          Floorplan: impl_1
      Design limits: <entire design considered>
             Max violations: <unlimited>
             Violations found: 1113
+-----------+----------+------------------------------------------------------------------+------------+
| Rule      | Severity | Description                                                      | Violations |
+-----------+----------+------------------------------------------------------------------+------------+
| CKLD-2    | Warning  | Clock Net has IO Driver, not a Clock Buf, and/or non-Clock loads | 1          |
| SYNTH-11  | Warning  | DSP output not registered                                        | 1          |
| SYNTH-13  | Warning  | combinational multiplier                                         | 2          |
| SYNTH-14  | Warning  | DSP cannot absorb non-zero init register                         | 33         |
| TIMING-4  | Warning  | Invalid primary clock redefinition on a clock tree               | 2          |
| TIMING-16 | Warning  | Large setup violation                                            | 1000       |
| TIMING-18 | Warning  | Missing input or output delay                                    | 40         |
| TIMING-27 | Warning  | Invalid primary clock on hierarchical pin                        | 1          |
| TIMING-30 | Warning  | Sub-optimal master source pin selection for generated clock      | 1          |
| XDCC-5    | Warning  | User Non-Timing constraint/property overwritten                  | 4          |
| XDCH-2    | Warning  | Same min and max delay values on IO port                         | 28         |
+-----------+----------+------------------------------------------------------------------+------------+

2. REPORT DETAILS
-----------------
CKLD-2#1 Warning
Clock Net has IO Driver, not a Clock Buf, and/or non-Clock loads  
Clock net adc_clk_in is directly driven by an IO rather than a Clock Buffer or may be an IO driving a mix of Clock Buffer and non-Clock loads. This connectivity should be reviewed and corrected as appropriate. Driver(s): i_clk/O, i_ps/adc_clk_in, pll/adc_clk_in
Related violations: <none>

SYNTH-11#1 Warning
DSP output not registered  
DSP instance dpll_wrapper_inst/dpll_single_clock_core_stage_a_inst/hybrid_loop_inst/fll_product_next is not fully pipelined on the output side. MREG/PREG are not used.
Related violations: <none>

SYNTH-13#1 Warning
combinational multiplier  
Detected combinational multiplier in DSP instance dpll_wrapper_inst/debug_scaled.
Related violations: <none>

SYNTH-13#2 Warning
combinational multiplier  
Detected combinational multiplier in DSP instance dpll_wrapper_inst/debug_scaled__0.
Related violations: <none>

SYNTH-14#1 Warning
DSP cannot absorb non-zero init register  
Register dpll_wrapper_inst/reg_dac0_amp/output_reg[0] cannot be absorbed into DSP block due to its non-zero INIT value.
Related violations: <none>

SYNTH-14#2 Warning
DSP cannot absorb non-zero init register  
Register dpll_wrapper_inst/reg_dac0_amp/output_reg[10] cannot be absorbed into DSP block due to its non-zero INIT value.
Related violations: <none>

SYNTH-14#3 Warning
DSP cannot absorb non-zero init register  
Register dpll_wrapper_inst/reg_dac0_amp/output_reg[11] cannot be absorbed into DSP block due to its non-zero INIT value.
Related violations: <none>

SYNTH-14#4 Warning
DSP cannot absorb non-zero init register  
Register dpll_wrapper_inst/reg_dac0_amp/output_reg[12] cannot be absorbed into DSP block due to its non-zero INIT value.
Related violations: <none>

SYNTH-14#5 Warning
DSP cannot absorb non-zero init register  
Register dpll_wrapper_inst/reg_dac0_amp/output_reg[13] cannot be absorbed into DSP block due to its non-zero INIT value.
Related violations: <none>

SYNTH-14#6 Warning
DSP cannot absorb non-zero init register  
Register dpll_wrapper_inst/reg_dac0_amp/output_reg[14] cannot be absorbed into DSP block due to its non-zero INIT value.
Related violations: <none>

SYNTH-14#7 Warning
DSP cannot absorb non-zero init register  
Register dpll_wrapper_inst/reg_dac0_amp/output_reg[1] cannot be absorbed into DSP block due to its non-zero INIT value.
Related violations: <none>

SYNTH-14#8 Warning
DSP cannot absorb non-zero init register  
Register dpll_wrapper_inst/reg_dac0_amp/output_reg[2] cannot be absorbed into DSP block due to its non-zero INIT value.
Related violations: <none>

SYNTH-14#9 Warning
DSP cannot absorb non-zero init register  
Register dpll_wrapper_inst/reg_dac0_amp/output_reg[3] cannot be absorbed into DSP block due to its non-zero INIT value.
Related violations: <none>

SYNTH-14#10 Warning
DSP cannot absorb non-zero init register  
Register dpll_wrapper_inst/reg_dac0_amp/output_reg[4] cannot be absorbed into DSP block due to its non-zero INIT value.
Related violations: <none>

SYNTH-14#11 Warning
DSP cannot absorb non-zero init register  
Register dpll_wrapper_inst/reg_dac0_amp/output_reg[5] cannot be absorbed into DSP block due to its non-zero INIT value.
Related violations: <none>

SYNTH-14#12 Warning
DSP cannot absorb non-zero init register  
Register dpll_wrapper_inst/reg_dac0_amp/output_reg[6] cannot be absorbed into DSP block due to its non-zero INIT value.
Related violations: <none>

SYNTH-14#13 Warning
DSP cannot absorb non-zero init register  
Register dpll_wrapper_inst/reg_dac0_amp/output_reg[7] cannot be absorbed into DSP block due to its non-zero INIT value.
Related violations: <none>

SYNTH-14#14 Warning
DSP cannot absorb non-zero init register  
Register dpll_wrapper_inst/reg_dac0_amp/output_reg[8] cannot be absorbed into DSP block due to its non-zero INIT value.
Related violations: <none>

SYNTH-14#15 Warning
DSP cannot absorb non-zero init register  
Register dpll_wrapper_inst/reg_dac0_amp/output_reg[9] cannot be absorbed into DSP block due to its non-zero INIT value.
Related violations: <none>

SYNTH-14#16 Warning
DSP cannot absorb non-zero init register  
Register dpll_wrapper_inst/reg_debug_gain/output_reg[0] cannot be absorbed into DSP block due to its non-zero INIT value.
Related violations: <none>

SYNTH-14#17 Warning
DSP cannot absorb non-zero init register  
Register dpll_wrapper_inst/reg_debug_gain/output_reg[10] cannot be absorbed into DSP block due to its non-zero INIT value.
Related violations: <none>

SYNTH-14#18 Warning
DSP cannot absorb non-zero init register  
Register dpll_wrapper_inst/reg_debug_gain/output_reg[11] cannot be absorbed into DSP block due to its non-zero INIT value.
Related violations: <none>

SYNTH-14#19 Warning
DSP cannot absorb non-zero init register  
Register dpll_wrapper_inst/reg_debug_gain/output_reg[12] cannot be absorbed into DSP block due to its non-zero INIT value.
Related violations: <none>

SYNTH-14#20 Warning
DSP cannot absorb non-zero init register  
Register dpll_wrapper_inst/reg_debug_gain/output_reg[13] cannot be absorbed into DSP block due to its non-zero INIT value.
Related violations: <none>

SYNTH-14#21 Warning
DSP cannot absorb non-zero init register  
Register dpll_wrapper_inst/reg_debug_gain/output_reg[14] cannot be absorbed into DSP block due to its non-zero INIT value.
Related violations: <none>

SYNTH-14#22 Warning
DSP cannot absorb non-zero init register  
Register dpll_wrapper_inst/reg_debug_gain/output_reg[1] cannot be absorbed into DSP block due to its non-zero INIT value.
Related violations: <none>

SYNTH-14#23 Warning
DSP cannot absorb non-zero init register  
Register dpll_wrapper_inst/reg_debug_gain/output_reg[2] cannot be absorbed into DSP block due to its non-zero INIT value.
Related violations: <none>

SYNTH-14#24 Warning
DSP cannot absorb non-zero init register  
Register dpll_wrapper_inst/reg_debug_gain/output_reg[3] cannot be absorbed into DSP block due to its non-zero INIT value.
Related violations: <none>

SYNTH-14#25 Warning
DSP cannot absorb non-zero init register  
Register dpll_wrapper_inst/reg_debug_gain/output_reg[4] cannot be absorbed into DSP block due to its non-zero INIT value.
Related violations: <none>

SYNTH-14#26 Warning
DSP cannot absorb non-zero init register  
Register dpll_wrapper_inst/reg_debug_gain/output_reg[5] cannot be absorbed into DSP block due to its non-zero INIT value.
Related violations: <none>

SYNTH-14#27 Warning
DSP cannot absorb non-zero init register  
Register dpll_wrapper_inst/reg_debug_gain/output_reg[6] cannot be absorbed into DSP block due to its non-zero INIT value.
Related violations: <none>

SYNTH-14#28 Warning
DSP cannot absorb non-zero init register  
Register dpll_wrapper_inst/reg_debug_gain/output_reg[7] cannot be absorbed into DSP block due to its non-zero INIT value.
Related violations: <none>

SYNTH-14#29 Warning
DSP cannot absorb non-zero init register  
Register dpll_wrapper_inst/reg_debug_gain/output_reg[8] cannot be absorbed into DSP block due to its non-zero INIT value.
Related violations: <none>

SYNTH-14#30 Warning
DSP cannot absorb non-zero init register  
Register dpll_wrapper_inst/reg_debug_gain/output_reg[9] cannot be absorbed into DSP block due to its non-zero INIT value.
Related violations: <none>

SYNTH-14#31 Warning
DSP cannot absorb non-zero init register  
Register dpll_wrapper_inst/reg_kf/output_reg[3] cannot be absorbed into DSP block due to its non-zero INIT value.
Related violations: <none>

SYNTH-14#32 Warning
DSP cannot absorb non-zero init register  
Register dpll_wrapper_inst/reg_ki/output_reg[1] cannot be absorbed into DSP block due to its non-zero INIT value.
Related violations: <none>

SYNTH-14#33 Warning
DSP cannot absorb non-zero init register  
Register dpll_wrapper_inst/reg_kp/output_reg[2] cannot be absorbed into DSP block due to its non-zero INIT value.
Related violations: <none>

TIMING-4#1 Warning
Invalid primary clock redefinition on a clock tree  
Invalid clock redefinition on a clock tree. The primary clock nolabel_line652/inst/clk_in1 is defined downstream of clock adc_clk and overrides its insertion delay and/or waveform definition
Related violations: <none>

TIMING-4#2 Warning
Invalid primary clock redefinition on a clock tree  
Invalid clock redefinition on a clock tree. The primary clock nolabel_line652/inst/clk_in1 is defined downstream of clock pll_adc_clk and overrides its insertion delay and/or waveform definition
Related violations: <none>

TIMING-16#1 Warning
Large setup violation  
There is a large setup violation of -1.008 ns between dpll_wrapper_inst/dpll_clock_valid_stage_a_inst/rst_sync_reg[2]/C (clocked by pll_adc_clk) and dpll_wrapper_inst/dpll_single_clock_core_stage_a_inst/fll_phase_difference_inst/phase_z1_reg[5]/R (clocked by pll_adc_clk). Large setup violations at the end of those stages might be difficult to fix during the post-placement implementation flow and could be the result of non-optimal XDC constraints or non-optimal design architecture
Related violations: <none>

TIMING-16#2 Warning
Large setup violation  
There is a large setup violation of -1.008 ns between dpll_wrapper_inst/dpll_clock_valid_stage_a_inst/rst_sync_reg[2]/C (clocked by pll_adc_clk) and dpll_wrapper_inst/dpll_single_clock_core_stage_a_inst/fll_phase_difference_inst/phase_z1_reg[8]/R (clocked by pll_adc_clk). Large setup violations at the end of those stages might be difficult to fix during the post-placement implementation flow and could be the result of non-optimal XDC constraints or non-optimal design architecture
Related violations: <none>

TIMING-16#3 Warning
Large setup violation  
There is a large setup violation of -1.008 ns between dpll_wrapper_inst/dpll_clock_valid_stage_a_inst/rst_sync_reg[2]/C (clocked by pll_adc_clk) and dpll_wrapper_inst/dpll_single_clock_core_stage_a_inst/fll_phase_difference_inst/phase_z1_reg[9]/R (clocked by pll_adc_clk). Large setup violations at the end of those stages might be difficult to fix during the post-placement implementation flow and could be the result of non-optimal XDC constraints or non-optimal design architecture
Related violations: <none>

TIMING-16#4 Warning
Large setup violation  
There is a large setup violation of -1.008 ns between dpll_wrapper_inst/dpll_clock_valid_stage_a_inst/rst_sync_reg[2]/C (clocked by pll_adc_clk) and dpll_wrapper_inst/dpll_single_clock_core_stage_a_inst/fll_phase_difference_inst/phase_z2_reg[9]/R (clocked by pll_adc_clk). Large setup violations at the end of those stages might be difficult to fix during the post-placement implementation flow and could be the result of non-optimal XDC constraints or non-optimal design architecture
Related violations: <none>

TIMING-16#5 Warning
Large setup violation  
There is a large setup violation of -1.008 ns between dpll_wrapper_inst/dpll_clock_valid_stage_a_inst/rst_sync_reg[2]/C (clocked by pll_adc_clk) and dpll_wrapper_inst/dpll_single_clock_core_stage_a_inst/fll_phase_difference_inst/phase_z4_reg[9]/R (clocked by pll_adc_clk). Large setup violations at the end of those stages might be difficult to fix during the post-placement implementation flow and could be the result of non-optimal XDC constraints or non-optimal design architecture
Related violations: <none>

TIMING-16#6 Warning
Large setup violation  
There is a large setup violation of -1.008 ns between dpll_wrapper_inst/dpll_clock_valid_stage_a_inst/rst_sync_reg[2]/C (clocked by pll_adc_clk) and dpll_wrapper_inst/dpll_single_clock_core_stage_a_inst/fll_phase_difference_inst/phase_z8_reg[9]/R (clocked by pll_adc_clk). Large setup violations at the end of those stages might be difficult to fix during the post-placement implementation flow and could be the result of non-optimal XDC constraints or non-optimal design architecture
Related violations: <none>

TIMING-16#7 Warning
Large setup violation  
There is a large setup violation of -1.023 ns between i_ps/axi_slave_gp0/wr_wdata_reg[6]/C (clocked by adc_clk) and Digital_Freq_Meter_inst/parallel_bus_register_32_bits_or_less_freq_c0/output_reg[6]/D (clocked by pll_adc_clk). Large setup violations at the end of those stages might be difficult to fix during the post-placement implementation flow and could be the result of non-optimal XDC constraints or non-optimal design architecture
Related violations: <none>

TIMING-16#8 Warning
Large setup violation  
There is a large setup violation of -1.027 ns between i_ps/axi_slave_gp0/wr_wdata_reg[0]/C (clocked by adc_clk) and Digital_Freq_Meter_inst/parallel_bus_register_negative_limit_dac0/output_reg[0]/D (clocked by pll_adc_clk). Large setup violations at the end of those stages might be difficult to fix during the post-placement implementation flow and could be the result of non-optimal XDC constraints or non-optimal design architecture
Related violations: <none>

TIMING-16#9 Warning
Large setup violation  
There is a large setup violation of -1.031 ns between i_ps/axi_slave_gp0/wr_wdata_reg[16]/C (clocked by adc_clk) and Digital_Freq_Meter_inst/parallel_bus_register_phase_residuals0_offset/output_reg[16]/D (clocked by pll_adc_clk). Large setup violations at the end of those stages might be difficult to fix during the post-placement implementation flow and could be the result of non-optimal XDC constraints or non-optimal design architecture
Related violations: <none>

TIMING-16#10 Warning
Large setup violation  
There is a large setup violation of -1.034 ns between dpll_wrapper_inst/reg_freq_mul/output_reg[10]/C (clocked by pll_adc_clk) and dpll_wrapper_inst/PLL_VCO_MUL_DIV_inst/VCO0_Multiplier/U0/i_mult/gDSP.gDSP_only.iDSP/use_prim.appDSP48[0].bppDSP48[0].need_output_delay.output_delay/d1.dout_i_reg[11]/D (clocked by pll_adc_clk). Large setup violations at the end of those stages might be difficult to fix during the post-placement implementation flow and could be the result of non-optimal XDC constraints or non-optimal design architecture
Related violations: <none>

TIMING-16#11 Warning
Large setup violation  
There is a large setup violation of -1.035 ns between i_ps/axi_slave_gp0/wr_wdata_reg[15]/C (clocked by adc_clk) and Digital_Freq_Meter_inst/parallel_bus_register_32_bits_or_less_freq_c0/output_reg[15]/D (clocked by pll_adc_clk). Large setup violations at the end of those stages might be difficult to fix during the post-placement implementation flow and could be the result of non-optimal XDC constraints or non-optimal design architecture
Related violations: <none>

TIMING-16#12 Warning
Large setup violation  
There is a large setup violation of -1.040 ns between dpll_wrapper_inst/reg_freq_div/output_reg[14]/C (clocked by pll_adc_clk) and dpll_wrapper_inst/PLL_VCO_MUL_DIV_inst/VCO0_Divider/U0/i_synth/i_nonzero_fract.i_synth/opt_high_radix.i_nonzero_fract.i_high_radix/i_fixed.i_fix_to_flt/i_fpo/FIX_TO_FLT_OP.SPD.OP/NORM_SHIFT/MUX_LOOP[0].DEL_SHIFT/i_pipe/opt_has_pipe.first_q_reg[12]/R (clocked by pll_adc_clk). Large setup violations at the end of those stages might be difficult to fix during the post-placement implementation flow and could be the result of non-optimal XDC constraints or non-optimal design architecture
Related violations: <none>

TIMING-16#13 Warning
Large setup violation  
There is a large setup violation of -1.040 ns between dpll_wrapper_inst/reg_freq_div/output_reg[14]/C (clocked by pll_adc_clk) and dpll_wrapper_inst/PLL_VCO_MUL_DIV_inst/VCO0_Divider/U0/i_synth/i_nonzero_fract.i_synth/opt_high_radix.i_nonzero_fract.i_high_radix/i_fixed.i_fix_to_flt/i_fpo/FIX_TO_FLT_OP.SPD.OP/NORM_SHIFT/MUX_LOOP[0].DEL_SHIFT/i_pipe/opt_has_pipe.first_q_reg[13]/R (clocked by pll_adc_clk). Large setup violations at the end of those stages might be difficult to fix during the post-placement implementation flow and could be the result of non-optimal XDC constraints or non-optimal design architecture
Related violations: <none>

TIMING-16#14 Warning
Large setup violation  
There is a large setup violation of -1.040 ns between dpll_wrapper_inst/reg_freq_div/output_reg[14]/C (clocked by pll_adc_clk) and dpll_wrapper_inst/PLL_VCO_MUL_DIV_inst/VCO0_Divider/U0/i_synth/i_nonzero_fract.i_synth/opt_high_radix.i_nonzero_fract.i_high_radix/i_fixed.i_fix_to_flt/i_fpo/FIX_TO_FLT_OP.SPD.OP/NORM_SHIFT/MUX_LOOP[0].DEL_SHIFT/i_pipe/opt_has_pipe.first_q_reg[14]/R (clocked by pll_adc_clk). Large setup violations at the end of those stages might be difficult to fix during the post-placement implementation flow and could be the result of non-optimal XDC constraints or non-optimal design architecture
Related violations: <none>

TIMING-16#15 Warning
Large setup violation  
There is a large setup violation of -1.040 ns between dpll_wrapper_inst/reg_freq_div/output_reg[14]/C (clocked by pll_adc_clk) and dpll_wrapper_inst/PLL_VCO_MUL_DIV_inst/VCO0_Divider/U0/i_synth/i_nonzero_fract.i_synth/opt_high_radix.i_nonzero_fract.i_high_radix/i_fixed.i_fix_to_flt/i_fpo/FIX_TO_FLT_OP.SPD.OP/NORM_SHIFT/MUX_LOOP[0].DEL_SHIFT/i_pipe/opt_has_pipe.first_q_reg[15]/R (clocked by pll_adc_clk). Large setup violations at the end of those stages might be difficult to fix during the post-placement implementation flow and could be the result of non-optimal XDC constraints or non-optimal design architecture
Related violations: <none>

TIMING-16#16 Warning
Large setup violation  
There is a large setup violation of -1.057 ns between dpll_wrapper_inst/reg_freq_mul/output_reg[10]/C (clocked by pll_adc_clk) and dpll_wrapper_inst/PLL_VCO_MUL_DIV_inst/VCO0_Multiplier/U0/i_mult/gDSP.gDSP_only.iDSP/use_prim.appDSP48[0].bppDSP48[0].need_output_delay.output_delay/d1.dout_i_reg[16]/D (clocked by pll_adc_clk). Large setup violations at the end of those stages might be difficult to fix during the post-placement implementation flow and could be the result of non-optimal XDC constraints or non-optimal design architecture
Related violations: <none>

TIMING-16#17 Warning
Large setup violation  
There is a large setup violation of -1.057 ns between i_ps/axi_slave_gp0/wr_wdata_reg[25]/C (clocked by adc_clk) and dpll_wrapper_inst/reg_gain_d_compat/output_reg[25]/D (clocked by pll_adc_clk). Large setup violations at the end of those stages might be difficult to fix during the post-placement implementation flow and could be the result of non-optimal XDC constraints or non-optimal design architecture
Related violations: <none>

TIMING-16#18 Warning
Large setup violation  
There is a large setup violation of -1.067 ns between dpll_wrapper_inst/reg_freq_mul/output_reg[10]/C (clocked by pll_adc_clk) and dpll_wrapper_inst/PLL_VCO_MUL_DIV_inst/VCO0_Multiplier/U0/i_mult/gDSP.gDSP_only.iDSP/use_prim.appDSP48[0].bppDSP48[0].need_output_delay.output_delay/d1.dout_i_reg[13]/D (clocked by pll_adc_clk). Large setup violations at the end of those stages might be difficult to fix during the post-placement implementation flow and could be the result of non-optimal XDC constraints or non-optimal design architecture
Related violations: <none>

TIMING-16#19 Warning
Large setup violation  
There is a large setup violation of -1.067 ns between i_ps/axi_slave_gp0/wr_wdata_reg[4]/C (clocked by adc_clk) and dpll_wrapper_inst/reg_freq_thr/output_reg[4]/D (clocked by pll_adc_clk). Large setup violations at the end of those stages might be difficult to fix during the post-placement implementation flow and could be the result of non-optimal XDC constraints or non-optimal design architecture
Related violations: <none>

TIMING-16#20 Warning
Large setup violation  
There is a large setup violation of -1.093 ns between i_ps/axi_slave_gp0/wr_wdata_reg[0]/C (clocked by adc_clk) and dpll_wrapper_inst/reg_dac0_offset/output_reg[0]/D (clocked by pll_adc_clk). Large setup violations at the end of those stages might be difficult to fix during the post-placement implementation flow and could be the result of non-optimal XDC constraints or non-optimal design architecture
Related violations: <none>

TIMING-16#21 Warning
Large setup violation  
There is a large setup violation of -1.103 ns between dpll_wrapper_inst/dpll_clock_valid_stage_a_inst/rst_sync_reg[2]/C (clocked by pll_adc_clk) and dpll_wrapper_inst/dpll_single_clock_core_stage_a_inst/fll_phase_difference_inst/phase_z2_reg[5]/R (clocked by pll_adc_clk). Large setup violations at the end of those stages might be difficult to fix during the post-placement implementation flow and could be the result of non-optimal XDC constraints or non-optimal design architecture
Related violations: <none>

TIMING-16#22 Warning
Large setup violation  
There is a large setup violation of -1.103 ns between dpll_wrapper_inst/dpll_clock_valid_stage_a_inst/rst_sync_reg[2]/C (clocked by pll_adc_clk) and dpll_wrapper_inst/dpll_single_clock_core_stage_a_inst/fll_phase_difference_inst/phase_z2_reg[8]/R (clocked by pll_adc_clk). Large setup violations at the end of those stages might be difficult to fix during the post-placement implementation flow and could be the result of non-optimal XDC constraints or non-optimal design architecture
Related violations: <none>

TIMING-16#23 Warning
Large setup violation  
There is a large setup violation of -1.103 ns between dpll_wrapper_inst/dpll_clock_valid_stage_a_inst/rst_sync_reg[2]/C (clocked by pll_adc_clk) and dpll_wrapper_inst/dpll_single_clock_core_stage_a_inst/fll_phase_difference_inst/phase_z4_reg[5]/R (clocked by pll_adc_clk). Large setup violations at the end of those stages might be difficult to fix during the post-placement implementation flow and could be the result of non-optimal XDC constraints or non-optimal design architecture
Related violations: <none>

TIMING-16#24 Warning
Large setup violation  
There is a large setup violation of -1.103 ns between dpll_wrapper_inst/dpll_clock_valid_stage_a_inst/rst_sync_reg[2]/C (clocked by pll_adc_clk) and dpll_wrapper_inst/dpll_single_clock_core_stage_a_inst/fll_phase_difference_inst/phase_z4_reg[8]/R (clocked by pll_adc_clk). Large setup violations at the end of those stages might be difficult to fix during the post-placement implementation flow and could be the result of non-optimal XDC constraints or non-optimal design architecture
Related violations: <none>

TIMING-16#25 Warning
Large setup violation  
There is a large setup violation of -1.103 ns between dpll_wrapper_inst/dpll_clock_valid_stage_a_inst/rst_sync_reg[2]/C (clocked by pll_adc_clk) and dpll_wrapper_inst/dpll_single_clock_core_stage_a_inst/fll_phase_difference_inst/phase_z8_reg[5]/R (clocked by pll_adc_clk). Large setup violations at the end of those stages might be difficult to fix during the post-placement implementation flow and could be the result of non-optimal XDC constraints or non-optimal design architecture
Related violations: <none>

TIMING-16#26 Warning
Large setup violation  
There is a large setup violation of -1.103 ns between dpll_wrapper_inst/dpll_clock_valid_stage_a_inst/rst_sync_reg[2]/C (clocked by pll_adc_clk) and dpll_wrapper_inst/dpll_single_clock_core_stage_a_inst/fll_phase_difference_inst/phase_z8_reg[8]/R (clocked by pll_adc_clk). Large setup violations at the end of those stages might be difficult to fix during the post-placement implementation flow and could be the result of non-optimal XDC constraints or non-optimal design architecture
Related violations: <none>

TIMING-16#27 Warning
Large setup violation  
There is a large setup violation of -1.106 ns between dpll_wrapper_inst/reg_freq_mul/output_reg[10]/C (clocked by pll_adc_clk) and dpll_wrapper_inst/PLL_VCO_MUL_DIV_inst/VCO0_Multiplier/U0/i_mult/gDSP.gDSP_only.iDSP/use_prim.appDSP48[0].bppDSP48[0].need_output_delay.output_delay/d1.dout_i_reg[5]/D (clocked by pll_adc_clk). Large setup violations at the end of those stages might be difficult to fix during the post-placement implementation flow and could be the result of non-optimal XDC constraints or non-optimal design architecture
Related violations: <none>

TIMING-16#28 Warning
Large setup violation  
There is a large setup violation of -1.119 ns between dpll_wrapper_inst/reg_freq_mul/output_reg[10]/C (clocked by pll_adc_clk) and dpll_wrapper_inst/PLL_VCO_MUL_DIV_inst/VCO0_Multiplier/U0/i_mult/gDSP.gDSP_only.iDSP/use_prim.appDSP48[0].bppDSP48[0].need_output_delay.output_delay/d1.dout_i_reg[14]/D (clocked by pll_adc_clk). Large setup violations at the end of those stages might be difficult to fix during the post-placement implementation flow and could be the result of non-optimal XDC constraints or non-optimal design architecture
Related violations: <none>

TIMING-16#29 Warning
Large setup violation  
There is a large setup violation of -1.120 ns between dpll_wrapper_inst/dpll_clock_valid_stage_a_inst/rst_sync_reg[2]/C (clocked by pll_adc_clk) and dpll_wrapper_inst/dpll_single_clock_core_stage_a_inst/hybrid_loop_inst/freq_state_reg[26]/R (clocked by pll_adc_clk). Large setup violations at the end of those stages might be difficult to fix during the post-placement implementation flow and could be the result of non-optimal XDC constraints or non-optimal design architecture
Related violations: <none>

TIMING-16#30 Warning
Large setup violation  
There is a large setup violation of -1.120 ns between dpll_wrapper_inst/dpll_clock_valid_stage_a_inst/rst_sync_reg[2]/C (clocked by pll_adc_clk) and dpll_wrapper_inst/dpll_single_clock_core_stage_a_inst/hybrid_loop_inst/freq_state_reg[29]/R (clocked by pll_adc_clk). Large setup violations at the end of those stages might be difficult to fix during the post-placement implementation flow and could be the result of non-optimal XDC constraints or non-optimal design architecture
Related violations: <none>

TIMING-16#31 Warning
Large setup violation  
There is a large setup violation of -1.126 ns between i_ps/axi_slave_gp0/wr_wdata_reg[9]/C (clocked by adc_clk) and Digital_Freq_Meter_inst/parallel_bus_register_32_bits_or_less_freq_c0/output_reg[9]/D (clocked by pll_adc_clk). Large setup violations at the end of those stages might be difficult to fix during the post-placement implementation flow and could be the result of non-optimal XDC constraints or non-optimal design architecture
Related violations: <none>

TIMING-16#32 Warning
Large setup violation  
There is a large setup violation of -1.131 ns between i_ps/axi_slave_gp0/wr_wdata_reg[4]/C (clocked by adc_clk) and dpll_wrapper_inst/reg_debug_format/output_reg[4]/D (clocked by pll_adc_clk). Large setup violations at the end of those stages might be difficult to fix during the post-placement implementation flow and could be the result of non-optimal XDC constraints or non-optimal design architecture
Related violations: <none>

TIMING-16#33 Warning
Large setup violation  
There is a large setup violation of -1.148 ns between dpll_wrapper_inst/reg_freq_mul/output_reg[10]/C (clocked by pll_adc_clk) and dpll_wrapper_inst/PLL_VCO_MUL_DIV_inst/VCO0_Multiplier/U0/i_mult/gDSP.gDSP_only.iDSP/use_prim.appDSP48[0].bppDSP48[0].need_output_delay.output_delay/d1.dout_i_reg[10]/D (clocked by pll_adc_clk). Large setup violations at the end of those stages might be difficult to fix during the post-placement implementation flow and could be the result of non-optimal XDC constraints or non-optimal design architecture
Related violations: <none>

TIMING-16#34 Warning
Large setup violation  
There is a large setup violation of -1.149 ns between i_ps/axi_slave_gp0/wr_wdata_reg[26]/C (clocked by adc_clk) and dpll_wrapper_inst/reg_center_freq/output_reg[26]/D (clocked by pll_adc_clk). Large setup violations at the end of those stages might be difficult to fix during the post-placement implementation flow and could be the result of non-optimal XDC constraints or non-optimal design architecture
Related violations: <none>

TIMING-16#35 Warning
Large setup violation  
There is a large setup violation of -1.153 ns between dpll_wrapper_inst/reg_freq_mul/output_reg[10]/C (clocked by pll_adc_clk) and dpll_wrapper_inst/PLL_VCO_MUL_DIV_inst/VCO0_Multiplier/U0/i_mult/gDSP.gDSP_only.iDSP/use_prim.appDSP48[0].bppDSP48[0].need_output_delay.output_delay/d1.dout_i_reg[1]/D (clocked by pll_adc_clk). Large setup violations at the end of those stages might be difficult to fix during the post-placement implementation flow and could be the result of non-optimal XDC constraints or non-optimal design architecture
Related violations: <none>

TIMING-16#36 Warning
Large setup violation  
There is a large setup violation of -1.155 ns between dpll_wrapper_inst/reg_freq_mul/output_reg[10]/C (clocked by pll_adc_clk) and dpll_wrapper_inst/PLL_VCO_MUL_DIV_inst/VCO0_Multiplier/U0/i_mult/gDSP.gDSP_only.iDSP/use_prim.appDSP48[0].bppDSP48[0].need_output_delay.output_delay/d1.dout_i_reg[4]/D (clocked by pll_adc_clk). Large setup violations at the end of those stages might be difficult to fix during the post-placement implementation flow and could be the result of non-optimal XDC constraints or non-optimal design architecture
Related violations: <none>

TIMING-16#37 Warning
Large setup violation  
There is a large setup violation of -1.164 ns between dpll_wrapper_inst/reg_freq_mul/output_reg[10]/C (clocked by pll_adc_clk) and dpll_wrapper_inst/PLL_VCO_MUL_DIV_inst/VCO0_Multiplier/U0/i_mult/gDSP.gDSP_only.iDSP/use_prim.appDSP48[0].bppDSP48[0].need_output_delay.output_delay/d1.dout_i_reg[2]/D (clocked by pll_adc_clk). Large setup violations at the end of those stages might be difficult to fix during the post-placement implementation flow and could be the result of non-optimal XDC constraints or non-optimal design architecture
Related violations: <none>

TIMING-16#38 Warning
Large setup violation  
There is a large setup violation of -1.165 ns between dpll_wrapper_inst/reg_freq_mul/output_reg[10]/C (clocked by pll_adc_clk) and dpll_wrapper_inst/PLL_VCO_MUL_DIV_inst/VCO0_Multiplier/U0/i_mult/gDSP.gDSP_only.iDSP/use_prim.appDSP48[0].bppDSP48[0].need_output_delay.output_delay/d1.dout_i_reg[12]/D (clocked by pll_adc_clk). Large setup violations at the end of those stages might be difficult to fix during the post-placement implementation flow and could be the result of non-optimal XDC constraints or non-optimal design architecture
Related violations: <none>

TIMING-16#39 Warning
Large setup violation  
There is a large setup violation of -1.172 ns between i_ps/axi_slave_gp0/wr_wdata_reg[13]/C (clocked by adc_clk) and Digital_Freq_Meter_inst/parallel_bus_register_32_bits_or_less_freq_c0/output_reg[13]/D (clocked by pll_adc_clk). Large setup violations at the end of those stages might be difficult to fix during the post-placement implementation flow and could be the result of non-optimal XDC constraints or non-optimal design architecture
Related violations: <none>

TIMING-16#40 Warning
Large setup violation  
There is a large setup violation of -1.174 ns between i_ps/axi_slave_gp0/wr_wdata_reg[0]/C (clocked by adc_clk) and dpll_wrapper_inst/reg_debug_source/output_reg[0]/D (clocked by pll_adc_clk). Large setup violations at the end of those stages might be difficult to fix during the post-placement implementation flow and could be the result of non-optimal XDC constraints or non-optimal design architecture
Related violations: <none>

TIMING-16#41 Warning
Large setup violation  
There is a large setup violation of -1.180 ns between dpll_wrapper_inst/dpll_single_clock_core_stage_a_inst/fll_phase_difference_inst/freq_error_reg[18]/C (clocked by pll_adc_clk) and dpll_wrapper_inst/dpll_single_clock_core_stage_a_inst/hybrid_loop_inst/fll_product_r_reg[27]/D (clocked by pll_adc_clk). Large setup violations at the end of those stages might be difficult to fix during the post-placement implementation flow and could be the result of non-optimal XDC constraints or non-optimal design architecture
Related violations: <none>

TIMING-16#42 Warning
Large setup violation  
There is a large setup violation of -1.183 ns between i_ps/axi_slave_gp0/wr_wdata_reg[26]/C (clocked by adc_clk) and Digital_Freq_Meter_inst/parallel_bus_register_negative_limit_dac0/output_reg[26]/D (clocked by pll_adc_clk). Large setup violations at the end of those stages might be difficult to fix during the post-placement implementation flow and could be the result of non-optimal XDC constraints or non-optimal design architecture
Related violations: <none>

TIMING-16#43 Warning
Large setup violation  
There is a large setup violation of -1.204 ns between dpll_wrapper_inst/reg_freq_mul/output_reg[10]/C (clocked by pll_adc_clk) and dpll_wrapper_inst/PLL_VCO_MUL_DIV_inst/VCO0_Multiplier/U0/i_mult/gDSP.gDSP_only.iDSP/use_prim.appDSP48[0].bppDSP48[0].need_output_delay.output_delay/d1.dout_i_reg[7]/D (clocked by pll_adc_clk). Large setup violations at the end of those stages might be difficult to fix during the post-placement implementation flow and could be the result of non-optimal XDC constraints or non-optimal design architecture
Related violations: <none>

TIMING-16#44 Warning
Large setup violation  
There is a large setup violation of -1.214 ns between dpll_wrapper_inst/reg_freq_mul/output_reg[10]/C (clocked by pll_adc_clk) and dpll_wrapper_inst/PLL_VCO_MUL_DIV_inst/VCO0_Multiplier/U0/i_mult/gDSP.gDSP_only.iDSP/use_prim.appDSP48[0].bppDSP48[0].need_output_delay.output_delay/d1.dout_i_reg[3]/D (clocked by pll_adc_clk). Large setup violations at the end of those stages might be difficult to fix during the post-placement implementation flow and could be the result of non-optimal XDC constraints or non-optimal design architecture
Related violations: <none>

TIMING-16#45 Warning
Large setup violation  
There is a large setup violation of -1.215 ns between dpll_wrapper_inst/dpll_clock_valid_stage_a_inst/rst_sync_reg[2]/C (clocked by pll_adc_clk) and dpll_wrapper_inst/dpll_single_clock_core_stage_a_inst/fll_phase_difference_inst/phase_z1_reg[1]/R (clocked by pll_adc_clk). Large setup violations at the end of those stages might be difficult to fix during the post-placement implementation flow and could be the result of non-optimal XDC constraints or non-optimal design architecture
Related violations: <none>

TIMING-16#46 Warning
Large setup violation  
There is a large setup violation of -1.215 ns between dpll_wrapper_inst/dpll_clock_valid_stage_a_inst/rst_sync_reg[2]/C (clocked by pll_adc_clk) and dpll_wrapper_inst/dpll_single_clock_core_stage_a_inst/fll_phase_difference_inst/phase_z2_reg[1]/R (clocked by pll_adc_clk). Large setup violations at the end of those stages might be difficult to fix during the post-placement implementation flow and could be the result of non-optimal XDC constraints or non-optimal design architecture
Related violations: <none>

TIMING-16#47 Warning
Large setup violation  
There is a large setup violation of -1.215 ns between dpll_wrapper_inst/dpll_clock_valid_stage_a_inst/rst_sync_reg[2]/C (clocked by pll_adc_clk) and dpll_wrapper_inst/dpll_single_clock_core_stage_a_inst/fll_phase_difference_inst/phase_z4_reg[1]/R (clocked by pll_adc_clk). Large setup violations at the end of those stages might be difficult to fix during the post-placement implementation flow and could be the result of non-optimal XDC constraints or non-optimal design architecture
Related violations: <none>

TIMING-16#48 Warning
Large setup violation  
There is a large setup violation of -1.215 ns between dpll_wrapper_inst/dpll_clock_valid_stage_a_inst/rst_sync_reg[2]/C (clocked by pll_adc_clk) and dpll_wrapper_inst/dpll_single_clock_core_stage_a_inst/fll_phase_difference_inst/phase_z8_reg[1]/R (clocked by pll_adc_clk). Large setup violations at the end of those stages might be difficult to fix during the post-placement implementation flow and could be the result of non-optimal XDC constraints or non-optimal design architecture
Related violations: <none>

TIMING-16#49 Warning
Large setup violation  
There is a large setup violation of -1.224 ns between dpll_wrapper_inst/reg_freq_mul/output_reg[10]/C (clocked by pll_adc_clk) and dpll_wrapper_inst/PLL_VCO_MUL_DIV_inst/VCO0_Multiplier/U0/i_mult/gDSP.gDSP_only.iDSP/use_prim.appDSP48[0].bppDSP48[0].need_output_delay.output_delay/d1.dout_i_reg[15]/D (clocked by pll_adc_clk). Large setup violations at the end of those stages might be difficult to fix during the post-placement implementation flow and could be the result of non-optimal XDC constraints or non-optimal design architecture
Related violations: <none>

TIMING-16#50 Warning
Large setup violation  
There is a large setup violation of -1.225 ns between dpll_wrapper_inst/reg_freq_mul/output_reg[10]/C (clocked by pll_adc_clk) and dpll_wrapper_inst/PLL_VCO_MUL_DIV_inst/VCO0_Multiplier/U0/i_mult/gDSP.gDSP_only.iDSP/use_prim.appDSP48[0].bppDSP48[0].need_output_delay.output_delay/d1.dout_i_reg[6]/D (clocked by pll_adc_clk). Large setup violations at the end of those stages might be difficult to fix during the post-placement implementation flow and could be the result of non-optimal XDC constraints or non-optimal design architecture
Related violations: <none>

TIMING-16#51 Warning
Large setup violation  
There is a large setup violation of -1.253 ns between i_ps/axi_slave_gp0/wr_wdata_reg[27]/C (clocked by adc_clk) and dpll_wrapper_inst/reg_debug_source/output_reg[27]/D (clocked by pll_adc_clk). Large setup violations at the end of those stages might be difficult to fix during the post-placement implementation flow and could be the result of non-optimal XDC constraints or non-optimal design architecture
Related violations: <none>

TIMING-16#52 Warning
Large setup violation  
There is a large setup violation of -1.258 ns between i_ps/axi_slave_gp0/sys_wen_o_reg/C (clocked by adc_clk) and Digital_Freq_Meter_inst/sys_ack_reg/D (clocked by pll_adc_clk). Large setup violations at the end of those stages might be difficult to fix during the post-placement implementation flow and could be the result of non-optimal XDC constraints or non-optimal design architecture
Related violations: <none>

TIMING-16#53 Warning
Large setup violation  
There is a large setup violation of -1.282 ns between i_ps/axi_slave_gp0/wr_wdata_reg[0]/C (clocked by adc_clk) and dpll_wrapper_inst/reg_ki/output_reg[0]/D (clocked by pll_adc_clk). Large setup violations at the end of those stages might be difficult to fix during the post-placement implementation flow and could be the result of non-optimal XDC constraints or non-optimal design architecture
Related violations: <none>

TIMING-16#54 Warning
Large setup violation  
There is a large setup violation of -1.291 ns between dpll_wrapper_inst/dpll_clock_valid_stage_a_inst/rst_sync_reg[2]/C (clocked by pll_adc_clk) and dpll_wrapper_inst/dpll_single_clock_core_stage_a_inst/hybrid_loop_inst/negative_limit_r0_reg[26]/R (clocked by pll_adc_clk). Large setup violations at the end of those stages might be difficult to fix during the post-placement implementation flow and could be the result of non-optimal XDC constraints or non-optimal design architecture
Related violations: <none>

TIMING-16#55 Warning
Large setup violation  
There is a large setup violation of -1.291 ns between dpll_wrapper_inst/dpll_clock_valid_stage_a_inst/rst_sync_reg[2]/C (clocked by pll_adc_clk) and dpll_wrapper_inst/dpll_single_clock_core_stage_a_inst/hybrid_loop_inst/negative_limit_r0_reg[30]/R (clocked by pll_adc_clk). Large setup violations at the end of those stages might be difficult to fix during the post-placement implementation flow and could be the result of non-optimal XDC constraints or non-optimal design architecture
Related violations: <none>

TIMING-16#56 Warning
Large setup violation  
There is a large setup violation of -1.327 ns between i_ps/axi_slave_gp0/wr_wdata_reg[4]/C (clocked by adc_clk) and dpll_wrapper_inst/reg_coef_compat/output_reg[4]/D (clocked by pll_adc_clk). Large setup violations at the end of those stages might be difficult to fix during the post-placement implementation flow and could be the result of non-optimal XDC constraints or non-optimal design architecture
Related violations: <none>

TIMING-16#57 Warning
Large setup violation  
There is a large setup violation of -1.331 ns between i_ps/axi_slave_gp0/wr_wdata_reg[16]/C (clocked by adc_clk) and Digital_Freq_Meter_inst/parallel_bus_register_pll0_coefdfilter/output_reg[16]/D (clocked by pll_adc_clk). Large setup violations at the end of those stages might be difficult to fix during the post-placement implementation flow and could be the result of non-optimal XDC constraints or non-optimal design architecture
Related violations: <none>

TIMING-16#58 Warning
Large setup violation  
There is a large setup violation of -1.332 ns between i_ps/axi_slave_gp0/wr_wdata_reg[27]/C (clocked by adc_clk) and Digital_Freq_Meter_inst/parallel_bus_register_phase_residuals0_threshold/output_reg[27]/D (clocked by pll_adc_clk). Large setup violations at the end of those stages might be difficult to fix during the post-placement implementation flow and could be the result of non-optimal XDC constraints or non-optimal design architecture
Related violations: <none>

TIMING-16#59 Warning
Large setup violation  
There is a large setup violation of -1.341 ns between i_ps/axi_slave_gp0/wr_wdata_reg[16]/C (clocked by adc_clk) and Digital_Freq_Meter_inst/parallel_bus_register_negative_limit_dac0/output_reg[16]/D (clocked by pll_adc_clk). Large setup violations at the end of those stages might be difficult to fix during the post-placement implementation flow and could be the result of non-optimal XDC constraints or non-optimal design architecture
Related violations: <none>

TIMING-16#60 Warning
Large setup violation  
There is a large setup violation of -1.343 ns between i_ps/axi_slave_gp0/wr_wdata_reg[6]/C (clocked by adc_clk) and Digital_Freq_Meter_inst/parallel_bus_register_phase_residuals0_threshold/output_reg[6]/D (clocked by pll_adc_clk). Large setup violations at the end of those stages might be difficult to fix during the post-placement implementation flow and could be the result of non-optimal XDC constraints or non-optimal design architecture
Related violations: <none>

TIMING-16#61 Warning
Large setup violation  
There is a large setup violation of -1.351 ns between i_ps/axi_slave_gp0/wr_wdata_reg[0]/C (clocked by adc_clk) and Digital_Freq_Meter_inst/parallel_bus_register_freq_residuals0_threshold/output_reg[0]/D (clocked by pll_adc_clk). Large setup violations at the end of those stages might be difficult to fix during the post-placement implementation flow and could be the result of non-optimal XDC constraints or non-optimal design architecture
Related violations: <none>

TIMING-16#62 Warning
Large setup violation  
There is a large setup violation of -1.357 ns between i_ps/axi_slave_gp0/wr_wdata_reg[25]/C (clocked by adc_clk) and dpll_wrapper_inst/reg_debug_format/output_reg[25]/D (clocked by pll_adc_clk). Large setup violations at the end of those stages might be difficult to fix during the post-placement implementation flow and could be the result of non-optimal XDC constraints or non-optimal design architecture
Related violations: <none>

TIMING-16#63 Warning
Large setup violation  
There is a large setup violation of -1.362 ns between dpll_wrapper_inst/dpll_clock_valid_stage_a_inst/rst_sync_reg[2]/C (clocked by pll_adc_clk) and dpll_wrapper_inst/dpll_single_clock_core_stage_a_inst/tracking_word_hold_reg[26]/R (clocked by pll_adc_clk). Large setup violations at the end of those stages might be difficult to fix during the post-placement implementation flow and could be the result of non-optimal XDC constraints or non-optimal design architecture
Related violations: <none>

TIMING-16#64 Warning
Large setup violation  
There is a large setup violation of -1.379 ns between i_ps/axi_slave_gp0/wr_wdata_reg[0]/C (clocked by adc_clk) and Digital_Freq_Meter_inst/parallel_bus_register_gate_clockL/output_reg[0]/D (clocked by pll_adc_clk). Large setup violations at the end of those stages might be difficult to fix during the post-placement implementation flow and could be the result of non-optimal XDC constraints or non-optimal design architecture
Related violations: <none>

TIMING-16#65 Warning
Large setup violation  
There is a large setup violation of -1.429 ns between dpll_wrapper_inst/dpll_clock_valid_stage_a_inst/rst_sync_reg[2]/C (clocked by pll_adc_clk) and dpll_wrapper_inst/dpll_single_clock_core_stage_a_inst/hybrid_loop_inst/positive_limit_r0_reg[27]/R (clocked by pll_adc_clk). Large setup violations at the end of those stages might be difficult to fix during the post-placement implementation flow and could be the result of non-optimal XDC constraints or non-optimal design architecture
Related violations: <none>

TIMING-16#66 Warning
Large setup violation  
There is a large setup violation of -1.429 ns between dpll_wrapper_inst/dpll_clock_valid_stage_a_inst/rst_sync_reg[2]/C (clocked by pll_adc_clk) and dpll_wrapper_inst/dpll_single_clock_core_stage_a_inst/hybrid_loop_inst/positive_limit_r0_reg[29]/R (clocked by pll_adc_clk). Large setup violations at the end of those stages might be difficult to fix during the post-placement implementation flow and could be the result of non-optimal XDC constraints or non-optimal design architecture
Related violations: <none>

TIMING-16#67 Warning
Large setup violation  
There is a large setup violation of -1.450 ns between i_ps/axi_slave_gp0/wr_wdata_reg[27]/C (clocked by adc_clk) and Digital_Freq_Meter_inst/parallel_bus_register_negative_limit_dac0/output_reg[27]/D (clocked by pll_adc_clk). Large setup violations at the end of those stages might be difficult to fix during the post-placement implementation flow and could be the result of non-optimal XDC constraints or non-optimal design architecture
Related violations: <none>

TIMING-16#68 Warning
Large setup violation  
There is a large setup violation of -1.466 ns between i_ps/axi_slave_gp0/wr_wdata_reg[4]/C (clocked by adc_clk) and dpll_wrapper_inst/reg_debug_source/output_reg[4]/D (clocked by pll_adc_clk). Large setup violations at the end of those stages might be difficult to fix during the post-placement implementation flow and could be the result of non-optimal XDC constraints or non-optimal design architecture
Related violations: <none>

TIMING-16#69 Warning
Large setup violation  
There is a large setup violation of -1.498 ns between i_ps/axi_slave_gp0/wr_wdata_reg[0]/C (clocked by adc_clk) and Digital_Freq_Meter_inst/parallel_bus_register_gate_clockH/output_reg[0]/D (clocked by pll_adc_clk). Large setup violations at the end of those stages might be difficult to fix during the post-placement implementation flow and could be the result of non-optimal XDC constraints or non-optimal design architecture
Related violations: <none>

TIMING-16#70 Warning
Large setup violation  
There is a large setup violation of -1.518 ns between i_ps/axi_slave_gp0/wr_wdata_reg[6]/C (clocked by adc_clk) and Digital_Freq_Meter_inst/parallel_bus_register_freq_residuals0_threshold/output_reg[6]/D (clocked by pll_adc_clk). Large setup violations at the end of those stages might be difficult to fix during the post-placement implementation flow and could be the result of non-optimal XDC constraints or non-optimal design architecture
Related violations: <none>

TIMING-16#71 Warning
Large setup violation  
There is a large setup violation of -1.524 ns between dpll_wrapper_inst/dpll_clock_valid_stage_a_inst/rst_sync_reg[2]/C (clocked by pll_adc_clk) and dpll_wrapper_inst/dpll_single_clock_core_stage_a_inst/hybrid_loop_inst/freq_state_reg[24]/R (clocked by pll_adc_clk). Large setup violations at the end of those stages might be difficult to fix during the post-placement implementation flow and could be the result of non-optimal XDC constraints or non-optimal design architecture
Related violations: <none>

TIMING-16#72 Warning
Large setup violation  
There is a large setup violation of -1.524 ns between i_ps/axi_slave_gp0/wr_wdata_reg[0]/C (clocked by adc_clk) and Digital_Freq_Meter_inst/parallel_bus_register_manual_offset_dac0/output_reg[0]/D (clocked by pll_adc_clk). Large setup violations at the end of those stages might be difficult to fix during the post-placement implementation flow and could be the result of non-optimal XDC constraints or non-optimal design architecture
Related violations: <none>

TIMING-16#73 Warning
Large setup violation  
There is a large setup violation of -1.529 ns between dpll_wrapper_inst/dpll_single_clock_core_stage_a_inst/fll_phase_difference_inst/freq_error_reg[18]/C (clocked by pll_adc_clk) and dpll_wrapper_inst/dpll_single_clock_core_stage_a_inst/hybrid_loop_inst/fll_product_r_reg[28]/D (clocked by pll_adc_clk). Large setup violations at the end of those stages might be difficult to fix during the post-placement implementation flow and could be the result of non-optimal XDC constraints or non-optimal design architecture
Related violations: <none>

TIMING-16#74 Warning
Large setup violation  
There is a large setup violation of -1.565 ns between dpll_wrapper_inst/dpll_clock_valid_stage_a_inst/rst_sync_reg[2]/C (clocked by pll_adc_clk) and dpll_wrapper_inst/dpll_single_clock_core_stage_a_inst/hybrid_loop_inst/positive_limit_r1_reg[27]/R (clocked by pll_adc_clk). Large setup violations at the end of those stages might be difficult to fix during the post-placement implementation flow and could be the result of non-optimal XDC constraints or non-optimal design architecture
Related violations: <none>

TIMING-16#75 Warning
Large setup violation  
There is a large setup violation of -1.565 ns between dpll_wrapper_inst/dpll_clock_valid_stage_a_inst/rst_sync_reg[2]/C (clocked by pll_adc_clk) and dpll_wrapper_inst/dpll_single_clock_core_stage_a_inst/hybrid_loop_inst/positive_limit_r1_reg[29]/R (clocked by pll_adc_clk). Large setup violations at the end of those stages might be difficult to fix during the post-placement implementation flow and could be the result of non-optimal XDC constraints or non-optimal design architecture
Related violations: <none>

TIMING-16#76 Warning
Large setup violation  
There is a large setup violation of -1.582 ns between i_ps/axi_slave_gp0/wr_wdata_reg[25]/C (clocked by adc_clk) and dpll_wrapper_inst/reg_debug_source/output_reg[25]/D (clocked by pll_adc_clk). Large setup violations at the end of those stages might be difficult to fix during the post-placement implementation flow and could be the result of non-optimal XDC constraints or non-optimal design architecture
Related violations: <none>

TIMING-16#77 Warning
Large setup violation  
There is a large setup violation of -1.592 ns between i_ps/axi_slave_gp0/wr_wdata_reg[27]/C (clocked by adc_clk) and Digital_Freq_Meter_inst/parallel_bus_register_positive_limit_dac0/output_reg[27]/D (clocked by pll_adc_clk). Large setup violations at the end of those stages might be difficult to fix during the post-placement implementation flow and could be the result of non-optimal XDC constraints or non-optimal design architecture
Related violations: <none>

TIMING-16#78 Warning
Large setup violation  
There is a large setup violation of -1.597 ns between dpll_wrapper_inst/dpll_clock_valid_stage_a_inst/rst_sync_reg[2]/C (clocked by pll_adc_clk) and dpll_wrapper_inst/dpll_single_clock_core_stage_a_inst/hybrid_loop_inst/positive_limit_r0_reg[23]/R (clocked by pll_adc_clk). Large setup violations at the end of those stages might be difficult to fix during the post-placement implementation flow and could be the result of non-optimal XDC constraints or non-optimal design architecture
Related violations: <none>

TIMING-16#79 Warning
Large setup violation  
There is a large setup violation of -1.597 ns between dpll_wrapper_inst/dpll_clock_valid_stage_a_inst/rst_sync_reg[2]/C (clocked by pll_adc_clk) and dpll_wrapper_inst/dpll_single_clock_core_stage_a_inst/hybrid_loop_inst/positive_limit_r0_reg[24]/R (clocked by pll_adc_clk). Large setup violations at the end of those stages might be difficult to fix during the post-placement implementation flow and could be the result of non-optimal XDC constraints or non-optimal design architecture
Related violations: <none>

TIMING-16#80 Warning
Large setup violation  
There is a large setup violation of -1.607 ns between i_ps/axi_slave_gp0/wr_wdata_reg[27]/C (clocked by adc_clk) and Digital_Freq_Meter_inst/parallel_bus_register_phase_residuals0_offset/output_reg[27]/D (clocked by pll_adc_clk). Large setup violations at the end of those stages might be difficult to fix during the post-placement implementation flow and could be the result of non-optimal XDC constraints or non-optimal design architecture
Related violations: <none>

TIMING-16#81 Warning
Large setup violation  
There is a large setup violation of -1.611 ns between dpll_wrapper_inst/dpll_clock_valid_stage_a_inst/rst_sync_reg[2]/C (clocked by pll_adc_clk) and dpll_wrapper_inst/dpll_single_clock_core_stage_a_inst/hybrid_loop_inst/center_word_r1_reg[38]/R (clocked by pll_adc_clk). Large setup violations at the end of those stages might be difficult to fix during the post-placement implementation flow and could be the result of non-optimal XDC constraints or non-optimal design architecture
Related violations: <none>

TIMING-16#82 Warning
Large setup violation  
There is a large setup violation of -1.611 ns between dpll_wrapper_inst/dpll_clock_valid_stage_a_inst/rst_sync_reg[2]/C (clocked by pll_adc_clk) and dpll_wrapper_inst/dpll_single_clock_core_stage_a_inst/hybrid_loop_inst/negative_limit_r1_reg[25]/R (clocked by pll_adc_clk). Large setup violations at the end of those stages might be difficult to fix during the post-placement implementation flow and could be the result of non-optimal XDC constraints or non-optimal design architecture
Related violations: <none>

TIMING-16#83 Warning
Large setup violation  
There is a large setup violation of -1.611 ns between dpll_wrapper_inst/dpll_clock_valid_stage_a_inst/rst_sync_reg[2]/C (clocked by pll_adc_clk) and dpll_wrapper_inst/dpll_single_clock_core_stage_a_inst/hybrid_loop_inst/negative_limit_r1_reg[30]/R (clocked by pll_adc_clk). Large setup violations at the end of those stages might be difficult to fix during the post-placement implementation flow and could be the result of non-optimal XDC constraints or non-optimal design architecture
Related violations: <none>

TIMING-16#84 Warning
Large setup violation  
There is a large setup violation of -1.626 ns between i_ps/axi_slave_gp0/wr_wdata_reg[6]/C (clocked by adc_clk) and Digital_Freq_Meter_inst/parallel_bus_register_negative_limit_dac0/output_reg[6]/D (clocked by pll_adc_clk). Large setup violations at the end of those stages might be difficult to fix during the post-placement implementation flow and could be the result of non-optimal XDC constraints or non-optimal design architecture
Related violations: <none>

TIMING-16#85 Warning
Large setup violation  
There is a large setup violation of -1.678 ns between i_ps/axi_slave_gp0/rd_araddr_reg[21]/C (clocked by adc_clk) and Digital_Freq_Meter_inst/parallel_bus_register_pll0_coefdfilter/update_flag_internal_reg/R (clocked by pll_adc_clk). Large setup violations at the end of those stages might be difficult to fix during the post-placement implementation flow and could be the result of non-optimal XDC constraints or non-optimal design architecture
Related violations: <none>

TIMING-16#86 Warning
Large setup violation  
There is a large setup violation of -1.678 ns between i_ps/axi_slave_gp0/rd_araddr_reg[21]/C (clocked by adc_clk) and Digital_Freq_Meter_inst/parallel_bus_register_pll0_gaini/update_flag_internal_reg/R (clocked by pll_adc_clk). Large setup violations at the end of those stages might be difficult to fix during the post-placement implementation flow and could be the result of non-optimal XDC constraints or non-optimal design architecture
Related violations: <none>

TIMING-16#87 Warning
Large setup violation  
There is a large setup violation of -1.678 ns between i_ps/axi_slave_gp0/rd_araddr_reg[21]/C (clocked by adc_clk) and Digital_Freq_Meter_inst/parallel_bus_register_pll0_gainii/update_flag_internal_reg/R (clocked by pll_adc_clk). Large setup violations at the end of those stages might be difficult to fix during the post-placement implementation flow and could be the result of non-optimal XDC constraints or non-optimal design architecture
Related violations: <none>

TIMING-16#88 Warning
Large setup violation  
There is a large setup violation of -1.678 ns between i_ps/axi_slave_gp0/rd_araddr_reg[21]/C (clocked by adc_clk) and Digital_Freq_Meter_inst/parallel_bus_register_pll0_gainp/update_flag_internal_reg/R (clocked by pll_adc_clk). Large setup violations at the end of those stages might be difficult to fix during the post-placement implementation flow and could be the result of non-optimal XDC constraints or non-optimal design architecture
Related violations: <none>

TIMING-16#89 Warning
Large setup violation  
There is a large setup violation of -1.692 ns between dpll_wrapper_inst/dpll_clock_valid_stage_a_inst/rst_sync_reg[2]/C (clocked by pll_adc_clk) and dpll_wrapper_inst/dpll_single_clock_core_stage_a_inst/hybrid_loop_inst/freq_correction_reg[24]/R (clocked by pll_adc_clk). Large setup violations at the end of those stages might be difficult to fix during the post-placement implementation flow and could be the result of non-optimal XDC constraints or non-optimal design architecture
Related violations: <none>

TIMING-16#90 Warning
Large setup violation  
There is a large setup violation of -1.692 ns between dpll_wrapper_inst/dpll_clock_valid_stage_a_inst/rst_sync_reg[2]/C (clocked by pll_adc_clk) and dpll_wrapper_inst/dpll_single_clock_core_stage_a_inst/hybrid_loop_inst/freq_correction_reg[26]/R (clocked by pll_adc_clk). Large setup violations at the end of those stages might be difficult to fix during the post-placement implementation flow and could be the result of non-optimal XDC constraints or non-optimal design architecture
Related violations: <none>

TIMING-16#91 Warning
Large setup violation  
There is a large setup violation of -1.692 ns between dpll_wrapper_inst/dpll_clock_valid_stage_a_inst/rst_sync_reg[2]/C (clocked by pll_adc_clk) and dpll_wrapper_inst/dpll_single_clock_core_stage_a_inst/hybrid_loop_inst/freq_correction_reg[30]/R (clocked by pll_adc_clk). Large setup violations at the end of those stages might be difficult to fix during the post-placement implementation flow and could be the result of non-optimal XDC constraints or non-optimal design architecture
Related violations: <none>

TIMING-16#92 Warning
Large setup violation  
There is a large setup violation of -1.700 ns between i_ps/axi_slave_gp0/wr_wdata_reg[0]/C (clocked by adc_clk) and dpll_wrapper_inst/reg_coef_compat/output_reg[0]/D (clocked by pll_adc_clk). Large setup violations at the end of those stages might be difficult to fix during the post-placement implementation flow and could be the result of non-optimal XDC constraints or non-optimal design architecture
Related violations: <none>

TIMING-16#93 Warning
Large setup violation  
There is a large setup violation of -1.740 ns between dpll_wrapper_inst/dpll_clock_valid_stage_a_inst/rst_sync_reg[2]/C (clocked by pll_adc_clk) and dpll_wrapper_inst/dpll_single_clock_core_stage_a_inst/tracking_word_hold_reg[28]/R (clocked by pll_adc_clk). Large setup violations at the end of those stages might be difficult to fix during the post-placement implementation flow and could be the result of non-optimal XDC constraints or non-optimal design architecture
Related violations: <none>

TIMING-16#94 Warning
Large setup violation  
There is a large setup violation of -1.740 ns between dpll_wrapper_inst/dpll_clock_valid_stage_a_inst/rst_sync_reg[2]/C (clocked by pll_adc_clk) and dpll_wrapper_inst/dpll_single_clock_core_stage_a_inst/tracking_word_hold_reg[29]/R (clocked by pll_adc_clk). Large setup violations at the end of those stages might be difficult to fix during the post-placement implementation flow and could be the result of non-optimal XDC constraints or non-optimal design architecture
Related violations: <none>

TIMING-16#95 Warning
Large setup violation  
There is a large setup violation of -1.742 ns between dpll_wrapper_inst/dpll_clock_valid_stage_a_inst/rst_sync_reg[2]/C (clocked by pll_adc_clk) and dpll_wrapper_inst/dpll_single_clock_core_stage_a_inst/hybrid_loop_inst/negative_limit_r1_reg[24]/R (clocked by pll_adc_clk). Large setup violations at the end of those stages might be difficult to fix during the post-placement implementation flow and could be the result of non-optimal XDC constraints or non-optimal design architecture
Related violations: <none>

TIMING-16#96 Warning
Large setup violation  
There is a large setup violation of -1.750 ns between dpll_wrapper_inst/dpll_clock_valid_stage_a_inst/rst_sync_reg[2]/C (clocked by pll_adc_clk) and dpll_wrapper_inst/dpll_single_clock_core_stage_a_inst/hybrid_loop_inst/freq_correction_reg[29]/R (clocked by pll_adc_clk). Large setup violations at the end of those stages might be difficult to fix during the post-placement implementation flow and could be the result of non-optimal XDC constraints or non-optimal design architecture
Related violations: <none>

TIMING-16#97 Warning
Large setup violation  
There is a large setup violation of -1.759 ns between i_ps/axi_slave_gp0/wr_wdata_reg[6]/C (clocked by adc_clk) and Digital_Freq_Meter_inst/parallel_bus_register_positive_limit_dac0/output_reg[6]/D (clocked by pll_adc_clk). Large setup violations at the end of those stages might be difficult to fix during the post-placement implementation flow and could be the result of non-optimal XDC constraints or non-optimal design architecture
Related violations: <none>

TIMING-16#98 Warning
Large setup violation  
There is a large setup violation of -1.773 ns between i_ps/axi_slave_gp0/rd_araddr_reg[21]/C (clocked by adc_clk) and Digital_Freq_Meter_inst/parallel_bus_register_pll0_gaind/update_flag_internal_reg/R (clocked by pll_adc_clk). Large setup violations at the end of those stages might be difficult to fix during the post-placement implementation flow and could be the result of non-optimal XDC constraints or non-optimal design architecture
Related violations: <none>

TIMING-16#99 Warning
Large setup violation  
There is a large setup violation of -1.777 ns between dpll_wrapper_inst/dpll_clock_valid_stage_a_inst/rst_sync_reg[2]/C (clocked by pll_adc_clk) and dpll_wrapper_inst/dpll_single_clock_core_stage_a_inst/hybrid_loop_inst/positive_limit_r1_reg[21]/R (clocked by pll_adc_clk). Large setup violations at the end of those stages might be difficult to fix during the post-placement implementation flow and could be the result of non-optimal XDC constraints or non-optimal design architecture
Related violations: <none>

TIMING-16#100 Warning
Large setup violation  
There is a large setup violation of -1.777 ns between dpll_wrapper_inst/dpll_clock_valid_stage_a_inst/rst_sync_reg[2]/C (clocked by pll_adc_clk) and dpll_wrapper_inst/dpll_single_clock_core_stage_a_inst/hybrid_loop_inst/positive_limit_r1_reg[23]/R (clocked by pll_adc_clk). Large setup violations at the end of those stages might be difficult to fix during the post-placement implementation flow and could be the result of non-optimal XDC constraints or non-optimal design architecture
Related violations: <none>

TIMING-16#101 Warning
Large setup violation  
There is a large setup violation of -1.777 ns between dpll_wrapper_inst/dpll_clock_valid_stage_a_inst/rst_sync_reg[2]/C (clocked by pll_adc_clk) and dpll_wrapper_inst/dpll_single_clock_core_stage_a_inst/hybrid_loop_inst/positive_limit_r1_reg[24]/R (clocked by pll_adc_clk). Large setup violations at the end of those stages might be difficult to fix during the post-placement implementation flow and could be the result of non-optimal XDC constraints or non-optimal design architecture
Related violations: <none>

TIMING-16#102 Warning
Large setup violation  
There is a large setup violation of -1.777 ns between dpll_wrapper_inst/dpll_clock_valid_stage_a_inst/rst_sync_reg[2]/C (clocked by pll_adc_clk) and dpll_wrapper_inst/dpll_single_clock_core_stage_a_inst/hybrid_loop_inst/positive_limit_r1_reg[26]/R (clocked by pll_adc_clk). Large setup violations at the end of those stages might be difficult to fix during the post-placement implementation flow and could be the result of non-optimal XDC constraints or non-optimal design architecture
Related violations: <none>

TIMING-16#103 Warning
Large setup violation  
There is a large setup violation of -1.837 ns between dpll_wrapper_inst/dpll_clock_valid_stage_a_inst/rst_sync_reg[2]/C (clocked by pll_adc_clk) and dpll_wrapper_inst/dpll_single_clock_core_stage_a_inst/hybrid_loop_inst/negative_limit_r0_reg[24]/R (clocked by pll_adc_clk). Large setup violations at the end of those stages might be difficult to fix during the post-placement implementation flow and could be the result of non-optimal XDC constraints or non-optimal design architecture
Related violations: <none>

TIMING-16#104 Warning
Large setup violation  
There is a large setup violation of -1.873 ns between i_ps/axi_slave_gp0/wr_wdata_reg[6]/C (clocked by adc_clk) and Digital_Freq_Meter_inst/parallel_bus_register_pll0_gaini/output_reg[6]/D (clocked by pll_adc_clk). Large setup violations at the end of those stages might be difficult to fix during the post-placement implementation flow and could be the result of non-optimal XDC constraints or non-optimal design architecture
Related violations: <none>

TIMING-16#105 Warning
Large setup violation  
There is a large setup violation of -1.890 ns between i_ps/axi_slave_gp0/wr_wdata_reg[27]/C (clocked by adc_clk) and dpll_wrapper_inst/reg_debug_format/output_reg[27]/D (clocked by pll_adc_clk). Large setup violations at the end of those stages might be difficult to fix during the post-placement implementation flow and could be the result of non-optimal XDC constraints or non-optimal design architecture
Related violations: <none>

TIMING-16#106 Warning
Large setup violation  
There is a large setup violation of -1.896 ns between dpll_wrapper_inst/dpll_clock_valid_stage_a_inst/rst_sync_reg[2]/C (clocked by pll_adc_clk) and dpll_wrapper_inst/dpll_single_clock_core_stage_a_inst/hybrid_loop_inst/center_word_r0_reg[38]/R (clocked by pll_adc_clk). Large setup violations at the end of those stages might be difficult to fix during the post-placement implementation flow and could be the result of non-optimal XDC constraints or non-optimal design architecture
Related violations: <none>

TIMING-16#107 Warning
Large setup violation  
There is a large setup violation of -1.896 ns between dpll_wrapper_inst/dpll_clock_valid_stage_a_inst/rst_sync_reg[2]/C (clocked by pll_adc_clk) and dpll_wrapper_inst/dpll_single_clock_core_stage_a_inst/hybrid_loop_inst/negative_limit_r0_reg[25]/R (clocked by pll_adc_clk). Large setup violations at the end of those stages might be difficult to fix during the post-placement implementation flow and could be the result of non-optimal XDC constraints or non-optimal design architecture
Related violations: <none>

TIMING-16#108 Warning
Large setup violation  
There is a large setup violation of -1.896 ns between dpll_wrapper_inst/dpll_clock_valid_stage_a_inst/rst_sync_reg[2]/C (clocked by pll_adc_clk) and dpll_wrapper_inst/dpll_single_clock_core_stage_a_inst/hybrid_loop_inst/positive_limit_r0_reg[21]/R (clocked by pll_adc_clk). Large setup violations at the end of those stages might be difficult to fix during the post-placement implementation flow and could be the result of non-optimal XDC constraints or non-optimal design architecture
Related violations: <none>

TIMING-16#109 Warning
Large setup violation  
There is a large setup violation of -1.896 ns between dpll_wrapper_inst/dpll_clock_valid_stage_a_inst/rst_sync_reg[2]/C (clocked by pll_adc_clk) and dpll_wrapper_inst/dpll_single_clock_core_stage_a_inst/hybrid_loop_inst/positive_limit_r0_reg[26]/R (clocked by pll_adc_clk). Large setup violations at the end of those stages might be difficult to fix during the post-placement implementation flow and could be the result of non-optimal XDC constraints or non-optimal design architecture
Related violations: <none>

TIMING-16#110 Warning
Large setup violation  
There is a large setup violation of -1.933 ns between i_ps/axi_slave_gp0/rd_do_reg/C (clocked by adc_clk) and Digital_Freq_Meter_inst/parallel_bus_register_pll0_coefdfilter/update_flag_internal_reg/D (clocked by pll_adc_clk). Large setup violations at the end of those stages might be difficult to fix during the post-placement implementation flow and could be the result of non-optimal XDC constraints or non-optimal design architecture
Related violations: <none>

TIMING-16#111 Warning
Large setup violation  
There is a large setup violation of -1.991 ns between dpll_wrapper_inst/dpll_clock_valid_stage_a_inst/rst_sync_reg[2]/C (clocked by pll_adc_clk) and dpll_wrapper_inst/dpll_single_clock_core_stage_a_inst/tracking_word_hold_reg[24]/R (clocked by pll_adc_clk). Large setup violations at the end of those stages might be difficult to fix during the post-placement implementation flow and could be the result of non-optimal XDC constraints or non-optimal design architecture
Related violations: <none>

TIMING-16#112 Warning
Large setup violation  
There is a large setup violation of -1.991 ns between dpll_wrapper_inst/dpll_clock_valid_stage_a_inst/rst_sync_reg[2]/C (clocked by pll_adc_clk) and dpll_wrapper_inst/dpll_single_clock_core_stage_a_inst/tracking_word_hold_reg[27]/R (clocked by pll_adc_clk). Large setup violations at the end of those stages might be difficult to fix during the post-placement implementation flow and could be the result of non-optimal XDC constraints or non-optimal design architecture
Related violations: <none>

TIMING-16#113 Warning
Large setup violation  
There is a large setup violation of -2.027 ns between i_ps/axi_slave_gp0/rd_do_reg/C (clocked by adc_clk) and Digital_Freq_Meter_inst/parallel_bus_register_pll0_gaini/update_flag_internal_reg/D (clocked by pll_adc_clk). Large setup violations at the end of those stages might be difficult to fix during the post-placement implementation flow and could be the result of non-optimal XDC constraints or non-optimal design architecture
Related violations: <none>

TIMING-16#114 Warning
Large setup violation  
There is a large setup violation of -2.051 ns between i_ps/axi_slave_gp0/rd_araddr_reg[21]/C (clocked by adc_clk) and Digital_Freq_Meter_inst/parallel_bus_register_freq_meter_trig/update_flag_internal_reg/R (clocked by pll_adc_clk). Large setup violations at the end of those stages might be difficult to fix during the post-placement implementation flow and could be the result of non-optimal XDC constraints or non-optimal design architecture
Related violations: <none>

TIMING-16#115 Warning
Large setup violation  
There is a large setup violation of -2.051 ns between i_ps/axi_slave_gp0/rd_araddr_reg[21]/C (clocked by adc_clk) and Digital_Freq_Meter_inst/parallel_bus_register_ok_reset/update_flag_internal_reg/R (clocked by pll_adc_clk). Large setup violations at the end of those stages might be difficult to fix during the post-placement implementation flow and could be the result of non-optimal XDC constraints or non-optimal design architecture
Related violations: <none>

TIMING-16#116 Warning
Large setup violation  
There is a large setup violation of -2.061 ns between i_ps/axi_slave_gp0/rd_do_reg/C (clocked by adc_clk) and dpll_wrapper_inst/reg_config_apply/update_flag_internal_reg/D (clocked by pll_adc_clk). Large setup violations at the end of those stages might be difficult to fix during the post-placement implementation flow and could be the result of non-optimal XDC constraints or non-optimal design architecture
Related violations: <none>

TIMING-16#117 Warning
Large setup violation  
There is a large setup violation of -2.128 ns between i_ps/axi_slave_gp0/wr_wdata_reg[0]/C (clocked by adc_clk) and dpll_wrapper_inst/reg_gain_d_compat/output_reg[0]/D (clocked by pll_adc_clk). Large setup violations at the end of those stages might be difficult to fix during the post-placement implementation flow and could be the result of non-optimal XDC constraints or non-optimal design architecture
Related violations: <none>

TIMING-16#118 Warning
Large setup violation  
There is a large setup violation of -2.223 ns between i_ps/axi_slave_gp0/rd_do_reg/C (clocked by adc_clk) and dpll_wrapper_inst/reg_fll_delay/output_reg[1]/D (clocked by pll_adc_clk). Large setup violations at the end of those stages might be difficult to fix during the post-placement implementation flow and could be the result of non-optimal XDC constraints or non-optimal design architecture
Related violations: <none>

TIMING-16#119 Warning
Large setup violation  
There is a large setup violation of -2.236 ns between i_ps/axi_slave_gp0/rd_do_reg/C (clocked by adc_clk) and dpll_wrapper_inst/reg_fll_delay/output_reg[0]/D (clocked by pll_adc_clk). Large setup violations at the end of those stages might be difficult to fix during the post-placement implementation flow and could be the result of non-optimal XDC constraints or non-optimal design architecture
Related violations: <none>

TIMING-16#120 Warning
Large setup violation  
There is a large setup violation of -2.274 ns between i_ps/axi_slave_gp0/rd_do_reg/C (clocked by adc_clk) and Digital_Freq_Meter_inst/parallel_bus_register_ok_reset/update_flag_internal_reg/D (clocked by pll_adc_clk). Large setup violations at the end of those stages might be difficult to fix during the post-placement implementation flow and could be the result of non-optimal XDC constraints or non-optimal design architecture
Related violations: <none>

TIMING-16#121 Warning
Large setup violation  
There is a large setup violation of -2.288 ns between i_ps/axi_slave_gp0/rd_araddr_reg[16]/C (clocked by adc_clk) and Digital_Freq_Meter_inst/sys_rdata_reg[9]/R (clocked by pll_adc_clk). Large setup violations at the end of those stages might be difficult to fix during the post-placement implementation flow and could be the result of non-optimal XDC constraints or non-optimal design architecture
Related violations: <none>

TIMING-16#122 Warning
Large setup violation  
There is a large setup violation of -2.291 ns between i_ps/axi_slave_gp0/rd_araddr_reg[16]/C (clocked by adc_clk) and Digital_Freq_Meter_inst/sys_rdata_reg[14]/R (clocked by pll_adc_clk). Large setup violations at the end of those stages might be difficult to fix during the post-placement implementation flow and could be the result of non-optimal XDC constraints or non-optimal design architecture
Related violations: <none>

TIMING-16#123 Warning
Large setup violation  
There is a large setup violation of -2.291 ns between i_ps/axi_slave_gp0/rd_araddr_reg[16]/C (clocked by adc_clk) and Digital_Freq_Meter_inst/sys_rdata_reg[16]/R (clocked by pll_adc_clk). Large setup violations at the end of those stages might be difficult to fix during the post-placement implementation flow and could be the result of non-optimal XDC constraints or non-optimal design architecture
Related violations: <none>

TIMING-16#124 Warning
Large setup violation  
There is a large setup violation of -2.317 ns between i_ps/axi_slave_gp0/rd_do_reg/C (clocked by adc_clk) and Digital_Freq_Meter_inst/parallel_bus_register_positive_limit_dac0/output_reg[0]/CE (clocked by pll_adc_clk). Large setup violations at the end of those stages might be difficult to fix during the post-placement implementation flow and could be the result of non-optimal XDC constraints or non-optimal design architecture
Related violations: <none>

TIMING-16#125 Warning
Large setup violation  
There is a large setup violation of -2.317 ns between i_ps/axi_slave_gp0/rd_do_reg/C (clocked by adc_clk) and Digital_Freq_Meter_inst/parallel_bus_register_positive_limit_dac0/output_reg[6]/CE (clocked by pll_adc_clk). Large setup violations at the end of those stages might be difficult to fix during the post-placement implementation flow and could be the result of non-optimal XDC constraints or non-optimal design architecture
Related violations: <none>

TIMING-16#126 Warning
Large setup violation  
There is a large setup violation of -2.317 ns between i_ps/axi_slave_gp0/rd_do_reg/C (clocked by adc_clk) and Digital_Freq_Meter_inst/parallel_bus_register_positive_limit_dac0/output_reg[8]/CE (clocked by pll_adc_clk). Large setup violations at the end of those stages might be difficult to fix during the post-placement implementation flow and could be the result of non-optimal XDC constraints or non-optimal design architecture
Related violations: <none>

TIMING-16#127 Warning
Large setup violation  
There is a large setup violation of -2.317 ns between i_ps/axi_slave_gp0/rd_do_reg/C (clocked by adc_clk) and Digital_Freq_Meter_inst/parallel_bus_register_positive_limit_dac0/output_reg[9]/CE (clocked by pll_adc_clk). Large setup violations at the end of those stages might be difficult to fix during the post-placement implementation flow and could be the result of non-optimal XDC constraints or non-optimal design architecture
Related violations: <none>

TIMING-16#128 Warning
Large setup violation  
There is a large setup violation of -2.318 ns between i_ps/axi_slave_gp0/wr_wdata_reg[0]/C (clocked by adc_clk) and dpll_wrapper_inst/reg_center_freq/output_reg[0]/D (clocked by pll_adc_clk). Large setup violations at the end of those stages might be difficult to fix during the post-placement implementation flow and could be the result of non-optimal XDC constraints or non-optimal design architecture
Related violations: <none>

TIMING-16#129 Warning
Large setup violation  
There is a large setup violation of -2.342 ns between i_ps/axi_slave_gp0/rd_do_reg/C (clocked by adc_clk) and Digital_Freq_Meter_inst/parallel_bus_register_freq_meter_trig/update_flag_internal_reg/D (clocked by pll_adc_clk). Large setup violations at the end of those stages might be difficult to fix during the post-placement implementation flow and could be the result of non-optimal XDC constraints or non-optimal design architecture
Related violations: <none>

TIMING-16#130 Warning
Large setup violation  
There is a large setup violation of -2.352 ns between i_ps/axi_slave_gp0/rd_araddr_reg[16]/C (clocked by adc_clk) and Digital_Freq_Meter_inst/sys_rdata_reg[0]/R (clocked by pll_adc_clk). Large setup violations at the end of those stages might be difficult to fix during the post-placement implementation flow and could be the result of non-optimal XDC constraints or non-optimal design architecture
Related violations: <none>

TIMING-16#131 Warning
Large setup violation  
There is a large setup violation of -2.368 ns between i_ps/axi_slave_gp0/rd_do_reg/C (clocked by adc_clk) and Digital_Freq_Meter_inst/parallel_bus_register_pll0_coefdfilter/output_reg[12]/CE (clocked by pll_adc_clk). Large setup violations at the end of those stages might be difficult to fix during the post-placement implementation flow and could be the result of non-optimal XDC constraints or non-optimal design architecture
Related violations: <none>

TIMING-16#132 Warning
Large setup violation  
There is a large setup violation of -2.390 ns between i_ps/axi_slave_gp0/rd_araddr_reg[10]/C (clocked by adc_clk) and dpll_wrapper_inst/reg_kf/output_reg[24]/CE (clocked by pll_adc_clk). Large setup violations at the end of those stages might be difficult to fix during the post-placement implementation flow and could be the result of non-optimal XDC constraints or non-optimal design architecture
Related violations: <none>

TIMING-16#133 Warning
Large setup violation  
There is a large setup violation of -2.390 ns between i_ps/axi_slave_gp0/rd_araddr_reg[10]/C (clocked by adc_clk) and dpll_wrapper_inst/reg_kf/output_reg[27]/CE (clocked by pll_adc_clk). Large setup violations at the end of those stages might be difficult to fix during the post-placement implementation flow and could be the result of non-optimal XDC constraints or non-optimal design architecture
Related violations: <none>

TIMING-16#134 Warning
Large setup violation  
There is a large setup violation of -2.390 ns between i_ps/axi_slave_gp0/rd_araddr_reg[10]/C (clocked by adc_clk) and dpll_wrapper_inst/reg_kf/output_reg[30]/CE (clocked by pll_adc_clk). Large setup violations at the end of those stages might be difficult to fix during the post-placement implementation flow and could be the result of non-optimal XDC constraints or non-optimal design architecture
Related violations: <none>

TIMING-16#135 Warning
Large setup violation  
There is a large setup violation of -2.396 ns between i_ps/axi_slave_gp0/rd_araddr_reg[16]/C (clocked by adc_clk) and Digital_Freq_Meter_inst/sys_rdata_reg[2]/R (clocked by pll_adc_clk). Large setup violations at the end of those stages might be difficult to fix during the post-placement implementation flow and could be the result of non-optimal XDC constraints or non-optimal design architecture
Related violations: <none>

TIMING-16#136 Warning
Large setup violation  
There is a large setup violation of -2.400 ns between i_ps/axi_slave_gp0/rd_do_reg/C (clocked by adc_clk) and Digital_Freq_Meter_inst/parallel_bus_register_pll0_coefdfilter/output_reg[13]/CE (clocked by pll_adc_clk). Large setup violations at the end of those stages might be difficult to fix during the post-placement implementation flow and could be the result of non-optimal XDC constraints or non-optimal design architecture
Related violations: <none>

TIMING-16#137 Warning
Large setup violation  
There is a large setup violation of -2.400 ns between i_ps/axi_slave_gp0/rd_do_reg/C (clocked by adc_clk) and Digital_Freq_Meter_inst/parallel_bus_register_pll0_coefdfilter/output_reg[15]/CE (clocked by pll_adc_clk). Large setup violations at the end of those stages might be difficult to fix during the post-placement implementation flow and could be the result of non-optimal XDC constraints or non-optimal design architecture
Related violations: <none>

TIMING-16#138 Warning
Large setup violation  
There is a large setup violation of -2.400 ns between i_ps/axi_slave_gp0/rd_do_reg/C (clocked by adc_clk) and Digital_Freq_Meter_inst/parallel_bus_register_pll0_coefdfilter/output_reg[17]/CE (clocked by pll_adc_clk). Large setup violations at the end of those stages might be difficult to fix during the post-placement implementation flow and could be the result of non-optimal XDC constraints or non-optimal design architecture
Related violations: <none>

TIMING-16#139 Warning
Large setup violation  
There is a large setup violation of -2.400 ns between i_ps/axi_slave_gp0/rd_do_reg/C (clocked by adc_clk) and Digital_Freq_Meter_inst/parallel_bus_register_pll0_coefdfilter/output_reg[1]/CE (clocked by pll_adc_clk). Large setup violations at the end of those stages might be difficult to fix during the post-placement implementation flow and could be the result of non-optimal XDC constraints or non-optimal design architecture
Related violations: <none>

TIMING-16#140 Warning
Large setup violation  
There is a large setup violation of -2.400 ns between i_ps/axi_slave_gp0/rd_do_reg/C (clocked by adc_clk) and Digital_Freq_Meter_inst/parallel_bus_register_pll0_coefdfilter/output_reg[2]/CE (clocked by pll_adc_clk). Large setup violations at the end of those stages might be difficult to fix during the post-placement implementation flow and could be the result of non-optimal XDC constraints or non-optimal design architecture
Related violations: <none>

TIMING-16#141 Warning
Large setup violation  
There is a large setup violation of -2.400 ns between i_ps/axi_slave_gp0/rd_do_reg/C (clocked by adc_clk) and Digital_Freq_Meter_inst/parallel_bus_register_pll0_coefdfilter/output_reg[5]/CE (clocked by pll_adc_clk). Large setup violations at the end of those stages might be difficult to fix during the post-placement implementation flow and could be the result of non-optimal XDC constraints or non-optimal design architecture
Related violations: <none>

TIMING-16#142 Warning
Large setup violation  
There is a large setup violation of -2.412 ns between i_ps/axi_slave_gp0/rd_do_reg/C (clocked by adc_clk) and Digital_Freq_Meter_inst/parallel_bus_register_manual_offset_dac0/output_reg[20]/CE (clocked by pll_adc_clk). Large setup violations at the end of those stages might be difficult to fix during the post-placement implementation flow and could be the result of non-optimal XDC constraints or non-optimal design architecture
Related violations: <none>

TIMING-16#143 Warning
Large setup violation  
There is a large setup violation of -2.412 ns between i_ps/axi_slave_gp0/rd_do_reg/C (clocked by adc_clk) and Digital_Freq_Meter_inst/parallel_bus_register_manual_offset_dac0/output_reg[24]/CE (clocked by pll_adc_clk). Large setup violations at the end of those stages might be difficult to fix during the post-placement implementation flow and could be the result of non-optimal XDC constraints or non-optimal design architecture
Related violations: <none>

TIMING-16#144 Warning
Large setup violation  
There is a large setup violation of -2.412 ns between i_ps/axi_slave_gp0/rd_do_reg/C (clocked by adc_clk) and Digital_Freq_Meter_inst/parallel_bus_register_manual_offset_dac0/output_reg[25]/CE (clocked by pll_adc_clk). Large setup violations at the end of those stages might be difficult to fix during the post-placement implementation flow and could be the result of non-optimal XDC constraints or non-optimal design architecture
Related violations: <none>

TIMING-16#145 Warning
Large setup violation  
There is a large setup violation of -2.412 ns between i_ps/axi_slave_gp0/rd_do_reg/C (clocked by adc_clk) and Digital_Freq_Meter_inst/parallel_bus_register_manual_offset_dac0/output_reg[28]/CE (clocked by pll_adc_clk). Large setup violations at the end of those stages might be difficult to fix during the post-placement implementation flow and could be the result of non-optimal XDC constraints or non-optimal design architecture
Related violations: <none>

TIMING-16#146 Warning
Large setup violation  
There is a large setup violation of -2.422 ns between i_ps/axi_slave_gp0/rd_araddr_reg[16]/C (clocked by adc_clk) and Digital_Freq_Meter_inst/sys_rdata_reg[12]/R (clocked by pll_adc_clk). Large setup violations at the end of those stages might be difficult to fix during the post-placement implementation flow and could be the result of non-optimal XDC constraints or non-optimal design architecture
Related violations: <none>

TIMING-16#147 Warning
Large setup violation  
There is a large setup violation of -2.434 ns between i_ps/axi_slave_gp0/rd_araddr_reg[22]/C (clocked by adc_clk) and dpll_wrapper_inst/reg_coef_compat/output_reg[11]/CE (clocked by pll_adc_clk). Large setup violations at the end of those stages might be difficult to fix during the post-placement implementation flow and could be the result of non-optimal XDC constraints or non-optimal design architecture
Related violations: <none>

TIMING-16#148 Warning
Large setup violation  
There is a large setup violation of -2.437 ns between i_ps/axi_slave_gp0/rd_do_reg/C (clocked by adc_clk) and Digital_Freq_Meter_inst/parallel_bus_register_manual_offset_dac0/output_reg[11]/CE (clocked by pll_adc_clk). Large setup violations at the end of those stages might be difficult to fix during the post-placement implementation flow and could be the result of non-optimal XDC constraints or non-optimal design architecture
Related violations: <none>

TIMING-16#149 Warning
Large setup violation  
There is a large setup violation of -2.450 ns between i_ps/axi_slave_gp0/rd_do_reg/C (clocked by adc_clk) and Digital_Freq_Meter_inst/parallel_bus_register_pll0_gainp/update_flag_internal_reg/D (clocked by pll_adc_clk). Large setup violations at the end of those stages might be difficult to fix during the post-placement implementation flow and could be the result of non-optimal XDC constraints or non-optimal design architecture
Related violations: <none>

TIMING-16#150 Warning
Large setup violation  
There is a large setup violation of -2.455 ns between i_ps/axi_slave_gp0/rd_do_reg/C (clocked by adc_clk) and Digital_Freq_Meter_inst/parallel_bus_register_phase_residuals0_offset/output_reg[21]/CE (clocked by pll_adc_clk). Large setup violations at the end of those stages might be difficult to fix during the post-placement implementation flow and could be the result of non-optimal XDC constraints or non-optimal design architecture
Related violations: <none>

TIMING-16#151 Warning
Large setup violation  
There is a large setup violation of -2.455 ns between i_ps/axi_slave_gp0/rd_do_reg/C (clocked by adc_clk) and Digital_Freq_Meter_inst/parallel_bus_register_phase_residuals0_offset/output_reg[27]/CE (clocked by pll_adc_clk). Large setup violations at the end of those stages might be difficult to fix during the post-placement implementation flow and could be the result of non-optimal XDC constraints or non-optimal design architecture
Related violations: <none>

TIMING-16#152 Warning
Large setup violation  
There is a large setup violation of -2.455 ns between i_ps/axi_slave_gp0/rd_do_reg/C (clocked by adc_clk) and Digital_Freq_Meter_inst/parallel_bus_register_phase_residuals0_offset/output_reg[28]/CE (clocked by pll_adc_clk). Large setup violations at the end of those stages might be difficult to fix during the post-placement implementation flow and could be the result of non-optimal XDC constraints or non-optimal design architecture
Related violations: <none>

TIMING-16#153 Warning
Large setup violation  
There is a large setup violation of -2.455 ns between i_ps/axi_slave_gp0/rd_do_reg/C (clocked by adc_clk) and Digital_Freq_Meter_inst/parallel_bus_register_phase_residuals0_offset/output_reg[30]/CE (clocked by pll_adc_clk). Large setup violations at the end of those stages might be difficult to fix during the post-placement implementation flow and could be the result of non-optimal XDC constraints or non-optimal design architecture
Related violations: <none>

TIMING-16#154 Warning
Large setup violation  
There is a large setup violation of -2.455 ns between i_ps/axi_slave_gp0/rd_do_reg/C (clocked by adc_clk) and Digital_Freq_Meter_inst/parallel_bus_register_phase_residuals0_offset/output_reg[31]/CE (clocked by pll_adc_clk). Large setup violations at the end of those stages might be difficult to fix during the post-placement implementation flow and could be the result of non-optimal XDC constraints or non-optimal design architecture
Related violations: <none>

TIMING-16#155 Warning
Large setup violation  
There is a large setup violation of -2.463 ns between i_ps/axi_slave_gp0/rd_do_reg/C (clocked by adc_clk) and Digital_Freq_Meter_inst/parallel_bus_register_manual_offset_dac0/output_reg[30]/CE (clocked by pll_adc_clk). Large setup violations at the end of those stages might be difficult to fix during the post-placement implementation flow and could be the result of non-optimal XDC constraints or non-optimal design architecture
Related violations: <none>

TIMING-16#156 Warning
Large setup violation  
There is a large setup violation of -2.463 ns between i_ps/axi_slave_gp0/rd_do_reg/C (clocked by adc_clk) and Digital_Freq_Meter_inst/parallel_bus_register_manual_offset_dac0/output_reg[7]/CE (clocked by pll_adc_clk). Large setup violations at the end of those stages might be difficult to fix during the post-placement implementation flow and could be the result of non-optimal XDC constraints or non-optimal design architecture
Related violations: <none>

TIMING-16#157 Warning
Large setup violation  
There is a large setup violation of -2.474 ns between i_ps/axi_slave_gp0/rd_araddr_reg[16]/C (clocked by adc_clk) and Digital_Freq_Meter_inst/sys_rdata_reg[8]/R (clocked by pll_adc_clk). Large setup violations at the end of those stages might be difficult to fix during the post-placement implementation flow and could be the result of non-optimal XDC constraints or non-optimal design architecture
Related violations: <none>

TIMING-16#158 Warning
Large setup violation  
There is a large setup violation of -2.482 ns between i_ps/axi_slave_gp0/rd_do_reg/C (clocked by adc_clk) and Digital_Freq_Meter_inst/parallel_bus_register_phase_residuals0_threshold/output_reg[0]/CE (clocked by pll_adc_clk). Large setup violations at the end of those stages might be difficult to fix during the post-placement implementation flow and could be the result of non-optimal XDC constraints or non-optimal design architecture
Related violations: <none>

TIMING-16#159 Warning
Large setup violation  
There is a large setup violation of -2.482 ns between i_ps/axi_slave_gp0/rd_do_reg/C (clocked by adc_clk) and Digital_Freq_Meter_inst/parallel_bus_register_phase_residuals0_threshold/output_reg[15]/CE (clocked by pll_adc_clk). Large setup violations at the end of those stages might be difficult to fix during the post-placement implementation flow and could be the result of non-optimal XDC constraints or non-optimal design architecture
Related violations: <none>

TIMING-16#160 Warning
Large setup violation  
There is a large setup violation of -2.482 ns between i_ps/axi_slave_gp0/rd_do_reg/C (clocked by adc_clk) and Digital_Freq_Meter_inst/parallel_bus_register_phase_residuals0_threshold/output_reg[8]/CE (clocked by pll_adc_clk). Large setup violations at the end of those stages might be difficult to fix during the post-placement implementation flow and could be the result of non-optimal XDC constraints or non-optimal design architecture
Related violations: <none>

TIMING-16#161 Warning
Large setup violation  
There is a large setup violation of -2.482 ns between i_ps/axi_slave_gp0/rd_do_reg/C (clocked by adc_clk) and Digital_Freq_Meter_inst/parallel_bus_register_phase_residuals0_threshold/output_reg[9]/CE (clocked by pll_adc_clk). Large setup violations at the end of those stages might be difficult to fix during the post-placement implementation flow and could be the result of non-optimal XDC constraints or non-optimal design architecture
Related violations: <none>

TIMING-16#162 Warning
Large setup violation  
There is a large setup violation of -2.485 ns between i_ps/axi_slave_gp0/rd_araddr_reg[16]/C (clocked by adc_clk) and Digital_Freq_Meter_inst/sys_rdata_reg[23]/R (clocked by pll_adc_clk). Large setup violations at the end of those stages might be difficult to fix during the post-placement implementation flow and could be the result of non-optimal XDC constraints or non-optimal design architecture
Related violations: <none>

TIMING-16#163 Warning
Large setup violation  
There is a large setup violation of -2.485 ns between i_ps/axi_slave_gp0/rd_do_reg/C (clocked by adc_clk) and Digital_Freq_Meter_inst/parallel_bus_register_positive_limit_dac0/output_reg[22]/CE (clocked by pll_adc_clk). Large setup violations at the end of those stages might be difficult to fix during the post-placement implementation flow and could be the result of non-optimal XDC constraints or non-optimal design architecture
Related violations: <none>

TIMING-16#164 Warning
Large setup violation  
There is a large setup violation of -2.485 ns between i_ps/axi_slave_gp0/rd_do_reg/C (clocked by adc_clk) and Digital_Freq_Meter_inst/parallel_bus_register_positive_limit_dac0/output_reg[24]/CE (clocked by pll_adc_clk). Large setup violations at the end of those stages might be difficult to fix during the post-placement implementation flow and could be the result of non-optimal XDC constraints or non-optimal design architecture
Related violations: <none>

TIMING-16#165 Warning
Large setup violation  
There is a large setup violation of -2.485 ns between i_ps/axi_slave_gp0/rd_do_reg/C (clocked by adc_clk) and Digital_Freq_Meter_inst/parallel_bus_register_positive_limit_dac0/output_reg[26]/CE (clocked by pll_adc_clk). Large setup violations at the end of those stages might be difficult to fix during the post-placement implementation flow and could be the result of non-optimal XDC constraints or non-optimal design architecture
Related violations: <none>

TIMING-16#166 Warning
Large setup violation  
There is a large setup violation of -2.485 ns between i_ps/axi_slave_gp0/rd_do_reg/C (clocked by adc_clk) and Digital_Freq_Meter_inst/parallel_bus_register_positive_limit_dac0/output_reg[27]/CE (clocked by pll_adc_clk). Large setup violations at the end of those stages might be difficult to fix during the post-placement implementation flow and could be the result of non-optimal XDC constraints or non-optimal design architecture
Related violations: <none>

TIMING-16#167 Warning
Large setup violation  
There is a large setup violation of -2.485 ns between i_ps/axi_slave_gp0/rd_do_reg/C (clocked by adc_clk) and Digital_Freq_Meter_inst/parallel_bus_register_positive_limit_dac0/output_reg[28]/CE (clocked by pll_adc_clk). Large setup violations at the end of those stages might be difficult to fix during the post-placement implementation flow and could be the result of non-optimal XDC constraints or non-optimal design architecture
Related violations: <none>

TIMING-16#168 Warning
Large setup violation  
There is a large setup violation of -2.485 ns between i_ps/axi_slave_gp0/rd_do_reg/C (clocked by adc_clk) and Digital_Freq_Meter_inst/parallel_bus_register_positive_limit_dac0/output_reg[29]/CE (clocked by pll_adc_clk). Large setup violations at the end of those stages might be difficult to fix during the post-placement implementation flow and could be the result of non-optimal XDC constraints or non-optimal design architecture
Related violations: <none>

TIMING-16#169 Warning
Large setup violation  
There is a large setup violation of -2.485 ns between i_ps/axi_slave_gp0/rd_do_reg/C (clocked by adc_clk) and Digital_Freq_Meter_inst/parallel_bus_register_positive_limit_dac0/output_reg[30]/CE (clocked by pll_adc_clk). Large setup violations at the end of those stages might be difficult to fix during the post-placement implementation flow and could be the result of non-optimal XDC constraints or non-optimal design architecture
Related violations: <none>

TIMING-16#170 Warning
Large setup violation  
There is a large setup violation of -2.485 ns between i_ps/axi_slave_gp0/rd_do_reg/C (clocked by adc_clk) and Digital_Freq_Meter_inst/parallel_bus_register_positive_limit_dac0/output_reg[31]/CE (clocked by pll_adc_clk). Large setup violations at the end of those stages might be difficult to fix during the post-placement implementation flow and could be the result of non-optimal XDC constraints or non-optimal design architecture
Related violations: <none>

TIMING-16#171 Warning
Large setup violation  
There is a large setup violation of -2.486 ns between i_ps/axi_slave_gp0/rd_do_reg/C (clocked by adc_clk) and Digital_Freq_Meter_inst/parallel_bus_register_positive_limit_dac0/output_reg[23]/CE (clocked by pll_adc_clk). Large setup violations at the end of those stages might be difficult to fix during the post-placement implementation flow and could be the result of non-optimal XDC constraints or non-optimal design architecture
Related violations: <none>

TIMING-16#172 Warning
Large setup violation  
There is a large setup violation of -2.488 ns between i_ps/axi_slave_gp0/rd_araddr_reg[16]/C (clocked by adc_clk) and Digital_Freq_Meter_inst/sys_rdata_reg[1]/R (clocked by pll_adc_clk). Large setup violations at the end of those stages might be difficult to fix during the post-placement implementation flow and could be the result of non-optimal XDC constraints or non-optimal design architecture
Related violations: <none>

TIMING-16#173 Warning
Large setup violation  
There is a large setup violation of -2.488 ns between i_ps/axi_slave_gp0/rd_araddr_reg[16]/C (clocked by adc_clk) and Digital_Freq_Meter_inst/sys_rdata_reg[3]/R (clocked by pll_adc_clk). Large setup violations at the end of those stages might be difficult to fix during the post-placement implementation flow and could be the result of non-optimal XDC constraints or non-optimal design architecture
Related violations: <none>

TIMING-16#174 Warning
Large setup violation  
There is a large setup violation of -2.489 ns between i_ps/axi_slave_gp0/rd_araddr_reg[16]/C (clocked by adc_clk) and Digital_Freq_Meter_inst/sys_rdata_reg[19]/R (clocked by pll_adc_clk). Large setup violations at the end of those stages might be difficult to fix during the post-placement implementation flow and could be the result of non-optimal XDC constraints or non-optimal design architecture
Related violations: <none>

TIMING-16#175 Warning
Large setup violation  
There is a large setup violation of -2.489 ns between i_ps/axi_slave_gp0/rd_araddr_reg[16]/C (clocked by adc_clk) and Digital_Freq_Meter_inst/sys_rdata_reg[29]/R (clocked by pll_adc_clk). Large setup violations at the end of those stages might be difficult to fix during the post-placement implementation flow and could be the result of non-optimal XDC constraints or non-optimal design architecture
Related violations: <none>

TIMING-16#176 Warning
Large setup violation  
There is a large setup violation of -2.491 ns between dpll_wrapper_inst/reg_freq_mul/output_reg[10]/C (clocked by pll_adc_clk) and dpll_wrapper_inst/PLL_VCO_MUL_DIV_inst/VCO0_Multiplier/U0/i_mult/gDSP.gDSP_only.iDSP/use_prim.appDSP48[1].bppDSP48[0].need_output_delay.output_delay/d1.dout_i_reg[12]/D (clocked by pll_adc_clk). Large setup violations at the end of those stages might be difficult to fix during the post-placement implementation flow and could be the result of non-optimal XDC constraints or non-optimal design architecture
Related violations: <none>

TIMING-16#177 Warning
Large setup violation  
There is a large setup violation of -2.496 ns between i_ps/axi_slave_gp0/rd_do_reg/C (clocked by adc_clk) and Digital_Freq_Meter_inst/parallel_bus_register_positive_limit_dac0/output_reg[16]/CE (clocked by pll_adc_clk). Large setup violations at the end of those stages might be difficult to fix during the post-placement implementation flow and could be the result of non-optimal XDC constraints or non-optimal design architecture
Related violations: <none>

TIMING-16#178 Warning
Large setup violation  
There is a large setup violation of -2.507 ns between i_ps/axi_slave_gp0/rd_araddr_reg[16]/C (clocked by adc_clk) and Digital_Freq_Meter_inst/sys_rdata_reg[17]/R (clocked by pll_adc_clk). Large setup violations at the end of those stages might be difficult to fix during the post-placement implementation flow and could be the result of non-optimal XDC constraints or non-optimal design architecture
Related violations: <none>

TIMING-16#179 Warning
Large setup violation  
There is a large setup violation of -2.507 ns between i_ps/axi_slave_gp0/rd_araddr_reg[16]/C (clocked by adc_clk) and Digital_Freq_Meter_inst/sys_rdata_reg[4]/R (clocked by pll_adc_clk). Large setup violations at the end of those stages might be difficult to fix during the post-placement implementation flow and could be the result of non-optimal XDC constraints or non-optimal design architecture
Related violations: <none>

TIMING-16#180 Warning
Large setup violation  
There is a large setup violation of -2.509 ns between i_ps/axi_slave_gp0/rd_do_reg/C (clocked by adc_clk) and Digital_Freq_Meter_inst/parallel_bus_register_positive_limit_dac0/output_reg[3]/CE (clocked by pll_adc_clk). Large setup violations at the end of those stages might be difficult to fix during the post-placement implementation flow and could be the result of non-optimal XDC constraints or non-optimal design architecture
Related violations: <none>

TIMING-16#181 Warning
Large setup violation  
There is a large setup violation of -2.509 ns between i_ps/axi_slave_gp0/rd_do_reg/C (clocked by adc_clk) and Digital_Freq_Meter_inst/parallel_bus_register_positive_limit_dac0/output_reg[7]/CE (clocked by pll_adc_clk). Large setup violations at the end of those stages might be difficult to fix during the post-placement implementation flow and could be the result of non-optimal XDC constraints or non-optimal design architecture
Related violations: <none>

TIMING-16#182 Warning
Large setup violation  
There is a large setup violation of -2.522 ns between i_ps/axi_slave_gp0/rd_do_reg/C (clocked by adc_clk) and Digital_Freq_Meter_inst/parallel_bus_register_pll0_gainii/update_flag_internal_reg/D (clocked by pll_adc_clk). Large setup violations at the end of those stages might be difficult to fix during the post-placement implementation flow and could be the result of non-optimal XDC constraints or non-optimal design architecture
Related violations: <none>

TIMING-16#183 Warning
Large setup violation  
There is a large setup violation of -2.524 ns between i_ps/axi_slave_gp0/rd_araddr_reg[16]/C (clocked by adc_clk) and Digital_Freq_Meter_inst/sys_rdata_reg[10]/R (clocked by pll_adc_clk). Large setup violations at the end of those stages might be difficult to fix during the post-placement implementation flow and could be the result of non-optimal XDC constraints or non-optimal design architecture
Related violations: <none>

TIMING-16#184 Warning
Large setup violation  
There is a large setup violation of -2.524 ns between i_ps/axi_slave_gp0/rd_araddr_reg[16]/C (clocked by adc_clk) and Digital_Freq_Meter_inst/sys_rdata_reg[6]/R (clocked by pll_adc_clk). Large setup violations at the end of those stages might be difficult to fix during the post-placement implementation flow and could be the result of non-optimal XDC constraints or non-optimal design architecture
Related violations: <none>

TIMING-16#185 Warning
Large setup violation  
There is a large setup violation of -2.525 ns between i_ps/axi_slave_gp0/rd_araddr_reg[16]/C (clocked by adc_clk) and Digital_Freq_Meter_inst/sys_rdata_reg[15]/R (clocked by pll_adc_clk). Large setup violations at the end of those stages might be difficult to fix during the post-placement implementation flow and could be the result of non-optimal XDC constraints or non-optimal design architecture
Related violations: <none>

TIMING-16#186 Warning
Large setup violation  
There is a large setup violation of -2.525 ns between i_ps/axi_slave_gp0/rd_araddr_reg[16]/C (clocked by adc_clk) and Digital_Freq_Meter_inst/sys_rdata_reg[24]/R (clocked by pll_adc_clk). Large setup violations at the end of those stages might be difficult to fix during the post-placement implementation flow and could be the result of non-optimal XDC constraints or non-optimal design architecture
Related violations: <none>

TIMING-16#187 Warning
Large setup violation  
There is a large setup violation of -2.529 ns between dpll_wrapper_inst/reg_freq_mul/output_reg[10]/C (clocked by pll_adc_clk) and dpll_wrapper_inst/PLL_VCO_MUL_DIV_inst/VCO0_Multiplier/U0/i_mult/gDSP.gDSP_only.iDSP/use_prim.appDSP48[1].bppDSP48[0].need_output_delay.output_delay/d1.dout_i_reg[11]/D (clocked by pll_adc_clk). Large setup violations at the end of those stages might be difficult to fix during the post-placement implementation flow and could be the result of non-optimal XDC constraints or non-optimal design architecture
Related violations: <none>

TIMING-16#188 Warning
Large setup violation  
There is a large setup violation of -2.541 ns between i_ps/axi_slave_gp0/rd_do_reg/C (clocked by adc_clk) and Digital_Freq_Meter_inst/parallel_bus_register_pll0_coefdfilter/output_reg[8]/CE (clocked by pll_adc_clk). Large setup violations at the end of those stages might be difficult to fix during the post-placement implementation flow and could be the result of non-optimal XDC constraints or non-optimal design architecture
Related violations: <none>

TIMING-16#189 Warning
Large setup violation  
There is a large setup violation of -2.541 ns between i_ps/axi_slave_gp0/rd_do_reg/C (clocked by adc_clk) and Digital_Freq_Meter_inst/parallel_bus_register_pll0_coefdfilter/output_reg[9]/CE (clocked by pll_adc_clk). Large setup violations at the end of those stages might be difficult to fix during the post-placement implementation flow and could be the result of non-optimal XDC constraints or non-optimal design architecture
Related violations: <none>

TIMING-16#190 Warning
Large setup violation  
There is a large setup violation of -2.542 ns between i_ps/axi_slave_gp0/rd_do_reg/C (clocked by adc_clk) and Digital_Freq_Meter_inst/parallel_bus_register_pll0_gaind/update_flag_internal_reg/D (clocked by pll_adc_clk). Large setup violations at the end of those stages might be difficult to fix during the post-placement implementation flow and could be the result of non-optimal XDC constraints or non-optimal design architecture
Related violations: <none>

TIMING-16#191 Warning
Large setup violation  
There is a large setup violation of -2.552 ns between i_ps/axi_slave_gp0/rd_araddr_reg[22]/C (clocked by adc_clk) and dpll_wrapper_inst/reg_coef_compat/output_reg[3]/CE (clocked by pll_adc_clk). Large setup violations at the end of those stages might be difficult to fix during the post-placement implementation flow and could be the result of non-optimal XDC constraints or non-optimal design architecture
Related violations: <none>

TIMING-16#192 Warning
Large setup violation  
There is a large setup violation of -2.562 ns between i_ps/axi_slave_gp0/rd_do_reg/C (clocked by adc_clk) and dpll_wrapper_inst/reg_angle_select/output_reg[0]/CE (clocked by pll_adc_clk). Large setup violations at the end of those stages might be difficult to fix during the post-placement implementation flow and could be the result of non-optimal XDC constraints or non-optimal design architecture
Related violations: <none>

TIMING-16#193 Warning
Large setup violation  
There is a large setup violation of -2.562 ns between i_ps/axi_slave_gp0/rd_do_reg/C (clocked by adc_clk) and dpll_wrapper_inst/reg_angle_select/output_reg[1]/CE (clocked by pll_adc_clk). Large setup violations at the end of those stages might be difficult to fix during the post-placement implementation flow and could be the result of non-optimal XDC constraints or non-optimal design architecture
Related violations: <none>

TIMING-16#194 Warning
Large setup violation  
There is a large setup violation of -2.562 ns between i_ps/axi_slave_gp0/rd_do_reg/C (clocked by adc_clk) and dpll_wrapper_inst/reg_angle_select/output_reg[2]/CE (clocked by pll_adc_clk). Large setup violations at the end of those stages might be difficult to fix during the post-placement implementation flow and could be the result of non-optimal XDC constraints or non-optimal design architecture
Related violations: <none>

TIMING-16#195 Warning
Large setup violation  
There is a large setup violation of -2.562 ns between i_ps/axi_slave_gp0/rd_do_reg/C (clocked by adc_clk) and dpll_wrapper_inst/reg_angle_select/output_reg[3]/CE (clocked by pll_adc_clk). Large setup violations at the end of those stages might be difficult to fix during the post-placement implementation flow and could be the result of non-optimal XDC constraints or non-optimal design architecture
Related violations: <none>

TIMING-16#196 Warning
Large setup violation  
There is a large setup violation of -2.571 ns between i_ps/axi_slave_gp0/rd_araddr_reg[10]/C (clocked by adc_clk) and dpll_wrapper_inst/reg_kf/output_reg[10]/CE (clocked by pll_adc_clk). Large setup violations at the end of those stages might be difficult to fix during the post-placement implementation flow and could be the result of non-optimal XDC constraints or non-optimal design architecture
Related violations: <none>

TIMING-16#197 Warning
Large setup violation  
There is a large setup violation of -2.571 ns between i_ps/axi_slave_gp0/rd_araddr_reg[10]/C (clocked by adc_clk) and dpll_wrapper_inst/reg_kf/output_reg[19]/CE (clocked by pll_adc_clk). Large setup violations at the end of those stages might be difficult to fix during the post-placement implementation flow and could be the result of non-optimal XDC constraints or non-optimal design architecture
Related violations: <none>

TIMING-16#198 Warning
Large setup violation  
There is a large setup violation of -2.571 ns between i_ps/axi_slave_gp0/rd_araddr_reg[10]/C (clocked by adc_clk) and dpll_wrapper_inst/reg_kf/output_reg[31]/CE (clocked by pll_adc_clk). Large setup violations at the end of those stages might be difficult to fix during the post-placement implementation flow and could be the result of non-optimal XDC constraints or non-optimal design architecture
Related violations: <none>

TIMING-16#199 Warning
Large setup violation  
There is a large setup violation of -2.572 ns between i_ps/axi_slave_gp0/rd_araddr_reg[16]/C (clocked by adc_clk) and Digital_Freq_Meter_inst/sys_rdata_reg[11]/R (clocked by pll_adc_clk). Large setup violations at the end of those stages might be difficult to fix during the post-placement implementation flow and could be the result of non-optimal XDC constraints or non-optimal design architecture
Related violations: <none>

TIMING-16#200 Warning
Large setup violation  
There is a large setup violation of -2.581 ns between i_ps/axi_slave_gp0/rd_araddr_reg[16]/C (clocked by adc_clk) and Digital_Freq_Meter_inst/sys_rdata_reg[18]/R (clocked by pll_adc_clk). Large setup violations at the end of those stages might be difficult to fix during the post-placement implementation flow and could be the result of non-optimal XDC constraints or non-optimal design architecture
Related violations: <none>

TIMING-16#201 Warning
Large setup violation  
There is a large setup violation of -2.601 ns between i_ps/axi_slave_gp0/rd_araddr_reg[16]/C (clocked by adc_clk) and Digital_Freq_Meter_inst/sys_rdata_reg[21]/R (clocked by pll_adc_clk). Large setup violations at the end of those stages might be difficult to fix during the post-placement implementation flow and could be the result of non-optimal XDC constraints or non-optimal design architecture
Related violations: <none>

TIMING-16#202 Warning
Large setup violation  
There is a large setup violation of -2.612 ns between i_ps/axi_slave_gp0/rd_araddr_reg[10]/C (clocked by adc_clk) and dpll_wrapper_inst/reg_kf/output_reg[17]/CE (clocked by pll_adc_clk). Large setup violations at the end of those stages might be difficult to fix during the post-placement implementation flow and could be the result of non-optimal XDC constraints or non-optimal design architecture
Related violations: <none>

TIMING-16#203 Warning
Large setup violation  
There is a large setup violation of -2.614 ns between i_ps/axi_slave_gp0/rd_araddr_reg[22]/C (clocked by adc_clk) and dpll_wrapper_inst/reg_debug_source/output_reg[23]/CE (clocked by pll_adc_clk). Large setup violations at the end of those stages might be difficult to fix during the post-placement implementation flow and could be the result of non-optimal XDC constraints or non-optimal design architecture
Related violations: <none>

TIMING-16#204 Warning
Large setup violation  
There is a large setup violation of -2.616 ns between i_ps/axi_slave_gp0/rd_araddr_reg[10]/C (clocked by adc_clk) and dpll_wrapper_inst/reg_kf/output_reg[25]/CE (clocked by pll_adc_clk). Large setup violations at the end of those stages might be difficult to fix during the post-placement implementation flow and could be the result of non-optimal XDC constraints or non-optimal design architecture
Related violations: <none>

TIMING-16#205 Warning
Large setup violation  
There is a large setup violation of -2.616 ns between i_ps/axi_slave_gp0/rd_araddr_reg[10]/C (clocked by adc_clk) and dpll_wrapper_inst/reg_kf/output_reg[26]/CE (clocked by pll_adc_clk). Large setup violations at the end of those stages might be difficult to fix during the post-placement implementation flow and could be the result of non-optimal XDC constraints or non-optimal design architecture
Related violations: <none>

TIMING-16#206 Warning
Large setup violation  
There is a large setup violation of -2.616 ns between i_ps/axi_slave_gp0/rd_araddr_reg[10]/C (clocked by adc_clk) and dpll_wrapper_inst/reg_kf/output_reg[28]/CE (clocked by pll_adc_clk). Large setup violations at the end of those stages might be difficult to fix during the post-placement implementation flow and could be the result of non-optimal XDC constraints or non-optimal design architecture
Related violations: <none>

TIMING-16#207 Warning
Large setup violation  
There is a large setup violation of -2.616 ns between i_ps/axi_slave_gp0/rd_araddr_reg[10]/C (clocked by adc_clk) and dpll_wrapper_inst/reg_kf/output_reg[29]/CE (clocked by pll_adc_clk). Large setup violations at the end of those stages might be difficult to fix during the post-placement implementation flow and could be the result of non-optimal XDC constraints or non-optimal design architecture
Related violations: <none>

TIMING-16#208 Warning
Large setup violation  
There is a large setup violation of -2.616 ns between i_ps/axi_slave_gp0/rd_do_reg/C (clocked by adc_clk) and Digital_Freq_Meter_inst/parallel_bus_register_pll0_coefdfilter/output_reg[14]/CE (clocked by pll_adc_clk). Large setup violations at the end of those stages might be difficult to fix during the post-placement implementation flow and could be the result of non-optimal XDC constraints or non-optimal design architecture
Related violations: <none>

TIMING-16#209 Warning
Large setup violation  
There is a large setup violation of -2.625 ns between i_ps/axi_slave_gp0/rd_do_reg/C (clocked by adc_clk) and Digital_Freq_Meter_inst/parallel_bus_register_pll0_coefdfilter/output_reg[10]/CE (clocked by pll_adc_clk). Large setup violations at the end of those stages might be difficult to fix during the post-placement implementation flow and could be the result of non-optimal XDC constraints or non-optimal design architecture
Related violations: <none>

TIMING-16#210 Warning
Large setup violation  
There is a large setup violation of -2.625 ns between i_ps/axi_slave_gp0/rd_do_reg/C (clocked by adc_clk) and Digital_Freq_Meter_inst/parallel_bus_register_pll0_coefdfilter/output_reg[16]/CE (clocked by pll_adc_clk). Large setup violations at the end of those stages might be difficult to fix during the post-placement implementation flow and could be the result of non-optimal XDC constraints or non-optimal design architecture
Related violations: <none>

TIMING-16#211 Warning
Large setup violation  
There is a large setup violation of -2.625 ns between i_ps/axi_slave_gp0/rd_do_reg/C (clocked by adc_clk) and Digital_Freq_Meter_inst/parallel_bus_register_pll0_coefdfilter/output_reg[4]/CE (clocked by pll_adc_clk). Large setup violations at the end of those stages might be difficult to fix during the post-placement implementation flow and could be the result of non-optimal XDC constraints or non-optimal design architecture
Related violations: <none>

TIMING-16#212 Warning
Large setup violation  
There is a large setup violation of -2.625 ns between i_ps/axi_slave_gp0/rd_do_reg/C (clocked by adc_clk) and Digital_Freq_Meter_inst/parallel_bus_register_pll0_coefdfilter/output_reg[7]/CE (clocked by pll_adc_clk). Large setup violations at the end of those stages might be difficult to fix during the post-placement implementation flow and could be the result of non-optimal XDC constraints or non-optimal design architecture
Related violations: <none>

TIMING-16#213 Warning
Large setup violation  
There is a large setup violation of -2.626 ns between i_ps/axi_slave_gp0/rd_do_reg/C (clocked by adc_clk) and Digital_Freq_Meter_inst/parallel_bus_register_manual_offset_dac0/output_reg[23]/CE (clocked by pll_adc_clk). Large setup violations at the end of those stages might be difficult to fix during the post-placement implementation flow and could be the result of non-optimal XDC constraints or non-optimal design architecture
Related violations: <none>

TIMING-16#214 Warning
Large setup violation  
There is a large setup violation of -2.626 ns between i_ps/axi_slave_gp0/rd_do_reg/C (clocked by adc_clk) and Digital_Freq_Meter_inst/parallel_bus_register_phase_residuals0_threshold/output_reg[23]/CE (clocked by pll_adc_clk). Large setup violations at the end of those stages might be difficult to fix during the post-placement implementation flow and could be the result of non-optimal XDC constraints or non-optimal design architecture
Related violations: <none>

TIMING-16#215 Warning
Large setup violation  
There is a large setup violation of -2.626 ns between i_ps/axi_slave_gp0/rd_do_reg/C (clocked by adc_clk) and Digital_Freq_Meter_inst/parallel_bus_register_phase_residuals0_threshold/output_reg[25]/CE (clocked by pll_adc_clk). Large setup violations at the end of those stages might be difficult to fix during the post-placement implementation flow and could be the result of non-optimal XDC constraints or non-optimal design architecture
Related violations: <none>

TIMING-16#216 Warning
Large setup violation  
There is a large setup violation of -2.626 ns between i_ps/axi_slave_gp0/rd_do_reg/C (clocked by adc_clk) and Digital_Freq_Meter_inst/parallel_bus_register_phase_residuals0_threshold/output_reg[26]/CE (clocked by pll_adc_clk). Large setup violations at the end of those stages might be difficult to fix during the post-placement implementation flow and could be the result of non-optimal XDC constraints or non-optimal design architecture
Related violations: <none>

TIMING-16#217 Warning
Large setup violation  
There is a large setup violation of -2.626 ns between i_ps/axi_slave_gp0/rd_do_reg/C (clocked by adc_clk) and Digital_Freq_Meter_inst/parallel_bus_register_phase_residuals0_threshold/output_reg[27]/CE (clocked by pll_adc_clk). Large setup violations at the end of those stages might be difficult to fix during the post-placement implementation flow and could be the result of non-optimal XDC constraints or non-optimal design architecture
Related violations: <none>

TIMING-16#218 Warning
Large setup violation  
There is a large setup violation of -2.626 ns between i_ps/axi_slave_gp0/rd_do_reg/C (clocked by adc_clk) and Digital_Freq_Meter_inst/parallel_bus_register_phase_residuals0_threshold/output_reg[28]/CE (clocked by pll_adc_clk). Large setup violations at the end of those stages might be difficult to fix during the post-placement implementation flow and could be the result of non-optimal XDC constraints or non-optimal design architecture
Related violations: <none>

TIMING-16#219 Warning
Large setup violation  
There is a large setup violation of -2.626 ns between i_ps/axi_slave_gp0/rd_do_reg/C (clocked by adc_clk) and Digital_Freq_Meter_inst/parallel_bus_register_phase_residuals0_threshold/output_reg[30]/CE (clocked by pll_adc_clk). Large setup violations at the end of those stages might be difficult to fix during the post-placement implementation flow and could be the result of non-optimal XDC constraints or non-optimal design architecture
Related violations: <none>

TIMING-16#220 Warning
Large setup violation  
There is a large setup violation of -2.626 ns between i_ps/axi_slave_gp0/rd_do_reg/C (clocked by adc_clk) and Digital_Freq_Meter_inst/parallel_bus_register_phase_residuals0_threshold/output_reg[31]/CE (clocked by pll_adc_clk). Large setup violations at the end of those stages might be difficult to fix during the post-placement implementation flow and could be the result of non-optimal XDC constraints or non-optimal design architecture
Related violations: <none>

TIMING-16#221 Warning
Large setup violation  
There is a large setup violation of -2.630 ns between dpll_wrapper_inst/reg_freq_mul/output_reg[10]/C (clocked by pll_adc_clk) and dpll_wrapper_inst/PLL_VCO_MUL_DIV_inst/VCO0_Multiplier/U0/i_mult/gDSP.gDSP_only.iDSP/use_prim.appDSP48[1].bppDSP48[0].need_output_delay.output_delay/d1.dout_i_reg[4]/D (clocked by pll_adc_clk). Large setup violations at the end of those stages might be difficult to fix during the post-placement implementation flow and could be the result of non-optimal XDC constraints or non-optimal design architecture
Related violations: <none>

TIMING-16#222 Warning
Large setup violation  
There is a large setup violation of -2.631 ns between dpll_wrapper_inst/reg_freq_mul/output_reg[10]/C (clocked by pll_adc_clk) and dpll_wrapper_inst/PLL_VCO_MUL_DIV_inst/VCO0_Multiplier/U0/i_mult/gDSP.gDSP_only.iDSP/use_prim.appDSP48[1].bppDSP48[0].need_output_delay.output_delay/d1.dout_i_reg[16]/D (clocked by pll_adc_clk). Large setup violations at the end of those stages might be difficult to fix during the post-placement implementation flow and could be the result of non-optimal XDC constraints or non-optimal design architecture
Related violations: <none>

TIMING-16#223 Warning
Large setup violation  
There is a large setup violation of -2.631 ns between dpll_wrapper_inst/reg_freq_mul/output_reg[10]/C (clocked by pll_adc_clk) and dpll_wrapper_inst/PLL_VCO_MUL_DIV_inst/VCO0_Multiplier/U0/i_mult/gDSP.gDSP_only.iDSP/use_prim.appDSP48[1].bppDSP48[0].need_output_delay.output_delay/d1.dout_i_reg[8]/D (clocked by pll_adc_clk). Large setup violations at the end of those stages might be difficult to fix during the post-placement implementation flow and could be the result of non-optimal XDC constraints or non-optimal design architecture
Related violations: <none>

TIMING-16#224 Warning
Large setup violation  
There is a large setup violation of -2.640 ns between i_ps/axi_slave_gp0/rd_do_reg/C (clocked by adc_clk) and Digital_Freq_Meter_inst/parallel_bus_register_freq_residuals0_threshold/output_reg[1]/CE (clocked by pll_adc_clk). Large setup violations at the end of those stages might be difficult to fix during the post-placement implementation flow and could be the result of non-optimal XDC constraints or non-optimal design architecture
Related violations: <none>

TIMING-16#225 Warning
Large setup violation  
There is a large setup violation of -2.640 ns between i_ps/axi_slave_gp0/rd_do_reg/C (clocked by adc_clk) and Digital_Freq_Meter_inst/parallel_bus_register_freq_residuals0_threshold/output_reg[2]/CE (clocked by pll_adc_clk). Large setup violations at the end of those stages might be difficult to fix during the post-placement implementation flow and could be the result of non-optimal XDC constraints or non-optimal design architecture
Related violations: <none>

TIMING-16#226 Warning
Large setup violation  
There is a large setup violation of -2.640 ns between i_ps/axi_slave_gp0/rd_do_reg/C (clocked by adc_clk) and Digital_Freq_Meter_inst/parallel_bus_register_freq_residuals0_threshold/output_reg[5]/CE (clocked by pll_adc_clk). Large setup violations at the end of those stages might be difficult to fix during the post-placement implementation flow and could be the result of non-optimal XDC constraints or non-optimal design architecture
Related violations: <none>

TIMING-16#227 Warning
Large setup violation  
There is a large setup violation of -2.640 ns between i_ps/axi_slave_gp0/rd_do_reg/C (clocked by adc_clk) and Digital_Freq_Meter_inst/parallel_bus_register_freq_residuals0_threshold/output_reg[9]/CE (clocked by pll_adc_clk). Large setup violations at the end of those stages might be difficult to fix during the post-placement implementation flow and could be the result of non-optimal XDC constraints or non-optimal design architecture
Related violations: <none>

TIMING-16#228 Warning
Large setup violation  
There is a large setup violation of -2.644 ns between dpll_wrapper_inst/reg_freq_mul/output_reg[10]/C (clocked by pll_adc_clk) and dpll_wrapper_inst/PLL_VCO_MUL_DIV_inst/VCO0_Multiplier/U0/i_mult/gDSP.gDSP_only.iDSP/use_prim.appDSP48[1].bppDSP48[0].need_output_delay.output_delay/d1.dout_i_reg[6]/D (clocked by pll_adc_clk). Large setup violations at the end of those stages might be difficult to fix during the post-placement implementation flow and could be the result of non-optimal XDC constraints or non-optimal design architecture
Related violations: <none>

TIMING-16#229 Warning
Large setup violation  
There is a large setup violation of -2.645 ns between i_ps/axi_slave_gp0/rd_araddr_reg[10]/C (clocked by adc_clk) and dpll_wrapper_inst/reg_kf/output_reg[20]/CE (clocked by pll_adc_clk). Large setup violations at the end of those stages might be difficult to fix during the post-placement implementation flow and could be the result of non-optimal XDC constraints or non-optimal design architecture
Related violations: <none>

TIMING-16#230 Warning
Large setup violation  
There is a large setup violation of -2.645 ns between i_ps/axi_slave_gp0/rd_araddr_reg[10]/C (clocked by adc_clk) and dpll_wrapper_inst/reg_kf/output_reg[21]/CE (clocked by pll_adc_clk). Large setup violations at the end of those stages might be difficult to fix during the post-placement implementation flow and could be the result of non-optimal XDC constraints or non-optimal design architecture
Related violations: <none>

TIMING-16#231 Warning
Large setup violation  
There is a large setup violation of -2.645 ns between i_ps/axi_slave_gp0/rd_araddr_reg[10]/C (clocked by adc_clk) and dpll_wrapper_inst/reg_kf/output_reg[2]/CE (clocked by pll_adc_clk). Large setup violations at the end of those stages might be difficult to fix during the post-placement implementation flow and could be the result of non-optimal XDC constraints or non-optimal design architecture
Related violations: <none>

TIMING-16#232 Warning
Large setup violation  
There is a large setup violation of -2.645 ns between i_ps/axi_slave_gp0/rd_do_reg/C (clocked by adc_clk) and Digital_Freq_Meter_inst/parallel_bus_register_pll0_coefdfilter/output_reg[0]/CE (clocked by pll_adc_clk). Large setup violations at the end of those stages might be difficult to fix during the post-placement implementation flow and could be the result of non-optimal XDC constraints or non-optimal design architecture
Related violations: <none>

TIMING-16#233 Warning
Large setup violation  
There is a large setup violation of -2.645 ns between i_ps/axi_slave_gp0/rd_do_reg/C (clocked by adc_clk) and Digital_Freq_Meter_inst/parallel_bus_register_pll0_coefdfilter/output_reg[11]/CE (clocked by pll_adc_clk). Large setup violations at the end of those stages might be difficult to fix during the post-placement implementation flow and could be the result of non-optimal XDC constraints or non-optimal design architecture
Related violations: <none>

TIMING-16#234 Warning
Large setup violation  
There is a large setup violation of -2.645 ns between i_ps/axi_slave_gp0/rd_do_reg/C (clocked by adc_clk) and Digital_Freq_Meter_inst/parallel_bus_register_pll0_coefdfilter/output_reg[3]/CE (clocked by pll_adc_clk). Large setup violations at the end of those stages might be difficult to fix during the post-placement implementation flow and could be the result of non-optimal XDC constraints or non-optimal design architecture
Related violations: <none>

TIMING-16#235 Warning
Large setup violation  
There is a large setup violation of -2.645 ns between i_ps/axi_slave_gp0/rd_do_reg/C (clocked by adc_clk) and Digital_Freq_Meter_inst/parallel_bus_register_pll0_coefdfilter/output_reg[6]/CE (clocked by pll_adc_clk). Large setup violations at the end of those stages might be difficult to fix during the post-placement implementation flow and could be the result of non-optimal XDC constraints or non-optimal design architecture
Related violations: <none>

TIMING-16#236 Warning
Large setup violation  
There is a large setup violation of -2.648 ns between i_ps/axi_slave_gp0/rd_do_reg/C (clocked by adc_clk) and Digital_Freq_Meter_inst/parallel_bus_register_manual_offset_dac0/output_reg[16]/CE (clocked by pll_adc_clk). Large setup violations at the end of those stages might be difficult to fix during the post-placement implementation flow and could be the result of non-optimal XDC constraints or non-optimal design architecture
Related violations: <none>

TIMING-16#237 Warning
Large setup violation  
There is a large setup violation of -2.648 ns between i_ps/axi_slave_gp0/rd_do_reg/C (clocked by adc_clk) and Digital_Freq_Meter_inst/parallel_bus_register_manual_offset_dac0/output_reg[19]/CE (clocked by pll_adc_clk). Large setup violations at the end of those stages might be difficult to fix during the post-placement implementation flow and could be the result of non-optimal XDC constraints or non-optimal design architecture
Related violations: <none>

TIMING-16#238 Warning
Large setup violation  
There is a large setup violation of -2.648 ns between i_ps/axi_slave_gp0/rd_do_reg/C (clocked by adc_clk) and Digital_Freq_Meter_inst/parallel_bus_register_manual_offset_dac0/output_reg[4]/CE (clocked by pll_adc_clk). Large setup violations at the end of those stages might be difficult to fix during the post-placement implementation flow and could be the result of non-optimal XDC constraints or non-optimal design architecture
Related violations: <none>

TIMING-16#239 Warning
Large setup violation  
There is a large setup violation of -2.653 ns between i_ps/axi_slave_gp0/rd_do_reg/C (clocked by adc_clk) and Digital_Freq_Meter_inst/parallel_bus_register_phase_residuals0_offset/output_reg[25]/CE (clocked by pll_adc_clk). Large setup violations at the end of those stages might be difficult to fix during the post-placement implementation flow and could be the result of non-optimal XDC constraints or non-optimal design architecture
Related violations: <none>

TIMING-16#240 Warning
Large setup violation  
There is a large setup violation of -2.653 ns between i_ps/axi_slave_gp0/rd_do_reg/C (clocked by adc_clk) and Digital_Freq_Meter_inst/parallel_bus_register_phase_residuals0_offset/output_reg[26]/CE (clocked by pll_adc_clk). Large setup violations at the end of those stages might be difficult to fix during the post-placement implementation flow and could be the result of non-optimal XDC constraints or non-optimal design architecture
Related violations: <none>

TIMING-16#241 Warning
Large setup violation  
There is a large setup violation of -2.653 ns between i_ps/axi_slave_gp0/rd_do_reg/C (clocked by adc_clk) and Digital_Freq_Meter_inst/parallel_bus_register_phase_residuals0_offset/output_reg[29]/CE (clocked by pll_adc_clk). Large setup violations at the end of those stages might be difficult to fix during the post-placement implementation flow and could be the result of non-optimal XDC constraints or non-optimal design architecture
Related violations: <none>

TIMING-16#242 Warning
Large setup violation  
There is a large setup violation of -2.659 ns between i_ps/axi_slave_gp0/rd_do_reg/C (clocked by adc_clk) and Digital_Freq_Meter_inst/parallel_bus_register_manual_offset_dac0/output_reg[3]/CE (clocked by pll_adc_clk). Large setup violations at the end of those stages might be difficult to fix during the post-placement implementation flow and could be the result of non-optimal XDC constraints or non-optimal design architecture
Related violations: <none>

TIMING-16#243 Warning
Large setup violation  
There is a large setup violation of -2.663 ns between i_ps/axi_slave_gp0/rd_araddr_reg[16]/C (clocked by adc_clk) and Digital_Freq_Meter_inst/sys_rdata_reg[5]/R (clocked by pll_adc_clk). Large setup violations at the end of those stages might be difficult to fix during the post-placement implementation flow and could be the result of non-optimal XDC constraints or non-optimal design architecture
Related violations: <none>

TIMING-16#244 Warning
Large setup violation  
There is a large setup violation of -2.663 ns between i_ps/axi_slave_gp0/rd_araddr_reg[16]/C (clocked by adc_clk) and Digital_Freq_Meter_inst/sys_rdata_reg[7]/R (clocked by pll_adc_clk). Large setup violations at the end of those stages might be difficult to fix during the post-placement implementation flow and could be the result of non-optimal XDC constraints or non-optimal design architecture
Related violations: <none>

TIMING-16#245 Warning
Large setup violation  
There is a large setup violation of -2.669 ns between dpll_wrapper_inst/reg_freq_mul/output_reg[10]/C (clocked by pll_adc_clk) and dpll_wrapper_inst/PLL_VCO_MUL_DIV_inst/VCO0_Multiplier/U0/i_mult/gDSP.gDSP_only.iDSP/use_prim.appDSP48[1].bppDSP48[0].need_output_delay.output_delay/d1.dout_i_reg[0]/D (clocked by pll_adc_clk). Large setup violations at the end of those stages might be difficult to fix during the post-placement implementation flow and could be the result of non-optimal XDC constraints or non-optimal design architecture
Related violations: <none>

TIMING-16#246 Warning
Large setup violation  
There is a large setup violation of -2.669 ns between dpll_wrapper_inst/reg_freq_mul/output_reg[10]/C (clocked by pll_adc_clk) and dpll_wrapper_inst/PLL_VCO_MUL_DIV_inst/VCO0_Multiplier/U0/i_mult/gDSP.gDSP_only.iDSP/use_prim.appDSP48[1].bppDSP48[0].need_output_delay.output_delay/d1.dout_i_reg[14]/D (clocked by pll_adc_clk). Large setup violations at the end of those stages might be difficult to fix during the post-placement implementation flow and could be the result of non-optimal XDC constraints or non-optimal design architecture
Related violations: <none>

TIMING-16#247 Warning
Large setup violation  
There is a large setup violation of -2.674 ns between dpll_wrapper_inst/reg_freq_mul/output_reg[10]/C (clocked by pll_adc_clk) and dpll_wrapper_inst/PLL_VCO_MUL_DIV_inst/VCO0_Multiplier/U0/i_mult/gDSP.gDSP_only.iDSP/use_prim.appDSP48[1].bppDSP48[0].need_output_delay.output_delay/d1.dout_i_reg[13]/D (clocked by pll_adc_clk). Large setup violations at the end of those stages might be difficult to fix during the post-placement implementation flow and could be the result of non-optimal XDC constraints or non-optimal design architecture
Related violations: <none>

TIMING-16#248 Warning
Large setup violation  
There is a large setup violation of -2.676 ns between i_ps/axi_slave_gp0/rd_araddr_reg[16]/C (clocked by adc_clk) and Digital_Freq_Meter_inst/sys_rdata_reg[30]/R (clocked by pll_adc_clk). Large setup violations at the end of those stages might be difficult to fix during the post-placement implementation flow and could be the result of non-optimal XDC constraints or non-optimal design architecture
Related violations: <none>

TIMING-16#249 Warning
Large setup violation  
There is a large setup violation of -2.685 ns between i_ps/axi_slave_gp0/rd_do_reg/C (clocked by adc_clk) and dpll_wrapper_inst/reg_ki/output_reg[1]/CE (clocked by pll_adc_clk). Large setup violations at the end of those stages might be difficult to fix during the post-placement implementation flow and could be the result of non-optimal XDC constraints or non-optimal design architecture
Related violations: <none>

TIMING-16#250 Warning
Large setup violation  
There is a large setup violation of -2.691 ns between i_ps/axi_slave_gp0/rd_do_reg/C (clocked by adc_clk) and Digital_Freq_Meter_inst/parallel_bus_register_negative_limit_dac0/output_reg[0]/CE (clocked by pll_adc_clk). Large setup violations at the end of those stages might be difficult to fix during the post-placement implementation flow and could be the result of non-optimal XDC constraints or non-optimal design architecture
Related violations: <none>

TIMING-16#251 Warning
Large setup violation  
There is a large setup violation of -2.691 ns between i_ps/axi_slave_gp0/rd_do_reg/C (clocked by adc_clk) and Digital_Freq_Meter_inst/parallel_bus_register_negative_limit_dac0/output_reg[12]/CE (clocked by pll_adc_clk). Large setup violations at the end of those stages might be difficult to fix during the post-placement implementation flow and could be the result of non-optimal XDC constraints or non-optimal design architecture
Related violations: <none>

TIMING-16#252 Warning
Large setup violation  
There is a large setup violation of -2.691 ns between i_ps/axi_slave_gp0/rd_do_reg/C (clocked by adc_clk) and Digital_Freq_Meter_inst/parallel_bus_register_negative_limit_dac0/output_reg[1]/CE (clocked by pll_adc_clk). Large setup violations at the end of those stages might be difficult to fix during the post-placement implementation flow and could be the result of non-optimal XDC constraints or non-optimal design architecture
Related violations: <none>

TIMING-16#253 Warning
Large setup violation  
There is a large setup violation of -2.691 ns between i_ps/axi_slave_gp0/rd_do_reg/C (clocked by adc_clk) and Digital_Freq_Meter_inst/parallel_bus_register_negative_limit_dac0/output_reg[2]/CE (clocked by pll_adc_clk). Large setup violations at the end of those stages might be difficult to fix during the post-placement implementation flow and could be the result of non-optimal XDC constraints or non-optimal design architecture
Related violations: <none>

TIMING-16#254 Warning
Large setup violation  
There is a large setup violation of -2.691 ns between i_ps/axi_slave_gp0/rd_do_reg/C (clocked by adc_clk) and Digital_Freq_Meter_inst/parallel_bus_register_negative_limit_dac0/output_reg[5]/CE (clocked by pll_adc_clk). Large setup violations at the end of those stages might be difficult to fix during the post-placement implementation flow and could be the result of non-optimal XDC constraints or non-optimal design architecture
Related violations: <none>

TIMING-16#255 Warning
Large setup violation  
There is a large setup violation of -2.693 ns between dpll_wrapper_inst/reg_freq_mul/output_reg[10]/C (clocked by pll_adc_clk) and dpll_wrapper_inst/PLL_VCO_MUL_DIV_inst/VCO0_Multiplier/U0/i_mult/gDSP.gDSP_only.iDSP/use_prim.appDSP48[1].bppDSP48[0].need_output_delay.output_delay/d1.dout_i_reg[1]/D (clocked by pll_adc_clk). Large setup violations at the end of those stages might be difficult to fix during the post-placement implementation flow and could be the result of non-optimal XDC constraints or non-optimal design architecture
Related violations: <none>

TIMING-16#256 Warning
Large setup violation  
There is a large setup violation of -2.693 ns between i_ps/axi_slave_gp0/rd_do_reg/C (clocked by adc_clk) and Digital_Freq_Meter_inst/parallel_bus_register_negative_limit_dac0/output_reg[10]/CE (clocked by pll_adc_clk). Large setup violations at the end of those stages might be difficult to fix during the post-placement implementation flow and could be the result of non-optimal XDC constraints or non-optimal design architecture
Related violations: <none>

TIMING-16#257 Warning
Large setup violation  
There is a large setup violation of -2.693 ns between i_ps/axi_slave_gp0/rd_do_reg/C (clocked by adc_clk) and Digital_Freq_Meter_inst/parallel_bus_register_negative_limit_dac0/output_reg[11]/CE (clocked by pll_adc_clk). Large setup violations at the end of those stages might be difficult to fix during the post-placement implementation flow and could be the result of non-optimal XDC constraints or non-optimal design architecture
Related violations: <none>

TIMING-16#258 Warning
Large setup violation  
There is a large setup violation of -2.693 ns between i_ps/axi_slave_gp0/rd_do_reg/C (clocked by adc_clk) and Digital_Freq_Meter_inst/parallel_bus_register_negative_limit_dac0/output_reg[15]/CE (clocked by pll_adc_clk). Large setup violations at the end of those stages might be difficult to fix during the post-placement implementation flow and could be the result of non-optimal XDC constraints or non-optimal design architecture
Related violations: <none>

TIMING-16#259 Warning
Large setup violation  
There is a large setup violation of -2.693 ns between i_ps/axi_slave_gp0/rd_do_reg/C (clocked by adc_clk) and Digital_Freq_Meter_inst/parallel_bus_register_negative_limit_dac0/output_reg[17]/CE (clocked by pll_adc_clk). Large setup violations at the end of those stages might be difficult to fix during the post-placement implementation flow and could be the result of non-optimal XDC constraints or non-optimal design architecture
Related violations: <none>

TIMING-16#260 Warning
Large setup violation  
There is a large setup violation of -2.693 ns between i_ps/axi_slave_gp0/rd_do_reg/C (clocked by adc_clk) and Digital_Freq_Meter_inst/parallel_bus_register_negative_limit_dac0/output_reg[18]/CE (clocked by pll_adc_clk). Large setup violations at the end of those stages might be difficult to fix during the post-placement implementation flow and could be the result of non-optimal XDC constraints or non-optimal design architecture
Related violations: <none>

TIMING-16#261 Warning
Large setup violation  
There is a large setup violation of -2.693 ns between i_ps/axi_slave_gp0/rd_do_reg/C (clocked by adc_clk) and Digital_Freq_Meter_inst/parallel_bus_register_negative_limit_dac0/output_reg[19]/CE (clocked by pll_adc_clk). Large setup violations at the end of those stages might be difficult to fix during the post-placement implementation flow and could be the result of non-optimal XDC constraints or non-optimal design architecture
Related violations: <none>

TIMING-16#262 Warning
Large setup violation  
There is a large setup violation of -2.693 ns between i_ps/axi_slave_gp0/rd_do_reg/C (clocked by adc_clk) and Digital_Freq_Meter_inst/parallel_bus_register_negative_limit_dac0/output_reg[23]/CE (clocked by pll_adc_clk). Large setup violations at the end of those stages might be difficult to fix during the post-placement implementation flow and could be the result of non-optimal XDC constraints or non-optimal design architecture
Related violations: <none>

TIMING-16#263 Warning
Large setup violation  
There is a large setup violation of -2.693 ns between i_ps/axi_slave_gp0/rd_do_reg/C (clocked by adc_clk) and Digital_Freq_Meter_inst/parallel_bus_register_negative_limit_dac0/output_reg[9]/CE (clocked by pll_adc_clk). Large setup violations at the end of those stages might be difficult to fix during the post-placement implementation flow and could be the result of non-optimal XDC constraints or non-optimal design architecture
Related violations: <none>

TIMING-16#264 Warning
Large setup violation  
There is a large setup violation of -2.696 ns between i_ps/axi_slave_gp0/rd_araddr_reg[16]/C (clocked by adc_clk) and Digital_Freq_Meter_inst/sys_rdata_reg[26]/R (clocked by pll_adc_clk). Large setup violations at the end of those stages might be difficult to fix during the post-placement implementation flow and could be the result of non-optimal XDC constraints or non-optimal design architecture
Related violations: <none>

TIMING-16#265 Warning
Large setup violation  
There is a large setup violation of -2.697 ns between i_ps/axi_slave_gp0/rd_do_reg/C (clocked by adc_clk) and Digital_Freq_Meter_inst/parallel_bus_register_positive_limit_dac0/output_reg[13]/CE (clocked by pll_adc_clk). Large setup violations at the end of those stages might be difficult to fix during the post-placement implementation flow and could be the result of non-optimal XDC constraints or non-optimal design architecture
Related violations: <none>

TIMING-16#266 Warning
Large setup violation  
There is a large setup violation of -2.697 ns between i_ps/axi_slave_gp0/rd_do_reg/C (clocked by adc_clk) and Digital_Freq_Meter_inst/parallel_bus_register_positive_limit_dac0/output_reg[14]/CE (clocked by pll_adc_clk). Large setup violations at the end of those stages might be difficult to fix during the post-placement implementation flow and could be the result of non-optimal XDC constraints or non-optimal design architecture
Related violations: <none>

TIMING-16#267 Warning
Large setup violation  
There is a large setup violation of -2.697 ns between i_ps/axi_slave_gp0/rd_do_reg/C (clocked by adc_clk) and Digital_Freq_Meter_inst/parallel_bus_register_positive_limit_dac0/output_reg[18]/CE (clocked by pll_adc_clk). Large setup violations at the end of those stages might be difficult to fix during the post-placement implementation flow and could be the result of non-optimal XDC constraints or non-optimal design architecture
Related violations: <none>

TIMING-16#268 Warning
Large setup violation  
There is a large setup violation of -2.697 ns between i_ps/axi_slave_gp0/rd_do_reg/C (clocked by adc_clk) and Digital_Freq_Meter_inst/parallel_bus_register_positive_limit_dac0/output_reg[20]/CE (clocked by pll_adc_clk). Large setup violations at the end of those stages might be difficult to fix during the post-placement implementation flow and could be the result of non-optimal XDC constraints or non-optimal design architecture
Related violations: <none>

TIMING-16#269 Warning
Large setup violation  
There is a large setup violation of -2.698 ns between i_ps/axi_slave_gp0/rd_araddr_reg[22]/C (clocked by adc_clk) and dpll_wrapper_inst/reg_gain_d_compat/output_reg[1]/CE (clocked by pll_adc_clk). Large setup violations at the end of those stages might be difficult to fix during the post-placement implementation flow and could be the result of non-optimal XDC constraints or non-optimal design architecture
Related violations: <none>

TIMING-16#270 Warning
Large setup violation  
There is a large setup violation of -2.698 ns between i_ps/axi_slave_gp0/rd_araddr_reg[22]/C (clocked by adc_clk) and dpll_wrapper_inst/reg_gain_d_compat/output_reg[31]/CE (clocked by pll_adc_clk). Large setup violations at the end of those stages might be difficult to fix during the post-placement implementation flow and could be the result of non-optimal XDC constraints or non-optimal design architecture
Related violations: <none>

TIMING-16#271 Warning
Large setup violation  
There is a large setup violation of -2.698 ns between i_ps/axi_slave_gp0/rd_araddr_reg[22]/C (clocked by adc_clk) and dpll_wrapper_inst/reg_gain_d_compat/output_reg[6]/CE (clocked by pll_adc_clk). Large setup violations at the end of those stages might be difficult to fix during the post-placement implementation flow and could be the result of non-optimal XDC constraints or non-optimal design architecture
Related violations: <none>

TIMING-16#272 Warning
Large setup violation  
There is a large setup violation of -2.698 ns between i_ps/axi_slave_gp0/rd_araddr_reg[22]/C (clocked by adc_clk) and dpll_wrapper_inst/reg_gain_d_compat/output_reg[7]/CE (clocked by pll_adc_clk). Large setup violations at the end of those stages might be difficult to fix during the post-placement implementation flow and could be the result of non-optimal XDC constraints or non-optimal design architecture
Related violations: <none>

TIMING-16#273 Warning
Large setup violation  
There is a large setup violation of -2.701 ns between i_ps/axi_slave_gp0/rd_araddr_reg[16]/C (clocked by adc_clk) and Digital_Freq_Meter_inst/sys_rdata_reg[27]/R (clocked by pll_adc_clk). Large setup violations at the end of those stages might be difficult to fix during the post-placement implementation flow and could be the result of non-optimal XDC constraints or non-optimal design architecture
Related violations: <none>

TIMING-16#274 Warning
Large setup violation  
There is a large setup violation of -2.702 ns between i_ps/axi_slave_gp0/rd_araddr_reg[10]/C (clocked by adc_clk) and dpll_wrapper_inst/reg_kf/output_reg[1]/CE (clocked by pll_adc_clk). Large setup violations at the end of those stages might be difficult to fix during the post-placement implementation flow and could be the result of non-optimal XDC constraints or non-optimal design architecture
Related violations: <none>

TIMING-16#275 Warning
Large setup violation  
There is a large setup violation of -2.702 ns between i_ps/axi_slave_gp0/rd_araddr_reg[10]/C (clocked by adc_clk) and dpll_wrapper_inst/reg_kf/output_reg[23]/CE (clocked by pll_adc_clk). Large setup violations at the end of those stages might be difficult to fix during the post-placement implementation flow and could be the result of non-optimal XDC constraints or non-optimal design architecture
Related violations: <none>

TIMING-16#276 Warning
Large setup violation  
There is a large setup violation of -2.702 ns between i_ps/axi_slave_gp0/rd_araddr_reg[10]/C (clocked by adc_clk) and dpll_wrapper_inst/reg_kf/output_reg[3]/CE (clocked by pll_adc_clk). Large setup violations at the end of those stages might be difficult to fix during the post-placement implementation flow and could be the result of non-optimal XDC constraints or non-optimal design architecture
Related violations: <none>

TIMING-16#277 Warning
Large setup violation  
There is a large setup violation of -2.706 ns between i_ps/axi_slave_gp0/rd_araddr_reg[16]/C (clocked by adc_clk) and Digital_Freq_Meter_inst/sys_rdata_reg[22]/R (clocked by pll_adc_clk). Large setup violations at the end of those stages might be difficult to fix during the post-placement implementation flow and could be the result of non-optimal XDC constraints or non-optimal design architecture
Related violations: <none>

TIMING-16#278 Warning
Large setup violation  
There is a large setup violation of -2.706 ns between i_ps/axi_slave_gp0/rd_araddr_reg[16]/C (clocked by adc_clk) and Digital_Freq_Meter_inst/sys_rdata_reg[25]/R (clocked by pll_adc_clk). Large setup violations at the end of those stages might be difficult to fix during the post-placement implementation flow and could be the result of non-optimal XDC constraints or non-optimal design architecture
Related violations: <none>

TIMING-16#279 Warning
Large setup violation  
There is a large setup violation of -2.707 ns between i_ps/axi_slave_gp0/rd_araddr_reg[10]/C (clocked by adc_clk) and dpll_wrapper_inst/reg_kf/output_reg[0]/CE (clocked by pll_adc_clk). Large setup violations at the end of those stages might be difficult to fix during the post-placement implementation flow and could be the result of non-optimal XDC constraints or non-optimal design architecture
Related violations: <none>

TIMING-16#280 Warning
Large setup violation  
There is a large setup violation of -2.707 ns between i_ps/axi_slave_gp0/rd_araddr_reg[10]/C (clocked by adc_clk) and dpll_wrapper_inst/reg_kf/output_reg[16]/CE (clocked by pll_adc_clk). Large setup violations at the end of those stages might be difficult to fix during the post-placement implementation flow and could be the result of non-optimal XDC constraints or non-optimal design architecture
Related violations: <none>

TIMING-16#281 Warning
Large setup violation  
There is a large setup violation of -2.707 ns between i_ps/axi_slave_gp0/rd_araddr_reg[10]/C (clocked by adc_clk) and dpll_wrapper_inst/reg_kf/output_reg[8]/CE (clocked by pll_adc_clk). Large setup violations at the end of those stages might be difficult to fix during the post-placement implementation flow and could be the result of non-optimal XDC constraints or non-optimal design architecture
Related violations: <none>

TIMING-16#282 Warning
Large setup violation  
There is a large setup violation of -2.707 ns between i_ps/axi_slave_gp0/rd_araddr_reg[10]/C (clocked by adc_clk) and dpll_wrapper_inst/reg_kf/output_reg[9]/CE (clocked by pll_adc_clk). Large setup violations at the end of those stages might be difficult to fix during the post-placement implementation flow and could be the result of non-optimal XDC constraints or non-optimal design architecture
Related violations: <none>

TIMING-16#283 Warning
Large setup violation  
There is a large setup violation of -2.709 ns between i_ps/axi_slave_gp0/rd_do_reg/C (clocked by adc_clk) and Digital_Freq_Meter_inst/parallel_bus_register_32_bits_or_less_freq_c0/output_reg[4]/CE (clocked by pll_adc_clk). Large setup violations at the end of those stages might be difficult to fix during the post-placement implementation flow and could be the result of non-optimal XDC constraints or non-optimal design architecture
Related violations: <none>

TIMING-16#284 Warning
Large setup violation  
There is a large setup violation of -2.709 ns between i_ps/axi_slave_gp0/rd_do_reg/C (clocked by adc_clk) and Digital_Freq_Meter_inst/parallel_bus_register_32_bits_or_less_freq_c0/output_reg[5]/CE (clocked by pll_adc_clk). Large setup violations at the end of those stages might be difficult to fix during the post-placement implementation flow and could be the result of non-optimal XDC constraints or non-optimal design architecture
Related violations: <none>

TIMING-16#285 Warning
Large setup violation  
There is a large setup violation of -2.709 ns between i_ps/axi_slave_gp0/rd_do_reg/C (clocked by adc_clk) and Digital_Freq_Meter_inst/parallel_bus_register_32_bits_or_less_freq_c0/output_reg[8]/CE (clocked by pll_adc_clk). Large setup violations at the end of those stages might be difficult to fix during the post-placement implementation flow and could be the result of non-optimal XDC constraints or non-optimal design architecture
Related violations: <none>

TIMING-16#286 Warning
Large setup violation  
There is a large setup violation of -2.709 ns between i_ps/axi_slave_gp0/rd_do_reg/C (clocked by adc_clk) and Digital_Freq_Meter_inst/parallel_bus_register_32_bits_or_less_freq_c0/output_reg[9]/CE (clocked by pll_adc_clk). Large setup violations at the end of those stages might be difficult to fix during the post-placement implementation flow and could be the result of non-optimal XDC constraints or non-optimal design architecture
Related violations: <none>

TIMING-16#287 Warning
Large setup violation  
There is a large setup violation of -2.719 ns between i_ps/axi_slave_gp0/rd_do_reg/C (clocked by adc_clk) and Digital_Freq_Meter_inst/parallel_bus_register_pll0_gaini/output_reg[10]/CE (clocked by pll_adc_clk). Large setup violations at the end of those stages might be difficult to fix during the post-placement implementation flow and could be the result of non-optimal XDC constraints or non-optimal design architecture
Related violations: <none>

TIMING-16#288 Warning
Large setup violation  
There is a large setup violation of -2.719 ns between i_ps/axi_slave_gp0/rd_do_reg/C (clocked by adc_clk) and Digital_Freq_Meter_inst/parallel_bus_register_pll0_gaini/output_reg[13]/CE (clocked by pll_adc_clk). Large setup violations at the end of those stages might be difficult to fix during the post-placement implementation flow and could be the result of non-optimal XDC constraints or non-optimal design architecture
Related violations: <none>

TIMING-16#289 Warning
Large setup violation  
There is a large setup violation of -2.719 ns between i_ps/axi_slave_gp0/rd_do_reg/C (clocked by adc_clk) and Digital_Freq_Meter_inst/parallel_bus_register_pll0_gaini/output_reg[15]/CE (clocked by pll_adc_clk). Large setup violations at the end of those stages might be difficult to fix during the post-placement implementation flow and could be the result of non-optimal XDC constraints or non-optimal design architecture
Related violations: <none>

TIMING-16#290 Warning
Large setup violation  
There is a large setup violation of -2.719 ns between i_ps/axi_slave_gp0/rd_do_reg/C (clocked by adc_clk) and Digital_Freq_Meter_inst/parallel_bus_register_pll0_gaini/output_reg[2]/CE (clocked by pll_adc_clk). Large setup violations at the end of those stages might be difficult to fix during the post-placement implementation flow and could be the result of non-optimal XDC constraints or non-optimal design architecture
Related violations: <none>

TIMING-16#291 Warning
Large setup violation  
There is a large setup violation of -2.719 ns between i_ps/axi_slave_gp0/rd_do_reg/C (clocked by adc_clk) and Digital_Freq_Meter_inst/parallel_bus_register_pll0_gaini/output_reg[6]/CE (clocked by pll_adc_clk). Large setup violations at the end of those stages might be difficult to fix during the post-placement implementation flow and could be the result of non-optimal XDC constraints or non-optimal design architecture
Related violations: <none>

TIMING-16#292 Warning
Large setup violation  
There is a large setup violation of -2.733 ns between i_ps/axi_slave_gp0/rd_do_reg/C (clocked by adc_clk) and Digital_Freq_Meter_inst/parallel_bus_register_freq_residuals0_threshold/output_reg[0]/CE (clocked by pll_adc_clk). Large setup violations at the end of those stages might be difficult to fix during the post-placement implementation flow and could be the result of non-optimal XDC constraints or non-optimal design architecture
Related violations: <none>

TIMING-16#293 Warning
Large setup violation  
There is a large setup violation of -2.733 ns between i_ps/axi_slave_gp0/rd_do_reg/C (clocked by adc_clk) and Digital_Freq_Meter_inst/parallel_bus_register_freq_residuals0_threshold/output_reg[3]/CE (clocked by pll_adc_clk). Large setup violations at the end of those stages might be difficult to fix during the post-placement implementation flow and could be the result of non-optimal XDC constraints or non-optimal design architecture
Related violations: <none>

TIMING-16#294 Warning
Large setup violation  
There is a large setup violation of -2.733 ns between i_ps/axi_slave_gp0/rd_do_reg/C (clocked by adc_clk) and Digital_Freq_Meter_inst/parallel_bus_register_freq_residuals0_threshold/output_reg[4]/CE (clocked by pll_adc_clk). Large setup violations at the end of those stages might be difficult to fix during the post-placement implementation flow and could be the result of non-optimal XDC constraints or non-optimal design architecture
Related violations: <none>

TIMING-16#295 Warning
Large setup violation  
There is a large setup violation of -2.733 ns between i_ps/axi_slave_gp0/rd_do_reg/C (clocked by adc_clk) and Digital_Freq_Meter_inst/parallel_bus_register_freq_residuals0_threshold/output_reg[6]/CE (clocked by pll_adc_clk). Large setup violations at the end of those stages might be difficult to fix during the post-placement implementation flow and could be the result of non-optimal XDC constraints or non-optimal design architecture
Related violations: <none>

TIMING-16#296 Warning
Large setup violation  
There is a large setup violation of -2.733 ns between i_ps/axi_slave_gp0/rd_do_reg/C (clocked by adc_clk) and Digital_Freq_Meter_inst/parallel_bus_register_freq_residuals0_threshold/output_reg[7]/CE (clocked by pll_adc_clk). Large setup violations at the end of those stages might be difficult to fix during the post-placement implementation flow and could be the result of non-optimal XDC constraints or non-optimal design architecture
Related violations: <none>

TIMING-16#297 Warning
Large setup violation  
There is a large setup violation of -2.733 ns between i_ps/axi_slave_gp0/rd_do_reg/C (clocked by adc_clk) and Digital_Freq_Meter_inst/parallel_bus_register_freq_residuals0_threshold/output_reg[8]/CE (clocked by pll_adc_clk). Large setup violations at the end of those stages might be difficult to fix during the post-placement implementation flow and could be the result of non-optimal XDC constraints or non-optimal design architecture
Related violations: <none>

TIMING-16#298 Warning
Large setup violation  
There is a large setup violation of -2.738 ns between i_ps/axi_slave_gp0/rd_do_reg/C (clocked by adc_clk) and dpll_wrapper_inst/reg_ki/output_reg[14]/CE (clocked by pll_adc_clk). Large setup violations at the end of those stages might be difficult to fix during the post-placement implementation flow and could be the result of non-optimal XDC constraints or non-optimal design architecture
Related violations: <none>

TIMING-16#299 Warning
Large setup violation  
There is a large setup violation of -2.738 ns between i_ps/axi_slave_gp0/rd_do_reg/C (clocked by adc_clk) and dpll_wrapper_inst/reg_ki/output_reg[17]/CE (clocked by pll_adc_clk). Large setup violations at the end of those stages might be difficult to fix during the post-placement implementation flow and could be the result of non-optimal XDC constraints or non-optimal design architecture
Related violations: <none>

TIMING-16#300 Warning
Large setup violation  
There is a large setup violation of -2.738 ns between i_ps/axi_slave_gp0/rd_do_reg/C (clocked by adc_clk) and dpll_wrapper_inst/reg_ki/output_reg[19]/CE (clocked by pll_adc_clk). Large setup violations at the end of those stages might be difficult to fix during the post-placement implementation flow and could be the result of non-optimal XDC constraints or non-optimal design architecture
Related violations: <none>

TIMING-16#301 Warning
Large setup violation  
There is a large setup violation of -2.742 ns between i_ps/axi_slave_gp0/rd_do_reg/C (clocked by adc_clk) and Digital_Freq_Meter_inst/parallel_bus_register_pll0_gaini/output_reg[12]/CE (clocked by pll_adc_clk). Large setup violations at the end of those stages might be difficult to fix during the post-placement implementation flow and could be the result of non-optimal XDC constraints or non-optimal design architecture
Related violations: <none>

TIMING-16#302 Warning
Large setup violation  
There is a large setup violation of -2.742 ns between i_ps/axi_slave_gp0/rd_do_reg/C (clocked by adc_clk) and Digital_Freq_Meter_inst/parallel_bus_register_pll0_gaini/output_reg[20]/CE (clocked by pll_adc_clk). Large setup violations at the end of those stages might be difficult to fix during the post-placement implementation flow and could be the result of non-optimal XDC constraints or non-optimal design architecture
Related violations: <none>

TIMING-16#303 Warning
Large setup violation  
There is a large setup violation of -2.742 ns between i_ps/axi_slave_gp0/rd_do_reg/C (clocked by adc_clk) and Digital_Freq_Meter_inst/parallel_bus_register_pll0_gaini/output_reg[3]/CE (clocked by pll_adc_clk). Large setup violations at the end of those stages might be difficult to fix during the post-placement implementation flow and could be the result of non-optimal XDC constraints or non-optimal design architecture
Related violations: <none>

TIMING-16#304 Warning
Large setup violation  
There is a large setup violation of -2.742 ns between i_ps/axi_slave_gp0/rd_do_reg/C (clocked by adc_clk) and Digital_Freq_Meter_inst/parallel_bus_register_pll0_gaini/output_reg[8]/CE (clocked by pll_adc_clk). Large setup violations at the end of those stages might be difficult to fix during the post-placement implementation flow and could be the result of non-optimal XDC constraints or non-optimal design architecture
Related violations: <none>

TIMING-16#305 Warning
Large setup violation  
There is a large setup violation of -2.755 ns between i_ps/axi_slave_gp0/rd_do_reg/C (clocked by adc_clk) and dpll_wrapper_inst/reg_ki/output_reg[11]/CE (clocked by pll_adc_clk). Large setup violations at the end of those stages might be difficult to fix during the post-placement implementation flow and could be the result of non-optimal XDC constraints or non-optimal design architecture
Related violations: <none>

TIMING-16#306 Warning
Large setup violation  
There is a large setup violation of -2.755 ns between i_ps/axi_slave_gp0/rd_do_reg/C (clocked by adc_clk) and dpll_wrapper_inst/reg_ki/output_reg[12]/CE (clocked by pll_adc_clk). Large setup violations at the end of those stages might be difficult to fix during the post-placement implementation flow and could be the result of non-optimal XDC constraints or non-optimal design architecture
Related violations: <none>

TIMING-16#307 Warning
Large setup violation  
There is a large setup violation of -2.755 ns between i_ps/axi_slave_gp0/rd_do_reg/C (clocked by adc_clk) and dpll_wrapper_inst/reg_ki/output_reg[13]/CE (clocked by pll_adc_clk). Large setup violations at the end of those stages might be difficult to fix during the post-placement implementation flow and could be the result of non-optimal XDC constraints or non-optimal design architecture
Related violations: <none>

TIMING-16#308 Warning
Large setup violation  
There is a large setup violation of -2.755 ns between i_ps/axi_slave_gp0/rd_do_reg/C (clocked by adc_clk) and dpll_wrapper_inst/reg_ki/output_reg[15]/CE (clocked by pll_adc_clk). Large setup violations at the end of those stages might be difficult to fix during the post-placement implementation flow and could be the result of non-optimal XDC constraints or non-optimal design architecture
Related violations: <none>

TIMING-16#309 Warning
Large setup violation  
There is a large setup violation of -2.755 ns between i_ps/axi_slave_gp0/rd_do_reg/C (clocked by adc_clk) and dpll_wrapper_inst/reg_ki/output_reg[16]/CE (clocked by pll_adc_clk). Large setup violations at the end of those stages might be difficult to fix during the post-placement implementation flow and could be the result of non-optimal XDC constraints or non-optimal design architecture
Related violations: <none>

TIMING-16#310 Warning
Large setup violation  
There is a large setup violation of -2.756 ns between i_ps/axi_slave_gp0/rd_araddr_reg[22]/C (clocked by adc_clk) and dpll_wrapper_inst/reg_coef_compat/output_reg[0]/CE (clocked by pll_adc_clk). Large setup violations at the end of those stages might be difficult to fix during the post-placement implementation flow and could be the result of non-optimal XDC constraints or non-optimal design architecture
Related violations: <none>

TIMING-16#311 Warning
Large setup violation  
There is a large setup violation of -2.756 ns between i_ps/axi_slave_gp0/rd_araddr_reg[22]/C (clocked by adc_clk) and dpll_wrapper_inst/reg_coef_compat/output_reg[14]/CE (clocked by pll_adc_clk). Large setup violations at the end of those stages might be difficult to fix during the post-placement implementation flow and could be the result of non-optimal XDC constraints or non-optimal design architecture
Related violations: <none>

TIMING-16#312 Warning
Large setup violation  
There is a large setup violation of -2.756 ns between i_ps/axi_slave_gp0/rd_araddr_reg[22]/C (clocked by adc_clk) and dpll_wrapper_inst/reg_coef_compat/output_reg[1]/CE (clocked by pll_adc_clk). Large setup violations at the end of those stages might be difficult to fix during the post-placement implementation flow and could be the result of non-optimal XDC constraints or non-optimal design architecture
Related violations: <none>

TIMING-16#313 Warning
Large setup violation  
There is a large setup violation of -2.756 ns between i_ps/axi_slave_gp0/rd_araddr_reg[22]/C (clocked by adc_clk) and dpll_wrapper_inst/reg_coef_compat/output_reg[2]/CE (clocked by pll_adc_clk). Large setup violations at the end of those stages might be difficult to fix during the post-placement implementation flow and could be the result of non-optimal XDC constraints or non-optimal design architecture
Related violations: <none>

TIMING-16#314 Warning
Large setup violation  
There is a large setup violation of -2.756 ns between i_ps/axi_slave_gp0/rd_araddr_reg[22]/C (clocked by adc_clk) and dpll_wrapper_inst/reg_coef_compat/output_reg[6]/CE (clocked by pll_adc_clk). Large setup violations at the end of those stages might be difficult to fix during the post-placement implementation flow and could be the result of non-optimal XDC constraints or non-optimal design architecture
Related violations: <none>

TIMING-16#315 Warning
Large setup violation  
There is a large setup violation of -2.756 ns between i_ps/axi_slave_gp0/rd_araddr_reg[22]/C (clocked by adc_clk) and dpll_wrapper_inst/reg_coef_compat/output_reg[7]/CE (clocked by pll_adc_clk). Large setup violations at the end of those stages might be difficult to fix during the post-placement implementation flow and could be the result of non-optimal XDC constraints or non-optimal design architecture
Related violations: <none>

TIMING-16#316 Warning
Large setup violation  
There is a large setup violation of -2.756 ns between i_ps/axi_slave_gp0/rd_araddr_reg[22]/C (clocked by adc_clk) and dpll_wrapper_inst/reg_coef_compat/output_reg[8]/CE (clocked by pll_adc_clk). Large setup violations at the end of those stages might be difficult to fix during the post-placement implementation flow and could be the result of non-optimal XDC constraints or non-optimal design architecture
Related violations: <none>

TIMING-16#317 Warning
Large setup violation  
There is a large setup violation of -2.760 ns between i_ps/axi_slave_gp0/rd_araddr_reg[22]/C (clocked by adc_clk) and dpll_wrapper_inst/reg_gain_d_compat/output_reg[11]/CE (clocked by pll_adc_clk). Large setup violations at the end of those stages might be difficult to fix during the post-placement implementation flow and could be the result of non-optimal XDC constraints or non-optimal design architecture
Related violations: <none>

TIMING-16#318 Warning
Large setup violation  
There is a large setup violation of -2.774 ns between dpll_wrapper_inst/reg_freq_mul/output_reg[10]/C (clocked by pll_adc_clk) and dpll_wrapper_inst/PLL_VCO_MUL_DIV_inst/VCO0_Multiplier/U0/i_mult/gDSP.gDSP_only.iDSP/use_prim.appDSP48[1].bppDSP48[0].need_output_delay.output_delay/d1.dout_i_reg[2]/D (clocked by pll_adc_clk). Large setup violations at the end of those stages might be difficult to fix during the post-placement implementation flow and could be the result of non-optimal XDC constraints or non-optimal design architecture
Related violations: <none>

TIMING-16#319 Warning
Large setup violation  
There is a large setup violation of -2.775 ns between i_ps/axi_slave_gp0/rd_do_reg/C (clocked by adc_clk) and Digital_Freq_Meter_inst/parallel_bus_register_pll0_settings/output_reg[0]/D (clocked by pll_adc_clk). Large setup violations at the end of those stages might be difficult to fix during the post-placement implementation flow and could be the result of non-optimal XDC constraints or non-optimal design architecture
Related violations: <none>

TIMING-16#320 Warning
Large setup violation  
There is a large setup violation of -2.776 ns between i_ps/axi_slave_gp0/rd_do_reg/C (clocked by adc_clk) and Digital_Freq_Meter_inst/parallel_bus_register_positive_limit_dac0/output_reg[10]/CE (clocked by pll_adc_clk). Large setup violations at the end of those stages might be difficult to fix during the post-placement implementation flow and could be the result of non-optimal XDC constraints or non-optimal design architecture
Related violations: <none>

TIMING-16#321 Warning
Large setup violation  
There is a large setup violation of -2.776 ns between i_ps/axi_slave_gp0/rd_do_reg/C (clocked by adc_clk) and Digital_Freq_Meter_inst/parallel_bus_register_positive_limit_dac0/output_reg[12]/CE (clocked by pll_adc_clk). Large setup violations at the end of those stages might be difficult to fix during the post-placement implementation flow and could be the result of non-optimal XDC constraints or non-optimal design architecture
Related violations: <none>

TIMING-16#322 Warning
Large setup violation  
There is a large setup violation of -2.776 ns between i_ps/axi_slave_gp0/rd_do_reg/C (clocked by adc_clk) and Digital_Freq_Meter_inst/parallel_bus_register_positive_limit_dac0/output_reg[17]/CE (clocked by pll_adc_clk). Large setup violations at the end of those stages might be difficult to fix during the post-placement implementation flow and could be the result of non-optimal XDC constraints or non-optimal design architecture
Related violations: <none>

TIMING-16#323 Warning
Large setup violation  
There is a large setup violation of -2.776 ns between i_ps/axi_slave_gp0/rd_do_reg/C (clocked by adc_clk) and Digital_Freq_Meter_inst/parallel_bus_register_positive_limit_dac0/output_reg[4]/CE (clocked by pll_adc_clk). Large setup violations at the end of those stages might be difficult to fix during the post-placement implementation flow and could be the result of non-optimal XDC constraints or non-optimal design architecture
Related violations: <none>

TIMING-16#324 Warning
Large setup violation  
There is a large setup violation of -2.777 ns between i_ps/axi_slave_gp0/rd_araddr_reg[22]/C (clocked by adc_clk) and dpll_wrapper_inst/reg_debug_source/output_reg[15]/CE (clocked by pll_adc_clk). Large setup violations at the end of those stages might be difficult to fix during the post-placement implementation flow and could be the result of non-optimal XDC constraints or non-optimal design architecture
Related violations: <none>

TIMING-16#325 Warning
Large setup violation  
There is a large setup violation of -2.777 ns between i_ps/axi_slave_gp0/rd_araddr_reg[22]/C (clocked by adc_clk) and dpll_wrapper_inst/reg_debug_source/output_reg[16]/CE (clocked by pll_adc_clk). Large setup violations at the end of those stages might be difficult to fix during the post-placement implementation flow and could be the result of non-optimal XDC constraints or non-optimal design architecture
Related violations: <none>

TIMING-16#326 Warning
Large setup violation  
There is a large setup violation of -2.777 ns between i_ps/axi_slave_gp0/rd_araddr_reg[22]/C (clocked by adc_clk) and dpll_wrapper_inst/reg_debug_source/output_reg[17]/CE (clocked by pll_adc_clk). Large setup violations at the end of those stages might be difficult to fix during the post-placement implementation flow and could be the result of non-optimal XDC constraints or non-optimal design architecture
Related violations: <none>

TIMING-16#327 Warning
Large setup violation  
There is a large setup violation of -2.777 ns between i_ps/axi_slave_gp0/rd_araddr_reg[22]/C (clocked by adc_clk) and dpll_wrapper_inst/reg_debug_source/output_reg[18]/CE (clocked by pll_adc_clk). Large setup violations at the end of those stages might be difficult to fix during the post-placement implementation flow and could be the result of non-optimal XDC constraints or non-optimal design architecture
Related violations: <none>

TIMING-16#328 Warning
Large setup violation  
There is a large setup violation of -2.778 ns between i_ps/axi_slave_gp0/rd_araddr_reg[16]/C (clocked by adc_clk) and Digital_Freq_Meter_inst/sys_rdata_reg[13]/R (clocked by pll_adc_clk). Large setup violations at the end of those stages might be difficult to fix during the post-placement implementation flow and could be the result of non-optimal XDC constraints or non-optimal design architecture
Related violations: <none>

TIMING-16#329 Warning
Large setup violation  
There is a large setup violation of -2.778 ns between i_ps/axi_slave_gp0/rd_araddr_reg[16]/C (clocked by adc_clk) and Digital_Freq_Meter_inst/sys_rdata_reg[28]/R (clocked by pll_adc_clk). Large setup violations at the end of those stages might be difficult to fix during the post-placement implementation flow and could be the result of non-optimal XDC constraints or non-optimal design architecture
Related violations: <none>

TIMING-16#330 Warning
Large setup violation  
There is a large setup violation of -2.779 ns between dpll_wrapper_inst/reg_freq_mul/output_reg[10]/C (clocked by pll_adc_clk) and dpll_wrapper_inst/PLL_VCO_MUL_DIV_inst/VCO0_Multiplier/U0/i_mult/gDSP.gDSP_only.iDSP/use_prim.appDSP48[1].bppDSP48[0].need_output_delay.output_delay/d1.dout_i_reg[9]/D (clocked by pll_adc_clk). Large setup violations at the end of those stages might be difficult to fix during the post-placement implementation flow and could be the result of non-optimal XDC constraints or non-optimal design architecture
Related violations: <none>

TIMING-16#331 Warning
Large setup violation  
There is a large setup violation of -2.785 ns between i_ps/axi_slave_gp0/rd_araddr_reg[22]/C (clocked by adc_clk) and dpll_wrapper_inst/reg_debug_source/output_reg[14]/CE (clocked by pll_adc_clk). Large setup violations at the end of those stages might be difficult to fix during the post-placement implementation flow and could be the result of non-optimal XDC constraints or non-optimal design architecture
Related violations: <none>

TIMING-16#332 Warning
Large setup violation  
There is a large setup violation of -2.785 ns between i_ps/axi_slave_gp0/rd_araddr_reg[22]/C (clocked by adc_clk) and dpll_wrapper_inst/reg_debug_source/output_reg[4]/CE (clocked by pll_adc_clk). Large setup violations at the end of those stages might be difficult to fix during the post-placement implementation flow and could be the result of non-optimal XDC constraints or non-optimal design architecture
Related violations: <none>

TIMING-16#333 Warning
Large setup violation  
There is a large setup violation of -2.785 ns between i_ps/axi_slave_gp0/rd_araddr_reg[22]/C (clocked by adc_clk) and dpll_wrapper_inst/reg_debug_source/output_reg[7]/CE (clocked by pll_adc_clk). Large setup violations at the end of those stages might be difficult to fix during the post-placement implementation flow and could be the result of non-optimal XDC constraints or non-optimal design architecture
Related violations: <none>

TIMING-16#334 Warning
Large setup violation  
There is a large setup violation of -2.785 ns between i_ps/axi_slave_gp0/rd_araddr_reg[22]/C (clocked by adc_clk) and dpll_wrapper_inst/reg_debug_source/output_reg[8]/CE (clocked by pll_adc_clk). Large setup violations at the end of those stages might be difficult to fix during the post-placement implementation flow and could be the result of non-optimal XDC constraints or non-optimal design architecture
Related violations: <none>

TIMING-16#335 Warning
Large setup violation  
There is a large setup violation of -2.790 ns between i_ps/axi_slave_gp0/rd_do_reg/C (clocked by adc_clk) and Digital_Freq_Meter_inst/parallel_bus_register_phase_residuals0_offset/output_reg[13]/CE (clocked by pll_adc_clk). Large setup violations at the end of those stages might be difficult to fix during the post-placement implementation flow and could be the result of non-optimal XDC constraints or non-optimal design architecture
Related violations: <none>

TIMING-16#336 Warning
Large setup violation  
There is a large setup violation of -2.790 ns between i_ps/axi_slave_gp0/rd_do_reg/C (clocked by adc_clk) and Digital_Freq_Meter_inst/parallel_bus_register_phase_residuals0_offset/output_reg[14]/CE (clocked by pll_adc_clk). Large setup violations at the end of those stages might be difficult to fix during the post-placement implementation flow and could be the result of non-optimal XDC constraints or non-optimal design architecture
Related violations: <none>

TIMING-16#337 Warning
Large setup violation  
There is a large setup violation of -2.790 ns between i_ps/axi_slave_gp0/rd_do_reg/C (clocked by adc_clk) and Digital_Freq_Meter_inst/parallel_bus_register_phase_residuals0_offset/output_reg[24]/CE (clocked by pll_adc_clk). Large setup violations at the end of those stages might be difficult to fix during the post-placement implementation flow and could be the result of non-optimal XDC constraints or non-optimal design architecture
Related violations: <none>

TIMING-16#338 Warning
Large setup violation  
There is a large setup violation of -2.791 ns between dpll_wrapper_inst/reg_freq_mul/output_reg[10]/C (clocked by pll_adc_clk) and dpll_wrapper_inst/PLL_VCO_MUL_DIV_inst/VCO0_Multiplier/U0/i_mult/gDSP.gDSP_only.iDSP/use_prim.appDSP48[1].bppDSP48[0].need_output_delay.output_delay/d1.dout_i_reg[15]/D (clocked by pll_adc_clk). Large setup violations at the end of those stages might be difficult to fix during the post-placement implementation flow and could be the result of non-optimal XDC constraints or non-optimal design architecture
Related violations: <none>

TIMING-16#339 Warning
Large setup violation  
There is a large setup violation of -2.791 ns between i_ps/axi_slave_gp0/rd_do_reg/C (clocked by adc_clk) and Digital_Freq_Meter_inst/parallel_bus_register_pll0_settings/output_reg[0]_lopt_replica/D (clocked by pll_adc_clk). Large setup violations at the end of those stages might be difficult to fix during the post-placement implementation flow and could be the result of non-optimal XDC constraints or non-optimal design architecture
Related violations: <none>

TIMING-16#340 Warning
Large setup violation  
There is a large setup violation of -2.793 ns between i_ps/axi_slave_gp0/rd_do_reg/C (clocked by adc_clk) and Digital_Freq_Meter_inst/parallel_bus_register_manual_offset_dac0/output_reg[0]/CE (clocked by pll_adc_clk). Large setup violations at the end of those stages might be difficult to fix during the post-placement implementation flow and could be the result of non-optimal XDC constraints or non-optimal design architecture
Related violations: <none>

TIMING-16#341 Warning
Large setup violation  
There is a large setup violation of -2.793 ns between i_ps/axi_slave_gp0/rd_do_reg/C (clocked by adc_clk) and Digital_Freq_Meter_inst/parallel_bus_register_manual_offset_dac0/output_reg[12]/CE (clocked by pll_adc_clk). Large setup violations at the end of those stages might be difficult to fix during the post-placement implementation flow and could be the result of non-optimal XDC constraints or non-optimal design architecture
Related violations: <none>

TIMING-16#342 Warning
Large setup violation  
There is a large setup violation of -2.793 ns between i_ps/axi_slave_gp0/rd_do_reg/C (clocked by adc_clk) and Digital_Freq_Meter_inst/parallel_bus_register_manual_offset_dac0/output_reg[8]/CE (clocked by pll_adc_clk). Large setup violations at the end of those stages might be difficult to fix during the post-placement implementation flow and could be the result of non-optimal XDC constraints or non-optimal design architecture
Related violations: <none>

TIMING-16#343 Warning
Large setup violation  
There is a large setup violation of -2.793 ns between i_ps/axi_slave_gp0/rd_do_reg/C (clocked by adc_clk) and Digital_Freq_Meter_inst/parallel_bus_register_manual_offset_dac0/output_reg[9]/CE (clocked by pll_adc_clk). Large setup violations at the end of those stages might be difficult to fix during the post-placement implementation flow and could be the result of non-optimal XDC constraints or non-optimal design architecture
Related violations: <none>

TIMING-16#344 Warning
Large setup violation  
There is a large setup violation of -2.794 ns between i_ps/axi_slave_gp0/rd_araddr_reg[16]/C (clocked by adc_clk) and Digital_Freq_Meter_inst/sys_rdata_reg[20]/R (clocked by pll_adc_clk). Large setup violations at the end of those stages might be difficult to fix during the post-placement implementation flow and could be the result of non-optimal XDC constraints or non-optimal design architecture
Related violations: <none>

TIMING-16#345 Warning
Large setup violation  
There is a large setup violation of -2.799 ns between dpll_wrapper_inst/reg_freq_mul/output_reg[10]/C (clocked by pll_adc_clk) and dpll_wrapper_inst/PLL_VCO_MUL_DIV_inst/VCO0_Multiplier/U0/i_mult/gDSP.gDSP_only.iDSP/use_prim.appDSP48[1].bppDSP48[0].need_output_delay.output_delay/d1.dout_i_reg[3]/D (clocked by pll_adc_clk). Large setup violations at the end of those stages might be difficult to fix during the post-placement implementation flow and could be the result of non-optimal XDC constraints or non-optimal design architecture
Related violations: <none>

TIMING-16#346 Warning
Large setup violation  
There is a large setup violation of -2.800 ns between i_ps/axi_slave_gp0/rd_do_reg/C (clocked by adc_clk) and Digital_Freq_Meter_inst/parallel_bus_register_phase_residuals0_threshold/output_reg[24]/CE (clocked by pll_adc_clk). Large setup violations at the end of those stages might be difficult to fix during the post-placement implementation flow and could be the result of non-optimal XDC constraints or non-optimal design architecture
Related violations: <none>

TIMING-16#347 Warning
Large setup violation  
There is a large setup violation of -2.800 ns between i_ps/axi_slave_gp0/rd_do_reg/C (clocked by adc_clk) and Digital_Freq_Meter_inst/parallel_bus_register_phase_residuals0_threshold/output_reg[29]/CE (clocked by pll_adc_clk). Large setup violations at the end of those stages might be difficult to fix during the post-placement implementation flow and could be the result of non-optimal XDC constraints or non-optimal design architecture
Related violations: <none>

TIMING-16#348 Warning
Large setup violation  
There is a large setup violation of -2.801 ns between i_ps/axi_slave_gp0/rd_araddr_reg[16]/C (clocked by adc_clk) and Digital_Freq_Meter_inst/sys_rdata_reg[31]/R (clocked by pll_adc_clk). Large setup violations at the end of those stages might be difficult to fix during the post-placement implementation flow and could be the result of non-optimal XDC constraints or non-optimal design architecture
Related violations: <none>

TIMING-16#349 Warning
Large setup violation  
There is a large setup violation of -2.804 ns between i_ps/axi_slave_gp0/rd_araddr_reg[22]/C (clocked by adc_clk) and dpll_wrapper_inst/reg_freq_mul/output_reg[0]/CE (clocked by pll_adc_clk). Large setup violations at the end of those stages might be difficult to fix during the post-placement implementation flow and could be the result of non-optimal XDC constraints or non-optimal design architecture
Related violations: <none>

TIMING-16#350 Warning
Large setup violation  
There is a large setup violation of -2.804 ns between i_ps/axi_slave_gp0/rd_araddr_reg[22]/C (clocked by adc_clk) and dpll_wrapper_inst/reg_freq_mul/output_reg[10]/CE (clocked by pll_adc_clk). Large setup violations at the end of those stages might be difficult to fix during the post-placement implementation flow and could be the result of non-optimal XDC constraints or non-optimal design architecture
Related violations: <none>

TIMING-16#351 Warning
Large setup violation  
There is a large setup violation of -2.804 ns between i_ps/axi_slave_gp0/rd_araddr_reg[22]/C (clocked by adc_clk) and dpll_wrapper_inst/reg_freq_mul/output_reg[11]/CE (clocked by pll_adc_clk). Large setup violations at the end of those stages might be difficult to fix during the post-placement implementation flow and could be the result of non-optimal XDC constraints or non-optimal design architecture
Related violations: <none>

TIMING-16#352 Warning
Large setup violation  
There is a large setup violation of -2.804 ns between i_ps/axi_slave_gp0/rd_araddr_reg[22]/C (clocked by adc_clk) and dpll_wrapper_inst/reg_freq_mul/output_reg[12]/CE (clocked by pll_adc_clk). Large setup violations at the end of those stages might be difficult to fix during the post-placement implementation flow and could be the result of non-optimal XDC constraints or non-optimal design architecture
Related violations: <none>

TIMING-16#353 Warning
Large setup violation  
There is a large setup violation of -2.804 ns between i_ps/axi_slave_gp0/rd_araddr_reg[22]/C (clocked by adc_clk) and dpll_wrapper_inst/reg_freq_mul/output_reg[9]/CE (clocked by pll_adc_clk). Large setup violations at the end of those stages might be difficult to fix during the post-placement implementation flow and could be the result of non-optimal XDC constraints or non-optimal design architecture
Related violations: <none>

TIMING-16#354 Warning
Large setup violation  
There is a large setup violation of -2.807 ns between i_ps/axi_slave_gp0/rd_araddr_reg[22]/C (clocked by adc_clk) and dpll_wrapper_inst/reg_debug_source/output_reg[21]/CE (clocked by pll_adc_clk). Large setup violations at the end of those stages might be difficult to fix during the post-placement implementation flow and could be the result of non-optimal XDC constraints or non-optimal design architecture
Related violations: <none>

TIMING-16#355 Warning
Large setup violation  
There is a large setup violation of -2.807 ns between i_ps/axi_slave_gp0/rd_araddr_reg[22]/C (clocked by adc_clk) and dpll_wrapper_inst/reg_debug_source/output_reg[24]/CE (clocked by pll_adc_clk). Large setup violations at the end of those stages might be difficult to fix during the post-placement implementation flow and could be the result of non-optimal XDC constraints or non-optimal design architecture
Related violations: <none>

TIMING-16#356 Warning
Large setup violation  
There is a large setup violation of -2.807 ns between i_ps/axi_slave_gp0/rd_araddr_reg[22]/C (clocked by adc_clk) and dpll_wrapper_inst/reg_debug_source/output_reg[27]/CE (clocked by pll_adc_clk). Large setup violations at the end of those stages might be difficult to fix during the post-placement implementation flow and could be the result of non-optimal XDC constraints or non-optimal design architecture
Related violations: <none>

TIMING-16#357 Warning
Large setup violation  
There is a large setup violation of -2.807 ns between i_ps/axi_slave_gp0/rd_araddr_reg[22]/C (clocked by adc_clk) and dpll_wrapper_inst/reg_debug_source/output_reg[31]/CE (clocked by pll_adc_clk). Large setup violations at the end of those stages might be difficult to fix during the post-placement implementation flow and could be the result of non-optimal XDC constraints or non-optimal design architecture
Related violations: <none>

TIMING-16#358 Warning
Large setup violation  
There is a large setup violation of -2.807 ns between i_ps/axi_slave_gp0/rd_araddr_reg[22]/C (clocked by adc_clk) and dpll_wrapper_inst/reg_debug_source/output_reg[5]/CE (clocked by pll_adc_clk). Large setup violations at the end of those stages might be difficult to fix during the post-placement implementation flow and could be the result of non-optimal XDC constraints or non-optimal design architecture
Related violations: <none>

TIMING-16#359 Warning
Large setup violation  
There is a large setup violation of -2.807 ns between i_ps/axi_slave_gp0/rd_araddr_reg[22]/C (clocked by adc_clk) and dpll_wrapper_inst/reg_debug_source/output_reg[9]/CE (clocked by pll_adc_clk). Large setup violations at the end of those stages might be difficult to fix during the post-placement implementation flow and could be the result of non-optimal XDC constraints or non-optimal design architecture
Related violations: <none>

TIMING-16#360 Warning
Large setup violation  
There is a large setup violation of -2.809 ns between i_ps/axi_slave_gp0/rd_do_reg/C (clocked by adc_clk) and Digital_Freq_Meter_inst/parallel_bus_register_positive_limit_dac0/output_reg[21]/CE (clocked by pll_adc_clk). Large setup violations at the end of those stages might be difficult to fix during the post-placement implementation flow and could be the result of non-optimal XDC constraints or non-optimal design architecture
Related violations: <none>

TIMING-16#361 Warning
Large setup violation  
There is a large setup violation of -2.809 ns between i_ps/axi_slave_gp0/rd_do_reg/C (clocked by adc_clk) and Digital_Freq_Meter_inst/parallel_bus_register_positive_limit_dac0/output_reg[25]/CE (clocked by pll_adc_clk). Large setup violations at the end of those stages might be difficult to fix during the post-placement implementation flow and could be the result of non-optimal XDC constraints or non-optimal design architecture
Related violations: <none>

TIMING-16#362 Warning
Large setup violation  
There is a large setup violation of -2.817 ns between i_ps/axi_slave_gp0/rd_do_reg/C (clocked by adc_clk) and Digital_Freq_Meter_inst/parallel_bus_register_manual_offset_dac0/output_reg[27]/CE (clocked by pll_adc_clk). Large setup violations at the end of those stages might be difficult to fix during the post-placement implementation flow and could be the result of non-optimal XDC constraints or non-optimal design architecture
Related violations: <none>

TIMING-16#363 Warning
Large setup violation  
There is a large setup violation of -2.817 ns between i_ps/axi_slave_gp0/rd_do_reg/C (clocked by adc_clk) and Digital_Freq_Meter_inst/parallel_bus_register_manual_offset_dac0/output_reg[29]/CE (clocked by pll_adc_clk). Large setup violations at the end of those stages might be difficult to fix during the post-placement implementation flow and could be the result of non-optimal XDC constraints or non-optimal design architecture
Related violations: <none>

TIMING-16#364 Warning
Large setup violation  
There is a large setup violation of -2.817 ns between i_ps/axi_slave_gp0/rd_do_reg/C (clocked by adc_clk) and Digital_Freq_Meter_inst/parallel_bus_register_manual_offset_dac0/output_reg[31]/CE (clocked by pll_adc_clk). Large setup violations at the end of those stages might be difficult to fix during the post-placement implementation flow and could be the result of non-optimal XDC constraints or non-optimal design architecture
Related violations: <none>

TIMING-16#365 Warning
Large setup violation  
There is a large setup violation of -2.820 ns between i_ps/axi_slave_gp0/rd_araddr_reg[22]/C (clocked by adc_clk) and dpll_wrapper_inst/reg_debug_source/output_reg[11]/CE (clocked by pll_adc_clk). Large setup violations at the end of those stages might be difficult to fix during the post-placement implementation flow and could be the result of non-optimal XDC constraints or non-optimal design architecture
Related violations: <none>

TIMING-16#366 Warning
Large setup violation  
There is a large setup violation of -2.828 ns between i_ps/axi_slave_gp0/rd_do_reg/C (clocked by adc_clk) and dpll_wrapper_inst/reg_ki/output_reg[0]/CE (clocked by pll_adc_clk). Large setup violations at the end of those stages might be difficult to fix during the post-placement implementation flow and could be the result of non-optimal XDC constraints or non-optimal design architecture
Related violations: <none>

TIMING-16#367 Warning
Large setup violation  
There is a large setup violation of -2.828 ns between i_ps/axi_slave_gp0/rd_do_reg/C (clocked by adc_clk) and dpll_wrapper_inst/reg_ki/output_reg[10]/CE (clocked by pll_adc_clk). Large setup violations at the end of those stages might be difficult to fix during the post-placement implementation flow and could be the result of non-optimal XDC constraints or non-optimal design architecture
Related violations: <none>

TIMING-16#368 Warning
Large setup violation  
There is a large setup violation of -2.828 ns between i_ps/axi_slave_gp0/rd_do_reg/C (clocked by adc_clk) and dpll_wrapper_inst/reg_ki/output_reg[18]/CE (clocked by pll_adc_clk). Large setup violations at the end of those stages might be difficult to fix during the post-placement implementation flow and could be the result of non-optimal XDC constraints or non-optimal design architecture
Related violations: <none>

TIMING-16#369 Warning
Large setup violation  
There is a large setup violation of -2.830 ns between dpll_wrapper_inst/reg_freq_mul/output_reg[10]/C (clocked by pll_adc_clk) and dpll_wrapper_inst/PLL_VCO_MUL_DIV_inst/VCO0_Multiplier/U0/i_mult/gDSP.gDSP_only.iDSP/use_prim.appDSP48[1].bppDSP48[0].need_output_delay.output_delay/d1.dout_i_reg[5]/D (clocked by pll_adc_clk). Large setup violations at the end of those stages might be difficult to fix during the post-placement implementation flow and could be the result of non-optimal XDC constraints or non-optimal design architecture
Related violations: <none>

TIMING-16#370 Warning
Large setup violation  
There is a large setup violation of -2.837 ns between i_ps/axi_slave_gp0/rd_do_reg/C (clocked by adc_clk) and Digital_Freq_Meter_inst/parallel_bus_register_negative_limit_dac0/output_reg[14]/CE (clocked by pll_adc_clk). Large setup violations at the end of those stages might be difficult to fix during the post-placement implementation flow and could be the result of non-optimal XDC constraints or non-optimal design architecture
Related violations: <none>

TIMING-16#371 Warning
Large setup violation  
There is a large setup violation of -2.837 ns between i_ps/axi_slave_gp0/rd_do_reg/C (clocked by adc_clk) and Digital_Freq_Meter_inst/parallel_bus_register_negative_limit_dac0/output_reg[24]/CE (clocked by pll_adc_clk). Large setup violations at the end of those stages might be difficult to fix during the post-placement implementation flow and could be the result of non-optimal XDC constraints or non-optimal design architecture
Related violations: <none>

TIMING-16#372 Warning
Large setup violation  
There is a large setup violation of -2.837 ns between i_ps/axi_slave_gp0/rd_do_reg/C (clocked by adc_clk) and Digital_Freq_Meter_inst/parallel_bus_register_negative_limit_dac0/output_reg[25]/CE (clocked by pll_adc_clk). Large setup violations at the end of those stages might be difficult to fix during the post-placement implementation flow and could be the result of non-optimal XDC constraints or non-optimal design architecture
Related violations: <none>

TIMING-16#373 Warning
Large setup violation  
There is a large setup violation of -2.837 ns between i_ps/axi_slave_gp0/rd_do_reg/C (clocked by adc_clk) and Digital_Freq_Meter_inst/parallel_bus_register_negative_limit_dac0/output_reg[26]/CE (clocked by pll_adc_clk). Large setup violations at the end of those stages might be difficult to fix during the post-placement implementation flow and could be the result of non-optimal XDC constraints or non-optimal design architecture
Related violations: <none>

TIMING-16#374 Warning
Large setup violation  
There is a large setup violation of -2.837 ns between i_ps/axi_slave_gp0/rd_do_reg/C (clocked by adc_clk) and Digital_Freq_Meter_inst/parallel_bus_register_negative_limit_dac0/output_reg[27]/CE (clocked by pll_adc_clk). Large setup violations at the end of those stages might be difficult to fix during the post-placement implementation flow and could be the result of non-optimal XDC constraints or non-optimal design architecture
Related violations: <none>

TIMING-16#375 Warning
Large setup violation  
There is a large setup violation of -2.837 ns between i_ps/axi_slave_gp0/rd_do_reg/C (clocked by adc_clk) and Digital_Freq_Meter_inst/parallel_bus_register_negative_limit_dac0/output_reg[29]/CE (clocked by pll_adc_clk). Large setup violations at the end of those stages might be difficult to fix during the post-placement implementation flow and could be the result of non-optimal XDC constraints or non-optimal design architecture
Related violations: <none>

TIMING-16#376 Warning
Large setup violation  
There is a large setup violation of -2.837 ns between i_ps/axi_slave_gp0/rd_do_reg/C (clocked by adc_clk) and Digital_Freq_Meter_inst/parallel_bus_register_negative_limit_dac0/output_reg[31]/CE (clocked by pll_adc_clk). Large setup violations at the end of those stages might be difficult to fix during the post-placement implementation flow and could be the result of non-optimal XDC constraints or non-optimal design architecture
Related violations: <none>

TIMING-16#377 Warning
Large setup violation  
There is a large setup violation of -2.837 ns between i_ps/axi_slave_gp0/rd_do_reg/C (clocked by adc_clk) and Digital_Freq_Meter_inst/parallel_bus_register_phase_residuals0_threshold/output_reg[1]/CE (clocked by pll_adc_clk). Large setup violations at the end of those stages might be difficult to fix during the post-placement implementation flow and could be the result of non-optimal XDC constraints or non-optimal design architecture
Related violations: <none>

TIMING-16#378 Warning
Large setup violation  
There is a large setup violation of -2.837 ns between i_ps/axi_slave_gp0/rd_do_reg/C (clocked by adc_clk) and Digital_Freq_Meter_inst/parallel_bus_register_phase_residuals0_threshold/output_reg[2]/CE (clocked by pll_adc_clk). Large setup violations at the end of those stages might be difficult to fix during the post-placement implementation flow and could be the result of non-optimal XDC constraints or non-optimal design architecture
Related violations: <none>

TIMING-16#379 Warning
Large setup violation  
There is a large setup violation of -2.837 ns between i_ps/axi_slave_gp0/rd_do_reg/C (clocked by adc_clk) and Digital_Freq_Meter_inst/parallel_bus_register_phase_residuals0_threshold/output_reg[3]/CE (clocked by pll_adc_clk). Large setup violations at the end of those stages might be difficult to fix during the post-placement implementation flow and could be the result of non-optimal XDC constraints or non-optimal design architecture
Related violations: <none>

TIMING-16#380 Warning
Large setup violation  
There is a large setup violation of -2.837 ns between i_ps/axi_slave_gp0/rd_do_reg/C (clocked by adc_clk) and Digital_Freq_Meter_inst/parallel_bus_register_phase_residuals0_threshold/output_reg[4]/CE (clocked by pll_adc_clk). Large setup violations at the end of those stages might be difficult to fix during the post-placement implementation flow and could be the result of non-optimal XDC constraints or non-optimal design architecture
Related violations: <none>

TIMING-16#381 Warning
Large setup violation  
There is a large setup violation of -2.837 ns between i_ps/axi_slave_gp0/rd_do_reg/C (clocked by adc_clk) and Digital_Freq_Meter_inst/parallel_bus_register_phase_residuals0_threshold/output_reg[5]/CE (clocked by pll_adc_clk). Large setup violations at the end of those stages might be difficult to fix during the post-placement implementation flow and could be the result of non-optimal XDC constraints or non-optimal design architecture
Related violations: <none>

TIMING-16#382 Warning
Large setup violation  
There is a large setup violation of -2.837 ns between i_ps/axi_slave_gp0/rd_do_reg/C (clocked by adc_clk) and Digital_Freq_Meter_inst/parallel_bus_register_phase_residuals0_threshold/output_reg[6]/CE (clocked by pll_adc_clk). Large setup violations at the end of those stages might be difficult to fix during the post-placement implementation flow and could be the result of non-optimal XDC constraints or non-optimal design architecture
Related violations: <none>

TIMING-16#383 Warning
Large setup violation  
There is a large setup violation of -2.837 ns between i_ps/axi_slave_gp0/rd_do_reg/C (clocked by adc_clk) and Digital_Freq_Meter_inst/parallel_bus_register_phase_residuals0_threshold/output_reg[7]/CE (clocked by pll_adc_clk). Large setup violations at the end of those stages might be difficult to fix during the post-placement implementation flow and could be the result of non-optimal XDC constraints or non-optimal design architecture
Related violations: <none>

TIMING-16#384 Warning
Large setup violation  
There is a large setup violation of -2.842 ns between i_ps/axi_slave_gp0/rd_araddr_reg[22]/C (clocked by adc_clk) and dpll_wrapper_inst/reg_gain_d_compat/output_reg[0]/CE (clocked by pll_adc_clk). Large setup violations at the end of those stages might be difficult to fix during the post-placement implementation flow and could be the result of non-optimal XDC constraints or non-optimal design architecture
Related violations: <none>

TIMING-16#385 Warning
Large setup violation  
There is a large setup violation of -2.842 ns between i_ps/axi_slave_gp0/rd_araddr_reg[22]/C (clocked by adc_clk) and dpll_wrapper_inst/reg_gain_d_compat/output_reg[14]/CE (clocked by pll_adc_clk). Large setup violations at the end of those stages might be difficult to fix during the post-placement implementation flow and could be the result of non-optimal XDC constraints or non-optimal design architecture
Related violations: <none>

TIMING-16#386 Warning
Large setup violation  
There is a large setup violation of -2.842 ns between i_ps/axi_slave_gp0/rd_araddr_reg[22]/C (clocked by adc_clk) and dpll_wrapper_inst/reg_gain_d_compat/output_reg[2]/CE (clocked by pll_adc_clk). Large setup violations at the end of those stages might be difficult to fix during the post-placement implementation flow and could be the result of non-optimal XDC constraints or non-optimal design architecture
Related violations: <none>

TIMING-16#387 Warning
Large setup violation  
There is a large setup violation of -2.842 ns between i_ps/axi_slave_gp0/rd_araddr_reg[22]/C (clocked by adc_clk) and dpll_wrapper_inst/reg_gain_d_compat/output_reg[3]/CE (clocked by pll_adc_clk). Large setup violations at the end of those stages might be difficult to fix during the post-placement implementation flow and could be the result of non-optimal XDC constraints or non-optimal design architecture
Related violations: <none>

TIMING-16#388 Warning
Large setup violation  
There is a large setup violation of -2.849 ns between dpll_wrapper_inst/reg_freq_mul/output_reg[10]/C (clocked by pll_adc_clk) and dpll_wrapper_inst/PLL_VCO_MUL_DIV_inst/VCO0_Multiplier/U0/i_mult/gDSP.gDSP_only.iDSP/use_prim.appDSP48[1].bppDSP48[0].need_output_delay.output_delay/d1.dout_i_reg[10]/D (clocked by pll_adc_clk). Large setup violations at the end of those stages might be difficult to fix during the post-placement implementation flow and could be the result of non-optimal XDC constraints or non-optimal design architecture
Related violations: <none>

TIMING-16#389 Warning
Large setup violation  
There is a large setup violation of -2.850 ns between i_ps/axi_slave_gp0/rd_araddr_reg[22]/C (clocked by adc_clk) and dpll_wrapper_inst/reg_coef_compat/output_reg[13]/CE (clocked by pll_adc_clk). Large setup violations at the end of those stages might be difficult to fix during the post-placement implementation flow and could be the result of non-optimal XDC constraints or non-optimal design architecture
Related violations: <none>

TIMING-16#390 Warning
Large setup violation  
There is a large setup violation of -2.851 ns between i_ps/axi_slave_gp0/rd_araddr_reg[22]/C (clocked by adc_clk) and dpll_wrapper_inst/reg_gain_d_compat/output_reg[28]/CE (clocked by pll_adc_clk). Large setup violations at the end of those stages might be difficult to fix during the post-placement implementation flow and could be the result of non-optimal XDC constraints or non-optimal design architecture
Related violations: <none>

TIMING-16#391 Warning
Large setup violation  
There is a large setup violation of -2.851 ns between i_ps/axi_slave_gp0/rd_araddr_reg[22]/C (clocked by adc_clk) and dpll_wrapper_inst/reg_gain_d_compat/output_reg[30]/CE (clocked by pll_adc_clk). Large setup violations at the end of those stages might be difficult to fix during the post-placement implementation flow and could be the result of non-optimal XDC constraints or non-optimal design architecture
Related violations: <none>

TIMING-16#392 Warning
Large setup violation  
There is a large setup violation of -2.851 ns between i_ps/axi_slave_gp0/rd_araddr_reg[22]/C (clocked by adc_clk) and dpll_wrapper_inst/reg_gain_d_compat/output_reg[8]/CE (clocked by pll_adc_clk). Large setup violations at the end of those stages might be difficult to fix during the post-placement implementation flow and could be the result of non-optimal XDC constraints or non-optimal design architecture
Related violations: <none>

TIMING-16#393 Warning
Large setup violation  
There is a large setup violation of -2.852 ns between i_ps/axi_slave_gp0/rd_araddr_reg[10]/C (clocked by adc_clk) and dpll_wrapper_inst/reg_kf/output_reg[11]/CE (clocked by pll_adc_clk). Large setup violations at the end of those stages might be difficult to fix during the post-placement implementation flow and could be the result of non-optimal XDC constraints or non-optimal design architecture
Related violations: <none>

TIMING-16#394 Warning
Large setup violation  
There is a large setup violation of -2.852 ns between i_ps/axi_slave_gp0/rd_araddr_reg[10]/C (clocked by adc_clk) and dpll_wrapper_inst/reg_kf/output_reg[13]/CE (clocked by pll_adc_clk). Large setup violations at the end of those stages might be difficult to fix during the post-placement implementation flow and could be the result of non-optimal XDC constraints or non-optimal design architecture
Related violations: <none>

TIMING-16#395 Warning
Large setup violation  
There is a large setup violation of -2.852 ns between i_ps/axi_slave_gp0/rd_araddr_reg[10]/C (clocked by adc_clk) and dpll_wrapper_inst/reg_kf/output_reg[15]/CE (clocked by pll_adc_clk). Large setup violations at the end of those stages might be difficult to fix during the post-placement implementation flow and could be the result of non-optimal XDC constraints or non-optimal design architecture
Related violations: <none>

TIMING-16#396 Warning
Large setup violation  
There is a large setup violation of -2.863 ns between i_ps/axi_slave_gp0/rd_araddr_reg[10]/C (clocked by adc_clk) and dpll_wrapper_inst/reg_kf/output_reg[22]/CE (clocked by pll_adc_clk). Large setup violations at the end of those stages might be difficult to fix during the post-placement implementation flow and could be the result of non-optimal XDC constraints or non-optimal design architecture
Related violations: <none>

TIMING-16#397 Warning
Large setup violation  
There is a large setup violation of -2.863 ns between i_ps/axi_slave_gp0/rd_araddr_reg[10]/C (clocked by adc_clk) and dpll_wrapper_inst/reg_kf/output_reg[5]/CE (clocked by pll_adc_clk). Large setup violations at the end of those stages might be difficult to fix during the post-placement implementation flow and could be the result of non-optimal XDC constraints or non-optimal design architecture
Related violations: <none>

TIMING-16#398 Warning
Large setup violation  
There is a large setup violation of -2.870 ns between i_ps/axi_slave_gp0/rd_do_reg/C (clocked by adc_clk) and Digital_Freq_Meter_inst/parallel_bus_register_pll0_gaini/output_reg[16]/CE (clocked by pll_adc_clk). Large setup violations at the end of those stages might be difficult to fix during the post-placement implementation flow and could be the result of non-optimal XDC constraints or non-optimal design architecture
Related violations: <none>

TIMING-16#399 Warning
Large setup violation  
There is a large setup violation of -2.880 ns between i_ps/axi_slave_gp0/rd_do_reg/C (clocked by adc_clk) and Digital_Freq_Meter_inst/parallel_bus_register_manual_offset_dac0/output_reg[13]/CE (clocked by pll_adc_clk). Large setup violations at the end of those stages might be difficult to fix during the post-placement implementation flow and could be the result of non-optimal XDC constraints or non-optimal design architecture
Related violations: <none>

TIMING-16#400 Warning
Large setup violation  
There is a large setup violation of -2.880 ns between i_ps/axi_slave_gp0/rd_do_reg/C (clocked by adc_clk) and Digital_Freq_Meter_inst/parallel_bus_register_manual_offset_dac0/output_reg[15]/CE (clocked by pll_adc_clk). Large setup violations at the end of those stages might be difficult to fix during the post-placement implementation flow and could be the result of non-optimal XDC constraints or non-optimal design architecture
Related violations: <none>

TIMING-16#401 Warning
Large setup violation  
There is a large setup violation of -2.880 ns between i_ps/axi_slave_gp0/rd_do_reg/C (clocked by adc_clk) and Digital_Freq_Meter_inst/parallel_bus_register_manual_offset_dac0/output_reg[17]/CE (clocked by pll_adc_clk). Large setup violations at the end of those stages might be difficult to fix during the post-placement implementation flow and could be the result of non-optimal XDC constraints or non-optimal design architecture
Related violations: <none>

TIMING-16#402 Warning
Large setup violation  
There is a large setup violation of -2.880 ns between i_ps/axi_slave_gp0/rd_do_reg/C (clocked by adc_clk) and Digital_Freq_Meter_inst/parallel_bus_register_manual_offset_dac0/output_reg[18]/CE (clocked by pll_adc_clk). Large setup violations at the end of those stages might be difficult to fix during the post-placement implementation flow and could be the result of non-optimal XDC constraints or non-optimal design architecture
Related violations: <none>

TIMING-16#403 Warning
Large setup violation  
There is a large setup violation of -2.891 ns between i_ps/axi_slave_gp0/rd_do_reg/C (clocked by adc_clk) and Digital_Freq_Meter_inst/parallel_bus_register_phase_residuals0_threshold/output_reg[13]/CE (clocked by pll_adc_clk). Large setup violations at the end of those stages might be difficult to fix during the post-placement implementation flow and could be the result of non-optimal XDC constraints or non-optimal design architecture
Related violations: <none>

TIMING-16#404 Warning
Large setup violation  
There is a large setup violation of -2.891 ns between i_ps/axi_slave_gp0/rd_do_reg/C (clocked by adc_clk) and Digital_Freq_Meter_inst/parallel_bus_register_phase_residuals0_threshold/output_reg[17]/CE (clocked by pll_adc_clk). Large setup violations at the end of those stages might be difficult to fix during the post-placement implementation flow and could be the result of non-optimal XDC constraints or non-optimal design architecture
Related violations: <none>

TIMING-16#405 Warning
Large setup violation  
There is a large setup violation of -2.891 ns between i_ps/axi_slave_gp0/rd_do_reg/C (clocked by adc_clk) and Digital_Freq_Meter_inst/parallel_bus_register_phase_residuals0_threshold/output_reg[19]/CE (clocked by pll_adc_clk). Large setup violations at the end of those stages might be difficult to fix during the post-placement implementation flow and could be the result of non-optimal XDC constraints or non-optimal design architecture
Related violations: <none>

TIMING-16#406 Warning
Large setup violation  
There is a large setup violation of -2.891 ns between i_ps/axi_slave_gp0/rd_do_reg/C (clocked by adc_clk) and Digital_Freq_Meter_inst/parallel_bus_register_phase_residuals0_threshold/output_reg[21]/CE (clocked by pll_adc_clk). Large setup violations at the end of those stages might be difficult to fix during the post-placement implementation flow and could be the result of non-optimal XDC constraints or non-optimal design architecture
Related violations: <none>

TIMING-16#407 Warning
Large setup violation  
There is a large setup violation of -2.898 ns between i_ps/axi_slave_gp0/rd_do_reg/C (clocked by adc_clk) and Digital_Freq_Meter_inst/parallel_bus_register_gate_clockH/output_reg[0]/CE (clocked by pll_adc_clk). Large setup violations at the end of those stages might be difficult to fix during the post-placement implementation flow and could be the result of non-optimal XDC constraints or non-optimal design architecture
Related violations: <none>

TIMING-16#408 Warning
Large setup violation  
There is a large setup violation of -2.898 ns between i_ps/axi_slave_gp0/rd_do_reg/C (clocked by adc_clk) and Digital_Freq_Meter_inst/parallel_bus_register_gate_clockH/output_reg[2]/CE (clocked by pll_adc_clk). Large setup violations at the end of those stages might be difficult to fix during the post-placement implementation flow and could be the result of non-optimal XDC constraints or non-optimal design architecture
Related violations: <none>

TIMING-16#409 Warning
Large setup violation  
There is a large setup violation of -2.910 ns between dpll_wrapper_inst/reg_freq_mul/output_reg[10]/C (clocked by pll_adc_clk) and dpll_wrapper_inst/PLL_VCO_MUL_DIV_inst/VCO0_Multiplier/U0/i_mult/gDSP.gDSP_only.iDSP/use_prim.appDSP48[1].bppDSP48[0].need_output_delay.output_delay/d1.dout_i_reg[7]/D (clocked by pll_adc_clk). Large setup violations at the end of those stages might be difficult to fix during the post-placement implementation flow and could be the result of non-optimal XDC constraints or non-optimal design architecture
Related violations: <none>

TIMING-16#410 Warning
Large setup violation  
There is a large setup violation of -2.914 ns between i_ps/axi_slave_gp0/rd_do_reg/C (clocked by adc_clk) and Digital_Freq_Meter_inst/parallel_bus_register_positive_limit_dac0/output_reg[15]/CE (clocked by pll_adc_clk). Large setup violations at the end of those stages might be difficult to fix during the post-placement implementation flow and could be the result of non-optimal XDC constraints or non-optimal design architecture
Related violations: <none>

TIMING-16#411 Warning
Large setup violation  
There is a large setup violation of -2.914 ns between i_ps/axi_slave_gp0/rd_do_reg/C (clocked by adc_clk) and Digital_Freq_Meter_inst/parallel_bus_register_positive_limit_dac0/output_reg[19]/CE (clocked by pll_adc_clk). Large setup violations at the end of those stages might be difficult to fix during the post-placement implementation flow and could be the result of non-optimal XDC constraints or non-optimal design architecture
Related violations: <none>

TIMING-16#412 Warning
Large setup violation  
There is a large setup violation of -2.919 ns between i_ps/axi_slave_gp0/rd_do_reg/C (clocked by adc_clk) and Digital_Freq_Meter_inst/parallel_bus_register_phase_residuals0_threshold/output_reg[14]/CE (clocked by pll_adc_clk). Large setup violations at the end of those stages might be difficult to fix during the post-placement implementation flow and could be the result of non-optimal XDC constraints or non-optimal design architecture
Related violations: <none>

TIMING-16#413 Warning
Large setup violation  
There is a large setup violation of -2.919 ns between i_ps/axi_slave_gp0/rd_do_reg/C (clocked by adc_clk) and Digital_Freq_Meter_inst/parallel_bus_register_phase_residuals0_threshold/output_reg[18]/CE (clocked by pll_adc_clk). Large setup violations at the end of those stages might be difficult to fix during the post-placement implementation flow and could be the result of non-optimal XDC constraints or non-optimal design architecture
Related violations: <none>

TIMING-16#414 Warning
Large setup violation  
There is a large setup violation of -2.919 ns between i_ps/axi_slave_gp0/rd_do_reg/C (clocked by adc_clk) and Digital_Freq_Meter_inst/parallel_bus_register_phase_residuals0_threshold/output_reg[20]/CE (clocked by pll_adc_clk). Large setup violations at the end of those stages might be difficult to fix during the post-placement implementation flow and could be the result of non-optimal XDC constraints or non-optimal design architecture
Related violations: <none>

TIMING-16#415 Warning
Large setup violation  
There is a large setup violation of -2.919 ns between i_ps/axi_slave_gp0/rd_do_reg/C (clocked by adc_clk) and Digital_Freq_Meter_inst/parallel_bus_register_phase_residuals0_threshold/output_reg[22]/CE (clocked by pll_adc_clk). Large setup violations at the end of those stages might be difficult to fix during the post-placement implementation flow and could be the result of non-optimal XDC constraints or non-optimal design architecture
Related violations: <none>

TIMING-16#416 Warning
Large setup violation  
There is a large setup violation of -2.927 ns between i_ps/axi_slave_gp0/rd_araddr_reg[22]/C (clocked by adc_clk) and dpll_wrapper_inst/reg_gain_d_compat/output_reg[13]/CE (clocked by pll_adc_clk). Large setup violations at the end of those stages might be difficult to fix during the post-placement implementation flow and could be the result of non-optimal XDC constraints or non-optimal design architecture
Related violations: <none>

TIMING-16#417 Warning
Large setup violation  
There is a large setup violation of -2.931 ns between i_ps/axi_slave_gp0/rd_do_reg/C (clocked by adc_clk) and Digital_Freq_Meter_inst/parallel_bus_register_phase_residuals0_offset/output_reg[17]/CE (clocked by pll_adc_clk). Large setup violations at the end of those stages might be difficult to fix during the post-placement implementation flow and could be the result of non-optimal XDC constraints or non-optimal design architecture
Related violations: <none>

TIMING-16#418 Warning
Large setup violation  
There is a large setup violation of -2.931 ns between i_ps/axi_slave_gp0/rd_do_reg/C (clocked by adc_clk) and Digital_Freq_Meter_inst/parallel_bus_register_phase_residuals0_offset/output_reg[20]/CE (clocked by pll_adc_clk). Large setup violations at the end of those stages might be difficult to fix during the post-placement implementation flow and could be the result of non-optimal XDC constraints or non-optimal design architecture
Related violations: <none>

TIMING-16#419 Warning
Large setup violation  
There is a large setup violation of -2.931 ns between i_ps/axi_slave_gp0/rd_do_reg/C (clocked by adc_clk) and Digital_Freq_Meter_inst/parallel_bus_register_phase_residuals0_offset/output_reg[22]/CE (clocked by pll_adc_clk). Large setup violations at the end of those stages might be difficult to fix during the post-placement implementation flow and could be the result of non-optimal XDC constraints or non-optimal design architecture
Related violations: <none>

TIMING-16#420 Warning
Large setup violation  
There is a large setup violation of -2.931 ns between i_ps/axi_slave_gp0/rd_do_reg/C (clocked by adc_clk) and Digital_Freq_Meter_inst/parallel_bus_register_phase_residuals0_offset/output_reg[23]/CE (clocked by pll_adc_clk). Large setup violations at the end of those stages might be difficult to fix during the post-placement implementation flow and could be the result of non-optimal XDC constraints or non-optimal design architecture
Related violations: <none>

TIMING-16#421 Warning
Large setup violation  
There is a large setup violation of -2.935 ns between i_ps/axi_slave_gp0/rd_do_reg/C (clocked by adc_clk) and Digital_Freq_Meter_inst/parallel_bus_register_phase_residuals0_offset/output_reg[15]/CE (clocked by pll_adc_clk). Large setup violations at the end of those stages might be difficult to fix during the post-placement implementation flow and could be the result of non-optimal XDC constraints or non-optimal design architecture
Related violations: <none>

TIMING-16#422 Warning
Large setup violation  
There is a large setup violation of -2.935 ns between i_ps/axi_slave_gp0/rd_do_reg/C (clocked by adc_clk) and Digital_Freq_Meter_inst/parallel_bus_register_phase_residuals0_offset/output_reg[16]/CE (clocked by pll_adc_clk). Large setup violations at the end of those stages might be difficult to fix during the post-placement implementation flow and could be the result of non-optimal XDC constraints or non-optimal design architecture
Related violations: <none>

TIMING-16#423 Warning
Large setup violation  
There is a large setup violation of -2.935 ns between i_ps/axi_slave_gp0/rd_do_reg/C (clocked by adc_clk) and Digital_Freq_Meter_inst/parallel_bus_register_phase_residuals0_offset/output_reg[18]/CE (clocked by pll_adc_clk). Large setup violations at the end of those stages might be difficult to fix during the post-placement implementation flow and could be the result of non-optimal XDC constraints or non-optimal design architecture
Related violations: <none>

TIMING-16#424 Warning
Large setup violation  
There is a large setup violation of -2.935 ns between i_ps/axi_slave_gp0/rd_do_reg/C (clocked by adc_clk) and Digital_Freq_Meter_inst/parallel_bus_register_phase_residuals0_offset/output_reg[19]/CE (clocked by pll_adc_clk). Large setup violations at the end of those stages might be difficult to fix during the post-placement implementation flow and could be the result of non-optimal XDC constraints or non-optimal design architecture
Related violations: <none>

TIMING-16#425 Warning
Large setup violation  
There is a large setup violation of -2.938 ns between i_ps/axi_slave_gp0/rd_araddr_reg[10]/C (clocked by adc_clk) and dpll_wrapper_inst/reg_kf/output_reg[4]/CE (clocked by pll_adc_clk). Large setup violations at the end of those stages might be difficult to fix during the post-placement implementation flow and could be the result of non-optimal XDC constraints or non-optimal design architecture
Related violations: <none>

TIMING-16#426 Warning
Large setup violation  
There is a large setup violation of -2.938 ns between i_ps/axi_slave_gp0/rd_araddr_reg[10]/C (clocked by adc_clk) and dpll_wrapper_inst/reg_kf/output_reg[7]/CE (clocked by pll_adc_clk). Large setup violations at the end of those stages might be difficult to fix during the post-placement implementation flow and could be the result of non-optimal XDC constraints or non-optimal design architecture
Related violations: <none>

TIMING-16#427 Warning
Large setup violation  
There is a large setup violation of -2.938 ns between i_ps/axi_slave_gp0/rd_do_reg/C (clocked by adc_clk) and Digital_Freq_Meter_inst/parallel_bus_register_gate_clockH/output_reg[13]/CE (clocked by pll_adc_clk). Large setup violations at the end of those stages might be difficult to fix during the post-placement implementation flow and could be the result of non-optimal XDC constraints or non-optimal design architecture
Related violations: <none>

TIMING-16#428 Warning
Large setup violation  
There is a large setup violation of -2.938 ns between i_ps/axi_slave_gp0/rd_do_reg/C (clocked by adc_clk) and Digital_Freq_Meter_inst/parallel_bus_register_gate_clockH/output_reg[1]/CE (clocked by pll_adc_clk). Large setup violations at the end of those stages might be difficult to fix during the post-placement implementation flow and could be the result of non-optimal XDC constraints or non-optimal design architecture
Related violations: <none>

TIMING-16#429 Warning
Large setup violation  
There is a large setup violation of -2.938 ns between i_ps/axi_slave_gp0/rd_do_reg/C (clocked by adc_clk) and Digital_Freq_Meter_inst/parallel_bus_register_gate_clockH/output_reg[3]/CE (clocked by pll_adc_clk). Large setup violations at the end of those stages might be difficult to fix during the post-placement implementation flow and could be the result of non-optimal XDC constraints or non-optimal design architecture
Related violations: <none>

TIMING-16#430 Warning
Large setup violation  
There is a large setup violation of -2.938 ns between i_ps/axi_slave_gp0/rd_do_reg/C (clocked by adc_clk) and Digital_Freq_Meter_inst/parallel_bus_register_gate_clockH/output_reg[7]/CE (clocked by pll_adc_clk). Large setup violations at the end of those stages might be difficult to fix during the post-placement implementation flow and could be the result of non-optimal XDC constraints or non-optimal design architecture
Related violations: <none>

TIMING-16#431 Warning
Large setup violation  
There is a large setup violation of -2.939 ns between i_ps/axi_slave_gp0/rd_do_reg/C (clocked by adc_clk) and Digital_Freq_Meter_inst/parallel_bus_register_gate_clockH/output_reg[10]/CE (clocked by pll_adc_clk). Large setup violations at the end of those stages might be difficult to fix during the post-placement implementation flow and could be the result of non-optimal XDC constraints or non-optimal design architecture
Related violations: <none>

TIMING-16#432 Warning
Large setup violation  
There is a large setup violation of -2.939 ns between i_ps/axi_slave_gp0/rd_do_reg/C (clocked by adc_clk) and Digital_Freq_Meter_inst/parallel_bus_register_gate_clockH/output_reg[14]/CE (clocked by pll_adc_clk). Large setup violations at the end of those stages might be difficult to fix during the post-placement implementation flow and could be the result of non-optimal XDC constraints or non-optimal design architecture
Related violations: <none>

TIMING-16#433 Warning
Large setup violation  
There is a large setup violation of -2.939 ns between i_ps/axi_slave_gp0/rd_do_reg/C (clocked by adc_clk) and Digital_Freq_Meter_inst/parallel_bus_register_gate_clockH/output_reg[8]/CE (clocked by pll_adc_clk). Large setup violations at the end of those stages might be difficult to fix during the post-placement implementation flow and could be the result of non-optimal XDC constraints or non-optimal design architecture
Related violations: <none>

TIMING-16#434 Warning
Large setup violation  
There is a large setup violation of -2.939 ns between i_ps/axi_slave_gp0/rd_do_reg/C (clocked by adc_clk) and Digital_Freq_Meter_inst/parallel_bus_register_gate_clockH/output_reg[9]/CE (clocked by pll_adc_clk). Large setup violations at the end of those stages might be difficult to fix during the post-placement implementation flow and could be the result of non-optimal XDC constraints or non-optimal design architecture
Related violations: <none>

TIMING-16#435 Warning
Large setup violation  
There is a large setup violation of -2.944 ns between i_ps/axi_slave_gp0/rd_do_reg/C (clocked by adc_clk) and dpll_wrapper_inst/reg_freq_thr/output_reg[1]/CE (clocked by pll_adc_clk). Large setup violations at the end of those stages might be difficult to fix during the post-placement implementation flow and could be the result of non-optimal XDC constraints or non-optimal design architecture
Related violations: <none>

TIMING-16#436 Warning
Large setup violation  
There is a large setup violation of -2.944 ns between i_ps/axi_slave_gp0/rd_do_reg/C (clocked by adc_clk) and dpll_wrapper_inst/reg_freq_thr/output_reg[20]/CE (clocked by pll_adc_clk). Large setup violations at the end of those stages might be difficult to fix during the post-placement implementation flow and could be the result of non-optimal XDC constraints or non-optimal design architecture
Related violations: <none>

TIMING-16#437 Warning
Large setup violation  
There is a large setup violation of -2.944 ns between i_ps/axi_slave_gp0/rd_do_reg/C (clocked by adc_clk) and dpll_wrapper_inst/reg_freq_thr/output_reg[3]/CE (clocked by pll_adc_clk). Large setup violations at the end of those stages might be difficult to fix during the post-placement implementation flow and could be the result of non-optimal XDC constraints or non-optimal design architecture
Related violations: <none>

TIMING-16#438 Warning
Large setup violation  
There is a large setup violation of -2.944 ns between i_ps/axi_slave_gp0/rd_do_reg/C (clocked by adc_clk) and dpll_wrapper_inst/reg_freq_thr/output_reg[8]/CE (clocked by pll_adc_clk). Large setup violations at the end of those stages might be difficult to fix during the post-placement implementation flow and could be the result of non-optimal XDC constraints or non-optimal design architecture
Related violations: <none>

TIMING-16#439 Warning
Large setup violation  
There is a large setup violation of -2.951 ns between i_ps/axi_slave_gp0/rd_do_reg/C (clocked by adc_clk) and dpll_wrapper_inst/reg_debug_format/output_reg[21]/CE (clocked by pll_adc_clk). Large setup violations at the end of those stages might be difficult to fix during the post-placement implementation flow and could be the result of non-optimal XDC constraints or non-optimal design architecture
Related violations: <none>

TIMING-16#440 Warning
Large setup violation  
There is a large setup violation of -2.951 ns between i_ps/axi_slave_gp0/rd_do_reg/C (clocked by adc_clk) and dpll_wrapper_inst/reg_debug_format/output_reg[31]/CE (clocked by pll_adc_clk). Large setup violations at the end of those stages might be difficult to fix during the post-placement implementation flow and could be the result of non-optimal XDC constraints or non-optimal design architecture
Related violations: <none>

TIMING-16#441 Warning
Large setup violation  
There is a large setup violation of -2.959 ns between i_ps/axi_slave_gp0/rd_do_reg/C (clocked by adc_clk) and dpll_wrapper_inst/reg_freq_thr/output_reg[10]/CE (clocked by pll_adc_clk). Large setup violations at the end of those stages might be difficult to fix during the post-placement implementation flow and could be the result of non-optimal XDC constraints or non-optimal design architecture
Related violations: <none>

TIMING-16#442 Warning
Large setup violation  
There is a large setup violation of -2.959 ns between i_ps/axi_slave_gp0/rd_do_reg/C (clocked by adc_clk) and dpll_wrapper_inst/reg_freq_thr/output_reg[28]/CE (clocked by pll_adc_clk). Large setup violations at the end of those stages might be difficult to fix during the post-placement implementation flow and could be the result of non-optimal XDC constraints or non-optimal design architecture
Related violations: <none>

TIMING-16#443 Warning
Large setup violation  
There is a large setup violation of -2.959 ns between i_ps/axi_slave_gp0/rd_do_reg/C (clocked by adc_clk) and dpll_wrapper_inst/reg_freq_thr/output_reg[29]/CE (clocked by pll_adc_clk). Large setup violations at the end of those stages might be difficult to fix during the post-placement implementation flow and could be the result of non-optimal XDC constraints or non-optimal design architecture
Related violations: <none>

TIMING-16#444 Warning
Large setup violation  
There is a large setup violation of -2.959 ns between i_ps/axi_slave_gp0/rd_do_reg/C (clocked by adc_clk) and dpll_wrapper_inst/reg_freq_thr/output_reg[4]/CE (clocked by pll_adc_clk). Large setup violations at the end of those stages might be difficult to fix during the post-placement implementation flow and could be the result of non-optimal XDC constraints or non-optimal design architecture
Related violations: <none>

TIMING-16#445 Warning
Large setup violation  
There is a large setup violation of -2.960 ns between i_ps/axi_slave_gp0/rd_do_reg/C (clocked by adc_clk) and Digital_Freq_Meter_inst/parallel_bus_register_pll0_gaini/output_reg[22]/CE (clocked by pll_adc_clk). Large setup violations at the end of those stages might be difficult to fix during the post-placement implementation flow and could be the result of non-optimal XDC constraints or non-optimal design architecture
Related violations: <none>

TIMING-16#446 Warning
Large setup violation  
There is a large setup violation of -2.960 ns between i_ps/axi_slave_gp0/rd_do_reg/C (clocked by adc_clk) and Digital_Freq_Meter_inst/parallel_bus_register_pll0_gaini/output_reg[25]/CE (clocked by pll_adc_clk). Large setup violations at the end of those stages might be difficult to fix during the post-placement implementation flow and could be the result of non-optimal XDC constraints or non-optimal design architecture
Related violations: <none>

TIMING-16#447 Warning
Large setup violation  
There is a large setup violation of -2.960 ns between i_ps/axi_slave_gp0/rd_do_reg/C (clocked by adc_clk) and Digital_Freq_Meter_inst/parallel_bus_register_pll0_gaini/output_reg[26]/CE (clocked by pll_adc_clk). Large setup violations at the end of those stages might be difficult to fix during the post-placement implementation flow and could be the result of non-optimal XDC constraints or non-optimal design architecture
Related violations: <none>

TIMING-16#448 Warning
Large setup violation  
There is a large setup violation of -2.963 ns between i_ps/axi_slave_gp0/rd_do_reg/C (clocked by adc_clk) and Digital_Freq_Meter_inst/parallel_bus_register_negative_limit_dac0/output_reg[3]/CE (clocked by pll_adc_clk). Large setup violations at the end of those stages might be difficult to fix during the post-placement implementation flow and could be the result of non-optimal XDC constraints or non-optimal design architecture
Related violations: <none>

TIMING-16#449 Warning
Large setup violation  
There is a large setup violation of -2.963 ns between i_ps/axi_slave_gp0/rd_do_reg/C (clocked by adc_clk) and Digital_Freq_Meter_inst/parallel_bus_register_negative_limit_dac0/output_reg[4]/CE (clocked by pll_adc_clk). Large setup violations at the end of those stages might be difficult to fix during the post-placement implementation flow and could be the result of non-optimal XDC constraints or non-optimal design architecture
Related violations: <none>

TIMING-16#450 Warning
Large setup violation  
There is a large setup violation of -2.963 ns between i_ps/axi_slave_gp0/rd_do_reg/C (clocked by adc_clk) and Digital_Freq_Meter_inst/parallel_bus_register_negative_limit_dac0/output_reg[6]/CE (clocked by pll_adc_clk). Large setup violations at the end of those stages might be difficult to fix during the post-placement implementation flow and could be the result of non-optimal XDC constraints or non-optimal design architecture
Related violations: <none>

TIMING-16#451 Warning
Large setup violation  
There is a large setup violation of -2.963 ns between i_ps/axi_slave_gp0/rd_do_reg/C (clocked by adc_clk) and Digital_Freq_Meter_inst/parallel_bus_register_negative_limit_dac0/output_reg[7]/CE (clocked by pll_adc_clk). Large setup violations at the end of those stages might be difficult to fix during the post-placement implementation flow and could be the result of non-optimal XDC constraints or non-optimal design architecture
Related violations: <none>

TIMING-16#452 Warning
Large setup violation  
There is a large setup violation of -2.963 ns between i_ps/axi_slave_gp0/rd_do_reg/C (clocked by adc_clk) and Digital_Freq_Meter_inst/parallel_bus_register_negative_limit_dac0/output_reg[8]/CE (clocked by pll_adc_clk). Large setup violations at the end of those stages might be difficult to fix during the post-placement implementation flow and could be the result of non-optimal XDC constraints or non-optimal design architecture
Related violations: <none>

TIMING-16#453 Warning
Large setup violation  
There is a large setup violation of -2.963 ns between i_ps/axi_slave_gp0/rd_do_reg/C (clocked by adc_clk) and Digital_Freq_Meter_inst/parallel_bus_register_positive_limit_dac0/output_reg[11]/CE (clocked by pll_adc_clk). Large setup violations at the end of those stages might be difficult to fix during the post-placement implementation flow and could be the result of non-optimal XDC constraints or non-optimal design architecture
Related violations: <none>

TIMING-16#454 Warning
Large setup violation  
There is a large setup violation of -2.963 ns between i_ps/axi_slave_gp0/rd_do_reg/C (clocked by adc_clk) and Digital_Freq_Meter_inst/parallel_bus_register_positive_limit_dac0/output_reg[1]/CE (clocked by pll_adc_clk). Large setup violations at the end of those stages might be difficult to fix during the post-placement implementation flow and could be the result of non-optimal XDC constraints or non-optimal design architecture
Related violations: <none>

TIMING-16#455 Warning
Large setup violation  
There is a large setup violation of -2.963 ns between i_ps/axi_slave_gp0/rd_do_reg/C (clocked by adc_clk) and Digital_Freq_Meter_inst/parallel_bus_register_positive_limit_dac0/output_reg[2]/CE (clocked by pll_adc_clk). Large setup violations at the end of those stages might be difficult to fix during the post-placement implementation flow and could be the result of non-optimal XDC constraints or non-optimal design architecture
Related violations: <none>

TIMING-16#456 Warning
Large setup violation  
There is a large setup violation of -2.963 ns between i_ps/axi_slave_gp0/rd_do_reg/C (clocked by adc_clk) and Digital_Freq_Meter_inst/parallel_bus_register_positive_limit_dac0/output_reg[5]/CE (clocked by pll_adc_clk). Large setup violations at the end of those stages might be difficult to fix during the post-placement implementation flow and could be the result of non-optimal XDC constraints or non-optimal design architecture
Related violations: <none>

TIMING-16#457 Warning
Large setup violation  
There is a large setup violation of -2.968 ns between i_ps/axi_slave_gp0/rd_do_reg/C (clocked by adc_clk) and Digital_Freq_Meter_inst/parallel_bus_register_phase_residuals0_offset/output_reg[1]/CE (clocked by pll_adc_clk). Large setup violations at the end of those stages might be difficult to fix during the post-placement implementation flow and could be the result of non-optimal XDC constraints or non-optimal design architecture
Related violations: <none>

TIMING-16#458 Warning
Large setup violation  
There is a large setup violation of -2.968 ns between i_ps/axi_slave_gp0/rd_do_reg/C (clocked by adc_clk) and Digital_Freq_Meter_inst/parallel_bus_register_phase_residuals0_offset/output_reg[3]/CE (clocked by pll_adc_clk). Large setup violations at the end of those stages might be difficult to fix during the post-placement implementation flow and could be the result of non-optimal XDC constraints or non-optimal design architecture
Related violations: <none>

TIMING-16#459 Warning
Large setup violation  
There is a large setup violation of -2.968 ns between i_ps/axi_slave_gp0/rd_do_reg/C (clocked by adc_clk) and Digital_Freq_Meter_inst/parallel_bus_register_phase_residuals0_offset/output_reg[9]/CE (clocked by pll_adc_clk). Large setup violations at the end of those stages might be difficult to fix during the post-placement implementation flow and could be the result of non-optimal XDC constraints or non-optimal design architecture
Related violations: <none>

TIMING-16#460 Warning
Large setup violation  
There is a large setup violation of -2.976 ns between i_ps/axi_slave_gp0/rd_araddr_reg[22]/C (clocked by adc_clk) and dpll_wrapper_inst/reg_debug_source/output_reg[19]/CE (clocked by pll_adc_clk). Large setup violations at the end of those stages might be difficult to fix during the post-placement implementation flow and could be the result of non-optimal XDC constraints or non-optimal design architecture
Related violations: <none>

TIMING-16#461 Warning
Large setup violation  
There is a large setup violation of -2.976 ns between i_ps/axi_slave_gp0/rd_araddr_reg[22]/C (clocked by adc_clk) and dpll_wrapper_inst/reg_debug_source/output_reg[20]/CE (clocked by pll_adc_clk). Large setup violations at the end of those stages might be difficult to fix during the post-placement implementation flow and could be the result of non-optimal XDC constraints or non-optimal design architecture
Related violations: <none>

TIMING-16#462 Warning
Large setup violation  
There is a large setup violation of -2.976 ns between i_ps/axi_slave_gp0/rd_araddr_reg[22]/C (clocked by adc_clk) and dpll_wrapper_inst/reg_debug_source/output_reg[28]/CE (clocked by pll_adc_clk). Large setup violations at the end of those stages might be difficult to fix during the post-placement implementation flow and could be the result of non-optimal XDC constraints or non-optimal design architecture
Related violations: <none>

TIMING-16#463 Warning
Large setup violation  
There is a large setup violation of -2.980 ns between i_ps/axi_slave_gp0/rd_do_reg/C (clocked by adc_clk) and Digital_Freq_Meter_inst/parallel_bus_register_pll0_gaini/output_reg[11]/CE (clocked by pll_adc_clk). Large setup violations at the end of those stages might be difficult to fix during the post-placement implementation flow and could be the result of non-optimal XDC constraints or non-optimal design architecture
Related violations: <none>

TIMING-16#464 Warning
Large setup violation  
There is a large setup violation of -2.980 ns between i_ps/axi_slave_gp0/rd_do_reg/C (clocked by adc_clk) and Digital_Freq_Meter_inst/parallel_bus_register_pll0_gaini/output_reg[18]/CE (clocked by pll_adc_clk). Large setup violations at the end of those stages might be difficult to fix during the post-placement implementation flow and could be the result of non-optimal XDC constraints or non-optimal design architecture
Related violations: <none>

TIMING-16#465 Warning
Large setup violation  
There is a large setup violation of -2.980 ns between i_ps/axi_slave_gp0/rd_do_reg/C (clocked by adc_clk) and Digital_Freq_Meter_inst/parallel_bus_register_pll0_gaini/output_reg[4]/CE (clocked by pll_adc_clk). Large setup violations at the end of those stages might be difficult to fix during the post-placement implementation flow and could be the result of non-optimal XDC constraints or non-optimal design architecture
Related violations: <none>

TIMING-16#466 Warning
Large setup violation  
There is a large setup violation of -2.980 ns between i_ps/axi_slave_gp0/rd_do_reg/C (clocked by adc_clk) and Digital_Freq_Meter_inst/parallel_bus_register_pll0_gaini/output_reg[7]/CE (clocked by pll_adc_clk). Large setup violations at the end of those stages might be difficult to fix during the post-placement implementation flow and could be the result of non-optimal XDC constraints or non-optimal design architecture
Related violations: <none>

TIMING-16#467 Warning
Large setup violation  
There is a large setup violation of -2.990 ns between i_ps/axi_slave_gp0/rd_araddr_reg[22]/C (clocked by adc_clk) and dpll_wrapper_inst/reg_debug_source/output_reg[13]/CE (clocked by pll_adc_clk). Large setup violations at the end of those stages might be difficult to fix during the post-placement implementation flow and could be the result of non-optimal XDC constraints or non-optimal design architecture
Related violations: <none>

TIMING-16#468 Warning
Large setup violation  
There is a large setup violation of -2.990 ns between i_ps/axi_slave_gp0/rd_araddr_reg[22]/C (clocked by adc_clk) and dpll_wrapper_inst/reg_debug_source/output_reg[26]/CE (clocked by pll_adc_clk). Large setup violations at the end of those stages might be difficult to fix during the post-placement implementation flow and could be the result of non-optimal XDC constraints or non-optimal design architecture
Related violations: <none>

TIMING-16#469 Warning
Large setup violation  
There is a large setup violation of -2.996 ns between i_ps/axi_slave_gp0/rd_araddr_reg[10]/C (clocked by adc_clk) and dpll_wrapper_inst/reg_kf/output_reg[12]/CE (clocked by pll_adc_clk). Large setup violations at the end of those stages might be difficult to fix during the post-placement implementation flow and could be the result of non-optimal XDC constraints or non-optimal design architecture
Related violations: <none>

TIMING-16#470 Warning
Large setup violation  
There is a large setup violation of -2.996 ns between i_ps/axi_slave_gp0/rd_araddr_reg[10]/C (clocked by adc_clk) and dpll_wrapper_inst/reg_kf/output_reg[14]/CE (clocked by pll_adc_clk). Large setup violations at the end of those stages might be difficult to fix during the post-placement implementation flow and could be the result of non-optimal XDC constraints or non-optimal design architecture
Related violations: <none>

TIMING-16#471 Warning
Large setup violation  
There is a large setup violation of -2.996 ns between i_ps/axi_slave_gp0/rd_araddr_reg[10]/C (clocked by adc_clk) and dpll_wrapper_inst/reg_kf/output_reg[18]/CE (clocked by pll_adc_clk). Large setup violations at the end of those stages might be difficult to fix during the post-placement implementation flow and could be the result of non-optimal XDC constraints or non-optimal design architecture
Related violations: <none>

TIMING-16#472 Warning
Large setup violation  
There is a large setup violation of -2.996 ns between i_ps/axi_slave_gp0/rd_araddr_reg[10]/C (clocked by adc_clk) and dpll_wrapper_inst/reg_kf/output_reg[6]/CE (clocked by pll_adc_clk). Large setup violations at the end of those stages might be difficult to fix during the post-placement implementation flow and could be the result of non-optimal XDC constraints or non-optimal design architecture
Related violations: <none>

TIMING-16#473 Warning
Large setup violation  
There is a large setup violation of -2.996 ns between i_ps/axi_slave_gp0/rd_do_reg/C (clocked by adc_clk) and Digital_Freq_Meter_inst/parallel_bus_register_phase_residuals0_threshold/output_reg[10]/CE (clocked by pll_adc_clk). Large setup violations at the end of those stages might be difficult to fix during the post-placement implementation flow and could be the result of non-optimal XDC constraints or non-optimal design architecture
Related violations: <none>

TIMING-16#474 Warning
Large setup violation  
There is a large setup violation of -2.996 ns between i_ps/axi_slave_gp0/rd_do_reg/C (clocked by adc_clk) and Digital_Freq_Meter_inst/parallel_bus_register_phase_residuals0_threshold/output_reg[11]/CE (clocked by pll_adc_clk). Large setup violations at the end of those stages might be difficult to fix during the post-placement implementation flow and could be the result of non-optimal XDC constraints or non-optimal design architecture
Related violations: <none>

TIMING-16#475 Warning
Large setup violation  
There is a large setup violation of -2.996 ns between i_ps/axi_slave_gp0/rd_do_reg/C (clocked by adc_clk) and Digital_Freq_Meter_inst/parallel_bus_register_phase_residuals0_threshold/output_reg[12]/CE (clocked by pll_adc_clk). Large setup violations at the end of those stages might be difficult to fix during the post-placement implementation flow and could be the result of non-optimal XDC constraints or non-optimal design architecture
Related violations: <none>

TIMING-16#476 Warning
Large setup violation  
There is a large setup violation of -2.996 ns between i_ps/axi_slave_gp0/rd_do_reg/C (clocked by adc_clk) and Digital_Freq_Meter_inst/parallel_bus_register_phase_residuals0_threshold/output_reg[16]/CE (clocked by pll_adc_clk). Large setup violations at the end of those stages might be difficult to fix during the post-placement implementation flow and could be the result of non-optimal XDC constraints or non-optimal design architecture
Related violations: <none>

TIMING-16#477 Warning
Large setup violation  
There is a large setup violation of -3.001 ns between i_ps/axi_slave_gp0/rd_do_reg/C (clocked by adc_clk) and Digital_Freq_Meter_inst/parallel_bus_register_pll0_gaini/output_reg[21]/CE (clocked by pll_adc_clk). Large setup violations at the end of those stages might be difficult to fix during the post-placement implementation flow and could be the result of non-optimal XDC constraints or non-optimal design architecture
Related violations: <none>

TIMING-16#478 Warning
Large setup violation  
There is a large setup violation of -3.002 ns between i_ps/axi_slave_gp0/rd_do_reg/C (clocked by adc_clk) and Digital_Freq_Meter_inst/parallel_bus_register_phase_residuals0_offset/output_reg[2]/CE (clocked by pll_adc_clk). Large setup violations at the end of those stages might be difficult to fix during the post-placement implementation flow and could be the result of non-optimal XDC constraints or non-optimal design architecture
Related violations: <none>

TIMING-16#479 Warning
Large setup violation  
There is a large setup violation of -3.002 ns between i_ps/axi_slave_gp0/rd_do_reg/C (clocked by adc_clk) and Digital_Freq_Meter_inst/parallel_bus_register_phase_residuals0_offset/output_reg[4]/CE (clocked by pll_adc_clk). Large setup violations at the end of those stages might be difficult to fix during the post-placement implementation flow and could be the result of non-optimal XDC constraints or non-optimal design architecture
Related violations: <none>

TIMING-16#480 Warning
Large setup violation  
There is a large setup violation of -3.002 ns between i_ps/axi_slave_gp0/rd_do_reg/C (clocked by adc_clk) and Digital_Freq_Meter_inst/parallel_bus_register_phase_residuals0_offset/output_reg[5]/CE (clocked by pll_adc_clk). Large setup violations at the end of those stages might be difficult to fix during the post-placement implementation flow and could be the result of non-optimal XDC constraints or non-optimal design architecture
Related violations: <none>

TIMING-16#481 Warning
Large setup violation  
There is a large setup violation of -3.002 ns between i_ps/axi_slave_gp0/rd_do_reg/C (clocked by adc_clk) and Digital_Freq_Meter_inst/parallel_bus_register_phase_residuals0_offset/output_reg[7]/CE (clocked by pll_adc_clk). Large setup violations at the end of those stages might be difficult to fix during the post-placement implementation flow and could be the result of non-optimal XDC constraints or non-optimal design architecture
Related violations: <none>

TIMING-16#482 Warning
Large setup violation  
There is a large setup violation of -3.009 ns between i_ps/axi_slave_gp0/rd_do_reg/C (clocked by adc_clk) and Digital_Freq_Meter_inst/parallel_bus_register_32_bits_or_less_freq_c0/output_reg[0]/CE (clocked by pll_adc_clk). Large setup violations at the end of those stages might be difficult to fix during the post-placement implementation flow and could be the result of non-optimal XDC constraints or non-optimal design architecture
Related violations: <none>

TIMING-16#483 Warning
Large setup violation  
There is a large setup violation of -3.009 ns between i_ps/axi_slave_gp0/rd_do_reg/C (clocked by adc_clk) and Digital_Freq_Meter_inst/parallel_bus_register_negative_limit_dac0/output_reg[13]/CE (clocked by pll_adc_clk). Large setup violations at the end of those stages might be difficult to fix during the post-placement implementation flow and could be the result of non-optimal XDC constraints or non-optimal design architecture
Related violations: <none>

TIMING-16#484 Warning
Large setup violation  
There is a large setup violation of -3.009 ns between i_ps/axi_slave_gp0/rd_do_reg/C (clocked by adc_clk) and Digital_Freq_Meter_inst/parallel_bus_register_negative_limit_dac0/output_reg[16]/CE (clocked by pll_adc_clk). Large setup violations at the end of those stages might be difficult to fix during the post-placement implementation flow and could be the result of non-optimal XDC constraints or non-optimal design architecture
Related violations: <none>

TIMING-16#485 Warning
Large setup violation  
There is a large setup violation of -3.009 ns between i_ps/axi_slave_gp0/rd_do_reg/C (clocked by adc_clk) and Digital_Freq_Meter_inst/parallel_bus_register_negative_limit_dac0/output_reg[20]/CE (clocked by pll_adc_clk). Large setup violations at the end of those stages might be difficult to fix during the post-placement implementation flow and could be the result of non-optimal XDC constraints or non-optimal design architecture
Related violations: <none>

TIMING-16#486 Warning
Large setup violation  
There is a large setup violation of -3.009 ns between i_ps/axi_slave_gp0/rd_do_reg/C (clocked by adc_clk) and Digital_Freq_Meter_inst/parallel_bus_register_negative_limit_dac0/output_reg[21]/CE (clocked by pll_adc_clk). Large setup violations at the end of those stages might be difficult to fix during the post-placement implementation flow and could be the result of non-optimal XDC constraints or non-optimal design architecture
Related violations: <none>

TIMING-16#487 Warning
Large setup violation  
There is a large setup violation of -3.009 ns between i_ps/axi_slave_gp0/rd_do_reg/C (clocked by adc_clk) and Digital_Freq_Meter_inst/parallel_bus_register_negative_limit_dac0/output_reg[22]/CE (clocked by pll_adc_clk). Large setup violations at the end of those stages might be difficult to fix during the post-placement implementation flow and could be the result of non-optimal XDC constraints or non-optimal design architecture
Related violations: <none>

TIMING-16#488 Warning
Large setup violation  
There is a large setup violation of -3.009 ns between i_ps/axi_slave_gp0/rd_do_reg/C (clocked by adc_clk) and Digital_Freq_Meter_inst/parallel_bus_register_negative_limit_dac0/output_reg[28]/CE (clocked by pll_adc_clk). Large setup violations at the end of those stages might be difficult to fix during the post-placement implementation flow and could be the result of non-optimal XDC constraints or non-optimal design architecture
Related violations: <none>

TIMING-16#489 Warning
Large setup violation  
There is a large setup violation of -3.009 ns between i_ps/axi_slave_gp0/rd_do_reg/C (clocked by adc_clk) and Digital_Freq_Meter_inst/parallel_bus_register_negative_limit_dac0/output_reg[30]/CE (clocked by pll_adc_clk). Large setup violations at the end of those stages might be difficult to fix during the post-placement implementation flow and could be the result of non-optimal XDC constraints or non-optimal design architecture
Related violations: <none>

TIMING-16#490 Warning
Large setup violation  
There is a large setup violation of -3.018 ns between i_ps/axi_slave_gp0/rd_araddr_reg[22]/C (clocked by adc_clk) and dpll_wrapper_inst/reg_gain_d_compat/output_reg[26]/CE (clocked by pll_adc_clk). Large setup violations at the end of those stages might be difficult to fix during the post-placement implementation flow and could be the result of non-optimal XDC constraints or non-optimal design architecture
Related violations: <none>

TIMING-16#491 Warning
Large setup violation  
There is a large setup violation of -3.018 ns between i_ps/axi_slave_gp0/rd_araddr_reg[22]/C (clocked by adc_clk) and dpll_wrapper_inst/reg_gain_d_compat/output_reg[29]/CE (clocked by pll_adc_clk). Large setup violations at the end of those stages might be difficult to fix during the post-placement implementation flow and could be the result of non-optimal XDC constraints or non-optimal design architecture
Related violations: <none>

TIMING-16#492 Warning
Large setup violation  
There is a large setup violation of -3.022 ns between i_ps/axi_slave_gp0/rd_do_reg/C (clocked by adc_clk) and Digital_Freq_Meter_inst/parallel_bus_register_manual_offset_dac0/output_reg[14]/CE (clocked by pll_adc_clk). Large setup violations at the end of those stages might be difficult to fix during the post-placement implementation flow and could be the result of non-optimal XDC constraints or non-optimal design architecture
Related violations: <none>

TIMING-16#493 Warning
Large setup violation  
There is a large setup violation of -3.022 ns between i_ps/axi_slave_gp0/rd_do_reg/C (clocked by adc_clk) and Digital_Freq_Meter_inst/parallel_bus_register_manual_offset_dac0/output_reg[21]/CE (clocked by pll_adc_clk). Large setup violations at the end of those stages might be difficult to fix during the post-placement implementation flow and could be the result of non-optimal XDC constraints or non-optimal design architecture
Related violations: <none>

TIMING-16#494 Warning
Large setup violation  
There is a large setup violation of -3.022 ns between i_ps/axi_slave_gp0/rd_do_reg/C (clocked by adc_clk) and Digital_Freq_Meter_inst/parallel_bus_register_manual_offset_dac0/output_reg[22]/CE (clocked by pll_adc_clk). Large setup violations at the end of those stages might be difficult to fix during the post-placement implementation flow and could be the result of non-optimal XDC constraints or non-optimal design architecture
Related violations: <none>

TIMING-16#495 Warning
Large setup violation  
There is a large setup violation of -3.022 ns between i_ps/axi_slave_gp0/rd_do_reg/C (clocked by adc_clk) and Digital_Freq_Meter_inst/parallel_bus_register_manual_offset_dac0/output_reg[26]/CE (clocked by pll_adc_clk). Large setup violations at the end of those stages might be difficult to fix during the post-placement implementation flow and could be the result of non-optimal XDC constraints or non-optimal design architecture
Related violations: <none>

TIMING-16#496 Warning
Large setup violation  
There is a large setup violation of -3.030 ns between i_ps/axi_slave_gp0/rd_do_reg/C (clocked by adc_clk) and Digital_Freq_Meter_inst/parallel_bus_register_gate_clockL/output_reg[10]/CE (clocked by pll_adc_clk). Large setup violations at the end of those stages might be difficult to fix during the post-placement implementation flow and could be the result of non-optimal XDC constraints or non-optimal design architecture
Related violations: <none>

TIMING-16#497 Warning
Large setup violation  
There is a large setup violation of -3.032 ns between i_ps/axi_slave_gp0/rd_araddr_reg[22]/C (clocked by adc_clk) and dpll_wrapper_inst/reg_center_freq/output_reg[0]/CE (clocked by pll_adc_clk). Large setup violations at the end of those stages might be difficult to fix during the post-placement implementation flow and could be the result of non-optimal XDC constraints or non-optimal design architecture
Related violations: <none>

TIMING-16#498 Warning
Large setup violation  
There is a large setup violation of -3.032 ns between i_ps/axi_slave_gp0/rd_do_reg/C (clocked by adc_clk) and dpll_wrapper_inst/reg_freq_thr/output_reg[0]/CE (clocked by pll_adc_clk). Large setup violations at the end of those stages might be difficult to fix during the post-placement implementation flow and could be the result of non-optimal XDC constraints or non-optimal design architecture
Related violations: <none>

TIMING-16#499 Warning
Large setup violation  
There is a large setup violation of -3.032 ns between i_ps/axi_slave_gp0/rd_do_reg/C (clocked by adc_clk) and dpll_wrapper_inst/reg_freq_thr/output_reg[22]/CE (clocked by pll_adc_clk). Large setup violations at the end of those stages might be difficult to fix during the post-placement implementation flow and could be the result of non-optimal XDC constraints or non-optimal design architecture
Related violations: <none>

TIMING-16#500 Warning
Large setup violation  
There is a large setup violation of -3.032 ns between i_ps/axi_slave_gp0/rd_do_reg/C (clocked by adc_clk) and dpll_wrapper_inst/reg_freq_thr/output_reg[27]/CE (clocked by pll_adc_clk). Large setup violations at the end of those stages might be difficult to fix during the post-placement implementation flow and could be the result of non-optimal XDC constraints or non-optimal design architecture
Related violations: <none>

TIMING-16#501 Warning
Large setup violation  
There is a large setup violation of -3.032 ns between i_ps/axi_slave_gp0/rd_do_reg/C (clocked by adc_clk) and dpll_wrapper_inst/reg_freq_thr/output_reg[5]/CE (clocked by pll_adc_clk). Large setup violations at the end of those stages might be difficult to fix during the post-placement implementation flow and could be the result of non-optimal XDC constraints or non-optimal design architecture
Related violations: <none>

TIMING-16#502 Warning
Large setup violation  
There is a large setup violation of -3.036 ns between i_ps/axi_slave_gp0/rd_do_reg/C (clocked by adc_clk) and Digital_Freq_Meter_inst/parallel_bus_register_pll0_gaini/output_reg[30]/CE (clocked by pll_adc_clk). Large setup violations at the end of those stages might be difficult to fix during the post-placement implementation flow and could be the result of non-optimal XDC constraints or non-optimal design architecture
Related violations: <none>

TIMING-16#503 Warning
Large setup violation  
There is a large setup violation of -3.042 ns between i_ps/axi_slave_gp0/rd_araddr_reg[22]/C (clocked by adc_clk) and dpll_wrapper_inst/reg_gain_d_compat/output_reg[19]/CE (clocked by pll_adc_clk). Large setup violations at the end of those stages might be difficult to fix during the post-placement implementation flow and could be the result of non-optimal XDC constraints or non-optimal design architecture
Related violations: <none>

TIMING-16#504 Warning
Large setup violation  
There is a large setup violation of -3.042 ns between i_ps/axi_slave_gp0/rd_araddr_reg[22]/C (clocked by adc_clk) and dpll_wrapper_inst/reg_gain_d_compat/output_reg[22]/CE (clocked by pll_adc_clk). Large setup violations at the end of those stages might be difficult to fix during the post-placement implementation flow and could be the result of non-optimal XDC constraints or non-optimal design architecture
Related violations: <none>

TIMING-16#505 Warning
Large setup violation  
There is a large setup violation of -3.046 ns between i_ps/axi_slave_gp0/rd_araddr_reg[22]/C (clocked by adc_clk) and dpll_wrapper_inst/reg_gain_d_compat/output_reg[16]/CE (clocked by pll_adc_clk). Large setup violations at the end of those stages might be difficult to fix during the post-placement implementation flow and could be the result of non-optimal XDC constraints or non-optimal design architecture
Related violations: <none>

TIMING-16#506 Warning
Large setup violation  
There is a large setup violation of -3.046 ns between i_ps/axi_slave_gp0/rd_araddr_reg[22]/C (clocked by adc_clk) and dpll_wrapper_inst/reg_gain_d_compat/output_reg[21]/CE (clocked by pll_adc_clk). Large setup violations at the end of those stages might be difficult to fix during the post-placement implementation flow and could be the result of non-optimal XDC constraints or non-optimal design architecture
Related violations: <none>

TIMING-16#507 Warning
Large setup violation  
There is a large setup violation of -3.046 ns between i_ps/axi_slave_gp0/rd_araddr_reg[22]/C (clocked by adc_clk) and dpll_wrapper_inst/reg_gain_d_compat/output_reg[4]/CE (clocked by pll_adc_clk). Large setup violations at the end of those stages might be difficult to fix during the post-placement implementation flow and could be the result of non-optimal XDC constraints or non-optimal design architecture
Related violations: <none>

TIMING-16#508 Warning
Large setup violation  
There is a large setup violation of -3.050 ns between i_ps/axi_slave_gp0/rd_do_reg/C (clocked by adc_clk) and Digital_Freq_Meter_inst/parallel_bus_register_phase_residuals0_offset/output_reg[0]/CE (clocked by pll_adc_clk). Large setup violations at the end of those stages might be difficult to fix during the post-placement implementation flow and could be the result of non-optimal XDC constraints or non-optimal design architecture
Related violations: <none>

TIMING-16#509 Warning
Large setup violation  
There is a large setup violation of -3.050 ns between i_ps/axi_slave_gp0/rd_do_reg/C (clocked by adc_clk) and Digital_Freq_Meter_inst/parallel_bus_register_phase_residuals0_offset/output_reg[11]/CE (clocked by pll_adc_clk). Large setup violations at the end of those stages might be difficult to fix during the post-placement implementation flow and could be the result of non-optimal XDC constraints or non-optimal design architecture
Related violations: <none>

TIMING-16#510 Warning
Large setup violation  
There is a large setup violation of -3.050 ns between i_ps/axi_slave_gp0/rd_do_reg/C (clocked by adc_clk) and Digital_Freq_Meter_inst/parallel_bus_register_phase_residuals0_offset/output_reg[12]/CE (clocked by pll_adc_clk). Large setup violations at the end of those stages might be difficult to fix during the post-placement implementation flow and could be the result of non-optimal XDC constraints or non-optimal design architecture
Related violations: <none>

TIMING-16#511 Warning
Large setup violation  
There is a large setup violation of -3.050 ns between i_ps/axi_slave_gp0/rd_do_reg/C (clocked by adc_clk) and Digital_Freq_Meter_inst/parallel_bus_register_phase_residuals0_offset/output_reg[8]/CE (clocked by pll_adc_clk). Large setup violations at the end of those stages might be difficult to fix during the post-placement implementation flow and could be the result of non-optimal XDC constraints or non-optimal design architecture
Related violations: <none>

TIMING-16#512 Warning
Large setup violation  
There is a large setup violation of -3.050 ns between i_ps/axi_slave_gp0/rd_do_reg/C (clocked by adc_clk) and dpll_wrapper_inst/reg_debug_gain/output_reg[3]/CE (clocked by pll_adc_clk). Large setup violations at the end of those stages might be difficult to fix during the post-placement implementation flow and could be the result of non-optimal XDC constraints or non-optimal design architecture
Related violations: <none>

TIMING-16#513 Warning
Large setup violation  
There is a large setup violation of -3.054 ns between i_ps/axi_slave_gp0/rd_do_reg/C (clocked by adc_clk) and Digital_Freq_Meter_inst/parallel_bus_register_pll0_gaini/output_reg[1]/CE (clocked by pll_adc_clk). Large setup violations at the end of those stages might be difficult to fix during the post-placement implementation flow and could be the result of non-optimal XDC constraints or non-optimal design architecture
Related violations: <none>

TIMING-16#514 Warning
Large setup violation  
There is a large setup violation of -3.054 ns between i_ps/axi_slave_gp0/rd_do_reg/C (clocked by adc_clk) and Digital_Freq_Meter_inst/parallel_bus_register_pll0_gaini/output_reg[23]/CE (clocked by pll_adc_clk). Large setup violations at the end of those stages might be difficult to fix during the post-placement implementation flow and could be the result of non-optimal XDC constraints or non-optimal design architecture
Related violations: <none>

TIMING-16#515 Warning
Large setup violation  
There is a large setup violation of -3.054 ns between i_ps/axi_slave_gp0/rd_do_reg/C (clocked by adc_clk) and Digital_Freq_Meter_inst/parallel_bus_register_pll0_gaini/output_reg[24]/CE (clocked by pll_adc_clk). Large setup violations at the end of those stages might be difficult to fix during the post-placement implementation flow and could be the result of non-optimal XDC constraints or non-optimal design architecture
Related violations: <none>

TIMING-16#516 Warning
Large setup violation  
There is a large setup violation of -3.054 ns between i_ps/axi_slave_gp0/rd_do_reg/C (clocked by adc_clk) and Digital_Freq_Meter_inst/parallel_bus_register_pll0_gaini/output_reg[9]/CE (clocked by pll_adc_clk). Large setup violations at the end of those stages might be difficult to fix during the post-placement implementation flow and could be the result of non-optimal XDC constraints or non-optimal design architecture
Related violations: <none>

TIMING-16#517 Warning
Large setup violation  
There is a large setup violation of -3.069 ns between i_ps/axi_slave_gp0/rd_do_reg/C (clocked by adc_clk) and Digital_Freq_Meter_inst/parallel_bus_register_32_bits_or_less_freq_c0/output_reg[31]/CE (clocked by pll_adc_clk). Large setup violations at the end of those stages might be difficult to fix during the post-placement implementation flow and could be the result of non-optimal XDC constraints or non-optimal design architecture
Related violations: <none>

TIMING-16#518 Warning
Large setup violation  
There is a large setup violation of -3.070 ns between i_ps/axi_slave_gp0/rd_araddr_reg[22]/C (clocked by adc_clk) and dpll_wrapper_inst/reg_center_freq/output_reg[27]/CE (clocked by pll_adc_clk). Large setup violations at the end of those stages might be difficult to fix during the post-placement implementation flow and could be the result of non-optimal XDC constraints or non-optimal design architecture
Related violations: <none>

TIMING-16#519 Warning
Large setup violation  
There is a large setup violation of -3.070 ns between i_ps/axi_slave_gp0/rd_araddr_reg[22]/C (clocked by adc_clk) and dpll_wrapper_inst/reg_center_freq/output_reg[28]/CE (clocked by pll_adc_clk). Large setup violations at the end of those stages might be difficult to fix during the post-placement implementation flow and could be the result of non-optimal XDC constraints or non-optimal design architecture
Related violations: <none>

TIMING-16#520 Warning
Large setup violation  
There is a large setup violation of -3.073 ns between i_ps/axi_slave_gp0/rd_do_reg/C (clocked by adc_clk) and dpll_wrapper_inst/reg_freq_thr/output_reg[16]/CE (clocked by pll_adc_clk). Large setup violations at the end of those stages might be difficult to fix during the post-placement implementation flow and could be the result of non-optimal XDC constraints or non-optimal design architecture
Related violations: <none>

TIMING-16#521 Warning
Large setup violation  
There is a large setup violation of -3.073 ns between i_ps/axi_slave_gp0/rd_do_reg/C (clocked by adc_clk) and dpll_wrapper_inst/reg_freq_thr/output_reg[30]/CE (clocked by pll_adc_clk). Large setup violations at the end of those stages might be difficult to fix during the post-placement implementation flow and could be the result of non-optimal XDC constraints or non-optimal design architecture
Related violations: <none>

TIMING-16#522 Warning
Large setup violation  
There is a large setup violation of -3.073 ns between i_ps/axi_slave_gp0/rd_do_reg/C (clocked by adc_clk) and dpll_wrapper_inst/reg_freq_thr/output_reg[7]/CE (clocked by pll_adc_clk). Large setup violations at the end of those stages might be difficult to fix during the post-placement implementation flow and could be the result of non-optimal XDC constraints or non-optimal design architecture
Related violations: <none>

TIMING-16#523 Warning
Large setup violation  
There is a large setup violation of -3.078 ns between i_ps/axi_slave_gp0/rd_araddr_reg[22]/C (clocked by adc_clk) and dpll_wrapper_inst/reg_coef_compat/output_reg[16]/CE (clocked by pll_adc_clk). Large setup violations at the end of those stages might be difficult to fix during the post-placement implementation flow and could be the result of non-optimal XDC constraints or non-optimal design architecture
Related violations: <none>

TIMING-16#524 Warning
Large setup violation  
There is a large setup violation of -3.078 ns between i_ps/axi_slave_gp0/rd_araddr_reg[22]/C (clocked by adc_clk) and dpll_wrapper_inst/reg_coef_compat/output_reg[4]/CE (clocked by pll_adc_clk). Large setup violations at the end of those stages might be difficult to fix during the post-placement implementation flow and could be the result of non-optimal XDC constraints or non-optimal design architecture
Related violations: <none>

TIMING-16#525 Warning
Large setup violation  
There is a large setup violation of -3.078 ns between i_ps/axi_slave_gp0/rd_do_reg/C (clocked by adc_clk) and Digital_Freq_Meter_inst/parallel_bus_register_32_bits_or_less_freq_c0/output_reg[14]/CE (clocked by pll_adc_clk). Large setup violations at the end of those stages might be difficult to fix during the post-placement implementation flow and could be the result of non-optimal XDC constraints or non-optimal design architecture
Related violations: <none>

TIMING-16#526 Warning
Large setup violation  
There is a large setup violation of -3.078 ns between i_ps/axi_slave_gp0/rd_do_reg/C (clocked by adc_clk) and Digital_Freq_Meter_inst/parallel_bus_register_32_bits_or_less_freq_c0/output_reg[16]/CE (clocked by pll_adc_clk). Large setup violations at the end of those stages might be difficult to fix during the post-placement implementation flow and could be the result of non-optimal XDC constraints or non-optimal design architecture
Related violations: <none>

TIMING-16#527 Warning
Large setup violation  
There is a large setup violation of -3.080 ns between i_ps/axi_slave_gp0/rd_do_reg/C (clocked by adc_clk) and Digital_Freq_Meter_inst/parallel_bus_register_gate_clockH/output_reg[12]/CE (clocked by pll_adc_clk). Large setup violations at the end of those stages might be difficult to fix during the post-placement implementation flow and could be the result of non-optimal XDC constraints or non-optimal design architecture
Related violations: <none>

TIMING-16#528 Warning
Large setup violation  
There is a large setup violation of -3.080 ns between i_ps/axi_slave_gp0/rd_do_reg/C (clocked by adc_clk) and Digital_Freq_Meter_inst/parallel_bus_register_gate_clockH/output_reg[15]/CE (clocked by pll_adc_clk). Large setup violations at the end of those stages might be difficult to fix during the post-placement implementation flow and could be the result of non-optimal XDC constraints or non-optimal design architecture
Related violations: <none>

TIMING-16#529 Warning
Large setup violation  
There is a large setup violation of -3.080 ns between i_ps/axi_slave_gp0/rd_do_reg/C (clocked by adc_clk) and Digital_Freq_Meter_inst/parallel_bus_register_gate_clockH/output_reg[4]/CE (clocked by pll_adc_clk). Large setup violations at the end of those stages might be difficult to fix during the post-placement implementation flow and could be the result of non-optimal XDC constraints or non-optimal design architecture
Related violations: <none>

TIMING-16#530 Warning
Large setup violation  
There is a large setup violation of -3.080 ns between i_ps/axi_slave_gp0/rd_do_reg/C (clocked by adc_clk) and Digital_Freq_Meter_inst/parallel_bus_register_gate_clockH/output_reg[6]/CE (clocked by pll_adc_clk). Large setup violations at the end of those stages might be difficult to fix during the post-placement implementation flow and could be the result of non-optimal XDC constraints or non-optimal design architecture
Related violations: <none>

TIMING-16#531 Warning
Large setup violation  
There is a large setup violation of -3.080 ns between i_ps/axi_slave_gp0/rd_do_reg/C (clocked by adc_clk) and dpll_wrapper_inst/reg_cic_rate/output_reg[7]/CE (clocked by pll_adc_clk). Large setup violations at the end of those stages might be difficult to fix during the post-placement implementation flow and could be the result of non-optimal XDC constraints or non-optimal design architecture
Related violations: <none>

TIMING-16#532 Warning
Large setup violation  
There is a large setup violation of -3.081 ns between i_ps/axi_slave_gp0/rd_do_reg/C (clocked by adc_clk) and Digital_Freq_Meter_inst/parallel_bus_register_gate_clockH/output_reg[11]/CE (clocked by pll_adc_clk). Large setup violations at the end of those stages might be difficult to fix during the post-placement implementation flow and could be the result of non-optimal XDC constraints or non-optimal design architecture
Related violations: <none>

TIMING-16#533 Warning
Large setup violation  
There is a large setup violation of -3.081 ns between i_ps/axi_slave_gp0/rd_do_reg/C (clocked by adc_clk) and Digital_Freq_Meter_inst/parallel_bus_register_gate_clockH/output_reg[5]/CE (clocked by pll_adc_clk). Large setup violations at the end of those stages might be difficult to fix during the post-placement implementation flow and could be the result of non-optimal XDC constraints or non-optimal design architecture
Related violations: <none>

TIMING-16#534 Warning
Large setup violation  
There is a large setup violation of -3.084 ns between i_ps/axi_slave_gp0/rd_do_reg/C (clocked by adc_clk) and dpll_wrapper_inst/reg_freq_thr/output_reg[11]/CE (clocked by pll_adc_clk). Large setup violations at the end of those stages might be difficult to fix during the post-placement implementation flow and could be the result of non-optimal XDC constraints or non-optimal design architecture
Related violations: <none>

TIMING-16#535 Warning
Large setup violation  
There is a large setup violation of -3.084 ns between i_ps/axi_slave_gp0/rd_do_reg/C (clocked by adc_clk) and dpll_wrapper_inst/reg_freq_thr/output_reg[23]/CE (clocked by pll_adc_clk). Large setup violations at the end of those stages might be difficult to fix during the post-placement implementation flow and could be the result of non-optimal XDC constraints or non-optimal design architecture
Related violations: <none>

TIMING-16#536 Warning
Large setup violation  
There is a large setup violation of -3.084 ns between i_ps/axi_slave_gp0/rd_do_reg/C (clocked by adc_clk) and dpll_wrapper_inst/reg_freq_thr/output_reg[2]/CE (clocked by pll_adc_clk). Large setup violations at the end of those stages might be difficult to fix during the post-placement implementation flow and could be the result of non-optimal XDC constraints or non-optimal design architecture
Related violations: <none>

TIMING-16#537 Warning
Large setup violation  
There is a large setup violation of -3.084 ns between i_ps/axi_slave_gp0/rd_do_reg/C (clocked by adc_clk) and dpll_wrapper_inst/reg_freq_thr/output_reg[6]/CE (clocked by pll_adc_clk). Large setup violations at the end of those stages might be difficult to fix during the post-placement implementation flow and could be the result of non-optimal XDC constraints or non-optimal design architecture
Related violations: <none>

TIMING-16#538 Warning
Large setup violation  
There is a large setup violation of -3.085 ns between i_ps/axi_slave_gp0/rd_do_reg/C (clocked by adc_clk) and Digital_Freq_Meter_inst/parallel_bus_register_32_bits_or_less_freq_c0/output_reg[2]/CE (clocked by pll_adc_clk). Large setup violations at the end of those stages might be difficult to fix during the post-placement implementation flow and could be the result of non-optimal XDC constraints or non-optimal design architecture
Related violations: <none>

TIMING-16#539 Warning
Large setup violation  
There is a large setup violation of -3.086 ns between i_ps/axi_slave_gp0/rd_do_reg/C (clocked by adc_clk) and Digital_Freq_Meter_inst/parallel_bus_register_phase_residuals0_offset/output_reg[10]/CE (clocked by pll_adc_clk). Large setup violations at the end of those stages might be difficult to fix during the post-placement implementation flow and could be the result of non-optimal XDC constraints or non-optimal design architecture
Related violations: <none>

TIMING-16#540 Warning
Large setup violation  
There is a large setup violation of -3.086 ns between i_ps/axi_slave_gp0/rd_do_reg/C (clocked by adc_clk) and Digital_Freq_Meter_inst/parallel_bus_register_phase_residuals0_offset/output_reg[6]/CE (clocked by pll_adc_clk). Large setup violations at the end of those stages might be difficult to fix during the post-placement implementation flow and could be the result of non-optimal XDC constraints or non-optimal design architecture
Related violations: <none>

TIMING-16#541 Warning
Large setup violation  
There is a large setup violation of -3.086 ns between i_ps/axi_slave_gp0/rd_do_reg/C (clocked by adc_clk) and dpll_wrapper_inst/reg_cic_shift/output_reg[0]/CE (clocked by pll_adc_clk). Large setup violations at the end of those stages might be difficult to fix during the post-placement implementation flow and could be the result of non-optimal XDC constraints or non-optimal design architecture
Related violations: <none>

TIMING-16#542 Warning
Large setup violation  
There is a large setup violation of -3.086 ns between i_ps/axi_slave_gp0/rd_do_reg/C (clocked by adc_clk) and dpll_wrapper_inst/reg_cic_shift/output_reg[1]/CE (clocked by pll_adc_clk). Large setup violations at the end of those stages might be difficult to fix during the post-placement implementation flow and could be the result of non-optimal XDC constraints or non-optimal design architecture
Related violations: <none>

TIMING-16#543 Warning
Large setup violation  
There is a large setup violation of -3.086 ns between i_ps/axi_slave_gp0/rd_do_reg/C (clocked by adc_clk) and dpll_wrapper_inst/reg_cic_shift/output_reg[2]/CE (clocked by pll_adc_clk). Large setup violations at the end of those stages might be difficult to fix during the post-placement implementation flow and could be the result of non-optimal XDC constraints or non-optimal design architecture
Related violations: <none>

TIMING-16#544 Warning
Large setup violation  
There is a large setup violation of -3.086 ns between i_ps/axi_slave_gp0/rd_do_reg/C (clocked by adc_clk) and dpll_wrapper_inst/reg_cic_shift/output_reg[3]/CE (clocked by pll_adc_clk). Large setup violations at the end of those stages might be difficult to fix during the post-placement implementation flow and could be the result of non-optimal XDC constraints or non-optimal design architecture
Related violations: <none>

TIMING-16#545 Warning
Large setup violation  
There is a large setup violation of -3.086 ns between i_ps/axi_slave_gp0/rd_do_reg/C (clocked by adc_clk) and dpll_wrapper_inst/reg_cic_shift/output_reg[4]/CE (clocked by pll_adc_clk). Large setup violations at the end of those stages might be difficult to fix during the post-placement implementation flow and could be the result of non-optimal XDC constraints or non-optimal design architecture
Related violations: <none>

TIMING-16#546 Warning
Large setup violation  
There is a large setup violation of -3.086 ns between i_ps/axi_slave_gp0/rd_do_reg/C (clocked by adc_clk) and dpll_wrapper_inst/reg_cic_shift/output_reg[5]/CE (clocked by pll_adc_clk). Large setup violations at the end of those stages might be difficult to fix during the post-placement implementation flow and could be the result of non-optimal XDC constraints or non-optimal design architecture
Related violations: <none>

TIMING-16#547 Warning
Large setup violation  
There is a large setup violation of -3.087 ns between i_ps/axi_slave_gp0/rd_do_reg/C (clocked by adc_clk) and Digital_Freq_Meter_inst/parallel_bus_register_32_bits_or_less_freq_c0/output_reg[10]/CE (clocked by pll_adc_clk). Large setup violations at the end of those stages might be difficult to fix during the post-placement implementation flow and could be the result of non-optimal XDC constraints or non-optimal design architecture
Related violations: <none>

TIMING-16#548 Warning
Large setup violation  
There is a large setup violation of -3.087 ns between i_ps/axi_slave_gp0/rd_do_reg/C (clocked by adc_clk) and Digital_Freq_Meter_inst/parallel_bus_register_32_bits_or_less_freq_c0/output_reg[11]/CE (clocked by pll_adc_clk). Large setup violations at the end of those stages might be difficult to fix during the post-placement implementation flow and could be the result of non-optimal XDC constraints or non-optimal design architecture
Related violations: <none>

TIMING-16#549 Warning
Large setup violation  
There is a large setup violation of -3.087 ns between i_ps/axi_slave_gp0/rd_do_reg/C (clocked by adc_clk) and dpll_wrapper_inst/reg_freq_thr/output_reg[12]/CE (clocked by pll_adc_clk). Large setup violations at the end of those stages might be difficult to fix during the post-placement implementation flow and could be the result of non-optimal XDC constraints or non-optimal design architecture
Related violations: <none>

TIMING-16#550 Warning
Large setup violation  
There is a large setup violation of -3.087 ns between i_ps/axi_slave_gp0/rd_do_reg/C (clocked by adc_clk) and dpll_wrapper_inst/reg_freq_thr/output_reg[14]/CE (clocked by pll_adc_clk). Large setup violations at the end of those stages might be difficult to fix during the post-placement implementation flow and could be the result of non-optimal XDC constraints or non-optimal design architecture
Related violations: <none>

TIMING-16#551 Warning
Large setup violation  
There is a large setup violation of -3.087 ns between i_ps/axi_slave_gp0/rd_do_reg/C (clocked by adc_clk) and dpll_wrapper_inst/reg_freq_thr/output_reg[25]/CE (clocked by pll_adc_clk). Large setup violations at the end of those stages might be difficult to fix during the post-placement implementation flow and could be the result of non-optimal XDC constraints or non-optimal design architecture
Related violations: <none>

TIMING-16#552 Warning
Large setup violation  
There is a large setup violation of -3.089 ns between i_ps/axi_slave_gp0/rd_do_reg/C (clocked by adc_clk) and Digital_Freq_Meter_inst/parallel_bus_register_pll0_gaini/output_reg[31]/CE (clocked by pll_adc_clk). Large setup violations at the end of those stages might be difficult to fix during the post-placement implementation flow and could be the result of non-optimal XDC constraints or non-optimal design architecture
Related violations: <none>

TIMING-16#553 Warning
Large setup violation  
There is a large setup violation of -3.094 ns between i_ps/axi_slave_gp0/rd_do_reg/C (clocked by adc_clk) and dpll_wrapper_inst/reg_freq_thr/output_reg[18]/CE (clocked by pll_adc_clk). Large setup violations at the end of those stages might be difficult to fix during the post-placement implementation flow and could be the result of non-optimal XDC constraints or non-optimal design architecture
Related violations: <none>

TIMING-16#554 Warning
Large setup violation  
There is a large setup violation of -3.094 ns between i_ps/axi_slave_gp0/rd_do_reg/C (clocked by adc_clk) and dpll_wrapper_inst/reg_freq_thr/output_reg[24]/CE (clocked by pll_adc_clk). Large setup violations at the end of those stages might be difficult to fix during the post-placement implementation flow and could be the result of non-optimal XDC constraints or non-optimal design architecture
Related violations: <none>

TIMING-16#555 Warning
Large setup violation  
There is a large setup violation of -3.094 ns between i_ps/axi_slave_gp0/rd_do_reg/C (clocked by adc_clk) and dpll_wrapper_inst/reg_freq_thr/output_reg[31]/CE (clocked by pll_adc_clk). Large setup violations at the end of those stages might be difficult to fix during the post-placement implementation flow and could be the result of non-optimal XDC constraints or non-optimal design architecture
Related violations: <none>

TIMING-16#556 Warning
Large setup violation  
There is a large setup violation of -3.094 ns between i_ps/axi_slave_gp0/rd_do_reg/C (clocked by adc_clk) and dpll_wrapper_inst/reg_freq_thr/output_reg[9]/CE (clocked by pll_adc_clk). Large setup violations at the end of those stages might be difficult to fix during the post-placement implementation flow and could be the result of non-optimal XDC constraints or non-optimal design architecture
Related violations: <none>

TIMING-16#557 Warning
Large setup violation  
There is a large setup violation of -3.097 ns between i_ps/axi_slave_gp0/rd_araddr_reg[22]/C (clocked by adc_clk) and dpll_wrapper_inst/reg_freq_mul/output_reg[1]/CE (clocked by pll_adc_clk). Large setup violations at the end of those stages might be difficult to fix during the post-placement implementation flow and could be the result of non-optimal XDC constraints or non-optimal design architecture
Related violations: <none>

TIMING-16#558 Warning
Large setup violation  
There is a large setup violation of -3.097 ns between i_ps/axi_slave_gp0/rd_araddr_reg[22]/C (clocked by adc_clk) and dpll_wrapper_inst/reg_freq_mul/output_reg[3]/CE (clocked by pll_adc_clk). Large setup violations at the end of those stages might be difficult to fix during the post-placement implementation flow and could be the result of non-optimal XDC constraints or non-optimal design architecture
Related violations: <none>

TIMING-16#559 Warning
Large setup violation  
There is a large setup violation of -3.097 ns between i_ps/axi_slave_gp0/rd_araddr_reg[22]/C (clocked by adc_clk) and dpll_wrapper_inst/reg_freq_mul/output_reg[5]/CE (clocked by pll_adc_clk). Large setup violations at the end of those stages might be difficult to fix during the post-placement implementation flow and could be the result of non-optimal XDC constraints or non-optimal design architecture
Related violations: <none>

TIMING-16#560 Warning
Large setup violation  
There is a large setup violation of -3.097 ns between i_ps/axi_slave_gp0/rd_araddr_reg[22]/C (clocked by adc_clk) and dpll_wrapper_inst/reg_freq_mul/output_reg[6]/CE (clocked by pll_adc_clk). Large setup violations at the end of those stages might be difficult to fix during the post-placement implementation flow and could be the result of non-optimal XDC constraints or non-optimal design architecture
Related violations: <none>

TIMING-16#561 Warning
Large setup violation  
There is a large setup violation of -3.097 ns between i_ps/axi_slave_gp0/rd_araddr_reg[22]/C (clocked by adc_clk) and dpll_wrapper_inst/reg_freq_mul/output_reg[7]/CE (clocked by pll_adc_clk). Large setup violations at the end of those stages might be difficult to fix during the post-placement implementation flow and could be the result of non-optimal XDC constraints or non-optimal design architecture
Related violations: <none>

TIMING-16#562 Warning
Large setup violation  
There is a large setup violation of -3.097 ns between i_ps/axi_slave_gp0/rd_araddr_reg[22]/C (clocked by adc_clk) and dpll_wrapper_inst/reg_freq_mul/output_reg[8]/CE (clocked by pll_adc_clk). Large setup violations at the end of those stages might be difficult to fix during the post-placement implementation flow and could be the result of non-optimal XDC constraints or non-optimal design architecture
Related violations: <none>

TIMING-16#563 Warning
Large setup violation  
There is a large setup violation of -3.104 ns between i_ps/axi_slave_gp0/rd_araddr_reg[22]/C (clocked by adc_clk) and dpll_wrapper_inst/reg_freq_mul/output_reg[13]/CE (clocked by pll_adc_clk). Large setup violations at the end of those stages might be difficult to fix during the post-placement implementation flow and could be the result of non-optimal XDC constraints or non-optimal design architecture
Related violations: <none>

TIMING-16#564 Warning
Large setup violation  
There is a large setup violation of -3.104 ns between i_ps/axi_slave_gp0/rd_araddr_reg[22]/C (clocked by adc_clk) and dpll_wrapper_inst/reg_freq_mul/output_reg[14]/CE (clocked by pll_adc_clk). Large setup violations at the end of those stages might be difficult to fix during the post-placement implementation flow and could be the result of non-optimal XDC constraints or non-optimal design architecture
Related violations: <none>

TIMING-16#565 Warning
Large setup violation  
There is a large setup violation of -3.104 ns between i_ps/axi_slave_gp0/rd_araddr_reg[22]/C (clocked by adc_clk) and dpll_wrapper_inst/reg_freq_mul/output_reg[2]/CE (clocked by pll_adc_clk). Large setup violations at the end of those stages might be difficult to fix during the post-placement implementation flow and could be the result of non-optimal XDC constraints or non-optimal design architecture
Related violations: <none>

TIMING-16#566 Warning
Large setup violation  
There is a large setup violation of -3.104 ns between i_ps/axi_slave_gp0/rd_araddr_reg[22]/C (clocked by adc_clk) and dpll_wrapper_inst/reg_freq_mul/output_reg[4]/CE (clocked by pll_adc_clk). Large setup violations at the end of those stages might be difficult to fix during the post-placement implementation flow and could be the result of non-optimal XDC constraints or non-optimal design architecture
Related violations: <none>

TIMING-16#567 Warning
Large setup violation  
There is a large setup violation of -3.105 ns between i_ps/axi_slave_gp0/rd_do_reg/C (clocked by adc_clk) and Digital_Freq_Meter_inst/parallel_bus_register_32_bits_or_less_freq_c0/output_reg[30]/CE (clocked by pll_adc_clk). Large setup violations at the end of those stages might be difficult to fix during the post-placement implementation flow and could be the result of non-optimal XDC constraints or non-optimal design architecture
Related violations: <none>

TIMING-16#568 Warning
Large setup violation  
There is a large setup violation of -3.106 ns between i_ps/axi_slave_gp0/rd_araddr_reg[22]/C (clocked by adc_clk) and dpll_wrapper_inst/reg_freq_mul/output_reg[15]/CE (clocked by pll_adc_clk). Large setup violations at the end of those stages might be difficult to fix during the post-placement implementation flow and could be the result of non-optimal XDC constraints or non-optimal design architecture
Related violations: <none>

TIMING-16#569 Warning
Large setup violation  
There is a large setup violation of -3.109 ns between i_ps/axi_slave_gp0/rd_do_reg/C (clocked by adc_clk) and dpll_wrapper_inst/reg_freq_thr/output_reg[26]/CE (clocked by pll_adc_clk). Large setup violations at the end of those stages might be difficult to fix during the post-placement implementation flow and could be the result of non-optimal XDC constraints or non-optimal design architecture
Related violations: <none>

TIMING-16#570 Warning
Large setup violation  
There is a large setup violation of -3.112 ns between i_ps/axi_slave_gp0/rd_do_reg/C (clocked by adc_clk) and Digital_Freq_Meter_inst/parallel_bus_register_manual_offset_dac0/output_reg[6]/CE (clocked by pll_adc_clk). Large setup violations at the end of those stages might be difficult to fix during the post-placement implementation flow and could be the result of non-optimal XDC constraints or non-optimal design architecture
Related violations: <none>

TIMING-16#571 Warning
Large setup violation  
There is a large setup violation of -3.113 ns between i_ps/axi_slave_gp0/rd_do_reg/C (clocked by adc_clk) and dpll_wrapper_inst/reg_dac0_offset/output_reg[10]/CE (clocked by pll_adc_clk). Large setup violations at the end of those stages might be difficult to fix during the post-placement implementation flow and could be the result of non-optimal XDC constraints or non-optimal design architecture
Related violations: <none>

TIMING-16#572 Warning
Large setup violation  
There is a large setup violation of -3.113 ns between i_ps/axi_slave_gp0/rd_do_reg/C (clocked by adc_clk) and dpll_wrapper_inst/reg_dac0_offset/output_reg[11]/CE (clocked by pll_adc_clk). Large setup violations at the end of those stages might be difficult to fix during the post-placement implementation flow and could be the result of non-optimal XDC constraints or non-optimal design architecture
Related violations: <none>

TIMING-16#573 Warning
Large setup violation  
There is a large setup violation of -3.113 ns between i_ps/axi_slave_gp0/rd_do_reg/C (clocked by adc_clk) and dpll_wrapper_inst/reg_dac0_offset/output_reg[2]/CE (clocked by pll_adc_clk). Large setup violations at the end of those stages might be difficult to fix during the post-placement implementation flow and could be the result of non-optimal XDC constraints or non-optimal design architecture
Related violations: <none>

TIMING-16#574 Warning
Large setup violation  
There is a large setup violation of -3.113 ns between i_ps/axi_slave_gp0/rd_do_reg/C (clocked by adc_clk) and dpll_wrapper_inst/reg_dac0_offset/output_reg[7]/CE (clocked by pll_adc_clk). Large setup violations at the end of those stages might be difficult to fix during the post-placement implementation flow and could be the result of non-optimal XDC constraints or non-optimal design architecture
Related violations: <none>

TIMING-16#575 Warning
Large setup violation  
There is a large setup violation of -3.121 ns between i_ps/axi_slave_gp0/rd_do_reg/C (clocked by adc_clk) and Digital_Freq_Meter_inst/parallel_bus_register_manual_offset_dac0/output_reg[10]/CE (clocked by pll_adc_clk). Large setup violations at the end of those stages might be difficult to fix during the post-placement implementation flow and could be the result of non-optimal XDC constraints or non-optimal design architecture
Related violations: <none>

TIMING-16#576 Warning
Large setup violation  
There is a large setup violation of -3.121 ns between i_ps/axi_slave_gp0/rd_do_reg/C (clocked by adc_clk) and Digital_Freq_Meter_inst/parallel_bus_register_manual_offset_dac0/output_reg[1]/CE (clocked by pll_adc_clk). Large setup violations at the end of those stages might be difficult to fix during the post-placement implementation flow and could be the result of non-optimal XDC constraints or non-optimal design architecture
Related violations: <none>

TIMING-16#577 Warning
Large setup violation  
There is a large setup violation of -3.121 ns between i_ps/axi_slave_gp0/rd_do_reg/C (clocked by adc_clk) and Digital_Freq_Meter_inst/parallel_bus_register_manual_offset_dac0/output_reg[5]/CE (clocked by pll_adc_clk). Large setup violations at the end of those stages might be difficult to fix during the post-placement implementation flow and could be the result of non-optimal XDC constraints or non-optimal design architecture
Related violations: <none>

TIMING-16#578 Warning
Large setup violation  
There is a large setup violation of -3.124 ns between i_ps/axi_slave_gp0/rd_araddr_reg[22]/C (clocked by adc_clk) and dpll_wrapper_inst/reg_freq_div/output_reg[14]/CE (clocked by pll_adc_clk). Large setup violations at the end of those stages might be difficult to fix during the post-placement implementation flow and could be the result of non-optimal XDC constraints or non-optimal design architecture
Related violations: <none>

TIMING-16#579 Warning
Large setup violation  
There is a large setup violation of -3.132 ns between i_ps/axi_slave_gp0/rd_araddr_reg[22]/C (clocked by adc_clk) and dpll_wrapper_inst/reg_gain_d_compat/output_reg[18]/CE (clocked by pll_adc_clk). Large setup violations at the end of those stages might be difficult to fix during the post-placement implementation flow and could be the result of non-optimal XDC constraints or non-optimal design architecture
Related violations: <none>

TIMING-16#580 Warning
Large setup violation  
There is a large setup violation of -3.132 ns between i_ps/axi_slave_gp0/rd_araddr_reg[22]/C (clocked by adc_clk) and dpll_wrapper_inst/reg_gain_d_compat/output_reg[27]/CE (clocked by pll_adc_clk). Large setup violations at the end of those stages might be difficult to fix during the post-placement implementation flow and could be the result of non-optimal XDC constraints or non-optimal design architecture
Related violations: <none>

TIMING-16#581 Warning
Large setup violation  
There is a large setup violation of -3.140 ns between i_ps/axi_slave_gp0/rd_araddr_reg[22]/C (clocked by adc_clk) and dpll_wrapper_inst/reg_gain_d_compat/output_reg[20]/CE (clocked by pll_adc_clk). Large setup violations at the end of those stages might be difficult to fix during the post-placement implementation flow and could be the result of non-optimal XDC constraints or non-optimal design architecture
Related violations: <none>

TIMING-16#582 Warning
Large setup violation  
There is a large setup violation of -3.140 ns between i_ps/axi_slave_gp0/rd_araddr_reg[22]/C (clocked by adc_clk) and dpll_wrapper_inst/reg_gain_d_compat/output_reg[23]/CE (clocked by pll_adc_clk). Large setup violations at the end of those stages might be difficult to fix during the post-placement implementation flow and could be the result of non-optimal XDC constraints or non-optimal design architecture
Related violations: <none>

TIMING-16#583 Warning
Large setup violation  
There is a large setup violation of -3.140 ns between i_ps/axi_slave_gp0/rd_araddr_reg[22]/C (clocked by adc_clk) and dpll_wrapper_inst/reg_gain_d_compat/output_reg[24]/CE (clocked by pll_adc_clk). Large setup violations at the end of those stages might be difficult to fix during the post-placement implementation flow and could be the result of non-optimal XDC constraints or non-optimal design architecture
Related violations: <none>

TIMING-16#584 Warning
Large setup violation  
There is a large setup violation of -3.147 ns between i_ps/axi_slave_gp0/rd_do_reg/C (clocked by adc_clk) and Digital_Freq_Meter_inst/parallel_bus_register_pll0_gaini/output_reg[0]/CE (clocked by pll_adc_clk). Large setup violations at the end of those stages might be difficult to fix during the post-placement implementation flow and could be the result of non-optimal XDC constraints or non-optimal design architecture
Related violations: <none>

TIMING-16#585 Warning
Large setup violation  
There is a large setup violation of -3.154 ns between i_ps/axi_slave_gp0/rd_araddr_reg[22]/C (clocked by adc_clk) and dpll_wrapper_inst/reg_gain_d_compat/output_reg[12]/CE (clocked by pll_adc_clk). Large setup violations at the end of those stages might be difficult to fix during the post-placement implementation flow and could be the result of non-optimal XDC constraints or non-optimal design architecture
Related violations: <none>

TIMING-16#586 Warning
Large setup violation  
There is a large setup violation of -3.154 ns between i_ps/axi_slave_gp0/rd_araddr_reg[22]/C (clocked by adc_clk) and dpll_wrapper_inst/reg_gain_d_compat/output_reg[5]/CE (clocked by pll_adc_clk). Large setup violations at the end of those stages might be difficult to fix during the post-placement implementation flow and could be the result of non-optimal XDC constraints or non-optimal design architecture
Related violations: <none>

TIMING-16#587 Warning
Large setup violation  
There is a large setup violation of -3.154 ns between i_ps/axi_slave_gp0/rd_araddr_reg[22]/C (clocked by adc_clk) and dpll_wrapper_inst/reg_gain_d_compat/output_reg[9]/CE (clocked by pll_adc_clk). Large setup violations at the end of those stages might be difficult to fix during the post-placement implementation flow and could be the result of non-optimal XDC constraints or non-optimal design architecture
Related violations: <none>

TIMING-16#588 Warning
Large setup violation  
There is a large setup violation of -3.158 ns between i_ps/axi_slave_gp0/rd_do_reg/C (clocked by adc_clk) and Digital_Freq_Meter_inst/parallel_bus_register_pll0_gaini/output_reg[5]/CE (clocked by pll_adc_clk). Large setup violations at the end of those stages might be difficult to fix during the post-placement implementation flow and could be the result of non-optimal XDC constraints or non-optimal design architecture
Related violations: <none>

TIMING-16#589 Warning
Large setup violation  
There is a large setup violation of -3.159 ns between i_ps/axi_slave_gp0/rd_araddr_reg[22]/C (clocked by adc_clk) and dpll_wrapper_inst/reg_debug_source/output_reg[10]/CE (clocked by pll_adc_clk). Large setup violations at the end of those stages might be difficult to fix during the post-placement implementation flow and could be the result of non-optimal XDC constraints or non-optimal design architecture
Related violations: <none>

TIMING-16#590 Warning
Large setup violation  
There is a large setup violation of -3.159 ns between i_ps/axi_slave_gp0/rd_araddr_reg[22]/C (clocked by adc_clk) and dpll_wrapper_inst/reg_debug_source/output_reg[12]/CE (clocked by pll_adc_clk). Large setup violations at the end of those stages might be difficult to fix during the post-placement implementation flow and could be the result of non-optimal XDC constraints or non-optimal design architecture
Related violations: <none>

TIMING-16#591 Warning
Large setup violation  
There is a large setup violation of -3.159 ns between i_ps/axi_slave_gp0/rd_araddr_reg[22]/C (clocked by adc_clk) and dpll_wrapper_inst/reg_debug_source/output_reg[6]/CE (clocked by pll_adc_clk). Large setup violations at the end of those stages might be difficult to fix during the post-placement implementation flow and could be the result of non-optimal XDC constraints or non-optimal design architecture
Related violations: <none>

TIMING-16#592 Warning
Large setup violation  
There is a large setup violation of -3.159 ns between i_ps/axi_slave_gp0/rd_do_reg/C (clocked by adc_clk) and Digital_Freq_Meter_inst/parallel_bus_register_32_bits_or_less_freq_c0/output_reg[13]/CE (clocked by pll_adc_clk). Large setup violations at the end of those stages might be difficult to fix during the post-placement implementation flow and could be the result of non-optimal XDC constraints or non-optimal design architecture
Related violations: <none>

TIMING-16#593 Warning
Large setup violation  
There is a large setup violation of -3.159 ns between i_ps/axi_slave_gp0/rd_do_reg/C (clocked by adc_clk) and Digital_Freq_Meter_inst/parallel_bus_register_32_bits_or_less_freq_c0/output_reg[18]/CE (clocked by pll_adc_clk). Large setup violations at the end of those stages might be difficult to fix during the post-placement implementation flow and could be the result of non-optimal XDC constraints or non-optimal design architecture
Related violations: <none>

TIMING-16#594 Warning
Large setup violation  
There is a large setup violation of -3.159 ns between i_ps/axi_slave_gp0/rd_do_reg/C (clocked by adc_clk) and Digital_Freq_Meter_inst/parallel_bus_register_32_bits_or_less_freq_c0/output_reg[19]/CE (clocked by pll_adc_clk). Large setup violations at the end of those stages might be difficult to fix during the post-placement implementation flow and could be the result of non-optimal XDC constraints or non-optimal design architecture
Related violations: <none>

TIMING-16#595 Warning
Large setup violation  
There is a large setup violation of -3.159 ns between i_ps/axi_slave_gp0/rd_do_reg/C (clocked by adc_clk) and Digital_Freq_Meter_inst/parallel_bus_register_32_bits_or_less_freq_c0/output_reg[24]/CE (clocked by pll_adc_clk). Large setup violations at the end of those stages might be difficult to fix during the post-placement implementation flow and could be the result of non-optimal XDC constraints or non-optimal design architecture
Related violations: <none>

TIMING-16#596 Warning
Large setup violation  
There is a large setup violation of -3.162 ns between i_ps/axi_slave_gp0/rd_araddr_reg[22]/C (clocked by adc_clk) and dpll_wrapper_inst/reg_debug_source/output_reg[22]/CE (clocked by pll_adc_clk). Large setup violations at the end of those stages might be difficult to fix during the post-placement implementation flow and could be the result of non-optimal XDC constraints or non-optimal design architecture
Related violations: <none>

TIMING-16#597 Warning
Large setup violation  
There is a large setup violation of -3.162 ns between i_ps/axi_slave_gp0/rd_araddr_reg[22]/C (clocked by adc_clk) and dpll_wrapper_inst/reg_debug_source/output_reg[25]/CE (clocked by pll_adc_clk). Large setup violations at the end of those stages might be difficult to fix during the post-placement implementation flow and could be the result of non-optimal XDC constraints or non-optimal design architecture
Related violations: <none>

TIMING-16#598 Warning
Large setup violation  
There is a large setup violation of -3.162 ns between i_ps/axi_slave_gp0/rd_araddr_reg[22]/C (clocked by adc_clk) and dpll_wrapper_inst/reg_debug_source/output_reg[29]/CE (clocked by pll_adc_clk). Large setup violations at the end of those stages might be difficult to fix during the post-placement implementation flow and could be the result of non-optimal XDC constraints or non-optimal design architecture
Related violations: <none>

TIMING-16#599 Warning
Large setup violation  
There is a large setup violation of -3.162 ns between i_ps/axi_slave_gp0/rd_araddr_reg[22]/C (clocked by adc_clk) and dpll_wrapper_inst/reg_debug_source/output_reg[30]/CE (clocked by pll_adc_clk). Large setup violations at the end of those stages might be difficult to fix during the post-placement implementation flow and could be the result of non-optimal XDC constraints or non-optimal design architecture
Related violations: <none>

TIMING-16#600 Warning
Large setup violation  
There is a large setup violation of -3.162 ns between i_ps/axi_slave_gp0/rd_do_reg/C (clocked by adc_clk) and Digital_Freq_Meter_inst/parallel_bus_register_manual_offset_dac0/output_reg[2]/CE (clocked by pll_adc_clk). Large setup violations at the end of those stages might be difficult to fix during the post-placement implementation flow and could be the result of non-optimal XDC constraints or non-optimal design architecture
Related violations: <none>

TIMING-16#601 Warning
Large setup violation  
There is a large setup violation of -3.172 ns between i_ps/axi_slave_gp0/rd_do_reg/C (clocked by adc_clk) and Digital_Freq_Meter_inst/parallel_bus_register_gate_clockL/output_reg[17]/CE (clocked by pll_adc_clk). Large setup violations at the end of those stages might be difficult to fix during the post-placement implementation flow and could be the result of non-optimal XDC constraints or non-optimal design architecture
Related violations: <none>

TIMING-16#602 Warning
Large setup violation  
There is a large setup violation of -3.193 ns between i_ps/axi_slave_gp0/rd_do_reg/C (clocked by adc_clk) and Digital_Freq_Meter_inst/parallel_bus_register_32_bits_or_less_freq_c0/output_reg[3]/CE (clocked by pll_adc_clk). Large setup violations at the end of those stages might be difficult to fix during the post-placement implementation flow and could be the result of non-optimal XDC constraints or non-optimal design architecture
Related violations: <none>

TIMING-16#603 Warning
Large setup violation  
There is a large setup violation of -3.204 ns between i_ps/axi_slave_gp0/rd_do_reg/C (clocked by adc_clk) and Digital_Freq_Meter_inst/parallel_bus_register_gate_clockL/output_reg[11]/CE (clocked by pll_adc_clk). Large setup violations at the end of those stages might be difficult to fix during the post-placement implementation flow and could be the result of non-optimal XDC constraints or non-optimal design architecture
Related violations: <none>

TIMING-16#604 Warning
Large setup violation  
There is a large setup violation of -3.204 ns between i_ps/axi_slave_gp0/rd_do_reg/C (clocked by adc_clk) and Digital_Freq_Meter_inst/parallel_bus_register_gate_clockL/output_reg[16]/CE (clocked by pll_adc_clk). Large setup violations at the end of those stages might be difficult to fix during the post-placement implementation flow and could be the result of non-optimal XDC constraints or non-optimal design architecture
Related violations: <none>

TIMING-16#605 Warning
Large setup violation  
There is a large setup violation of -3.204 ns between i_ps/axi_slave_gp0/rd_do_reg/C (clocked by adc_clk) and Digital_Freq_Meter_inst/parallel_bus_register_gate_clockL/output_reg[8]/CE (clocked by pll_adc_clk). Large setup violations at the end of those stages might be difficult to fix during the post-placement implementation flow and could be the result of non-optimal XDC constraints or non-optimal design architecture
Related violations: <none>

TIMING-16#606 Warning
Large setup violation  
There is a large setup violation of -3.204 ns between i_ps/axi_slave_gp0/rd_do_reg/C (clocked by adc_clk) and Digital_Freq_Meter_inst/parallel_bus_register_gate_clockL/output_reg[9]/CE (clocked by pll_adc_clk). Large setup violations at the end of those stages might be difficult to fix during the post-placement implementation flow and could be the result of non-optimal XDC constraints or non-optimal design architecture
Related violations: <none>

TIMING-16#607 Warning
Large setup violation  
There is a large setup violation of -3.208 ns between i_ps/axi_slave_gp0/rd_araddr_reg[22]/C (clocked by adc_clk) and dpll_wrapper_inst/reg_debug_source/output_reg[0]/CE (clocked by pll_adc_clk). Large setup violations at the end of those stages might be difficult to fix during the post-placement implementation flow and could be the result of non-optimal XDC constraints or non-optimal design architecture
Related violations: <none>

TIMING-16#608 Warning
Large setup violation  
There is a large setup violation of -3.208 ns between i_ps/axi_slave_gp0/rd_araddr_reg[22]/C (clocked by adc_clk) and dpll_wrapper_inst/reg_debug_source/output_reg[1]/CE (clocked by pll_adc_clk). Large setup violations at the end of those stages might be difficult to fix during the post-placement implementation flow and could be the result of non-optimal XDC constraints or non-optimal design architecture
Related violations: <none>

TIMING-16#609 Warning
Large setup violation  
There is a large setup violation of -3.208 ns between i_ps/axi_slave_gp0/rd_araddr_reg[22]/C (clocked by adc_clk) and dpll_wrapper_inst/reg_debug_source/output_reg[2]/CE (clocked by pll_adc_clk). Large setup violations at the end of those stages might be difficult to fix during the post-placement implementation flow and could be the result of non-optimal XDC constraints or non-optimal design architecture
Related violations: <none>

TIMING-16#610 Warning
Large setup violation  
There is a large setup violation of -3.208 ns between i_ps/axi_slave_gp0/rd_araddr_reg[22]/C (clocked by adc_clk) and dpll_wrapper_inst/reg_debug_source/output_reg[3]/CE (clocked by pll_adc_clk). Large setup violations at the end of those stages might be difficult to fix during the post-placement implementation flow and could be the result of non-optimal XDC constraints or non-optimal design architecture
Related violations: <none>

TIMING-16#611 Warning
Large setup violation  
There is a large setup violation of -3.208 ns between i_ps/axi_slave_gp0/rd_araddr_reg[22]/C (clocked by adc_clk) and dpll_wrapper_inst/reg_gain_d_compat/output_reg[25]/CE (clocked by pll_adc_clk). Large setup violations at the end of those stages might be difficult to fix during the post-placement implementation flow and could be the result of non-optimal XDC constraints or non-optimal design architecture
Related violations: <none>

TIMING-16#612 Warning
Large setup violation  
There is a large setup violation of -3.213 ns between i_ps/axi_slave_gp0/rd_do_reg/C (clocked by adc_clk) and Digital_Freq_Meter_inst/parallel_bus_register_gate_clockL/output_reg[14]/CE (clocked by pll_adc_clk). Large setup violations at the end of those stages might be difficult to fix during the post-placement implementation flow and could be the result of non-optimal XDC constraints or non-optimal design architecture
Related violations: <none>

TIMING-16#613 Warning
Large setup violation  
There is a large setup violation of -3.213 ns between i_ps/axi_slave_gp0/rd_do_reg/C (clocked by adc_clk) and Digital_Freq_Meter_inst/parallel_bus_register_gate_clockL/output_reg[20]/CE (clocked by pll_adc_clk). Large setup violations at the end of those stages might be difficult to fix during the post-placement implementation flow and could be the result of non-optimal XDC constraints or non-optimal design architecture
Related violations: <none>

TIMING-16#614 Warning
Large setup violation  
There is a large setup violation of -3.213 ns between i_ps/axi_slave_gp0/rd_do_reg/C (clocked by adc_clk) and Digital_Freq_Meter_inst/parallel_bus_register_gate_clockL/output_reg[22]/CE (clocked by pll_adc_clk). Large setup violations at the end of those stages might be difficult to fix during the post-placement implementation flow and could be the result of non-optimal XDC constraints or non-optimal design architecture
Related violations: <none>

TIMING-16#615 Warning
Large setup violation  
There is a large setup violation of -3.213 ns between i_ps/axi_slave_gp0/rd_do_reg/C (clocked by adc_clk) and Digital_Freq_Meter_inst/parallel_bus_register_gate_clockL/output_reg[23]/CE (clocked by pll_adc_clk). Large setup violations at the end of those stages might be difficult to fix during the post-placement implementation flow and could be the result of non-optimal XDC constraints or non-optimal design architecture
Related violations: <none>

TIMING-16#616 Warning
Large setup violation  
There is a large setup violation of -3.213 ns between i_ps/axi_slave_gp0/rd_do_reg/C (clocked by adc_clk) and Digital_Freq_Meter_inst/parallel_bus_register_gate_clockL/output_reg[28]/CE (clocked by pll_adc_clk). Large setup violations at the end of those stages might be difficult to fix during the post-placement implementation flow and could be the result of non-optimal XDC constraints or non-optimal design architecture
Related violations: <none>

TIMING-16#617 Warning
Large setup violation  
There is a large setup violation of -3.217 ns between i_ps/axi_slave_gp0/rd_do_reg/C (clocked by adc_clk) and Digital_Freq_Meter_inst/parallel_bus_register_gate_clockL/output_reg[25]/CE (clocked by pll_adc_clk). Large setup violations at the end of those stages might be difficult to fix during the post-placement implementation flow and could be the result of non-optimal XDC constraints or non-optimal design architecture
Related violations: <none>

TIMING-16#618 Warning
Large setup violation  
There is a large setup violation of -3.217 ns between i_ps/axi_slave_gp0/rd_do_reg/C (clocked by adc_clk) and Digital_Freq_Meter_inst/parallel_bus_register_gate_clockL/output_reg[26]/CE (clocked by pll_adc_clk). Large setup violations at the end of those stages might be difficult to fix during the post-placement implementation flow and could be the result of non-optimal XDC constraints or non-optimal design architecture
Related violations: <none>

TIMING-16#619 Warning
Large setup violation  
There is a large setup violation of -3.217 ns between i_ps/axi_slave_gp0/rd_do_reg/C (clocked by adc_clk) and Digital_Freq_Meter_inst/parallel_bus_register_gate_clockL/output_reg[29]/CE (clocked by pll_adc_clk). Large setup violations at the end of those stages might be difficult to fix during the post-placement implementation flow and could be the result of non-optimal XDC constraints or non-optimal design architecture
Related violations: <none>

TIMING-16#620 Warning
Large setup violation  
There is a large setup violation of -3.217 ns between i_ps/axi_slave_gp0/rd_do_reg/C (clocked by adc_clk) and Digital_Freq_Meter_inst/parallel_bus_register_gate_clockL/output_reg[30]/CE (clocked by pll_adc_clk). Large setup violations at the end of those stages might be difficult to fix during the post-placement implementation flow and could be the result of non-optimal XDC constraints or non-optimal design architecture
Related violations: <none>

TIMING-16#621 Warning
Large setup violation  
There is a large setup violation of -3.217 ns between i_ps/axi_slave_gp0/rd_do_reg/C (clocked by adc_clk) and Digital_Freq_Meter_inst/parallel_bus_register_gate_clockL/output_reg[31]/CE (clocked by pll_adc_clk). Large setup violations at the end of those stages might be difficult to fix during the post-placement implementation flow and could be the result of non-optimal XDC constraints or non-optimal design architecture
Related violations: <none>

TIMING-16#622 Warning
Large setup violation  
There is a large setup violation of -3.219 ns between i_ps/axi_slave_gp0/rd_do_reg/C (clocked by adc_clk) and dpll_wrapper_inst/reg_debug_gain/output_reg[13]/CE (clocked by pll_adc_clk). Large setup violations at the end of those stages might be difficult to fix during the post-placement implementation flow and could be the result of non-optimal XDC constraints or non-optimal design architecture
Related violations: <none>

TIMING-16#623 Warning
Large setup violation  
There is a large setup violation of -3.219 ns between i_ps/axi_slave_gp0/rd_do_reg/C (clocked by adc_clk) and dpll_wrapper_inst/reg_debug_gain/output_reg[14]/CE (clocked by pll_adc_clk). Large setup violations at the end of those stages might be difficult to fix during the post-placement implementation flow and could be the result of non-optimal XDC constraints or non-optimal design architecture
Related violations: <none>

TIMING-16#624 Warning
Large setup violation  
There is a large setup violation of -3.219 ns between i_ps/axi_slave_gp0/rd_do_reg/C (clocked by adc_clk) and dpll_wrapper_inst/reg_debug_gain/output_reg[4]/CE (clocked by pll_adc_clk). Large setup violations at the end of those stages might be difficult to fix during the post-placement implementation flow and could be the result of non-optimal XDC constraints or non-optimal design architecture
Related violations: <none>

TIMING-16#625 Warning
Large setup violation  
There is a large setup violation of -3.219 ns between i_ps/axi_slave_gp0/rd_do_reg/C (clocked by adc_clk) and dpll_wrapper_inst/reg_debug_gain/output_reg[5]/CE (clocked by pll_adc_clk). Large setup violations at the end of those stages might be difficult to fix during the post-placement implementation flow and could be the result of non-optimal XDC constraints or non-optimal design architecture
Related violations: <none>

TIMING-16#626 Warning
Large setup violation  
There is a large setup violation of -3.219 ns between i_ps/axi_slave_gp0/rd_do_reg/C (clocked by adc_clk) and dpll_wrapper_inst/reg_debug_gain/output_reg[7]/CE (clocked by pll_adc_clk). Large setup violations at the end of those stages might be difficult to fix during the post-placement implementation flow and could be the result of non-optimal XDC constraints or non-optimal design architecture
Related violations: <none>

TIMING-16#627 Warning
Large setup violation  
There is a large setup violation of -3.219 ns between i_ps/axi_slave_gp0/rd_do_reg/C (clocked by adc_clk) and dpll_wrapper_inst/reg_debug_gain/output_reg[8]/CE (clocked by pll_adc_clk). Large setup violations at the end of those stages might be difficult to fix during the post-placement implementation flow and could be the result of non-optimal XDC constraints or non-optimal design architecture
Related violations: <none>

TIMING-16#628 Warning
Large setup violation  
There is a large setup violation of -3.219 ns between i_ps/axi_slave_gp0/rd_do_reg/C (clocked by adc_clk) and dpll_wrapper_inst/reg_debug_gain/output_reg[9]/CE (clocked by pll_adc_clk). Large setup violations at the end of those stages might be difficult to fix during the post-placement implementation flow and could be the result of non-optimal XDC constraints or non-optimal design architecture
Related violations: <none>

TIMING-16#629 Warning
Large setup violation  
There is a large setup violation of -3.226 ns between i_ps/axi_slave_gp0/rd_do_reg/C (clocked by adc_clk) and Digital_Freq_Meter_inst/parallel_bus_register_32_bits_or_less_freq_c0/output_reg[15]/CE (clocked by pll_adc_clk). Large setup violations at the end of those stages might be difficult to fix during the post-placement implementation flow and could be the result of non-optimal XDC constraints or non-optimal design architecture
Related violations: <none>

TIMING-16#630 Warning
Large setup violation  
There is a large setup violation of -3.226 ns between i_ps/axi_slave_gp0/rd_do_reg/C (clocked by adc_clk) and Digital_Freq_Meter_inst/parallel_bus_register_32_bits_or_less_freq_c0/output_reg[17]/CE (clocked by pll_adc_clk). Large setup violations at the end of those stages might be difficult to fix during the post-placement implementation flow and could be the result of non-optimal XDC constraints or non-optimal design architecture
Related violations: <none>

TIMING-16#631 Warning
Large setup violation  
There is a large setup violation of -3.226 ns between i_ps/axi_slave_gp0/rd_do_reg/C (clocked by adc_clk) and Digital_Freq_Meter_inst/parallel_bus_register_32_bits_or_less_freq_c0/output_reg[21]/CE (clocked by pll_adc_clk). Large setup violations at the end of those stages might be difficult to fix during the post-placement implementation flow and could be the result of non-optimal XDC constraints or non-optimal design architecture
Related violations: <none>

TIMING-16#632 Warning
Large setup violation  
There is a large setup violation of -3.226 ns between i_ps/axi_slave_gp0/rd_do_reg/C (clocked by adc_clk) and Digital_Freq_Meter_inst/parallel_bus_register_32_bits_or_less_freq_c0/output_reg[23]/CE (clocked by pll_adc_clk). Large setup violations at the end of those stages might be difficult to fix during the post-placement implementation flow and could be the result of non-optimal XDC constraints or non-optimal design architecture
Related violations: <none>

TIMING-16#633 Warning
Large setup violation  
There is a large setup violation of -3.229 ns between i_ps/axi_slave_gp0/rd_araddr_reg[22]/C (clocked by adc_clk) and dpll_wrapper_inst/reg_center_freq/output_reg[30]/CE (clocked by pll_adc_clk). Large setup violations at the end of those stages might be difficult to fix during the post-placement implementation flow and could be the result of non-optimal XDC constraints or non-optimal design architecture
Related violations: <none>

TIMING-16#634 Warning
Large setup violation  
There is a large setup violation of -3.232 ns between i_ps/axi_slave_gp0/rd_araddr_reg[22]/C (clocked by adc_clk) and dpll_wrapper_inst/reg_freq_div/output_reg[10]/CE (clocked by pll_adc_clk). Large setup violations at the end of those stages might be difficult to fix during the post-placement implementation flow and could be the result of non-optimal XDC constraints or non-optimal design architecture
Related violations: <none>

TIMING-16#635 Warning
Large setup violation  
There is a large setup violation of -3.232 ns between i_ps/axi_slave_gp0/rd_araddr_reg[22]/C (clocked by adc_clk) and dpll_wrapper_inst/reg_freq_div/output_reg[13]/CE (clocked by pll_adc_clk). Large setup violations at the end of those stages might be difficult to fix during the post-placement implementation flow and could be the result of non-optimal XDC constraints or non-optimal design architecture
Related violations: <none>

TIMING-16#636 Warning
Large setup violation  
There is a large setup violation of -3.232 ns between i_ps/axi_slave_gp0/rd_araddr_reg[22]/C (clocked by adc_clk) and dpll_wrapper_inst/reg_freq_div/output_reg[4]/CE (clocked by pll_adc_clk). Large setup violations at the end of those stages might be difficult to fix during the post-placement implementation flow and could be the result of non-optimal XDC constraints or non-optimal design architecture
Related violations: <none>

TIMING-16#637 Warning
Large setup violation  
There is a large setup violation of -3.232 ns between i_ps/axi_slave_gp0/rd_araddr_reg[22]/C (clocked by adc_clk) and dpll_wrapper_inst/reg_freq_div/output_reg[7]/CE (clocked by pll_adc_clk). Large setup violations at the end of those stages might be difficult to fix during the post-placement implementation flow and could be the result of non-optimal XDC constraints or non-optimal design architecture
Related violations: <none>

TIMING-16#638 Warning
Large setup violation  
There is a large setup violation of -3.234 ns between i_ps/axi_slave_gp0/rd_do_reg/C (clocked by adc_clk) and dpll_wrapper_inst/reg_debug_format/output_reg[17]/CE (clocked by pll_adc_clk). Large setup violations at the end of those stages might be difficult to fix during the post-placement implementation flow and could be the result of non-optimal XDC constraints or non-optimal design architecture
Related violations: <none>

TIMING-16#639 Warning
Large setup violation  
There is a large setup violation of -3.234 ns between i_ps/axi_slave_gp0/rd_do_reg/C (clocked by adc_clk) and dpll_wrapper_inst/reg_debug_format/output_reg[20]/CE (clocked by pll_adc_clk). Large setup violations at the end of those stages might be difficult to fix during the post-placement implementation flow and could be the result of non-optimal XDC constraints or non-optimal design architecture
Related violations: <none>

TIMING-16#640 Warning
Large setup violation  
There is a large setup violation of -3.234 ns between i_ps/axi_slave_gp0/rd_do_reg/C (clocked by adc_clk) and dpll_wrapper_inst/reg_debug_format/output_reg[23]/CE (clocked by pll_adc_clk). Large setup violations at the end of those stages might be difficult to fix during the post-placement implementation flow and could be the result of non-optimal XDC constraints or non-optimal design architecture
Related violations: <none>

TIMING-16#641 Warning
Large setup violation  
There is a large setup violation of -3.234 ns between i_ps/axi_slave_gp0/rd_do_reg/C (clocked by adc_clk) and dpll_wrapper_inst/reg_debug_format/output_reg[28]/CE (clocked by pll_adc_clk). Large setup violations at the end of those stages might be difficult to fix during the post-placement implementation flow and could be the result of non-optimal XDC constraints or non-optimal design architecture
Related violations: <none>

TIMING-16#642 Warning
Large setup violation  
There is a large setup violation of -3.236 ns between i_ps/axi_slave_gp0/rd_do_reg/C (clocked by adc_clk) and Digital_Freq_Meter_inst/parallel_bus_register_pll0_gaini/output_reg[28]/CE (clocked by pll_adc_clk). Large setup violations at the end of those stages might be difficult to fix during the post-placement implementation flow and could be the result of non-optimal XDC constraints or non-optimal design architecture
Related violations: <none>

TIMING-16#643 Warning
Large setup violation  
There is a large setup violation of -3.236 ns between i_ps/axi_slave_gp0/rd_do_reg/C (clocked by adc_clk) and Digital_Freq_Meter_inst/parallel_bus_register_pll0_gaini/output_reg[29]/CE (clocked by pll_adc_clk). Large setup violations at the end of those stages might be difficult to fix during the post-placement implementation flow and could be the result of non-optimal XDC constraints or non-optimal design architecture
Related violations: <none>

TIMING-16#644 Warning
Large setup violation  
There is a large setup violation of -3.245 ns between i_ps/axi_slave_gp0/rd_do_reg/C (clocked by adc_clk) and Digital_Freq_Meter_inst/parallel_bus_register_32_bits_or_less_freq_c0/output_reg[12]/CE (clocked by pll_adc_clk). Large setup violations at the end of those stages might be difficult to fix during the post-placement implementation flow and could be the result of non-optimal XDC constraints or non-optimal design architecture
Related violations: <none>

TIMING-16#645 Warning
Large setup violation  
There is a large setup violation of -3.245 ns between i_ps/axi_slave_gp0/rd_do_reg/C (clocked by adc_clk) and Digital_Freq_Meter_inst/parallel_bus_register_32_bits_or_less_freq_c0/output_reg[7]/CE (clocked by pll_adc_clk). Large setup violations at the end of those stages might be difficult to fix during the post-placement implementation flow and could be the result of non-optimal XDC constraints or non-optimal design architecture
Related violations: <none>

TIMING-16#646 Warning
Large setup violation  
There is a large setup violation of -3.246 ns between i_ps/axi_slave_gp0/rd_do_reg/C (clocked by adc_clk) and Digital_Freq_Meter_inst/parallel_bus_register_32_bits_or_less_freq_c0/output_reg[25]/CE (clocked by pll_adc_clk). Large setup violations at the end of those stages might be difficult to fix during the post-placement implementation flow and could be the result of non-optimal XDC constraints or non-optimal design architecture
Related violations: <none>

TIMING-16#647 Warning
Large setup violation  
There is a large setup violation of -3.246 ns between i_ps/axi_slave_gp0/rd_do_reg/C (clocked by adc_clk) and Digital_Freq_Meter_inst/parallel_bus_register_32_bits_or_less_freq_c0/output_reg[28]/CE (clocked by pll_adc_clk). Large setup violations at the end of those stages might be difficult to fix during the post-placement implementation flow and could be the result of non-optimal XDC constraints or non-optimal design architecture
Related violations: <none>

TIMING-16#648 Warning
Large setup violation  
There is a large setup violation of -3.248 ns between i_ps/axi_slave_gp0/rd_do_reg/C (clocked by adc_clk) and dpll_wrapper_inst/reg_debug_format/output_reg[0]/CE (clocked by pll_adc_clk). Large setup violations at the end of those stages might be difficult to fix during the post-placement implementation flow and could be the result of non-optimal XDC constraints or non-optimal design architecture
Related violations: <none>

TIMING-16#649 Warning
Large setup violation  
There is a large setup violation of -3.248 ns between i_ps/axi_slave_gp0/rd_do_reg/C (clocked by adc_clk) and dpll_wrapper_inst/reg_debug_format/output_reg[11]/CE (clocked by pll_adc_clk). Large setup violations at the end of those stages might be difficult to fix during the post-placement implementation flow and could be the result of non-optimal XDC constraints or non-optimal design architecture
Related violations: <none>

TIMING-16#650 Warning
Large setup violation  
There is a large setup violation of -3.248 ns between i_ps/axi_slave_gp0/rd_do_reg/C (clocked by adc_clk) and dpll_wrapper_inst/reg_debug_format/output_reg[24]/CE (clocked by pll_adc_clk). Large setup violations at the end of those stages might be difficult to fix during the post-placement implementation flow and could be the result of non-optimal XDC constraints or non-optimal design architecture
Related violations: <none>

TIMING-16#651 Warning
Large setup violation  
There is a large setup violation of -3.248 ns between i_ps/axi_slave_gp0/rd_do_reg/C (clocked by adc_clk) and dpll_wrapper_inst/reg_debug_format/output_reg[27]/CE (clocked by pll_adc_clk). Large setup violations at the end of those stages might be difficult to fix during the post-placement implementation flow and could be the result of non-optimal XDC constraints or non-optimal design architecture
Related violations: <none>

TIMING-16#652 Warning
Large setup violation  
There is a large setup violation of -3.249 ns between i_ps/axi_slave_gp0/rd_do_reg/C (clocked by adc_clk) and dpll_wrapper_inst/reg_freq_thr/output_reg[13]/CE (clocked by pll_adc_clk). Large setup violations at the end of those stages might be difficult to fix during the post-placement implementation flow and could be the result of non-optimal XDC constraints or non-optimal design architecture
Related violations: <none>

TIMING-16#653 Warning
Large setup violation  
There is a large setup violation of -3.249 ns between i_ps/axi_slave_gp0/rd_do_reg/C (clocked by adc_clk) and dpll_wrapper_inst/reg_freq_thr/output_reg[15]/CE (clocked by pll_adc_clk). Large setup violations at the end of those stages might be difficult to fix during the post-placement implementation flow and could be the result of non-optimal XDC constraints or non-optimal design architecture
Related violations: <none>

TIMING-16#654 Warning
Large setup violation  
There is a large setup violation of -3.249 ns between i_ps/axi_slave_gp0/rd_do_reg/C (clocked by adc_clk) and dpll_wrapper_inst/reg_freq_thr/output_reg[17]/CE (clocked by pll_adc_clk). Large setup violations at the end of those stages might be difficult to fix during the post-placement implementation flow and could be the result of non-optimal XDC constraints or non-optimal design architecture
Related violations: <none>

TIMING-16#655 Warning
Large setup violation  
There is a large setup violation of -3.249 ns between i_ps/axi_slave_gp0/rd_do_reg/C (clocked by adc_clk) and dpll_wrapper_inst/reg_freq_thr/output_reg[19]/CE (clocked by pll_adc_clk). Large setup violations at the end of those stages might be difficult to fix during the post-placement implementation flow and could be the result of non-optimal XDC constraints or non-optimal design architecture
Related violations: <none>

TIMING-16#656 Warning
Large setup violation  
There is a large setup violation of -3.249 ns between i_ps/axi_slave_gp0/rd_do_reg/C (clocked by adc_clk) and dpll_wrapper_inst/reg_freq_thr/output_reg[21]/CE (clocked by pll_adc_clk). Large setup violations at the end of those stages might be difficult to fix during the post-placement implementation flow and could be the result of non-optimal XDC constraints or non-optimal design architecture
Related violations: <none>

TIMING-16#657 Warning
Large setup violation  
There is a large setup violation of -3.258 ns between i_ps/axi_slave_gp0/rd_do_reg/C (clocked by adc_clk) and Digital_Freq_Meter_inst/parallel_bus_register_32_bits_or_less_freq_c0/output_reg[6]/CE (clocked by pll_adc_clk). Large setup violations at the end of those stages might be difficult to fix during the post-placement implementation flow and could be the result of non-optimal XDC constraints or non-optimal design architecture
Related violations: <none>

TIMING-16#658 Warning
Large setup violation  
There is a large setup violation of -3.268 ns between i_ps/axi_slave_gp0/rd_do_reg/C (clocked by adc_clk) and dpll_wrapper_inst/reg_debug_format/output_reg[15]/CE (clocked by pll_adc_clk). Large setup violations at the end of those stages might be difficult to fix during the post-placement implementation flow and could be the result of non-optimal XDC constraints or non-optimal design architecture
Related violations: <none>

TIMING-16#659 Warning
Large setup violation  
There is a large setup violation of -3.268 ns between i_ps/axi_slave_gp0/rd_do_reg/C (clocked by adc_clk) and dpll_wrapper_inst/reg_debug_format/output_reg[16]/CE (clocked by pll_adc_clk). Large setup violations at the end of those stages might be difficult to fix during the post-placement implementation flow and could be the result of non-optimal XDC constraints or non-optimal design architecture
Related violations: <none>

TIMING-16#660 Warning
Large setup violation  
There is a large setup violation of -3.268 ns between i_ps/axi_slave_gp0/rd_do_reg/C (clocked by adc_clk) and dpll_wrapper_inst/reg_debug_format/output_reg[18]/CE (clocked by pll_adc_clk). Large setup violations at the end of those stages might be difficult to fix during the post-placement implementation flow and could be the result of non-optimal XDC constraints or non-optimal design architecture
Related violations: <none>

TIMING-16#661 Warning
Large setup violation  
There is a large setup violation of -3.268 ns between i_ps/axi_slave_gp0/rd_do_reg/C (clocked by adc_clk) and dpll_wrapper_inst/reg_debug_format/output_reg[19]/CE (clocked by pll_adc_clk). Large setup violations at the end of those stages might be difficult to fix during the post-placement implementation flow and could be the result of non-optimal XDC constraints or non-optimal design architecture
Related violations: <none>

TIMING-16#662 Warning
Large setup violation  
There is a large setup violation of -3.270 ns between i_ps/axi_slave_gp0/rd_do_reg/C (clocked by adc_clk) and dpll_wrapper_inst/reg_dac0_offset/output_reg[0]/CE (clocked by pll_adc_clk). Large setup violations at the end of those stages might be difficult to fix during the post-placement implementation flow and could be the result of non-optimal XDC constraints or non-optimal design architecture
Related violations: <none>

TIMING-16#663 Warning
Large setup violation  
There is a large setup violation of -3.270 ns between i_ps/axi_slave_gp0/rd_do_reg/C (clocked by adc_clk) and dpll_wrapper_inst/reg_dac0_offset/output_reg[3]/CE (clocked by pll_adc_clk). Large setup violations at the end of those stages might be difficult to fix during the post-placement implementation flow and could be the result of non-optimal XDC constraints or non-optimal design architecture
Related violations: <none>

TIMING-16#664 Warning
Large setup violation  
There is a large setup violation of -3.270 ns between i_ps/axi_slave_gp0/rd_do_reg/C (clocked by adc_clk) and dpll_wrapper_inst/reg_dac0_offset/output_reg[4]/CE (clocked by pll_adc_clk). Large setup violations at the end of those stages might be difficult to fix during the post-placement implementation flow and could be the result of non-optimal XDC constraints or non-optimal design architecture
Related violations: <none>

TIMING-16#665 Warning
Large setup violation  
There is a large setup violation of -3.270 ns between i_ps/axi_slave_gp0/rd_do_reg/C (clocked by adc_clk) and dpll_wrapper_inst/reg_dac0_offset/output_reg[5]/CE (clocked by pll_adc_clk). Large setup violations at the end of those stages might be difficult to fix during the post-placement implementation flow and could be the result of non-optimal XDC constraints or non-optimal design architecture
Related violations: <none>

TIMING-16#666 Warning
Large setup violation  
There is a large setup violation of -3.270 ns between i_ps/axi_slave_gp0/rd_do_reg/C (clocked by adc_clk) and dpll_wrapper_inst/reg_dac0_offset/output_reg[6]/CE (clocked by pll_adc_clk). Large setup violations at the end of those stages might be difficult to fix during the post-placement implementation flow and could be the result of non-optimal XDC constraints or non-optimal design architecture
Related violations: <none>

TIMING-16#667 Warning
Large setup violation  
There is a large setup violation of -3.270 ns between i_ps/axi_slave_gp0/rd_do_reg/C (clocked by adc_clk) and dpll_wrapper_inst/reg_debug_format/output_reg[1]/CE (clocked by pll_adc_clk). Large setup violations at the end of those stages might be difficult to fix during the post-placement implementation flow and could be the result of non-optimal XDC constraints or non-optimal design architecture
Related violations: <none>

TIMING-16#668 Warning
Large setup violation  
There is a large setup violation of -3.270 ns between i_ps/axi_slave_gp0/rd_do_reg/C (clocked by adc_clk) and dpll_wrapper_inst/reg_debug_format/output_reg[5]/CE (clocked by pll_adc_clk). Large setup violations at the end of those stages might be difficult to fix during the post-placement implementation flow and could be the result of non-optimal XDC constraints or non-optimal design architecture
Related violations: <none>

TIMING-16#669 Warning
Large setup violation  
There is a large setup violation of -3.270 ns between i_ps/axi_slave_gp0/rd_do_reg/C (clocked by adc_clk) and dpll_wrapper_inst/reg_debug_format/output_reg[7]/CE (clocked by pll_adc_clk). Large setup violations at the end of those stages might be difficult to fix during the post-placement implementation flow and could be the result of non-optimal XDC constraints or non-optimal design architecture
Related violations: <none>

TIMING-16#670 Warning
Large setup violation  
There is a large setup violation of -3.270 ns between i_ps/axi_slave_gp0/rd_do_reg/C (clocked by adc_clk) and dpll_wrapper_inst/reg_debug_format/output_reg[8]/CE (clocked by pll_adc_clk). Large setup violations at the end of those stages might be difficult to fix during the post-placement implementation flow and could be the result of non-optimal XDC constraints or non-optimal design architecture
Related violations: <none>

TIMING-16#671 Warning
Large setup violation  
There is a large setup violation of -3.276 ns between i_ps/axi_slave_gp0/rd_do_reg/C (clocked by adc_clk) and dpll_wrapper_inst/reg_dac0_offset/output_reg[13]/CE (clocked by pll_adc_clk). Large setup violations at the end of those stages might be difficult to fix during the post-placement implementation flow and could be the result of non-optimal XDC constraints or non-optimal design architecture
Related violations: <none>

TIMING-16#672 Warning
Large setup violation  
There is a large setup violation of -3.276 ns between i_ps/axi_slave_gp0/rd_do_reg/C (clocked by adc_clk) and dpll_wrapper_inst/reg_dac0_offset/output_reg[1]/CE (clocked by pll_adc_clk). Large setup violations at the end of those stages might be difficult to fix during the post-placement implementation flow and could be the result of non-optimal XDC constraints or non-optimal design architecture
Related violations: <none>

TIMING-16#673 Warning
Large setup violation  
There is a large setup violation of -3.277 ns between i_ps/axi_slave_gp0/rd_araddr_reg[22]/C (clocked by adc_clk) and dpll_wrapper_inst/reg_coef_compat/output_reg[12]/CE (clocked by pll_adc_clk). Large setup violations at the end of those stages might be difficult to fix during the post-placement implementation flow and could be the result of non-optimal XDC constraints or non-optimal design architecture
Related violations: <none>

TIMING-16#674 Warning
Large setup violation  
There is a large setup violation of -3.277 ns between i_ps/axi_slave_gp0/rd_araddr_reg[22]/C (clocked by adc_clk) and dpll_wrapper_inst/reg_coef_compat/output_reg[5]/CE (clocked by pll_adc_clk). Large setup violations at the end of those stages might be difficult to fix during the post-placement implementation flow and could be the result of non-optimal XDC constraints or non-optimal design architecture
Related violations: <none>

TIMING-16#675 Warning
Large setup violation  
There is a large setup violation of -3.277 ns between i_ps/axi_slave_gp0/rd_araddr_reg[22]/C (clocked by adc_clk) and dpll_wrapper_inst/reg_coef_compat/output_reg[9]/CE (clocked by pll_adc_clk). Large setup violations at the end of those stages might be difficult to fix during the post-placement implementation flow and could be the result of non-optimal XDC constraints or non-optimal design architecture
Related violations: <none>

TIMING-16#676 Warning
Large setup violation  
There is a large setup violation of -3.280 ns between i_ps/axi_slave_gp0/rd_do_reg/C (clocked by adc_clk) and Digital_Freq_Meter_inst/parallel_bus_register_pll0_gaini/output_reg[17]/CE (clocked by pll_adc_clk). Large setup violations at the end of those stages might be difficult to fix during the post-placement implementation flow and could be the result of non-optimal XDC constraints or non-optimal design architecture
Related violations: <none>

TIMING-16#677 Warning
Large setup violation  
There is a large setup violation of -3.283 ns between i_ps/axi_slave_gp0/rd_do_reg/C (clocked by adc_clk) and Digital_Freq_Meter_inst/parallel_bus_register_pll0_gainii/output_reg[12]/CE (clocked by pll_adc_clk). Large setup violations at the end of those stages might be difficult to fix during the post-placement implementation flow and could be the result of non-optimal XDC constraints or non-optimal design architecture
Related violations: <none>

TIMING-16#678 Warning
Large setup violation  
There is a large setup violation of -3.283 ns between i_ps/axi_slave_gp0/rd_do_reg/C (clocked by adc_clk) and Digital_Freq_Meter_inst/parallel_bus_register_pll0_gainii/output_reg[13]/CE (clocked by pll_adc_clk). Large setup violations at the end of those stages might be difficult to fix during the post-placement implementation flow and could be the result of non-optimal XDC constraints or non-optimal design architecture
Related violations: <none>

TIMING-16#679 Warning
Large setup violation  
There is a large setup violation of -3.283 ns between i_ps/axi_slave_gp0/rd_do_reg/C (clocked by adc_clk) and Digital_Freq_Meter_inst/parallel_bus_register_pll0_gainii/output_reg[9]/CE (clocked by pll_adc_clk). Large setup violations at the end of those stages might be difficult to fix during the post-placement implementation flow and could be the result of non-optimal XDC constraints or non-optimal design architecture
Related violations: <none>

TIMING-16#680 Warning
Large setup violation  
There is a large setup violation of -3.290 ns between i_ps/axi_slave_gp0/rd_araddr_reg[22]/C (clocked by adc_clk) and dpll_wrapper_inst/reg_center_freq/output_reg[23]/CE (clocked by pll_adc_clk). Large setup violations at the end of those stages might be difficult to fix during the post-placement implementation flow and could be the result of non-optimal XDC constraints or non-optimal design architecture
Related violations: <none>

TIMING-16#681 Warning
Large setup violation  
There is a large setup violation of -3.290 ns between i_ps/axi_slave_gp0/rd_araddr_reg[22]/C (clocked by adc_clk) and dpll_wrapper_inst/reg_center_freq/output_reg[25]/CE (clocked by pll_adc_clk). Large setup violations at the end of those stages might be difficult to fix during the post-placement implementation flow and could be the result of non-optimal XDC constraints or non-optimal design architecture
Related violations: <none>

TIMING-16#682 Warning
Large setup violation  
There is a large setup violation of -3.290 ns between i_ps/axi_slave_gp0/rd_araddr_reg[22]/C (clocked by adc_clk) and dpll_wrapper_inst/reg_center_freq/output_reg[29]/CE (clocked by pll_adc_clk). Large setup violations at the end of those stages might be difficult to fix during the post-placement implementation flow and could be the result of non-optimal XDC constraints or non-optimal design architecture
Related violations: <none>

TIMING-16#683 Warning
Large setup violation  
There is a large setup violation of -3.290 ns between i_ps/axi_slave_gp0/rd_araddr_reg[22]/C (clocked by adc_clk) and dpll_wrapper_inst/reg_center_freq/output_reg[5]/CE (clocked by pll_adc_clk). Large setup violations at the end of those stages might be difficult to fix during the post-placement implementation flow and could be the result of non-optimal XDC constraints or non-optimal design architecture
Related violations: <none>

TIMING-16#684 Warning
Large setup violation  
There is a large setup violation of -3.310 ns between i_ps/axi_slave_gp0/rd_do_reg/C (clocked by adc_clk) and dpll_wrapper_inst/reg_cic_rate/output_reg[0]/CE (clocked by pll_adc_clk). Large setup violations at the end of those stages might be difficult to fix during the post-placement implementation flow and could be the result of non-optimal XDC constraints or non-optimal design architecture
Related violations: <none>

TIMING-16#685 Warning
Large setup violation  
There is a large setup violation of -3.310 ns between i_ps/axi_slave_gp0/rd_do_reg/C (clocked by adc_clk) and dpll_wrapper_inst/reg_cic_rate/output_reg[1]/CE (clocked by pll_adc_clk). Large setup violations at the end of those stages might be difficult to fix during the post-placement implementation flow and could be the result of non-optimal XDC constraints or non-optimal design architecture
Related violations: <none>

TIMING-16#686 Warning
Large setup violation  
There is a large setup violation of -3.310 ns between i_ps/axi_slave_gp0/rd_do_reg/C (clocked by adc_clk) and dpll_wrapper_inst/reg_cic_rate/output_reg[2]/CE (clocked by pll_adc_clk). Large setup violations at the end of those stages might be difficult to fix during the post-placement implementation flow and could be the result of non-optimal XDC constraints or non-optimal design architecture
Related violations: <none>

TIMING-16#687 Warning
Large setup violation  
There is a large setup violation of -3.310 ns between i_ps/axi_slave_gp0/rd_do_reg/C (clocked by adc_clk) and dpll_wrapper_inst/reg_cic_rate/output_reg[3]/CE (clocked by pll_adc_clk). Large setup violations at the end of those stages might be difficult to fix during the post-placement implementation flow and could be the result of non-optimal XDC constraints or non-optimal design architecture
Related violations: <none>

TIMING-16#688 Warning
Large setup violation  
There is a large setup violation of -3.310 ns between i_ps/axi_slave_gp0/rd_do_reg/C (clocked by adc_clk) and dpll_wrapper_inst/reg_cic_rate/output_reg[4]/CE (clocked by pll_adc_clk). Large setup violations at the end of those stages might be difficult to fix during the post-placement implementation flow and could be the result of non-optimal XDC constraints or non-optimal design architecture
Related violations: <none>

TIMING-16#689 Warning
Large setup violation  
There is a large setup violation of -3.310 ns between i_ps/axi_slave_gp0/rd_do_reg/C (clocked by adc_clk) and dpll_wrapper_inst/reg_cic_rate/output_reg[5]/CE (clocked by pll_adc_clk). Large setup violations at the end of those stages might be difficult to fix during the post-placement implementation flow and could be the result of non-optimal XDC constraints or non-optimal design architecture
Related violations: <none>

TIMING-16#690 Warning
Large setup violation  
There is a large setup violation of -3.310 ns between i_ps/axi_slave_gp0/rd_do_reg/C (clocked by adc_clk) and dpll_wrapper_inst/reg_cic_rate/output_reg[6]/CE (clocked by pll_adc_clk). Large setup violations at the end of those stages might be difficult to fix during the post-placement implementation flow and could be the result of non-optimal XDC constraints or non-optimal design architecture
Related violations: <none>

TIMING-16#691 Warning
Large setup violation  
There is a large setup violation of -3.310 ns between i_ps/axi_slave_gp0/rd_do_reg/C (clocked by adc_clk) and dpll_wrapper_inst/reg_cic_rate/output_reg[8]/CE (clocked by pll_adc_clk). Large setup violations at the end of those stages might be difficult to fix during the post-placement implementation flow and could be the result of non-optimal XDC constraints or non-optimal design architecture
Related violations: <none>

TIMING-16#692 Warning
Large setup violation  
There is a large setup violation of -3.311 ns between i_ps/axi_slave_gp0/rd_araddr_reg[22]/C (clocked by adc_clk) and dpll_wrapper_inst/reg_freq_div/output_reg[0]/CE (clocked by pll_adc_clk). Large setup violations at the end of those stages might be difficult to fix during the post-placement implementation flow and could be the result of non-optimal XDC constraints or non-optimal design architecture
Related violations: <none>

TIMING-16#693 Warning
Large setup violation  
There is a large setup violation of -3.311 ns between i_ps/axi_slave_gp0/rd_araddr_reg[22]/C (clocked by adc_clk) and dpll_wrapper_inst/reg_freq_div/output_reg[1]/CE (clocked by pll_adc_clk). Large setup violations at the end of those stages might be difficult to fix during the post-placement implementation flow and could be the result of non-optimal XDC constraints or non-optimal design architecture
Related violations: <none>

TIMING-16#694 Warning
Large setup violation  
There is a large setup violation of -3.311 ns between i_ps/axi_slave_gp0/rd_araddr_reg[22]/C (clocked by adc_clk) and dpll_wrapper_inst/reg_freq_div/output_reg[2]/CE (clocked by pll_adc_clk). Large setup violations at the end of those stages might be difficult to fix during the post-placement implementation flow and could be the result of non-optimal XDC constraints or non-optimal design architecture
Related violations: <none>

TIMING-16#695 Warning
Large setup violation  
There is a large setup violation of -3.311 ns between i_ps/axi_slave_gp0/rd_araddr_reg[22]/C (clocked by adc_clk) and dpll_wrapper_inst/reg_freq_div/output_reg[9]/CE (clocked by pll_adc_clk). Large setup violations at the end of those stages might be difficult to fix during the post-placement implementation flow and could be the result of non-optimal XDC constraints or non-optimal design architecture
Related violations: <none>

TIMING-16#696 Warning
Large setup violation  
There is a large setup violation of -3.311 ns between i_ps/axi_slave_gp0/rd_do_reg/C (clocked by adc_clk) and Digital_Freq_Meter_inst/parallel_bus_register_gate_clockL/output_reg[12]/CE (clocked by pll_adc_clk). Large setup violations at the end of those stages might be difficult to fix during the post-placement implementation flow and could be the result of non-optimal XDC constraints or non-optimal design architecture
Related violations: <none>

TIMING-16#697 Warning
Large setup violation  
There is a large setup violation of -3.311 ns between i_ps/axi_slave_gp0/rd_do_reg/C (clocked by adc_clk) and Digital_Freq_Meter_inst/parallel_bus_register_gate_clockL/output_reg[19]/CE (clocked by pll_adc_clk). Large setup violations at the end of those stages might be difficult to fix during the post-placement implementation flow and could be the result of non-optimal XDC constraints or non-optimal design architecture
Related violations: <none>

TIMING-16#698 Warning
Large setup violation  
There is a large setup violation of -3.311 ns between i_ps/axi_slave_gp0/rd_do_reg/C (clocked by adc_clk) and Digital_Freq_Meter_inst/parallel_bus_register_gate_clockL/output_reg[1]/CE (clocked by pll_adc_clk). Large setup violations at the end of those stages might be difficult to fix during the post-placement implementation flow and could be the result of non-optimal XDC constraints or non-optimal design architecture
Related violations: <none>

TIMING-16#699 Warning
Large setup violation  
There is a large setup violation of -3.311 ns between i_ps/axi_slave_gp0/rd_do_reg/C (clocked by adc_clk) and Digital_Freq_Meter_inst/parallel_bus_register_gate_clockL/output_reg[24]/CE (clocked by pll_adc_clk). Large setup violations at the end of those stages might be difficult to fix during the post-placement implementation flow and could be the result of non-optimal XDC constraints or non-optimal design architecture
Related violations: <none>

TIMING-16#700 Warning
Large setup violation  
There is a large setup violation of -3.311 ns between i_ps/axi_slave_gp0/rd_do_reg/C (clocked by adc_clk) and Digital_Freq_Meter_inst/parallel_bus_register_gate_clockL/output_reg[27]/CE (clocked by pll_adc_clk). Large setup violations at the end of those stages might be difficult to fix during the post-placement implementation flow and could be the result of non-optimal XDC constraints or non-optimal design architecture
Related violations: <none>

TIMING-16#701 Warning
Large setup violation  
There is a large setup violation of -3.311 ns between i_ps/axi_slave_gp0/rd_do_reg/C (clocked by adc_clk) and Digital_Freq_Meter_inst/parallel_bus_register_gate_clockL/output_reg[2]/CE (clocked by pll_adc_clk). Large setup violations at the end of those stages might be difficult to fix during the post-placement implementation flow and could be the result of non-optimal XDC constraints or non-optimal design architecture
Related violations: <none>

TIMING-16#702 Warning
Large setup violation  
There is a large setup violation of -3.311 ns between i_ps/axi_slave_gp0/rd_do_reg/C (clocked by adc_clk) and Digital_Freq_Meter_inst/parallel_bus_register_gate_clockL/output_reg[3]/CE (clocked by pll_adc_clk). Large setup violations at the end of those stages might be difficult to fix during the post-placement implementation flow and could be the result of non-optimal XDC constraints or non-optimal design architecture
Related violations: <none>

TIMING-16#703 Warning
Large setup violation  
There is a large setup violation of -3.316 ns between i_ps/axi_slave_gp0/rd_do_reg/C (clocked by adc_clk) and dpll_wrapper_inst/reg_debug_format/output_reg[10]/CE (clocked by pll_adc_clk). Large setup violations at the end of those stages might be difficult to fix during the post-placement implementation flow and could be the result of non-optimal XDC constraints or non-optimal design architecture
Related violations: <none>

TIMING-16#704 Warning
Large setup violation  
There is a large setup violation of -3.316 ns between i_ps/axi_slave_gp0/rd_do_reg/C (clocked by adc_clk) and dpll_wrapper_inst/reg_debug_format/output_reg[6]/CE (clocked by pll_adc_clk). Large setup violations at the end of those stages might be difficult to fix during the post-placement implementation flow and could be the result of non-optimal XDC constraints or non-optimal design architecture
Related violations: <none>

TIMING-16#705 Warning
Large setup violation  
There is a large setup violation of -3.319 ns between i_ps/axi_slave_gp0/rd_do_reg/C (clocked by adc_clk) and Digital_Freq_Meter_inst/parallel_bus_register_gate_clockL/output_reg[0]/CE (clocked by pll_adc_clk). Large setup violations at the end of those stages might be difficult to fix during the post-placement implementation flow and could be the result of non-optimal XDC constraints or non-optimal design architecture
Related violations: <none>

TIMING-16#706 Warning
Large setup violation  
There is a large setup violation of -3.319 ns between i_ps/axi_slave_gp0/rd_do_reg/C (clocked by adc_clk) and Digital_Freq_Meter_inst/parallel_bus_register_gate_clockL/output_reg[18]/CE (clocked by pll_adc_clk). Large setup violations at the end of those stages might be difficult to fix during the post-placement implementation flow and could be the result of non-optimal XDC constraints or non-optimal design architecture
Related violations: <none>

TIMING-16#707 Warning
Large setup violation  
There is a large setup violation of -3.320 ns between i_ps/axi_slave_gp0/rd_do_reg/C (clocked by adc_clk) and Digital_Freq_Meter_inst/parallel_bus_register_gate_clockL/output_reg[15]/CE (clocked by pll_adc_clk). Large setup violations at the end of those stages might be difficult to fix during the post-placement implementation flow and could be the result of non-optimal XDC constraints or non-optimal design architecture
Related violations: <none>

TIMING-16#708 Warning
Large setup violation  
There is a large setup violation of -3.324 ns between i_ps/axi_slave_gp0/rd_araddr_reg[22]/C (clocked by adc_clk) and dpll_wrapper_inst/reg_gain_d_compat/output_reg[10]/CE (clocked by pll_adc_clk). Large setup violations at the end of those stages might be difficult to fix during the post-placement implementation flow and could be the result of non-optimal XDC constraints or non-optimal design architecture
Related violations: <none>

TIMING-16#709 Warning
Large setup violation  
There is a large setup violation of -3.324 ns between i_ps/axi_slave_gp0/rd_araddr_reg[22]/C (clocked by adc_clk) and dpll_wrapper_inst/reg_gain_d_compat/output_reg[17]/CE (clocked by pll_adc_clk). Large setup violations at the end of those stages might be difficult to fix during the post-placement implementation flow and could be the result of non-optimal XDC constraints or non-optimal design architecture
Related violations: <none>

TIMING-16#710 Warning
Large setup violation  
There is a large setup violation of -3.324 ns between i_ps/axi_slave_gp0/rd_do_reg/C (clocked by adc_clk) and Digital_Freq_Meter_inst/parallel_bus_register_gate_clockL/output_reg[4]/CE (clocked by pll_adc_clk). Large setup violations at the end of those stages might be difficult to fix during the post-placement implementation flow and could be the result of non-optimal XDC constraints or non-optimal design architecture
Related violations: <none>

TIMING-16#711 Warning
Large setup violation  
There is a large setup violation of -3.324 ns between i_ps/axi_slave_gp0/rd_do_reg/C (clocked by adc_clk) and Digital_Freq_Meter_inst/parallel_bus_register_gate_clockL/output_reg[5]/CE (clocked by pll_adc_clk). Large setup violations at the end of those stages might be difficult to fix during the post-placement implementation flow and could be the result of non-optimal XDC constraints or non-optimal design architecture
Related violations: <none>

TIMING-16#712 Warning
Large setup violation  
There is a large setup violation of -3.324 ns between i_ps/axi_slave_gp0/rd_do_reg/C (clocked by adc_clk) and Digital_Freq_Meter_inst/parallel_bus_register_gate_clockL/output_reg[6]/CE (clocked by pll_adc_clk). Large setup violations at the end of those stages might be difficult to fix during the post-placement implementation flow and could be the result of non-optimal XDC constraints or non-optimal design architecture
Related violations: <none>

TIMING-16#713 Warning
Large setup violation  
There is a large setup violation of -3.324 ns between i_ps/axi_slave_gp0/rd_do_reg/C (clocked by adc_clk) and Digital_Freq_Meter_inst/parallel_bus_register_gate_clockL/output_reg[7]/CE (clocked by pll_adc_clk). Large setup violations at the end of those stages might be difficult to fix during the post-placement implementation flow and could be the result of non-optimal XDC constraints or non-optimal design architecture
Related violations: <none>

TIMING-16#714 Warning
Large setup violation  
There is a large setup violation of -3.333 ns between i_ps/axi_slave_gp0/rd_do_reg/C (clocked by adc_clk) and Digital_Freq_Meter_inst/parallel_bus_register_pll0_gaini/output_reg[19]/CE (clocked by pll_adc_clk). Large setup violations at the end of those stages might be difficult to fix during the post-placement implementation flow and could be the result of non-optimal XDC constraints or non-optimal design architecture
Related violations: <none>

TIMING-16#715 Warning
Large setup violation  
There is a large setup violation of -3.334 ns between i_ps/axi_slave_gp0/rd_araddr_reg[22]/C (clocked by adc_clk) and dpll_wrapper_inst/reg_freq_div/output_reg[11]/CE (clocked by pll_adc_clk). Large setup violations at the end of those stages might be difficult to fix during the post-placement implementation flow and could be the result of non-optimal XDC constraints or non-optimal design architecture
Related violations: <none>

TIMING-16#716 Warning
Large setup violation  
There is a large setup violation of -3.334 ns between i_ps/axi_slave_gp0/rd_araddr_reg[22]/C (clocked by adc_clk) and dpll_wrapper_inst/reg_freq_div/output_reg[6]/CE (clocked by pll_adc_clk). Large setup violations at the end of those stages might be difficult to fix during the post-placement implementation flow and could be the result of non-optimal XDC constraints or non-optimal design architecture
Related violations: <none>

TIMING-16#717 Warning
Large setup violation  
There is a large setup violation of -3.335 ns between i_ps/axi_slave_gp0/rd_araddr_reg[22]/C (clocked by adc_clk) and dpll_wrapper_inst/reg_dac0_amp/output_reg[11]/CE (clocked by pll_adc_clk). Large setup violations at the end of those stages might be difficult to fix during the post-placement implementation flow and could be the result of non-optimal XDC constraints or non-optimal design architecture
Related violations: <none>

TIMING-16#718 Warning
Large setup violation  
There is a large setup violation of -3.335 ns between i_ps/axi_slave_gp0/rd_araddr_reg[22]/C (clocked by adc_clk) and dpll_wrapper_inst/reg_dac0_amp/output_reg[15]/CE (clocked by pll_adc_clk). Large setup violations at the end of those stages might be difficult to fix during the post-placement implementation flow and could be the result of non-optimal XDC constraints or non-optimal design architecture
Related violations: <none>

TIMING-16#719 Warning
Large setup violation  
There is a large setup violation of -3.335 ns between i_ps/axi_slave_gp0/rd_araddr_reg[22]/C (clocked by adc_clk) and dpll_wrapper_inst/reg_dac0_amp/output_reg[2]/CE (clocked by pll_adc_clk). Large setup violations at the end of those stages might be difficult to fix during the post-placement implementation flow and could be the result of non-optimal XDC constraints or non-optimal design architecture
Related violations: <none>

TIMING-16#720 Warning
Large setup violation  
There is a large setup violation of -3.335 ns between i_ps/axi_slave_gp0/rd_araddr_reg[22]/C (clocked by adc_clk) and dpll_wrapper_inst/reg_dac0_amp/output_reg[5]/CE (clocked by pll_adc_clk). Large setup violations at the end of those stages might be difficult to fix during the post-placement implementation flow and could be the result of non-optimal XDC constraints or non-optimal design architecture
Related violations: <none>

TIMING-16#721 Warning
Large setup violation  
There is a large setup violation of -3.335 ns between i_ps/axi_slave_gp0/rd_araddr_reg[22]/C (clocked by adc_clk) and dpll_wrapper_inst/reg_dac0_amp/output_reg[8]/CE (clocked by pll_adc_clk). Large setup violations at the end of those stages might be difficult to fix during the post-placement implementation flow and could be the result of non-optimal XDC constraints or non-optimal design architecture
Related violations: <none>

TIMING-16#722 Warning
Large setup violation  
There is a large setup violation of -3.335 ns between i_ps/axi_slave_gp0/rd_araddr_reg[22]/C (clocked by adc_clk) and dpll_wrapper_inst/reg_freq_div/output_reg[12]/CE (clocked by pll_adc_clk). Large setup violations at the end of those stages might be difficult to fix during the post-placement implementation flow and could be the result of non-optimal XDC constraints or non-optimal design architecture
Related violations: <none>

TIMING-16#723 Warning
Large setup violation  
There is a large setup violation of -3.342 ns between i_ps/axi_slave_gp0/rd_araddr_reg[22]/C (clocked by adc_clk) and dpll_wrapper_inst/reg_center_freq/output_reg[4]/CE (clocked by pll_adc_clk). Large setup violations at the end of those stages might be difficult to fix during the post-placement implementation flow and could be the result of non-optimal XDC constraints or non-optimal design architecture
Related violations: <none>

TIMING-16#724 Warning
Large setup violation  
There is a large setup violation of -3.343 ns between i_ps/axi_slave_gp0/rd_araddr_reg[22]/C (clocked by adc_clk) and dpll_wrapper_inst/reg_center_freq/output_reg[21]/CE (clocked by pll_adc_clk). Large setup violations at the end of those stages might be difficult to fix during the post-placement implementation flow and could be the result of non-optimal XDC constraints or non-optimal design architecture
Related violations: <none>

TIMING-16#725 Warning
Large setup violation  
There is a large setup violation of -3.347 ns between i_ps/axi_slave_gp0/rd_araddr_reg[22]/C (clocked by adc_clk) and dpll_wrapper_inst/reg_center_freq/output_reg[16]/CE (clocked by pll_adc_clk). Large setup violations at the end of those stages might be difficult to fix during the post-placement implementation flow and could be the result of non-optimal XDC constraints or non-optimal design architecture
Related violations: <none>

TIMING-16#726 Warning
Large setup violation  
There is a large setup violation of -3.347 ns between i_ps/axi_slave_gp0/rd_araddr_reg[22]/C (clocked by adc_clk) and dpll_wrapper_inst/reg_center_freq/output_reg[18]/CE (clocked by pll_adc_clk). Large setup violations at the end of those stages might be difficult to fix during the post-placement implementation flow and could be the result of non-optimal XDC constraints or non-optimal design architecture
Related violations: <none>

TIMING-16#727 Warning
Large setup violation  
There is a large setup violation of -3.349 ns between i_ps/axi_slave_gp0/rd_araddr_reg[22]/C (clocked by adc_clk) and dpll_wrapper_inst/reg_gain_d_compat/output_reg[15]/CE (clocked by pll_adc_clk). Large setup violations at the end of those stages might be difficult to fix during the post-placement implementation flow and could be the result of non-optimal XDC constraints or non-optimal design architecture
Related violations: <none>

TIMING-16#728 Warning
Large setup violation  
There is a large setup violation of -3.367 ns between i_ps/axi_slave_gp0/rd_do_reg/C (clocked by adc_clk) and Digital_Freq_Meter_inst/parallel_bus_register_gate_clockL/output_reg[13]/CE (clocked by pll_adc_clk). Large setup violations at the end of those stages might be difficult to fix during the post-placement implementation flow and could be the result of non-optimal XDC constraints or non-optimal design architecture
Related violations: <none>

TIMING-16#729 Warning
Large setup violation  
There is a large setup violation of -3.367 ns between i_ps/axi_slave_gp0/rd_do_reg/C (clocked by adc_clk) and Digital_Freq_Meter_inst/parallel_bus_register_gate_clockL/output_reg[21]/CE (clocked by pll_adc_clk). Large setup violations at the end of those stages might be difficult to fix during the post-placement implementation flow and could be the result of non-optimal XDC constraints or non-optimal design architecture
Related violations: <none>

TIMING-16#730 Warning
Large setup violation  
There is a large setup violation of -3.373 ns between i_ps/axi_slave_gp0/rd_do_reg/C (clocked by adc_clk) and Digital_Freq_Meter_inst/parallel_bus_register_32_bits_or_less_freq_c0/output_reg[20]/CE (clocked by pll_adc_clk). Large setup violations at the end of those stages might be difficult to fix during the post-placement implementation flow and could be the result of non-optimal XDC constraints or non-optimal design architecture
Related violations: <none>

TIMING-16#731 Warning
Large setup violation  
There is a large setup violation of -3.373 ns between i_ps/axi_slave_gp0/rd_do_reg/C (clocked by adc_clk) and Digital_Freq_Meter_inst/parallel_bus_register_32_bits_or_less_freq_c0/output_reg[22]/CE (clocked by pll_adc_clk). Large setup violations at the end of those stages might be difficult to fix during the post-placement implementation flow and could be the result of non-optimal XDC constraints or non-optimal design architecture
Related violations: <none>

TIMING-16#732 Warning
Large setup violation  
There is a large setup violation of -3.382 ns between i_ps/axi_slave_gp0/rd_araddr_reg[22]/C (clocked by adc_clk) and dpll_wrapper_inst/reg_coef_compat/output_reg[10]/CE (clocked by pll_adc_clk). Large setup violations at the end of those stages might be difficult to fix during the post-placement implementation flow and could be the result of non-optimal XDC constraints or non-optimal design architecture
Related violations: <none>

TIMING-16#733 Warning
Large setup violation  
There is a large setup violation of -3.382 ns between i_ps/axi_slave_gp0/rd_araddr_reg[22]/C (clocked by adc_clk) and dpll_wrapper_inst/reg_coef_compat/output_reg[15]/CE (clocked by pll_adc_clk). Large setup violations at the end of those stages might be difficult to fix during the post-placement implementation flow and could be the result of non-optimal XDC constraints or non-optimal design architecture
Related violations: <none>

TIMING-16#734 Warning
Large setup violation  
There is a large setup violation of -3.382 ns between i_ps/axi_slave_gp0/rd_araddr_reg[22]/C (clocked by adc_clk) and dpll_wrapper_inst/reg_coef_compat/output_reg[17]/CE (clocked by pll_adc_clk). Large setup violations at the end of those stages might be difficult to fix during the post-placement implementation flow and could be the result of non-optimal XDC constraints or non-optimal design architecture
Related violations: <none>

TIMING-16#735 Warning
Large setup violation  
There is a large setup violation of -3.382 ns between i_ps/axi_slave_gp0/rd_do_reg/C (clocked by adc_clk) and Digital_Freq_Meter_inst/parallel_bus_register_pll0_gaini/output_reg[14]/CE (clocked by pll_adc_clk). Large setup violations at the end of those stages might be difficult to fix during the post-placement implementation flow and could be the result of non-optimal XDC constraints or non-optimal design architecture
Related violations: <none>

TIMING-16#736 Warning
Large setup violation  
There is a large setup violation of -3.390 ns between i_ps/axi_slave_gp0/rd_do_reg/C (clocked by adc_clk) and dpll_wrapper_inst/reg_debug_format/output_reg[13]/CE (clocked by pll_adc_clk). Large setup violations at the end of those stages might be difficult to fix during the post-placement implementation flow and could be the result of non-optimal XDC constraints or non-optimal design architecture
Related violations: <none>

TIMING-16#737 Warning
Large setup violation  
There is a large setup violation of -3.390 ns between i_ps/axi_slave_gp0/rd_do_reg/C (clocked by adc_clk) and dpll_wrapper_inst/reg_debug_format/output_reg[14]/CE (clocked by pll_adc_clk). Large setup violations at the end of those stages might be difficult to fix during the post-placement implementation flow and could be the result of non-optimal XDC constraints or non-optimal design architecture
Related violations: <none>

TIMING-16#738 Warning
Large setup violation  
There is a large setup violation of -3.390 ns between i_ps/axi_slave_gp0/rd_do_reg/C (clocked by adc_clk) and dpll_wrapper_inst/reg_debug_format/output_reg[2]/CE (clocked by pll_adc_clk). Large setup violations at the end of those stages might be difficult to fix during the post-placement implementation flow and could be the result of non-optimal XDC constraints or non-optimal design architecture
Related violations: <none>

TIMING-16#739 Warning
Large setup violation  
There is a large setup violation of -3.390 ns between i_ps/axi_slave_gp0/rd_do_reg/C (clocked by adc_clk) and dpll_wrapper_inst/reg_debug_format/output_reg[4]/CE (clocked by pll_adc_clk). Large setup violations at the end of those stages might be difficult to fix during the post-placement implementation flow and could be the result of non-optimal XDC constraints or non-optimal design architecture
Related violations: <none>

TIMING-16#740 Warning
Large setup violation  
There is a large setup violation of -3.411 ns between i_ps/axi_slave_gp0/rd_araddr_reg[22]/C (clocked by adc_clk) and dpll_wrapper_inst/reg_center_freq/output_reg[10]/CE (clocked by pll_adc_clk). Large setup violations at the end of those stages might be difficult to fix during the post-placement implementation flow and could be the result of non-optimal XDC constraints or non-optimal design architecture
Related violations: <none>

TIMING-16#741 Warning
Large setup violation  
There is a large setup violation of -3.411 ns between i_ps/axi_slave_gp0/rd_araddr_reg[22]/C (clocked by adc_clk) and dpll_wrapper_inst/reg_center_freq/output_reg[31]/CE (clocked by pll_adc_clk). Large setup violations at the end of those stages might be difficult to fix during the post-placement implementation flow and could be the result of non-optimal XDC constraints or non-optimal design architecture
Related violations: <none>

TIMING-16#742 Warning
Large setup violation  
There is a large setup violation of -3.416 ns between i_ps/axi_slave_gp0/rd_do_reg/C (clocked by adc_clk) and Digital_Freq_Meter_inst/sys_rdata_reg[31]/D (clocked by pll_adc_clk). Large setup violations at the end of those stages might be difficult to fix during the post-placement implementation flow and could be the result of non-optimal XDC constraints or non-optimal design architecture
Related violations: <none>

TIMING-16#743 Warning
Large setup violation  
There is a large setup violation of -3.421 ns between i_ps/axi_slave_gp0/rd_do_reg/C (clocked by adc_clk) and Digital_Freq_Meter_inst/parallel_bus_register_32_bits_or_less_freq_c0/output_reg[1]/CE (clocked by pll_adc_clk). Large setup violations at the end of those stages might be difficult to fix during the post-placement implementation flow and could be the result of non-optimal XDC constraints or non-optimal design architecture
Related violations: <none>

TIMING-16#744 Warning
Large setup violation  
There is a large setup violation of -3.421 ns between i_ps/axi_slave_gp0/rd_do_reg/C (clocked by adc_clk) and dpll_wrapper_inst/reg_debug_format/output_reg[12]/CE (clocked by pll_adc_clk). Large setup violations at the end of those stages might be difficult to fix during the post-placement implementation flow and could be the result of non-optimal XDC constraints or non-optimal design architecture
Related violations: <none>

TIMING-16#745 Warning
Large setup violation  
There is a large setup violation of -3.437 ns between dpll_wrapper_inst/reg_freq_mul/output_reg[10]/C (clocked by pll_adc_clk) and dpll_wrapper_inst/PLL_VCO_MUL_DIV_inst/VCO0_Multiplier/U0/i_mult/gDSP.gDSP_only.iDSP/use_prim.appDSP48[2].bppDSP48[0].use_dsp.use_dsp48e1.iDSP48E1/PCIN[0] (clocked by pll_adc_clk). Large setup violations at the end of those stages might be difficult to fix during the post-placement implementation flow and could be the result of non-optimal XDC constraints or non-optimal design architecture
Related violations: <none>

TIMING-16#746 Warning
Large setup violation  
There is a large setup violation of -3.437 ns between dpll_wrapper_inst/reg_freq_mul/output_reg[10]/C (clocked by pll_adc_clk) and dpll_wrapper_inst/PLL_VCO_MUL_DIV_inst/VCO0_Multiplier/U0/i_mult/gDSP.gDSP_only.iDSP/use_prim.appDSP48[2].bppDSP48[0].use_dsp.use_dsp48e1.iDSP48E1/PCIN[10] (clocked by pll_adc_clk). Large setup violations at the end of those stages might be difficult to fix during the post-placement implementation flow and could be the result of non-optimal XDC constraints or non-optimal design architecture
Related violations: <none>

TIMING-16#747 Warning
Large setup violation  
There is a large setup violation of -3.437 ns between dpll_wrapper_inst/reg_freq_mul/output_reg[10]/C (clocked by pll_adc_clk) and dpll_wrapper_inst/PLL_VCO_MUL_DIV_inst/VCO0_Multiplier/U0/i_mult/gDSP.gDSP_only.iDSP/use_prim.appDSP48[2].bppDSP48[0].use_dsp.use_dsp48e1.iDSP48E1/PCIN[11] (clocked by pll_adc_clk). Large setup violations at the end of those stages might be difficult to fix during the post-placement implementation flow and could be the result of non-optimal XDC constraints or non-optimal design architecture
Related violations: <none>

TIMING-16#748 Warning
Large setup violation  
There is a large setup violation of -3.437 ns between dpll_wrapper_inst/reg_freq_mul/output_reg[10]/C (clocked by pll_adc_clk) and dpll_wrapper_inst/PLL_VCO_MUL_DIV_inst/VCO0_Multiplier/U0/i_mult/gDSP.gDSP_only.iDSP/use_prim.appDSP48[2].bppDSP48[0].use_dsp.use_dsp48e1.iDSP48E1/PCIN[12] (clocked by pll_adc_clk). Large setup violations at the end of those stages might be difficult to fix during the post-placement implementation flow and could be the result of non-optimal XDC constraints or non-optimal design architecture
Related violations: <none>

TIMING-16#749 Warning
Large setup violation  
There is a large setup violation of -3.437 ns between dpll_wrapper_inst/reg_freq_mul/output_reg[10]/C (clocked by pll_adc_clk) and dpll_wrapper_inst/PLL_VCO_MUL_DIV_inst/VCO0_Multiplier/U0/i_mult/gDSP.gDSP_only.iDSP/use_prim.appDSP48[2].bppDSP48[0].use_dsp.use_dsp48e1.iDSP48E1/PCIN[13] (clocked by pll_adc_clk). Large setup violations at the end of those stages might be difficult to fix during the post-placement implementation flow and could be the result of non-optimal XDC constraints or non-optimal design architecture
Related violations: <none>

TIMING-16#750 Warning
Large setup violation  
There is a large setup violation of -3.437 ns between dpll_wrapper_inst/reg_freq_mul/output_reg[10]/C (clocked by pll_adc_clk) and dpll_wrapper_inst/PLL_VCO_MUL_DIV_inst/VCO0_Multiplier/U0/i_mult/gDSP.gDSP_only.iDSP/use_prim.appDSP48[2].bppDSP48[0].use_dsp.use_dsp48e1.iDSP48E1/PCIN[14] (clocked by pll_adc_clk). Large setup violations at the end of those stages might be difficult to fix during the post-placement implementation flow and could be the result of non-optimal XDC constraints or non-optimal design architecture
Related violations: <none>

TIMING-16#751 Warning
Large setup violation  
There is a large setup violation of -3.437 ns between dpll_wrapper_inst/reg_freq_mul/output_reg[10]/C (clocked by pll_adc_clk) and dpll_wrapper_inst/PLL_VCO_MUL_DIV_inst/VCO0_Multiplier/U0/i_mult/gDSP.gDSP_only.iDSP/use_prim.appDSP48[2].bppDSP48[0].use_dsp.use_dsp48e1.iDSP48E1/PCIN[15] (clocked by pll_adc_clk). Large setup violations at the end of those stages might be difficult to fix during the post-placement implementation flow and could be the result of non-optimal XDC constraints or non-optimal design architecture
Related violations: <none>

TIMING-16#752 Warning
Large setup violation  
There is a large setup violation of -3.437 ns between dpll_wrapper_inst/reg_freq_mul/output_reg[10]/C (clocked by pll_adc_clk) and dpll_wrapper_inst/PLL_VCO_MUL_DIV_inst/VCO0_Multiplier/U0/i_mult/gDSP.gDSP_only.iDSP/use_prim.appDSP48[2].bppDSP48[0].use_dsp.use_dsp48e1.iDSP48E1/PCIN[16] (clocked by pll_adc_clk). Large setup violations at the end of those stages might be difficult to fix during the post-placement implementation flow and could be the result of non-optimal XDC constraints or non-optimal design architecture
Related violations: <none>

TIMING-16#753 Warning
Large setup violation  
There is a large setup violation of -3.437 ns between dpll_wrapper_inst/reg_freq_mul/output_reg[10]/C (clocked by pll_adc_clk) and dpll_wrapper_inst/PLL_VCO_MUL_DIV_inst/VCO0_Multiplier/U0/i_mult/gDSP.gDSP_only.iDSP/use_prim.appDSP48[2].bppDSP48[0].use_dsp.use_dsp48e1.iDSP48E1/PCIN[17] (clocked by pll_adc_clk). Large setup violations at the end of those stages might be difficult to fix during the post-placement implementation flow and could be the result of non-optimal XDC constraints or non-optimal design architecture
Related violations: <none>

TIMING-16#754 Warning
Large setup violation  
There is a large setup violation of -3.437 ns between dpll_wrapper_inst/reg_freq_mul/output_reg[10]/C (clocked by pll_adc_clk) and dpll_wrapper_inst/PLL_VCO_MUL_DIV_inst/VCO0_Multiplier/U0/i_mult/gDSP.gDSP_only.iDSP/use_prim.appDSP48[2].bppDSP48[0].use_dsp.use_dsp48e1.iDSP48E1/PCIN[18] (clocked by pll_adc_clk). Large setup violations at the end of those stages might be difficult to fix during the post-placement implementation flow and could be the result of non-optimal XDC constraints or non-optimal design architecture
Related violations: <none>

TIMING-16#755 Warning
Large setup violation  
There is a large setup violation of -3.437 ns between dpll_wrapper_inst/reg_freq_mul/output_reg[10]/C (clocked by pll_adc_clk) and dpll_wrapper_inst/PLL_VCO_MUL_DIV_inst/VCO0_Multiplier/U0/i_mult/gDSP.gDSP_only.iDSP/use_prim.appDSP48[2].bppDSP48[0].use_dsp.use_dsp48e1.iDSP48E1/PCIN[19] (clocked by pll_adc_clk). Large setup violations at the end of those stages might be difficult to fix during the post-placement implementation flow and could be the result of non-optimal XDC constraints or non-optimal design architecture
Related violations: <none>

TIMING-16#756 Warning
Large setup violation  
There is a large setup violation of -3.437 ns between dpll_wrapper_inst/reg_freq_mul/output_reg[10]/C (clocked by pll_adc_clk) and dpll_wrapper_inst/PLL_VCO_MUL_DIV_inst/VCO0_Multiplier/U0/i_mult/gDSP.gDSP_only.iDSP/use_prim.appDSP48[2].bppDSP48[0].use_dsp.use_dsp48e1.iDSP48E1/PCIN[1] (clocked by pll_adc_clk). Large setup violations at the end of those stages might be difficult to fix during the post-placement implementation flow and could be the result of non-optimal XDC constraints or non-optimal design architecture
Related violations: <none>

TIMING-16#757 Warning
Large setup violation  
There is a large setup violation of -3.437 ns between dpll_wrapper_inst/reg_freq_mul/output_reg[10]/C (clocked by pll_adc_clk) and dpll_wrapper_inst/PLL_VCO_MUL_DIV_inst/VCO0_Multiplier/U0/i_mult/gDSP.gDSP_only.iDSP/use_prim.appDSP48[2].bppDSP48[0].use_dsp.use_dsp48e1.iDSP48E1/PCIN[20] (clocked by pll_adc_clk). Large setup violations at the end of those stages might be difficult to fix during the post-placement implementation flow and could be the result of non-optimal XDC constraints or non-optimal design architecture
Related violations: <none>

TIMING-16#758 Warning
Large setup violation  
There is a large setup violation of -3.437 ns between dpll_wrapper_inst/reg_freq_mul/output_reg[10]/C (clocked by pll_adc_clk) and dpll_wrapper_inst/PLL_VCO_MUL_DIV_inst/VCO0_Multiplier/U0/i_mult/gDSP.gDSP_only.iDSP/use_prim.appDSP48[2].bppDSP48[0].use_dsp.use_dsp48e1.iDSP48E1/PCIN[21] (clocked by pll_adc_clk). Large setup violations at the end of those stages might be difficult to fix during the post-placement implementation flow and could be the result of non-optimal XDC constraints or non-optimal design architecture
Related violations: <none>

TIMING-16#759 Warning
Large setup violation  
There is a large setup violation of -3.437 ns between dpll_wrapper_inst/reg_freq_mul/output_reg[10]/C (clocked by pll_adc_clk) and dpll_wrapper_inst/PLL_VCO_MUL_DIV_inst/VCO0_Multiplier/U0/i_mult/gDSP.gDSP_only.iDSP/use_prim.appDSP48[2].bppDSP48[0].use_dsp.use_dsp48e1.iDSP48E1/PCIN[22] (clocked by pll_adc_clk). Large setup violations at the end of those stages might be difficult to fix during the post-placement implementation flow and could be the result of non-optimal XDC constraints or non-optimal design architecture
Related violations: <none>

TIMING-16#760 Warning
Large setup violation  
There is a large setup violation of -3.437 ns between dpll_wrapper_inst/reg_freq_mul/output_reg[10]/C (clocked by pll_adc_clk) and dpll_wrapper_inst/PLL_VCO_MUL_DIV_inst/VCO0_Multiplier/U0/i_mult/gDSP.gDSP_only.iDSP/use_prim.appDSP48[2].bppDSP48[0].use_dsp.use_dsp48e1.iDSP48E1/PCIN[23] (clocked by pll_adc_clk). Large setup violations at the end of those stages might be difficult to fix during the post-placement implementation flow and could be the result of non-optimal XDC constraints or non-optimal design architecture
Related violations: <none>

TIMING-16#761 Warning
Large setup violation  
There is a large setup violation of -3.437 ns between dpll_wrapper_inst/reg_freq_mul/output_reg[10]/C (clocked by pll_adc_clk) and dpll_wrapper_inst/PLL_VCO_MUL_DIV_inst/VCO0_Multiplier/U0/i_mult/gDSP.gDSP_only.iDSP/use_prim.appDSP48[2].bppDSP48[0].use_dsp.use_dsp48e1.iDSP48E1/PCIN[24] (clocked by pll_adc_clk). Large setup violations at the end of those stages might be difficult to fix during the post-placement implementation flow and could be the result of non-optimal XDC constraints or non-optimal design architecture
Related violations: <none>

TIMING-16#762 Warning
Large setup violation  
There is a large setup violation of -3.437 ns between dpll_wrapper_inst/reg_freq_mul/output_reg[10]/C (clocked by pll_adc_clk) and dpll_wrapper_inst/PLL_VCO_MUL_DIV_inst/VCO0_Multiplier/U0/i_mult/gDSP.gDSP_only.iDSP/use_prim.appDSP48[2].bppDSP48[0].use_dsp.use_dsp48e1.iDSP48E1/PCIN[25] (clocked by pll_adc_clk). Large setup violations at the end of those stages might be difficult to fix during the post-placement implementation flow and could be the result of non-optimal XDC constraints or non-optimal design architecture
Related violations: <none>

TIMING-16#763 Warning
Large setup violation  
There is a large setup violation of -3.437 ns between dpll_wrapper_inst/reg_freq_mul/output_reg[10]/C (clocked by pll_adc_clk) and dpll_wrapper_inst/PLL_VCO_MUL_DIV_inst/VCO0_Multiplier/U0/i_mult/gDSP.gDSP_only.iDSP/use_prim.appDSP48[2].bppDSP48[0].use_dsp.use_dsp48e1.iDSP48E1/PCIN[26] (clocked by pll_adc_clk). Large setup violations at the end of those stages might be difficult to fix during the post-placement implementation flow and could be the result of non-optimal XDC constraints or non-optimal design architecture
Related violations: <none>

TIMING-16#764 Warning
Large setup violation  
There is a large setup violation of -3.437 ns between dpll_wrapper_inst/reg_freq_mul/output_reg[10]/C (clocked by pll_adc_clk) and dpll_wrapper_inst/PLL_VCO_MUL_DIV_inst/VCO0_Multiplier/U0/i_mult/gDSP.gDSP_only.iDSP/use_prim.appDSP48[2].bppDSP48[0].use_dsp.use_dsp48e1.iDSP48E1/PCIN[27] (clocked by pll_adc_clk). Large setup violations at the end of those stages might be difficult to fix during the post-placement implementation flow and could be the result of non-optimal XDC constraints or non-optimal design architecture
Related violations: <none>

TIMING-16#765 Warning
Large setup violation  
There is a large setup violation of -3.437 ns between dpll_wrapper_inst/reg_freq_mul/output_reg[10]/C (clocked by pll_adc_clk) and dpll_wrapper_inst/PLL_VCO_MUL_DIV_inst/VCO0_Multiplier/U0/i_mult/gDSP.gDSP_only.iDSP/use_prim.appDSP48[2].bppDSP48[0].use_dsp.use_dsp48e1.iDSP48E1/PCIN[28] (clocked by pll_adc_clk). Large setup violations at the end of those stages might be difficult to fix during the post-placement implementation flow and could be the result of non-optimal XDC constraints or non-optimal design architecture
Related violations: <none>

TIMING-16#766 Warning
Large setup violation  
There is a large setup violation of -3.437 ns between dpll_wrapper_inst/reg_freq_mul/output_reg[10]/C (clocked by pll_adc_clk) and dpll_wrapper_inst/PLL_VCO_MUL_DIV_inst/VCO0_Multiplier/U0/i_mult/gDSP.gDSP_only.iDSP/use_prim.appDSP48[2].bppDSP48[0].use_dsp.use_dsp48e1.iDSP48E1/PCIN[29] (clocked by pll_adc_clk). Large setup violations at the end of those stages might be difficult to fix during the post-placement implementation flow and could be the result of non-optimal XDC constraints or non-optimal design architecture
Related violations: <none>

TIMING-16#767 Warning
Large setup violation  
There is a large setup violation of -3.437 ns between dpll_wrapper_inst/reg_freq_mul/output_reg[10]/C (clocked by pll_adc_clk) and dpll_wrapper_inst/PLL_VCO_MUL_DIV_inst/VCO0_Multiplier/U0/i_mult/gDSP.gDSP_only.iDSP/use_prim.appDSP48[2].bppDSP48[0].use_dsp.use_dsp48e1.iDSP48E1/PCIN[2] (clocked by pll_adc_clk). Large setup violations at the end of those stages might be difficult to fix during the post-placement implementation flow and could be the result of non-optimal XDC constraints or non-optimal design architecture
Related violations: <none>

TIMING-16#768 Warning
Large setup violation  
There is a large setup violation of -3.437 ns between dpll_wrapper_inst/reg_freq_mul/output_reg[10]/C (clocked by pll_adc_clk) and dpll_wrapper_inst/PLL_VCO_MUL_DIV_inst/VCO0_Multiplier/U0/i_mult/gDSP.gDSP_only.iDSP/use_prim.appDSP48[2].bppDSP48[0].use_dsp.use_dsp48e1.iDSP48E1/PCIN[30] (clocked by pll_adc_clk). Large setup violations at the end of those stages might be difficult to fix during the post-placement implementation flow and could be the result of non-optimal XDC constraints or non-optimal design architecture
Related violations: <none>

TIMING-16#769 Warning
Large setup violation  
There is a large setup violation of -3.437 ns between dpll_wrapper_inst/reg_freq_mul/output_reg[10]/C (clocked by pll_adc_clk) and dpll_wrapper_inst/PLL_VCO_MUL_DIV_inst/VCO0_Multiplier/U0/i_mult/gDSP.gDSP_only.iDSP/use_prim.appDSP48[2].bppDSP48[0].use_dsp.use_dsp48e1.iDSP48E1/PCIN[31] (clocked by pll_adc_clk). Large setup violations at the end of those stages might be difficult to fix during the post-placement implementation flow and could be the result of non-optimal XDC constraints or non-optimal design architecture
Related violations: <none>

TIMING-16#770 Warning
Large setup violation  
There is a large setup violation of -3.437 ns between dpll_wrapper_inst/reg_freq_mul/output_reg[10]/C (clocked by pll_adc_clk) and dpll_wrapper_inst/PLL_VCO_MUL_DIV_inst/VCO0_Multiplier/U0/i_mult/gDSP.gDSP_only.iDSP/use_prim.appDSP48[2].bppDSP48[0].use_dsp.use_dsp48e1.iDSP48E1/PCIN[32] (clocked by pll_adc_clk). Large setup violations at the end of those stages might be difficult to fix during the post-placement implementation flow and could be the result of non-optimal XDC constraints or non-optimal design architecture
Related violations: <none>

TIMING-16#771 Warning
Large setup violation  
There is a large setup violation of -3.437 ns between dpll_wrapper_inst/reg_freq_mul/output_reg[10]/C (clocked by pll_adc_clk) and dpll_wrapper_inst/PLL_VCO_MUL_DIV_inst/VCO0_Multiplier/U0/i_mult/gDSP.gDSP_only.iDSP/use_prim.appDSP48[2].bppDSP48[0].use_dsp.use_dsp48e1.iDSP48E1/PCIN[33] (clocked by pll_adc_clk). Large setup violations at the end of those stages might be difficult to fix during the post-placement implementation flow and could be the result of non-optimal XDC constraints or non-optimal design architecture
Related violations: <none>

TIMING-16#772 Warning
Large setup violation  
There is a large setup violation of -3.437 ns between dpll_wrapper_inst/reg_freq_mul/output_reg[10]/C (clocked by pll_adc_clk) and dpll_wrapper_inst/PLL_VCO_MUL_DIV_inst/VCO0_Multiplier/U0/i_mult/gDSP.gDSP_only.iDSP/use_prim.appDSP48[2].bppDSP48[0].use_dsp.use_dsp48e1.iDSP48E1/PCIN[34] (clocked by pll_adc_clk). Large setup violations at the end of those stages might be difficult to fix during the post-placement implementation flow and could be the result of non-optimal XDC constraints or non-optimal design architecture
Related violations: <none>

TIMING-16#773 Warning
Large setup violation  
There is a large setup violation of -3.437 ns between dpll_wrapper_inst/reg_freq_mul/output_reg[10]/C (clocked by pll_adc_clk) and dpll_wrapper_inst/PLL_VCO_MUL_DIV_inst/VCO0_Multiplier/U0/i_mult/gDSP.gDSP_only.iDSP/use_prim.appDSP48[2].bppDSP48[0].use_dsp.use_dsp48e1.iDSP48E1/PCIN[35] (clocked by pll_adc_clk). Large setup violations at the end of those stages might be difficult to fix during the post-placement implementation flow and could be the result of non-optimal XDC constraints or non-optimal design architecture
Related violations: <none>

TIMING-16#774 Warning
Large setup violation  
There is a large setup violation of -3.437 ns between dpll_wrapper_inst/reg_freq_mul/output_reg[10]/C (clocked by pll_adc_clk) and dpll_wrapper_inst/PLL_VCO_MUL_DIV_inst/VCO0_Multiplier/U0/i_mult/gDSP.gDSP_only.iDSP/use_prim.appDSP48[2].bppDSP48[0].use_dsp.use_dsp48e1.iDSP48E1/PCIN[36] (clocked by pll_adc_clk). Large setup violations at the end of those stages might be difficult to fix during the post-placement implementation flow and could be the result of non-optimal XDC constraints or non-optimal design architecture
Related violations: <none>

TIMING-16#775 Warning
Large setup violation  
There is a large setup violation of -3.437 ns between dpll_wrapper_inst/reg_freq_mul/output_reg[10]/C (clocked by pll_adc_clk) and dpll_wrapper_inst/PLL_VCO_MUL_DIV_inst/VCO0_Multiplier/U0/i_mult/gDSP.gDSP_only.iDSP/use_prim.appDSP48[2].bppDSP48[0].use_dsp.use_dsp48e1.iDSP48E1/PCIN[37] (clocked by pll_adc_clk). Large setup violations at the end of those stages might be difficult to fix during the post-placement implementation flow and could be the result of non-optimal XDC constraints or non-optimal design architecture
Related violations: <none>

TIMING-16#776 Warning
Large setup violation  
There is a large setup violation of -3.437 ns between dpll_wrapper_inst/reg_freq_mul/output_reg[10]/C (clocked by pll_adc_clk) and dpll_wrapper_inst/PLL_VCO_MUL_DIV_inst/VCO0_Multiplier/U0/i_mult/gDSP.gDSP_only.iDSP/use_prim.appDSP48[2].bppDSP48[0].use_dsp.use_dsp48e1.iDSP48E1/PCIN[38] (clocked by pll_adc_clk). Large setup violations at the end of those stages might be difficult to fix during the post-placement implementation flow and could be the result of non-optimal XDC constraints or non-optimal design architecture
Related violations: <none>

TIMING-16#777 Warning
Large setup violation  
There is a large setup violation of -3.437 ns between dpll_wrapper_inst/reg_freq_mul/output_reg[10]/C (clocked by pll_adc_clk) and dpll_wrapper_inst/PLL_VCO_MUL_DIV_inst/VCO0_Multiplier/U0/i_mult/gDSP.gDSP_only.iDSP/use_prim.appDSP48[2].bppDSP48[0].use_dsp.use_dsp48e1.iDSP48E1/PCIN[39] (clocked by pll_adc_clk). Large setup violations at the end of those stages might be difficult to fix during the post-placement implementation flow and could be the result of non-optimal XDC constraints or non-optimal design architecture
Related violations: <none>

TIMING-16#778 Warning
Large setup violation  
There is a large setup violation of -3.437 ns between dpll_wrapper_inst/reg_freq_mul/output_reg[10]/C (clocked by pll_adc_clk) and dpll_wrapper_inst/PLL_VCO_MUL_DIV_inst/VCO0_Multiplier/U0/i_mult/gDSP.gDSP_only.iDSP/use_prim.appDSP48[2].bppDSP48[0].use_dsp.use_dsp48e1.iDSP48E1/PCIN[3] (clocked by pll_adc_clk). Large setup violations at the end of those stages might be difficult to fix during the post-placement implementation flow and could be the result of non-optimal XDC constraints or non-optimal design architecture
Related violations: <none>

TIMING-16#779 Warning
Large setup violation  
There is a large setup violation of -3.437 ns between dpll_wrapper_inst/reg_freq_mul/output_reg[10]/C (clocked by pll_adc_clk) and dpll_wrapper_inst/PLL_VCO_MUL_DIV_inst/VCO0_Multiplier/U0/i_mult/gDSP.gDSP_only.iDSP/use_prim.appDSP48[2].bppDSP48[0].use_dsp.use_dsp48e1.iDSP48E1/PCIN[40] (clocked by pll_adc_clk). Large setup violations at the end of those stages might be difficult to fix during the post-placement implementation flow and could be the result of non-optimal XDC constraints or non-optimal design architecture
Related violations: <none>

TIMING-16#780 Warning
Large setup violation  
There is a large setup violation of -3.437 ns between dpll_wrapper_inst/reg_freq_mul/output_reg[10]/C (clocked by pll_adc_clk) and dpll_wrapper_inst/PLL_VCO_MUL_DIV_inst/VCO0_Multiplier/U0/i_mult/gDSP.gDSP_only.iDSP/use_prim.appDSP48[2].bppDSP48[0].use_dsp.use_dsp48e1.iDSP48E1/PCIN[41] (clocked by pll_adc_clk). Large setup violations at the end of those stages might be difficult to fix during the post-placement implementation flow and could be the result of non-optimal XDC constraints or non-optimal design architecture
Related violations: <none>

TIMING-16#781 Warning
Large setup violation  
There is a large setup violation of -3.437 ns between dpll_wrapper_inst/reg_freq_mul/output_reg[10]/C (clocked by pll_adc_clk) and dpll_wrapper_inst/PLL_VCO_MUL_DIV_inst/VCO0_Multiplier/U0/i_mult/gDSP.gDSP_only.iDSP/use_prim.appDSP48[2].bppDSP48[0].use_dsp.use_dsp48e1.iDSP48E1/PCIN[42] (clocked by pll_adc_clk). Large setup violations at the end of those stages might be difficult to fix during the post-placement implementation flow and could be the result of non-optimal XDC constraints or non-optimal design architecture
Related violations: <none>

TIMING-16#782 Warning
Large setup violation  
There is a large setup violation of -3.437 ns between dpll_wrapper_inst/reg_freq_mul/output_reg[10]/C (clocked by pll_adc_clk) and dpll_wrapper_inst/PLL_VCO_MUL_DIV_inst/VCO0_Multiplier/U0/i_mult/gDSP.gDSP_only.iDSP/use_prim.appDSP48[2].bppDSP48[0].use_dsp.use_dsp48e1.iDSP48E1/PCIN[43] (clocked by pll_adc_clk). Large setup violations at the end of those stages might be difficult to fix during the post-placement implementation flow and could be the result of non-optimal XDC constraints or non-optimal design architecture
Related violations: <none>

TIMING-16#783 Warning
Large setup violation  
There is a large setup violation of -3.437 ns between dpll_wrapper_inst/reg_freq_mul/output_reg[10]/C (clocked by pll_adc_clk) and dpll_wrapper_inst/PLL_VCO_MUL_DIV_inst/VCO0_Multiplier/U0/i_mult/gDSP.gDSP_only.iDSP/use_prim.appDSP48[2].bppDSP48[0].use_dsp.use_dsp48e1.iDSP48E1/PCIN[44] (clocked by pll_adc_clk). Large setup violations at the end of those stages might be difficult to fix during the post-placement implementation flow and could be the result of non-optimal XDC constraints or non-optimal design architecture
Related violations: <none>

TIMING-16#784 Warning
Large setup violation  
There is a large setup violation of -3.437 ns between dpll_wrapper_inst/reg_freq_mul/output_reg[10]/C (clocked by pll_adc_clk) and dpll_wrapper_inst/PLL_VCO_MUL_DIV_inst/VCO0_Multiplier/U0/i_mult/gDSP.gDSP_only.iDSP/use_prim.appDSP48[2].bppDSP48[0].use_dsp.use_dsp48e1.iDSP48E1/PCIN[45] (clocked by pll_adc_clk). Large setup violations at the end of those stages might be difficult to fix during the post-placement implementation flow and could be the result of non-optimal XDC constraints or non-optimal design architecture
Related violations: <none>

TIMING-16#785 Warning
Large setup violation  
There is a large setup violation of -3.437 ns between dpll_wrapper_inst/reg_freq_mul/output_reg[10]/C (clocked by pll_adc_clk) and dpll_wrapper_inst/PLL_VCO_MUL_DIV_inst/VCO0_Multiplier/U0/i_mult/gDSP.gDSP_only.iDSP/use_prim.appDSP48[2].bppDSP48[0].use_dsp.use_dsp48e1.iDSP48E1/PCIN[46] (clocked by pll_adc_clk). Large setup violations at the end of those stages might be difficult to fix during the post-placement implementation flow and could be the result of non-optimal XDC constraints or non-optimal design architecture
Related violations: <none>

TIMING-16#786 Warning
Large setup violation  
There is a large setup violation of -3.437 ns between dpll_wrapper_inst/reg_freq_mul/output_reg[10]/C (clocked by pll_adc_clk) and dpll_wrapper_inst/PLL_VCO_MUL_DIV_inst/VCO0_Multiplier/U0/i_mult/gDSP.gDSP_only.iDSP/use_prim.appDSP48[2].bppDSP48[0].use_dsp.use_dsp48e1.iDSP48E1/PCIN[47] (clocked by pll_adc_clk). Large setup violations at the end of those stages might be difficult to fix during the post-placement implementation flow and could be the result of non-optimal XDC constraints or non-optimal design architecture
Related violations: <none>

TIMING-16#787 Warning
Large setup violation  
There is a large setup violation of -3.437 ns between dpll_wrapper_inst/reg_freq_mul/output_reg[10]/C (clocked by pll_adc_clk) and dpll_wrapper_inst/PLL_VCO_MUL_DIV_inst/VCO0_Multiplier/U0/i_mult/gDSP.gDSP_only.iDSP/use_prim.appDSP48[2].bppDSP48[0].use_dsp.use_dsp48e1.iDSP48E1/PCIN[4] (clocked by pll_adc_clk). Large setup violations at the end of those stages might be difficult to fix during the post-placement implementation flow and could be the result of non-optimal XDC constraints or non-optimal design architecture
Related violations: <none>

TIMING-16#788 Warning
Large setup violation  
There is a large setup violation of -3.437 ns between dpll_wrapper_inst/reg_freq_mul/output_reg[10]/C (clocked by pll_adc_clk) and dpll_wrapper_inst/PLL_VCO_MUL_DIV_inst/VCO0_Multiplier/U0/i_mult/gDSP.gDSP_only.iDSP/use_prim.appDSP48[2].bppDSP48[0].use_dsp.use_dsp48e1.iDSP48E1/PCIN[5] (clocked by pll_adc_clk). Large setup violations at the end of those stages might be difficult to fix during the post-placement implementation flow and could be the result of non-optimal XDC constraints or non-optimal design architecture
Related violations: <none>

TIMING-16#789 Warning
Large setup violation  
There is a large setup violation of -3.437 ns between dpll_wrapper_inst/reg_freq_mul/output_reg[10]/C (clocked by pll_adc_clk) and dpll_wrapper_inst/PLL_VCO_MUL_DIV_inst/VCO0_Multiplier/U0/i_mult/gDSP.gDSP_only.iDSP/use_prim.appDSP48[2].bppDSP48[0].use_dsp.use_dsp48e1.iDSP48E1/PCIN[6] (clocked by pll_adc_clk). Large setup violations at the end of those stages might be difficult to fix during the post-placement implementation flow and could be the result of non-optimal XDC constraints or non-optimal design architecture
Related violations: <none>

TIMING-16#790 Warning
Large setup violation  
There is a large setup violation of -3.437 ns between dpll_wrapper_inst/reg_freq_mul/output_reg[10]/C (clocked by pll_adc_clk) and dpll_wrapper_inst/PLL_VCO_MUL_DIV_inst/VCO0_Multiplier/U0/i_mult/gDSP.gDSP_only.iDSP/use_prim.appDSP48[2].bppDSP48[0].use_dsp.use_dsp48e1.iDSP48E1/PCIN[7] (clocked by pll_adc_clk). Large setup violations at the end of those stages might be difficult to fix during the post-placement implementation flow and could be the result of non-optimal XDC constraints or non-optimal design architecture
Related violations: <none>

TIMING-16#791 Warning
Large setup violation  
There is a large setup violation of -3.437 ns between dpll_wrapper_inst/reg_freq_mul/output_reg[10]/C (clocked by pll_adc_clk) and dpll_wrapper_inst/PLL_VCO_MUL_DIV_inst/VCO0_Multiplier/U0/i_mult/gDSP.gDSP_only.iDSP/use_prim.appDSP48[2].bppDSP48[0].use_dsp.use_dsp48e1.iDSP48E1/PCIN[8] (clocked by pll_adc_clk). Large setup violations at the end of those stages might be difficult to fix during the post-placement implementation flow and could be the result of non-optimal XDC constraints or non-optimal design architecture
Related violations: <none>

TIMING-16#792 Warning
Large setup violation  
There is a large setup violation of -3.437 ns between dpll_wrapper_inst/reg_freq_mul/output_reg[10]/C (clocked by pll_adc_clk) and dpll_wrapper_inst/PLL_VCO_MUL_DIV_inst/VCO0_Multiplier/U0/i_mult/gDSP.gDSP_only.iDSP/use_prim.appDSP48[2].bppDSP48[0].use_dsp.use_dsp48e1.iDSP48E1/PCIN[9] (clocked by pll_adc_clk). Large setup violations at the end of those stages might be difficult to fix during the post-placement implementation flow and could be the result of non-optimal XDC constraints or non-optimal design architecture
Related violations: <none>

TIMING-16#793 Warning
Large setup violation  
There is a large setup violation of -3.438 ns between i_ps/axi_slave_gp0/rd_do_reg/C (clocked by adc_clk) and Digital_Freq_Meter_inst/parallel_bus_register_32_bits_or_less_freq_c0/output_reg[26]/CE (clocked by pll_adc_clk). Large setup violations at the end of those stages might be difficult to fix during the post-placement implementation flow and could be the result of non-optimal XDC constraints or non-optimal design architecture
Related violations: <none>

TIMING-16#794 Warning
Large setup violation  
There is a large setup violation of -3.438 ns between i_ps/axi_slave_gp0/rd_do_reg/C (clocked by adc_clk) and Digital_Freq_Meter_inst/parallel_bus_register_32_bits_or_less_freq_c0/output_reg[27]/CE (clocked by pll_adc_clk). Large setup violations at the end of those stages might be difficult to fix during the post-placement implementation flow and could be the result of non-optimal XDC constraints or non-optimal design architecture
Related violations: <none>

TIMING-16#795 Warning
Large setup violation  
There is a large setup violation of -3.438 ns between i_ps/axi_slave_gp0/rd_do_reg/C (clocked by adc_clk) and Digital_Freq_Meter_inst/parallel_bus_register_32_bits_or_less_freq_c0/output_reg[29]/CE (clocked by pll_adc_clk). Large setup violations at the end of those stages might be difficult to fix during the post-placement implementation flow and could be the result of non-optimal XDC constraints or non-optimal design architecture
Related violations: <none>

TIMING-16#796 Warning
Large setup violation  
There is a large setup violation of -3.440 ns between i_ps/axi_slave_gp0/rd_do_reg/C (clocked by adc_clk) and dpll_wrapper_inst/reg_debug_gain/output_reg[0]/CE (clocked by pll_adc_clk). Large setup violations at the end of those stages might be difficult to fix during the post-placement implementation flow and could be the result of non-optimal XDC constraints or non-optimal design architecture
Related violations: <none>

TIMING-16#797 Warning
Large setup violation  
There is a large setup violation of -3.440 ns between i_ps/axi_slave_gp0/rd_do_reg/C (clocked by adc_clk) and dpll_wrapper_inst/reg_debug_gain/output_reg[10]/CE (clocked by pll_adc_clk). Large setup violations at the end of those stages might be difficult to fix during the post-placement implementation flow and could be the result of non-optimal XDC constraints or non-optimal design architecture
Related violations: <none>

TIMING-16#798 Warning
Large setup violation  
There is a large setup violation of -3.440 ns between i_ps/axi_slave_gp0/rd_do_reg/C (clocked by adc_clk) and dpll_wrapper_inst/reg_debug_gain/output_reg[11]/CE (clocked by pll_adc_clk). Large setup violations at the end of those stages might be difficult to fix during the post-placement implementation flow and could be the result of non-optimal XDC constraints or non-optimal design architecture
Related violations: <none>

TIMING-16#799 Warning
Large setup violation  
There is a large setup violation of -3.440 ns between i_ps/axi_slave_gp0/rd_do_reg/C (clocked by adc_clk) and dpll_wrapper_inst/reg_debug_gain/output_reg[12]/CE (clocked by pll_adc_clk). Large setup violations at the end of those stages might be difficult to fix during the post-placement implementation flow and could be the result of non-optimal XDC constraints or non-optimal design architecture
Related violations: <none>

TIMING-16#800 Warning
Large setup violation  
There is a large setup violation of -3.440 ns between i_ps/axi_slave_gp0/rd_do_reg/C (clocked by adc_clk) and dpll_wrapper_inst/reg_debug_gain/output_reg[15]/CE (clocked by pll_adc_clk). Large setup violations at the end of those stages might be difficult to fix during the post-placement implementation flow and could be the result of non-optimal XDC constraints or non-optimal design architecture
Related violations: <none>

TIMING-16#801 Warning
Large setup violation  
There is a large setup violation of -3.440 ns between i_ps/axi_slave_gp0/rd_do_reg/C (clocked by adc_clk) and dpll_wrapper_inst/reg_debug_gain/output_reg[1]/CE (clocked by pll_adc_clk). Large setup violations at the end of those stages might be difficult to fix during the post-placement implementation flow and could be the result of non-optimal XDC constraints or non-optimal design architecture
Related violations: <none>

TIMING-16#802 Warning
Large setup violation  
There is a large setup violation of -3.440 ns between i_ps/axi_slave_gp0/rd_do_reg/C (clocked by adc_clk) and dpll_wrapper_inst/reg_debug_gain/output_reg[2]/CE (clocked by pll_adc_clk). Large setup violations at the end of those stages might be difficult to fix during the post-placement implementation flow and could be the result of non-optimal XDC constraints or non-optimal design architecture
Related violations: <none>

TIMING-16#803 Warning
Large setup violation  
There is a large setup violation of -3.440 ns between i_ps/axi_slave_gp0/rd_do_reg/C (clocked by adc_clk) and dpll_wrapper_inst/reg_debug_gain/output_reg[6]/CE (clocked by pll_adc_clk). Large setup violations at the end of those stages might be difficult to fix during the post-placement implementation flow and could be the result of non-optimal XDC constraints or non-optimal design architecture
Related violations: <none>

TIMING-16#804 Warning
Large setup violation  
There is a large setup violation of -3.443 ns between i_ps/axi_slave_gp0/rd_do_reg/C (clocked by adc_clk) and Digital_Freq_Meter_inst/parallel_bus_register_pll0_gaind/output_reg[25]/CE (clocked by pll_adc_clk). Large setup violations at the end of those stages might be difficult to fix during the post-placement implementation flow and could be the result of non-optimal XDC constraints or non-optimal design architecture
Related violations: <none>

TIMING-16#805 Warning
Large setup violation  
There is a large setup violation of -3.450 ns between i_ps/axi_slave_gp0/rd_do_reg/C (clocked by adc_clk) and dpll_wrapper_inst/reg_dac0_offset/output_reg[12]/CE (clocked by pll_adc_clk). Large setup violations at the end of those stages might be difficult to fix during the post-placement implementation flow and could be the result of non-optimal XDC constraints or non-optimal design architecture
Related violations: <none>

TIMING-16#806 Warning
Large setup violation  
There is a large setup violation of -3.450 ns between i_ps/axi_slave_gp0/rd_do_reg/C (clocked by adc_clk) and dpll_wrapper_inst/reg_dac0_offset/output_reg[8]/CE (clocked by pll_adc_clk). Large setup violations at the end of those stages might be difficult to fix during the post-placement implementation flow and could be the result of non-optimal XDC constraints or non-optimal design architecture
Related violations: <none>

TIMING-16#807 Warning
Large setup violation  
There is a large setup violation of -3.450 ns between i_ps/axi_slave_gp0/rd_do_reg/C (clocked by adc_clk) and dpll_wrapper_inst/reg_dac0_offset/output_reg[9]/CE (clocked by pll_adc_clk). Large setup violations at the end of those stages might be difficult to fix during the post-placement implementation flow and could be the result of non-optimal XDC constraints or non-optimal design architecture
Related violations: <none>

TIMING-16#808 Warning
Large setup violation  
There is a large setup violation of -3.456 ns between i_ps/axi_slave_gp0/rd_araddr_reg[22]/C (clocked by adc_clk) and dpll_wrapper_inst/reg_center_freq/output_reg[1]/CE (clocked by pll_adc_clk). Large setup violations at the end of those stages might be difficult to fix during the post-placement implementation flow and could be the result of non-optimal XDC constraints or non-optimal design architecture
Related violations: <none>

TIMING-16#809 Warning
Large setup violation  
There is a large setup violation of -3.475 ns between i_ps/axi_slave_gp0/rd_do_reg/C (clocked by adc_clk) and Digital_Freq_Meter_inst/parallel_bus_register_pll0_gaini/output_reg[27]/CE (clocked by pll_adc_clk). Large setup violations at the end of those stages might be difficult to fix during the post-placement implementation flow and could be the result of non-optimal XDC constraints or non-optimal design architecture
Related violations: <none>

TIMING-16#810 Warning
Large setup violation  
There is a large setup violation of -3.478 ns between i_ps/axi_slave_gp0/rd_do_reg/C (clocked by adc_clk) and Digital_Freq_Meter_inst/parallel_bus_register_pll0_gaind/output_reg[14]/CE (clocked by pll_adc_clk). Large setup violations at the end of those stages might be difficult to fix during the post-placement implementation flow and could be the result of non-optimal XDC constraints or non-optimal design architecture
Related violations: <none>

TIMING-16#811 Warning
Large setup violation  
There is a large setup violation of -3.478 ns between i_ps/axi_slave_gp0/rd_do_reg/C (clocked by adc_clk) and Digital_Freq_Meter_inst/parallel_bus_register_pll0_gaind/output_reg[8]/CE (clocked by pll_adc_clk). Large setup violations at the end of those stages might be difficult to fix during the post-placement implementation flow and could be the result of non-optimal XDC constraints or non-optimal design architecture
Related violations: <none>

TIMING-16#812 Warning
Large setup violation  
There is a large setup violation of -3.501 ns between i_ps/axi_slave_gp0/rd_araddr_reg[22]/C (clocked by adc_clk) and dpll_wrapper_inst/reg_freq_div/output_reg[15]/CE (clocked by pll_adc_clk). Large setup violations at the end of those stages might be difficult to fix during the post-placement implementation flow and could be the result of non-optimal XDC constraints or non-optimal design architecture
Related violations: <none>

TIMING-16#813 Warning
Large setup violation  
There is a large setup violation of -3.501 ns between i_ps/axi_slave_gp0/rd_araddr_reg[22]/C (clocked by adc_clk) and dpll_wrapper_inst/reg_freq_div/output_reg[3]/CE (clocked by pll_adc_clk). Large setup violations at the end of those stages might be difficult to fix during the post-placement implementation flow and could be the result of non-optimal XDC constraints or non-optimal design architecture
Related violations: <none>

TIMING-16#814 Warning
Large setup violation  
There is a large setup violation of -3.501 ns between i_ps/axi_slave_gp0/rd_araddr_reg[22]/C (clocked by adc_clk) and dpll_wrapper_inst/reg_freq_div/output_reg[5]/CE (clocked by pll_adc_clk). Large setup violations at the end of those stages might be difficult to fix during the post-placement implementation flow and could be the result of non-optimal XDC constraints or non-optimal design architecture
Related violations: <none>

TIMING-16#815 Warning
Large setup violation  
There is a large setup violation of -3.503 ns between i_ps/axi_slave_gp0/rd_araddr_reg[22]/C (clocked by adc_clk) and dpll_wrapper_inst/reg_freq_div/output_reg[8]/CE (clocked by pll_adc_clk). Large setup violations at the end of those stages might be difficult to fix during the post-placement implementation flow and could be the result of non-optimal XDC constraints or non-optimal design architecture
Related violations: <none>

TIMING-16#816 Warning
Large setup violation  
There is a large setup violation of -3.508 ns between i_ps/axi_slave_gp0/rd_araddr_reg[22]/C (clocked by adc_clk) and dpll_wrapper_inst/reg_debug_offset/output_reg[13]/CE (clocked by pll_adc_clk). Large setup violations at the end of those stages might be difficult to fix during the post-placement implementation flow and could be the result of non-optimal XDC constraints or non-optimal design architecture
Related violations: <none>

TIMING-16#817 Warning
Large setup violation  
There is a large setup violation of -3.508 ns between i_ps/axi_slave_gp0/rd_araddr_reg[22]/C (clocked by adc_clk) and dpll_wrapper_inst/reg_debug_offset/output_reg[5]/CE (clocked by pll_adc_clk). Large setup violations at the end of those stages might be difficult to fix during the post-placement implementation flow and could be the result of non-optimal XDC constraints or non-optimal design architecture
Related violations: <none>

TIMING-16#818 Warning
Large setup violation  
There is a large setup violation of -3.508 ns between i_ps/axi_slave_gp0/rd_araddr_reg[22]/C (clocked by adc_clk) and dpll_wrapper_inst/reg_debug_offset/output_reg[6]/CE (clocked by pll_adc_clk). Large setup violations at the end of those stages might be difficult to fix during the post-placement implementation flow and could be the result of non-optimal XDC constraints or non-optimal design architecture
Related violations: <none>

TIMING-16#819 Warning
Large setup violation  
There is a large setup violation of -3.508 ns between i_ps/axi_slave_gp0/rd_araddr_reg[22]/C (clocked by adc_clk) and dpll_wrapper_inst/reg_debug_offset/output_reg[8]/CE (clocked by pll_adc_clk). Large setup violations at the end of those stages might be difficult to fix during the post-placement implementation flow and could be the result of non-optimal XDC constraints or non-optimal design architecture
Related violations: <none>

TIMING-16#820 Warning
Large setup violation  
There is a large setup violation of -3.508 ns between i_ps/axi_slave_gp0/rd_araddr_reg[22]/C (clocked by adc_clk) and dpll_wrapper_inst/reg_debug_offset/output_reg[9]/CE (clocked by pll_adc_clk). Large setup violations at the end of those stages might be difficult to fix during the post-placement implementation flow and could be the result of non-optimal XDC constraints or non-optimal design architecture
Related violations: <none>

TIMING-16#821 Warning
Large setup violation  
There is a large setup violation of -3.518 ns between i_ps/axi_slave_gp0/rd_do_reg/C (clocked by adc_clk) and Digital_Freq_Meter_inst/parallel_bus_register_pll0_gainp/output_reg[27]/CE (clocked by pll_adc_clk). Large setup violations at the end of those stages might be difficult to fix during the post-placement implementation flow and could be the result of non-optimal XDC constraints or non-optimal design architecture
Related violations: <none>

TIMING-16#822 Warning
Large setup violation  
There is a large setup violation of -3.518 ns between i_ps/axi_slave_gp0/rd_do_reg/C (clocked by adc_clk) and dpll_wrapper_inst/reg_debug_format/output_reg[22]/CE (clocked by pll_adc_clk). Large setup violations at the end of those stages might be difficult to fix during the post-placement implementation flow and could be the result of non-optimal XDC constraints or non-optimal design architecture
Related violations: <none>

TIMING-16#823 Warning
Large setup violation  
There is a large setup violation of -3.518 ns between i_ps/axi_slave_gp0/rd_do_reg/C (clocked by adc_clk) and dpll_wrapper_inst/reg_debug_format/output_reg[25]/CE (clocked by pll_adc_clk). Large setup violations at the end of those stages might be difficult to fix during the post-placement implementation flow and could be the result of non-optimal XDC constraints or non-optimal design architecture
Related violations: <none>

TIMING-16#824 Warning
Large setup violation  
There is a large setup violation of -3.518 ns between i_ps/axi_slave_gp0/rd_do_reg/C (clocked by adc_clk) and dpll_wrapper_inst/reg_debug_format/output_reg[29]/CE (clocked by pll_adc_clk). Large setup violations at the end of those stages might be difficult to fix during the post-placement implementation flow and could be the result of non-optimal XDC constraints or non-optimal design architecture
Related violations: <none>

TIMING-16#825 Warning
Large setup violation  
There is a large setup violation of -3.518 ns between i_ps/axi_slave_gp0/rd_do_reg/C (clocked by adc_clk) and dpll_wrapper_inst/reg_debug_format/output_reg[30]/CE (clocked by pll_adc_clk). Large setup violations at the end of those stages might be difficult to fix during the post-placement implementation flow and could be the result of non-optimal XDC constraints or non-optimal design architecture
Related violations: <none>

TIMING-16#826 Warning
Large setup violation  
There is a large setup violation of -3.520 ns between i_ps/axi_slave_gp0/rd_araddr_reg[22]/C (clocked by adc_clk) and dpll_wrapper_inst/reg_center_freq/output_reg[12]/CE (clocked by pll_adc_clk). Large setup violations at the end of those stages might be difficult to fix during the post-placement implementation flow and could be the result of non-optimal XDC constraints or non-optimal design architecture
Related violations: <none>

TIMING-16#827 Warning
Large setup violation  
There is a large setup violation of -3.528 ns between i_ps/axi_slave_gp0/rd_araddr_reg[22]/C (clocked by adc_clk) and dpll_wrapper_inst/reg_dac0_amp/output_reg[0]/CE (clocked by pll_adc_clk). Large setup violations at the end of those stages might be difficult to fix during the post-placement implementation flow and could be the result of non-optimal XDC constraints or non-optimal design architecture
Related violations: <none>

TIMING-16#828 Warning
Large setup violation  
There is a large setup violation of -3.528 ns between i_ps/axi_slave_gp0/rd_araddr_reg[22]/C (clocked by adc_clk) and dpll_wrapper_inst/reg_dac0_amp/output_reg[13]/CE (clocked by pll_adc_clk). Large setup violations at the end of those stages might be difficult to fix during the post-placement implementation flow and could be the result of non-optimal XDC constraints or non-optimal design architecture
Related violations: <none>

TIMING-16#829 Warning
Large setup violation  
There is a large setup violation of -3.528 ns between i_ps/axi_slave_gp0/rd_araddr_reg[22]/C (clocked by adc_clk) and dpll_wrapper_inst/reg_dac0_amp/output_reg[14]/CE (clocked by pll_adc_clk). Large setup violations at the end of those stages might be difficult to fix during the post-placement implementation flow and could be the result of non-optimal XDC constraints or non-optimal design architecture
Related violations: <none>

TIMING-16#830 Warning
Large setup violation  
There is a large setup violation of -3.528 ns between i_ps/axi_slave_gp0/rd_araddr_reg[22]/C (clocked by adc_clk) and dpll_wrapper_inst/reg_dac0_amp/output_reg[1]/CE (clocked by pll_adc_clk). Large setup violations at the end of those stages might be difficult to fix during the post-placement implementation flow and could be the result of non-optimal XDC constraints or non-optimal design architecture
Related violations: <none>

TIMING-16#831 Warning
Large setup violation  
There is a large setup violation of -3.528 ns between i_ps/axi_slave_gp0/rd_araddr_reg[22]/C (clocked by adc_clk) and dpll_wrapper_inst/reg_dac0_amp/output_reg[3]/CE (clocked by pll_adc_clk). Large setup violations at the end of those stages might be difficult to fix during the post-placement implementation flow and could be the result of non-optimal XDC constraints or non-optimal design architecture
Related violations: <none>

TIMING-16#832 Warning
Large setup violation  
There is a large setup violation of -3.554 ns between i_ps/axi_slave_gp0/rd_do_reg/C (clocked by adc_clk) and dpll_wrapper_inst/reg_debug_format/output_reg[26]/CE (clocked by pll_adc_clk). Large setup violations at the end of those stages might be difficult to fix during the post-placement implementation flow and could be the result of non-optimal XDC constraints or non-optimal design architecture
Related violations: <none>

TIMING-16#833 Warning
Large setup violation  
There is a large setup violation of -3.554 ns between i_ps/axi_slave_gp0/rd_do_reg/C (clocked by adc_clk) and dpll_wrapper_inst/reg_debug_format/output_reg[3]/CE (clocked by pll_adc_clk). Large setup violations at the end of those stages might be difficult to fix during the post-placement implementation flow and could be the result of non-optimal XDC constraints or non-optimal design architecture
Related violations: <none>

TIMING-16#834 Warning
Large setup violation  
There is a large setup violation of -3.554 ns between i_ps/axi_slave_gp0/rd_do_reg/C (clocked by adc_clk) and dpll_wrapper_inst/reg_debug_format/output_reg[9]/CE (clocked by pll_adc_clk). Large setup violations at the end of those stages might be difficult to fix during the post-placement implementation flow and could be the result of non-optimal XDC constraints or non-optimal design architecture
Related violations: <none>

TIMING-16#835 Warning
Large setup violation  
There is a large setup violation of -3.556 ns between i_ps/axi_slave_gp0/rd_do_reg/C (clocked by adc_clk) and Digital_Freq_Meter_inst/sys_rdata_reg[30]/D (clocked by pll_adc_clk). Large setup violations at the end of those stages might be difficult to fix during the post-placement implementation flow and could be the result of non-optimal XDC constraints or non-optimal design architecture
Related violations: <none>

TIMING-16#836 Warning
Large setup violation  
There is a large setup violation of -3.562 ns between i_ps/axi_slave_gp0/rd_araddr_reg[22]/C (clocked by adc_clk) and dpll_wrapper_inst/reg_debug_offset/output_reg[0]/CE (clocked by pll_adc_clk). Large setup violations at the end of those stages might be difficult to fix during the post-placement implementation flow and could be the result of non-optimal XDC constraints or non-optimal design architecture
Related violations: <none>

TIMING-16#837 Warning
Large setup violation  
There is a large setup violation of -3.562 ns between i_ps/axi_slave_gp0/rd_araddr_reg[22]/C (clocked by adc_clk) and dpll_wrapper_inst/reg_debug_offset/output_reg[10]/CE (clocked by pll_adc_clk). Large setup violations at the end of those stages might be difficult to fix during the post-placement implementation flow and could be the result of non-optimal XDC constraints or non-optimal design architecture
Related violations: <none>

TIMING-16#838 Warning
Large setup violation  
There is a large setup violation of -3.562 ns between i_ps/axi_slave_gp0/rd_araddr_reg[22]/C (clocked by adc_clk) and dpll_wrapper_inst/reg_debug_offset/output_reg[11]/CE (clocked by pll_adc_clk). Large setup violations at the end of those stages might be difficult to fix during the post-placement implementation flow and could be the result of non-optimal XDC constraints or non-optimal design architecture
Related violations: <none>

TIMING-16#839 Warning
Large setup violation  
There is a large setup violation of -3.562 ns between i_ps/axi_slave_gp0/rd_araddr_reg[22]/C (clocked by adc_clk) and dpll_wrapper_inst/reg_debug_offset/output_reg[12]/CE (clocked by pll_adc_clk). Large setup violations at the end of those stages might be difficult to fix during the post-placement implementation flow and could be the result of non-optimal XDC constraints or non-optimal design architecture
Related violations: <none>

TIMING-16#840 Warning
Large setup violation  
There is a large setup violation of -3.562 ns between i_ps/axi_slave_gp0/rd_araddr_reg[22]/C (clocked by adc_clk) and dpll_wrapper_inst/reg_debug_offset/output_reg[4]/CE (clocked by pll_adc_clk). Large setup violations at the end of those stages might be difficult to fix during the post-placement implementation flow and could be the result of non-optimal XDC constraints or non-optimal design architecture
Related violations: <none>

TIMING-16#841 Warning
Large setup violation  
There is a large setup violation of -3.562 ns between i_ps/axi_slave_gp0/rd_araddr_reg[22]/C (clocked by adc_clk) and dpll_wrapper_inst/reg_debug_offset/output_reg[7]/CE (clocked by pll_adc_clk). Large setup violations at the end of those stages might be difficult to fix during the post-placement implementation flow and could be the result of non-optimal XDC constraints or non-optimal design architecture
Related violations: <none>

TIMING-16#842 Warning
Large setup violation  
There is a large setup violation of -3.565 ns between i_ps/axi_slave_gp0/rd_do_reg/C (clocked by adc_clk) and Digital_Freq_Meter_inst/parallel_bus_register_pll0_gainii/output_reg[25]/CE (clocked by pll_adc_clk). Large setup violations at the end of those stages might be difficult to fix during the post-placement implementation flow and could be the result of non-optimal XDC constraints or non-optimal design architecture
Related violations: <none>

TIMING-16#843 Warning
Large setup violation  
There is a large setup violation of -3.565 ns between i_ps/axi_slave_gp0/rd_do_reg/C (clocked by adc_clk) and Digital_Freq_Meter_inst/parallel_bus_register_pll0_gainii/output_reg[8]/CE (clocked by pll_adc_clk). Large setup violations at the end of those stages might be difficult to fix during the post-placement implementation flow and could be the result of non-optimal XDC constraints or non-optimal design architecture
Related violations: <none>

TIMING-16#844 Warning
Large setup violation  
There is a large setup violation of -3.572 ns between i_ps/axi_slave_gp0/rd_do_reg/C (clocked by adc_clk) and Digital_Freq_Meter_inst/parallel_bus_register_pll0_gainii/output_reg[14]/CE (clocked by pll_adc_clk). Large setup violations at the end of those stages might be difficult to fix during the post-placement implementation flow and could be the result of non-optimal XDC constraints or non-optimal design architecture
Related violations: <none>

TIMING-16#845 Warning
Large setup violation  
There is a large setup violation of -3.572 ns between i_ps/axi_slave_gp0/rd_do_reg/C (clocked by adc_clk) and Digital_Freq_Meter_inst/parallel_bus_register_pll0_gainii/output_reg[15]/CE (clocked by pll_adc_clk). Large setup violations at the end of those stages might be difficult to fix during the post-placement implementation flow and could be the result of non-optimal XDC constraints or non-optimal design architecture
Related violations: <none>

TIMING-16#846 Warning
Large setup violation  
There is a large setup violation of -3.572 ns between i_ps/axi_slave_gp0/rd_do_reg/C (clocked by adc_clk) and Digital_Freq_Meter_inst/parallel_bus_register_pll0_gainii/output_reg[16]/CE (clocked by pll_adc_clk). Large setup violations at the end of those stages might be difficult to fix during the post-placement implementation flow and could be the result of non-optimal XDC constraints or non-optimal design architecture
Related violations: <none>

TIMING-16#847 Warning
Large setup violation  
There is a large setup violation of -3.572 ns between i_ps/axi_slave_gp0/rd_do_reg/C (clocked by adc_clk) and Digital_Freq_Meter_inst/parallel_bus_register_pll0_gainii/output_reg[29]/CE (clocked by pll_adc_clk). Large setup violations at the end of those stages might be difficult to fix during the post-placement implementation flow and could be the result of non-optimal XDC constraints or non-optimal design architecture
Related violations: <none>

TIMING-16#848 Warning
Large setup violation  
There is a large setup violation of -3.572 ns between i_ps/axi_slave_gp0/rd_do_reg/C (clocked by adc_clk) and Digital_Freq_Meter_inst/parallel_bus_register_pll0_gainii/output_reg[30]/CE (clocked by pll_adc_clk). Large setup violations at the end of those stages might be difficult to fix during the post-placement implementation flow and could be the result of non-optimal XDC constraints or non-optimal design architecture
Related violations: <none>

TIMING-16#849 Warning
Large setup violation  
There is a large setup violation of -3.572 ns between i_ps/axi_slave_gp0/rd_do_reg/C (clocked by adc_clk) and Digital_Freq_Meter_inst/parallel_bus_register_pll0_gainii/output_reg[31]/CE (clocked by pll_adc_clk). Large setup violations at the end of those stages might be difficult to fix during the post-placement implementation flow and could be the result of non-optimal XDC constraints or non-optimal design architecture
Related violations: <none>

TIMING-16#850 Warning
Large setup violation  
There is a large setup violation of -3.572 ns between i_ps/axi_slave_gp0/rd_do_reg/C (clocked by adc_clk) and Digital_Freq_Meter_inst/parallel_bus_register_pll0_gainii/output_reg[6]/CE (clocked by pll_adc_clk). Large setup violations at the end of those stages might be difficult to fix during the post-placement implementation flow and could be the result of non-optimal XDC constraints or non-optimal design architecture
Related violations: <none>

TIMING-16#851 Warning
Large setup violation  
There is a large setup violation of -3.572 ns between i_ps/axi_slave_gp0/rd_do_reg/C (clocked by adc_clk) and Digital_Freq_Meter_inst/parallel_bus_register_pll0_gainii/output_reg[7]/CE (clocked by pll_adc_clk). Large setup violations at the end of those stages might be difficult to fix during the post-placement implementation flow and could be the result of non-optimal XDC constraints or non-optimal design architecture
Related violations: <none>

TIMING-16#852 Warning
Large setup violation  
There is a large setup violation of -3.575 ns between i_ps/axi_slave_gp0/rd_araddr_reg[22]/C (clocked by adc_clk) and dpll_wrapper_inst/reg_center_freq/output_reg[11]/CE (clocked by pll_adc_clk). Large setup violations at the end of those stages might be difficult to fix during the post-placement implementation flow and could be the result of non-optimal XDC constraints or non-optimal design architecture
Related violations: <none>

TIMING-16#853 Warning
Large setup violation  
There is a large setup violation of -3.575 ns between i_ps/axi_slave_gp0/rd_araddr_reg[22]/C (clocked by adc_clk) and dpll_wrapper_inst/reg_center_freq/output_reg[19]/CE (clocked by pll_adc_clk). Large setup violations at the end of those stages might be difficult to fix during the post-placement implementation flow and could be the result of non-optimal XDC constraints or non-optimal design architecture
Related violations: <none>

TIMING-16#854 Warning
Large setup violation  
There is a large setup violation of -3.575 ns between i_ps/axi_slave_gp0/rd_araddr_reg[22]/C (clocked by adc_clk) and dpll_wrapper_inst/reg_center_freq/output_reg[9]/CE (clocked by pll_adc_clk). Large setup violations at the end of those stages might be difficult to fix during the post-placement implementation flow and could be the result of non-optimal XDC constraints or non-optimal design architecture
Related violations: <none>

TIMING-16#855 Warning
Large setup violation  
There is a large setup violation of -3.584 ns between i_ps/axi_slave_gp0/rd_araddr_reg[22]/C (clocked by adc_clk) and dpll_wrapper_inst/reg_dac0_amp/output_reg[9]/CE (clocked by pll_adc_clk). Large setup violations at the end of those stages might be difficult to fix during the post-placement implementation flow and could be the result of non-optimal XDC constraints or non-optimal design architecture
Related violations: <none>

TIMING-16#856 Warning
Large setup violation  
There is a large setup violation of -3.585 ns between i_ps/axi_slave_gp0/rd_araddr_reg[22]/C (clocked by adc_clk) and dpll_wrapper_inst/reg_dac0_amp/output_reg[4]/CE (clocked by pll_adc_clk). Large setup violations at the end of those stages might be difficult to fix during the post-placement implementation flow and could be the result of non-optimal XDC constraints or non-optimal design architecture
Related violations: <none>

TIMING-16#857 Warning
Large setup violation  
There is a large setup violation of -3.585 ns between i_ps/axi_slave_gp0/rd_araddr_reg[22]/C (clocked by adc_clk) and dpll_wrapper_inst/reg_dac0_amp/output_reg[6]/CE (clocked by pll_adc_clk). Large setup violations at the end of those stages might be difficult to fix during the post-placement implementation flow and could be the result of non-optimal XDC constraints or non-optimal design architecture
Related violations: <none>

TIMING-16#858 Warning
Large setup violation  
There is a large setup violation of -3.585 ns between i_ps/axi_slave_gp0/rd_araddr_reg[22]/C (clocked by adc_clk) and dpll_wrapper_inst/reg_dac0_amp/output_reg[7]/CE (clocked by pll_adc_clk). Large setup violations at the end of those stages might be difficult to fix during the post-placement implementation flow and could be the result of non-optimal XDC constraints or non-optimal design architecture
Related violations: <none>

TIMING-16#859 Warning
Large setup violation  
There is a large setup violation of -3.588 ns between i_ps/axi_slave_gp0/rd_do_reg/C (clocked by adc_clk) and Digital_Freq_Meter_inst/sys_rdata_reg[29]/D (clocked by pll_adc_clk). Large setup violations at the end of those stages might be difficult to fix during the post-placement implementation flow and could be the result of non-optimal XDC constraints or non-optimal design architecture
Related violations: <none>

TIMING-16#860 Warning
Large setup violation  
There is a large setup violation of -3.592 ns between i_ps/axi_slave_gp0/rd_do_reg/C (clocked by adc_clk) and Digital_Freq_Meter_inst/parallel_bus_register_pll0_gainp/output_reg[0]/CE (clocked by pll_adc_clk). Large setup violations at the end of those stages might be difficult to fix during the post-placement implementation flow and could be the result of non-optimal XDC constraints or non-optimal design architecture
Related violations: <none>

TIMING-16#861 Warning
Large setup violation  
There is a large setup violation of -3.592 ns between i_ps/axi_slave_gp0/rd_do_reg/C (clocked by adc_clk) and Digital_Freq_Meter_inst/parallel_bus_register_pll0_gainp/output_reg[11]/CE (clocked by pll_adc_clk). Large setup violations at the end of those stages might be difficult to fix during the post-placement implementation flow and could be the result of non-optimal XDC constraints or non-optimal design architecture
Related violations: <none>

TIMING-16#862 Warning
Large setup violation  
There is a large setup violation of -3.600 ns between i_ps/axi_slave_gp0/rd_araddr_reg[22]/C (clocked by adc_clk) and dpll_wrapper_inst/reg_center_freq/output_reg[13]/CE (clocked by pll_adc_clk). Large setup violations at the end of those stages might be difficult to fix during the post-placement implementation flow and could be the result of non-optimal XDC constraints or non-optimal design architecture
Related violations: <none>

TIMING-16#863 Warning
Large setup violation  
There is a large setup violation of -3.600 ns between i_ps/axi_slave_gp0/rd_araddr_reg[22]/C (clocked by adc_clk) and dpll_wrapper_inst/reg_center_freq/output_reg[14]/CE (clocked by pll_adc_clk). Large setup violations at the end of those stages might be difficult to fix during the post-placement implementation flow and could be the result of non-optimal XDC constraints or non-optimal design architecture
Related violations: <none>

TIMING-16#864 Warning
Large setup violation  
There is a large setup violation of -3.603 ns between i_ps/axi_slave_gp0/rd_do_reg/C (clocked by adc_clk) and Digital_Freq_Meter_inst/parallel_bus_register_pll0_gainii/output_reg[18]/CE (clocked by pll_adc_clk). Large setup violations at the end of those stages might be difficult to fix during the post-placement implementation flow and could be the result of non-optimal XDC constraints or non-optimal design architecture
Related violations: <none>

TIMING-16#865 Warning
Large setup violation  
There is a large setup violation of -3.603 ns between i_ps/axi_slave_gp0/rd_do_reg/C (clocked by adc_clk) and Digital_Freq_Meter_inst/parallel_bus_register_pll0_gainii/output_reg[20]/CE (clocked by pll_adc_clk). Large setup violations at the end of those stages might be difficult to fix during the post-placement implementation flow and could be the result of non-optimal XDC constraints or non-optimal design architecture
Related violations: <none>

TIMING-16#866 Warning
Large setup violation  
There is a large setup violation of -3.603 ns between i_ps/axi_slave_gp0/rd_do_reg/C (clocked by adc_clk) and Digital_Freq_Meter_inst/parallel_bus_register_pll0_gainii/output_reg[21]/CE (clocked by pll_adc_clk). Large setup violations at the end of those stages might be difficult to fix during the post-placement implementation flow and could be the result of non-optimal XDC constraints or non-optimal design architecture
Related violations: <none>

TIMING-16#867 Warning
Large setup violation  
There is a large setup violation of -3.603 ns between i_ps/axi_slave_gp0/rd_do_reg/C (clocked by adc_clk) and Digital_Freq_Meter_inst/parallel_bus_register_pll0_gainii/output_reg[22]/CE (clocked by pll_adc_clk). Large setup violations at the end of those stages might be difficult to fix during the post-placement implementation flow and could be the result of non-optimal XDC constraints or non-optimal design architecture
Related violations: <none>

TIMING-16#868 Warning
Large setup violation  
There is a large setup violation of -3.603 ns between i_ps/axi_slave_gp0/rd_do_reg/C (clocked by adc_clk) and Digital_Freq_Meter_inst/parallel_bus_register_pll0_gainii/output_reg[23]/CE (clocked by pll_adc_clk). Large setup violations at the end of those stages might be difficult to fix during the post-placement implementation flow and could be the result of non-optimal XDC constraints or non-optimal design architecture
Related violations: <none>

TIMING-16#869 Warning
Large setup violation  
There is a large setup violation of -3.603 ns between i_ps/axi_slave_gp0/rd_do_reg/C (clocked by adc_clk) and Digital_Freq_Meter_inst/parallel_bus_register_pll0_gainii/output_reg[28]/CE (clocked by pll_adc_clk). Large setup violations at the end of those stages might be difficult to fix during the post-placement implementation flow and could be the result of non-optimal XDC constraints or non-optimal design architecture
Related violations: <none>

TIMING-16#870 Warning
Large setup violation  
There is a large setup violation of -3.611 ns between i_ps/axi_slave_gp0/rd_do_reg/C (clocked by adc_clk) and Digital_Freq_Meter_inst/parallel_bus_register_pll0_gainp/output_reg[12]/CE (clocked by pll_adc_clk). Large setup violations at the end of those stages might be difficult to fix during the post-placement implementation flow and could be the result of non-optimal XDC constraints or non-optimal design architecture
Related violations: <none>

TIMING-16#871 Warning
Large setup violation  
There is a large setup violation of -3.611 ns between i_ps/axi_slave_gp0/rd_do_reg/C (clocked by adc_clk) and Digital_Freq_Meter_inst/parallel_bus_register_pll0_gainp/output_reg[23]/CE (clocked by pll_adc_clk). Large setup violations at the end of those stages might be difficult to fix during the post-placement implementation flow and could be the result of non-optimal XDC constraints or non-optimal design architecture
Related violations: <none>

TIMING-16#872 Warning
Large setup violation  
There is a large setup violation of -3.616 ns between i_ps/axi_slave_gp0/rd_do_reg/C (clocked by adc_clk) and Digital_Freq_Meter_inst/parallel_bus_register_pll0_gainp/output_reg[16]/CE (clocked by pll_adc_clk). Large setup violations at the end of those stages might be difficult to fix during the post-placement implementation flow and could be the result of non-optimal XDC constraints or non-optimal design architecture
Related violations: <none>

TIMING-16#873 Warning
Large setup violation  
There is a large setup violation of -3.616 ns between i_ps/axi_slave_gp0/rd_do_reg/C (clocked by adc_clk) and Digital_Freq_Meter_inst/parallel_bus_register_pll0_gainp/output_reg[17]/CE (clocked by pll_adc_clk). Large setup violations at the end of those stages might be difficult to fix during the post-placement implementation flow and could be the result of non-optimal XDC constraints or non-optimal design architecture
Related violations: <none>

TIMING-16#874 Warning
Large setup violation  
There is a large setup violation of -3.616 ns between i_ps/axi_slave_gp0/rd_do_reg/C (clocked by adc_clk) and Digital_Freq_Meter_inst/parallel_bus_register_pll0_gainp/output_reg[18]/CE (clocked by pll_adc_clk). Large setup violations at the end of those stages might be difficult to fix during the post-placement implementation flow and could be the result of non-optimal XDC constraints or non-optimal design architecture
Related violations: <none>

TIMING-16#875 Warning
Large setup violation  
There is a large setup violation of -3.616 ns between i_ps/axi_slave_gp0/rd_do_reg/C (clocked by adc_clk) and Digital_Freq_Meter_inst/parallel_bus_register_pll0_gainp/output_reg[24]/CE (clocked by pll_adc_clk). Large setup violations at the end of those stages might be difficult to fix during the post-placement implementation flow and could be the result of non-optimal XDC constraints or non-optimal design architecture
Related violations: <none>

TIMING-16#876 Warning
Large setup violation  
There is a large setup violation of -3.616 ns between i_ps/axi_slave_gp0/rd_do_reg/C (clocked by adc_clk) and Digital_Freq_Meter_inst/parallel_bus_register_pll0_gainp/output_reg[26]/CE (clocked by pll_adc_clk). Large setup violations at the end of those stages might be difficult to fix during the post-placement implementation flow and could be the result of non-optimal XDC constraints or non-optimal design architecture
Related violations: <none>

TIMING-16#877 Warning
Large setup violation  
There is a large setup violation of -3.616 ns between i_ps/axi_slave_gp0/rd_do_reg/C (clocked by adc_clk) and Digital_Freq_Meter_inst/parallel_bus_register_pll0_gainp/output_reg[6]/CE (clocked by pll_adc_clk). Large setup violations at the end of those stages might be difficult to fix during the post-placement implementation flow and could be the result of non-optimal XDC constraints or non-optimal design architecture
Related violations: <none>

TIMING-16#878 Warning
Large setup violation  
There is a large setup violation of -3.616 ns between i_ps/axi_slave_gp0/rd_do_reg/C (clocked by adc_clk) and Digital_Freq_Meter_inst/parallel_bus_register_pll0_gainp/output_reg[7]/CE (clocked by pll_adc_clk). Large setup violations at the end of those stages might be difficult to fix during the post-placement implementation flow and could be the result of non-optimal XDC constraints or non-optimal design architecture
Related violations: <none>

TIMING-16#879 Warning
Large setup violation  
There is a large setup violation of -3.619 ns between i_ps/axi_slave_gp0/rd_araddr_reg[22]/C (clocked by adc_clk) and dpll_wrapper_inst/reg_dac0_amp/output_reg[10]/CE (clocked by pll_adc_clk). Large setup violations at the end of those stages might be difficult to fix during the post-placement implementation flow and could be the result of non-optimal XDC constraints or non-optimal design architecture
Related violations: <none>

TIMING-16#880 Warning
Large setup violation  
There is a large setup violation of -3.619 ns between i_ps/axi_slave_gp0/rd_araddr_reg[22]/C (clocked by adc_clk) and dpll_wrapper_inst/reg_dac0_amp/output_reg[12]/CE (clocked by pll_adc_clk). Large setup violations at the end of those stages might be difficult to fix during the post-placement implementation flow and could be the result of non-optimal XDC constraints or non-optimal design architecture
Related violations: <none>

TIMING-16#881 Warning
Large setup violation  
There is a large setup violation of -3.639 ns between i_ps/axi_slave_gp0/rd_araddr_reg[22]/C (clocked by adc_clk) and dpll_wrapper_inst/reg_center_freq/output_reg[26]/CE (clocked by pll_adc_clk). Large setup violations at the end of those stages might be difficult to fix during the post-placement implementation flow and could be the result of non-optimal XDC constraints or non-optimal design architecture
Related violations: <none>

TIMING-16#882 Warning
Large setup violation  
There is a large setup violation of -3.641 ns between i_ps/axi_slave_gp0/rd_araddr_reg[22]/C (clocked by adc_clk) and dpll_wrapper_inst/reg_debug_offset/output_reg[1]/CE (clocked by pll_adc_clk). Large setup violations at the end of those stages might be difficult to fix during the post-placement implementation flow and could be the result of non-optimal XDC constraints or non-optimal design architecture
Related violations: <none>

TIMING-16#883 Warning
Large setup violation  
There is a large setup violation of -3.641 ns between i_ps/axi_slave_gp0/rd_araddr_reg[22]/C (clocked by adc_clk) and dpll_wrapper_inst/reg_debug_offset/output_reg[2]/CE (clocked by pll_adc_clk). Large setup violations at the end of those stages might be difficult to fix during the post-placement implementation flow and could be the result of non-optimal XDC constraints or non-optimal design architecture
Related violations: <none>

TIMING-16#884 Warning
Large setup violation  
There is a large setup violation of -3.641 ns between i_ps/axi_slave_gp0/rd_araddr_reg[22]/C (clocked by adc_clk) and dpll_wrapper_inst/reg_debug_offset/output_reg[3]/CE (clocked by pll_adc_clk). Large setup violations at the end of those stages might be difficult to fix during the post-placement implementation flow and could be the result of non-optimal XDC constraints or non-optimal design architecture
Related violations: <none>

TIMING-16#885 Warning
Large setup violation  
There is a large setup violation of -3.652 ns between i_ps/axi_slave_gp0/rd_do_reg/C (clocked by adc_clk) and Digital_Freq_Meter_inst/sys_rdata_reg[13]/D (clocked by pll_adc_clk). Large setup violations at the end of those stages might be difficult to fix during the post-placement implementation flow and could be the result of non-optimal XDC constraints or non-optimal design architecture
Related violations: <none>

TIMING-16#886 Warning
Large setup violation  
There is a large setup violation of -3.659 ns between i_ps/axi_slave_gp0/rd_araddr_reg[22]/C (clocked by adc_clk) and dpll_wrapper_inst/reg_center_freq/output_reg[20]/CE (clocked by pll_adc_clk). Large setup violations at the end of those stages might be difficult to fix during the post-placement implementation flow and could be the result of non-optimal XDC constraints or non-optimal design architecture
Related violations: <none>

TIMING-16#887 Warning
Large setup violation  
There is a large setup violation of -3.659 ns between i_ps/axi_slave_gp0/rd_araddr_reg[22]/C (clocked by adc_clk) and dpll_wrapper_inst/reg_center_freq/output_reg[22]/CE (clocked by pll_adc_clk). Large setup violations at the end of those stages might be difficult to fix during the post-placement implementation flow and could be the result of non-optimal XDC constraints or non-optimal design architecture
Related violations: <none>

TIMING-16#888 Warning
Large setup violation  
There is a large setup violation of -3.665 ns between i_ps/axi_slave_gp0/rd_do_reg/C (clocked by adc_clk) and Digital_Freq_Meter_inst/parallel_bus_register_pll0_gaind/output_reg[24]/CE (clocked by pll_adc_clk). Large setup violations at the end of those stages might be difficult to fix during the post-placement implementation flow and could be the result of non-optimal XDC constraints or non-optimal design architecture
Related violations: <none>

TIMING-16#889 Warning
Large setup violation  
There is a large setup violation of -3.665 ns between i_ps/axi_slave_gp0/rd_do_reg/C (clocked by adc_clk) and Digital_Freq_Meter_inst/parallel_bus_register_pll0_gaind/output_reg[26]/CE (clocked by pll_adc_clk). Large setup violations at the end of those stages might be difficult to fix during the post-placement implementation flow and could be the result of non-optimal XDC constraints or non-optimal design architecture
Related violations: <none>

TIMING-16#890 Warning
Large setup violation  
There is a large setup violation of -3.665 ns between i_ps/axi_slave_gp0/rd_do_reg/C (clocked by adc_clk) and Digital_Freq_Meter_inst/parallel_bus_register_pll0_gaind/output_reg[27]/CE (clocked by pll_adc_clk). Large setup violations at the end of those stages might be difficult to fix during the post-placement implementation flow and could be the result of non-optimal XDC constraints or non-optimal design architecture
Related violations: <none>

TIMING-16#891 Warning
Large setup violation  
There is a large setup violation of -3.665 ns between i_ps/axi_slave_gp0/rd_do_reg/C (clocked by adc_clk) and Digital_Freq_Meter_inst/parallel_bus_register_pll0_gaind/output_reg[28]/CE (clocked by pll_adc_clk). Large setup violations at the end of those stages might be difficult to fix during the post-placement implementation flow and could be the result of non-optimal XDC constraints or non-optimal design architecture
Related violations: <none>

TIMING-16#892 Warning
Large setup violation  
There is a large setup violation of -3.665 ns between i_ps/axi_slave_gp0/rd_do_reg/C (clocked by adc_clk) and Digital_Freq_Meter_inst/parallel_bus_register_pll0_gaind/output_reg[29]/CE (clocked by pll_adc_clk). Large setup violations at the end of those stages might be difficult to fix during the post-placement implementation flow and could be the result of non-optimal XDC constraints or non-optimal design architecture
Related violations: <none>

TIMING-16#893 Warning
Large setup violation  
There is a large setup violation of -3.665 ns between i_ps/axi_slave_gp0/rd_do_reg/C (clocked by adc_clk) and Digital_Freq_Meter_inst/parallel_bus_register_pll0_gaind/output_reg[2]/CE (clocked by pll_adc_clk). Large setup violations at the end of those stages might be difficult to fix during the post-placement implementation flow and could be the result of non-optimal XDC constraints or non-optimal design architecture
Related violations: <none>

TIMING-16#894 Warning
Large setup violation  
There is a large setup violation of -3.665 ns between i_ps/axi_slave_gp0/rd_do_reg/C (clocked by adc_clk) and Digital_Freq_Meter_inst/parallel_bus_register_pll0_gaind/output_reg[30]/CE (clocked by pll_adc_clk). Large setup violations at the end of those stages might be difficult to fix during the post-placement implementation flow and could be the result of non-optimal XDC constraints or non-optimal design architecture
Related violations: <none>

TIMING-16#895 Warning
Large setup violation  
There is a large setup violation of -3.665 ns between i_ps/axi_slave_gp0/rd_do_reg/C (clocked by adc_clk) and Digital_Freq_Meter_inst/parallel_bus_register_pll0_gaind/output_reg[31]/CE (clocked by pll_adc_clk). Large setup violations at the end of those stages might be difficult to fix during the post-placement implementation flow and could be the result of non-optimal XDC constraints or non-optimal design architecture
Related violations: <none>

TIMING-16#896 Warning
Large setup violation  
There is a large setup violation of -3.685 ns between i_ps/axi_slave_gp0/rd_do_reg/C (clocked by adc_clk) and Digital_Freq_Meter_inst/parallel_bus_register_pll0_gainp/output_reg[19]/CE (clocked by pll_adc_clk). Large setup violations at the end of those stages might be difficult to fix during the post-placement implementation flow and could be the result of non-optimal XDC constraints or non-optimal design architecture
Related violations: <none>

TIMING-16#897 Warning
Large setup violation  
There is a large setup violation of -3.685 ns between i_ps/axi_slave_gp0/rd_do_reg/C (clocked by adc_clk) and Digital_Freq_Meter_inst/parallel_bus_register_pll0_gainp/output_reg[20]/CE (clocked by pll_adc_clk). Large setup violations at the end of those stages might be difficult to fix during the post-placement implementation flow and could be the result of non-optimal XDC constraints or non-optimal design architecture
Related violations: <none>

TIMING-16#898 Warning
Large setup violation  
There is a large setup violation of -3.685 ns between i_ps/axi_slave_gp0/rd_do_reg/C (clocked by adc_clk) and Digital_Freq_Meter_inst/parallel_bus_register_pll0_gainp/output_reg[28]/CE (clocked by pll_adc_clk). Large setup violations at the end of those stages might be difficult to fix during the post-placement implementation flow and could be the result of non-optimal XDC constraints or non-optimal design architecture
Related violations: <none>

TIMING-16#899 Warning
Large setup violation  
There is a large setup violation of -3.685 ns between i_ps/axi_slave_gp0/rd_do_reg/C (clocked by adc_clk) and Digital_Freq_Meter_inst/parallel_bus_register_pll0_gainp/output_reg[29]/CE (clocked by pll_adc_clk). Large setup violations at the end of those stages might be difficult to fix during the post-placement implementation flow and could be the result of non-optimal XDC constraints or non-optimal design architecture
Related violations: <none>

TIMING-16#900 Warning
Large setup violation  
There is a large setup violation of -3.685 ns between i_ps/axi_slave_gp0/rd_do_reg/C (clocked by adc_clk) and Digital_Freq_Meter_inst/parallel_bus_register_pll0_gainp/output_reg[31]/CE (clocked by pll_adc_clk). Large setup violations at the end of those stages might be difficult to fix during the post-placement implementation flow and could be the result of non-optimal XDC constraints or non-optimal design architecture
Related violations: <none>

TIMING-16#901 Warning
Large setup violation  
There is a large setup violation of -3.695 ns between i_ps/axi_slave_gp0/rd_araddr_reg[22]/C (clocked by adc_clk) and dpll_wrapper_inst/reg_center_freq/output_reg[17]/CE (clocked by pll_adc_clk). Large setup violations at the end of those stages might be difficult to fix during the post-placement implementation flow and could be the result of non-optimal XDC constraints or non-optimal design architecture
Related violations: <none>

TIMING-16#902 Warning
Large setup violation  
There is a large setup violation of -3.695 ns between i_ps/axi_slave_gp0/rd_araddr_reg[22]/C (clocked by adc_clk) and dpll_wrapper_inst/reg_center_freq/output_reg[24]/CE (clocked by pll_adc_clk). Large setup violations at the end of those stages might be difficult to fix during the post-placement implementation flow and could be the result of non-optimal XDC constraints or non-optimal design architecture
Related violations: <none>

TIMING-16#903 Warning
Large setup violation  
There is a large setup violation of -3.695 ns between i_ps/axi_slave_gp0/rd_araddr_reg[22]/C (clocked by adc_clk) and dpll_wrapper_inst/reg_center_freq/output_reg[3]/CE (clocked by pll_adc_clk). Large setup violations at the end of those stages might be difficult to fix during the post-placement implementation flow and could be the result of non-optimal XDC constraints or non-optimal design architecture
Related violations: <none>

TIMING-16#904 Warning
Large setup violation  
There is a large setup violation of -3.695 ns between i_ps/axi_slave_gp0/rd_araddr_reg[22]/C (clocked by adc_clk) and dpll_wrapper_inst/reg_center_freq/output_reg[7]/CE (clocked by pll_adc_clk). Large setup violations at the end of those stages might be difficult to fix during the post-placement implementation flow and could be the result of non-optimal XDC constraints or non-optimal design architecture
Related violations: <none>

TIMING-16#905 Warning
Large setup violation  
There is a large setup violation of -3.696 ns between i_ps/axi_slave_gp0/rd_do_reg/C (clocked by adc_clk) and Digital_Freq_Meter_inst/parallel_bus_register_pll0_gaind/output_reg[0]/CE (clocked by pll_adc_clk). Large setup violations at the end of those stages might be difficult to fix during the post-placement implementation flow and could be the result of non-optimal XDC constraints or non-optimal design architecture
Related violations: <none>

TIMING-16#906 Warning
Large setup violation  
There is a large setup violation of -3.696 ns between i_ps/axi_slave_gp0/rd_do_reg/C (clocked by adc_clk) and Digital_Freq_Meter_inst/parallel_bus_register_pll0_gaind/output_reg[11]/CE (clocked by pll_adc_clk). Large setup violations at the end of those stages might be difficult to fix during the post-placement implementation flow and could be the result of non-optimal XDC constraints or non-optimal design architecture
Related violations: <none>

TIMING-16#907 Warning
Large setup violation  
There is a large setup violation of -3.696 ns between i_ps/axi_slave_gp0/rd_do_reg/C (clocked by adc_clk) and Digital_Freq_Meter_inst/parallel_bus_register_pll0_gaind/output_reg[13]/CE (clocked by pll_adc_clk). Large setup violations at the end of those stages might be difficult to fix during the post-placement implementation flow and could be the result of non-optimal XDC constraints or non-optimal design architecture
Related violations: <none>

TIMING-16#908 Warning
Large setup violation  
There is a large setup violation of -3.696 ns between i_ps/axi_slave_gp0/rd_do_reg/C (clocked by adc_clk) and Digital_Freq_Meter_inst/parallel_bus_register_pll0_gaind/output_reg[22]/CE (clocked by pll_adc_clk). Large setup violations at the end of those stages might be difficult to fix during the post-placement implementation flow and could be the result of non-optimal XDC constraints or non-optimal design architecture
Related violations: <none>

TIMING-16#909 Warning
Large setup violation  
There is a large setup violation of -3.696 ns between i_ps/axi_slave_gp0/rd_do_reg/C (clocked by adc_clk) and Digital_Freq_Meter_inst/parallel_bus_register_pll0_gaind/output_reg[3]/CE (clocked by pll_adc_clk). Large setup violations at the end of those stages might be difficult to fix during the post-placement implementation flow and could be the result of non-optimal XDC constraints or non-optimal design architecture
Related violations: <none>

TIMING-16#910 Warning
Large setup violation  
There is a large setup violation of -3.696 ns between i_ps/axi_slave_gp0/rd_do_reg/C (clocked by adc_clk) and Digital_Freq_Meter_inst/parallel_bus_register_pll0_gaind/output_reg[5]/CE (clocked by pll_adc_clk). Large setup violations at the end of those stages might be difficult to fix during the post-placement implementation flow and could be the result of non-optimal XDC constraints or non-optimal design architecture
Related violations: <none>

TIMING-16#911 Warning
Large setup violation  
There is a large setup violation of -3.697 ns between i_ps/axi_slave_gp0/rd_araddr_reg[22]/C (clocked by adc_clk) and dpll_wrapper_inst/reg_center_freq/output_reg[2]/CE (clocked by pll_adc_clk). Large setup violations at the end of those stages might be difficult to fix during the post-placement implementation flow and could be the result of non-optimal XDC constraints or non-optimal design architecture
Related violations: <none>

TIMING-16#912 Warning
Large setup violation  
There is a large setup violation of -3.697 ns between i_ps/axi_slave_gp0/rd_araddr_reg[22]/C (clocked by adc_clk) and dpll_wrapper_inst/reg_center_freq/output_reg[6]/CE (clocked by pll_adc_clk). Large setup violations at the end of those stages might be difficult to fix during the post-placement implementation flow and could be the result of non-optimal XDC constraints or non-optimal design architecture
Related violations: <none>

TIMING-16#913 Warning
Large setup violation  
There is a large setup violation of -3.709 ns between i_ps/axi_slave_gp0/rd_do_reg/C (clocked by adc_clk) and Digital_Freq_Meter_inst/parallel_bus_register_pll0_gaind/output_reg[10]/CE (clocked by pll_adc_clk). Large setup violations at the end of those stages might be difficult to fix during the post-placement implementation flow and could be the result of non-optimal XDC constraints or non-optimal design architecture
Related violations: <none>

TIMING-16#914 Warning
Large setup violation  
There is a large setup violation of -3.709 ns between i_ps/axi_slave_gp0/rd_do_reg/C (clocked by adc_clk) and Digital_Freq_Meter_inst/parallel_bus_register_pll0_gaind/output_reg[12]/CE (clocked by pll_adc_clk). Large setup violations at the end of those stages might be difficult to fix during the post-placement implementation flow and could be the result of non-optimal XDC constraints or non-optimal design architecture
Related violations: <none>

TIMING-16#915 Warning
Large setup violation  
There is a large setup violation of -3.709 ns between i_ps/axi_slave_gp0/rd_do_reg/C (clocked by adc_clk) and Digital_Freq_Meter_inst/parallel_bus_register_pll0_gaind/output_reg[15]/CE (clocked by pll_adc_clk). Large setup violations at the end of those stages might be difficult to fix during the post-placement implementation flow and could be the result of non-optimal XDC constraints or non-optimal design architecture
Related violations: <none>

TIMING-16#916 Warning
Large setup violation  
There is a large setup violation of -3.709 ns between i_ps/axi_slave_gp0/rd_do_reg/C (clocked by adc_clk) and Digital_Freq_Meter_inst/parallel_bus_register_pll0_gaind/output_reg[16]/CE (clocked by pll_adc_clk). Large setup violations at the end of those stages might be difficult to fix during the post-placement implementation flow and could be the result of non-optimal XDC constraints or non-optimal design architecture
Related violations: <none>

TIMING-16#917 Warning
Large setup violation  
There is a large setup violation of -3.709 ns between i_ps/axi_slave_gp0/rd_do_reg/C (clocked by adc_clk) and Digital_Freq_Meter_inst/parallel_bus_register_pll0_gaind/output_reg[17]/CE (clocked by pll_adc_clk). Large setup violations at the end of those stages might be difficult to fix during the post-placement implementation flow and could be the result of non-optimal XDC constraints or non-optimal design architecture
Related violations: <none>

TIMING-16#918 Warning
Large setup violation  
There is a large setup violation of -3.709 ns between i_ps/axi_slave_gp0/rd_do_reg/C (clocked by adc_clk) and Digital_Freq_Meter_inst/parallel_bus_register_pll0_gaind/output_reg[18]/CE (clocked by pll_adc_clk). Large setup violations at the end of those stages might be difficult to fix during the post-placement implementation flow and could be the result of non-optimal XDC constraints or non-optimal design architecture
Related violations: <none>

TIMING-16#919 Warning
Large setup violation  
There is a large setup violation of -3.709 ns between i_ps/axi_slave_gp0/rd_do_reg/C (clocked by adc_clk) and Digital_Freq_Meter_inst/parallel_bus_register_pll0_gaind/output_reg[19]/CE (clocked by pll_adc_clk). Large setup violations at the end of those stages might be difficult to fix during the post-placement implementation flow and could be the result of non-optimal XDC constraints or non-optimal design architecture
Related violations: <none>

TIMING-16#920 Warning
Large setup violation  
There is a large setup violation of -3.709 ns between i_ps/axi_slave_gp0/rd_do_reg/C (clocked by adc_clk) and Digital_Freq_Meter_inst/parallel_bus_register_pll0_gaind/output_reg[1]/CE (clocked by pll_adc_clk). Large setup violations at the end of those stages might be difficult to fix during the post-placement implementation flow and could be the result of non-optimal XDC constraints or non-optimal design architecture
Related violations: <none>

TIMING-16#921 Warning
Large setup violation  
There is a large setup violation of -3.709 ns between i_ps/axi_slave_gp0/rd_do_reg/C (clocked by adc_clk) and Digital_Freq_Meter_inst/parallel_bus_register_pll0_gaind/output_reg[20]/CE (clocked by pll_adc_clk). Large setup violations at the end of those stages might be difficult to fix during the post-placement implementation flow and could be the result of non-optimal XDC constraints or non-optimal design architecture
Related violations: <none>

TIMING-16#922 Warning
Large setup violation  
There is a large setup violation of -3.709 ns between i_ps/axi_slave_gp0/rd_do_reg/C (clocked by adc_clk) and Digital_Freq_Meter_inst/parallel_bus_register_pll0_gaind/output_reg[21]/CE (clocked by pll_adc_clk). Large setup violations at the end of those stages might be difficult to fix during the post-placement implementation flow and could be the result of non-optimal XDC constraints or non-optimal design architecture
Related violations: <none>

TIMING-16#923 Warning
Large setup violation  
There is a large setup violation of -3.709 ns between i_ps/axi_slave_gp0/rd_do_reg/C (clocked by adc_clk) and Digital_Freq_Meter_inst/parallel_bus_register_pll0_gaind/output_reg[23]/CE (clocked by pll_adc_clk). Large setup violations at the end of those stages might be difficult to fix during the post-placement implementation flow and could be the result of non-optimal XDC constraints or non-optimal design architecture
Related violations: <none>

TIMING-16#924 Warning
Large setup violation  
There is a large setup violation of -3.709 ns between i_ps/axi_slave_gp0/rd_do_reg/C (clocked by adc_clk) and Digital_Freq_Meter_inst/parallel_bus_register_pll0_gaind/output_reg[4]/CE (clocked by pll_adc_clk). Large setup violations at the end of those stages might be difficult to fix during the post-placement implementation flow and could be the result of non-optimal XDC constraints or non-optimal design architecture
Related violations: <none>

TIMING-16#925 Warning
Large setup violation  
There is a large setup violation of -3.709 ns between i_ps/axi_slave_gp0/rd_do_reg/C (clocked by adc_clk) and Digital_Freq_Meter_inst/parallel_bus_register_pll0_gaind/output_reg[6]/CE (clocked by pll_adc_clk). Large setup violations at the end of those stages might be difficult to fix during the post-placement implementation flow and could be the result of non-optimal XDC constraints or non-optimal design architecture
Related violations: <none>

TIMING-16#926 Warning
Large setup violation  
There is a large setup violation of -3.709 ns between i_ps/axi_slave_gp0/rd_do_reg/C (clocked by adc_clk) and Digital_Freq_Meter_inst/parallel_bus_register_pll0_gaind/output_reg[7]/CE (clocked by pll_adc_clk). Large setup violations at the end of those stages might be difficult to fix during the post-placement implementation flow and could be the result of non-optimal XDC constraints or non-optimal design architecture
Related violations: <none>

TIMING-16#927 Warning
Large setup violation  
There is a large setup violation of -3.709 ns between i_ps/axi_slave_gp0/rd_do_reg/C (clocked by adc_clk) and Digital_Freq_Meter_inst/parallel_bus_register_pll0_gaind/output_reg[9]/CE (clocked by pll_adc_clk). Large setup violations at the end of those stages might be difficult to fix during the post-placement implementation flow and could be the result of non-optimal XDC constraints or non-optimal design architecture
Related violations: <none>

TIMING-16#928 Warning
Large setup violation  
There is a large setup violation of -3.712 ns between i_ps/axi_slave_gp0/rd_do_reg/C (clocked by adc_clk) and Digital_Freq_Meter_inst/parallel_bus_register_pll0_gainp/output_reg[10]/CE (clocked by pll_adc_clk). Large setup violations at the end of those stages might be difficult to fix during the post-placement implementation flow and could be the result of non-optimal XDC constraints or non-optimal design architecture
Related violations: <none>

TIMING-16#929 Warning
Large setup violation  
There is a large setup violation of -3.712 ns between i_ps/axi_slave_gp0/rd_do_reg/C (clocked by adc_clk) and Digital_Freq_Meter_inst/parallel_bus_register_pll0_gainp/output_reg[4]/CE (clocked by pll_adc_clk). Large setup violations at the end of those stages might be difficult to fix during the post-placement implementation flow and could be the result of non-optimal XDC constraints or non-optimal design architecture
Related violations: <none>

TIMING-16#930 Warning
Large setup violation  
There is a large setup violation of -3.720 ns between i_ps/axi_slave_gp0/rd_do_reg/C (clocked by adc_clk) and Digital_Freq_Meter_inst/parallel_bus_register_pll0_gainii/output_reg[10]/CE (clocked by pll_adc_clk). Large setup violations at the end of those stages might be difficult to fix during the post-placement implementation flow and could be the result of non-optimal XDC constraints or non-optimal design architecture
Related violations: <none>

TIMING-16#931 Warning
Large setup violation  
There is a large setup violation of -3.720 ns between i_ps/axi_slave_gp0/rd_do_reg/C (clocked by adc_clk) and Digital_Freq_Meter_inst/parallel_bus_register_pll0_gainii/output_reg[11]/CE (clocked by pll_adc_clk). Large setup violations at the end of those stages might be difficult to fix during the post-placement implementation flow and could be the result of non-optimal XDC constraints or non-optimal design architecture
Related violations: <none>

TIMING-16#932 Warning
Large setup violation  
There is a large setup violation of -3.720 ns between i_ps/axi_slave_gp0/rd_do_reg/C (clocked by adc_clk) and Digital_Freq_Meter_inst/parallel_bus_register_pll0_gainii/output_reg[17]/CE (clocked by pll_adc_clk). Large setup violations at the end of those stages might be difficult to fix during the post-placement implementation flow and could be the result of non-optimal XDC constraints or non-optimal design architecture
Related violations: <none>

TIMING-16#933 Warning
Large setup violation  
There is a large setup violation of -3.720 ns between i_ps/axi_slave_gp0/rd_do_reg/C (clocked by adc_clk) and Digital_Freq_Meter_inst/parallel_bus_register_pll0_gainii/output_reg[26]/CE (clocked by pll_adc_clk). Large setup violations at the end of those stages might be difficult to fix during the post-placement implementation flow and could be the result of non-optimal XDC constraints or non-optimal design architecture
Related violations: <none>

TIMING-16#934 Warning
Large setup violation  
There is a large setup violation of -3.720 ns between i_ps/axi_slave_gp0/rd_do_reg/C (clocked by adc_clk) and Digital_Freq_Meter_inst/parallel_bus_register_pll0_gainii/output_reg[4]/CE (clocked by pll_adc_clk). Large setup violations at the end of those stages might be difficult to fix during the post-placement implementation flow and could be the result of non-optimal XDC constraints or non-optimal design architecture
Related violations: <none>

TIMING-16#935 Warning
Large setup violation  
There is a large setup violation of -3.720 ns between i_ps/axi_slave_gp0/rd_do_reg/C (clocked by adc_clk) and Digital_Freq_Meter_inst/parallel_bus_register_pll0_gainii/output_reg[5]/CE (clocked by pll_adc_clk). Large setup violations at the end of those stages might be difficult to fix during the post-placement implementation flow and could be the result of non-optimal XDC constraints or non-optimal design architecture
Related violations: <none>

TIMING-16#936 Warning
Large setup violation  
There is a large setup violation of -3.721 ns between i_ps/axi_slave_gp0/rd_do_reg/C (clocked by adc_clk) and Digital_Freq_Meter_inst/parallel_bus_register_pll0_gainii/output_reg[0]/CE (clocked by pll_adc_clk). Large setup violations at the end of those stages might be difficult to fix during the post-placement implementation flow and could be the result of non-optimal XDC constraints or non-optimal design architecture
Related violations: <none>

TIMING-16#937 Warning
Large setup violation  
There is a large setup violation of -3.721 ns between i_ps/axi_slave_gp0/rd_do_reg/C (clocked by adc_clk) and Digital_Freq_Meter_inst/parallel_bus_register_pll0_gainii/output_reg[19]/CE (clocked by pll_adc_clk). Large setup violations at the end of those stages might be difficult to fix during the post-placement implementation flow and could be the result of non-optimal XDC constraints or non-optimal design architecture
Related violations: <none>

TIMING-16#938 Warning
Large setup violation  
There is a large setup violation of -3.721 ns between i_ps/axi_slave_gp0/rd_do_reg/C (clocked by adc_clk) and Digital_Freq_Meter_inst/parallel_bus_register_pll0_gainii/output_reg[1]/CE (clocked by pll_adc_clk). Large setup violations at the end of those stages might be difficult to fix during the post-placement implementation flow and could be the result of non-optimal XDC constraints or non-optimal design architecture
Related violations: <none>

TIMING-16#939 Warning
Large setup violation  
There is a large setup violation of -3.721 ns between i_ps/axi_slave_gp0/rd_do_reg/C (clocked by adc_clk) and Digital_Freq_Meter_inst/parallel_bus_register_pll0_gainii/output_reg[24]/CE (clocked by pll_adc_clk). Large setup violations at the end of those stages might be difficult to fix during the post-placement implementation flow and could be the result of non-optimal XDC constraints or non-optimal design architecture
Related violations: <none>

TIMING-16#940 Warning
Large setup violation  
There is a large setup violation of -3.721 ns between i_ps/axi_slave_gp0/rd_do_reg/C (clocked by adc_clk) and Digital_Freq_Meter_inst/parallel_bus_register_pll0_gainii/output_reg[27]/CE (clocked by pll_adc_clk). Large setup violations at the end of those stages might be difficult to fix during the post-placement implementation flow and could be the result of non-optimal XDC constraints or non-optimal design architecture
Related violations: <none>

TIMING-16#941 Warning
Large setup violation  
There is a large setup violation of -3.721 ns between i_ps/axi_slave_gp0/rd_do_reg/C (clocked by adc_clk) and Digital_Freq_Meter_inst/parallel_bus_register_pll0_gainii/output_reg[2]/CE (clocked by pll_adc_clk). Large setup violations at the end of those stages might be difficult to fix during the post-placement implementation flow and could be the result of non-optimal XDC constraints or non-optimal design architecture
Related violations: <none>

TIMING-16#942 Warning
Large setup violation  
There is a large setup violation of -3.721 ns between i_ps/axi_slave_gp0/rd_do_reg/C (clocked by adc_clk) and Digital_Freq_Meter_inst/parallel_bus_register_pll0_gainii/output_reg[3]/CE (clocked by pll_adc_clk). Large setup violations at the end of those stages might be difficult to fix during the post-placement implementation flow and could be the result of non-optimal XDC constraints or non-optimal design architecture
Related violations: <none>

TIMING-16#943 Warning
Large setup violation  
There is a large setup violation of -3.734 ns between i_ps/axi_slave_gp0/rd_araddr_reg[22]/C (clocked by adc_clk) and dpll_wrapper_inst/reg_center_freq/output_reg[15]/CE (clocked by pll_adc_clk). Large setup violations at the end of those stages might be difficult to fix during the post-placement implementation flow and could be the result of non-optimal XDC constraints or non-optimal design architecture
Related violations: <none>

TIMING-16#944 Warning
Large setup violation  
There is a large setup violation of -3.734 ns between i_ps/axi_slave_gp0/rd_araddr_reg[22]/C (clocked by adc_clk) and dpll_wrapper_inst/reg_center_freq/output_reg[8]/CE (clocked by pll_adc_clk). Large setup violations at the end of those stages might be difficult to fix during the post-placement implementation flow and could be the result of non-optimal XDC constraints or non-optimal design architecture
Related violations: <none>

TIMING-16#945 Warning
Large setup violation  
There is a large setup violation of -3.751 ns between i_ps/axi_slave_gp0/rd_do_reg/C (clocked by adc_clk) and Digital_Freq_Meter_inst/parallel_bus_register_pll0_gainp/output_reg[15]/CE (clocked by pll_adc_clk). Large setup violations at the end of those stages might be difficult to fix during the post-placement implementation flow and could be the result of non-optimal XDC constraints or non-optimal design architecture
Related violations: <none>

TIMING-16#946 Warning
Large setup violation  
There is a large setup violation of -3.751 ns between i_ps/axi_slave_gp0/rd_do_reg/C (clocked by adc_clk) and Digital_Freq_Meter_inst/parallel_bus_register_pll0_gainp/output_reg[21]/CE (clocked by pll_adc_clk). Large setup violations at the end of those stages might be difficult to fix during the post-placement implementation flow and could be the result of non-optimal XDC constraints or non-optimal design architecture
Related violations: <none>

TIMING-16#947 Warning
Large setup violation  
There is a large setup violation of -3.751 ns between i_ps/axi_slave_gp0/rd_do_reg/C (clocked by adc_clk) and Digital_Freq_Meter_inst/parallel_bus_register_pll0_gainp/output_reg[22]/CE (clocked by pll_adc_clk). Large setup violations at the end of those stages might be difficult to fix during the post-placement implementation flow and could be the result of non-optimal XDC constraints or non-optimal design architecture
Related violations: <none>

TIMING-16#948 Warning
Large setup violation  
There is a large setup violation of -3.751 ns between i_ps/axi_slave_gp0/rd_do_reg/C (clocked by adc_clk) and Digital_Freq_Meter_inst/parallel_bus_register_pll0_gainp/output_reg[25]/CE (clocked by pll_adc_clk). Large setup violations at the end of those stages might be difficult to fix during the post-placement implementation flow and could be the result of non-optimal XDC constraints or non-optimal design architecture
Related violations: <none>

TIMING-16#949 Warning
Large setup violation  
There is a large setup violation of -3.751 ns between i_ps/axi_slave_gp0/rd_do_reg/C (clocked by adc_clk) and Digital_Freq_Meter_inst/parallel_bus_register_pll0_gainp/output_reg[2]/CE (clocked by pll_adc_clk). Large setup violations at the end of those stages might be difficult to fix during the post-placement implementation flow and could be the result of non-optimal XDC constraints or non-optimal design architecture
Related violations: <none>

TIMING-16#950 Warning
Large setup violation  
There is a large setup violation of -3.751 ns between i_ps/axi_slave_gp0/rd_do_reg/C (clocked by adc_clk) and Digital_Freq_Meter_inst/parallel_bus_register_pll0_gainp/output_reg[30]/CE (clocked by pll_adc_clk). Large setup violations at the end of those stages might be difficult to fix during the post-placement implementation flow and could be the result of non-optimal XDC constraints or non-optimal design architecture
Related violations: <none>

TIMING-16#951 Warning
Large setup violation  
There is a large setup violation of -3.751 ns between i_ps/axi_slave_gp0/rd_do_reg/C (clocked by adc_clk) and Digital_Freq_Meter_inst/parallel_bus_register_pll0_gainp/output_reg[8]/CE (clocked by pll_adc_clk). Large setup violations at the end of those stages might be difficult to fix during the post-placement implementation flow and could be the result of non-optimal XDC constraints or non-optimal design architecture
Related violations: <none>

TIMING-16#952 Warning
Large setup violation  
There is a large setup violation of -3.754 ns between i_ps/axi_slave_gp0/rd_do_reg/C (clocked by adc_clk) and Digital_Freq_Meter_inst/sys_rdata_reg[25]/D (clocked by pll_adc_clk). Large setup violations at the end of those stages might be difficult to fix during the post-placement implementation flow and could be the result of non-optimal XDC constraints or non-optimal design architecture
Related violations: <none>

TIMING-16#953 Warning
Large setup violation  
There is a large setup violation of -3.762 ns between i_ps/axi_slave_gp0/rd_do_reg/C (clocked by adc_clk) and Digital_Freq_Meter_inst/PLL0_loop_filters/IIR_LPF_inst/data_out_wide_reg/CEA1 (clocked by pll_adc_clk). Large setup violations at the end of those stages might be difficult to fix during the post-placement implementation flow and could be the result of non-optimal XDC constraints or non-optimal design architecture
Related violations: <none>

TIMING-16#954 Warning
Large setup violation  
There is a large setup violation of -3.770 ns between i_ps/axi_slave_gp0/rd_do_reg/C (clocked by adc_clk) and Digital_Freq_Meter_inst/parallel_bus_register_pll0_gainp/output_reg[13]/CE (clocked by pll_adc_clk). Large setup violations at the end of those stages might be difficult to fix during the post-placement implementation flow and could be the result of non-optimal XDC constraints or non-optimal design architecture
Related violations: <none>

TIMING-16#955 Warning
Large setup violation  
There is a large setup violation of -3.770 ns between i_ps/axi_slave_gp0/rd_do_reg/C (clocked by adc_clk) and Digital_Freq_Meter_inst/parallel_bus_register_pll0_gainp/output_reg[14]/CE (clocked by pll_adc_clk). Large setup violations at the end of those stages might be difficult to fix during the post-placement implementation flow and could be the result of non-optimal XDC constraints or non-optimal design architecture
Related violations: <none>

TIMING-16#956 Warning
Large setup violation  
There is a large setup violation of -3.770 ns between i_ps/axi_slave_gp0/rd_do_reg/C (clocked by adc_clk) and Digital_Freq_Meter_inst/parallel_bus_register_pll0_gainp/output_reg[1]/CE (clocked by pll_adc_clk). Large setup violations at the end of those stages might be difficult to fix during the post-placement implementation flow and could be the result of non-optimal XDC constraints or non-optimal design architecture
Related violations: <none>

TIMING-16#957 Warning
Large setup violation  
There is a large setup violation of -3.770 ns between i_ps/axi_slave_gp0/rd_do_reg/C (clocked by adc_clk) and Digital_Freq_Meter_inst/parallel_bus_register_pll0_gainp/output_reg[3]/CE (clocked by pll_adc_clk). Large setup violations at the end of those stages might be difficult to fix during the post-placement implementation flow and could be the result of non-optimal XDC constraints or non-optimal design architecture
Related violations: <none>

TIMING-16#958 Warning
Large setup violation  
There is a large setup violation of -3.770 ns between i_ps/axi_slave_gp0/rd_do_reg/C (clocked by adc_clk) and Digital_Freq_Meter_inst/parallel_bus_register_pll0_gainp/output_reg[5]/CE (clocked by pll_adc_clk). Large setup violations at the end of those stages might be difficult to fix during the post-placement implementation flow and could be the result of non-optimal XDC constraints or non-optimal design architecture
Related violations: <none>

TIMING-16#959 Warning
Large setup violation  
There is a large setup violation of -3.770 ns between i_ps/axi_slave_gp0/rd_do_reg/C (clocked by adc_clk) and Digital_Freq_Meter_inst/parallel_bus_register_pll0_gainp/output_reg[9]/CE (clocked by pll_adc_clk). Large setup violations at the end of those stages might be difficult to fix during the post-placement implementation flow and could be the result of non-optimal XDC constraints or non-optimal design architecture
Related violations: <none>

TIMING-16#960 Warning
Large setup violation  
There is a large setup violation of -3.779 ns between i_ps/axi_slave_gp0/rd_do_reg/C (clocked by adc_clk) and Digital_Freq_Meter_inst/sys_rdata_reg[0]/D (clocked by pll_adc_clk). Large setup violations at the end of those stages might be difficult to fix during the post-placement implementation flow and could be the result of non-optimal XDC constraints or non-optimal design architecture
Related violations: <none>

TIMING-16#961 Warning
Large setup violation  
There is a large setup violation of -3.783 ns between i_ps/axi_slave_gp0/rd_do_reg/C (clocked by adc_clk) and Digital_Freq_Meter_inst/sys_rdata_reg[21]/D (clocked by pll_adc_clk). Large setup violations at the end of those stages might be difficult to fix during the post-placement implementation flow and could be the result of non-optimal XDC constraints or non-optimal design architecture
Related violations: <none>

TIMING-16#962 Warning
Large setup violation  
There is a large setup violation of -3.798 ns between i_ps/axi_slave_gp0/rd_do_reg/C (clocked by adc_clk) and Digital_Freq_Meter_inst/sys_rdata_reg[18]/D (clocked by pll_adc_clk). Large setup violations at the end of those stages might be difficult to fix during the post-placement implementation flow and could be the result of non-optimal XDC constraints or non-optimal design architecture
Related violations: <none>

TIMING-16#963 Warning
Large setup violation  
There is a large setup violation of -3.812 ns between i_ps/axi_slave_gp0/rd_do_reg/C (clocked by adc_clk) and Digital_Freq_Meter_inst/sys_rdata_reg[20]/D (clocked by pll_adc_clk). Large setup violations at the end of those stages might be difficult to fix during the post-placement implementation flow and could be the result of non-optimal XDC constraints or non-optimal design architecture
Related violations: <none>

TIMING-16#964 Warning
Large setup violation  
There is a large setup violation of -3.816 ns between i_ps/axi_slave_gp0/rd_do_reg/C (clocked by adc_clk) and Digital_Freq_Meter_inst/sys_rdata_reg[27]/D (clocked by pll_adc_clk). Large setup violations at the end of those stages might be difficult to fix during the post-placement implementation flow and could be the result of non-optimal XDC constraints or non-optimal design architecture
Related violations: <none>

TIMING-16#965 Warning
Large setup violation  
There is a large setup violation of -3.822 ns between i_ps/axi_slave_gp0/rd_do_reg/C (clocked by adc_clk) and Digital_Freq_Meter_inst/sys_rdata_reg[24]/D (clocked by pll_adc_clk). Large setup violations at the end of those stages might be difficult to fix during the post-placement implementation flow and could be the result of non-optimal XDC constraints or non-optimal design architecture
Related violations: <none>

TIMING-16#966 Warning
Large setup violation  
There is a large setup violation of -3.830 ns between i_ps/axi_slave_gp0/rd_do_reg/C (clocked by adc_clk) and Digital_Freq_Meter_inst/sys_rdata_reg[28]/D (clocked by pll_adc_clk). Large setup violations at the end of those stages might be difficult to fix during the post-placement implementation flow and could be the result of non-optimal XDC constraints or non-optimal design architecture
Related violations: <none>

TIMING-16#967 Warning
Large setup violation  
There is a large setup violation of -3.846 ns between i_ps/axi_slave_gp0/rd_do_reg/C (clocked by adc_clk) and Digital_Freq_Meter_inst/sys_rdata_reg[16]/D (clocked by pll_adc_clk). Large setup violations at the end of those stages might be difficult to fix during the post-placement implementation flow and could be the result of non-optimal XDC constraints or non-optimal design architecture
Related violations: <none>

TIMING-16#968 Warning
Large setup violation  
There is a large setup violation of -3.856 ns between i_ps/axi_slave_gp0/rd_do_reg/C (clocked by adc_clk) and Digital_Freq_Meter_inst/sys_rdata_reg[26]/D (clocked by pll_adc_clk). Large setup violations at the end of those stages might be difficult to fix during the post-placement implementation flow and could be the result of non-optimal XDC constraints or non-optimal design architecture
Related violations: <none>

TIMING-16#969 Warning
Large setup violation  
There is a large setup violation of -3.864 ns between i_ps/axi_slave_gp0/rd_do_reg/C (clocked by adc_clk) and Digital_Freq_Meter_inst/sys_rdata_reg[19]/D (clocked by pll_adc_clk). Large setup violations at the end of those stages might be difficult to fix during the post-placement implementation flow and could be the result of non-optimal XDC constraints or non-optimal design architecture
Related violations: <none>

TIMING-16#970 Warning
Large setup violation  
There is a large setup violation of -3.884 ns between i_ps/axi_slave_gp0/rd_do_reg/C (clocked by adc_clk) and Digital_Freq_Meter_inst/sys_rdata_reg[3]/D (clocked by pll_adc_clk). Large setup violations at the end of those stages might be difficult to fix during the post-placement implementation flow and could be the result of non-optimal XDC constraints or non-optimal design architecture
Related violations: <none>

TIMING-16#971 Warning
Large setup violation  
There is a large setup violation of -3.886 ns between i_ps/axi_slave_gp0/rd_do_reg/C (clocked by adc_clk) and Digital_Freq_Meter_inst/sys_rdata_reg[12]/D (clocked by pll_adc_clk). Large setup violations at the end of those stages might be difficult to fix during the post-placement implementation flow and could be the result of non-optimal XDC constraints or non-optimal design architecture
Related violations: <none>

TIMING-16#972 Warning
Large setup violation  
There is a large setup violation of -3.923 ns between i_ps/axi_slave_gp0/rd_do_reg/C (clocked by adc_clk) and Digital_Freq_Meter_inst/sys_rdata_reg[22]/D (clocked by pll_adc_clk). Large setup violations at the end of those stages might be difficult to fix during the post-placement implementation flow and could be the result of non-optimal XDC constraints or non-optimal design architecture
Related violations: <none>

TIMING-16#973 Warning
Large setup violation  
There is a large setup violation of -3.927 ns between i_ps/axi_slave_gp0/rd_do_reg/C (clocked by adc_clk) and Digital_Freq_Meter_inst/sys_rdata_reg[23]/D (clocked by pll_adc_clk). Large setup violations at the end of those stages might be difficult to fix during the post-placement implementation flow and could be the result of non-optimal XDC constraints or non-optimal design architecture
Related violations: <none>

TIMING-16#974 Warning
Large setup violation  
There is a large setup violation of -3.949 ns between i_ps/axi_slave_gp0/rd_do_reg/C (clocked by adc_clk) and Digital_Freq_Meter_inst/sys_rdata_reg[14]/D (clocked by pll_adc_clk). Large setup violations at the end of those stages might be difficult to fix during the post-placement implementation flow and could be the result of non-optimal XDC constraints or non-optimal design architecture
Related violations: <none>

TIMING-16#975 Warning
Large setup violation  
There is a large setup violation of -3.975 ns between i_ps/axi_slave_gp0/rd_do_reg/C (clocked by adc_clk) and Digital_Freq_Meter_inst/sys_rdata_reg[17]/D (clocked by pll_adc_clk). Large setup violations at the end of those stages might be difficult to fix during the post-placement implementation flow and could be the result of non-optimal XDC constraints or non-optimal design architecture
Related violations: <none>

TIMING-16#976 Warning
Large setup violation  
There is a large setup violation of -3.981 ns between i_ps/axi_slave_gp0/rd_do_reg/C (clocked by adc_clk) and Digital_Freq_Meter_inst/sys_rdata_reg[2]/D (clocked by pll_adc_clk). Large setup violations at the end of those stages might be difficult to fix during the post-placement implementation flow and could be the result of non-optimal XDC constraints or non-optimal design architecture
Related violations: <none>

TIMING-16#977 Warning
Large setup violation  
There is a large setup violation of -3.981 ns between i_ps/axi_slave_gp0/rd_do_reg/C (clocked by adc_clk) and Digital_Freq_Meter_inst/sys_rdata_reg[6]/D (clocked by pll_adc_clk). Large setup violations at the end of those stages might be difficult to fix during the post-placement implementation flow and could be the result of non-optimal XDC constraints or non-optimal design architecture
Related violations: <none>

TIMING-16#978 Warning
Large setup violation  
There is a large setup violation of -3.982 ns between i_ps/axi_slave_gp0/rd_do_reg/C (clocked by adc_clk) and Digital_Freq_Meter_inst/sys_rdata_reg[4]/D (clocked by pll_adc_clk). Large setup violations at the end of those stages might be difficult to fix during the post-placement implementation flow and could be the result of non-optimal XDC constraints or non-optimal design architecture
Related violations: <none>

TIMING-16#979 Warning
Large setup violation  
There is a large setup violation of -4.011 ns between i_ps/axi_slave_gp0/rd_do_reg/C (clocked by adc_clk) and Digital_Freq_Meter_inst/sys_rdata_reg[9]/D (clocked by pll_adc_clk). Large setup violations at the end of those stages might be difficult to fix during the post-placement implementation flow and could be the result of non-optimal XDC constraints or non-optimal design architecture
Related violations: <none>

TIMING-16#980 Warning
Large setup violation  
There is a large setup violation of -4.034 ns between i_ps/axi_slave_gp0/rd_do_reg/C (clocked by adc_clk) and Digital_Freq_Meter_inst/sys_rdata_reg[15]/D (clocked by pll_adc_clk). Large setup violations at the end of those stages might be difficult to fix during the post-placement implementation flow and could be the result of non-optimal XDC constraints or non-optimal design architecture
Related violations: <none>

TIMING-16#981 Warning
Large setup violation  
There is a large setup violation of -4.044 ns between i_ps/axi_slave_gp0/rd_do_reg/C (clocked by adc_clk) and Digital_Freq_Meter_inst/sys_rdata_reg[7]/D (clocked by pll_adc_clk). Large setup violations at the end of those stages might be difficult to fix during the post-placement implementation flow and could be the result of non-optimal XDC constraints or non-optimal design architecture
Related violations: <none>

TIMING-16#982 Warning
Large setup violation  
There is a large setup violation of -4.073 ns between i_ps/axi_slave_gp0/rd_do_reg/C (clocked by adc_clk) and Digital_Freq_Meter_inst/sys_rdata_reg[11]/D (clocked by pll_adc_clk). Large setup violations at the end of those stages might be difficult to fix during the post-placement implementation flow and could be the result of non-optimal XDC constraints or non-optimal design architecture
Related violations: <none>

TIMING-16#983 Warning
Large setup violation  
There is a large setup violation of -4.086 ns between i_ps/axi_slave_gp0/rd_do_reg/C (clocked by adc_clk) and Digital_Freq_Meter_inst/sys_rdata_reg[10]/D (clocked by pll_adc_clk). Large setup violations at the end of those stages might be difficult to fix during the post-placement implementation flow and could be the result of non-optimal XDC constraints or non-optimal design architecture
Related violations: <none>

TIMING-16#984 Warning
Large setup violation  
There is a large setup violation of -4.103 ns between i_ps/axi_slave_gp0/rd_do_reg/C (clocked by adc_clk) and Digital_Freq_Meter_inst/sys_rdata_reg[1]/D (clocked by pll_adc_clk). Large setup violations at the end of those stages might be difficult to fix during the post-placement implementation flow and could be the result of non-optimal XDC constraints or non-optimal design architecture
Related violations: <none>

TIMING-16#985 Warning
Large setup violation  
There is a large setup violation of -4.160 ns between i_ps/axi_slave_gp0/rd_do_reg/C (clocked by adc_clk) and Digital_Freq_Meter_inst/sys_rdata_reg[8]/D (clocked by pll_adc_clk). Large setup violations at the end of those stages might be difficult to fix during the post-placement implementation flow and could be the result of non-optimal XDC constraints or non-optimal design architecture
Related violations: <none>

TIMING-16#986 Warning
Large setup violation  
There is a large setup violation of -4.339 ns between i_ps/axi_slave_gp0/rd_do_reg/C (clocked by adc_clk) and Digital_Freq_Meter_inst/sys_rdata_reg[5]/D (clocked by pll_adc_clk). Large setup violations at the end of those stages might be difficult to fix during the post-placement implementation flow and could be the result of non-optimal XDC constraints or non-optimal design architecture
Related violations: <none>

TIMING-16#987 Warning
Large setup violation  
There is a large setup violation of -8.639 ns between dpll_wrapper_inst/dpll_single_clock_core_stage_a_inst/tracking_word_hold_reg[5]/C (clocked by pll_adc_clk) and dac_dat_b_reg[10]/D (clocked by pll_dac_clk_1x). Large setup violations at the end of those stages might be difficult to fix during the post-placement implementation flow and could be the result of non-optimal XDC constraints or non-optimal design architecture
Related violations: <none>

TIMING-16#988 Warning
Large setup violation  
There is a large setup violation of -8.645 ns between dpll_wrapper_inst/dpll_single_clock_core_stage_a_inst/tracking_word_hold_reg[5]/C (clocked by pll_adc_clk) and dac_dat_b_reg[3]/D (clocked by pll_dac_clk_1x). Large setup violations at the end of those stages might be difficult to fix during the post-placement implementation flow and could be the result of non-optimal XDC constraints or non-optimal design architecture
Related violations: <none>

TIMING-16#989 Warning
Large setup violation  
There is a large setup violation of -8.646 ns between dpll_wrapper_inst/dpll_single_clock_core_stage_a_inst/tracking_word_hold_reg[5]/C (clocked by pll_adc_clk) and dac_dat_b_reg[9]/D (clocked by pll_dac_clk_1x). Large setup violations at the end of those stages might be difficult to fix during the post-placement implementation flow and could be the result of non-optimal XDC constraints or non-optimal design architecture
Related violations: <none>

TIMING-16#990 Warning
Large setup violation  
There is a large setup violation of -8.649 ns between dpll_wrapper_inst/dpll_single_clock_core_stage_a_inst/tracking_word_hold_reg[5]/C (clocked by pll_adc_clk) and dac_dat_b_reg[0]/D (clocked by pll_dac_clk_1x). Large setup violations at the end of those stages might be difficult to fix during the post-placement implementation flow and could be the result of non-optimal XDC constraints or non-optimal design architecture
Related violations: <none>

TIMING-16#991 Warning
Large setup violation  
There is a large setup violation of -8.649 ns between dpll_wrapper_inst/dpll_single_clock_core_stage_a_inst/tracking_word_hold_reg[5]/C (clocked by pll_adc_clk) and dac_dat_b_reg[7]/D (clocked by pll_dac_clk_1x). Large setup violations at the end of those stages might be difficult to fix during the post-placement implementation flow and could be the result of non-optimal XDC constraints or non-optimal design architecture
Related violations: <none>

TIMING-16#992 Warning
Large setup violation  
There is a large setup violation of -8.657 ns between dpll_wrapper_inst/dpll_single_clock_core_stage_a_inst/tracking_word_hold_reg[5]/C (clocked by pll_adc_clk) and dac_dat_b_reg[11]/D (clocked by pll_dac_clk_1x). Large setup violations at the end of those stages might be difficult to fix during the post-placement implementation flow and could be the result of non-optimal XDC constraints or non-optimal design architecture
Related violations: <none>

TIMING-16#993 Warning
Large setup violation  
There is a large setup violation of -8.686 ns between dpll_wrapper_inst/dpll_single_clock_core_stage_a_inst/tracking_word_hold_reg[5]/C (clocked by pll_adc_clk) and dac_dat_b_reg[2]/D (clocked by pll_dac_clk_1x). Large setup violations at the end of those stages might be difficult to fix during the post-placement implementation flow and could be the result of non-optimal XDC constraints or non-optimal design architecture
Related violations: <none>

TIMING-16#994 Warning
Large setup violation  
There is a large setup violation of -8.691 ns between dpll_wrapper_inst/dpll_single_clock_core_stage_a_inst/tracking_word_hold_reg[5]/C (clocked by pll_adc_clk) and dac_dat_b_reg[13]/D (clocked by pll_dac_clk_1x). Large setup violations at the end of those stages might be difficult to fix during the post-placement implementation flow and could be the result of non-optimal XDC constraints or non-optimal design architecture
Related violations: <none>

TIMING-16#995 Warning
Large setup violation  
There is a large setup violation of -8.763 ns between dpll_wrapper_inst/dpll_single_clock_core_stage_a_inst/tracking_word_hold_reg[5]/C (clocked by pll_adc_clk) and dac_dat_b_reg[5]/D (clocked by pll_dac_clk_1x). Large setup violations at the end of those stages might be difficult to fix during the post-placement implementation flow and could be the result of non-optimal XDC constraints or non-optimal design architecture
Related violations: <none>

TIMING-16#996 Warning
Large setup violation  
There is a large setup violation of -8.770 ns between dpll_wrapper_inst/dpll_single_clock_core_stage_a_inst/tracking_word_hold_reg[5]/C (clocked by pll_adc_clk) and dac_dat_b_reg[4]/D (clocked by pll_dac_clk_1x). Large setup violations at the end of those stages might be difficult to fix during the post-placement implementation flow and could be the result of non-optimal XDC constraints or non-optimal design architecture
Related violations: <none>

TIMING-16#997 Warning
Large setup violation  
There is a large setup violation of -8.789 ns between dpll_wrapper_inst/dpll_single_clock_core_stage_a_inst/tracking_word_hold_reg[5]/C (clocked by pll_adc_clk) and dac_dat_b_reg[1]/D (clocked by pll_dac_clk_1x). Large setup violations at the end of those stages might be difficult to fix during the post-placement implementation flow and could be the result of non-optimal XDC constraints or non-optimal design architecture
Related violations: <none>

TIMING-16#998 Warning
Large setup violation  
There is a large setup violation of -8.810 ns between dpll_wrapper_inst/dpll_single_clock_core_stage_a_inst/tracking_word_hold_reg[5]/C (clocked by pll_adc_clk) and dac_dat_b_reg[6]/D (clocked by pll_dac_clk_1x). Large setup violations at the end of those stages might be difficult to fix during the post-placement implementation flow and could be the result of non-optimal XDC constraints or non-optimal design architecture
Related violations: <none>

TIMING-16#999 Warning
Large setup violation  
There is a large setup violation of -8.815 ns between dpll_wrapper_inst/dpll_single_clock_core_stage_a_inst/tracking_word_hold_reg[5]/C (clocked by pll_adc_clk) and dac_dat_b_reg[12]/D (clocked by pll_dac_clk_1x). Large setup violations at the end of those stages might be difficult to fix during the post-placement implementation flow and could be the result of non-optimal XDC constraints or non-optimal design architecture
Related violations: <none>

TIMING-16#1000 Warning
Large setup violation  
There is a large setup violation of -8.824 ns between dpll_wrapper_inst/dpll_single_clock_core_stage_a_inst/tracking_word_hold_reg[5]/C (clocked by pll_adc_clk) and dac_dat_b_reg[8]/D (clocked by pll_dac_clk_1x). Large setup violations at the end of those stages might be difficult to fix during the post-placement implementation flow and could be the result of non-optimal XDC constraints or non-optimal design architecture
Related violations: <none>

TIMING-18#1 Warning
Missing input or output delay  
An input delay is missing on exp_n_io[0] relative to clock(s) adc_clk
Related violations: <none>

TIMING-18#2 Warning
Missing input or output delay  
An input delay is missing on exp_n_io[1] relative to clock(s) adc_clk
Related violations: <none>

TIMING-18#3 Warning
Missing input or output delay  
An input delay is missing on exp_n_io[2] relative to clock(s) adc_clk
Related violations: <none>

TIMING-18#4 Warning
Missing input or output delay  
An input delay is missing on exp_n_io[3] relative to clock(s) adc_clk
Related violations: <none>

TIMING-18#5 Warning
Missing input or output delay  
An input delay is missing on exp_n_io[4] relative to clock(s) adc_clk
Related violations: <none>

TIMING-18#6 Warning
Missing input or output delay  
An input delay is missing on exp_n_io[5] relative to clock(s) adc_clk
Related violations: <none>

TIMING-18#7 Warning
Missing input or output delay  
An input delay is missing on exp_n_io[6] relative to clock(s) adc_clk
Related violations: <none>

TIMING-18#8 Warning
Missing input or output delay  
An input delay is missing on exp_n_io[7] relative to clock(s) adc_clk
Related violations: <none>

TIMING-18#9 Warning
Missing input or output delay  
An input delay is missing on exp_p_io[0] relative to clock(s) adc_clk
Related violations: <none>

TIMING-18#10 Warning
Missing input or output delay  
An input delay is missing on exp_p_io[1] relative to clock(s) adc_clk
Related violations: <none>

TIMING-18#11 Warning
Missing input or output delay  
An input delay is missing on exp_p_io[2] relative to clock(s) adc_clk
Related violations: <none>

TIMING-18#12 Warning
Missing input or output delay  
An input delay is missing on exp_p_io[3] relative to clock(s) adc_clk
Related violations: <none>

TIMING-18#13 Warning
Missing input or output delay  
An input delay is missing on exp_p_io[4] relative to clock(s) adc_clk
Related violations: <none>

TIMING-18#14 Warning
Missing input or output delay  
An input delay is missing on exp_p_io[5] relative to clock(s) adc_clk
Related violations: <none>

TIMING-18#15 Warning
Missing input or output delay  
An input delay is missing on exp_p_io[6] relative to clock(s) adc_clk
Related violations: <none>

TIMING-18#16 Warning
Missing input or output delay  
An input delay is missing on exp_p_io[7] relative to clock(s) adc_clk
Related violations: <none>

TIMING-18#17 Warning
Missing input or output delay  
An output delay is missing on dac_dat_o[0] relative to clock(s) adc_clk
Related violations: <none>

TIMING-18#18 Warning
Missing input or output delay  
An output delay is missing on dac_dat_o[10] relative to clock(s) adc_clk
Related violations: <none>

TIMING-18#19 Warning
Missing input or output delay  
An output delay is missing on dac_dat_o[11] relative to clock(s) adc_clk
Related violations: <none>

TIMING-18#20 Warning
Missing input or output delay  
An output delay is missing on dac_dat_o[12] relative to clock(s) adc_clk
Related violations: <none>

TIMING-18#21 Warning
Missing input or output delay  
An output delay is missing on dac_dat_o[13] relative to clock(s) adc_clk
Related violations: <none>

TIMING-18#22 Warning
Missing input or output delay  
An output delay is missing on dac_dat_o[1] relative to clock(s) adc_clk
Related violations: <none>

TIMING-18#23 Warning
Missing input or output delay  
An output delay is missing on dac_dat_o[2] relative to clock(s) adc_clk
Related violations: <none>

TIMING-18#24 Warning
Missing input or output delay  
An output delay is missing on dac_dat_o[3] relative to clock(s) adc_clk
Related violations: <none>

TIMING-18#25 Warning
Missing input or output delay  
An output delay is missing on dac_dat_o[4] relative to clock(s) adc_clk
Related violations: <none>

TIMING-18#26 Warning
Missing input or output delay  
An output delay is missing on dac_dat_o[5] relative to clock(s) adc_clk
Related violations: <none>

TIMING-18#27 Warning
Missing input or output delay  
An output delay is missing on dac_dat_o[6] relative to clock(s) adc_clk
Related violations: <none>

TIMING-18#28 Warning
Missing input or output delay  
An output delay is missing on dac_dat_o[7] relative to clock(s) adc_clk
Related violations: <none>

TIMING-18#29 Warning
Missing input or output delay  
An output delay is missing on dac_dat_o[8] relative to clock(s) adc_clk
Related violations: <none>

TIMING-18#30 Warning
Missing input or output delay  
An output delay is missing on dac_dat_o[9] relative to clock(s) adc_clk
Related violations: <none>

TIMING-18#31 Warning
Missing input or output delay  
An output delay is missing on dac_rst_o relative to clock(s) adc_clk
Related violations: <none>

TIMING-18#32 Warning
Missing input or output delay  
An output delay is missing on dac_sel_o relative to clock(s) adc_clk
Related violations: <none>

TIMING-18#33 Warning
Missing input or output delay  
An output delay is missing on led_o[0] relative to clock(s) adc_clk
Related violations: <none>

TIMING-18#34 Warning
Missing input or output delay  
An output delay is missing on led_o[1] relative to clock(s) adc_clk
Related violations: <none>

TIMING-18#35 Warning
Missing input or output delay  
An output delay is missing on led_o[2] relative to clock(s) adc_clk
Related violations: <none>

TIMING-18#36 Warning
Missing input or output delay  
An output delay is missing on led_o[3] relative to clock(s) adc_clk
Related violations: <none>

TIMING-18#37 Warning
Missing input or output delay  
An output delay is missing on led_o[4] relative to clock(s) adc_clk
Related violations: <none>

TIMING-18#38 Warning
Missing input or output delay  
An output delay is missing on led_o[5] relative to clock(s) adc_clk
Related violations: <none>

TIMING-18#39 Warning
Missing input or output delay  
An output delay is missing on led_o[6] relative to clock(s) adc_clk
Related violations: <none>

TIMING-18#40 Warning
Missing input or output delay  
An output delay is missing on led_o[7] relative to clock(s) adc_clk
Related violations: <none>

TIMING-27#1 Warning
Invalid primary clock on hierarchical pin  
A primary clock nolabel_line652/inst/clk_in1 is created on an inappropriate internal pin nolabel_line652/inst/clk_in1. It is not recommended to create a primary clock on a hierarchical pin when its driver pin has a fanout connected to multiple clock pins
Related violations: <none>

TIMING-30#1 Warning
Sub-optimal master source pin selection for generated clock  
The generated clock dna_clk has a sub-optimal master source pin selection, timing can be pessimistic
Related violations: <none>

XDCC-5#1 Warning
User Non-Timing constraint/property overwritten  
A new XDC property IOSTANDARD on dac_pwm_o[0] overrides a previous user property.
New Source: E:/FPGA/DPLL_Rewrite/DPLL_Rewrite_THbox_T3/DPLL_Rewrite.srcs/sources_1/xdc/red_pitaya.xdc (Line: 112)
Previous Source: E:/FPGA/DPLL_Rewrite/DPLL_Rewrite_THbox_T3/DPLL_Rewrite.srcs/sources_1/xdc/red_pitaya.xdc (Line: 101)
Related violations: <none>

XDCC-5#2 Warning
User Non-Timing constraint/property overwritten  
A new XDC property IOSTANDARD on dac_pwm_o[1] overrides a previous user property.
New Source: E:/FPGA/DPLL_Rewrite/DPLL_Rewrite_THbox_T3/DPLL_Rewrite.srcs/sources_1/xdc/red_pitaya.xdc (Line: 112)
Previous Source: E:/FPGA/DPLL_Rewrite/DPLL_Rewrite_THbox_T3/DPLL_Rewrite.srcs/sources_1/xdc/red_pitaya.xdc (Line: 101)
Related violations: <none>

XDCC-5#3 Warning
User Non-Timing constraint/property overwritten  
A new XDC property IOSTANDARD on dac_pwm_o[2] overrides a previous user property.
New Source: E:/FPGA/DPLL_Rewrite/DPLL_Rewrite_THbox_T3/DPLL_Rewrite.srcs/sources_1/xdc/red_pitaya.xdc (Line: 112)
Previous Source: E:/FPGA/DPLL_Rewrite/DPLL_Rewrite_THbox_T3/DPLL_Rewrite.srcs/sources_1/xdc/red_pitaya.xdc (Line: 101)
Related violations: <none>

XDCC-5#4 Warning
User Non-Timing constraint/property overwritten  
A new XDC property IOSTANDARD on dac_pwm_o[3] overrides a previous user property.
New Source: E:/FPGA/DPLL_Rewrite/DPLL_Rewrite_THbox_T3/DPLL_Rewrite.srcs/sources_1/xdc/red_pitaya.xdc (Line: 112)
Previous Source: E:/FPGA/DPLL_Rewrite/DPLL_Rewrite_THbox_T3/DPLL_Rewrite.srcs/sources_1/xdc/red_pitaya.xdc (Line: 101)
Related violations: <none>

XDCH-2#1 Warning
Same min and max delay values on IO port  
The same input delay of 3.400 ns has been defined on port 'adc_dat_a_i[10]' relative to clock adc_clk for both max and min. Make sure this reflects the design intent.
set_input_delay -clock adc_clk 3.400 [get_ports {adc_dat_a_i[*]}]
E:/FPGA/DPLL_Rewrite/DPLL_Rewrite_THbox_T3/DPLL_Rewrite.srcs/sources_1/xdc/red_pitaya.xdc (Line: 210)
Related violations: <none>

XDCH-2#2 Warning
Same min and max delay values on IO port  
The same input delay of 3.400 ns has been defined on port 'adc_dat_a_i[11]' relative to clock adc_clk for both max and min. Make sure this reflects the design intent.
set_input_delay -clock adc_clk 3.400 [get_ports {adc_dat_a_i[*]}]
E:/FPGA/DPLL_Rewrite/DPLL_Rewrite_THbox_T3/DPLL_Rewrite.srcs/sources_1/xdc/red_pitaya.xdc (Line: 210)
Related violations: <none>

XDCH-2#3 Warning
Same min and max delay values on IO port  
The same input delay of 3.400 ns has been defined on port 'adc_dat_a_i[12]' relative to clock adc_clk for both max and min. Make sure this reflects the design intent.
set_input_delay -clock adc_clk 3.400 [get_ports {adc_dat_a_i[*]}]
E:/FPGA/DPLL_Rewrite/DPLL_Rewrite_THbox_T3/DPLL_Rewrite.srcs/sources_1/xdc/red_pitaya.xdc (Line: 210)
Related violations: <none>

XDCH-2#4 Warning
Same min and max delay values on IO port  
The same input delay of 3.400 ns has been defined on port 'adc_dat_a_i[13]' relative to clock adc_clk for both max and min. Make sure this reflects the design intent.
set_input_delay -clock adc_clk 3.400 [get_ports {adc_dat_a_i[*]}]
E:/FPGA/DPLL_Rewrite/DPLL_Rewrite_THbox_T3/DPLL_Rewrite.srcs/sources_1/xdc/red_pitaya.xdc (Line: 210)
Related violations: <none>

XDCH-2#5 Warning
Same min and max delay values on IO port  
The same input delay of 3.400 ns has been defined on port 'adc_dat_a_i[14]' relative to clock adc_clk for both max and min. Make sure this reflects the design intent.
set_input_delay -clock adc_clk 3.400 [get_ports {adc_dat_a_i[*]}]
E:/FPGA/DPLL_Rewrite/DPLL_Rewrite_THbox_T3/DPLL_Rewrite.srcs/sources_1/xdc/red_pitaya.xdc (Line: 210)
Related violations: <none>

XDCH-2#6 Warning
Same min and max delay values on IO port  
The same input delay of 3.400 ns has been defined on port 'adc_dat_a_i[15]' relative to clock adc_clk for both max and min. Make sure this reflects the design intent.
set_input_delay -clock adc_clk 3.400 [get_ports {adc_dat_a_i[*]}]
E:/FPGA/DPLL_Rewrite/DPLL_Rewrite_THbox_T3/DPLL_Rewrite.srcs/sources_1/xdc/red_pitaya.xdc (Line: 210)
Related violations: <none>

XDCH-2#7 Warning
Same min and max delay values on IO port  
The same input delay of 3.400 ns has been defined on port 'adc_dat_a_i[2]' relative to clock adc_clk for both max and min. Make sure this reflects the design intent.
set_input_delay -clock adc_clk 3.400 [get_ports {adc_dat_a_i[*]}]
E:/FPGA/DPLL_Rewrite/DPLL_Rewrite_THbox_T3/DPLL_Rewrite.srcs/sources_1/xdc/red_pitaya.xdc (Line: 210)
Related violations: <none>

XDCH-2#8 Warning
Same min and max delay values on IO port  
The same input delay of 3.400 ns has been defined on port 'adc_dat_a_i[3]' relative to clock adc_clk for both max and min. Make sure this reflects the design intent.
set_input_delay -clock adc_clk 3.400 [get_ports {adc_dat_a_i[*]}]
E:/FPGA/DPLL_Rewrite/DPLL_Rewrite_THbox_T3/DPLL_Rewrite.srcs/sources_1/xdc/red_pitaya.xdc (Line: 210)
Related violations: <none>

XDCH-2#9 Warning
Same min and max delay values on IO port  
The same input delay of 3.400 ns has been defined on port 'adc_dat_a_i[4]' relative to clock adc_clk for both max and min. Make sure this reflects the design intent.
set_input_delay -clock adc_clk 3.400 [get_ports {adc_dat_a_i[*]}]
E:/FPGA/DPLL_Rewrite/DPLL_Rewrite_THbox_T3/DPLL_Rewrite.srcs/sources_1/xdc/red_pitaya.xdc (Line: 210)
Related violations: <none>

XDCH-2#10 Warning
Same min and max delay values on IO port  
The same input delay of 3.400 ns has been defined on port 'adc_dat_a_i[5]' relative to clock adc_clk for both max and min. Make sure this reflects the design intent.
set_input_delay -clock adc_clk 3.400 [get_ports {adc_dat_a_i[*]}]
E:/FPGA/DPLL_Rewrite/DPLL_Rewrite_THbox_T3/DPLL_Rewrite.srcs/sources_1/xdc/red_pitaya.xdc (Line: 210)
Related violations: <none>

XDCH-2#11 Warning
Same min and max delay values on IO port  
The same input delay of 3.400 ns has been defined on port 'adc_dat_a_i[6]' relative to clock adc_clk for both max and min. Make sure this reflects the design intent.
set_input_delay -clock adc_clk 3.400 [get_ports {adc_dat_a_i[*]}]
E:/FPGA/DPLL_Rewrite/DPLL_Rewrite_THbox_T3/DPLL_Rewrite.srcs/sources_1/xdc/red_pitaya.xdc (Line: 210)
Related violations: <none>

XDCH-2#12 Warning
Same min and max delay values on IO port  
The same input delay of 3.400 ns has been defined on port 'adc_dat_a_i[7]' relative to clock adc_clk for both max and min. Make sure this reflects the design intent.
set_input_delay -clock adc_clk 3.400 [get_ports {adc_dat_a_i[*]}]
E:/FPGA/DPLL_Rewrite/DPLL_Rewrite_THbox_T3/DPLL_Rewrite.srcs/sources_1/xdc/red_pitaya.xdc (Line: 210)
Related violations: <none>

XDCH-2#13 Warning
Same min and max delay values on IO port  
The same input delay of 3.400 ns has been defined on port 'adc_dat_a_i[8]' relative to clock adc_clk for both max and min. Make sure this reflects the design intent.
set_input_delay -clock adc_clk 3.400 [get_ports {adc_dat_a_i[*]}]
E:/FPGA/DPLL_Rewrite/DPLL_Rewrite_THbox_T3/DPLL_Rewrite.srcs/sources_1/xdc/red_pitaya.xdc (Line: 210)
Related violations: <none>

XDCH-2#14 Warning
Same min and max delay values on IO port  
The same input delay of 3.400 ns has been defined on port 'adc_dat_a_i[9]' relative to clock adc_clk for both max and min. Make sure this reflects the design intent.
set_input_delay -clock adc_clk 3.400 [get_ports {adc_dat_a_i[*]}]
E:/FPGA/DPLL_Rewrite/DPLL_Rewrite_THbox_T3/DPLL_Rewrite.srcs/sources_1/xdc/red_pitaya.xdc (Line: 210)
Related violations: <none>

XDCH-2#15 Warning
Same min and max delay values on IO port  
The same input delay of 3.400 ns has been defined on port 'adc_dat_b_i[10]' relative to clock adc_clk for both max and min. Make sure this reflects the design intent.
set_input_delay -clock adc_clk 3.400 [get_ports {adc_dat_b_i[*]}]
E:/FPGA/DPLL_Rewrite/DPLL_Rewrite_THbox_T3/DPLL_Rewrite.srcs/sources_1/xdc/red_pitaya.xdc (Line: 211)
Related violations: <none>

XDCH-2#16 Warning
Same min and max delay values on IO port  
The same input delay of 3.400 ns has been defined on port 'adc_dat_b_i[11]' relative to clock adc_clk for both max and min. Make sure this reflects the design intent.
set_input_delay -clock adc_clk 3.400 [get_ports {adc_dat_b_i[*]}]
E:/FPGA/DPLL_Rewrite/DPLL_Rewrite_THbox_T3/DPLL_Rewrite.srcs/sources_1/xdc/red_pitaya.xdc (Line: 211)
Related violations: <none>

XDCH-2#17 Warning
Same min and max delay values on IO port  
The same input delay of 3.400 ns has been defined on port 'adc_dat_b_i[12]' relative to clock adc_clk for both max and min. Make sure this reflects the design intent.
set_input_delay -clock adc_clk 3.400 [get_ports {adc_dat_b_i[*]}]
E:/FPGA/DPLL_Rewrite/DPLL_Rewrite_THbox_T3/DPLL_Rewrite.srcs/sources_1/xdc/red_pitaya.xdc (Line: 211)
Related violations: <none>

XDCH-2#18 Warning
Same min and max delay values on IO port  
The same input delay of 3.400 ns has been defined on port 'adc_dat_b_i[13]' relative to clock adc_clk for both max and min. Make sure this reflects the design intent.
set_input_delay -clock adc_clk 3.400 [get_ports {adc_dat_b_i[*]}]
E:/FPGA/DPLL_Rewrite/DPLL_Rewrite_THbox_T3/DPLL_Rewrite.srcs/sources_1/xdc/red_pitaya.xdc (Line: 211)
Related violations: <none>

XDCH-2#19 Warning
Same min and max delay values on IO port  
The same input delay of 3.400 ns has been defined on port 'adc_dat_b_i[14]' relative to clock adc_clk for both max and min. Make sure this reflects the design intent.
set_input_delay -clock adc_clk 3.400 [get_ports {adc_dat_b_i[*]}]
E:/FPGA/DPLL_Rewrite/DPLL_Rewrite_THbox_T3/DPLL_Rewrite.srcs/sources_1/xdc/red_pitaya.xdc (Line: 211)
Related violations: <none>

XDCH-2#20 Warning
Same min and max delay values on IO port  
The same input delay of 3.400 ns has been defined on port 'adc_dat_b_i[15]' relative to clock adc_clk for both max and min. Make sure this reflects the design intent.
set_input_delay -clock adc_clk 3.400 [get_ports {adc_dat_b_i[*]}]
E:/FPGA/DPLL_Rewrite/DPLL_Rewrite_THbox_T3/DPLL_Rewrite.srcs/sources_1/xdc/red_pitaya.xdc (Line: 211)
Related violations: <none>

XDCH-2#21 Warning
Same min and max delay values on IO port  
The same input delay of 3.400 ns has been defined on port 'adc_dat_b_i[2]' relative to clock adc_clk for both max and min. Make sure this reflects the design intent.
set_input_delay -clock adc_clk 3.400 [get_ports {adc_dat_b_i[*]}]
E:/FPGA/DPLL_Rewrite/DPLL_Rewrite_THbox_T3/DPLL_Rewrite.srcs/sources_1/xdc/red_pitaya.xdc (Line: 211)
Related violations: <none>

XDCH-2#22 Warning
Same min and max delay values on IO port  
The same input delay of 3.400 ns has been defined on port 'adc_dat_b_i[3]' relative to clock adc_clk for both max and min. Make sure this reflects the design intent.
set_input_delay -clock adc_clk 3.400 [get_ports {adc_dat_b_i[*]}]
E:/FPGA/DPLL_Rewrite/DPLL_Rewrite_THbox_T3/DPLL_Rewrite.srcs/sources_1/xdc/red_pitaya.xdc (Line: 211)
Related violations: <none>

XDCH-2#23 Warning
Same min and max delay values on IO port  
The same input delay of 3.400 ns has been defined on port 'adc_dat_b_i[4]' relative to clock adc_clk for both max and min. Make sure this reflects the design intent.
set_input_delay -clock adc_clk 3.400 [get_ports {adc_dat_b_i[*]}]
E:/FPGA/DPLL_Rewrite/DPLL_Rewrite_THbox_T3/DPLL_Rewrite.srcs/sources_1/xdc/red_pitaya.xdc (Line: 211)
Related violations: <none>

XDCH-2#24 Warning
Same min and max delay values on IO port  
The same input delay of 3.400 ns has been defined on port 'adc_dat_b_i[5]' relative to clock adc_clk for both max and min. Make sure this reflects the design intent.
set_input_delay -clock adc_clk 3.400 [get_ports {adc_dat_b_i[*]}]
E:/FPGA/DPLL_Rewrite/DPLL_Rewrite_THbox_T3/DPLL_Rewrite.srcs/sources_1/xdc/red_pitaya.xdc (Line: 211)
Related violations: <none>

XDCH-2#25 Warning
Same min and max delay values on IO port  
The same input delay of 3.400 ns has been defined on port 'adc_dat_b_i[6]' relative to clock adc_clk for both max and min. Make sure this reflects the design intent.
set_input_delay -clock adc_clk 3.400 [get_ports {adc_dat_b_i[*]}]
E:/FPGA/DPLL_Rewrite/DPLL_Rewrite_THbox_T3/DPLL_Rewrite.srcs/sources_1/xdc/red_pitaya.xdc (Line: 211)
Related violations: <none>

XDCH-2#26 Warning
Same min and max delay values on IO port  
The same input delay of 3.400 ns has been defined on port 'adc_dat_b_i[7]' relative to clock adc_clk for both max and min. Make sure this reflects the design intent.
set_input_delay -clock adc_clk 3.400 [get_ports {adc_dat_b_i[*]}]
E:/FPGA/DPLL_Rewrite/DPLL_Rewrite_THbox_T3/DPLL_Rewrite.srcs/sources_1/xdc/red_pitaya.xdc (Line: 211)
Related violations: <none>

XDCH-2#27 Warning
Same min and max delay values on IO port  
The same input delay of 3.400 ns has been defined on port 'adc_dat_b_i[8]' relative to clock adc_clk for both max and min. Make sure this reflects the design intent.
set_input_delay -clock adc_clk 3.400 [get_ports {adc_dat_b_i[*]}]
E:/FPGA/DPLL_Rewrite/DPLL_Rewrite_THbox_T3/DPLL_Rewrite.srcs/sources_1/xdc/red_pitaya.xdc (Line: 211)
Related violations: <none>

XDCH-2#28 Warning
Same min and max delay values on IO port  
The same input delay of 3.400 ns has been defined on port 'adc_dat_b_i[9]' relative to clock adc_clk for both max and min. Make sure this reflects the design intent.
set_input_delay -clock adc_clk 3.400 [get_ports {adc_dat_b_i[*]}]
E:/FPGA/DPLL_Rewrite/DPLL_Rewrite_THbox_T3/DPLL_Rewrite.srcs/sources_1/xdc/red_pitaya.xdc (Line: 211)
Related violations: <none>


