Copyright 1986-2018 Xilinx, Inc. All Rights Reserved.
--------------------------------------------------------------------------------------------------------------------------------------------------------------------------------------------------------------------------------
| Tool Version : Vivado v.2018.3 (win64) Build 2405991 Thu Dec  6 23:38:27 MST 2018
| Date         : Sun Jun 28 19:25:02 2026
| Host         : MiaoZhi-PC running 64-bit major release  (build 9200)
| Command      : report_timing -from [get_clocks pll_adc_clk] -to [get_clocks pll_adc_clk] -max_paths 40 -sort_by slack -file E:/FPGA/DPLL_Rewrite/DPLL_Rewrite_THbox_T3/reports/vivado_full_impl/timing_pll_adc_to_pll_adc.rpt
| Design       : red_pitaya_top
| Device       : 7z010-clg400
| Speed File   : -1  PRODUCTION 1.11 2014-09-11
--------------------------------------------------------------------------------------------------------------------------------------------------------------------------------------------------------------------------------

Timing Report

Slack (MET) :             0.041ns  (required time - arrival time)
  Source:                 dpll_wrapper_inst/dpll_single_clock_core_stage_a_inst/rst_state_r_reg/C
                            (rising edge-triggered cell FDRE clocked by pll_adc_clk  {rise@0.000ns fall@4.000ns period=8.000ns})
  Destination:            dpll_wrapper_inst/dpll_single_clock_core_stage_a_inst/loop_state_manager_inst/loop_state_reg[2]/D
                            (rising edge-triggered cell FDRE clocked by pll_adc_clk  {rise@0.000ns fall@4.000ns period=8.000ns})
  Path Group:             pll_adc_clk
  Path Type:              Setup (Max at Slow Process Corner)
  Requirement:            8.000ns  (pll_adc_clk rise@8.000ns - pll_adc_clk rise@0.000ns)
  Data Path Delay:        7.739ns  (logic 0.963ns (12.444%)  route 6.776ns (87.556%))
  Logic Levels:           3  (LUT5=1 LUT6=2)
  Clock Path Skew:        -0.230ns (DCD - SCD + CPR)
    Destination Clock Delay (DCD):    -2.347ns = ( 5.653 - 8.000 ) 
    Source Clock Delay      (SCD):    -2.647ns
    Clock Pessimism Removal (CPR):    -0.530ns
  Clock Uncertainty:      0.069ns  ((TSJ^2 + DJ^2)^1/2) / 2 + PE
    Total System Jitter     (TSJ):    0.071ns
    Discrete Jitter          (DJ):    0.118ns
    Phase Error              (PE):    0.000ns

    Location             Delay type                Incr(ns)  Path(ns)    Netlist Resource(s)
  -------------------------------------------------------------------    -------------------
                         (clock pll_adc_clk rise edge)
                                                      0.000     0.000 r  
    U18                                               0.000     0.000 r  adc_clk_p_i (IN)
                         net (fo=0)                   0.000     0.000    adc_clk_p_i
    U18                  IBUFDS (Prop_ibufds_I_O)     0.983     0.983 r  i_clk/O
                         net (fo=250, routed)         1.306     2.289    pll/CLK
    PLLE2_ADV_X0Y0       PLLE2_ADV (Prop_plle2_adv_CLKIN1_CLKOUT0)
                                                     -8.533    -6.244 r  pll/pll/CLKOUT0
                         net (fo=1, routed)           1.754    -4.490    lopt
    BUFGCTRL_X0Y0        BUFG (Prop_bufg_I_O)         0.101    -4.389 r  bufg_adc_clk/O
                         net (fo=11053, routed)       1.742    -2.647    dpll_wrapper_inst/dpll_single_clock_core_stage_a_inst/adc_clk
    SLICE_X36Y52         FDRE                                         r  dpll_wrapper_inst/dpll_single_clock_core_stage_a_inst/rst_state_r_reg/C
  -------------------------------------------------------------------    -------------------
    SLICE_X36Y52         FDRE (Prop_fdre_C_Q)         0.419    -2.228 f  dpll_wrapper_inst/dpll_single_clock_core_stage_a_inst/rst_state_r_reg/Q
                         net (fo=259, routed)         4.076     1.848    dpll_wrapper_inst/dpll_single_clock_core_stage_a_inst/post_iq_cic_inst/good_count_reg[0]
    SLICE_X13Y43         LUT5 (Prop_lut5_I1_O)        0.296     2.144 f  dpll_wrapper_inst/dpll_single_clock_core_stage_a_inst/post_iq_cic_inst/good_count[15]_i_1/O
                         net (fo=37, routed)          2.278     4.422    dpll_wrapper_inst/dpll_single_clock_core_stage_a_inst/loop_state_manager_inst/good_count_reg[0]_0
    SLICE_X11Y52         LUT6 (Prop_lut6_I2_O)        0.124     4.546 r  dpll_wrapper_inst/dpll_single_clock_core_stage_a_inst/loop_state_manager_inst/loop_state[2]_i_2/O
                         net (fo=1, routed)           0.422     4.968    dpll_wrapper_inst/dpll_single_clock_core_stage_a_inst/loop_state_manager_inst/loop_state[2]_i_2_n_0
    SLICE_X10Y52         LUT6 (Prop_lut6_I0_O)        0.124     5.092 r  dpll_wrapper_inst/dpll_single_clock_core_stage_a_inst/loop_state_manager_inst/loop_state[2]_i_1/O
                         net (fo=1, routed)           0.000     5.092    dpll_wrapper_inst/dpll_single_clock_core_stage_a_inst/loop_state_manager_inst/loop_state[2]_i_1_n_0
    SLICE_X10Y52         FDRE                                         r  dpll_wrapper_inst/dpll_single_clock_core_stage_a_inst/loop_state_manager_inst/loop_state_reg[2]/D
  -------------------------------------------------------------------    -------------------

                         (clock pll_adc_clk rise edge)
                                                      8.000     8.000 r  
    U18                                               0.000     8.000 r  adc_clk_p_i (IN)
                         net (fo=0)                   0.000     8.000    adc_clk_p_i
    U18                  IBUFDS (Prop_ibufds_I_O)     0.940     8.940 r  i_clk/O
                         net (fo=250, routed)         1.181    10.121    pll/CLK
    PLLE2_ADV_X0Y0       PLLE2_ADV (Prop_plle2_adv_CLKIN1_CLKOUT0)
                                                     -7.650     2.470 r  pll/pll/CLKOUT0
                         net (fo=1, routed)           1.594     4.065    lopt
    BUFGCTRL_X0Y0        BUFG (Prop_bufg_I_O)         0.091     4.156 r  bufg_adc_clk/O
                         net (fo=11053, routed)       1.498     5.653    dpll_wrapper_inst/dpll_single_clock_core_stage_a_inst/loop_state_manager_inst/adc_clk
    SLICE_X10Y52         FDRE                                         r  dpll_wrapper_inst/dpll_single_clock_core_stage_a_inst/loop_state_manager_inst/loop_state_reg[2]/C
                         clock pessimism             -0.530     5.123    
                         clock uncertainty           -0.069     5.054    
    SLICE_X10Y52         FDRE (Setup_fdre_C_D)        0.079     5.133    dpll_wrapper_inst/dpll_single_clock_core_stage_a_inst/loop_state_manager_inst/loop_state_reg[2]
  -------------------------------------------------------------------
                         required time                          5.133    
                         arrival time                          -5.092    
  -------------------------------------------------------------------
                         slack                                  0.041    

Slack (MET) :             0.073ns  (required time - arrival time)
  Source:                 dpll_wrapper_inst/dpll_single_clock_core_stage_a_inst/fll_phase_difference_inst/freq_error_reg[17]/C
                            (rising edge-triggered cell FDRE clocked by pll_adc_clk  {rise@0.000ns fall@4.000ns period=8.000ns})
  Destination:            dpll_wrapper_inst/sys_rdata_reg[31]/D
                            (rising edge-triggered cell FDRE clocked by pll_adc_clk  {rise@0.000ns fall@4.000ns period=8.000ns})
  Path Group:             pll_adc_clk
  Path Type:              Setup (Max at Slow Process Corner)
  Requirement:            8.000ns  (pll_adc_clk rise@8.000ns - pll_adc_clk rise@0.000ns)
  Data Path Delay:        7.636ns  (logic 0.952ns (12.467%)  route 6.684ns (87.533%))
  Logic Levels:           4  (LUT6=4)
  Clock Path Skew:        -0.254ns (DCD - SCD + CPR)
    Destination Clock Delay (DCD):    -2.359ns = ( 5.641 - 8.000 ) 
    Source Clock Delay      (SCD):    -2.650ns
    Clock Pessimism Removal (CPR):    -0.544ns
  Clock Uncertainty:      0.069ns  ((TSJ^2 + DJ^2)^1/2) / 2 + PE
    Total System Jitter     (TSJ):    0.071ns
    Discrete Jitter          (DJ):    0.118ns
    Phase Error              (PE):    0.000ns

    Location             Delay type                Incr(ns)  Path(ns)    Netlist Resource(s)
  -------------------------------------------------------------------    -------------------
                         (clock pll_adc_clk rise edge)
                                                      0.000     0.000 r  
    U18                                               0.000     0.000 r  adc_clk_p_i (IN)
                         net (fo=0)                   0.000     0.000    adc_clk_p_i
    U18                  IBUFDS (Prop_ibufds_I_O)     0.983     0.983 r  i_clk/O
                         net (fo=250, routed)         1.306     2.289    pll/CLK
    PLLE2_ADV_X0Y0       PLLE2_ADV (Prop_plle2_adv_CLKIN1_CLKOUT0)
                                                     -8.533    -6.244 r  pll/pll/CLKOUT0
                         net (fo=1, routed)           1.754    -4.490    lopt
    BUFGCTRL_X0Y0        BUFG (Prop_bufg_I_O)         0.101    -4.389 r  bufg_adc_clk/O
                         net (fo=11053, routed)       1.739    -2.650    dpll_wrapper_inst/dpll_single_clock_core_stage_a_inst/fll_phase_difference_inst/adc_clk
    SLICE_X37Y60         FDRE                                         r  dpll_wrapper_inst/dpll_single_clock_core_stage_a_inst/fll_phase_difference_inst/freq_error_reg[17]/C
  -------------------------------------------------------------------    -------------------
    SLICE_X37Y60         FDRE (Prop_fdre_C_Q)         0.456    -2.194 r  dpll_wrapper_inst/dpll_single_clock_core_stage_a_inst/fll_phase_difference_inst/freq_error_reg[17]/Q
                         net (fo=23, routed)          4.320     2.126    i_ps/axi_slave_gp0/freq_error[0]
    SLICE_X21Y29         LUT6 (Prop_lut6_I2_O)        0.124     2.250 r  i_ps/axi_slave_gp0/sys_rdata[31]_i_21/O
                         net (fo=12, routed)          1.310     3.560    i_ps/axi_slave_gp0/sys_rdata[31]_i_21_n_0
    SLICE_X27Y27         LUT6 (Prop_lut6_I0_O)        0.124     3.684 r  i_ps/axi_slave_gp0/sys_rdata[31]_i_14/O
                         net (fo=1, routed)           0.433     4.118    i_ps/axi_slave_gp0/sys_rdata[31]_i_14_n_0
    SLICE_X27Y27         LUT6 (Prop_lut6_I1_O)        0.124     4.242 f  i_ps/axi_slave_gp0/sys_rdata[31]_i_7/O
                         net (fo=1, routed)           0.620     4.862    i_ps/axi_slave_gp0/sys_rdata[31]_i_7_n_0
    SLICE_X27Y27         LUT6 (Prop_lut6_I4_O)        0.124     4.986 r  i_ps/axi_slave_gp0/sys_rdata[31]_i_2/O
                         net (fo=1, routed)           0.000     4.986    dpll_wrapper_inst/sys_rdata_reg[31]_2[31]
    SLICE_X27Y27         FDRE                                         r  dpll_wrapper_inst/sys_rdata_reg[31]/D
  -------------------------------------------------------------------    -------------------

                         (clock pll_adc_clk rise edge)
                                                      8.000     8.000 r  
    U18                                               0.000     8.000 r  adc_clk_p_i (IN)
                         net (fo=0)                   0.000     8.000    adc_clk_p_i
    U18                  IBUFDS (Prop_ibufds_I_O)     0.940     8.940 r  i_clk/O
                         net (fo=250, routed)         1.181    10.121    pll/CLK
    PLLE2_ADV_X0Y0       PLLE2_ADV (Prop_plle2_adv_CLKIN1_CLKOUT0)
                                                     -7.650     2.470 r  pll/pll/CLKOUT0
                         net (fo=1, routed)           1.594     4.065    lopt
    BUFGCTRL_X0Y0        BUFG (Prop_bufg_I_O)         0.091     4.156 r  bufg_adc_clk/O
                         net (fo=11053, routed)       1.485     5.641    dpll_wrapper_inst/adc_clk
    SLICE_X27Y27         FDRE                                         r  dpll_wrapper_inst/sys_rdata_reg[31]/C
                         clock pessimism             -0.544     5.097    
                         clock uncertainty           -0.069     5.028    
    SLICE_X27Y27         FDRE (Setup_fdre_C_D)        0.031     5.059    dpll_wrapper_inst/sys_rdata_reg[31]
  -------------------------------------------------------------------
                         required time                          5.059    
                         arrival time                          -4.986    
  -------------------------------------------------------------------
                         slack                                  0.073    

Slack (MET) :             0.192ns  (required time - arrival time)
  Source:                 dpll_wrapper_inst/dpll_single_clock_core_stage_a_inst/loop_state_manager_inst/loop_state_reg[2]/C
                            (rising edge-triggered cell FDRE clocked by pll_adc_clk  {rise@0.000ns fall@4.000ns period=8.000ns})
  Destination:            dpll_wrapper_inst/dpll_single_clock_core_stage_a_inst/loop_state_manager_inst/locked_reg/D
                            (rising edge-triggered cell FDRE clocked by pll_adc_clk  {rise@0.000ns fall@4.000ns period=8.000ns})
  Path Group:             pll_adc_clk
  Path Type:              Setup (Max at Slow Process Corner)
  Requirement:            8.000ns  (pll_adc_clk rise@8.000ns - pll_adc_clk rise@0.000ns)
  Data Path Delay:        7.644ns  (logic 0.994ns (13.003%)  route 6.650ns (86.997%))
  Logic Levels:           2  (LUT4=1 LUT6=1)
  Clock Path Skew:        -0.171ns (DCD - SCD + CPR)
    Destination Clock Delay (DCD):    -2.359ns = ( 5.641 - 8.000 ) 
    Source Clock Delay      (SCD):    -2.718ns
    Clock Pessimism Removal (CPR):    -0.530ns
  Clock Uncertainty:      0.069ns  ((TSJ^2 + DJ^2)^1/2) / 2 + PE
    Total System Jitter     (TSJ):    0.071ns
    Discrete Jitter          (DJ):    0.118ns
    Phase Error              (PE):    0.000ns

    Location             Delay type                Incr(ns)  Path(ns)    Netlist Resource(s)
  -------------------------------------------------------------------    -------------------
                         (clock pll_adc_clk rise edge)
                                                      0.000     0.000 r  
    U18                                               0.000     0.000 r  adc_clk_p_i (IN)
                         net (fo=0)                   0.000     0.000    adc_clk_p_i
    U18                  IBUFDS (Prop_ibufds_I_O)     0.983     0.983 r  i_clk/O
                         net (fo=250, routed)         1.306     2.289    pll/CLK
    PLLE2_ADV_X0Y0       PLLE2_ADV (Prop_plle2_adv_CLKIN1_CLKOUT0)
                                                     -8.533    -6.244 r  pll/pll/CLKOUT0
                         net (fo=1, routed)           1.754    -4.490    lopt
    BUFGCTRL_X0Y0        BUFG (Prop_bufg_I_O)         0.101    -4.389 r  bufg_adc_clk/O
                         net (fo=11053, routed)       1.671    -2.718    dpll_wrapper_inst/dpll_single_clock_core_stage_a_inst/loop_state_manager_inst/adc_clk
    SLICE_X10Y52         FDRE                                         r  dpll_wrapper_inst/dpll_single_clock_core_stage_a_inst/loop_state_manager_inst/loop_state_reg[2]/C
  -------------------------------------------------------------------    -------------------
    SLICE_X10Y52         FDRE (Prop_fdre_C_Q)         0.518    -2.200 r  dpll_wrapper_inst/dpll_single_clock_core_stage_a_inst/loop_state_manager_inst/loop_state_reg[2]/Q
                         net (fo=84, routed)          4.223     2.023    dpll_wrapper_inst/dpll_single_clock_core_stage_a_inst/loop_state_manager_inst/dpll_loop_state[2]
    SLICE_X37Y28         LUT4 (Prop_lut4_I3_O)        0.150     2.173 r  dpll_wrapper_inst/dpll_single_clock_core_stage_a_inst/loop_state_manager_inst/locked_i_2/O
                         net (fo=25, routed)          2.428     4.601    dpll_wrapper_inst/dpll_single_clock_core_stage_a_inst/loop_state_manager_inst/locked_i_2_n_0
    SLICE_X24Y52         LUT6 (Prop_lut6_I0_O)        0.326     4.927 r  dpll_wrapper_inst/dpll_single_clock_core_stage_a_inst/loop_state_manager_inst/locked_i_1/O
                         net (fo=1, routed)           0.000     4.927    dpll_wrapper_inst/dpll_single_clock_core_stage_a_inst/loop_state_manager_inst/locked0
    SLICE_X24Y52         FDRE                                         r  dpll_wrapper_inst/dpll_single_clock_core_stage_a_inst/loop_state_manager_inst/locked_reg/D
  -------------------------------------------------------------------    -------------------

                         (clock pll_adc_clk rise edge)
                                                      8.000     8.000 r  
    U18                                               0.000     8.000 r  adc_clk_p_i (IN)
                         net (fo=0)                   0.000     8.000    adc_clk_p_i
    U18                  IBUFDS (Prop_ibufds_I_O)     0.940     8.940 r  i_clk/O
                         net (fo=250, routed)         1.181    10.121    pll/CLK
    PLLE2_ADV_X0Y0       PLLE2_ADV (Prop_plle2_adv_CLKIN1_CLKOUT0)
                                                     -7.650     2.470 r  pll/pll/CLKOUT0
                         net (fo=1, routed)           1.594     4.065    lopt
    BUFGCTRL_X0Y0        BUFG (Prop_bufg_I_O)         0.091     4.156 r  bufg_adc_clk/O
                         net (fo=11053, routed)       1.486     5.641    dpll_wrapper_inst/dpll_single_clock_core_stage_a_inst/loop_state_manager_inst/adc_clk
    SLICE_X24Y52         FDRE                                         r  dpll_wrapper_inst/dpll_single_clock_core_stage_a_inst/loop_state_manager_inst/locked_reg/C
                         clock pessimism             -0.530     5.111    
                         clock uncertainty           -0.069     5.042    
    SLICE_X24Y52         FDRE (Setup_fdre_C_D)        0.077     5.119    dpll_wrapper_inst/dpll_single_clock_core_stage_a_inst/loop_state_manager_inst/locked_reg
  -------------------------------------------------------------------
                         required time                          5.119    
                         arrival time                          -4.927    
  -------------------------------------------------------------------
                         slack                                  0.192    

Slack (MET) :             0.253ns  (required time - arrival time)
  Source:                 dpll_wrapper_inst/dpll_single_clock_core_stage_a_inst/fll_phase_difference_inst/freq_error_reg[17]/C
                            (rising edge-triggered cell FDRE clocked by pll_adc_clk  {rise@0.000ns fall@4.000ns period=8.000ns})
  Destination:            dpll_wrapper_inst/sys_rdata_reg[21]/D
                            (rising edge-triggered cell FDRE clocked by pll_adc_clk  {rise@0.000ns fall@4.000ns period=8.000ns})
  Path Group:             pll_adc_clk
  Path Type:              Setup (Max at Slow Process Corner)
  Requirement:            8.000ns  (pll_adc_clk rise@8.000ns - pll_adc_clk rise@0.000ns)
  Data Path Delay:        7.455ns  (logic 0.952ns (12.770%)  route 6.503ns (87.230%))
  Logic Levels:           4  (LUT4=1 LUT5=1 LUT6=2)
  Clock Path Skew:        -0.252ns (DCD - SCD + CPR)
    Destination Clock Delay (DCD):    -2.357ns = ( 5.643 - 8.000 ) 
    Source Clock Delay      (SCD):    -2.650ns
    Clock Pessimism Removal (CPR):    -0.544ns
  Clock Uncertainty:      0.069ns  ((TSJ^2 + DJ^2)^1/2) / 2 + PE
    Total System Jitter     (TSJ):    0.071ns
    Discrete Jitter          (DJ):    0.118ns
    Phase Error              (PE):    0.000ns

    Location             Delay type                Incr(ns)  Path(ns)    Netlist Resource(s)
  -------------------------------------------------------------------    -------------------
                         (clock pll_adc_clk rise edge)
                                                      0.000     0.000 r  
    U18                                               0.000     0.000 r  adc_clk_p_i (IN)
                         net (fo=0)                   0.000     0.000    adc_clk_p_i
    U18                  IBUFDS (Prop_ibufds_I_O)     0.983     0.983 r  i_clk/O
                         net (fo=250, routed)         1.306     2.289    pll/CLK
    PLLE2_ADV_X0Y0       PLLE2_ADV (Prop_plle2_adv_CLKIN1_CLKOUT0)
                                                     -8.533    -6.244 r  pll/pll/CLKOUT0
                         net (fo=1, routed)           1.754    -4.490    lopt
    BUFGCTRL_X0Y0        BUFG (Prop_bufg_I_O)         0.101    -4.389 r  bufg_adc_clk/O
                         net (fo=11053, routed)       1.739    -2.650    dpll_wrapper_inst/dpll_single_clock_core_stage_a_inst/fll_phase_difference_inst/adc_clk
    SLICE_X37Y60         FDRE                                         r  dpll_wrapper_inst/dpll_single_clock_core_stage_a_inst/fll_phase_difference_inst/freq_error_reg[17]/C
  -------------------------------------------------------------------    -------------------
    SLICE_X37Y60         FDRE (Prop_fdre_C_Q)         0.456    -2.194 r  dpll_wrapper_inst/dpll_single_clock_core_stage_a_inst/fll_phase_difference_inst/freq_error_reg[17]/Q
                         net (fo=23, routed)          4.320     2.126    i_ps/axi_slave_gp0/freq_error[0]
    SLICE_X21Y29         LUT6 (Prop_lut6_I2_O)        0.124     2.250 r  i_ps/axi_slave_gp0/sys_rdata[31]_i_21/O
                         net (fo=12, routed)          0.903     3.154    i_ps/axi_slave_gp0/sys_rdata[31]_i_21_n_0
    SLICE_X26Y29         LUT5 (Prop_lut5_I2_O)        0.124     3.278 r  i_ps/axi_slave_gp0/sys_rdata[21]_i_6/O
                         net (fo=1, routed)           0.633     3.911    i_ps/axi_slave_gp0/sys_rdata[21]_i_6_n_0
    SLICE_X26Y29         LUT4 (Prop_lut4_I3_O)        0.124     4.035 r  i_ps/axi_slave_gp0/sys_rdata[21]_i_2/O
                         net (fo=1, routed)           0.646     4.681    i_ps/axi_slave_gp0/sys_rdata[21]_i_2_n_0
    SLICE_X26Y28         LUT6 (Prop_lut6_I0_O)        0.124     4.805 r  i_ps/axi_slave_gp0/sys_rdata[21]_i_1/O
                         net (fo=1, routed)           0.000     4.805    dpll_wrapper_inst/sys_rdata_reg[31]_2[21]
    SLICE_X26Y28         FDRE                                         r  dpll_wrapper_inst/sys_rdata_reg[21]/D
  -------------------------------------------------------------------    -------------------

                         (clock pll_adc_clk rise edge)
                                                      8.000     8.000 r  
    U18                                               0.000     8.000 r  adc_clk_p_i (IN)
                         net (fo=0)                   0.000     8.000    adc_clk_p_i
    U18                  IBUFDS (Prop_ibufds_I_O)     0.940     8.940 r  i_clk/O
                         net (fo=250, routed)         1.181    10.121    pll/CLK
    PLLE2_ADV_X0Y0       PLLE2_ADV (Prop_plle2_adv_CLKIN1_CLKOUT0)
                                                     -7.650     2.470 r  pll/pll/CLKOUT0
                         net (fo=1, routed)           1.594     4.065    lopt
    BUFGCTRL_X0Y0        BUFG (Prop_bufg_I_O)         0.091     4.156 r  bufg_adc_clk/O
                         net (fo=11053, routed)       1.487     5.643    dpll_wrapper_inst/adc_clk
    SLICE_X26Y28         FDRE                                         r  dpll_wrapper_inst/sys_rdata_reg[21]/C
                         clock pessimism             -0.544     5.099    
                         clock uncertainty           -0.069     5.030    
    SLICE_X26Y28         FDRE (Setup_fdre_C_D)        0.029     5.059    dpll_wrapper_inst/sys_rdata_reg[21]
  -------------------------------------------------------------------
                         required time                          5.059    
                         arrival time                          -4.805    
  -------------------------------------------------------------------
                         slack                                  0.253    

Slack (MET) :             0.262ns  (required time - arrival time)
  Source:                 dpll_wrapper_inst/dpll_single_clock_core_stage_a_inst/fll_phase_difference_inst/freq_error_reg[17]/C
                            (rising edge-triggered cell FDRE clocked by pll_adc_clk  {rise@0.000ns fall@4.000ns period=8.000ns})
  Destination:            dpll_wrapper_inst/sys_rdata_reg[24]/D
                            (rising edge-triggered cell FDRE clocked by pll_adc_clk  {rise@0.000ns fall@4.000ns period=8.000ns})
  Path Group:             pll_adc_clk
  Path Type:              Setup (Max at Slow Process Corner)
  Requirement:            8.000ns  (pll_adc_clk rise@8.000ns - pll_adc_clk rise@0.000ns)
  Data Path Delay:        7.444ns  (logic 0.952ns (12.788%)  route 6.492ns (87.212%))
  Logic Levels:           4  (LUT6=4)
  Clock Path Skew:        -0.257ns (DCD - SCD + CPR)
    Destination Clock Delay (DCD):    -2.362ns = ( 5.638 - 8.000 ) 
    Source Clock Delay      (SCD):    -2.650ns
    Clock Pessimism Removal (CPR):    -0.544ns
  Clock Uncertainty:      0.069ns  ((TSJ^2 + DJ^2)^1/2) / 2 + PE
    Total System Jitter     (TSJ):    0.071ns
    Discrete Jitter          (DJ):    0.118ns
    Phase Error              (PE):    0.000ns

    Location             Delay type                Incr(ns)  Path(ns)    Netlist Resource(s)
  -------------------------------------------------------------------    -------------------
                         (clock pll_adc_clk rise edge)
                                                      0.000     0.000 r  
    U18                                               0.000     0.000 r  adc_clk_p_i (IN)
                         net (fo=0)                   0.000     0.000    adc_clk_p_i
    U18                  IBUFDS (Prop_ibufds_I_O)     0.983     0.983 r  i_clk/O
                         net (fo=250, routed)         1.306     2.289    pll/CLK
    PLLE2_ADV_X0Y0       PLLE2_ADV (Prop_plle2_adv_CLKIN1_CLKOUT0)
                                                     -8.533    -6.244 r  pll/pll/CLKOUT0
                         net (fo=1, routed)           1.754    -4.490    lopt
    BUFGCTRL_X0Y0        BUFG (Prop_bufg_I_O)         0.101    -4.389 r  bufg_adc_clk/O
                         net (fo=11053, routed)       1.739    -2.650    dpll_wrapper_inst/dpll_single_clock_core_stage_a_inst/fll_phase_difference_inst/adc_clk
    SLICE_X37Y60         FDRE                                         r  dpll_wrapper_inst/dpll_single_clock_core_stage_a_inst/fll_phase_difference_inst/freq_error_reg[17]/C
  -------------------------------------------------------------------    -------------------
    SLICE_X37Y60         FDRE (Prop_fdre_C_Q)         0.456    -2.194 r  dpll_wrapper_inst/dpll_single_clock_core_stage_a_inst/fll_phase_difference_inst/freq_error_reg[17]/Q
                         net (fo=23, routed)          4.320     2.126    i_ps/axi_slave_gp0/freq_error[0]
    SLICE_X21Y29         LUT6 (Prop_lut6_I2_O)        0.124     2.250 r  i_ps/axi_slave_gp0/sys_rdata[31]_i_21/O
                         net (fo=12, routed)          1.300     3.550    i_ps/axi_slave_gp0/sys_rdata[31]_i_21_n_0
    SLICE_X26Y28         LUT6 (Prop_lut6_I0_O)        0.124     3.674 r  i_ps/axi_slave_gp0/sys_rdata[24]_i_5/O
                         net (fo=1, routed)           0.577     4.252    i_ps/axi_slave_gp0/sys_rdata[24]_i_5_n_0
    SLICE_X26Y26         LUT6 (Prop_lut6_I1_O)        0.124     4.376 f  i_ps/axi_slave_gp0/sys_rdata[24]_i_2/O
                         net (fo=1, routed)           0.295     4.670    i_ps/axi_slave_gp0/sys_rdata[24]_i_2_n_0
    SLICE_X27Y25         LUT6 (Prop_lut6_I4_O)        0.124     4.794 r  i_ps/axi_slave_gp0/sys_rdata[24]_i_1/O
                         net (fo=1, routed)           0.000     4.794    dpll_wrapper_inst/sys_rdata_reg[31]_2[24]
    SLICE_X27Y25         FDRE                                         r  dpll_wrapper_inst/sys_rdata_reg[24]/D
  -------------------------------------------------------------------    -------------------

                         (clock pll_adc_clk rise edge)
                                                      8.000     8.000 r  
    U18                                               0.000     8.000 r  adc_clk_p_i (IN)
                         net (fo=0)                   0.000     8.000    adc_clk_p_i
    U18                  IBUFDS (Prop_ibufds_I_O)     0.940     8.940 r  i_clk/O
                         net (fo=250, routed)         1.181    10.121    pll/CLK
    PLLE2_ADV_X0Y0       PLLE2_ADV (Prop_plle2_adv_CLKIN1_CLKOUT0)
                                                     -7.650     2.470 r  pll/pll/CLKOUT0
                         net (fo=1, routed)           1.594     4.065    lopt
    BUFGCTRL_X0Y0        BUFG (Prop_bufg_I_O)         0.091     4.156 r  bufg_adc_clk/O
                         net (fo=11053, routed)       1.482     5.638    dpll_wrapper_inst/adc_clk
    SLICE_X27Y25         FDRE                                         r  dpll_wrapper_inst/sys_rdata_reg[24]/C
                         clock pessimism             -0.544     5.094    
                         clock uncertainty           -0.069     5.025    
    SLICE_X27Y25         FDRE (Setup_fdre_C_D)        0.032     5.057    dpll_wrapper_inst/sys_rdata_reg[24]
  -------------------------------------------------------------------
                         required time                          5.057    
                         arrival time                          -4.794    
  -------------------------------------------------------------------
                         slack                                  0.262    

Slack (MET) :             0.301ns  (required time - arrival time)
  Source:                 dpll_wrapper_inst/dpll_single_clock_core_stage_a_inst/fll_phase_difference_inst/freq_error_reg[17]/C
                            (rising edge-triggered cell FDRE clocked by pll_adc_clk  {rise@0.000ns fall@4.000ns period=8.000ns})
  Destination:            dpll_wrapper_inst/sys_rdata_reg[26]/D
                            (rising edge-triggered cell FDRE clocked by pll_adc_clk  {rise@0.000ns fall@4.000ns period=8.000ns})
  Path Group:             pll_adc_clk
  Path Type:              Setup (Max at Slow Process Corner)
  Requirement:            8.000ns  (pll_adc_clk rise@8.000ns - pll_adc_clk rise@0.000ns)
  Data Path Delay:        7.404ns  (logic 0.952ns (12.859%)  route 6.452ns (87.141%))
  Logic Levels:           4  (LUT4=1 LUT5=1 LUT6=2)
  Clock Path Skew:        -0.256ns (DCD - SCD + CPR)
    Destination Clock Delay (DCD):    -2.361ns = ( 5.639 - 8.000 ) 
    Source Clock Delay      (SCD):    -2.650ns
    Clock Pessimism Removal (CPR):    -0.544ns
  Clock Uncertainty:      0.069ns  ((TSJ^2 + DJ^2)^1/2) / 2 + PE
    Total System Jitter     (TSJ):    0.071ns
    Discrete Jitter          (DJ):    0.118ns
    Phase Error              (PE):    0.000ns

    Location             Delay type                Incr(ns)  Path(ns)    Netlist Resource(s)
  -------------------------------------------------------------------    -------------------
                         (clock pll_adc_clk rise edge)
                                                      0.000     0.000 r  
    U18                                               0.000     0.000 r  adc_clk_p_i (IN)
                         net (fo=0)                   0.000     0.000    adc_clk_p_i
    U18                  IBUFDS (Prop_ibufds_I_O)     0.983     0.983 r  i_clk/O
                         net (fo=250, routed)         1.306     2.289    pll/CLK
    PLLE2_ADV_X0Y0       PLLE2_ADV (Prop_plle2_adv_CLKIN1_CLKOUT0)
                                                     -8.533    -6.244 r  pll/pll/CLKOUT0
                         net (fo=1, routed)           1.754    -4.490    lopt
    BUFGCTRL_X0Y0        BUFG (Prop_bufg_I_O)         0.101    -4.389 r  bufg_adc_clk/O
                         net (fo=11053, routed)       1.739    -2.650    dpll_wrapper_inst/dpll_single_clock_core_stage_a_inst/fll_phase_difference_inst/adc_clk
    SLICE_X37Y60         FDRE                                         r  dpll_wrapper_inst/dpll_single_clock_core_stage_a_inst/fll_phase_difference_inst/freq_error_reg[17]/C
  -------------------------------------------------------------------    -------------------
    SLICE_X37Y60         FDRE (Prop_fdre_C_Q)         0.456    -2.194 r  dpll_wrapper_inst/dpll_single_clock_core_stage_a_inst/fll_phase_difference_inst/freq_error_reg[17]/Q
                         net (fo=23, routed)          4.320     2.126    i_ps/axi_slave_gp0/freq_error[0]
    SLICE_X21Y29         LUT6 (Prop_lut6_I2_O)        0.124     2.250 r  i_ps/axi_slave_gp0/sys_rdata[31]_i_21/O
                         net (fo=12, routed)          0.798     3.048    i_ps/axi_slave_gp0/sys_rdata[31]_i_21_n_0
    SLICE_X24Y29         LUT5 (Prop_lut5_I2_O)        0.124     3.172 r  i_ps/axi_slave_gp0/sys_rdata[26]_i_6/O
                         net (fo=1, routed)           0.680     3.852    i_ps/axi_slave_gp0/sys_rdata[26]_i_6_n_0
    SLICE_X24Y29         LUT4 (Prop_lut4_I3_O)        0.124     3.976 r  i_ps/axi_slave_gp0/sys_rdata[26]_i_2/O
                         net (fo=1, routed)           0.654     4.630    i_ps/axi_slave_gp0/sys_rdata[26]_i_2_n_0
    SLICE_X22Y28         LUT6 (Prop_lut6_I0_O)        0.124     4.754 r  i_ps/axi_slave_gp0/sys_rdata[26]_i_1/O
                         net (fo=1, routed)           0.000     4.754    dpll_wrapper_inst/sys_rdata_reg[31]_2[26]
    SLICE_X22Y28         FDRE                                         r  dpll_wrapper_inst/sys_rdata_reg[26]/D
  -------------------------------------------------------------------    -------------------

                         (clock pll_adc_clk rise edge)
                                                      8.000     8.000 r  
    U18                                               0.000     8.000 r  adc_clk_p_i (IN)
                         net (fo=0)                   0.000     8.000    adc_clk_p_i
    U18                  IBUFDS (Prop_ibufds_I_O)     0.940     8.940 r  i_clk/O
                         net (fo=250, routed)         1.181    10.121    pll/CLK
    PLLE2_ADV_X0Y0       PLLE2_ADV (Prop_plle2_adv_CLKIN1_CLKOUT0)
                                                     -7.650     2.470 r  pll/pll/CLKOUT0
                         net (fo=1, routed)           1.594     4.065    lopt
    BUFGCTRL_X0Y0        BUFG (Prop_bufg_I_O)         0.091     4.156 r  bufg_adc_clk/O
                         net (fo=11053, routed)       1.483     5.639    dpll_wrapper_inst/adc_clk
    SLICE_X22Y28         FDRE                                         r  dpll_wrapper_inst/sys_rdata_reg[26]/C
                         clock pessimism             -0.544     5.095    
                         clock uncertainty           -0.069     5.026    
    SLICE_X22Y28         FDRE (Setup_fdre_C_D)        0.029     5.055    dpll_wrapper_inst/sys_rdata_reg[26]
  -------------------------------------------------------------------
                         required time                          5.055    
                         arrival time                          -4.754    
  -------------------------------------------------------------------
                         slack                                  0.301    

Slack (MET) :             0.301ns  (required time - arrival time)
  Source:                 dpll_wrapper_inst/reg_cic_rate/output_reg[6]/C
                            (rising edge-triggered cell FDRE clocked by pll_adc_clk  {rise@0.000ns fall@4.000ns period=8.000ns})
  Destination:            dpll_wrapper_inst/dpll_single_clock_core_stage_a_inst/post_iq_cic_inst/active_rounding_bias_reg[41]/R
                            (rising edge-triggered cell FDRE clocked by pll_adc_clk  {rise@0.000ns fall@4.000ns period=8.000ns})
  Path Group:             pll_adc_clk
  Path Type:              Setup (Max at Slow Process Corner)
  Requirement:            8.000ns  (pll_adc_clk rise@8.000ns - pll_adc_clk rise@0.000ns)
  Data Path Delay:        7.024ns  (logic 0.890ns (12.671%)  route 6.134ns (87.329%))
  Logic Levels:           3  (LUT2=1 LUT5=1 LUT6=1)
  Clock Path Skew:        -0.177ns (DCD - SCD + CPR)
    Destination Clock Delay (DCD):    -2.355ns = ( 5.645 - 8.000 ) 
    Source Clock Delay      (SCD):    -2.722ns
    Clock Pessimism Removal (CPR):    -0.544ns
  Clock Uncertainty:      0.069ns  ((TSJ^2 + DJ^2)^1/2) / 2 + PE
    Total System Jitter     (TSJ):    0.071ns
    Discrete Jitter          (DJ):    0.118ns
    Phase Error              (PE):    0.000ns

    Location             Delay type                Incr(ns)  Path(ns)    Netlist Resource(s)
  -------------------------------------------------------------------    -------------------
                         (clock pll_adc_clk rise edge)
                                                      0.000     0.000 r  
    U18                                               0.000     0.000 r  adc_clk_p_i (IN)
                         net (fo=0)                   0.000     0.000    adc_clk_p_i
    U18                  IBUFDS (Prop_ibufds_I_O)     0.983     0.983 r  i_clk/O
                         net (fo=250, routed)         1.306     2.289    pll/CLK
    PLLE2_ADV_X0Y0       PLLE2_ADV (Prop_plle2_adv_CLKIN1_CLKOUT0)
                                                     -8.533    -6.244 r  pll/pll/CLKOUT0
                         net (fo=1, routed)           1.754    -4.490    lopt
    BUFGCTRL_X0Y0        BUFG (Prop_bufg_I_O)         0.101    -4.389 r  bufg_adc_clk/O
                         net (fo=11053, routed)       1.667    -2.722    dpll_wrapper_inst/reg_cic_rate/adc_clk
    SLICE_X32Y34         FDRE                                         r  dpll_wrapper_inst/reg_cic_rate/output_reg[6]/C
  -------------------------------------------------------------------    -------------------
    SLICE_X32Y34         FDRE (Prop_fdre_C_Q)         0.518    -2.204 r  dpll_wrapper_inst/reg_cic_rate/output_reg[6]/Q
                         net (fo=3, routed)           1.202    -1.002    dpll_wrapper_inst/reg_cic_rate/Q[6]
    SLICE_X30Y30         LUT2 (Prop_lut2_I0_O)        0.124    -0.878 r  dpll_wrapper_inst/reg_cic_rate/active_rate_r[8]_i_4/O
                         net (fo=1, routed)           0.855    -0.023    dpll_wrapper_inst/reg_cic_rate/active_rate_r[8]_i_4_n_0
    SLICE_X30Y42         LUT6 (Prop_lut6_I5_O)        0.124     0.101 r  dpll_wrapper_inst/reg_cic_rate/active_rate_r[8]_i_2/O
                         net (fo=4, routed)           1.771     1.873    dpll_wrapper_inst/dpll_single_clock_core_stage_a_inst/post_iq_cic_inst/p_2_in
    SLICE_X38Y65         LUT5 (Prop_lut5_I1_O)        0.124     1.997 r  dpll_wrapper_inst/dpll_single_clock_core_stage_a_inst/post_iq_cic_inst/active_rounding_bias[44]_i_1/O
                         net (fo=45, routed)          2.305     4.302    dpll_wrapper_inst/dpll_single_clock_core_stage_a_inst/post_iq_cic_inst/active_rounding_bias[44]_i_1_n_0
    SLICE_X26Y97         FDRE                                         r  dpll_wrapper_inst/dpll_single_clock_core_stage_a_inst/post_iq_cic_inst/active_rounding_bias_reg[41]/R
  -------------------------------------------------------------------    -------------------

                         (clock pll_adc_clk rise edge)
                                                      8.000     8.000 r  
    U18                                               0.000     8.000 r  adc_clk_p_i (IN)
                         net (fo=0)                   0.000     8.000    adc_clk_p_i
    U18                  IBUFDS (Prop_ibufds_I_O)     0.940     8.940 r  i_clk/O
                         net (fo=250, routed)         1.181    10.121    pll/CLK
    PLLE2_ADV_X0Y0       PLLE2_ADV (Prop_plle2_adv_CLKIN1_CLKOUT0)
                                                     -7.650     2.470 r  pll/pll/CLKOUT0
                         net (fo=1, routed)           1.594     4.065    lopt
    BUFGCTRL_X0Y0        BUFG (Prop_bufg_I_O)         0.091     4.156 r  bufg_adc_clk/O
                         net (fo=11053, routed)       1.490     5.645    dpll_wrapper_inst/dpll_single_clock_core_stage_a_inst/post_iq_cic_inst/adc_clk
    SLICE_X26Y97         FDRE                                         r  dpll_wrapper_inst/dpll_single_clock_core_stage_a_inst/post_iq_cic_inst/active_rounding_bias_reg[41]/C
                         clock pessimism             -0.544     5.101    
                         clock uncertainty           -0.069     5.032    
    SLICE_X26Y97         FDRE (Setup_fdre_C_R)       -0.429     4.603    dpll_wrapper_inst/dpll_single_clock_core_stage_a_inst/post_iq_cic_inst/active_rounding_bias_reg[41]
  -------------------------------------------------------------------
                         required time                          4.603    
                         arrival time                          -4.302    
  -------------------------------------------------------------------
                         slack                                  0.301    

Slack (MET) :             0.301ns  (required time - arrival time)
  Source:                 dpll_wrapper_inst/reg_cic_rate/output_reg[6]/C
                            (rising edge-triggered cell FDRE clocked by pll_adc_clk  {rise@0.000ns fall@4.000ns period=8.000ns})
  Destination:            dpll_wrapper_inst/dpll_single_clock_core_stage_a_inst/post_iq_cic_inst/active_rounding_bias_reg[42]/R
                            (rising edge-triggered cell FDRE clocked by pll_adc_clk  {rise@0.000ns fall@4.000ns period=8.000ns})
  Path Group:             pll_adc_clk
  Path Type:              Setup (Max at Slow Process Corner)
  Requirement:            8.000ns  (pll_adc_clk rise@8.000ns - pll_adc_clk rise@0.000ns)
  Data Path Delay:        7.024ns  (logic 0.890ns (12.671%)  route 6.134ns (87.329%))
  Logic Levels:           3  (LUT2=1 LUT5=1 LUT6=1)
  Clock Path Skew:        -0.177ns (DCD - SCD + CPR)
    Destination Clock Delay (DCD):    -2.355ns = ( 5.645 - 8.000 ) 
    Source Clock Delay      (SCD):    -2.722ns
    Clock Pessimism Removal (CPR):    -0.544ns
  Clock Uncertainty:      0.069ns  ((TSJ^2 + DJ^2)^1/2) / 2 + PE
    Total System Jitter     (TSJ):    0.071ns
    Discrete Jitter          (DJ):    0.118ns
    Phase Error              (PE):    0.000ns

    Location             Delay type                Incr(ns)  Path(ns)    Netlist Resource(s)
  -------------------------------------------------------------------    -------------------
                         (clock pll_adc_clk rise edge)
                                                      0.000     0.000 r  
    U18                                               0.000     0.000 r  adc_clk_p_i (IN)
                         net (fo=0)                   0.000     0.000    adc_clk_p_i
    U18                  IBUFDS (Prop_ibufds_I_O)     0.983     0.983 r  i_clk/O
                         net (fo=250, routed)         1.306     2.289    pll/CLK
    PLLE2_ADV_X0Y0       PLLE2_ADV (Prop_plle2_adv_CLKIN1_CLKOUT0)
                                                     -8.533    -6.244 r  pll/pll/CLKOUT0
                         net (fo=1, routed)           1.754    -4.490    lopt
    BUFGCTRL_X0Y0        BUFG (Prop_bufg_I_O)         0.101    -4.389 r  bufg_adc_clk/O
                         net (fo=11053, routed)       1.667    -2.722    dpll_wrapper_inst/reg_cic_rate/adc_clk
    SLICE_X32Y34         FDRE                                         r  dpll_wrapper_inst/reg_cic_rate/output_reg[6]/C
  -------------------------------------------------------------------    -------------------
    SLICE_X32Y34         FDRE (Prop_fdre_C_Q)         0.518    -2.204 r  dpll_wrapper_inst/reg_cic_rate/output_reg[6]/Q
                         net (fo=3, routed)           1.202    -1.002    dpll_wrapper_inst/reg_cic_rate/Q[6]
    SLICE_X30Y30         LUT2 (Prop_lut2_I0_O)        0.124    -0.878 r  dpll_wrapper_inst/reg_cic_rate/active_rate_r[8]_i_4/O
                         net (fo=1, routed)           0.855    -0.023    dpll_wrapper_inst/reg_cic_rate/active_rate_r[8]_i_4_n_0
    SLICE_X30Y42         LUT6 (Prop_lut6_I5_O)        0.124     0.101 r  dpll_wrapper_inst/reg_cic_rate/active_rate_r[8]_i_2/O
                         net (fo=4, routed)           1.771     1.873    dpll_wrapper_inst/dpll_single_clock_core_stage_a_inst/post_iq_cic_inst/p_2_in
    SLICE_X38Y65         LUT5 (Prop_lut5_I1_O)        0.124     1.997 r  dpll_wrapper_inst/dpll_single_clock_core_stage_a_inst/post_iq_cic_inst/active_rounding_bias[44]_i_1/O
                         net (fo=45, routed)          2.305     4.302    dpll_wrapper_inst/dpll_single_clock_core_stage_a_inst/post_iq_cic_inst/active_rounding_bias[44]_i_1_n_0
    SLICE_X26Y97         FDRE                                         r  dpll_wrapper_inst/dpll_single_clock_core_stage_a_inst/post_iq_cic_inst/active_rounding_bias_reg[42]/R
  -------------------------------------------------------------------    -------------------

                         (clock pll_adc_clk rise edge)
                                                      8.000     8.000 r  
    U18                                               0.000     8.000 r  adc_clk_p_i (IN)
                         net (fo=0)                   0.000     8.000    adc_clk_p_i
    U18                  IBUFDS (Prop_ibufds_I_O)     0.940     8.940 r  i_clk/O
                         net (fo=250, routed)         1.181    10.121    pll/CLK
    PLLE2_ADV_X0Y0       PLLE2_ADV (Prop_plle2_adv_CLKIN1_CLKOUT0)
                                                     -7.650     2.470 r  pll/pll/CLKOUT0
                         net (fo=1, routed)           1.594     4.065    lopt
    BUFGCTRL_X0Y0        BUFG (Prop_bufg_I_O)         0.091     4.156 r  bufg_adc_clk/O
                         net (fo=11053, routed)       1.490     5.645    dpll_wrapper_inst/dpll_single_clock_core_stage_a_inst/post_iq_cic_inst/adc_clk
    SLICE_X26Y97         FDRE                                         r  dpll_wrapper_inst/dpll_single_clock_core_stage_a_inst/post_iq_cic_inst/active_rounding_bias_reg[42]/C
                         clock pessimism             -0.544     5.101    
                         clock uncertainty           -0.069     5.032    
    SLICE_X26Y97         FDRE (Setup_fdre_C_R)       -0.429     4.603    dpll_wrapper_inst/dpll_single_clock_core_stage_a_inst/post_iq_cic_inst/active_rounding_bias_reg[42]
  -------------------------------------------------------------------
                         required time                          4.603    
                         arrival time                          -4.302    
  -------------------------------------------------------------------
                         slack                                  0.301    

Slack (MET) :             0.305ns  (required time - arrival time)
  Source:                 dpll_wrapper_inst/reg_cic_rate/output_reg[6]/C
                            (rising edge-triggered cell FDRE clocked by pll_adc_clk  {rise@0.000ns fall@4.000ns period=8.000ns})
  Destination:            dpll_wrapper_inst/dpll_single_clock_core_stage_a_inst/post_iq_cic_inst/active_rounding_bias_reg[33]/R
                            (rising edge-triggered cell FDRE clocked by pll_adc_clk  {rise@0.000ns fall@4.000ns period=8.000ns})
  Path Group:             pll_adc_clk
  Path Type:              Setup (Max at Slow Process Corner)
  Requirement:            8.000ns  (pll_adc_clk rise@8.000ns - pll_adc_clk rise@0.000ns)
  Data Path Delay:        7.019ns  (logic 0.890ns (12.679%)  route 6.129ns (87.321%))
  Logic Levels:           3  (LUT2=1 LUT5=1 LUT6=1)
  Clock Path Skew:        -0.177ns (DCD - SCD + CPR)
    Destination Clock Delay (DCD):    -2.355ns = ( 5.645 - 8.000 ) 
    Source Clock Delay      (SCD):    -2.722ns
    Clock Pessimism Removal (CPR):    -0.544ns
  Clock Uncertainty:      0.069ns  ((TSJ^2 + DJ^2)^1/2) / 2 + PE
    Total System Jitter     (TSJ):    0.071ns
    Discrete Jitter          (DJ):    0.118ns
    Phase Error              (PE):    0.000ns

    Location             Delay type                Incr(ns)  Path(ns)    Netlist Resource(s)
  -------------------------------------------------------------------    -------------------
                         (clock pll_adc_clk rise edge)
                                                      0.000     0.000 r  
    U18                                               0.000     0.000 r  adc_clk_p_i (IN)
                         net (fo=0)                   0.000     0.000    adc_clk_p_i
    U18                  IBUFDS (Prop_ibufds_I_O)     0.983     0.983 r  i_clk/O
                         net (fo=250, routed)         1.306     2.289    pll/CLK
    PLLE2_ADV_X0Y0       PLLE2_ADV (Prop_plle2_adv_CLKIN1_CLKOUT0)
                                                     -8.533    -6.244 r  pll/pll/CLKOUT0
                         net (fo=1, routed)           1.754    -4.490    lopt
    BUFGCTRL_X0Y0        BUFG (Prop_bufg_I_O)         0.101    -4.389 r  bufg_adc_clk/O
                         net (fo=11053, routed)       1.667    -2.722    dpll_wrapper_inst/reg_cic_rate/adc_clk
    SLICE_X32Y34         FDRE                                         r  dpll_wrapper_inst/reg_cic_rate/output_reg[6]/C
  -------------------------------------------------------------------    -------------------
    SLICE_X32Y34         FDRE (Prop_fdre_C_Q)         0.518    -2.204 r  dpll_wrapper_inst/reg_cic_rate/output_reg[6]/Q
                         net (fo=3, routed)           1.202    -1.002    dpll_wrapper_inst/reg_cic_rate/Q[6]
    SLICE_X30Y30         LUT2 (Prop_lut2_I0_O)        0.124    -0.878 r  dpll_wrapper_inst/reg_cic_rate/active_rate_r[8]_i_4/O
                         net (fo=1, routed)           0.855    -0.023    dpll_wrapper_inst/reg_cic_rate/active_rate_r[8]_i_4_n_0
    SLICE_X30Y42         LUT6 (Prop_lut6_I5_O)        0.124     0.101 r  dpll_wrapper_inst/reg_cic_rate/active_rate_r[8]_i_2/O
                         net (fo=4, routed)           1.771     1.873    dpll_wrapper_inst/dpll_single_clock_core_stage_a_inst/post_iq_cic_inst/p_2_in
    SLICE_X38Y65         LUT5 (Prop_lut5_I1_O)        0.124     1.997 r  dpll_wrapper_inst/dpll_single_clock_core_stage_a_inst/post_iq_cic_inst/active_rounding_bias[44]_i_1/O
                         net (fo=45, routed)          2.301     4.297    dpll_wrapper_inst/dpll_single_clock_core_stage_a_inst/post_iq_cic_inst/active_rounding_bias[44]_i_1_n_0
    SLICE_X27Y97         FDRE                                         r  dpll_wrapper_inst/dpll_single_clock_core_stage_a_inst/post_iq_cic_inst/active_rounding_bias_reg[33]/R
  -------------------------------------------------------------------    -------------------

                         (clock pll_adc_clk rise edge)
                                                      8.000     8.000 r  
    U18                                               0.000     8.000 r  adc_clk_p_i (IN)
                         net (fo=0)                   0.000     8.000    adc_clk_p_i
    U18                  IBUFDS (Prop_ibufds_I_O)     0.940     8.940 r  i_clk/O
                         net (fo=250, routed)         1.181    10.121    pll/CLK
    PLLE2_ADV_X0Y0       PLLE2_ADV (Prop_plle2_adv_CLKIN1_CLKOUT0)
                                                     -7.650     2.470 r  pll/pll/CLKOUT0
                         net (fo=1, routed)           1.594     4.065    lopt
    BUFGCTRL_X0Y0        BUFG (Prop_bufg_I_O)         0.091     4.156 r  bufg_adc_clk/O
                         net (fo=11053, routed)       1.490     5.645    dpll_wrapper_inst/dpll_single_clock_core_stage_a_inst/post_iq_cic_inst/adc_clk
    SLICE_X27Y97         FDRE                                         r  dpll_wrapper_inst/dpll_single_clock_core_stage_a_inst/post_iq_cic_inst/active_rounding_bias_reg[33]/C
                         clock pessimism             -0.544     5.101    
                         clock uncertainty           -0.069     5.032    
    SLICE_X27Y97         FDRE (Setup_fdre_C_R)       -0.429     4.603    dpll_wrapper_inst/dpll_single_clock_core_stage_a_inst/post_iq_cic_inst/active_rounding_bias_reg[33]
  -------------------------------------------------------------------
                         required time                          4.603    
                         arrival time                          -4.297    
  -------------------------------------------------------------------
                         slack                                  0.305    

Slack (MET) :             0.305ns  (required time - arrival time)
  Source:                 dpll_wrapper_inst/reg_cic_rate/output_reg[6]/C
                            (rising edge-triggered cell FDRE clocked by pll_adc_clk  {rise@0.000ns fall@4.000ns period=8.000ns})
  Destination:            dpll_wrapper_inst/dpll_single_clock_core_stage_a_inst/post_iq_cic_inst/active_rounding_bias_reg[34]/R
                            (rising edge-triggered cell FDRE clocked by pll_adc_clk  {rise@0.000ns fall@4.000ns period=8.000ns})
  Path Group:             pll_adc_clk
  Path Type:              Setup (Max at Slow Process Corner)
  Requirement:            8.000ns  (pll_adc_clk rise@8.000ns - pll_adc_clk rise@0.000ns)
  Data Path Delay:        7.019ns  (logic 0.890ns (12.679%)  route 6.129ns (87.321%))
  Logic Levels:           3  (LUT2=1 LUT5=1 LUT6=1)
  Clock Path Skew:        -0.177ns (DCD - SCD + CPR)
    Destination Clock Delay (DCD):    -2.355ns = ( 5.645 - 8.000 ) 
    Source Clock Delay      (SCD):    -2.722ns
    Clock Pessimism Removal (CPR):    -0.544ns
  Clock Uncertainty:      0.069ns  ((TSJ^2 + DJ^2)^1/2) / 2 + PE
    Total System Jitter     (TSJ):    0.071ns
    Discrete Jitter          (DJ):    0.118ns
    Phase Error              (PE):    0.000ns

    Location             Delay type                Incr(ns)  Path(ns)    Netlist Resource(s)
  -------------------------------------------------------------------    -------------------
                         (clock pll_adc_clk rise edge)
                                                      0.000     0.000 r  
    U18                                               0.000     0.000 r  adc_clk_p_i (IN)
                         net (fo=0)                   0.000     0.000    adc_clk_p_i
    U18                  IBUFDS (Prop_ibufds_I_O)     0.983     0.983 r  i_clk/O
                         net (fo=250, routed)         1.306     2.289    pll/CLK
    PLLE2_ADV_X0Y0       PLLE2_ADV (Prop_plle2_adv_CLKIN1_CLKOUT0)
                                                     -8.533    -6.244 r  pll/pll/CLKOUT0
                         net (fo=1, routed)           1.754    -4.490    lopt
    BUFGCTRL_X0Y0        BUFG (Prop_bufg_I_O)         0.101    -4.389 r  bufg_adc_clk/O
                         net (fo=11053, routed)       1.667    -2.722    dpll_wrapper_inst/reg_cic_rate/adc_clk
    SLICE_X32Y34         FDRE                                         r  dpll_wrapper_inst/reg_cic_rate/output_reg[6]/C
  -------------------------------------------------------------------    -------------------
    SLICE_X32Y34         FDRE (Prop_fdre_C_Q)         0.518    -2.204 r  dpll_wrapper_inst/reg_cic_rate/output_reg[6]/Q
                         net (fo=3, routed)           1.202    -1.002    dpll_wrapper_inst/reg_cic_rate/Q[6]
    SLICE_X30Y30         LUT2 (Prop_lut2_I0_O)        0.124    -0.878 r  dpll_wrapper_inst/reg_cic_rate/active_rate_r[8]_i_4/O
                         net (fo=1, routed)           0.855    -0.023    dpll_wrapper_inst/reg_cic_rate/active_rate_r[8]_i_4_n_0
    SLICE_X30Y42         LUT6 (Prop_lut6_I5_O)        0.124     0.101 r  dpll_wrapper_inst/reg_cic_rate/active_rate_r[8]_i_2/O
                         net (fo=4, routed)           1.771     1.873    dpll_wrapper_inst/dpll_single_clock_core_stage_a_inst/post_iq_cic_inst/p_2_in
    SLICE_X38Y65         LUT5 (Prop_lut5_I1_O)        0.124     1.997 r  dpll_wrapper_inst/dpll_single_clock_core_stage_a_inst/post_iq_cic_inst/active_rounding_bias[44]_i_1/O
                         net (fo=45, routed)          2.301     4.297    dpll_wrapper_inst/dpll_single_clock_core_stage_a_inst/post_iq_cic_inst/active_rounding_bias[44]_i_1_n_0
    SLICE_X27Y97         FDRE                                         r  dpll_wrapper_inst/dpll_single_clock_core_stage_a_inst/post_iq_cic_inst/active_rounding_bias_reg[34]/R
  -------------------------------------------------------------------    -------------------

                         (clock pll_adc_clk rise edge)
                                                      8.000     8.000 r  
    U18                                               0.000     8.000 r  adc_clk_p_i (IN)
                         net (fo=0)                   0.000     8.000    adc_clk_p_i
    U18                  IBUFDS (Prop_ibufds_I_O)     0.940     8.940 r  i_clk/O
                         net (fo=250, routed)         1.181    10.121    pll/CLK
    PLLE2_ADV_X0Y0       PLLE2_ADV (Prop_plle2_adv_CLKIN1_CLKOUT0)
                                                     -7.650     2.470 r  pll/pll/CLKOUT0
                         net (fo=1, routed)           1.594     4.065    lopt
    BUFGCTRL_X0Y0        BUFG (Prop_bufg_I_O)         0.091     4.156 r  bufg_adc_clk/O
                         net (fo=11053, routed)       1.490     5.645    dpll_wrapper_inst/dpll_single_clock_core_stage_a_inst/post_iq_cic_inst/adc_clk
    SLICE_X27Y97         FDRE                                         r  dpll_wrapper_inst/dpll_single_clock_core_stage_a_inst/post_iq_cic_inst/active_rounding_bias_reg[34]/C
                         clock pessimism             -0.544     5.101    
                         clock uncertainty           -0.069     5.032    
    SLICE_X27Y97         FDRE (Setup_fdre_C_R)       -0.429     4.603    dpll_wrapper_inst/dpll_single_clock_core_stage_a_inst/post_iq_cic_inst/active_rounding_bias_reg[34]
  -------------------------------------------------------------------
                         required time                          4.603    
                         arrival time                          -4.297    
  -------------------------------------------------------------------
                         slack                                  0.305    

Slack (MET) :             0.305ns  (required time - arrival time)
  Source:                 dpll_wrapper_inst/reg_cic_rate/output_reg[6]/C
                            (rising edge-triggered cell FDRE clocked by pll_adc_clk  {rise@0.000ns fall@4.000ns period=8.000ns})
  Destination:            dpll_wrapper_inst/dpll_single_clock_core_stage_a_inst/post_iq_cic_inst/active_rounding_bias_reg[35]/R
                            (rising edge-triggered cell FDRE clocked by pll_adc_clk  {rise@0.000ns fall@4.000ns period=8.000ns})
  Path Group:             pll_adc_clk
  Path Type:              Setup (Max at Slow Process Corner)
  Requirement:            8.000ns  (pll_adc_clk rise@8.000ns - pll_adc_clk rise@0.000ns)
  Data Path Delay:        7.019ns  (logic 0.890ns (12.679%)  route 6.129ns (87.321%))
  Logic Levels:           3  (LUT2=1 LUT5=1 LUT6=1)
  Clock Path Skew:        -0.177ns (DCD - SCD + CPR)
    Destination Clock Delay (DCD):    -2.355ns = ( 5.645 - 8.000 ) 
    Source Clock Delay      (SCD):    -2.722ns
    Clock Pessimism Removal (CPR):    -0.544ns
  Clock Uncertainty:      0.069ns  ((TSJ^2 + DJ^2)^1/2) / 2 + PE
    Total System Jitter     (TSJ):    0.071ns
    Discrete Jitter          (DJ):    0.118ns
    Phase Error              (PE):    0.000ns

    Location             Delay type                Incr(ns)  Path(ns)    Netlist Resource(s)
  -------------------------------------------------------------------    -------------------
                         (clock pll_adc_clk rise edge)
                                                      0.000     0.000 r  
    U18                                               0.000     0.000 r  adc_clk_p_i (IN)
                         net (fo=0)                   0.000     0.000    adc_clk_p_i
    U18                  IBUFDS (Prop_ibufds_I_O)     0.983     0.983 r  i_clk/O
                         net (fo=250, routed)         1.306     2.289    pll/CLK
    PLLE2_ADV_X0Y0       PLLE2_ADV (Prop_plle2_adv_CLKIN1_CLKOUT0)
                                                     -8.533    -6.244 r  pll/pll/CLKOUT0
                         net (fo=1, routed)           1.754    -4.490    lopt
    BUFGCTRL_X0Y0        BUFG (Prop_bufg_I_O)         0.101    -4.389 r  bufg_adc_clk/O
                         net (fo=11053, routed)       1.667    -2.722    dpll_wrapper_inst/reg_cic_rate/adc_clk
    SLICE_X32Y34         FDRE                                         r  dpll_wrapper_inst/reg_cic_rate/output_reg[6]/C
  -------------------------------------------------------------------    -------------------
    SLICE_X32Y34         FDRE (Prop_fdre_C_Q)         0.518    -2.204 r  dpll_wrapper_inst/reg_cic_rate/output_reg[6]/Q
                         net (fo=3, routed)           1.202    -1.002    dpll_wrapper_inst/reg_cic_rate/Q[6]
    SLICE_X30Y30         LUT2 (Prop_lut2_I0_O)        0.124    -0.878 r  dpll_wrapper_inst/reg_cic_rate/active_rate_r[8]_i_4/O
                         net (fo=1, routed)           0.855    -0.023    dpll_wrapper_inst/reg_cic_rate/active_rate_r[8]_i_4_n_0
    SLICE_X30Y42         LUT6 (Prop_lut6_I5_O)        0.124     0.101 r  dpll_wrapper_inst/reg_cic_rate/active_rate_r[8]_i_2/O
                         net (fo=4, routed)           1.771     1.873    dpll_wrapper_inst/dpll_single_clock_core_stage_a_inst/post_iq_cic_inst/p_2_in
    SLICE_X38Y65         LUT5 (Prop_lut5_I1_O)        0.124     1.997 r  dpll_wrapper_inst/dpll_single_clock_core_stage_a_inst/post_iq_cic_inst/active_rounding_bias[44]_i_1/O
                         net (fo=45, routed)          2.301     4.297    dpll_wrapper_inst/dpll_single_clock_core_stage_a_inst/post_iq_cic_inst/active_rounding_bias[44]_i_1_n_0
    SLICE_X27Y97         FDRE                                         r  dpll_wrapper_inst/dpll_single_clock_core_stage_a_inst/post_iq_cic_inst/active_rounding_bias_reg[35]/R
  -------------------------------------------------------------------    -------------------

                         (clock pll_adc_clk rise edge)
                                                      8.000     8.000 r  
    U18                                               0.000     8.000 r  adc_clk_p_i (IN)
                         net (fo=0)                   0.000     8.000    adc_clk_p_i
    U18                  IBUFDS (Prop_ibufds_I_O)     0.940     8.940 r  i_clk/O
                         net (fo=250, routed)         1.181    10.121    pll/CLK
    PLLE2_ADV_X0Y0       PLLE2_ADV (Prop_plle2_adv_CLKIN1_CLKOUT0)
                                                     -7.650     2.470 r  pll/pll/CLKOUT0
                         net (fo=1, routed)           1.594     4.065    lopt
    BUFGCTRL_X0Y0        BUFG (Prop_bufg_I_O)         0.091     4.156 r  bufg_adc_clk/O
                         net (fo=11053, routed)       1.490     5.645    dpll_wrapper_inst/dpll_single_clock_core_stage_a_inst/post_iq_cic_inst/adc_clk
    SLICE_X27Y97         FDRE                                         r  dpll_wrapper_inst/dpll_single_clock_core_stage_a_inst/post_iq_cic_inst/active_rounding_bias_reg[35]/C
                         clock pessimism             -0.544     5.101    
                         clock uncertainty           -0.069     5.032    
    SLICE_X27Y97         FDRE (Setup_fdre_C_R)       -0.429     4.603    dpll_wrapper_inst/dpll_single_clock_core_stage_a_inst/post_iq_cic_inst/active_rounding_bias_reg[35]
  -------------------------------------------------------------------
                         required time                          4.603    
                         arrival time                          -4.297    
  -------------------------------------------------------------------
                         slack                                  0.305    

Slack (MET) :             0.305ns  (required time - arrival time)
  Source:                 dpll_wrapper_inst/reg_cic_rate/output_reg[6]/C
                            (rising edge-triggered cell FDRE clocked by pll_adc_clk  {rise@0.000ns fall@4.000ns period=8.000ns})
  Destination:            dpll_wrapper_inst/dpll_single_clock_core_stage_a_inst/post_iq_cic_inst/active_rounding_bias_reg[38]/R
                            (rising edge-triggered cell FDRE clocked by pll_adc_clk  {rise@0.000ns fall@4.000ns period=8.000ns})
  Path Group:             pll_adc_clk
  Path Type:              Setup (Max at Slow Process Corner)
  Requirement:            8.000ns  (pll_adc_clk rise@8.000ns - pll_adc_clk rise@0.000ns)
  Data Path Delay:        7.019ns  (logic 0.890ns (12.679%)  route 6.129ns (87.321%))
  Logic Levels:           3  (LUT2=1 LUT5=1 LUT6=1)
  Clock Path Skew:        -0.177ns (DCD - SCD + CPR)
    Destination Clock Delay (DCD):    -2.355ns = ( 5.645 - 8.000 ) 
    Source Clock Delay      (SCD):    -2.722ns
    Clock Pessimism Removal (CPR):    -0.544ns
  Clock Uncertainty:      0.069ns  ((TSJ^2 + DJ^2)^1/2) / 2 + PE
    Total System Jitter     (TSJ):    0.071ns
    Discrete Jitter          (DJ):    0.118ns
    Phase Error              (PE):    0.000ns

    Location             Delay type                Incr(ns)  Path(ns)    Netlist Resource(s)
  -------------------------------------------------------------------    -------------------
                         (clock pll_adc_clk rise edge)
                                                      0.000     0.000 r  
    U18                                               0.000     0.000 r  adc_clk_p_i (IN)
                         net (fo=0)                   0.000     0.000    adc_clk_p_i
    U18                  IBUFDS (Prop_ibufds_I_O)     0.983     0.983 r  i_clk/O
                         net (fo=250, routed)         1.306     2.289    pll/CLK
    PLLE2_ADV_X0Y0       PLLE2_ADV (Prop_plle2_adv_CLKIN1_CLKOUT0)
                                                     -8.533    -6.244 r  pll/pll/CLKOUT0
                         net (fo=1, routed)           1.754    -4.490    lopt
    BUFGCTRL_X0Y0        BUFG (Prop_bufg_I_O)         0.101    -4.389 r  bufg_adc_clk/O
                         net (fo=11053, routed)       1.667    -2.722    dpll_wrapper_inst/reg_cic_rate/adc_clk
    SLICE_X32Y34         FDRE                                         r  dpll_wrapper_inst/reg_cic_rate/output_reg[6]/C
  -------------------------------------------------------------------    -------------------
    SLICE_X32Y34         FDRE (Prop_fdre_C_Q)         0.518    -2.204 r  dpll_wrapper_inst/reg_cic_rate/output_reg[6]/Q
                         net (fo=3, routed)           1.202    -1.002    dpll_wrapper_inst/reg_cic_rate/Q[6]
    SLICE_X30Y30         LUT2 (Prop_lut2_I0_O)        0.124    -0.878 r  dpll_wrapper_inst/reg_cic_rate/active_rate_r[8]_i_4/O
                         net (fo=1, routed)           0.855    -0.023    dpll_wrapper_inst/reg_cic_rate/active_rate_r[8]_i_4_n_0
    SLICE_X30Y42         LUT6 (Prop_lut6_I5_O)        0.124     0.101 r  dpll_wrapper_inst/reg_cic_rate/active_rate_r[8]_i_2/O
                         net (fo=4, routed)           1.771     1.873    dpll_wrapper_inst/dpll_single_clock_core_stage_a_inst/post_iq_cic_inst/p_2_in
    SLICE_X38Y65         LUT5 (Prop_lut5_I1_O)        0.124     1.997 r  dpll_wrapper_inst/dpll_single_clock_core_stage_a_inst/post_iq_cic_inst/active_rounding_bias[44]_i_1/O
                         net (fo=45, routed)          2.301     4.297    dpll_wrapper_inst/dpll_single_clock_core_stage_a_inst/post_iq_cic_inst/active_rounding_bias[44]_i_1_n_0
    SLICE_X27Y97         FDRE                                         r  dpll_wrapper_inst/dpll_single_clock_core_stage_a_inst/post_iq_cic_inst/active_rounding_bias_reg[38]/R
  -------------------------------------------------------------------    -------------------

                         (clock pll_adc_clk rise edge)
                                                      8.000     8.000 r  
    U18                                               0.000     8.000 r  adc_clk_p_i (IN)
                         net (fo=0)                   0.000     8.000    adc_clk_p_i
    U18                  IBUFDS (Prop_ibufds_I_O)     0.940     8.940 r  i_clk/O
                         net (fo=250, routed)         1.181    10.121    pll/CLK
    PLLE2_ADV_X0Y0       PLLE2_ADV (Prop_plle2_adv_CLKIN1_CLKOUT0)
                                                     -7.650     2.470 r  pll/pll/CLKOUT0
                         net (fo=1, routed)           1.594     4.065    lopt
    BUFGCTRL_X0Y0        BUFG (Prop_bufg_I_O)         0.091     4.156 r  bufg_adc_clk/O
                         net (fo=11053, routed)       1.490     5.645    dpll_wrapper_inst/dpll_single_clock_core_stage_a_inst/post_iq_cic_inst/adc_clk
    SLICE_X27Y97         FDRE                                         r  dpll_wrapper_inst/dpll_single_clock_core_stage_a_inst/post_iq_cic_inst/active_rounding_bias_reg[38]/C
                         clock pessimism             -0.544     5.101    
                         clock uncertainty           -0.069     5.032    
    SLICE_X27Y97         FDRE (Setup_fdre_C_R)       -0.429     4.603    dpll_wrapper_inst/dpll_single_clock_core_stage_a_inst/post_iq_cic_inst/active_rounding_bias_reg[38]
  -------------------------------------------------------------------
                         required time                          4.603    
                         arrival time                          -4.297    
  -------------------------------------------------------------------
                         slack                                  0.305    

Slack (MET) :             0.322ns  (required time - arrival time)
  Source:                 dpll_wrapper_inst/dpll_single_clock_core_stage_a_inst/fll_phase_difference_inst/freq_error_reg[17]/C
                            (rising edge-triggered cell FDRE clocked by pll_adc_clk  {rise@0.000ns fall@4.000ns period=8.000ns})
  Destination:            dpll_wrapper_inst/sys_rdata_reg[20]/D
                            (rising edge-triggered cell FDRE clocked by pll_adc_clk  {rise@0.000ns fall@4.000ns period=8.000ns})
  Path Group:             pll_adc_clk
  Path Type:              Setup (Max at Slow Process Corner)
  Requirement:            8.000ns  (pll_adc_clk rise@8.000ns - pll_adc_clk rise@0.000ns)
  Data Path Delay:        7.433ns  (logic 0.952ns (12.808%)  route 6.481ns (87.192%))
  Logic Levels:           4  (LUT4=1 LUT5=1 LUT6=2)
  Clock Path Skew:        -0.254ns (DCD - SCD + CPR)
    Destination Clock Delay (DCD):    -2.359ns = ( 5.641 - 8.000 ) 
    Source Clock Delay      (SCD):    -2.650ns
    Clock Pessimism Removal (CPR):    -0.544ns
  Clock Uncertainty:      0.069ns  ((TSJ^2 + DJ^2)^1/2) / 2 + PE
    Total System Jitter     (TSJ):    0.071ns
    Discrete Jitter          (DJ):    0.118ns
    Phase Error              (PE):    0.000ns

    Location             Delay type                Incr(ns)  Path(ns)    Netlist Resource(s)
  -------------------------------------------------------------------    -------------------
                         (clock pll_adc_clk rise edge)
                                                      0.000     0.000 r  
    U18                                               0.000     0.000 r  adc_clk_p_i (IN)
                         net (fo=0)                   0.000     0.000    adc_clk_p_i
    U18                  IBUFDS (Prop_ibufds_I_O)     0.983     0.983 r  i_clk/O
                         net (fo=250, routed)         1.306     2.289    pll/CLK
    PLLE2_ADV_X0Y0       PLLE2_ADV (Prop_plle2_adv_CLKIN1_CLKOUT0)
                                                     -8.533    -6.244 r  pll/pll/CLKOUT0
                         net (fo=1, routed)           1.754    -4.490    lopt
    BUFGCTRL_X0Y0        BUFG (Prop_bufg_I_O)         0.101    -4.389 r  bufg_adc_clk/O
                         net (fo=11053, routed)       1.739    -2.650    dpll_wrapper_inst/dpll_single_clock_core_stage_a_inst/fll_phase_difference_inst/adc_clk
    SLICE_X37Y60         FDRE                                         r  dpll_wrapper_inst/dpll_single_clock_core_stage_a_inst/fll_phase_difference_inst/freq_error_reg[17]/C
  -------------------------------------------------------------------    -------------------
    SLICE_X37Y60         FDRE (Prop_fdre_C_Q)         0.456    -2.194 r  dpll_wrapper_inst/dpll_single_clock_core_stage_a_inst/fll_phase_difference_inst/freq_error_reg[17]/Q
                         net (fo=23, routed)          4.320     2.126    i_ps/axi_slave_gp0/freq_error[0]
    SLICE_X21Y29         LUT6 (Prop_lut6_I2_O)        0.124     2.250 r  i_ps/axi_slave_gp0/sys_rdata[31]_i_21/O
                         net (fo=12, routed)          1.260     3.510    i_ps/axi_slave_gp0/sys_rdata[31]_i_21_n_0
    SLICE_X28Y31         LUT5 (Prop_lut5_I2_O)        0.124     3.634 r  i_ps/axi_slave_gp0/sys_rdata[20]_i_6/O
                         net (fo=1, routed)           0.449     4.083    i_ps/axi_slave_gp0/sys_rdata[20]_i_6_n_0
    SLICE_X28Y30         LUT4 (Prop_lut4_I3_O)        0.124     4.207 r  i_ps/axi_slave_gp0/sys_rdata[20]_i_2/O
                         net (fo=1, routed)           0.452     4.659    i_ps/axi_slave_gp0/sys_rdata[20]_i_2_n_0
    SLICE_X28Y27         LUT6 (Prop_lut6_I0_O)        0.124     4.783 r  i_ps/axi_slave_gp0/sys_rdata[20]_i_1/O
                         net (fo=1, routed)           0.000     4.783    dpll_wrapper_inst/sys_rdata_reg[31]_2[20]
    SLICE_X28Y27         FDRE                                         r  dpll_wrapper_inst/sys_rdata_reg[20]/D
  -------------------------------------------------------------------    -------------------

                         (clock pll_adc_clk rise edge)
                                                      8.000     8.000 r  
    U18                                               0.000     8.000 r  adc_clk_p_i (IN)
                         net (fo=0)                   0.000     8.000    adc_clk_p_i
    U18                  IBUFDS (Prop_ibufds_I_O)     0.940     8.940 r  i_clk/O
                         net (fo=250, routed)         1.181    10.121    pll/CLK
    PLLE2_ADV_X0Y0       PLLE2_ADV (Prop_plle2_adv_CLKIN1_CLKOUT0)
                                                     -7.650     2.470 r  pll/pll/CLKOUT0
                         net (fo=1, routed)           1.594     4.065    lopt
    BUFGCTRL_X0Y0        BUFG (Prop_bufg_I_O)         0.091     4.156 r  bufg_adc_clk/O
                         net (fo=11053, routed)       1.485     5.641    dpll_wrapper_inst/adc_clk
    SLICE_X28Y27         FDRE                                         r  dpll_wrapper_inst/sys_rdata_reg[20]/C
                         clock pessimism             -0.544     5.097    
                         clock uncertainty           -0.069     5.028    
    SLICE_X28Y27         FDRE (Setup_fdre_C_D)        0.077     5.105    dpll_wrapper_inst/sys_rdata_reg[20]
  -------------------------------------------------------------------
                         required time                          5.105    
                         arrival time                          -4.783    
  -------------------------------------------------------------------
                         slack                                  0.322    

Slack (MET) :             0.324ns  (required time - arrival time)
  Source:                 dpll_wrapper_inst/dpll_single_clock_core_stage_a_inst/rst_state_r_reg/C
                            (rising edge-triggered cell FDRE clocked by pll_adc_clk  {rise@0.000ns fall@4.000ns period=8.000ns})
  Destination:            dpll_wrapper_inst/dpll_single_clock_core_stage_a_inst/loop_state_manager_inst/bad_count_reg[13]/R
                            (rising edge-triggered cell FDRE clocked by pll_adc_clk  {rise@0.000ns fall@4.000ns period=8.000ns})
  Path Group:             pll_adc_clk
  Path Type:              Setup (Max at Slow Process Corner)
  Requirement:            8.000ns  (pll_adc_clk rise@8.000ns - pll_adc_clk rise@0.000ns)
  Data Path Delay:        6.852ns  (logic 0.715ns (10.436%)  route 6.137ns (89.564%))
  Logic Levels:           1  (LUT5=1)
  Clock Path Skew:        -0.231ns (DCD - SCD + CPR)
    Destination Clock Delay (DCD):    -2.348ns = ( 5.652 - 8.000 ) 
    Source Clock Delay      (SCD):    -2.647ns
    Clock Pessimism Removal (CPR):    -0.530ns
  Clock Uncertainty:      0.069ns  ((TSJ^2 + DJ^2)^1/2) / 2 + PE
    Total System Jitter     (TSJ):    0.071ns
    Discrete Jitter          (DJ):    0.118ns
    Phase Error              (PE):    0.000ns

    Location             Delay type                Incr(ns)  Path(ns)    Netlist Resource(s)
  -------------------------------------------------------------------    -------------------
                         (clock pll_adc_clk rise edge)
                                                      0.000     0.000 r  
    U18                                               0.000     0.000 r  adc_clk_p_i (IN)
                         net (fo=0)                   0.000     0.000    adc_clk_p_i
    U18                  IBUFDS (Prop_ibufds_I_O)     0.983     0.983 r  i_clk/O
                         net (fo=250, routed)         1.306     2.289    pll/CLK
    PLLE2_ADV_X0Y0       PLLE2_ADV (Prop_plle2_adv_CLKIN1_CLKOUT0)
                                                     -8.533    -6.244 r  pll/pll/CLKOUT0
                         net (fo=1, routed)           1.754    -4.490    lopt
    BUFGCTRL_X0Y0        BUFG (Prop_bufg_I_O)         0.101    -4.389 r  bufg_adc_clk/O
                         net (fo=11053, routed)       1.742    -2.647    dpll_wrapper_inst/dpll_single_clock_core_stage_a_inst/adc_clk
    SLICE_X36Y52         FDRE                                         r  dpll_wrapper_inst/dpll_single_clock_core_stage_a_inst/rst_state_r_reg/C
  -------------------------------------------------------------------    -------------------
    SLICE_X36Y52         FDRE (Prop_fdre_C_Q)         0.419    -2.228 r  dpll_wrapper_inst/dpll_single_clock_core_stage_a_inst/rst_state_r_reg/Q
                         net (fo=259, routed)         4.076     1.848    dpll_wrapper_inst/dpll_single_clock_core_stage_a_inst/post_iq_cic_inst/good_count_reg[0]
    SLICE_X13Y43         LUT5 (Prop_lut5_I1_O)        0.296     2.144 r  dpll_wrapper_inst/dpll_single_clock_core_stage_a_inst/post_iq_cic_inst/good_count[15]_i_1/O
                         net (fo=37, routed)          2.061     4.205    dpll_wrapper_inst/dpll_single_clock_core_stage_a_inst/loop_state_manager_inst/good_count_reg[0]_0
    SLICE_X6Y51          FDRE                                         r  dpll_wrapper_inst/dpll_single_clock_core_stage_a_inst/loop_state_manager_inst/bad_count_reg[13]/R
  -------------------------------------------------------------------    -------------------

                         (clock pll_adc_clk rise edge)
                                                      8.000     8.000 r  
    U18                                               0.000     8.000 r  adc_clk_p_i (IN)
                         net (fo=0)                   0.000     8.000    adc_clk_p_i
    U18                  IBUFDS (Prop_ibufds_I_O)     0.940     8.940 r  i_clk/O
                         net (fo=250, routed)         1.181    10.121    pll/CLK
    PLLE2_ADV_X0Y0       PLLE2_ADV (Prop_plle2_adv_CLKIN1_CLKOUT0)
                                                     -7.650     2.470 r  pll/pll/CLKOUT0
                         net (fo=1, routed)           1.594     4.065    lopt
    BUFGCTRL_X0Y0        BUFG (Prop_bufg_I_O)         0.091     4.156 r  bufg_adc_clk/O
                         net (fo=11053, routed)       1.497     5.652    dpll_wrapper_inst/dpll_single_clock_core_stage_a_inst/loop_state_manager_inst/adc_clk
    SLICE_X6Y51          FDRE                                         r  dpll_wrapper_inst/dpll_single_clock_core_stage_a_inst/loop_state_manager_inst/bad_count_reg[13]/C
                         clock pessimism             -0.530     5.122    
                         clock uncertainty           -0.069     5.053    
    SLICE_X6Y51          FDRE (Setup_fdre_C_R)       -0.524     4.529    dpll_wrapper_inst/dpll_single_clock_core_stage_a_inst/loop_state_manager_inst/bad_count_reg[13]
  -------------------------------------------------------------------
                         required time                          4.529    
                         arrival time                          -4.205    
  -------------------------------------------------------------------
                         slack                                  0.324    

Slack (MET) :             0.324ns  (required time - arrival time)
  Source:                 dpll_wrapper_inst/dpll_single_clock_core_stage_a_inst/rst_state_r_reg/C
                            (rising edge-triggered cell FDRE clocked by pll_adc_clk  {rise@0.000ns fall@4.000ns period=8.000ns})
  Destination:            dpll_wrapper_inst/dpll_single_clock_core_stage_a_inst/loop_state_manager_inst/bad_count_reg[14]/R
                            (rising edge-triggered cell FDRE clocked by pll_adc_clk  {rise@0.000ns fall@4.000ns period=8.000ns})
  Path Group:             pll_adc_clk
  Path Type:              Setup (Max at Slow Process Corner)
  Requirement:            8.000ns  (pll_adc_clk rise@8.000ns - pll_adc_clk rise@0.000ns)
  Data Path Delay:        6.852ns  (logic 0.715ns (10.436%)  route 6.137ns (89.564%))
  Logic Levels:           1  (LUT5=1)
  Clock Path Skew:        -0.231ns (DCD - SCD + CPR)
    Destination Clock Delay (DCD):    -2.348ns = ( 5.652 - 8.000 ) 
    Source Clock Delay      (SCD):    -2.647ns
    Clock Pessimism Removal (CPR):    -0.530ns
  Clock Uncertainty:      0.069ns  ((TSJ^2 + DJ^2)^1/2) / 2 + PE
    Total System Jitter     (TSJ):    0.071ns
    Discrete Jitter          (DJ):    0.118ns
    Phase Error              (PE):    0.000ns

    Location             Delay type                Incr(ns)  Path(ns)    Netlist Resource(s)
  -------------------------------------------------------------------    -------------------
                         (clock pll_adc_clk rise edge)
                                                      0.000     0.000 r  
    U18                                               0.000     0.000 r  adc_clk_p_i (IN)
                         net (fo=0)                   0.000     0.000    adc_clk_p_i
    U18                  IBUFDS (Prop_ibufds_I_O)     0.983     0.983 r  i_clk/O
                         net (fo=250, routed)         1.306     2.289    pll/CLK
    PLLE2_ADV_X0Y0       PLLE2_ADV (Prop_plle2_adv_CLKIN1_CLKOUT0)
                                                     -8.533    -6.244 r  pll/pll/CLKOUT0
                         net (fo=1, routed)           1.754    -4.490    lopt
    BUFGCTRL_X0Y0        BUFG (Prop_bufg_I_O)         0.101    -4.389 r  bufg_adc_clk/O
                         net (fo=11053, routed)       1.742    -2.647    dpll_wrapper_inst/dpll_single_clock_core_stage_a_inst/adc_clk
    SLICE_X36Y52         FDRE                                         r  dpll_wrapper_inst/dpll_single_clock_core_stage_a_inst/rst_state_r_reg/C
  -------------------------------------------------------------------    -------------------
    SLICE_X36Y52         FDRE (Prop_fdre_C_Q)         0.419    -2.228 r  dpll_wrapper_inst/dpll_single_clock_core_stage_a_inst/rst_state_r_reg/Q
                         net (fo=259, routed)         4.076     1.848    dpll_wrapper_inst/dpll_single_clock_core_stage_a_inst/post_iq_cic_inst/good_count_reg[0]
    SLICE_X13Y43         LUT5 (Prop_lut5_I1_O)        0.296     2.144 r  dpll_wrapper_inst/dpll_single_clock_core_stage_a_inst/post_iq_cic_inst/good_count[15]_i_1/O
                         net (fo=37, routed)          2.061     4.205    dpll_wrapper_inst/dpll_single_clock_core_stage_a_inst/loop_state_manager_inst/good_count_reg[0]_0
    SLICE_X6Y51          FDRE                                         r  dpll_wrapper_inst/dpll_single_clock_core_stage_a_inst/loop_state_manager_inst/bad_count_reg[14]/R
  -------------------------------------------------------------------    -------------------

                         (clock pll_adc_clk rise edge)
                                                      8.000     8.000 r  
    U18                                               0.000     8.000 r  adc_clk_p_i (IN)
                         net (fo=0)                   0.000     8.000    adc_clk_p_i
    U18                  IBUFDS (Prop_ibufds_I_O)     0.940     8.940 r  i_clk/O
                         net (fo=250, routed)         1.181    10.121    pll/CLK
    PLLE2_ADV_X0Y0       PLLE2_ADV (Prop_plle2_adv_CLKIN1_CLKOUT0)
                                                     -7.650     2.470 r  pll/pll/CLKOUT0
                         net (fo=1, routed)           1.594     4.065    lopt
    BUFGCTRL_X0Y0        BUFG (Prop_bufg_I_O)         0.091     4.156 r  bufg_adc_clk/O
                         net (fo=11053, routed)       1.497     5.652    dpll_wrapper_inst/dpll_single_clock_core_stage_a_inst/loop_state_manager_inst/adc_clk
    SLICE_X6Y51          FDRE                                         r  dpll_wrapper_inst/dpll_single_clock_core_stage_a_inst/loop_state_manager_inst/bad_count_reg[14]/C
                         clock pessimism             -0.530     5.122    
                         clock uncertainty           -0.069     5.053    
    SLICE_X6Y51          FDRE (Setup_fdre_C_R)       -0.524     4.529    dpll_wrapper_inst/dpll_single_clock_core_stage_a_inst/loop_state_manager_inst/bad_count_reg[14]
  -------------------------------------------------------------------
                         required time                          4.529    
                         arrival time                          -4.205    
  -------------------------------------------------------------------
                         slack                                  0.324    

Slack (MET) :             0.324ns  (required time - arrival time)
  Source:                 dpll_wrapper_inst/dpll_single_clock_core_stage_a_inst/rst_state_r_reg/C
                            (rising edge-triggered cell FDRE clocked by pll_adc_clk  {rise@0.000ns fall@4.000ns period=8.000ns})
  Destination:            dpll_wrapper_inst/dpll_single_clock_core_stage_a_inst/loop_state_manager_inst/bad_count_reg[15]/R
                            (rising edge-triggered cell FDRE clocked by pll_adc_clk  {rise@0.000ns fall@4.000ns period=8.000ns})
  Path Group:             pll_adc_clk
  Path Type:              Setup (Max at Slow Process Corner)
  Requirement:            8.000ns  (pll_adc_clk rise@8.000ns - pll_adc_clk rise@0.000ns)
  Data Path Delay:        6.852ns  (logic 0.715ns (10.436%)  route 6.137ns (89.564%))
  Logic Levels:           1  (LUT5=1)
  Clock Path Skew:        -0.231ns (DCD - SCD + CPR)
    Destination Clock Delay (DCD):    -2.348ns = ( 5.652 - 8.000 ) 
    Source Clock Delay      (SCD):    -2.647ns
    Clock Pessimism Removal (CPR):    -0.530ns
  Clock Uncertainty:      0.069ns  ((TSJ^2 + DJ^2)^1/2) / 2 + PE
    Total System Jitter     (TSJ):    0.071ns
    Discrete Jitter          (DJ):    0.118ns
    Phase Error              (PE):    0.000ns

    Location             Delay type                Incr(ns)  Path(ns)    Netlist Resource(s)
  -------------------------------------------------------------------    -------------------
                         (clock pll_adc_clk rise edge)
                                                      0.000     0.000 r  
    U18                                               0.000     0.000 r  adc_clk_p_i (IN)
                         net (fo=0)                   0.000     0.000    adc_clk_p_i
    U18                  IBUFDS (Prop_ibufds_I_O)     0.983     0.983 r  i_clk/O
                         net (fo=250, routed)         1.306     2.289    pll/CLK
    PLLE2_ADV_X0Y0       PLLE2_ADV (Prop_plle2_adv_CLKIN1_CLKOUT0)
                                                     -8.533    -6.244 r  pll/pll/CLKOUT0
                         net (fo=1, routed)           1.754    -4.490    lopt
    BUFGCTRL_X0Y0        BUFG (Prop_bufg_I_O)         0.101    -4.389 r  bufg_adc_clk/O
                         net (fo=11053, routed)       1.742    -2.647    dpll_wrapper_inst/dpll_single_clock_core_stage_a_inst/adc_clk
    SLICE_X36Y52         FDRE                                         r  dpll_wrapper_inst/dpll_single_clock_core_stage_a_inst/rst_state_r_reg/C
  -------------------------------------------------------------------    -------------------
    SLICE_X36Y52         FDRE (Prop_fdre_C_Q)         0.419    -2.228 r  dpll_wrapper_inst/dpll_single_clock_core_stage_a_inst/rst_state_r_reg/Q
                         net (fo=259, routed)         4.076     1.848    dpll_wrapper_inst/dpll_single_clock_core_stage_a_inst/post_iq_cic_inst/good_count_reg[0]
    SLICE_X13Y43         LUT5 (Prop_lut5_I1_O)        0.296     2.144 r  dpll_wrapper_inst/dpll_single_clock_core_stage_a_inst/post_iq_cic_inst/good_count[15]_i_1/O
                         net (fo=37, routed)          2.061     4.205    dpll_wrapper_inst/dpll_single_clock_core_stage_a_inst/loop_state_manager_inst/good_count_reg[0]_0
    SLICE_X6Y51          FDRE                                         r  dpll_wrapper_inst/dpll_single_clock_core_stage_a_inst/loop_state_manager_inst/bad_count_reg[15]/R
  -------------------------------------------------------------------    -------------------

                         (clock pll_adc_clk rise edge)
                                                      8.000     8.000 r  
    U18                                               0.000     8.000 r  adc_clk_p_i (IN)
                         net (fo=0)                   0.000     8.000    adc_clk_p_i
    U18                  IBUFDS (Prop_ibufds_I_O)     0.940     8.940 r  i_clk/O
                         net (fo=250, routed)         1.181    10.121    pll/CLK
    PLLE2_ADV_X0Y0       PLLE2_ADV (Prop_plle2_adv_CLKIN1_CLKOUT0)
                                                     -7.650     2.470 r  pll/pll/CLKOUT0
                         net (fo=1, routed)           1.594     4.065    lopt
    BUFGCTRL_X0Y0        BUFG (Prop_bufg_I_O)         0.091     4.156 r  bufg_adc_clk/O
                         net (fo=11053, routed)       1.497     5.652    dpll_wrapper_inst/dpll_single_clock_core_stage_a_inst/loop_state_manager_inst/adc_clk
    SLICE_X6Y51          FDRE                                         r  dpll_wrapper_inst/dpll_single_clock_core_stage_a_inst/loop_state_manager_inst/bad_count_reg[15]/C
                         clock pessimism             -0.530     5.122    
                         clock uncertainty           -0.069     5.053    
    SLICE_X6Y51          FDRE (Setup_fdre_C_R)       -0.524     4.529    dpll_wrapper_inst/dpll_single_clock_core_stage_a_inst/loop_state_manager_inst/bad_count_reg[15]
  -------------------------------------------------------------------
                         required time                          4.529    
                         arrival time                          -4.205    
  -------------------------------------------------------------------
                         slack                                  0.324    

Slack (MET) :             0.355ns  (required time - arrival time)
  Source:                 dpll_wrapper_inst/dpll_single_clock_core_stage_a_inst/rst_state_r_reg/C
                            (rising edge-triggered cell FDRE clocked by pll_adc_clk  {rise@0.000ns fall@4.000ns period=8.000ns})
  Destination:            dpll_wrapper_inst/dpll_single_clock_core_stage_a_inst/loop_state_manager_inst/loop_state_reg[0]/CE
                            (rising edge-triggered cell FDRE clocked by pll_adc_clk  {rise@0.000ns fall@4.000ns period=8.000ns})
  Path Group:             pll_adc_clk
  Path Type:              Setup (Max at Slow Process Corner)
  Requirement:            8.000ns  (pll_adc_clk rise@8.000ns - pll_adc_clk rise@0.000ns)
  Data Path Delay:        7.177ns  (logic 0.839ns (11.691%)  route 6.338ns (88.309%))
  Logic Levels:           2  (LUT5=1 LUT6=1)
  Clock Path Skew:        -0.230ns (DCD - SCD + CPR)
    Destination Clock Delay (DCD):    -2.347ns = ( 5.653 - 8.000 ) 
    Source Clock Delay      (SCD):    -2.647ns
    Clock Pessimism Removal (CPR):    -0.530ns
  Clock Uncertainty:      0.069ns  ((TSJ^2 + DJ^2)^1/2) / 2 + PE
    Total System Jitter     (TSJ):    0.071ns
    Discrete Jitter          (DJ):    0.118ns
    Phase Error              (PE):    0.000ns

    Location             Delay type                Incr(ns)  Path(ns)    Netlist Resource(s)
  -------------------------------------------------------------------    -------------------
                         (clock pll_adc_clk rise edge)
                                                      0.000     0.000 r  
    U18                                               0.000     0.000 r  adc_clk_p_i (IN)
                         net (fo=0)                   0.000     0.000    adc_clk_p_i
    U18                  IBUFDS (Prop_ibufds_I_O)     0.983     0.983 r  i_clk/O
                         net (fo=250, routed)         1.306     2.289    pll/CLK
    PLLE2_ADV_X0Y0       PLLE2_ADV (Prop_plle2_adv_CLKIN1_CLKOUT0)
                                                     -8.533    -6.244 r  pll/pll/CLKOUT0
                         net (fo=1, routed)           1.754    -4.490    lopt
    BUFGCTRL_X0Y0        BUFG (Prop_bufg_I_O)         0.101    -4.389 r  bufg_adc_clk/O
                         net (fo=11053, routed)       1.742    -2.647    dpll_wrapper_inst/dpll_single_clock_core_stage_a_inst/adc_clk
    SLICE_X36Y52         FDRE                                         r  dpll_wrapper_inst/dpll_single_clock_core_stage_a_inst/rst_state_r_reg/C
  -------------------------------------------------------------------    -------------------
    SLICE_X36Y52         FDRE (Prop_fdre_C_Q)         0.419    -2.228 r  dpll_wrapper_inst/dpll_single_clock_core_stage_a_inst/rst_state_r_reg/Q
                         net (fo=259, routed)         4.076     1.848    dpll_wrapper_inst/dpll_single_clock_core_stage_a_inst/post_iq_cic_inst/good_count_reg[0]
    SLICE_X13Y43         LUT5 (Prop_lut5_I1_O)        0.296     2.144 r  dpll_wrapper_inst/dpll_single_clock_core_stage_a_inst/post_iq_cic_inst/good_count[15]_i_1/O
                         net (fo=37, routed)          1.537     3.681    dpll_wrapper_inst/dpll_single_clock_core_stage_a_inst/loop_state_manager_inst/good_count_reg[0]_0
    SLICE_X9Y48          LUT6 (Prop_lut6_I3_O)        0.124     3.805 r  dpll_wrapper_inst/dpll_single_clock_core_stage_a_inst/loop_state_manager_inst/loop_state[3]_i_1/O
                         net (fo=4, routed)           0.725     4.530    dpll_wrapper_inst/dpll_single_clock_core_stage_a_inst/loop_state_manager_inst/loop_state[3]_i_1_n_0
    SLICE_X12Y52         FDRE                                         r  dpll_wrapper_inst/dpll_single_clock_core_stage_a_inst/loop_state_manager_inst/loop_state_reg[0]/CE
  -------------------------------------------------------------------    -------------------

                         (clock pll_adc_clk rise edge)
                                                      8.000     8.000 r  
    U18                                               0.000     8.000 r  adc_clk_p_i (IN)
                         net (fo=0)                   0.000     8.000    adc_clk_p_i
    U18                  IBUFDS (Prop_ibufds_I_O)     0.940     8.940 r  i_clk/O
                         net (fo=250, routed)         1.181    10.121    pll/CLK
    PLLE2_ADV_X0Y0       PLLE2_ADV (Prop_plle2_adv_CLKIN1_CLKOUT0)
                                                     -7.650     2.470 r  pll/pll/CLKOUT0
                         net (fo=1, routed)           1.594     4.065    lopt
    BUFGCTRL_X0Y0        BUFG (Prop_bufg_I_O)         0.091     4.156 r  bufg_adc_clk/O
                         net (fo=11053, routed)       1.498     5.653    dpll_wrapper_inst/dpll_single_clock_core_stage_a_inst/loop_state_manager_inst/adc_clk
    SLICE_X12Y52         FDRE                                         r  dpll_wrapper_inst/dpll_single_clock_core_stage_a_inst/loop_state_manager_inst/loop_state_reg[0]/C
                         clock pessimism             -0.530     5.123    
                         clock uncertainty           -0.069     5.054    
    SLICE_X12Y52         FDRE (Setup_fdre_C_CE)      -0.169     4.885    dpll_wrapper_inst/dpll_single_clock_core_stage_a_inst/loop_state_manager_inst/loop_state_reg[0]
  -------------------------------------------------------------------
                         required time                          4.885    
                         arrival time                          -4.530    
  -------------------------------------------------------------------
                         slack                                  0.355    

Slack (MET) :             0.355ns  (required time - arrival time)
  Source:                 dpll_wrapper_inst/dpll_single_clock_core_stage_a_inst/rst_state_r_reg/C
                            (rising edge-triggered cell FDRE clocked by pll_adc_clk  {rise@0.000ns fall@4.000ns period=8.000ns})
  Destination:            dpll_wrapper_inst/dpll_single_clock_core_stage_a_inst/loop_state_manager_inst/loop_state_reg[1]/CE
                            (rising edge-triggered cell FDRE clocked by pll_adc_clk  {rise@0.000ns fall@4.000ns period=8.000ns})
  Path Group:             pll_adc_clk
  Path Type:              Setup (Max at Slow Process Corner)
  Requirement:            8.000ns  (pll_adc_clk rise@8.000ns - pll_adc_clk rise@0.000ns)
  Data Path Delay:        7.177ns  (logic 0.839ns (11.691%)  route 6.338ns (88.309%))
  Logic Levels:           2  (LUT5=1 LUT6=1)
  Clock Path Skew:        -0.230ns (DCD - SCD + CPR)
    Destination Clock Delay (DCD):    -2.347ns = ( 5.653 - 8.000 ) 
    Source Clock Delay      (SCD):    -2.647ns
    Clock Pessimism Removal (CPR):    -0.530ns
  Clock Uncertainty:      0.069ns  ((TSJ^2 + DJ^2)^1/2) / 2 + PE
    Total System Jitter     (TSJ):    0.071ns
    Discrete Jitter          (DJ):    0.118ns
    Phase Error              (PE):    0.000ns

    Location             Delay type                Incr(ns)  Path(ns)    Netlist Resource(s)
  -------------------------------------------------------------------    -------------------
                         (clock pll_adc_clk rise edge)
                                                      0.000     0.000 r  
    U18                                               0.000     0.000 r  adc_clk_p_i (IN)
                         net (fo=0)                   0.000     0.000    adc_clk_p_i
    U18                  IBUFDS (Prop_ibufds_I_O)     0.983     0.983 r  i_clk/O
                         net (fo=250, routed)         1.306     2.289    pll/CLK
    PLLE2_ADV_X0Y0       PLLE2_ADV (Prop_plle2_adv_CLKIN1_CLKOUT0)
                                                     -8.533    -6.244 r  pll/pll/CLKOUT0
                         net (fo=1, routed)           1.754    -4.490    lopt
    BUFGCTRL_X0Y0        BUFG (Prop_bufg_I_O)         0.101    -4.389 r  bufg_adc_clk/O
                         net (fo=11053, routed)       1.742    -2.647    dpll_wrapper_inst/dpll_single_clock_core_stage_a_inst/adc_clk
    SLICE_X36Y52         FDRE                                         r  dpll_wrapper_inst/dpll_single_clock_core_stage_a_inst/rst_state_r_reg/C
  -------------------------------------------------------------------    -------------------
    SLICE_X36Y52         FDRE (Prop_fdre_C_Q)         0.419    -2.228 r  dpll_wrapper_inst/dpll_single_clock_core_stage_a_inst/rst_state_r_reg/Q
                         net (fo=259, routed)         4.076     1.848    dpll_wrapper_inst/dpll_single_clock_core_stage_a_inst/post_iq_cic_inst/good_count_reg[0]
    SLICE_X13Y43         LUT5 (Prop_lut5_I1_O)        0.296     2.144 r  dpll_wrapper_inst/dpll_single_clock_core_stage_a_inst/post_iq_cic_inst/good_count[15]_i_1/O
                         net (fo=37, routed)          1.537     3.681    dpll_wrapper_inst/dpll_single_clock_core_stage_a_inst/loop_state_manager_inst/good_count_reg[0]_0
    SLICE_X9Y48          LUT6 (Prop_lut6_I3_O)        0.124     3.805 r  dpll_wrapper_inst/dpll_single_clock_core_stage_a_inst/loop_state_manager_inst/loop_state[3]_i_1/O
                         net (fo=4, routed)           0.725     4.530    dpll_wrapper_inst/dpll_single_clock_core_stage_a_inst/loop_state_manager_inst/loop_state[3]_i_1_n_0
    SLICE_X12Y52         FDRE                                         r  dpll_wrapper_inst/dpll_single_clock_core_stage_a_inst/loop_state_manager_inst/loop_state_reg[1]/CE
  -------------------------------------------------------------------    -------------------

                         (clock pll_adc_clk rise edge)
                                                      8.000     8.000 r  
    U18                                               0.000     8.000 r  adc_clk_p_i (IN)
                         net (fo=0)                   0.000     8.000    adc_clk_p_i
    U18                  IBUFDS (Prop_ibufds_I_O)     0.940     8.940 r  i_clk/O
                         net (fo=250, routed)         1.181    10.121    pll/CLK
    PLLE2_ADV_X0Y0       PLLE2_ADV (Prop_plle2_adv_CLKIN1_CLKOUT0)
                                                     -7.650     2.470 r  pll/pll/CLKOUT0
                         net (fo=1, routed)           1.594     4.065    lopt
    BUFGCTRL_X0Y0        BUFG (Prop_bufg_I_O)         0.091     4.156 r  bufg_adc_clk/O
                         net (fo=11053, routed)       1.498     5.653    dpll_wrapper_inst/dpll_single_clock_core_stage_a_inst/loop_state_manager_inst/adc_clk
    SLICE_X12Y52         FDRE                                         r  dpll_wrapper_inst/dpll_single_clock_core_stage_a_inst/loop_state_manager_inst/loop_state_reg[1]/C
                         clock pessimism             -0.530     5.123    
                         clock uncertainty           -0.069     5.054    
    SLICE_X12Y52         FDRE (Setup_fdre_C_CE)      -0.169     4.885    dpll_wrapper_inst/dpll_single_clock_core_stage_a_inst/loop_state_manager_inst/loop_state_reg[1]
  -------------------------------------------------------------------
                         required time                          4.885    
                         arrival time                          -4.530    
  -------------------------------------------------------------------
                         slack                                  0.355    

Slack (MET) :             0.355ns  (required time - arrival time)
  Source:                 dpll_wrapper_inst/dpll_single_clock_core_stage_a_inst/rst_state_r_reg/C
                            (rising edge-triggered cell FDRE clocked by pll_adc_clk  {rise@0.000ns fall@4.000ns period=8.000ns})
  Destination:            dpll_wrapper_inst/dpll_single_clock_core_stage_a_inst/loop_state_manager_inst/loop_state_reg[3]/CE
                            (rising edge-triggered cell FDRE clocked by pll_adc_clk  {rise@0.000ns fall@4.000ns period=8.000ns})
  Path Group:             pll_adc_clk
  Path Type:              Setup (Max at Slow Process Corner)
  Requirement:            8.000ns  (pll_adc_clk rise@8.000ns - pll_adc_clk rise@0.000ns)
  Data Path Delay:        7.177ns  (logic 0.839ns (11.691%)  route 6.338ns (88.309%))
  Logic Levels:           2  (LUT5=1 LUT6=1)
  Clock Path Skew:        -0.230ns (DCD - SCD + CPR)
    Destination Clock Delay (DCD):    -2.347ns = ( 5.653 - 8.000 ) 
    Source Clock Delay      (SCD):    -2.647ns
    Clock Pessimism Removal (CPR):    -0.530ns
  Clock Uncertainty:      0.069ns  ((TSJ^2 + DJ^2)^1/2) / 2 + PE
    Total System Jitter     (TSJ):    0.071ns
    Discrete Jitter          (DJ):    0.118ns
    Phase Error              (PE):    0.000ns

    Location             Delay type                Incr(ns)  Path(ns)    Netlist Resource(s)
  -------------------------------------------------------------------    -------------------
                         (clock pll_adc_clk rise edge)
                                                      0.000     0.000 r  
    U18                                               0.000     0.000 r  adc_clk_p_i (IN)
                         net (fo=0)                   0.000     0.000    adc_clk_p_i
    U18                  IBUFDS (Prop_ibufds_I_O)     0.983     0.983 r  i_clk/O
                         net (fo=250, routed)         1.306     2.289    pll/CLK
    PLLE2_ADV_X0Y0       PLLE2_ADV (Prop_plle2_adv_CLKIN1_CLKOUT0)
                                                     -8.533    -6.244 r  pll/pll/CLKOUT0
                         net (fo=1, routed)           1.754    -4.490    lopt
    BUFGCTRL_X0Y0        BUFG (Prop_bufg_I_O)         0.101    -4.389 r  bufg_adc_clk/O
                         net (fo=11053, routed)       1.742    -2.647    dpll_wrapper_inst/dpll_single_clock_core_stage_a_inst/adc_clk
    SLICE_X36Y52         FDRE                                         r  dpll_wrapper_inst/dpll_single_clock_core_stage_a_inst/rst_state_r_reg/C
  -------------------------------------------------------------------    -------------------
    SLICE_X36Y52         FDRE (Prop_fdre_C_Q)         0.419    -2.228 r  dpll_wrapper_inst/dpll_single_clock_core_stage_a_inst/rst_state_r_reg/Q
                         net (fo=259, routed)         4.076     1.848    dpll_wrapper_inst/dpll_single_clock_core_stage_a_inst/post_iq_cic_inst/good_count_reg[0]
    SLICE_X13Y43         LUT5 (Prop_lut5_I1_O)        0.296     2.144 r  dpll_wrapper_inst/dpll_single_clock_core_stage_a_inst/post_iq_cic_inst/good_count[15]_i_1/O
                         net (fo=37, routed)          1.537     3.681    dpll_wrapper_inst/dpll_single_clock_core_stage_a_inst/loop_state_manager_inst/good_count_reg[0]_0
    SLICE_X9Y48          LUT6 (Prop_lut6_I3_O)        0.124     3.805 r  dpll_wrapper_inst/dpll_single_clock_core_stage_a_inst/loop_state_manager_inst/loop_state[3]_i_1/O
                         net (fo=4, routed)           0.725     4.530    dpll_wrapper_inst/dpll_single_clock_core_stage_a_inst/loop_state_manager_inst/loop_state[3]_i_1_n_0
    SLICE_X12Y52         FDRE                                         r  dpll_wrapper_inst/dpll_single_clock_core_stage_a_inst/loop_state_manager_inst/loop_state_reg[3]/CE
  -------------------------------------------------------------------    -------------------

                         (clock pll_adc_clk rise edge)
                                                      8.000     8.000 r  
    U18                                               0.000     8.000 r  adc_clk_p_i (IN)
                         net (fo=0)                   0.000     8.000    adc_clk_p_i
    U18                  IBUFDS (Prop_ibufds_I_O)     0.940     8.940 r  i_clk/O
                         net (fo=250, routed)         1.181    10.121    pll/CLK
    PLLE2_ADV_X0Y0       PLLE2_ADV (Prop_plle2_adv_CLKIN1_CLKOUT0)
                                                     -7.650     2.470 r  pll/pll/CLKOUT0
                         net (fo=1, routed)           1.594     4.065    lopt
    BUFGCTRL_X0Y0        BUFG (Prop_bufg_I_O)         0.091     4.156 r  bufg_adc_clk/O
                         net (fo=11053, routed)       1.498     5.653    dpll_wrapper_inst/dpll_single_clock_core_stage_a_inst/loop_state_manager_inst/adc_clk
    SLICE_X12Y52         FDRE                                         r  dpll_wrapper_inst/dpll_single_clock_core_stage_a_inst/loop_state_manager_inst/loop_state_reg[3]/C
                         clock pessimism             -0.530     5.123    
                         clock uncertainty           -0.069     5.054    
    SLICE_X12Y52         FDRE (Setup_fdre_C_CE)      -0.169     4.885    dpll_wrapper_inst/dpll_single_clock_core_stage_a_inst/loop_state_manager_inst/loop_state_reg[3]
  -------------------------------------------------------------------
                         required time                          4.885    
                         arrival time                          -4.530    
  -------------------------------------------------------------------
                         slack                                  0.355    

Slack (MET) :             0.369ns  (required time - arrival time)
  Source:                 dpll_wrapper_inst/dpll_single_clock_core_stage_a_inst/rst_state_r_reg/C
                            (rising edge-triggered cell FDRE clocked by pll_adc_clk  {rise@0.000ns fall@4.000ns period=8.000ns})
  Destination:            dpll_wrapper_inst/dpll_single_clock_core_stage_a_inst/loop_state_manager_inst/loop_state_reg[2]/CE
                            (rising edge-triggered cell FDRE clocked by pll_adc_clk  {rise@0.000ns fall@4.000ns period=8.000ns})
  Path Group:             pll_adc_clk
  Path Type:              Setup (Max at Slow Process Corner)
  Requirement:            8.000ns  (pll_adc_clk rise@8.000ns - pll_adc_clk rise@0.000ns)
  Data Path Delay:        7.163ns  (logic 0.839ns (11.713%)  route 6.324ns (88.287%))
  Logic Levels:           2  (LUT5=1 LUT6=1)
  Clock Path Skew:        -0.230ns (DCD - SCD + CPR)
    Destination Clock Delay (DCD):    -2.347ns = ( 5.653 - 8.000 ) 
    Source Clock Delay      (SCD):    -2.647ns
    Clock Pessimism Removal (CPR):    -0.530ns
  Clock Uncertainty:      0.069ns  ((TSJ^2 + DJ^2)^1/2) / 2 + PE
    Total System Jitter     (TSJ):    0.071ns
    Discrete Jitter          (DJ):    0.118ns
    Phase Error              (PE):    0.000ns

    Location             Delay type                Incr(ns)  Path(ns)    Netlist Resource(s)
  -------------------------------------------------------------------    -------------------
                         (clock pll_adc_clk rise edge)
                                                      0.000     0.000 r  
    U18                                               0.000     0.000 r  adc_clk_p_i (IN)
                         net (fo=0)                   0.000     0.000    adc_clk_p_i
    U18                  IBUFDS (Prop_ibufds_I_O)     0.983     0.983 r  i_clk/O
                         net (fo=250, routed)         1.306     2.289    pll/CLK
    PLLE2_ADV_X0Y0       PLLE2_ADV (Prop_plle2_adv_CLKIN1_CLKOUT0)
                                                     -8.533    -6.244 r  pll/pll/CLKOUT0
                         net (fo=1, routed)           1.754    -4.490    lopt
    BUFGCTRL_X0Y0        BUFG (Prop_bufg_I_O)         0.101    -4.389 r  bufg_adc_clk/O
                         net (fo=11053, routed)       1.742    -2.647    dpll_wrapper_inst/dpll_single_clock_core_stage_a_inst/adc_clk
    SLICE_X36Y52         FDRE                                         r  dpll_wrapper_inst/dpll_single_clock_core_stage_a_inst/rst_state_r_reg/C
  -------------------------------------------------------------------    -------------------
    SLICE_X36Y52         FDRE (Prop_fdre_C_Q)         0.419    -2.228 r  dpll_wrapper_inst/dpll_single_clock_core_stage_a_inst/rst_state_r_reg/Q
                         net (fo=259, routed)         4.076     1.848    dpll_wrapper_inst/dpll_single_clock_core_stage_a_inst/post_iq_cic_inst/good_count_reg[0]
    SLICE_X13Y43         LUT5 (Prop_lut5_I1_O)        0.296     2.144 r  dpll_wrapper_inst/dpll_single_clock_core_stage_a_inst/post_iq_cic_inst/good_count[15]_i_1/O
                         net (fo=37, routed)          1.537     3.681    dpll_wrapper_inst/dpll_single_clock_core_stage_a_inst/loop_state_manager_inst/good_count_reg[0]_0
    SLICE_X9Y48          LUT6 (Prop_lut6_I3_O)        0.124     3.805 r  dpll_wrapper_inst/dpll_single_clock_core_stage_a_inst/loop_state_manager_inst/loop_state[3]_i_1/O
                         net (fo=4, routed)           0.711     4.516    dpll_wrapper_inst/dpll_single_clock_core_stage_a_inst/loop_state_manager_inst/loop_state[3]_i_1_n_0
    SLICE_X10Y52         FDRE                                         r  dpll_wrapper_inst/dpll_single_clock_core_stage_a_inst/loop_state_manager_inst/loop_state_reg[2]/CE
  -------------------------------------------------------------------    -------------------

                         (clock pll_adc_clk rise edge)
                                                      8.000     8.000 r  
    U18                                               0.000     8.000 r  adc_clk_p_i (IN)
                         net (fo=0)                   0.000     8.000    adc_clk_p_i
    U18                  IBUFDS (Prop_ibufds_I_O)     0.940     8.940 r  i_clk/O
                         net (fo=250, routed)         1.181    10.121    pll/CLK
    PLLE2_ADV_X0Y0       PLLE2_ADV (Prop_plle2_adv_CLKIN1_CLKOUT0)
                                                     -7.650     2.470 r  pll/pll/CLKOUT0
                         net (fo=1, routed)           1.594     4.065    lopt
    BUFGCTRL_X0Y0        BUFG (Prop_bufg_I_O)         0.091     4.156 r  bufg_adc_clk/O
                         net (fo=11053, routed)       1.498     5.653    dpll_wrapper_inst/dpll_single_clock_core_stage_a_inst/loop_state_manager_inst/adc_clk
    SLICE_X10Y52         FDRE                                         r  dpll_wrapper_inst/dpll_single_clock_core_stage_a_inst/loop_state_manager_inst/loop_state_reg[2]/C
                         clock pessimism             -0.530     5.123    
                         clock uncertainty           -0.069     5.054    
    SLICE_X10Y52         FDRE (Setup_fdre_C_CE)      -0.169     4.885    dpll_wrapper_inst/dpll_single_clock_core_stage_a_inst/loop_state_manager_inst/loop_state_reg[2]
  -------------------------------------------------------------------
                         required time                          4.885    
                         arrival time                          -4.516    
  -------------------------------------------------------------------
                         slack                                  0.369    

Slack (MET) :             0.372ns  (required time - arrival time)
  Source:                 dpll_wrapper_inst/reg_cic_rate/output_reg[6]/C
                            (rising edge-triggered cell FDRE clocked by pll_adc_clk  {rise@0.000ns fall@4.000ns period=8.000ns})
  Destination:            dpll_wrapper_inst/dpll_single_clock_core_stage_a_inst/post_iq_cic_inst/active_rounding_bias_reg[30]/R
                            (rising edge-triggered cell FDRE clocked by pll_adc_clk  {rise@0.000ns fall@4.000ns period=8.000ns})
  Path Group:             pll_adc_clk
  Path Type:              Setup (Max at Slow Process Corner)
  Requirement:            8.000ns  (pll_adc_clk rise@8.000ns - pll_adc_clk rise@0.000ns)
  Data Path Delay:        6.952ns  (logic 0.890ns (12.802%)  route 6.062ns (87.198%))
  Logic Levels:           3  (LUT2=1 LUT5=1 LUT6=1)
  Clock Path Skew:        -0.178ns (DCD - SCD + CPR)
    Destination Clock Delay (DCD):    -2.356ns = ( 5.644 - 8.000 ) 
    Source Clock Delay      (SCD):    -2.722ns
    Clock Pessimism Removal (CPR):    -0.544ns
  Clock Uncertainty:      0.069ns  ((TSJ^2 + DJ^2)^1/2) / 2 + PE
    Total System Jitter     (TSJ):    0.071ns
    Discrete Jitter          (DJ):    0.118ns
    Phase Error              (PE):    0.000ns

    Location             Delay type                Incr(ns)  Path(ns)    Netlist Resource(s)
  -------------------------------------------------------------------    -------------------
                         (clock pll_adc_clk rise edge)
                                                      0.000     0.000 r  
    U18                                               0.000     0.000 r  adc_clk_p_i (IN)
                         net (fo=0)                   0.000     0.000    adc_clk_p_i
    U18                  IBUFDS (Prop_ibufds_I_O)     0.983     0.983 r  i_clk/O
                         net (fo=250, routed)         1.306     2.289    pll/CLK
    PLLE2_ADV_X0Y0       PLLE2_ADV (Prop_plle2_adv_CLKIN1_CLKOUT0)
                                                     -8.533    -6.244 r  pll/pll/CLKOUT0
                         net (fo=1, routed)           1.754    -4.490    lopt
    BUFGCTRL_X0Y0        BUFG (Prop_bufg_I_O)         0.101    -4.389 r  bufg_adc_clk/O
                         net (fo=11053, routed)       1.667    -2.722    dpll_wrapper_inst/reg_cic_rate/adc_clk
    SLICE_X32Y34         FDRE                                         r  dpll_wrapper_inst/reg_cic_rate/output_reg[6]/C
  -------------------------------------------------------------------    -------------------
    SLICE_X32Y34         FDRE (Prop_fdre_C_Q)         0.518    -2.204 r  dpll_wrapper_inst/reg_cic_rate/output_reg[6]/Q
                         net (fo=3, routed)           1.202    -1.002    dpll_wrapper_inst/reg_cic_rate/Q[6]
    SLICE_X30Y30         LUT2 (Prop_lut2_I0_O)        0.124    -0.878 r  dpll_wrapper_inst/reg_cic_rate/active_rate_r[8]_i_4/O
                         net (fo=1, routed)           0.855    -0.023    dpll_wrapper_inst/reg_cic_rate/active_rate_r[8]_i_4_n_0
    SLICE_X30Y42         LUT6 (Prop_lut6_I5_O)        0.124     0.101 r  dpll_wrapper_inst/reg_cic_rate/active_rate_r[8]_i_2/O
                         net (fo=4, routed)           1.771     1.873    dpll_wrapper_inst/dpll_single_clock_core_stage_a_inst/post_iq_cic_inst/p_2_in
    SLICE_X38Y65         LUT5 (Prop_lut5_I1_O)        0.124     1.997 r  dpll_wrapper_inst/dpll_single_clock_core_stage_a_inst/post_iq_cic_inst/active_rounding_bias[44]_i_1/O
                         net (fo=45, routed)          2.234     4.230    dpll_wrapper_inst/dpll_single_clock_core_stage_a_inst/post_iq_cic_inst/active_rounding_bias[44]_i_1_n_0
    SLICE_X31Y96         FDRE                                         r  dpll_wrapper_inst/dpll_single_clock_core_stage_a_inst/post_iq_cic_inst/active_rounding_bias_reg[30]/R
  -------------------------------------------------------------------    -------------------

                         (clock pll_adc_clk rise edge)
                                                      8.000     8.000 r  
    U18                                               0.000     8.000 r  adc_clk_p_i (IN)
                         net (fo=0)                   0.000     8.000    adc_clk_p_i
    U18                  IBUFDS (Prop_ibufds_I_O)     0.940     8.940 r  i_clk/O
                         net (fo=250, routed)         1.181    10.121    pll/CLK
    PLLE2_ADV_X0Y0       PLLE2_ADV (Prop_plle2_adv_CLKIN1_CLKOUT0)
                                                     -7.650     2.470 r  pll/pll/CLKOUT0
                         net (fo=1, routed)           1.594     4.065    lopt
    BUFGCTRL_X0Y0        BUFG (Prop_bufg_I_O)         0.091     4.156 r  bufg_adc_clk/O
                         net (fo=11053, routed)       1.489     5.644    dpll_wrapper_inst/dpll_single_clock_core_stage_a_inst/post_iq_cic_inst/adc_clk
    SLICE_X31Y96         FDRE                                         r  dpll_wrapper_inst/dpll_single_clock_core_stage_a_inst/post_iq_cic_inst/active_rounding_bias_reg[30]/C
                         clock pessimism             -0.544     5.100    
                         clock uncertainty           -0.069     5.031    
    SLICE_X31Y96         FDRE (Setup_fdre_C_R)       -0.429     4.602    dpll_wrapper_inst/dpll_single_clock_core_stage_a_inst/post_iq_cic_inst/active_rounding_bias_reg[30]
  -------------------------------------------------------------------
                         required time                          4.602    
                         arrival time                          -4.230    
  -------------------------------------------------------------------
                         slack                                  0.372    

Slack (MET) :             0.372ns  (required time - arrival time)
  Source:                 dpll_wrapper_inst/reg_cic_rate/output_reg[6]/C
                            (rising edge-triggered cell FDRE clocked by pll_adc_clk  {rise@0.000ns fall@4.000ns period=8.000ns})
  Destination:            dpll_wrapper_inst/dpll_single_clock_core_stage_a_inst/post_iq_cic_inst/active_rounding_bias_reg[31]/R
                            (rising edge-triggered cell FDRE clocked by pll_adc_clk  {rise@0.000ns fall@4.000ns period=8.000ns})
  Path Group:             pll_adc_clk
  Path Type:              Setup (Max at Slow Process Corner)
  Requirement:            8.000ns  (pll_adc_clk rise@8.000ns - pll_adc_clk rise@0.000ns)
  Data Path Delay:        6.952ns  (logic 0.890ns (12.802%)  route 6.062ns (87.198%))
  Logic Levels:           3  (LUT2=1 LUT5=1 LUT6=1)
  Clock Path Skew:        -0.178ns (DCD - SCD + CPR)
    Destination Clock Delay (DCD):    -2.356ns = ( 5.644 - 8.000 ) 
    Source Clock Delay      (SCD):    -2.722ns
    Clock Pessimism Removal (CPR):    -0.544ns
  Clock Uncertainty:      0.069ns  ((TSJ^2 + DJ^2)^1/2) / 2 + PE
    Total System Jitter     (TSJ):    0.071ns
    Discrete Jitter          (DJ):    0.118ns
    Phase Error              (PE):    0.000ns

    Location             Delay type                Incr(ns)  Path(ns)    Netlist Resource(s)
  -------------------------------------------------------------------    -------------------
                         (clock pll_adc_clk rise edge)
                                                      0.000     0.000 r  
    U18                                               0.000     0.000 r  adc_clk_p_i (IN)
                         net (fo=0)                   0.000     0.000    adc_clk_p_i
    U18                  IBUFDS (Prop_ibufds_I_O)     0.983     0.983 r  i_clk/O
                         net (fo=250, routed)         1.306     2.289    pll/CLK
    PLLE2_ADV_X0Y0       PLLE2_ADV (Prop_plle2_adv_CLKIN1_CLKOUT0)
                                                     -8.533    -6.244 r  pll/pll/CLKOUT0
                         net (fo=1, routed)           1.754    -4.490    lopt
    BUFGCTRL_X0Y0        BUFG (Prop_bufg_I_O)         0.101    -4.389 r  bufg_adc_clk/O
                         net (fo=11053, routed)       1.667    -2.722    dpll_wrapper_inst/reg_cic_rate/adc_clk
    SLICE_X32Y34         FDRE                                         r  dpll_wrapper_inst/reg_cic_rate/output_reg[6]/C
  -------------------------------------------------------------------    -------------------
    SLICE_X32Y34         FDRE (Prop_fdre_C_Q)         0.518    -2.204 r  dpll_wrapper_inst/reg_cic_rate/output_reg[6]/Q
                         net (fo=3, routed)           1.202    -1.002    dpll_wrapper_inst/reg_cic_rate/Q[6]
    SLICE_X30Y30         LUT2 (Prop_lut2_I0_O)        0.124    -0.878 r  dpll_wrapper_inst/reg_cic_rate/active_rate_r[8]_i_4/O
                         net (fo=1, routed)           0.855    -0.023    dpll_wrapper_inst/reg_cic_rate/active_rate_r[8]_i_4_n_0
    SLICE_X30Y42         LUT6 (Prop_lut6_I5_O)        0.124     0.101 r  dpll_wrapper_inst/reg_cic_rate/active_rate_r[8]_i_2/O
                         net (fo=4, routed)           1.771     1.873    dpll_wrapper_inst/dpll_single_clock_core_stage_a_inst/post_iq_cic_inst/p_2_in
    SLICE_X38Y65         LUT5 (Prop_lut5_I1_O)        0.124     1.997 r  dpll_wrapper_inst/dpll_single_clock_core_stage_a_inst/post_iq_cic_inst/active_rounding_bias[44]_i_1/O
                         net (fo=45, routed)          2.234     4.230    dpll_wrapper_inst/dpll_single_clock_core_stage_a_inst/post_iq_cic_inst/active_rounding_bias[44]_i_1_n_0
    SLICE_X31Y96         FDRE                                         r  dpll_wrapper_inst/dpll_single_clock_core_stage_a_inst/post_iq_cic_inst/active_rounding_bias_reg[31]/R
  -------------------------------------------------------------------    -------------------

                         (clock pll_adc_clk rise edge)
                                                      8.000     8.000 r  
    U18                                               0.000     8.000 r  adc_clk_p_i (IN)
                         net (fo=0)                   0.000     8.000    adc_clk_p_i
    U18                  IBUFDS (Prop_ibufds_I_O)     0.940     8.940 r  i_clk/O
                         net (fo=250, routed)         1.181    10.121    pll/CLK
    PLLE2_ADV_X0Y0       PLLE2_ADV (Prop_plle2_adv_CLKIN1_CLKOUT0)
                                                     -7.650     2.470 r  pll/pll/CLKOUT0
                         net (fo=1, routed)           1.594     4.065    lopt
    BUFGCTRL_X0Y0        BUFG (Prop_bufg_I_O)         0.091     4.156 r  bufg_adc_clk/O
                         net (fo=11053, routed)       1.489     5.644    dpll_wrapper_inst/dpll_single_clock_core_stage_a_inst/post_iq_cic_inst/adc_clk
    SLICE_X31Y96         FDRE                                         r  dpll_wrapper_inst/dpll_single_clock_core_stage_a_inst/post_iq_cic_inst/active_rounding_bias_reg[31]/C
                         clock pessimism             -0.544     5.100    
                         clock uncertainty           -0.069     5.031    
    SLICE_X31Y96         FDRE (Setup_fdre_C_R)       -0.429     4.602    dpll_wrapper_inst/dpll_single_clock_core_stage_a_inst/post_iq_cic_inst/active_rounding_bias_reg[31]
  -------------------------------------------------------------------
                         required time                          4.602    
                         arrival time                          -4.230    
  -------------------------------------------------------------------
                         slack                                  0.372    

Slack (MET) :             0.372ns  (required time - arrival time)
  Source:                 dpll_wrapper_inst/reg_cic_rate/output_reg[6]/C
                            (rising edge-triggered cell FDRE clocked by pll_adc_clk  {rise@0.000ns fall@4.000ns period=8.000ns})
  Destination:            dpll_wrapper_inst/dpll_single_clock_core_stage_a_inst/post_iq_cic_inst/active_rounding_bias_reg[32]/R
                            (rising edge-triggered cell FDRE clocked by pll_adc_clk  {rise@0.000ns fall@4.000ns period=8.000ns})
  Path Group:             pll_adc_clk
  Path Type:              Setup (Max at Slow Process Corner)
  Requirement:            8.000ns  (pll_adc_clk rise@8.000ns - pll_adc_clk rise@0.000ns)
  Data Path Delay:        6.952ns  (logic 0.890ns (12.802%)  route 6.062ns (87.198%))
  Logic Levels:           3  (LUT2=1 LUT5=1 LUT6=1)
  Clock Path Skew:        -0.178ns (DCD - SCD + CPR)
    Destination Clock Delay (DCD):    -2.356ns = ( 5.644 - 8.000 ) 
    Source Clock Delay      (SCD):    -2.722ns
    Clock Pessimism Removal (CPR):    -0.544ns
  Clock Uncertainty:      0.069ns  ((TSJ^2 + DJ^2)^1/2) / 2 + PE
    Total System Jitter     (TSJ):    0.071ns
    Discrete Jitter          (DJ):    0.118ns
    Phase Error              (PE):    0.000ns

    Location             Delay type                Incr(ns)  Path(ns)    Netlist Resource(s)
  -------------------------------------------------------------------    -------------------
                         (clock pll_adc_clk rise edge)
                                                      0.000     0.000 r  
    U18                                               0.000     0.000 r  adc_clk_p_i (IN)
                         net (fo=0)                   0.000     0.000    adc_clk_p_i
    U18                  IBUFDS (Prop_ibufds_I_O)     0.983     0.983 r  i_clk/O
                         net (fo=250, routed)         1.306     2.289    pll/CLK
    PLLE2_ADV_X0Y0       PLLE2_ADV (Prop_plle2_adv_CLKIN1_CLKOUT0)
                                                     -8.533    -6.244 r  pll/pll/CLKOUT0
                         net (fo=1, routed)           1.754    -4.490    lopt
    BUFGCTRL_X0Y0        BUFG (Prop_bufg_I_O)         0.101    -4.389 r  bufg_adc_clk/O
                         net (fo=11053, routed)       1.667    -2.722    dpll_wrapper_inst/reg_cic_rate/adc_clk
    SLICE_X32Y34         FDRE                                         r  dpll_wrapper_inst/reg_cic_rate/output_reg[6]/C
  -------------------------------------------------------------------    -------------------
    SLICE_X32Y34         FDRE (Prop_fdre_C_Q)         0.518    -2.204 r  dpll_wrapper_inst/reg_cic_rate/output_reg[6]/Q
                         net (fo=3, routed)           1.202    -1.002    dpll_wrapper_inst/reg_cic_rate/Q[6]
    SLICE_X30Y30         LUT2 (Prop_lut2_I0_O)        0.124    -0.878 r  dpll_wrapper_inst/reg_cic_rate/active_rate_r[8]_i_4/O
                         net (fo=1, routed)           0.855    -0.023    dpll_wrapper_inst/reg_cic_rate/active_rate_r[8]_i_4_n_0
    SLICE_X30Y42         LUT6 (Prop_lut6_I5_O)        0.124     0.101 r  dpll_wrapper_inst/reg_cic_rate/active_rate_r[8]_i_2/O
                         net (fo=4, routed)           1.771     1.873    dpll_wrapper_inst/dpll_single_clock_core_stage_a_inst/post_iq_cic_inst/p_2_in
    SLICE_X38Y65         LUT5 (Prop_lut5_I1_O)        0.124     1.997 r  dpll_wrapper_inst/dpll_single_clock_core_stage_a_inst/post_iq_cic_inst/active_rounding_bias[44]_i_1/O
                         net (fo=45, routed)          2.234     4.230    dpll_wrapper_inst/dpll_single_clock_core_stage_a_inst/post_iq_cic_inst/active_rounding_bias[44]_i_1_n_0
    SLICE_X31Y96         FDRE                                         r  dpll_wrapper_inst/dpll_single_clock_core_stage_a_inst/post_iq_cic_inst/active_rounding_bias_reg[32]/R
  -------------------------------------------------------------------    -------------------

                         (clock pll_adc_clk rise edge)
                                                      8.000     8.000 r  
    U18                                               0.000     8.000 r  adc_clk_p_i (IN)
                         net (fo=0)                   0.000     8.000    adc_clk_p_i
    U18                  IBUFDS (Prop_ibufds_I_O)     0.940     8.940 r  i_clk/O
                         net (fo=250, routed)         1.181    10.121    pll/CLK
    PLLE2_ADV_X0Y0       PLLE2_ADV (Prop_plle2_adv_CLKIN1_CLKOUT0)
                                                     -7.650     2.470 r  pll/pll/CLKOUT0
                         net (fo=1, routed)           1.594     4.065    lopt
    BUFGCTRL_X0Y0        BUFG (Prop_bufg_I_O)         0.091     4.156 r  bufg_adc_clk/O
                         net (fo=11053, routed)       1.489     5.644    dpll_wrapper_inst/dpll_single_clock_core_stage_a_inst/post_iq_cic_inst/adc_clk
    SLICE_X31Y96         FDRE                                         r  dpll_wrapper_inst/dpll_single_clock_core_stage_a_inst/post_iq_cic_inst/active_rounding_bias_reg[32]/C
                         clock pessimism             -0.544     5.100    
                         clock uncertainty           -0.069     5.031    
    SLICE_X31Y96         FDRE (Setup_fdre_C_R)       -0.429     4.602    dpll_wrapper_inst/dpll_single_clock_core_stage_a_inst/post_iq_cic_inst/active_rounding_bias_reg[32]
  -------------------------------------------------------------------
                         required time                          4.602    
                         arrival time                          -4.230    
  -------------------------------------------------------------------
                         slack                                  0.372    

Slack (MET) :             0.372ns  (required time - arrival time)
  Source:                 dpll_wrapper_inst/reg_cic_rate/output_reg[6]/C
                            (rising edge-triggered cell FDRE clocked by pll_adc_clk  {rise@0.000ns fall@4.000ns period=8.000ns})
  Destination:            dpll_wrapper_inst/dpll_single_clock_core_stage_a_inst/post_iq_cic_inst/active_rounding_bias_reg[36]/R
                            (rising edge-triggered cell FDRE clocked by pll_adc_clk  {rise@0.000ns fall@4.000ns period=8.000ns})
  Path Group:             pll_adc_clk
  Path Type:              Setup (Max at Slow Process Corner)
  Requirement:            8.000ns  (pll_adc_clk rise@8.000ns - pll_adc_clk rise@0.000ns)
  Data Path Delay:        6.952ns  (logic 0.890ns (12.802%)  route 6.062ns (87.198%))
  Logic Levels:           3  (LUT2=1 LUT5=1 LUT6=1)
  Clock Path Skew:        -0.178ns (DCD - SCD + CPR)
    Destination Clock Delay (DCD):    -2.356ns = ( 5.644 - 8.000 ) 
    Source Clock Delay      (SCD):    -2.722ns
    Clock Pessimism Removal (CPR):    -0.544ns
  Clock Uncertainty:      0.069ns  ((TSJ^2 + DJ^2)^1/2) / 2 + PE
    Total System Jitter     (TSJ):    0.071ns
    Discrete Jitter          (DJ):    0.118ns
    Phase Error              (PE):    0.000ns

    Location             Delay type                Incr(ns)  Path(ns)    Netlist Resource(s)
  -------------------------------------------------------------------    -------------------
                         (clock pll_adc_clk rise edge)
                                                      0.000     0.000 r  
    U18                                               0.000     0.000 r  adc_clk_p_i (IN)
                         net (fo=0)                   0.000     0.000    adc_clk_p_i
    U18                  IBUFDS (Prop_ibufds_I_O)     0.983     0.983 r  i_clk/O
                         net (fo=250, routed)         1.306     2.289    pll/CLK
    PLLE2_ADV_X0Y0       PLLE2_ADV (Prop_plle2_adv_CLKIN1_CLKOUT0)
                                                     -8.533    -6.244 r  pll/pll/CLKOUT0
                         net (fo=1, routed)           1.754    -4.490    lopt
    BUFGCTRL_X0Y0        BUFG (Prop_bufg_I_O)         0.101    -4.389 r  bufg_adc_clk/O
                         net (fo=11053, routed)       1.667    -2.722    dpll_wrapper_inst/reg_cic_rate/adc_clk
    SLICE_X32Y34         FDRE                                         r  dpll_wrapper_inst/reg_cic_rate/output_reg[6]/C
  -------------------------------------------------------------------    -------------------
    SLICE_X32Y34         FDRE (Prop_fdre_C_Q)         0.518    -2.204 r  dpll_wrapper_inst/reg_cic_rate/output_reg[6]/Q
                         net (fo=3, routed)           1.202    -1.002    dpll_wrapper_inst/reg_cic_rate/Q[6]
    SLICE_X30Y30         LUT2 (Prop_lut2_I0_O)        0.124    -0.878 r  dpll_wrapper_inst/reg_cic_rate/active_rate_r[8]_i_4/O
                         net (fo=1, routed)           0.855    -0.023    dpll_wrapper_inst/reg_cic_rate/active_rate_r[8]_i_4_n_0
    SLICE_X30Y42         LUT6 (Prop_lut6_I5_O)        0.124     0.101 r  dpll_wrapper_inst/reg_cic_rate/active_rate_r[8]_i_2/O
                         net (fo=4, routed)           1.771     1.873    dpll_wrapper_inst/dpll_single_clock_core_stage_a_inst/post_iq_cic_inst/p_2_in
    SLICE_X38Y65         LUT5 (Prop_lut5_I1_O)        0.124     1.997 r  dpll_wrapper_inst/dpll_single_clock_core_stage_a_inst/post_iq_cic_inst/active_rounding_bias[44]_i_1/O
                         net (fo=45, routed)          2.234     4.230    dpll_wrapper_inst/dpll_single_clock_core_stage_a_inst/post_iq_cic_inst/active_rounding_bias[44]_i_1_n_0
    SLICE_X31Y96         FDRE                                         r  dpll_wrapper_inst/dpll_single_clock_core_stage_a_inst/post_iq_cic_inst/active_rounding_bias_reg[36]/R
  -------------------------------------------------------------------    -------------------

                         (clock pll_adc_clk rise edge)
                                                      8.000     8.000 r  
    U18                                               0.000     8.000 r  adc_clk_p_i (IN)
                         net (fo=0)                   0.000     8.000    adc_clk_p_i
    U18                  IBUFDS (Prop_ibufds_I_O)     0.940     8.940 r  i_clk/O
                         net (fo=250, routed)         1.181    10.121    pll/CLK
    PLLE2_ADV_X0Y0       PLLE2_ADV (Prop_plle2_adv_CLKIN1_CLKOUT0)
                                                     -7.650     2.470 r  pll/pll/CLKOUT0
                         net (fo=1, routed)           1.594     4.065    lopt
    BUFGCTRL_X0Y0        BUFG (Prop_bufg_I_O)         0.091     4.156 r  bufg_adc_clk/O
                         net (fo=11053, routed)       1.489     5.644    dpll_wrapper_inst/dpll_single_clock_core_stage_a_inst/post_iq_cic_inst/adc_clk
    SLICE_X31Y96         FDRE                                         r  dpll_wrapper_inst/dpll_single_clock_core_stage_a_inst/post_iq_cic_inst/active_rounding_bias_reg[36]/C
                         clock pessimism             -0.544     5.100    
                         clock uncertainty           -0.069     5.031    
    SLICE_X31Y96         FDRE (Setup_fdre_C_R)       -0.429     4.602    dpll_wrapper_inst/dpll_single_clock_core_stage_a_inst/post_iq_cic_inst/active_rounding_bias_reg[36]
  -------------------------------------------------------------------
                         required time                          4.602    
                         arrival time                          -4.230    
  -------------------------------------------------------------------
                         slack                                  0.372    

Slack (MET) :             0.380ns  (required time - arrival time)
  Source:                 dpll_wrapper_inst/reg_cic_rate/output_reg[6]/C
                            (rising edge-triggered cell FDRE clocked by pll_adc_clk  {rise@0.000ns fall@4.000ns period=8.000ns})
  Destination:            dpll_wrapper_inst/dpll_single_clock_core_stage_a_inst/post_iq_cic_inst/active_rounding_bias_reg[33]/CE
                            (rising edge-triggered cell FDRE clocked by pll_adc_clk  {rise@0.000ns fall@4.000ns period=8.000ns})
  Path Group:             pll_adc_clk
  Path Type:              Setup (Max at Slow Process Corner)
  Requirement:            8.000ns  (pll_adc_clk rise@8.000ns - pll_adc_clk rise@0.000ns)
  Data Path Delay:        7.168ns  (logic 0.890ns (12.415%)  route 6.278ns (87.585%))
  Logic Levels:           3  (LUT2=1 LUT3=1 LUT6=1)
  Clock Path Skew:        -0.177ns (DCD - SCD + CPR)
    Destination Clock Delay (DCD):    -2.355ns = ( 5.645 - 8.000 ) 
    Source Clock Delay      (SCD):    -2.722ns
    Clock Pessimism Removal (CPR):    -0.544ns
  Clock Uncertainty:      0.069ns  ((TSJ^2 + DJ^2)^1/2) / 2 + PE
    Total System Jitter     (TSJ):    0.071ns
    Discrete Jitter          (DJ):    0.118ns
    Phase Error              (PE):    0.000ns

    Location             Delay type                Incr(ns)  Path(ns)    Netlist Resource(s)
  -------------------------------------------------------------------    -------------------
                         (clock pll_adc_clk rise edge)
                                                      0.000     0.000 r  
    U18                                               0.000     0.000 r  adc_clk_p_i (IN)
                         net (fo=0)                   0.000     0.000    adc_clk_p_i
    U18                  IBUFDS (Prop_ibufds_I_O)     0.983     0.983 r  i_clk/O
                         net (fo=250, routed)         1.306     2.289    pll/CLK
    PLLE2_ADV_X0Y0       PLLE2_ADV (Prop_plle2_adv_CLKIN1_CLKOUT0)
                                                     -8.533    -6.244 r  pll/pll/CLKOUT0
                         net (fo=1, routed)           1.754    -4.490    lopt
    BUFGCTRL_X0Y0        BUFG (Prop_bufg_I_O)         0.101    -4.389 r  bufg_adc_clk/O
                         net (fo=11053, routed)       1.667    -2.722    dpll_wrapper_inst/reg_cic_rate/adc_clk
    SLICE_X32Y34         FDRE                                         r  dpll_wrapper_inst/reg_cic_rate/output_reg[6]/C
  -------------------------------------------------------------------    -------------------
    SLICE_X32Y34         FDRE (Prop_fdre_C_Q)         0.518    -2.204 r  dpll_wrapper_inst/reg_cic_rate/output_reg[6]/Q
                         net (fo=3, routed)           1.202    -1.002    dpll_wrapper_inst/reg_cic_rate/Q[6]
    SLICE_X30Y30         LUT2 (Prop_lut2_I0_O)        0.124    -0.878 r  dpll_wrapper_inst/reg_cic_rate/active_rate_r[8]_i_4/O
                         net (fo=1, routed)           0.855    -0.023    dpll_wrapper_inst/reg_cic_rate/active_rate_r[8]_i_4_n_0
    SLICE_X30Y42         LUT6 (Prop_lut6_I5_O)        0.124     0.101 r  dpll_wrapper_inst/reg_cic_rate/active_rate_r[8]_i_2/O
                         net (fo=4, routed)           1.771     1.872    dpll_wrapper_inst/reg_config_apply/p_2_in
    SLICE_X37Y65         LUT3 (Prop_lut3_I2_O)        0.124     1.996 r  dpll_wrapper_inst/reg_config_apply/active_rate_r[8]_i_1/O
                         net (fo=60, routed)          2.450     4.447    dpll_wrapper_inst/dpll_single_clock_core_stage_a_inst/post_iq_cic_inst/active_rounding_bias_reg[0]_0[0]
    SLICE_X27Y97         FDRE                                         r  dpll_wrapper_inst/dpll_single_clock_core_stage_a_inst/post_iq_cic_inst/active_rounding_bias_reg[33]/CE
  -------------------------------------------------------------------    -------------------

                         (clock pll_adc_clk rise edge)
                                                      8.000     8.000 r  
    U18                                               0.000     8.000 r  adc_clk_p_i (IN)
                         net (fo=0)                   0.000     8.000    adc_clk_p_i
    U18                  IBUFDS (Prop_ibufds_I_O)     0.940     8.940 r  i_clk/O
                         net (fo=250, routed)         1.181    10.121    pll/CLK
    PLLE2_ADV_X0Y0       PLLE2_ADV (Prop_plle2_adv_CLKIN1_CLKOUT0)
                                                     -7.650     2.470 r  pll/pll/CLKOUT0
                         net (fo=1, routed)           1.594     4.065    lopt
    BUFGCTRL_X0Y0        BUFG (Prop_bufg_I_O)         0.091     4.156 r  bufg_adc_clk/O
                         net (fo=11053, routed)       1.490     5.645    dpll_wrapper_inst/dpll_single_clock_core_stage_a_inst/post_iq_cic_inst/adc_clk
    SLICE_X27Y97         FDRE                                         r  dpll_wrapper_inst/dpll_single_clock_core_stage_a_inst/post_iq_cic_inst/active_rounding_bias_reg[33]/C
                         clock pessimism             -0.544     5.101    
                         clock uncertainty           -0.069     5.032    
    SLICE_X27Y97         FDRE (Setup_fdre_C_CE)      -0.205     4.827    dpll_wrapper_inst/dpll_single_clock_core_stage_a_inst/post_iq_cic_inst/active_rounding_bias_reg[33]
  -------------------------------------------------------------------
                         required time                          4.827    
                         arrival time                          -4.447    
  -------------------------------------------------------------------
                         slack                                  0.380    

Slack (MET) :             0.380ns  (required time - arrival time)
  Source:                 dpll_wrapper_inst/reg_cic_rate/output_reg[6]/C
                            (rising edge-triggered cell FDRE clocked by pll_adc_clk  {rise@0.000ns fall@4.000ns period=8.000ns})
  Destination:            dpll_wrapper_inst/dpll_single_clock_core_stage_a_inst/post_iq_cic_inst/active_rounding_bias_reg[34]/CE
                            (rising edge-triggered cell FDRE clocked by pll_adc_clk  {rise@0.000ns fall@4.000ns period=8.000ns})
  Path Group:             pll_adc_clk
  Path Type:              Setup (Max at Slow Process Corner)
  Requirement:            8.000ns  (pll_adc_clk rise@8.000ns - pll_adc_clk rise@0.000ns)
  Data Path Delay:        7.168ns  (logic 0.890ns (12.415%)  route 6.278ns (87.585%))
  Logic Levels:           3  (LUT2=1 LUT3=1 LUT6=1)
  Clock Path Skew:        -0.177ns (DCD - SCD + CPR)
    Destination Clock Delay (DCD):    -2.355ns = ( 5.645 - 8.000 ) 
    Source Clock Delay      (SCD):    -2.722ns
    Clock Pessimism Removal (CPR):    -0.544ns
  Clock Uncertainty:      0.069ns  ((TSJ^2 + DJ^2)^1/2) / 2 + PE
    Total System Jitter     (TSJ):    0.071ns
    Discrete Jitter          (DJ):    0.118ns
    Phase Error              (PE):    0.000ns

    Location             Delay type                Incr(ns)  Path(ns)    Netlist Resource(s)
  -------------------------------------------------------------------    -------------------
                         (clock pll_adc_clk rise edge)
                                                      0.000     0.000 r  
    U18                                               0.000     0.000 r  adc_clk_p_i (IN)
                         net (fo=0)                   0.000     0.000    adc_clk_p_i
    U18                  IBUFDS (Prop_ibufds_I_O)     0.983     0.983 r  i_clk/O
                         net (fo=250, routed)         1.306     2.289    pll/CLK
    PLLE2_ADV_X0Y0       PLLE2_ADV (Prop_plle2_adv_CLKIN1_CLKOUT0)
                                                     -8.533    -6.244 r  pll/pll/CLKOUT0
                         net (fo=1, routed)           1.754    -4.490    lopt
    BUFGCTRL_X0Y0        BUFG (Prop_bufg_I_O)         0.101    -4.389 r  bufg_adc_clk/O
                         net (fo=11053, routed)       1.667    -2.722    dpll_wrapper_inst/reg_cic_rate/adc_clk
    SLICE_X32Y34         FDRE                                         r  dpll_wrapper_inst/reg_cic_rate/output_reg[6]/C
  -------------------------------------------------------------------    -------------------
    SLICE_X32Y34         FDRE (Prop_fdre_C_Q)         0.518    -2.204 r  dpll_wrapper_inst/reg_cic_rate/output_reg[6]/Q
                         net (fo=3, routed)           1.202    -1.002    dpll_wrapper_inst/reg_cic_rate/Q[6]
    SLICE_X30Y30         LUT2 (Prop_lut2_I0_O)        0.124    -0.878 r  dpll_wrapper_inst/reg_cic_rate/active_rate_r[8]_i_4/O
                         net (fo=1, routed)           0.855    -0.023    dpll_wrapper_inst/reg_cic_rate/active_rate_r[8]_i_4_n_0
    SLICE_X30Y42         LUT6 (Prop_lut6_I5_O)        0.124     0.101 r  dpll_wrapper_inst/reg_cic_rate/active_rate_r[8]_i_2/O
                         net (fo=4, routed)           1.771     1.872    dpll_wrapper_inst/reg_config_apply/p_2_in
    SLICE_X37Y65         LUT3 (Prop_lut3_I2_O)        0.124     1.996 r  dpll_wrapper_inst/reg_config_apply/active_rate_r[8]_i_1/O
                         net (fo=60, routed)          2.450     4.447    dpll_wrapper_inst/dpll_single_clock_core_stage_a_inst/post_iq_cic_inst/active_rounding_bias_reg[0]_0[0]
    SLICE_X27Y97         FDRE                                         r  dpll_wrapper_inst/dpll_single_clock_core_stage_a_inst/post_iq_cic_inst/active_rounding_bias_reg[34]/CE
  -------------------------------------------------------------------    -------------------

                         (clock pll_adc_clk rise edge)
                                                      8.000     8.000 r  
    U18                                               0.000     8.000 r  adc_clk_p_i (IN)
                         net (fo=0)                   0.000     8.000    adc_clk_p_i
    U18                  IBUFDS (Prop_ibufds_I_O)     0.940     8.940 r  i_clk/O
                         net (fo=250, routed)         1.181    10.121    pll/CLK
    PLLE2_ADV_X0Y0       PLLE2_ADV (Prop_plle2_adv_CLKIN1_CLKOUT0)
                                                     -7.650     2.470 r  pll/pll/CLKOUT0
                         net (fo=1, routed)           1.594     4.065    lopt
    BUFGCTRL_X0Y0        BUFG (Prop_bufg_I_O)         0.091     4.156 r  bufg_adc_clk/O
                         net (fo=11053, routed)       1.490     5.645    dpll_wrapper_inst/dpll_single_clock_core_stage_a_inst/post_iq_cic_inst/adc_clk
    SLICE_X27Y97         FDRE                                         r  dpll_wrapper_inst/dpll_single_clock_core_stage_a_inst/post_iq_cic_inst/active_rounding_bias_reg[34]/C
                         clock pessimism             -0.544     5.101    
                         clock uncertainty           -0.069     5.032    
    SLICE_X27Y97         FDRE (Setup_fdre_C_CE)      -0.205     4.827    dpll_wrapper_inst/dpll_single_clock_core_stage_a_inst/post_iq_cic_inst/active_rounding_bias_reg[34]
  -------------------------------------------------------------------
                         required time                          4.827    
                         arrival time                          -4.447    
  -------------------------------------------------------------------
                         slack                                  0.380    

Slack (MET) :             0.380ns  (required time - arrival time)
  Source:                 dpll_wrapper_inst/reg_cic_rate/output_reg[6]/C
                            (rising edge-triggered cell FDRE clocked by pll_adc_clk  {rise@0.000ns fall@4.000ns period=8.000ns})
  Destination:            dpll_wrapper_inst/dpll_single_clock_core_stage_a_inst/post_iq_cic_inst/active_rounding_bias_reg[35]/CE
                            (rising edge-triggered cell FDRE clocked by pll_adc_clk  {rise@0.000ns fall@4.000ns period=8.000ns})
  Path Group:             pll_adc_clk
  Path Type:              Setup (Max at Slow Process Corner)
  Requirement:            8.000ns  (pll_adc_clk rise@8.000ns - pll_adc_clk rise@0.000ns)
  Data Path Delay:        7.168ns  (logic 0.890ns (12.415%)  route 6.278ns (87.585%))
  Logic Levels:           3  (LUT2=1 LUT3=1 LUT6=1)
  Clock Path Skew:        -0.177ns (DCD - SCD + CPR)
    Destination Clock Delay (DCD):    -2.355ns = ( 5.645 - 8.000 ) 
    Source Clock Delay      (SCD):    -2.722ns
    Clock Pessimism Removal (CPR):    -0.544ns
  Clock Uncertainty:      0.069ns  ((TSJ^2 + DJ^2)^1/2) / 2 + PE
    Total System Jitter     (TSJ):    0.071ns
    Discrete Jitter          (DJ):    0.118ns
    Phase Error              (PE):    0.000ns

    Location             Delay type                Incr(ns)  Path(ns)    Netlist Resource(s)
  -------------------------------------------------------------------    -------------------
                         (clock pll_adc_clk rise edge)
                                                      0.000     0.000 r  
    U18                                               0.000     0.000 r  adc_clk_p_i (IN)
                         net (fo=0)                   0.000     0.000    adc_clk_p_i
    U18                  IBUFDS (Prop_ibufds_I_O)     0.983     0.983 r  i_clk/O
                         net (fo=250, routed)         1.306     2.289    pll/CLK
    PLLE2_ADV_X0Y0       PLLE2_ADV (Prop_plle2_adv_CLKIN1_CLKOUT0)
                                                     -8.533    -6.244 r  pll/pll/CLKOUT0
                         net (fo=1, routed)           1.754    -4.490    lopt
    BUFGCTRL_X0Y0        BUFG (Prop_bufg_I_O)         0.101    -4.389 r  bufg_adc_clk/O
                         net (fo=11053, routed)       1.667    -2.722    dpll_wrapper_inst/reg_cic_rate/adc_clk
    SLICE_X32Y34         FDRE                                         r  dpll_wrapper_inst/reg_cic_rate/output_reg[6]/C
  -------------------------------------------------------------------    -------------------
    SLICE_X32Y34         FDRE (Prop_fdre_C_Q)         0.518    -2.204 r  dpll_wrapper_inst/reg_cic_rate/output_reg[6]/Q
                         net (fo=3, routed)           1.202    -1.002    dpll_wrapper_inst/reg_cic_rate/Q[6]
    SLICE_X30Y30         LUT2 (Prop_lut2_I0_O)        0.124    -0.878 r  dpll_wrapper_inst/reg_cic_rate/active_rate_r[8]_i_4/O
                         net (fo=1, routed)           0.855    -0.023    dpll_wrapper_inst/reg_cic_rate/active_rate_r[8]_i_4_n_0
    SLICE_X30Y42         LUT6 (Prop_lut6_I5_O)        0.124     0.101 r  dpll_wrapper_inst/reg_cic_rate/active_rate_r[8]_i_2/O
                         net (fo=4, routed)           1.771     1.872    dpll_wrapper_inst/reg_config_apply/p_2_in
    SLICE_X37Y65         LUT3 (Prop_lut3_I2_O)        0.124     1.996 r  dpll_wrapper_inst/reg_config_apply/active_rate_r[8]_i_1/O
                         net (fo=60, routed)          2.450     4.447    dpll_wrapper_inst/dpll_single_clock_core_stage_a_inst/post_iq_cic_inst/active_rounding_bias_reg[0]_0[0]
    SLICE_X27Y97         FDRE                                         r  dpll_wrapper_inst/dpll_single_clock_core_stage_a_inst/post_iq_cic_inst/active_rounding_bias_reg[35]/CE
  -------------------------------------------------------------------    -------------------

                         (clock pll_adc_clk rise edge)
                                                      8.000     8.000 r  
    U18                                               0.000     8.000 r  adc_clk_p_i (IN)
                         net (fo=0)                   0.000     8.000    adc_clk_p_i
    U18                  IBUFDS (Prop_ibufds_I_O)     0.940     8.940 r  i_clk/O
                         net (fo=250, routed)         1.181    10.121    pll/CLK
    PLLE2_ADV_X0Y0       PLLE2_ADV (Prop_plle2_adv_CLKIN1_CLKOUT0)
                                                     -7.650     2.470 r  pll/pll/CLKOUT0
                         net (fo=1, routed)           1.594     4.065    lopt
    BUFGCTRL_X0Y0        BUFG (Prop_bufg_I_O)         0.091     4.156 r  bufg_adc_clk/O
                         net (fo=11053, routed)       1.490     5.645    dpll_wrapper_inst/dpll_single_clock_core_stage_a_inst/post_iq_cic_inst/adc_clk
    SLICE_X27Y97         FDRE                                         r  dpll_wrapper_inst/dpll_single_clock_core_stage_a_inst/post_iq_cic_inst/active_rounding_bias_reg[35]/C
                         clock pessimism             -0.544     5.101    
                         clock uncertainty           -0.069     5.032    
    SLICE_X27Y97         FDRE (Setup_fdre_C_CE)      -0.205     4.827    dpll_wrapper_inst/dpll_single_clock_core_stage_a_inst/post_iq_cic_inst/active_rounding_bias_reg[35]
  -------------------------------------------------------------------
                         required time                          4.827    
                         arrival time                          -4.447    
  -------------------------------------------------------------------
                         slack                                  0.380    

Slack (MET) :             0.380ns  (required time - arrival time)
  Source:                 dpll_wrapper_inst/reg_cic_rate/output_reg[6]/C
                            (rising edge-triggered cell FDRE clocked by pll_adc_clk  {rise@0.000ns fall@4.000ns period=8.000ns})
  Destination:            dpll_wrapper_inst/dpll_single_clock_core_stage_a_inst/post_iq_cic_inst/active_rounding_bias_reg[38]/CE
                            (rising edge-triggered cell FDRE clocked by pll_adc_clk  {rise@0.000ns fall@4.000ns period=8.000ns})
  Path Group:             pll_adc_clk
  Path Type:              Setup (Max at Slow Process Corner)
  Requirement:            8.000ns  (pll_adc_clk rise@8.000ns - pll_adc_clk rise@0.000ns)
  Data Path Delay:        7.168ns  (logic 0.890ns (12.415%)  route 6.278ns (87.585%))
  Logic Levels:           3  (LUT2=1 LUT3=1 LUT6=1)
  Clock Path Skew:        -0.177ns (DCD - SCD + CPR)
    Destination Clock Delay (DCD):    -2.355ns = ( 5.645 - 8.000 ) 
    Source Clock Delay      (SCD):    -2.722ns
    Clock Pessimism Removal (CPR):    -0.544ns
  Clock Uncertainty:      0.069ns  ((TSJ^2 + DJ^2)^1/2) / 2 + PE
    Total System Jitter     (TSJ):    0.071ns
    Discrete Jitter          (DJ):    0.118ns
    Phase Error              (PE):    0.000ns

    Location             Delay type                Incr(ns)  Path(ns)    Netlist Resource(s)
  -------------------------------------------------------------------    -------------------
                         (clock pll_adc_clk rise edge)
                                                      0.000     0.000 r  
    U18                                               0.000     0.000 r  adc_clk_p_i (IN)
                         net (fo=0)                   0.000     0.000    adc_clk_p_i
    U18                  IBUFDS (Prop_ibufds_I_O)     0.983     0.983 r  i_clk/O
                         net (fo=250, routed)         1.306     2.289    pll/CLK
    PLLE2_ADV_X0Y0       PLLE2_ADV (Prop_plle2_adv_CLKIN1_CLKOUT0)
                                                     -8.533    -6.244 r  pll/pll/CLKOUT0
                         net (fo=1, routed)           1.754    -4.490    lopt
    BUFGCTRL_X0Y0        BUFG (Prop_bufg_I_O)         0.101    -4.389 r  bufg_adc_clk/O
                         net (fo=11053, routed)       1.667    -2.722    dpll_wrapper_inst/reg_cic_rate/adc_clk
    SLICE_X32Y34         FDRE                                         r  dpll_wrapper_inst/reg_cic_rate/output_reg[6]/C
  -------------------------------------------------------------------    -------------------
    SLICE_X32Y34         FDRE (Prop_fdre_C_Q)         0.518    -2.204 r  dpll_wrapper_inst/reg_cic_rate/output_reg[6]/Q
                         net (fo=3, routed)           1.202    -1.002    dpll_wrapper_inst/reg_cic_rate/Q[6]
    SLICE_X30Y30         LUT2 (Prop_lut2_I0_O)        0.124    -0.878 r  dpll_wrapper_inst/reg_cic_rate/active_rate_r[8]_i_4/O
                         net (fo=1, routed)           0.855    -0.023    dpll_wrapper_inst/reg_cic_rate/active_rate_r[8]_i_4_n_0
    SLICE_X30Y42         LUT6 (Prop_lut6_I5_O)        0.124     0.101 r  dpll_wrapper_inst/reg_cic_rate/active_rate_r[8]_i_2/O
                         net (fo=4, routed)           1.771     1.872    dpll_wrapper_inst/reg_config_apply/p_2_in
    SLICE_X37Y65         LUT3 (Prop_lut3_I2_O)        0.124     1.996 r  dpll_wrapper_inst/reg_config_apply/active_rate_r[8]_i_1/O
                         net (fo=60, routed)          2.450     4.447    dpll_wrapper_inst/dpll_single_clock_core_stage_a_inst/post_iq_cic_inst/active_rounding_bias_reg[0]_0[0]
    SLICE_X27Y97         FDRE                                         r  dpll_wrapper_inst/dpll_single_clock_core_stage_a_inst/post_iq_cic_inst/active_rounding_bias_reg[38]/CE
  -------------------------------------------------------------------    -------------------

                         (clock pll_adc_clk rise edge)
                                                      8.000     8.000 r  
    U18                                               0.000     8.000 r  adc_clk_p_i (IN)
                         net (fo=0)                   0.000     8.000    adc_clk_p_i
    U18                  IBUFDS (Prop_ibufds_I_O)     0.940     8.940 r  i_clk/O
                         net (fo=250, routed)         1.181    10.121    pll/CLK
    PLLE2_ADV_X0Y0       PLLE2_ADV (Prop_plle2_adv_CLKIN1_CLKOUT0)
                                                     -7.650     2.470 r  pll/pll/CLKOUT0
                         net (fo=1, routed)           1.594     4.065    lopt
    BUFGCTRL_X0Y0        BUFG (Prop_bufg_I_O)         0.091     4.156 r  bufg_adc_clk/O
                         net (fo=11053, routed)       1.490     5.645    dpll_wrapper_inst/dpll_single_clock_core_stage_a_inst/post_iq_cic_inst/adc_clk
    SLICE_X27Y97         FDRE                                         r  dpll_wrapper_inst/dpll_single_clock_core_stage_a_inst/post_iq_cic_inst/active_rounding_bias_reg[38]/C
                         clock pessimism             -0.544     5.101    
                         clock uncertainty           -0.069     5.032    
    SLICE_X27Y97         FDRE (Setup_fdre_C_CE)      -0.205     4.827    dpll_wrapper_inst/dpll_single_clock_core_stage_a_inst/post_iq_cic_inst/active_rounding_bias_reg[38]
  -------------------------------------------------------------------
                         required time                          4.827    
                         arrival time                          -4.447    
  -------------------------------------------------------------------
                         slack                                  0.380    

Slack (MET) :             0.388ns  (required time - arrival time)
  Source:                 dpll_wrapper_inst/reg_cic_rate/output_reg[6]/C
                            (rising edge-triggered cell FDRE clocked by pll_adc_clk  {rise@0.000ns fall@4.000ns period=8.000ns})
  Destination:            dpll_wrapper_inst/dpll_single_clock_core_stage_a_inst/post_iq_cic_inst/active_rounding_bias_reg[19]/R
                            (rising edge-triggered cell FDRE clocked by pll_adc_clk  {rise@0.000ns fall@4.000ns period=8.000ns})
  Path Group:             pll_adc_clk
  Path Type:              Setup (Max at Slow Process Corner)
  Requirement:            8.000ns  (pll_adc_clk rise@8.000ns - pll_adc_clk rise@0.000ns)
  Data Path Delay:        6.936ns  (logic 0.890ns (12.831%)  route 6.046ns (87.169%))
  Logic Levels:           3  (LUT2=1 LUT5=1 LUT6=1)
  Clock Path Skew:        -0.177ns (DCD - SCD + CPR)
    Destination Clock Delay (DCD):    -2.355ns = ( 5.645 - 8.000 ) 
    Source Clock Delay      (SCD):    -2.722ns
    Clock Pessimism Removal (CPR):    -0.544ns
  Clock Uncertainty:      0.069ns  ((TSJ^2 + DJ^2)^1/2) / 2 + PE
    Total System Jitter     (TSJ):    0.071ns
    Discrete Jitter          (DJ):    0.118ns
    Phase Error              (PE):    0.000ns

    Location             Delay type                Incr(ns)  Path(ns)    Netlist Resource(s)
  -------------------------------------------------------------------    -------------------
                         (clock pll_adc_clk rise edge)
                                                      0.000     0.000 r  
    U18                                               0.000     0.000 r  adc_clk_p_i (IN)
                         net (fo=0)                   0.000     0.000    adc_clk_p_i
    U18                  IBUFDS (Prop_ibufds_I_O)     0.983     0.983 r  i_clk/O
                         net (fo=250, routed)         1.306     2.289    pll/CLK
    PLLE2_ADV_X0Y0       PLLE2_ADV (Prop_plle2_adv_CLKIN1_CLKOUT0)
                                                     -8.533    -6.244 r  pll/pll/CLKOUT0
                         net (fo=1, routed)           1.754    -4.490    lopt
    BUFGCTRL_X0Y0        BUFG (Prop_bufg_I_O)         0.101    -4.389 r  bufg_adc_clk/O
                         net (fo=11053, routed)       1.667    -2.722    dpll_wrapper_inst/reg_cic_rate/adc_clk
    SLICE_X32Y34         FDRE                                         r  dpll_wrapper_inst/reg_cic_rate/output_reg[6]/C
  -------------------------------------------------------------------    -------------------
    SLICE_X32Y34         FDRE (Prop_fdre_C_Q)         0.518    -2.204 r  dpll_wrapper_inst/reg_cic_rate/output_reg[6]/Q
                         net (fo=3, routed)           1.202    -1.002    dpll_wrapper_inst/reg_cic_rate/Q[6]
    SLICE_X30Y30         LUT2 (Prop_lut2_I0_O)        0.124    -0.878 r  dpll_wrapper_inst/reg_cic_rate/active_rate_r[8]_i_4/O
                         net (fo=1, routed)           0.855    -0.023    dpll_wrapper_inst/reg_cic_rate/active_rate_r[8]_i_4_n_0
    SLICE_X30Y42         LUT6 (Prop_lut6_I5_O)        0.124     0.101 r  dpll_wrapper_inst/reg_cic_rate/active_rate_r[8]_i_2/O
                         net (fo=4, routed)           1.771     1.873    dpll_wrapper_inst/dpll_single_clock_core_stage_a_inst/post_iq_cic_inst/p_2_in
    SLICE_X38Y65         LUT5 (Prop_lut5_I1_O)        0.124     1.997 r  dpll_wrapper_inst/dpll_single_clock_core_stage_a_inst/post_iq_cic_inst/active_rounding_bias[44]_i_1/O
                         net (fo=45, routed)          2.218     4.214    dpll_wrapper_inst/dpll_single_clock_core_stage_a_inst/post_iq_cic_inst/active_rounding_bias[44]_i_1_n_0
    SLICE_X35Y94         FDRE                                         r  dpll_wrapper_inst/dpll_single_clock_core_stage_a_inst/post_iq_cic_inst/active_rounding_bias_reg[19]/R
  -------------------------------------------------------------------    -------------------

                         (clock pll_adc_clk rise edge)
                                                      8.000     8.000 r  
    U18                                               0.000     8.000 r  adc_clk_p_i (IN)
                         net (fo=0)                   0.000     8.000    adc_clk_p_i
    U18                  IBUFDS (Prop_ibufds_I_O)     0.940     8.940 r  i_clk/O
                         net (fo=250, routed)         1.181    10.121    pll/CLK
    PLLE2_ADV_X0Y0       PLLE2_ADV (Prop_plle2_adv_CLKIN1_CLKOUT0)
                                                     -7.650     2.470 r  pll/pll/CLKOUT0
                         net (fo=1, routed)           1.594     4.065    lopt
    BUFGCTRL_X0Y0        BUFG (Prop_bufg_I_O)         0.091     4.156 r  bufg_adc_clk/O
                         net (fo=11053, routed)       1.490     5.645    dpll_wrapper_inst/dpll_single_clock_core_stage_a_inst/post_iq_cic_inst/adc_clk
    SLICE_X35Y94         FDRE                                         r  dpll_wrapper_inst/dpll_single_clock_core_stage_a_inst/post_iq_cic_inst/active_rounding_bias_reg[19]/C
                         clock pessimism             -0.544     5.101    
                         clock uncertainty           -0.069     5.032    
    SLICE_X35Y94         FDRE (Setup_fdre_C_R)       -0.429     4.603    dpll_wrapper_inst/dpll_single_clock_core_stage_a_inst/post_iq_cic_inst/active_rounding_bias_reg[19]
  -------------------------------------------------------------------
                         required time                          4.603    
                         arrival time                          -4.214    
  -------------------------------------------------------------------
                         slack                                  0.388    

Slack (MET) :             0.420ns  (required time - arrival time)
  Source:                 dpll_wrapper_inst/reg_cic_rate/output_reg[6]/C
                            (rising edge-triggered cell FDRE clocked by pll_adc_clk  {rise@0.000ns fall@4.000ns period=8.000ns})
  Destination:            dpll_wrapper_inst/dpll_single_clock_core_stage_a_inst/post_iq_cic_inst/active_rounding_bias_reg[22]/CE
                            (rising edge-triggered cell FDRE clocked by pll_adc_clk  {rise@0.000ns fall@4.000ns period=8.000ns})
  Path Group:             pll_adc_clk
  Path Type:              Setup (Max at Slow Process Corner)
  Requirement:            8.000ns  (pll_adc_clk rise@8.000ns - pll_adc_clk rise@0.000ns)
  Data Path Delay:        7.128ns  (logic 0.890ns (12.487%)  route 6.238ns (87.513%))
  Logic Levels:           3  (LUT2=1 LUT3=1 LUT6=1)
  Clock Path Skew:        -0.178ns (DCD - SCD + CPR)
    Destination Clock Delay (DCD):    -2.356ns = ( 5.644 - 8.000 ) 
    Source Clock Delay      (SCD):    -2.722ns
    Clock Pessimism Removal (CPR):    -0.544ns
  Clock Uncertainty:      0.069ns  ((TSJ^2 + DJ^2)^1/2) / 2 + PE
    Total System Jitter     (TSJ):    0.071ns
    Discrete Jitter          (DJ):    0.118ns
    Phase Error              (PE):    0.000ns

    Location             Delay type                Incr(ns)  Path(ns)    Netlist Resource(s)
  -------------------------------------------------------------------    -------------------
                         (clock pll_adc_clk rise edge)
                                                      0.000     0.000 r  
    U18                                               0.000     0.000 r  adc_clk_p_i (IN)
                         net (fo=0)                   0.000     0.000    adc_clk_p_i
    U18                  IBUFDS (Prop_ibufds_I_O)     0.983     0.983 r  i_clk/O
                         net (fo=250, routed)         1.306     2.289    pll/CLK
    PLLE2_ADV_X0Y0       PLLE2_ADV (Prop_plle2_adv_CLKIN1_CLKOUT0)
                                                     -8.533    -6.244 r  pll/pll/CLKOUT0
                         net (fo=1, routed)           1.754    -4.490    lopt
    BUFGCTRL_X0Y0        BUFG (Prop_bufg_I_O)         0.101    -4.389 r  bufg_adc_clk/O
                         net (fo=11053, routed)       1.667    -2.722    dpll_wrapper_inst/reg_cic_rate/adc_clk
    SLICE_X32Y34         FDRE                                         r  dpll_wrapper_inst/reg_cic_rate/output_reg[6]/C
  -------------------------------------------------------------------    -------------------
    SLICE_X32Y34         FDRE (Prop_fdre_C_Q)         0.518    -2.204 r  dpll_wrapper_inst/reg_cic_rate/output_reg[6]/Q
                         net (fo=3, routed)           1.202    -1.002    dpll_wrapper_inst/reg_cic_rate/Q[6]
    SLICE_X30Y30         LUT2 (Prop_lut2_I0_O)        0.124    -0.878 r  dpll_wrapper_inst/reg_cic_rate/active_rate_r[8]_i_4/O
                         net (fo=1, routed)           0.855    -0.023    dpll_wrapper_inst/reg_cic_rate/active_rate_r[8]_i_4_n_0
    SLICE_X30Y42         LUT6 (Prop_lut6_I5_O)        0.124     0.101 r  dpll_wrapper_inst/reg_cic_rate/active_rate_r[8]_i_2/O
                         net (fo=4, routed)           1.771     1.872    dpll_wrapper_inst/reg_config_apply/p_2_in
    SLICE_X37Y65         LUT3 (Prop_lut3_I2_O)        0.124     1.996 r  dpll_wrapper_inst/reg_config_apply/active_rate_r[8]_i_1/O
                         net (fo=60, routed)          2.410     4.406    dpll_wrapper_inst/dpll_single_clock_core_stage_a_inst/post_iq_cic_inst/active_rounding_bias_reg[0]_0[0]
    SLICE_X26Y94         FDRE                                         r  dpll_wrapper_inst/dpll_single_clock_core_stage_a_inst/post_iq_cic_inst/active_rounding_bias_reg[22]/CE
  -------------------------------------------------------------------    -------------------

                         (clock pll_adc_clk rise edge)
                                                      8.000     8.000 r  
    U18                                               0.000     8.000 r  adc_clk_p_i (IN)
                         net (fo=0)                   0.000     8.000    adc_clk_p_i
    U18                  IBUFDS (Prop_ibufds_I_O)     0.940     8.940 r  i_clk/O
                         net (fo=250, routed)         1.181    10.121    pll/CLK
    PLLE2_ADV_X0Y0       PLLE2_ADV (Prop_plle2_adv_CLKIN1_CLKOUT0)
                                                     -7.650     2.470 r  pll/pll/CLKOUT0
                         net (fo=1, routed)           1.594     4.065    lopt
    BUFGCTRL_X0Y0        BUFG (Prop_bufg_I_O)         0.091     4.156 r  bufg_adc_clk/O
                         net (fo=11053, routed)       1.489     5.644    dpll_wrapper_inst/dpll_single_clock_core_stage_a_inst/post_iq_cic_inst/adc_clk
    SLICE_X26Y94         FDRE                                         r  dpll_wrapper_inst/dpll_single_clock_core_stage_a_inst/post_iq_cic_inst/active_rounding_bias_reg[22]/C
                         clock pessimism             -0.544     5.100    
                         clock uncertainty           -0.069     5.031    
    SLICE_X26Y94         FDRE (Setup_fdre_C_CE)      -0.205     4.826    dpll_wrapper_inst/dpll_single_clock_core_stage_a_inst/post_iq_cic_inst/active_rounding_bias_reg[22]
  -------------------------------------------------------------------
                         required time                          4.826    
                         arrival time                          -4.406    
  -------------------------------------------------------------------
                         slack                                  0.420    

Slack (MET) :             0.420ns  (required time - arrival time)
  Source:                 dpll_wrapper_inst/reg_cic_rate/output_reg[6]/C
                            (rising edge-triggered cell FDRE clocked by pll_adc_clk  {rise@0.000ns fall@4.000ns period=8.000ns})
  Destination:            dpll_wrapper_inst/dpll_single_clock_core_stage_a_inst/post_iq_cic_inst/active_rounding_bias_reg[23]/CE
                            (rising edge-triggered cell FDRE clocked by pll_adc_clk  {rise@0.000ns fall@4.000ns period=8.000ns})
  Path Group:             pll_adc_clk
  Path Type:              Setup (Max at Slow Process Corner)
  Requirement:            8.000ns  (pll_adc_clk rise@8.000ns - pll_adc_clk rise@0.000ns)
  Data Path Delay:        7.128ns  (logic 0.890ns (12.487%)  route 6.238ns (87.513%))
  Logic Levels:           3  (LUT2=1 LUT3=1 LUT6=1)
  Clock Path Skew:        -0.178ns (DCD - SCD + CPR)
    Destination Clock Delay (DCD):    -2.356ns = ( 5.644 - 8.000 ) 
    Source Clock Delay      (SCD):    -2.722ns
    Clock Pessimism Removal (CPR):    -0.544ns
  Clock Uncertainty:      0.069ns  ((TSJ^2 + DJ^2)^1/2) / 2 + PE
    Total System Jitter     (TSJ):    0.071ns
    Discrete Jitter          (DJ):    0.118ns
    Phase Error              (PE):    0.000ns

    Location             Delay type                Incr(ns)  Path(ns)    Netlist Resource(s)
  -------------------------------------------------------------------    -------------------
                         (clock pll_adc_clk rise edge)
                                                      0.000     0.000 r  
    U18                                               0.000     0.000 r  adc_clk_p_i (IN)
                         net (fo=0)                   0.000     0.000    adc_clk_p_i
    U18                  IBUFDS (Prop_ibufds_I_O)     0.983     0.983 r  i_clk/O
                         net (fo=250, routed)         1.306     2.289    pll/CLK
    PLLE2_ADV_X0Y0       PLLE2_ADV (Prop_plle2_adv_CLKIN1_CLKOUT0)
                                                     -8.533    -6.244 r  pll/pll/CLKOUT0
                         net (fo=1, routed)           1.754    -4.490    lopt
    BUFGCTRL_X0Y0        BUFG (Prop_bufg_I_O)         0.101    -4.389 r  bufg_adc_clk/O
                         net (fo=11053, routed)       1.667    -2.722    dpll_wrapper_inst/reg_cic_rate/adc_clk
    SLICE_X32Y34         FDRE                                         r  dpll_wrapper_inst/reg_cic_rate/output_reg[6]/C
  -------------------------------------------------------------------    -------------------
    SLICE_X32Y34         FDRE (Prop_fdre_C_Q)         0.518    -2.204 r  dpll_wrapper_inst/reg_cic_rate/output_reg[6]/Q
                         net (fo=3, routed)           1.202    -1.002    dpll_wrapper_inst/reg_cic_rate/Q[6]
    SLICE_X30Y30         LUT2 (Prop_lut2_I0_O)        0.124    -0.878 r  dpll_wrapper_inst/reg_cic_rate/active_rate_r[8]_i_4/O
                         net (fo=1, routed)           0.855    -0.023    dpll_wrapper_inst/reg_cic_rate/active_rate_r[8]_i_4_n_0
    SLICE_X30Y42         LUT6 (Prop_lut6_I5_O)        0.124     0.101 r  dpll_wrapper_inst/reg_cic_rate/active_rate_r[8]_i_2/O
                         net (fo=4, routed)           1.771     1.872    dpll_wrapper_inst/reg_config_apply/p_2_in
    SLICE_X37Y65         LUT3 (Prop_lut3_I2_O)        0.124     1.996 r  dpll_wrapper_inst/reg_config_apply/active_rate_r[8]_i_1/O
                         net (fo=60, routed)          2.410     4.406    dpll_wrapper_inst/dpll_single_clock_core_stage_a_inst/post_iq_cic_inst/active_rounding_bias_reg[0]_0[0]
    SLICE_X26Y94         FDRE                                         r  dpll_wrapper_inst/dpll_single_clock_core_stage_a_inst/post_iq_cic_inst/active_rounding_bias_reg[23]/CE
  -------------------------------------------------------------------    -------------------

                         (clock pll_adc_clk rise edge)
                                                      8.000     8.000 r  
    U18                                               0.000     8.000 r  adc_clk_p_i (IN)
                         net (fo=0)                   0.000     8.000    adc_clk_p_i
    U18                  IBUFDS (Prop_ibufds_I_O)     0.940     8.940 r  i_clk/O
                         net (fo=250, routed)         1.181    10.121    pll/CLK
    PLLE2_ADV_X0Y0       PLLE2_ADV (Prop_plle2_adv_CLKIN1_CLKOUT0)
                                                     -7.650     2.470 r  pll/pll/CLKOUT0
                         net (fo=1, routed)           1.594     4.065    lopt
    BUFGCTRL_X0Y0        BUFG (Prop_bufg_I_O)         0.091     4.156 r  bufg_adc_clk/O
                         net (fo=11053, routed)       1.489     5.644    dpll_wrapper_inst/dpll_single_clock_core_stage_a_inst/post_iq_cic_inst/adc_clk
    SLICE_X26Y94         FDRE                                         r  dpll_wrapper_inst/dpll_single_clock_core_stage_a_inst/post_iq_cic_inst/active_rounding_bias_reg[23]/C
                         clock pessimism             -0.544     5.100    
                         clock uncertainty           -0.069     5.031    
    SLICE_X26Y94         FDRE (Setup_fdre_C_CE)      -0.205     4.826    dpll_wrapper_inst/dpll_single_clock_core_stage_a_inst/post_iq_cic_inst/active_rounding_bias_reg[23]
  -------------------------------------------------------------------
                         required time                          4.826    
                         arrival time                          -4.406    
  -------------------------------------------------------------------
                         slack                                  0.420    

Slack (MET) :             0.422ns  (required time - arrival time)
  Source:                 dpll_wrapper_inst/reg_cic_rate/output_reg[6]/C
                            (rising edge-triggered cell FDRE clocked by pll_adc_clk  {rise@0.000ns fall@4.000ns period=8.000ns})
  Destination:            dpll_wrapper_inst/dpll_single_clock_core_stage_a_inst/post_iq_cic_inst/active_rounding_bias_reg[17]/CE
                            (rising edge-triggered cell FDRE clocked by pll_adc_clk  {rise@0.000ns fall@4.000ns period=8.000ns})
  Path Group:             pll_adc_clk
  Path Type:              Setup (Max at Slow Process Corner)
  Requirement:            8.000ns  (pll_adc_clk rise@8.000ns - pll_adc_clk rise@0.000ns)
  Data Path Delay:        7.126ns  (logic 0.890ns (12.490%)  route 6.236ns (87.510%))
  Logic Levels:           3  (LUT2=1 LUT3=1 LUT6=1)
  Clock Path Skew:        -0.178ns (DCD - SCD + CPR)
    Destination Clock Delay (DCD):    -2.356ns = ( 5.644 - 8.000 ) 
    Source Clock Delay      (SCD):    -2.722ns
    Clock Pessimism Removal (CPR):    -0.544ns
  Clock Uncertainty:      0.069ns  ((TSJ^2 + DJ^2)^1/2) / 2 + PE
    Total System Jitter     (TSJ):    0.071ns
    Discrete Jitter          (DJ):    0.118ns
    Phase Error              (PE):    0.000ns

    Location             Delay type                Incr(ns)  Path(ns)    Netlist Resource(s)
  -------------------------------------------------------------------    -------------------
                         (clock pll_adc_clk rise edge)
                                                      0.000     0.000 r  
    U18                                               0.000     0.000 r  adc_clk_p_i (IN)
                         net (fo=0)                   0.000     0.000    adc_clk_p_i
    U18                  IBUFDS (Prop_ibufds_I_O)     0.983     0.983 r  i_clk/O
                         net (fo=250, routed)         1.306     2.289    pll/CLK
    PLLE2_ADV_X0Y0       PLLE2_ADV (Prop_plle2_adv_CLKIN1_CLKOUT0)
                                                     -8.533    -6.244 r  pll/pll/CLKOUT0
                         net (fo=1, routed)           1.754    -4.490    lopt
    BUFGCTRL_X0Y0        BUFG (Prop_bufg_I_O)         0.101    -4.389 r  bufg_adc_clk/O
                         net (fo=11053, routed)       1.667    -2.722    dpll_wrapper_inst/reg_cic_rate/adc_clk
    SLICE_X32Y34         FDRE                                         r  dpll_wrapper_inst/reg_cic_rate/output_reg[6]/C
  -------------------------------------------------------------------    -------------------
    SLICE_X32Y34         FDRE (Prop_fdre_C_Q)         0.518    -2.204 r  dpll_wrapper_inst/reg_cic_rate/output_reg[6]/Q
                         net (fo=3, routed)           1.202    -1.002    dpll_wrapper_inst/reg_cic_rate/Q[6]
    SLICE_X30Y30         LUT2 (Prop_lut2_I0_O)        0.124    -0.878 r  dpll_wrapper_inst/reg_cic_rate/active_rate_r[8]_i_4/O
                         net (fo=1, routed)           0.855    -0.023    dpll_wrapper_inst/reg_cic_rate/active_rate_r[8]_i_4_n_0
    SLICE_X30Y42         LUT6 (Prop_lut6_I5_O)        0.124     0.101 r  dpll_wrapper_inst/reg_cic_rate/active_rate_r[8]_i_2/O
                         net (fo=4, routed)           1.771     1.872    dpll_wrapper_inst/reg_config_apply/p_2_in
    SLICE_X37Y65         LUT3 (Prop_lut3_I2_O)        0.124     1.996 r  dpll_wrapper_inst/reg_config_apply/active_rate_r[8]_i_1/O
                         net (fo=60, routed)          2.408     4.404    dpll_wrapper_inst/dpll_single_clock_core_stage_a_inst/post_iq_cic_inst/active_rounding_bias_reg[0]_0[0]
    SLICE_X27Y94         FDRE                                         r  dpll_wrapper_inst/dpll_single_clock_core_stage_a_inst/post_iq_cic_inst/active_rounding_bias_reg[17]/CE
  -------------------------------------------------------------------    -------------------

                         (clock pll_adc_clk rise edge)
                                                      8.000     8.000 r  
    U18                                               0.000     8.000 r  adc_clk_p_i (IN)
                         net (fo=0)                   0.000     8.000    adc_clk_p_i
    U18                  IBUFDS (Prop_ibufds_I_O)     0.940     8.940 r  i_clk/O
                         net (fo=250, routed)         1.181    10.121    pll/CLK
    PLLE2_ADV_X0Y0       PLLE2_ADV (Prop_plle2_adv_CLKIN1_CLKOUT0)
                                                     -7.650     2.470 r  pll/pll/CLKOUT0
                         net (fo=1, routed)           1.594     4.065    lopt
    BUFGCTRL_X0Y0        BUFG (Prop_bufg_I_O)         0.091     4.156 r  bufg_adc_clk/O
                         net (fo=11053, routed)       1.489     5.644    dpll_wrapper_inst/dpll_single_clock_core_stage_a_inst/post_iq_cic_inst/adc_clk
    SLICE_X27Y94         FDRE                                         r  dpll_wrapper_inst/dpll_single_clock_core_stage_a_inst/post_iq_cic_inst/active_rounding_bias_reg[17]/C
                         clock pessimism             -0.544     5.100    
                         clock uncertainty           -0.069     5.031    
    SLICE_X27Y94         FDRE (Setup_fdre_C_CE)      -0.205     4.826    dpll_wrapper_inst/dpll_single_clock_core_stage_a_inst/post_iq_cic_inst/active_rounding_bias_reg[17]
  -------------------------------------------------------------------
                         required time                          4.826    
                         arrival time                          -4.404    
  -------------------------------------------------------------------
                         slack                                  0.422    

Slack (MET) :             0.422ns  (required time - arrival time)
  Source:                 dpll_wrapper_inst/reg_cic_rate/output_reg[6]/C
                            (rising edge-triggered cell FDRE clocked by pll_adc_clk  {rise@0.000ns fall@4.000ns period=8.000ns})
  Destination:            dpll_wrapper_inst/dpll_single_clock_core_stage_a_inst/post_iq_cic_inst/active_rounding_bias_reg[20]/CE
                            (rising edge-triggered cell FDRE clocked by pll_adc_clk  {rise@0.000ns fall@4.000ns period=8.000ns})
  Path Group:             pll_adc_clk
  Path Type:              Setup (Max at Slow Process Corner)
  Requirement:            8.000ns  (pll_adc_clk rise@8.000ns - pll_adc_clk rise@0.000ns)
  Data Path Delay:        7.126ns  (logic 0.890ns (12.490%)  route 6.236ns (87.510%))
  Logic Levels:           3  (LUT2=1 LUT3=1 LUT6=1)
  Clock Path Skew:        -0.178ns (DCD - SCD + CPR)
    Destination Clock Delay (DCD):    -2.356ns = ( 5.644 - 8.000 ) 
    Source Clock Delay      (SCD):    -2.722ns
    Clock Pessimism Removal (CPR):    -0.544ns
  Clock Uncertainty:      0.069ns  ((TSJ^2 + DJ^2)^1/2) / 2 + PE
    Total System Jitter     (TSJ):    0.071ns
    Discrete Jitter          (DJ):    0.118ns
    Phase Error              (PE):    0.000ns

    Location             Delay type                Incr(ns)  Path(ns)    Netlist Resource(s)
  -------------------------------------------------------------------    -------------------
                         (clock pll_adc_clk rise edge)
                                                      0.000     0.000 r  
    U18                                               0.000     0.000 r  adc_clk_p_i (IN)
                         net (fo=0)                   0.000     0.000    adc_clk_p_i
    U18                  IBUFDS (Prop_ibufds_I_O)     0.983     0.983 r  i_clk/O
                         net (fo=250, routed)         1.306     2.289    pll/CLK
    PLLE2_ADV_X0Y0       PLLE2_ADV (Prop_plle2_adv_CLKIN1_CLKOUT0)
                                                     -8.533    -6.244 r  pll/pll/CLKOUT0
                         net (fo=1, routed)           1.754    -4.490    lopt
    BUFGCTRL_X0Y0        BUFG (Prop_bufg_I_O)         0.101    -4.389 r  bufg_adc_clk/O
                         net (fo=11053, routed)       1.667    -2.722    dpll_wrapper_inst/reg_cic_rate/adc_clk
    SLICE_X32Y34         FDRE                                         r  dpll_wrapper_inst/reg_cic_rate/output_reg[6]/C
  -------------------------------------------------------------------    -------------------
    SLICE_X32Y34         FDRE (Prop_fdre_C_Q)         0.518    -2.204 r  dpll_wrapper_inst/reg_cic_rate/output_reg[6]/Q
                         net (fo=3, routed)           1.202    -1.002    dpll_wrapper_inst/reg_cic_rate/Q[6]
    SLICE_X30Y30         LUT2 (Prop_lut2_I0_O)        0.124    -0.878 r  dpll_wrapper_inst/reg_cic_rate/active_rate_r[8]_i_4/O
                         net (fo=1, routed)           0.855    -0.023    dpll_wrapper_inst/reg_cic_rate/active_rate_r[8]_i_4_n_0
    SLICE_X30Y42         LUT6 (Prop_lut6_I5_O)        0.124     0.101 r  dpll_wrapper_inst/reg_cic_rate/active_rate_r[8]_i_2/O
                         net (fo=4, routed)           1.771     1.872    dpll_wrapper_inst/reg_config_apply/p_2_in
    SLICE_X37Y65         LUT3 (Prop_lut3_I2_O)        0.124     1.996 r  dpll_wrapper_inst/reg_config_apply/active_rate_r[8]_i_1/O
                         net (fo=60, routed)          2.408     4.404    dpll_wrapper_inst/dpll_single_clock_core_stage_a_inst/post_iq_cic_inst/active_rounding_bias_reg[0]_0[0]
    SLICE_X27Y94         FDRE                                         r  dpll_wrapper_inst/dpll_single_clock_core_stage_a_inst/post_iq_cic_inst/active_rounding_bias_reg[20]/CE
  -------------------------------------------------------------------    -------------------

                         (clock pll_adc_clk rise edge)
                                                      8.000     8.000 r  
    U18                                               0.000     8.000 r  adc_clk_p_i (IN)
                         net (fo=0)                   0.000     8.000    adc_clk_p_i
    U18                  IBUFDS (Prop_ibufds_I_O)     0.940     8.940 r  i_clk/O
                         net (fo=250, routed)         1.181    10.121    pll/CLK
    PLLE2_ADV_X0Y0       PLLE2_ADV (Prop_plle2_adv_CLKIN1_CLKOUT0)
                                                     -7.650     2.470 r  pll/pll/CLKOUT0
                         net (fo=1, routed)           1.594     4.065    lopt
    BUFGCTRL_X0Y0        BUFG (Prop_bufg_I_O)         0.091     4.156 r  bufg_adc_clk/O
                         net (fo=11053, routed)       1.489     5.644    dpll_wrapper_inst/dpll_single_clock_core_stage_a_inst/post_iq_cic_inst/adc_clk
    SLICE_X27Y94         FDRE                                         r  dpll_wrapper_inst/dpll_single_clock_core_stage_a_inst/post_iq_cic_inst/active_rounding_bias_reg[20]/C
                         clock pessimism             -0.544     5.100    
                         clock uncertainty           -0.069     5.031    
    SLICE_X27Y94         FDRE (Setup_fdre_C_CE)      -0.205     4.826    dpll_wrapper_inst/dpll_single_clock_core_stage_a_inst/post_iq_cic_inst/active_rounding_bias_reg[20]
  -------------------------------------------------------------------
                         required time                          4.826    
                         arrival time                          -4.404    
  -------------------------------------------------------------------
                         slack                                  0.422    

Slack (MET) :             0.422ns  (required time - arrival time)
  Source:                 dpll_wrapper_inst/reg_cic_rate/output_reg[6]/C
                            (rising edge-triggered cell FDRE clocked by pll_adc_clk  {rise@0.000ns fall@4.000ns period=8.000ns})
  Destination:            dpll_wrapper_inst/dpll_single_clock_core_stage_a_inst/post_iq_cic_inst/active_rounding_bias_reg[21]/CE
                            (rising edge-triggered cell FDRE clocked by pll_adc_clk  {rise@0.000ns fall@4.000ns period=8.000ns})
  Path Group:             pll_adc_clk
  Path Type:              Setup (Max at Slow Process Corner)
  Requirement:            8.000ns  (pll_adc_clk rise@8.000ns - pll_adc_clk rise@0.000ns)
  Data Path Delay:        7.126ns  (logic 0.890ns (12.490%)  route 6.236ns (87.510%))
  Logic Levels:           3  (LUT2=1 LUT3=1 LUT6=1)
  Clock Path Skew:        -0.178ns (DCD - SCD + CPR)
    Destination Clock Delay (DCD):    -2.356ns = ( 5.644 - 8.000 ) 
    Source Clock Delay      (SCD):    -2.722ns
    Clock Pessimism Removal (CPR):    -0.544ns
  Clock Uncertainty:      0.069ns  ((TSJ^2 + DJ^2)^1/2) / 2 + PE
    Total System Jitter     (TSJ):    0.071ns
    Discrete Jitter          (DJ):    0.118ns
    Phase Error              (PE):    0.000ns

    Location             Delay type                Incr(ns)  Path(ns)    Netlist Resource(s)
  -------------------------------------------------------------------    -------------------
                         (clock pll_adc_clk rise edge)
                                                      0.000     0.000 r  
    U18                                               0.000     0.000 r  adc_clk_p_i (IN)
                         net (fo=0)                   0.000     0.000    adc_clk_p_i
    U18                  IBUFDS (Prop_ibufds_I_O)     0.983     0.983 r  i_clk/O
                         net (fo=250, routed)         1.306     2.289    pll/CLK
    PLLE2_ADV_X0Y0       PLLE2_ADV (Prop_plle2_adv_CLKIN1_CLKOUT0)
                                                     -8.533    -6.244 r  pll/pll/CLKOUT0
                         net (fo=1, routed)           1.754    -4.490    lopt
    BUFGCTRL_X0Y0        BUFG (Prop_bufg_I_O)         0.101    -4.389 r  bufg_adc_clk/O
                         net (fo=11053, routed)       1.667    -2.722    dpll_wrapper_inst/reg_cic_rate/adc_clk
    SLICE_X32Y34         FDRE                                         r  dpll_wrapper_inst/reg_cic_rate/output_reg[6]/C
  -------------------------------------------------------------------    -------------------
    SLICE_X32Y34         FDRE (Prop_fdre_C_Q)         0.518    -2.204 r  dpll_wrapper_inst/reg_cic_rate/output_reg[6]/Q
                         net (fo=3, routed)           1.202    -1.002    dpll_wrapper_inst/reg_cic_rate/Q[6]
    SLICE_X30Y30         LUT2 (Prop_lut2_I0_O)        0.124    -0.878 r  dpll_wrapper_inst/reg_cic_rate/active_rate_r[8]_i_4/O
                         net (fo=1, routed)           0.855    -0.023    dpll_wrapper_inst/reg_cic_rate/active_rate_r[8]_i_4_n_0
    SLICE_X30Y42         LUT6 (Prop_lut6_I5_O)        0.124     0.101 r  dpll_wrapper_inst/reg_cic_rate/active_rate_r[8]_i_2/O
                         net (fo=4, routed)           1.771     1.872    dpll_wrapper_inst/reg_config_apply/p_2_in
    SLICE_X37Y65         LUT3 (Prop_lut3_I2_O)        0.124     1.996 r  dpll_wrapper_inst/reg_config_apply/active_rate_r[8]_i_1/O
                         net (fo=60, routed)          2.408     4.404    dpll_wrapper_inst/dpll_single_clock_core_stage_a_inst/post_iq_cic_inst/active_rounding_bias_reg[0]_0[0]
    SLICE_X27Y94         FDRE                                         r  dpll_wrapper_inst/dpll_single_clock_core_stage_a_inst/post_iq_cic_inst/active_rounding_bias_reg[21]/CE
  -------------------------------------------------------------------    -------------------

                         (clock pll_adc_clk rise edge)
                                                      8.000     8.000 r  
    U18                                               0.000     8.000 r  adc_clk_p_i (IN)
                         net (fo=0)                   0.000     8.000    adc_clk_p_i
    U18                  IBUFDS (Prop_ibufds_I_O)     0.940     8.940 r  i_clk/O
                         net (fo=250, routed)         1.181    10.121    pll/CLK
    PLLE2_ADV_X0Y0       PLLE2_ADV (Prop_plle2_adv_CLKIN1_CLKOUT0)
                                                     -7.650     2.470 r  pll/pll/CLKOUT0
                         net (fo=1, routed)           1.594     4.065    lopt
    BUFGCTRL_X0Y0        BUFG (Prop_bufg_I_O)         0.091     4.156 r  bufg_adc_clk/O
                         net (fo=11053, routed)       1.489     5.644    dpll_wrapper_inst/dpll_single_clock_core_stage_a_inst/post_iq_cic_inst/adc_clk
    SLICE_X27Y94         FDRE                                         r  dpll_wrapper_inst/dpll_single_clock_core_stage_a_inst/post_iq_cic_inst/active_rounding_bias_reg[21]/C
                         clock pessimism             -0.544     5.100    
                         clock uncertainty           -0.069     5.031    
    SLICE_X27Y94         FDRE (Setup_fdre_C_CE)      -0.205     4.826    dpll_wrapper_inst/dpll_single_clock_core_stage_a_inst/post_iq_cic_inst/active_rounding_bias_reg[21]
  -------------------------------------------------------------------
                         required time                          4.826    
                         arrival time                          -4.404    
  -------------------------------------------------------------------
                         slack                                  0.422    

Slack (MET) :             0.422ns  (required time - arrival time)
  Source:                 dpll_wrapper_inst/reg_cic_rate/output_reg[6]/C
                            (rising edge-triggered cell FDRE clocked by pll_adc_clk  {rise@0.000ns fall@4.000ns period=8.000ns})
  Destination:            dpll_wrapper_inst/dpll_single_clock_core_stage_a_inst/post_iq_cic_inst/active_rounding_bias_reg[24]/CE
                            (rising edge-triggered cell FDRE clocked by pll_adc_clk  {rise@0.000ns fall@4.000ns period=8.000ns})
  Path Group:             pll_adc_clk
  Path Type:              Setup (Max at Slow Process Corner)
  Requirement:            8.000ns  (pll_adc_clk rise@8.000ns - pll_adc_clk rise@0.000ns)
  Data Path Delay:        7.126ns  (logic 0.890ns (12.490%)  route 6.236ns (87.510%))
  Logic Levels:           3  (LUT2=1 LUT3=1 LUT6=1)
  Clock Path Skew:        -0.178ns (DCD - SCD + CPR)
    Destination Clock Delay (DCD):    -2.356ns = ( 5.644 - 8.000 ) 
    Source Clock Delay      (SCD):    -2.722ns
    Clock Pessimism Removal (CPR):    -0.544ns
  Clock Uncertainty:      0.069ns  ((TSJ^2 + DJ^2)^1/2) / 2 + PE
    Total System Jitter     (TSJ):    0.071ns
    Discrete Jitter          (DJ):    0.118ns
    Phase Error              (PE):    0.000ns

    Location             Delay type                Incr(ns)  Path(ns)    Netlist Resource(s)
  -------------------------------------------------------------------    -------------------
                         (clock pll_adc_clk rise edge)
                                                      0.000     0.000 r  
    U18                                               0.000     0.000 r  adc_clk_p_i (IN)
                         net (fo=0)                   0.000     0.000    adc_clk_p_i
    U18                  IBUFDS (Prop_ibufds_I_O)     0.983     0.983 r  i_clk/O
                         net (fo=250, routed)         1.306     2.289    pll/CLK
    PLLE2_ADV_X0Y0       PLLE2_ADV (Prop_plle2_adv_CLKIN1_CLKOUT0)
                                                     -8.533    -6.244 r  pll/pll/CLKOUT0
                         net (fo=1, routed)           1.754    -4.490    lopt
    BUFGCTRL_X0Y0        BUFG (Prop_bufg_I_O)         0.101    -4.389 r  bufg_adc_clk/O
                         net (fo=11053, routed)       1.667    -2.722    dpll_wrapper_inst/reg_cic_rate/adc_clk
    SLICE_X32Y34         FDRE                                         r  dpll_wrapper_inst/reg_cic_rate/output_reg[6]/C
  -------------------------------------------------------------------    -------------------
    SLICE_X32Y34         FDRE (Prop_fdre_C_Q)         0.518    -2.204 r  dpll_wrapper_inst/reg_cic_rate/output_reg[6]/Q
                         net (fo=3, routed)           1.202    -1.002    dpll_wrapper_inst/reg_cic_rate/Q[6]
    SLICE_X30Y30         LUT2 (Prop_lut2_I0_O)        0.124    -0.878 r  dpll_wrapper_inst/reg_cic_rate/active_rate_r[8]_i_4/O
                         net (fo=1, routed)           0.855    -0.023    dpll_wrapper_inst/reg_cic_rate/active_rate_r[8]_i_4_n_0
    SLICE_X30Y42         LUT6 (Prop_lut6_I5_O)        0.124     0.101 r  dpll_wrapper_inst/reg_cic_rate/active_rate_r[8]_i_2/O
                         net (fo=4, routed)           1.771     1.872    dpll_wrapper_inst/reg_config_apply/p_2_in
    SLICE_X37Y65         LUT3 (Prop_lut3_I2_O)        0.124     1.996 r  dpll_wrapper_inst/reg_config_apply/active_rate_r[8]_i_1/O
                         net (fo=60, routed)          2.408     4.404    dpll_wrapper_inst/dpll_single_clock_core_stage_a_inst/post_iq_cic_inst/active_rounding_bias_reg[0]_0[0]
    SLICE_X27Y94         FDRE                                         r  dpll_wrapper_inst/dpll_single_clock_core_stage_a_inst/post_iq_cic_inst/active_rounding_bias_reg[24]/CE
  -------------------------------------------------------------------    -------------------

                         (clock pll_adc_clk rise edge)
                                                      8.000     8.000 r  
    U18                                               0.000     8.000 r  adc_clk_p_i (IN)
                         net (fo=0)                   0.000     8.000    adc_clk_p_i
    U18                  IBUFDS (Prop_ibufds_I_O)     0.940     8.940 r  i_clk/O
                         net (fo=250, routed)         1.181    10.121    pll/CLK
    PLLE2_ADV_X0Y0       PLLE2_ADV (Prop_plle2_adv_CLKIN1_CLKOUT0)
                                                     -7.650     2.470 r  pll/pll/CLKOUT0
                         net (fo=1, routed)           1.594     4.065    lopt
    BUFGCTRL_X0Y0        BUFG (Prop_bufg_I_O)         0.091     4.156 r  bufg_adc_clk/O
                         net (fo=11053, routed)       1.489     5.644    dpll_wrapper_inst/dpll_single_clock_core_stage_a_inst/post_iq_cic_inst/adc_clk
    SLICE_X27Y94         FDRE                                         r  dpll_wrapper_inst/dpll_single_clock_core_stage_a_inst/post_iq_cic_inst/active_rounding_bias_reg[24]/C
                         clock pessimism             -0.544     5.100    
                         clock uncertainty           -0.069     5.031    
    SLICE_X27Y94         FDRE (Setup_fdre_C_CE)      -0.205     4.826    dpll_wrapper_inst/dpll_single_clock_core_stage_a_inst/post_iq_cic_inst/active_rounding_bias_reg[24]
  -------------------------------------------------------------------
                         required time                          4.826    
                         arrival time                          -4.404    
  -------------------------------------------------------------------
                         slack                                  0.422    

Slack (MET) :             0.445ns  (required time - arrival time)
  Source:                 dpll_wrapper_inst/dpll_single_clock_core_stage_a_inst/rst_state_r_reg/C
                            (rising edge-triggered cell FDRE clocked by pll_adc_clk  {rise@0.000ns fall@4.000ns period=8.000ns})
  Destination:            dpll_wrapper_inst/dpll_single_clock_core_stage_a_inst/loop_state_manager_inst/signal_present_reg/D
                            (rising edge-triggered cell FDRE clocked by pll_adc_clk  {rise@0.000ns fall@4.000ns period=8.000ns})
  Path Group:             pll_adc_clk
  Path Type:              Setup (Max at Slow Process Corner)
  Requirement:            8.000ns  (pll_adc_clk rise@8.000ns - pll_adc_clk rise@0.000ns)
  Data Path Delay:        7.330ns  (logic 0.839ns (11.447%)  route 6.491ns (88.553%))
  Logic Levels:           2  (LUT4=1 LUT6=1)
  Clock Path Skew:        -0.234ns (DCD - SCD + CPR)
    Destination Clock Delay (DCD):    -2.336ns = ( 5.664 - 8.000 ) 
    Source Clock Delay      (SCD):    -2.647ns
    Clock Pessimism Removal (CPR):    -0.544ns
  Clock Uncertainty:      0.069ns  ((TSJ^2 + DJ^2)^1/2) / 2 + PE
    Total System Jitter     (TSJ):    0.071ns
    Discrete Jitter          (DJ):    0.118ns
    Phase Error              (PE):    0.000ns

    Location             Delay type                Incr(ns)  Path(ns)    Netlist Resource(s)
  -------------------------------------------------------------------    -------------------
                         (clock pll_adc_clk rise edge)
                                                      0.000     0.000 r  
    U18                                               0.000     0.000 r  adc_clk_p_i (IN)
                         net (fo=0)                   0.000     0.000    adc_clk_p_i
    U18                  IBUFDS (Prop_ibufds_I_O)     0.983     0.983 r  i_clk/O
                         net (fo=250, routed)         1.306     2.289    pll/CLK
    PLLE2_ADV_X0Y0       PLLE2_ADV (Prop_plle2_adv_CLKIN1_CLKOUT0)
                                                     -8.533    -6.244 r  pll/pll/CLKOUT0
                         net (fo=1, routed)           1.754    -4.490    lopt
    BUFGCTRL_X0Y0        BUFG (Prop_bufg_I_O)         0.101    -4.389 r  bufg_adc_clk/O
                         net (fo=11053, routed)       1.742    -2.647    dpll_wrapper_inst/dpll_single_clock_core_stage_a_inst/adc_clk
    SLICE_X36Y52         FDRE                                         r  dpll_wrapper_inst/dpll_single_clock_core_stage_a_inst/rst_state_r_reg/C
  -------------------------------------------------------------------    -------------------
    SLICE_X36Y52         FDRE (Prop_fdre_C_Q)         0.419    -2.228 f  dpll_wrapper_inst/dpll_single_clock_core_stage_a_inst/rst_state_r_reg/Q
                         net (fo=259, routed)         5.807     3.579    dpll_wrapper_inst/dpll_single_clock_core_stage_a_inst/loop_state_manager_inst/out
    SLICE_X15Y48         LUT6 (Prop_lut6_I5_O)        0.296     3.875 r  dpll_wrapper_inst/dpll_single_clock_core_stage_a_inst/loop_state_manager_inst/signal_present_i_2/O
                         net (fo=1, routed)           0.684     4.559    dpll_wrapper_inst/dpll_single_clock_core_stage_a_inst/loop_state_manager_inst/signal_present_i_2_n_0
    SLICE_X12Y48         LUT4 (Prop_lut4_I0_O)        0.124     4.683 r  dpll_wrapper_inst/dpll_single_clock_core_stage_a_inst/loop_state_manager_inst/signal_present_i_1/O
                         net (fo=1, routed)           0.000     4.683    dpll_wrapper_inst/dpll_single_clock_core_stage_a_inst/loop_state_manager_inst/signal_present_i_1_n_0
    SLICE_X12Y48         FDRE                                         r  dpll_wrapper_inst/dpll_single_clock_core_stage_a_inst/loop_state_manager_inst/signal_present_reg/D
  -------------------------------------------------------------------    -------------------

                         (clock pll_adc_clk rise edge)
                                                      8.000     8.000 r  
    U18                                               0.000     8.000 r  adc_clk_p_i (IN)
                         net (fo=0)                   0.000     8.000    adc_clk_p_i
    U18                  IBUFDS (Prop_ibufds_I_O)     0.940     8.940 r  i_clk/O
                         net (fo=250, routed)         1.181    10.121    pll/CLK
    PLLE2_ADV_X0Y0       PLLE2_ADV (Prop_plle2_adv_CLKIN1_CLKOUT0)
                                                     -7.650     2.470 r  pll/pll/CLKOUT0
                         net (fo=1, routed)           1.594     4.065    lopt
    BUFGCTRL_X0Y0        BUFG (Prop_bufg_I_O)         0.091     4.156 r  bufg_adc_clk/O
                         net (fo=11053, routed)       1.508     5.664    dpll_wrapper_inst/dpll_single_clock_core_stage_a_inst/loop_state_manager_inst/adc_clk
    SLICE_X12Y48         FDRE                                         r  dpll_wrapper_inst/dpll_single_clock_core_stage_a_inst/loop_state_manager_inst/signal_present_reg/C
                         clock pessimism             -0.544     5.120    
                         clock uncertainty           -0.069     5.051    
    SLICE_X12Y48         FDRE (Setup_fdre_C_D)        0.077     5.128    dpll_wrapper_inst/dpll_single_clock_core_stage_a_inst/loop_state_manager_inst/signal_present_reg
  -------------------------------------------------------------------
                         required time                          5.128    
                         arrival time                          -4.683    
  -------------------------------------------------------------------
                         slack                                  0.445    

Slack (MET) :             0.448ns  (required time - arrival time)
  Source:                 dpll_wrapper_inst/reg_cic_rate/output_reg[6]/C
                            (rising edge-triggered cell FDRE clocked by pll_adc_clk  {rise@0.000ns fall@4.000ns period=8.000ns})
  Destination:            dpll_wrapper_inst/dpll_single_clock_core_stage_a_inst/post_iq_cic_inst/active_rounding_bias_reg[29]/R
                            (rising edge-triggered cell FDRE clocked by pll_adc_clk  {rise@0.000ns fall@4.000ns period=8.000ns})
  Path Group:             pll_adc_clk
  Path Type:              Setup (Max at Slow Process Corner)
  Requirement:            8.000ns  (pll_adc_clk rise@8.000ns - pll_adc_clk rise@0.000ns)
  Data Path Delay:        6.782ns  (logic 0.890ns (13.123%)  route 5.892ns (86.877%))
  Logic Levels:           3  (LUT2=1 LUT5=1 LUT6=1)
  Clock Path Skew:        -0.177ns (DCD - SCD + CPR)
    Destination Clock Delay (DCD):    -2.355ns = ( 5.645 - 8.000 ) 
    Source Clock Delay      (SCD):    -2.722ns
    Clock Pessimism Removal (CPR):    -0.544ns
  Clock Uncertainty:      0.069ns  ((TSJ^2 + DJ^2)^1/2) / 2 + PE
    Total System Jitter     (TSJ):    0.071ns
    Discrete Jitter          (DJ):    0.118ns
    Phase Error              (PE):    0.000ns

    Location             Delay type                Incr(ns)  Path(ns)    Netlist Resource(s)
  -------------------------------------------------------------------    -------------------
                         (clock pll_adc_clk rise edge)
                                                      0.000     0.000 r  
    U18                                               0.000     0.000 r  adc_clk_p_i (IN)
                         net (fo=0)                   0.000     0.000    adc_clk_p_i
    U18                  IBUFDS (Prop_ibufds_I_O)     0.983     0.983 r  i_clk/O
                         net (fo=250, routed)         1.306     2.289    pll/CLK
    PLLE2_ADV_X0Y0       PLLE2_ADV (Prop_plle2_adv_CLKIN1_CLKOUT0)
                                                     -8.533    -6.244 r  pll/pll/CLKOUT0
                         net (fo=1, routed)           1.754    -4.490    lopt
    BUFGCTRL_X0Y0        BUFG (Prop_bufg_I_O)         0.101    -4.389 r  bufg_adc_clk/O
                         net (fo=11053, routed)       1.667    -2.722    dpll_wrapper_inst/reg_cic_rate/adc_clk
    SLICE_X32Y34         FDRE                                         r  dpll_wrapper_inst/reg_cic_rate/output_reg[6]/C
  -------------------------------------------------------------------    -------------------
    SLICE_X32Y34         FDRE (Prop_fdre_C_Q)         0.518    -2.204 r  dpll_wrapper_inst/reg_cic_rate/output_reg[6]/Q
                         net (fo=3, routed)           1.202    -1.002    dpll_wrapper_inst/reg_cic_rate/Q[6]
    SLICE_X30Y30         LUT2 (Prop_lut2_I0_O)        0.124    -0.878 r  dpll_wrapper_inst/reg_cic_rate/active_rate_r[8]_i_4/O
                         net (fo=1, routed)           0.855    -0.023    dpll_wrapper_inst/reg_cic_rate/active_rate_r[8]_i_4_n_0
    SLICE_X30Y42         LUT6 (Prop_lut6_I5_O)        0.124     0.101 r  dpll_wrapper_inst/reg_cic_rate/active_rate_r[8]_i_2/O
                         net (fo=4, routed)           1.771     1.873    dpll_wrapper_inst/dpll_single_clock_core_stage_a_inst/post_iq_cic_inst/p_2_in
    SLICE_X38Y65         LUT5 (Prop_lut5_I1_O)        0.124     1.997 r  dpll_wrapper_inst/dpll_single_clock_core_stage_a_inst/post_iq_cic_inst/active_rounding_bias[44]_i_1/O
                         net (fo=45, routed)          2.063     4.060    dpll_wrapper_inst/dpll_single_clock_core_stage_a_inst/post_iq_cic_inst/active_rounding_bias[44]_i_1_n_0
    SLICE_X34Y96         FDRE                                         r  dpll_wrapper_inst/dpll_single_clock_core_stage_a_inst/post_iq_cic_inst/active_rounding_bias_reg[29]/R
  -------------------------------------------------------------------    -------------------

                         (clock pll_adc_clk rise edge)
                                                      8.000     8.000 r  
    U18                                               0.000     8.000 r  adc_clk_p_i (IN)
                         net (fo=0)                   0.000     8.000    adc_clk_p_i
    U18                  IBUFDS (Prop_ibufds_I_O)     0.940     8.940 r  i_clk/O
                         net (fo=250, routed)         1.181    10.121    pll/CLK
    PLLE2_ADV_X0Y0       PLLE2_ADV (Prop_plle2_adv_CLKIN1_CLKOUT0)
                                                     -7.650     2.470 r  pll/pll/CLKOUT0
                         net (fo=1, routed)           1.594     4.065    lopt
    BUFGCTRL_X0Y0        BUFG (Prop_bufg_I_O)         0.091     4.156 r  bufg_adc_clk/O
                         net (fo=11053, routed)       1.490     5.645    dpll_wrapper_inst/dpll_single_clock_core_stage_a_inst/post_iq_cic_inst/adc_clk
    SLICE_X34Y96         FDRE                                         r  dpll_wrapper_inst/dpll_single_clock_core_stage_a_inst/post_iq_cic_inst/active_rounding_bias_reg[29]/C
                         clock pessimism             -0.544     5.101    
                         clock uncertainty           -0.069     5.032    
    SLICE_X34Y96         FDRE (Setup_fdre_C_R)       -0.524     4.508    dpll_wrapper_inst/dpll_single_clock_core_stage_a_inst/post_iq_cic_inst/active_rounding_bias_reg[29]
  -------------------------------------------------------------------
                         required time                          4.508    
                         arrival time                          -4.060    
  -------------------------------------------------------------------
                         slack                                  0.448    

Slack (MET) :             0.452ns  (required time - arrival time)
  Source:                 dpll_wrapper_inst/dpll_single_clock_core_stage_a_inst/fll_phase_difference_inst/freq_error_reg[17]/C
                            (rising edge-triggered cell FDRE clocked by pll_adc_clk  {rise@0.000ns fall@4.000ns period=8.000ns})
  Destination:            dpll_wrapper_inst/sys_rdata_reg[30]/D
                            (rising edge-triggered cell FDRE clocked by pll_adc_clk  {rise@0.000ns fall@4.000ns period=8.000ns})
  Path Group:             pll_adc_clk
  Path Type:              Setup (Max at Slow Process Corner)
  Requirement:            8.000ns  (pll_adc_clk rise@8.000ns - pll_adc_clk rise@0.000ns)
  Data Path Delay:        7.257ns  (logic 0.952ns (13.119%)  route 6.305ns (86.881%))
  Logic Levels:           4  (LUT4=1 LUT5=1 LUT6=2)
  Clock Path Skew:        -0.252ns (DCD - SCD + CPR)
    Destination Clock Delay (DCD):    -2.357ns = ( 5.643 - 8.000 ) 
    Source Clock Delay      (SCD):    -2.650ns
    Clock Pessimism Removal (CPR):    -0.544ns
  Clock Uncertainty:      0.069ns  ((TSJ^2 + DJ^2)^1/2) / 2 + PE
    Total System Jitter     (TSJ):    0.071ns
    Discrete Jitter          (DJ):    0.118ns
    Phase Error              (PE):    0.000ns

    Location             Delay type                Incr(ns)  Path(ns)    Netlist Resource(s)
  -------------------------------------------------------------------    -------------------
                         (clock pll_adc_clk rise edge)
                                                      0.000     0.000 r  
    U18                                               0.000     0.000 r  adc_clk_p_i (IN)
                         net (fo=0)                   0.000     0.000    adc_clk_p_i
    U18                  IBUFDS (Prop_ibufds_I_O)     0.983     0.983 r  i_clk/O
                         net (fo=250, routed)         1.306     2.289    pll/CLK
    PLLE2_ADV_X0Y0       PLLE2_ADV (Prop_plle2_adv_CLKIN1_CLKOUT0)
                                                     -8.533    -6.244 r  pll/pll/CLKOUT0
                         net (fo=1, routed)           1.754    -4.490    lopt
    BUFGCTRL_X0Y0        BUFG (Prop_bufg_I_O)         0.101    -4.389 r  bufg_adc_clk/O
                         net (fo=11053, routed)       1.739    -2.650    dpll_wrapper_inst/dpll_single_clock_core_stage_a_inst/fll_phase_difference_inst/adc_clk
    SLICE_X37Y60         FDRE                                         r  dpll_wrapper_inst/dpll_single_clock_core_stage_a_inst/fll_phase_difference_inst/freq_error_reg[17]/C
  -------------------------------------------------------------------    -------------------
    SLICE_X37Y60         FDRE (Prop_fdre_C_Q)         0.456    -2.194 r  dpll_wrapper_inst/dpll_single_clock_core_stage_a_inst/fll_phase_difference_inst/freq_error_reg[17]/Q
                         net (fo=23, routed)          4.320     2.126    i_ps/axi_slave_gp0/freq_error[0]
    SLICE_X21Y29         LUT6 (Prop_lut6_I2_O)        0.124     2.250 r  i_ps/axi_slave_gp0/sys_rdata[31]_i_21/O
                         net (fo=12, routed)          1.111     3.361    i_ps/axi_slave_gp0/sys_rdata[31]_i_21_n_0
    SLICE_X28Y30         LUT5 (Prop_lut5_I2_O)        0.124     3.485 r  i_ps/axi_slave_gp0/sys_rdata[30]_i_7/O
                         net (fo=1, routed)           0.282     3.767    i_ps/axi_slave_gp0/sys_rdata[30]_i_7_n_0
    SLICE_X28Y30         LUT4 (Prop_lut4_I3_O)        0.124     3.891 r  i_ps/axi_slave_gp0/sys_rdata[30]_i_2/O
                         net (fo=1, routed)           0.591     4.483    i_ps/axi_slave_gp0/sys_rdata[30]_i_2_n_0
    SLICE_X29Y28         LUT6 (Prop_lut6_I0_O)        0.124     4.607 r  i_ps/axi_slave_gp0/sys_rdata[30]_i_1/O
                         net (fo=1, routed)           0.000     4.607    dpll_wrapper_inst/sys_rdata_reg[31]_2[30]
    SLICE_X29Y28         FDRE                                         r  dpll_wrapper_inst/sys_rdata_reg[30]/D
  -------------------------------------------------------------------    -------------------

                         (clock pll_adc_clk rise edge)
                                                      8.000     8.000 r  
    U18                                               0.000     8.000 r  adc_clk_p_i (IN)
                         net (fo=0)                   0.000     8.000    adc_clk_p_i
    U18                  IBUFDS (Prop_ibufds_I_O)     0.940     8.940 r  i_clk/O
                         net (fo=250, routed)         1.181    10.121    pll/CLK
    PLLE2_ADV_X0Y0       PLLE2_ADV (Prop_plle2_adv_CLKIN1_CLKOUT0)
                                                     -7.650     2.470 r  pll/pll/CLKOUT0
                         net (fo=1, routed)           1.594     4.065    lopt
    BUFGCTRL_X0Y0        BUFG (Prop_bufg_I_O)         0.091     4.156 r  bufg_adc_clk/O
                         net (fo=11053, routed)       1.487     5.643    dpll_wrapper_inst/adc_clk
    SLICE_X29Y28         FDRE                                         r  dpll_wrapper_inst/sys_rdata_reg[30]/C
                         clock pessimism             -0.544     5.099    
                         clock uncertainty           -0.069     5.030    
    SLICE_X29Y28         FDRE (Setup_fdre_C_D)        0.029     5.059    dpll_wrapper_inst/sys_rdata_reg[30]
  -------------------------------------------------------------------
                         required time                          5.059    
                         arrival time                          -4.607    
  -------------------------------------------------------------------
                         slack                                  0.452    

Slack (MET) :             0.487ns  (required time - arrival time)
  Source:                 dpll_wrapper_inst/reg_cic_rate/output_reg[6]/C
                            (rising edge-triggered cell FDRE clocked by pll_adc_clk  {rise@0.000ns fall@4.000ns period=8.000ns})
  Destination:            dpll_wrapper_inst/dpll_single_clock_core_stage_a_inst/post_iq_cic_inst/active_rounding_bias_reg[44]/CE
                            (rising edge-triggered cell FDRE clocked by pll_adc_clk  {rise@0.000ns fall@4.000ns period=8.000ns})
  Path Group:             pll_adc_clk
  Path Type:              Setup (Max at Slow Process Corner)
  Requirement:            8.000ns  (pll_adc_clk rise@8.000ns - pll_adc_clk rise@0.000ns)
  Data Path Delay:        7.062ns  (logic 0.890ns (12.603%)  route 6.172ns (87.397%))
  Logic Levels:           3  (LUT2=1 LUT3=1 LUT6=1)
  Clock Path Skew:        -0.177ns (DCD - SCD + CPR)
    Destination Clock Delay (DCD):    -2.355ns = ( 5.645 - 8.000 ) 
    Source Clock Delay      (SCD):    -2.722ns
    Clock Pessimism Removal (CPR):    -0.544ns
  Clock Uncertainty:      0.069ns  ((TSJ^2 + DJ^2)^1/2) / 2 + PE
    Total System Jitter     (TSJ):    0.071ns
    Discrete Jitter          (DJ):    0.118ns
    Phase Error              (PE):    0.000ns

    Location             Delay type                Incr(ns)  Path(ns)    Netlist Resource(s)
  -------------------------------------------------------------------    -------------------
                         (clock pll_adc_clk rise edge)
                                                      0.000     0.000 r  
    U18                                               0.000     0.000 r  adc_clk_p_i (IN)
                         net (fo=0)                   0.000     0.000    adc_clk_p_i
    U18                  IBUFDS (Prop_ibufds_I_O)     0.983     0.983 r  i_clk/O
                         net (fo=250, routed)         1.306     2.289    pll/CLK
    PLLE2_ADV_X0Y0       PLLE2_ADV (Prop_plle2_adv_CLKIN1_CLKOUT0)
                                                     -8.533    -6.244 r  pll/pll/CLKOUT0
                         net (fo=1, routed)           1.754    -4.490    lopt
    BUFGCTRL_X0Y0        BUFG (Prop_bufg_I_O)         0.101    -4.389 r  bufg_adc_clk/O
                         net (fo=11053, routed)       1.667    -2.722    dpll_wrapper_inst/reg_cic_rate/adc_clk
    SLICE_X32Y34         FDRE                                         r  dpll_wrapper_inst/reg_cic_rate/output_reg[6]/C
  -------------------------------------------------------------------    -------------------
    SLICE_X32Y34         FDRE (Prop_fdre_C_Q)         0.518    -2.204 r  dpll_wrapper_inst/reg_cic_rate/output_reg[6]/Q
                         net (fo=3, routed)           1.202    -1.002    dpll_wrapper_inst/reg_cic_rate/Q[6]
    SLICE_X30Y30         LUT2 (Prop_lut2_I0_O)        0.124    -0.878 r  dpll_wrapper_inst/reg_cic_rate/active_rate_r[8]_i_4/O
                         net (fo=1, routed)           0.855    -0.023    dpll_wrapper_inst/reg_cic_rate/active_rate_r[8]_i_4_n_0
    SLICE_X30Y42         LUT6 (Prop_lut6_I5_O)        0.124     0.101 r  dpll_wrapper_inst/reg_cic_rate/active_rate_r[8]_i_2/O
                         net (fo=4, routed)           1.771     1.872    dpll_wrapper_inst/reg_config_apply/p_2_in
    SLICE_X37Y65         LUT3 (Prop_lut3_I2_O)        0.124     1.996 r  dpll_wrapper_inst/reg_config_apply/active_rate_r[8]_i_1/O
                         net (fo=60, routed)          2.343     4.340    dpll_wrapper_inst/dpll_single_clock_core_stage_a_inst/post_iq_cic_inst/active_rounding_bias_reg[0]_0[0]
    SLICE_X26Y98         FDRE                                         r  dpll_wrapper_inst/dpll_single_clock_core_stage_a_inst/post_iq_cic_inst/active_rounding_bias_reg[44]/CE
  -------------------------------------------------------------------    -------------------

                         (clock pll_adc_clk rise edge)
                                                      8.000     8.000 r  
    U18                                               0.000     8.000 r  adc_clk_p_i (IN)
                         net (fo=0)                   0.000     8.000    adc_clk_p_i
    U18                  IBUFDS (Prop_ibufds_I_O)     0.940     8.940 r  i_clk/O
                         net (fo=250, routed)         1.181    10.121    pll/CLK
    PLLE2_ADV_X0Y0       PLLE2_ADV (Prop_plle2_adv_CLKIN1_CLKOUT0)
                                                     -7.650     2.470 r  pll/pll/CLKOUT0
                         net (fo=1, routed)           1.594     4.065    lopt
    BUFGCTRL_X0Y0        BUFG (Prop_bufg_I_O)         0.091     4.156 r  bufg_adc_clk/O
                         net (fo=11053, routed)       1.490     5.645    dpll_wrapper_inst/dpll_single_clock_core_stage_a_inst/post_iq_cic_inst/adc_clk
    SLICE_X26Y98         FDRE                                         r  dpll_wrapper_inst/dpll_single_clock_core_stage_a_inst/post_iq_cic_inst/active_rounding_bias_reg[44]/C
                         clock pessimism             -0.544     5.101    
                         clock uncertainty           -0.069     5.032    
    SLICE_X26Y98         FDRE (Setup_fdre_C_CE)      -0.205     4.827    dpll_wrapper_inst/dpll_single_clock_core_stage_a_inst/post_iq_cic_inst/active_rounding_bias_reg[44]
  -------------------------------------------------------------------
                         required time                          4.827    
                         arrival time                          -4.340    
  -------------------------------------------------------------------
                         slack                                  0.487    

Slack (MET) :             0.490ns  (required time - arrival time)
  Source:                 dpll_wrapper_inst/reg_cic_rate/output_reg[6]/C
                            (rising edge-triggered cell FDRE clocked by pll_adc_clk  {rise@0.000ns fall@4.000ns period=8.000ns})
  Destination:            dpll_wrapper_inst/dpll_single_clock_core_stage_a_inst/post_iq_cic_inst/active_rounding_bias_reg[25]/CE
                            (rising edge-triggered cell FDRE clocked by pll_adc_clk  {rise@0.000ns fall@4.000ns period=8.000ns})
  Path Group:             pll_adc_clk
  Path Type:              Setup (Max at Slow Process Corner)
  Requirement:            8.000ns  (pll_adc_clk rise@8.000ns - pll_adc_clk rise@0.000ns)
  Data Path Delay:        7.059ns  (logic 0.890ns (12.608%)  route 6.169ns (87.392%))
  Logic Levels:           3  (LUT2=1 LUT3=1 LUT6=1)
  Clock Path Skew:        -0.177ns (DCD - SCD + CPR)
    Destination Clock Delay (DCD):    -2.355ns = ( 5.645 - 8.000 ) 
    Source Clock Delay      (SCD):    -2.722ns
    Clock Pessimism Removal (CPR):    -0.544ns
  Clock Uncertainty:      0.069ns  ((TSJ^2 + DJ^2)^1/2) / 2 + PE
    Total System Jitter     (TSJ):    0.071ns
    Discrete Jitter          (DJ):    0.118ns
    Phase Error              (PE):    0.000ns

    Location             Delay type                Incr(ns)  Path(ns)    Netlist Resource(s)
  -------------------------------------------------------------------    -------------------
                         (clock pll_adc_clk rise edge)
                                                      0.000     0.000 r  
    U18                                               0.000     0.000 r  adc_clk_p_i (IN)
                         net (fo=0)                   0.000     0.000    adc_clk_p_i
    U18                  IBUFDS (Prop_ibufds_I_O)     0.983     0.983 r  i_clk/O
                         net (fo=250, routed)         1.306     2.289    pll/CLK
    PLLE2_ADV_X0Y0       PLLE2_ADV (Prop_plle2_adv_CLKIN1_CLKOUT0)
                                                     -8.533    -6.244 r  pll/pll/CLKOUT0
                         net (fo=1, routed)           1.754    -4.490    lopt
    BUFGCTRL_X0Y0        BUFG (Prop_bufg_I_O)         0.101    -4.389 r  bufg_adc_clk/O
                         net (fo=11053, routed)       1.667    -2.722    dpll_wrapper_inst/reg_cic_rate/adc_clk
    SLICE_X32Y34         FDRE                                         r  dpll_wrapper_inst/reg_cic_rate/output_reg[6]/C
  -------------------------------------------------------------------    -------------------
    SLICE_X32Y34         FDRE (Prop_fdre_C_Q)         0.518    -2.204 r  dpll_wrapper_inst/reg_cic_rate/output_reg[6]/Q
                         net (fo=3, routed)           1.202    -1.002    dpll_wrapper_inst/reg_cic_rate/Q[6]
    SLICE_X30Y30         LUT2 (Prop_lut2_I0_O)        0.124    -0.878 r  dpll_wrapper_inst/reg_cic_rate/active_rate_r[8]_i_4/O
                         net (fo=1, routed)           0.855    -0.023    dpll_wrapper_inst/reg_cic_rate/active_rate_r[8]_i_4_n_0
    SLICE_X30Y42         LUT6 (Prop_lut6_I5_O)        0.124     0.101 r  dpll_wrapper_inst/reg_cic_rate/active_rate_r[8]_i_2/O
                         net (fo=4, routed)           1.771     1.872    dpll_wrapper_inst/reg_config_apply/p_2_in
    SLICE_X37Y65         LUT3 (Prop_lut3_I2_O)        0.124     1.996 r  dpll_wrapper_inst/reg_config_apply/active_rate_r[8]_i_1/O
                         net (fo=60, routed)          2.341     4.337    dpll_wrapper_inst/dpll_single_clock_core_stage_a_inst/post_iq_cic_inst/active_rounding_bias_reg[0]_0[0]
    SLICE_X35Y95         FDRE                                         r  dpll_wrapper_inst/dpll_single_clock_core_stage_a_inst/post_iq_cic_inst/active_rounding_bias_reg[25]/CE
  -------------------------------------------------------------------    -------------------

                         (clock pll_adc_clk rise edge)
                                                      8.000     8.000 r  
    U18                                               0.000     8.000 r  adc_clk_p_i (IN)
                         net (fo=0)                   0.000     8.000    adc_clk_p_i
    U18                  IBUFDS (Prop_ibufds_I_O)     0.940     8.940 r  i_clk/O
                         net (fo=250, routed)         1.181    10.121    pll/CLK
    PLLE2_ADV_X0Y0       PLLE2_ADV (Prop_plle2_adv_CLKIN1_CLKOUT0)
                                                     -7.650     2.470 r  pll/pll/CLKOUT0
                         net (fo=1, routed)           1.594     4.065    lopt
    BUFGCTRL_X0Y0        BUFG (Prop_bufg_I_O)         0.091     4.156 r  bufg_adc_clk/O
                         net (fo=11053, routed)       1.490     5.645    dpll_wrapper_inst/dpll_single_clock_core_stage_a_inst/post_iq_cic_inst/adc_clk
    SLICE_X35Y95         FDRE                                         r  dpll_wrapper_inst/dpll_single_clock_core_stage_a_inst/post_iq_cic_inst/active_rounding_bias_reg[25]/C
                         clock pessimism             -0.544     5.101    
                         clock uncertainty           -0.069     5.032    
    SLICE_X35Y95         FDRE (Setup_fdre_C_CE)      -0.205     4.827    dpll_wrapper_inst/dpll_single_clock_core_stage_a_inst/post_iq_cic_inst/active_rounding_bias_reg[25]
  -------------------------------------------------------------------
                         required time                          4.827    
                         arrival time                          -4.337    
  -------------------------------------------------------------------
                         slack                                  0.490    




