Copyright 1986-2018 Xilinx, Inc. All Rights Reserved.
----------------------------------------------------------------------------------------------------------------------------------------------------------------------------------------------------------------------
| Tool Version : Vivado v.2018.3 (win64) Build 2405991 Thu Dec  6 23:38:27 MST 2018
| Date         : Sun Jun 28 19:25:02 2026
| Host         : MiaoZhi-PC running 64-bit major release  (build 9200)
| Command      : report_timing -from [get_clocks clk_fpga_3] -to [get_clocks clk_fpga_3] -max_paths 20 -sort_by slack -file E:/FPGA/DPLL_Rewrite/DPLL_Rewrite_THbox_T3/reports/vivado_full_impl/timing_clk_fpga_3.rpt
| Design       : red_pitaya_top
| Device       : 7z010-clg400
| Speed File   : -1  PRODUCTION 1.11 2014-09-11
----------------------------------------------------------------------------------------------------------------------------------------------------------------------------------------------------------------------

Timing Report

Slack (MET) :             0.036ns  (required time - arrival time)
  Source:                 i_ps/system_i/system_i/processing_system7_0/inst/PS7_i/MAXIGP1ACLK
                            (rising edge-triggered cell PS7 clocked by clk_fpga_3  {rise@0.000ns fall@2.500ns period=5.000ns})
  Destination:            i_ps/system_i/system_i/xadc_wiz_0/inst/AXI_LITE_IPIF_I/I_SLAVE_ATTACHMENT/I_DECODER/GEN_BKEND_CE_REGISTERS[19].ce_out_i_reg[19]/D
                            (rising edge-triggered cell FDRE clocked by clk_fpga_3  {rise@0.000ns fall@2.500ns period=5.000ns})
  Path Group:             clk_fpga_3
  Path Type:              Setup (Max at Slow Process Corner)
  Requirement:            5.000ns  (clk_fpga_3 rise@5.000ns - clk_fpga_3 rise@0.000ns)
  Data Path Delay:        4.759ns  (logic 1.675ns (35.197%)  route 3.084ns (64.803%))
  Logic Levels:           3  (LUT4=1 LUT5=1 LUT6=1)
  Clock Path Skew:        -0.153ns (DCD - SCD + CPR)
    Destination Clock Delay (DCD):    2.679ns = ( 7.679 - 5.000 ) 
    Source Clock Delay      (SCD):    3.062ns
    Clock Pessimism Removal (CPR):    0.230ns
  Clock Uncertainty:      0.083ns  ((TSJ^2 + TIJ^2)^1/2 + DJ) / 2 + PE
    Total System Jitter     (TSJ):    0.071ns
    Total Input Jitter      (TIJ):    0.150ns
    Discrete Jitter          (DJ):    0.000ns
    Phase Error              (PE):    0.000ns

    Location             Delay type                Incr(ns)  Path(ns)    Netlist Resource(s)
  -------------------------------------------------------------------    -------------------
                         (clock clk_fpga_3 rise edge)
                                                      0.000     0.000 r  
    PS7_X0Y0             PS7                          0.000     0.000 r  i_ps/system_i/system_i/processing_system7_0/inst/PS7_i/FCLKCLK[3]
                         net (fo=1, routed)           1.207     1.207    i_ps/system_i/system_i/processing_system7_0/inst/FCLK_CLK_unbuffered[3]
    BUFGCTRL_X0Y2        BUFG (Prop_bufg_I_O)         0.101     1.308 r  i_ps/system_i/system_i/processing_system7_0/inst/buffer_fclk_clk_3.FCLK_CLK_3_BUFG/O
                         net (fo=765, routed)         1.754     3.062    i_ps/system_i/system_i/processing_system7_0/inst/M_AXI_GP1_ACLK
    PS7_X0Y0             PS7                                          r  i_ps/system_i/system_i/processing_system7_0/inst/PS7_i/MAXIGP1ACLK
  -------------------------------------------------------------------    -------------------
    PS7_X0Y0             PS7 (Prop_ps7_MAXIGP1ACLK_MAXIGP1WVALID)
                                                      1.303     4.365 r  i_ps/system_i/system_i/processing_system7_0/inst/PS7_i/MAXIGP1WVALID
                         net (fo=5, routed)           1.615     5.980    i_ps/system_i/system_i/xadc_wiz_0/inst/AXI_LITE_IPIF_I/I_SLAVE_ATTACHMENT/I_DECODER/s_axi_wvalid
    SLICE_X11Y67         LUT4 (Prop_lut4_I1_O)        0.124     6.104 r  i_ps/system_i/system_i/xadc_wiz_0/inst/AXI_LITE_IPIF_I/I_SLAVE_ATTACHMENT/I_DECODER/GEN_BKEND_CE_REGISTERS[24].ce_out_i[24]_i_2/O
                         net (fo=27, routed)          0.813     6.917    i_ps/system_i/system_i/xadc_wiz_0/inst/AXI_LITE_IPIF_I/I_SLAVE_ATTACHMENT/I_DECODER/start
    SLICE_X13Y67         LUT5 (Prop_lut5_I4_O)        0.124     7.041 r  i_ps/system_i/system_i/xadc_wiz_0/inst/AXI_LITE_IPIF_I/I_SLAVE_ATTACHMENT/I_DECODER/GEN_BKEND_CE_REGISTERS[23].ce_out_i[23]_i_3/O
                         net (fo=16, routed)          0.656     7.697    i_ps/system_i/system_i/xadc_wiz_0/inst/AXI_LITE_IPIF_I/I_SLAVE_ATTACHMENT/I_DECODER/pselect_hit_i_1
    SLICE_X11Y68         LUT6 (Prop_lut6_I1_O)        0.124     7.821 r  i_ps/system_i/system_i/xadc_wiz_0/inst/AXI_LITE_IPIF_I/I_SLAVE_ATTACHMENT/I_DECODER/GEN_BKEND_CE_REGISTERS[19].ce_out_i[19]_i_1/O
                         net (fo=1, routed)           0.000     7.821    i_ps/system_i/system_i/xadc_wiz_0/inst/AXI_LITE_IPIF_I/I_SLAVE_ATTACHMENT/I_DECODER/GEN_BKEND_CE_REGISTERS[19].ce_out_i[19]_i_1_n_0
    SLICE_X11Y68         FDRE                                         r  i_ps/system_i/system_i/xadc_wiz_0/inst/AXI_LITE_IPIF_I/I_SLAVE_ATTACHMENT/I_DECODER/GEN_BKEND_CE_REGISTERS[19].ce_out_i_reg[19]/D
  -------------------------------------------------------------------    -------------------

                         (clock clk_fpga_3 rise edge)
                                                      5.000     5.000 r  
    PS7_X0Y0             PS7                          0.000     5.000 r  i_ps/system_i/system_i/processing_system7_0/inst/PS7_i/FCLKCLK[3]
                         net (fo=1, routed)           1.101     6.101    i_ps/system_i/system_i/processing_system7_0/inst/FCLK_CLK_unbuffered[3]
    BUFGCTRL_X0Y2        BUFG (Prop_bufg_I_O)         0.091     6.192 r  i_ps/system_i/system_i/processing_system7_0/inst/buffer_fclk_clk_3.FCLK_CLK_3_BUFG/O
                         net (fo=765, routed)         1.487     7.679    i_ps/system_i/system_i/xadc_wiz_0/inst/AXI_LITE_IPIF_I/I_SLAVE_ATTACHMENT/I_DECODER/s_axi_aclk
    SLICE_X11Y68         FDRE                                         r  i_ps/system_i/system_i/xadc_wiz_0/inst/AXI_LITE_IPIF_I/I_SLAVE_ATTACHMENT/I_DECODER/GEN_BKEND_CE_REGISTERS[19].ce_out_i_reg[19]/C
                         clock pessimism              0.230     7.909    
                         clock uncertainty           -0.083     7.826    
    SLICE_X11Y68         FDRE (Setup_fdre_C_D)        0.031     7.857    i_ps/system_i/system_i/xadc_wiz_0/inst/AXI_LITE_IPIF_I/I_SLAVE_ATTACHMENT/I_DECODER/GEN_BKEND_CE_REGISTERS[19].ce_out_i_reg[19]
  -------------------------------------------------------------------
                         required time                          7.857    
                         arrival time                          -7.821    
  -------------------------------------------------------------------
                         slack                                  0.036    

Slack (MET) :             0.038ns  (required time - arrival time)
  Source:                 i_ps/system_i/system_i/processing_system7_0/inst/PS7_i/MAXIGP1ACLK
                            (rising edge-triggered cell PS7 clocked by clk_fpga_3  {rise@0.000ns fall@2.500ns period=5.000ns})
  Destination:            i_ps/system_i/system_i/xadc_wiz_0/inst/AXI_LITE_IPIF_I/I_SLAVE_ATTACHMENT/I_DECODER/GEN_BKEND_CE_REGISTERS[10].ce_out_i_reg[10]/D
                            (rising edge-triggered cell FDRE clocked by clk_fpga_3  {rise@0.000ns fall@2.500ns period=5.000ns})
  Path Group:             clk_fpga_3
  Path Type:              Setup (Max at Slow Process Corner)
  Requirement:            5.000ns  (clk_fpga_3 rise@5.000ns - clk_fpga_3 rise@0.000ns)
  Data Path Delay:        4.755ns  (logic 1.675ns (35.226%)  route 3.080ns (64.774%))
  Logic Levels:           3  (LUT4=1 LUT5=1 LUT6=1)
  Clock Path Skew:        -0.153ns (DCD - SCD + CPR)
    Destination Clock Delay (DCD):    2.679ns = ( 7.679 - 5.000 ) 
    Source Clock Delay      (SCD):    3.062ns
    Clock Pessimism Removal (CPR):    0.230ns
  Clock Uncertainty:      0.083ns  ((TSJ^2 + TIJ^2)^1/2 + DJ) / 2 + PE
    Total System Jitter     (TSJ):    0.071ns
    Total Input Jitter      (TIJ):    0.150ns
    Discrete Jitter          (DJ):    0.000ns
    Phase Error              (PE):    0.000ns

    Location             Delay type                Incr(ns)  Path(ns)    Netlist Resource(s)
  -------------------------------------------------------------------    -------------------
                         (clock clk_fpga_3 rise edge)
                                                      0.000     0.000 r  
    PS7_X0Y0             PS7                          0.000     0.000 r  i_ps/system_i/system_i/processing_system7_0/inst/PS7_i/FCLKCLK[3]
                         net (fo=1, routed)           1.207     1.207    i_ps/system_i/system_i/processing_system7_0/inst/FCLK_CLK_unbuffered[3]
    BUFGCTRL_X0Y2        BUFG (Prop_bufg_I_O)         0.101     1.308 r  i_ps/system_i/system_i/processing_system7_0/inst/buffer_fclk_clk_3.FCLK_CLK_3_BUFG/O
                         net (fo=765, routed)         1.754     3.062    i_ps/system_i/system_i/processing_system7_0/inst/M_AXI_GP1_ACLK
    PS7_X0Y0             PS7                                          r  i_ps/system_i/system_i/processing_system7_0/inst/PS7_i/MAXIGP1ACLK
  -------------------------------------------------------------------    -------------------
    PS7_X0Y0             PS7 (Prop_ps7_MAXIGP1ACLK_MAXIGP1WVALID)
                                                      1.303     4.365 r  i_ps/system_i/system_i/processing_system7_0/inst/PS7_i/MAXIGP1WVALID
                         net (fo=5, routed)           1.615     5.980    i_ps/system_i/system_i/xadc_wiz_0/inst/AXI_LITE_IPIF_I/I_SLAVE_ATTACHMENT/I_DECODER/s_axi_wvalid
    SLICE_X11Y67         LUT4 (Prop_lut4_I1_O)        0.124     6.104 r  i_ps/system_i/system_i/xadc_wiz_0/inst/AXI_LITE_IPIF_I/I_SLAVE_ATTACHMENT/I_DECODER/GEN_BKEND_CE_REGISTERS[24].ce_out_i[24]_i_2/O
                         net (fo=27, routed)          0.813     6.917    i_ps/system_i/system_i/xadc_wiz_0/inst/AXI_LITE_IPIF_I/I_SLAVE_ATTACHMENT/I_DECODER/start
    SLICE_X13Y67         LUT5 (Prop_lut5_I4_O)        0.124     7.041 r  i_ps/system_i/system_i/xadc_wiz_0/inst/AXI_LITE_IPIF_I/I_SLAVE_ATTACHMENT/I_DECODER/GEN_BKEND_CE_REGISTERS[23].ce_out_i[23]_i_3/O
                         net (fo=16, routed)          0.652     7.693    i_ps/system_i/system_i/xadc_wiz_0/inst/AXI_LITE_IPIF_I/I_SLAVE_ATTACHMENT/I_DECODER/pselect_hit_i_1
    SLICE_X11Y68         LUT6 (Prop_lut6_I1_O)        0.124     7.817 r  i_ps/system_i/system_i/xadc_wiz_0/inst/AXI_LITE_IPIF_I/I_SLAVE_ATTACHMENT/I_DECODER/GEN_BKEND_CE_REGISTERS[10].ce_out_i[10]_i_1/O
                         net (fo=1, routed)           0.000     7.817    i_ps/system_i/system_i/xadc_wiz_0/inst/AXI_LITE_IPIF_I/I_SLAVE_ATTACHMENT/I_DECODER/p_13_out
    SLICE_X11Y68         FDRE                                         r  i_ps/system_i/system_i/xadc_wiz_0/inst/AXI_LITE_IPIF_I/I_SLAVE_ATTACHMENT/I_DECODER/GEN_BKEND_CE_REGISTERS[10].ce_out_i_reg[10]/D
  -------------------------------------------------------------------    -------------------

                         (clock clk_fpga_3 rise edge)
                                                      5.000     5.000 r  
    PS7_X0Y0             PS7                          0.000     5.000 r  i_ps/system_i/system_i/processing_system7_0/inst/PS7_i/FCLKCLK[3]
                         net (fo=1, routed)           1.101     6.101    i_ps/system_i/system_i/processing_system7_0/inst/FCLK_CLK_unbuffered[3]
    BUFGCTRL_X0Y2        BUFG (Prop_bufg_I_O)         0.091     6.192 r  i_ps/system_i/system_i/processing_system7_0/inst/buffer_fclk_clk_3.FCLK_CLK_3_BUFG/O
                         net (fo=765, routed)         1.487     7.679    i_ps/system_i/system_i/xadc_wiz_0/inst/AXI_LITE_IPIF_I/I_SLAVE_ATTACHMENT/I_DECODER/s_axi_aclk
    SLICE_X11Y68         FDRE                                         r  i_ps/system_i/system_i/xadc_wiz_0/inst/AXI_LITE_IPIF_I/I_SLAVE_ATTACHMENT/I_DECODER/GEN_BKEND_CE_REGISTERS[10].ce_out_i_reg[10]/C
                         clock pessimism              0.230     7.909    
                         clock uncertainty           -0.083     7.826    
    SLICE_X11Y68         FDRE (Setup_fdre_C_D)        0.029     7.855    i_ps/system_i/system_i/xadc_wiz_0/inst/AXI_LITE_IPIF_I/I_SLAVE_ATTACHMENT/I_DECODER/GEN_BKEND_CE_REGISTERS[10].ce_out_i_reg[10]
  -------------------------------------------------------------------
                         required time                          7.855    
                         arrival time                          -7.817    
  -------------------------------------------------------------------
                         slack                                  0.038    

Slack (MET) :             0.083ns  (required time - arrival time)
  Source:                 i_ps/system_i/system_i/processing_system7_0/inst/PS7_i/MAXIGP1ACLK
                            (rising edge-triggered cell PS7 clocked by clk_fpga_3  {rise@0.000ns fall@2.500ns period=5.000ns})
  Destination:            i_ps/system_i/system_i/xadc_wiz_0/inst/AXI_LITE_IPIF_I/I_SLAVE_ATTACHMENT/I_DECODER/GEN_BKEND_CE_REGISTERS[16].ce_out_i_reg[16]/D
                            (rising edge-triggered cell FDRE clocked by clk_fpga_3  {rise@0.000ns fall@2.500ns period=5.000ns})
  Path Group:             clk_fpga_3
  Path Type:              Setup (Max at Slow Process Corner)
  Requirement:            5.000ns  (clk_fpga_3 rise@5.000ns - clk_fpga_3 rise@0.000ns)
  Data Path Delay:        4.713ns  (logic 1.675ns (35.542%)  route 3.038ns (64.458%))
  Logic Levels:           3  (LUT4=1 LUT5=1 LUT6=1)
  Clock Path Skew:        -0.153ns (DCD - SCD + CPR)
    Destination Clock Delay (DCD):    2.679ns = ( 7.679 - 5.000 ) 
    Source Clock Delay      (SCD):    3.062ns
    Clock Pessimism Removal (CPR):    0.230ns
  Clock Uncertainty:      0.083ns  ((TSJ^2 + TIJ^2)^1/2 + DJ) / 2 + PE
    Total System Jitter     (TSJ):    0.071ns
    Total Input Jitter      (TIJ):    0.150ns
    Discrete Jitter          (DJ):    0.000ns
    Phase Error              (PE):    0.000ns

    Location             Delay type                Incr(ns)  Path(ns)    Netlist Resource(s)
  -------------------------------------------------------------------    -------------------
                         (clock clk_fpga_3 rise edge)
                                                      0.000     0.000 r  
    PS7_X0Y0             PS7                          0.000     0.000 r  i_ps/system_i/system_i/processing_system7_0/inst/PS7_i/FCLKCLK[3]
                         net (fo=1, routed)           1.207     1.207    i_ps/system_i/system_i/processing_system7_0/inst/FCLK_CLK_unbuffered[3]
    BUFGCTRL_X0Y2        BUFG (Prop_bufg_I_O)         0.101     1.308 r  i_ps/system_i/system_i/processing_system7_0/inst/buffer_fclk_clk_3.FCLK_CLK_3_BUFG/O
                         net (fo=765, routed)         1.754     3.062    i_ps/system_i/system_i/processing_system7_0/inst/M_AXI_GP1_ACLK
    PS7_X0Y0             PS7                                          r  i_ps/system_i/system_i/processing_system7_0/inst/PS7_i/MAXIGP1ACLK
  -------------------------------------------------------------------    -------------------
    PS7_X0Y0             PS7 (Prop_ps7_MAXIGP1ACLK_MAXIGP1WVALID)
                                                      1.303     4.365 r  i_ps/system_i/system_i/processing_system7_0/inst/PS7_i/MAXIGP1WVALID
                         net (fo=5, routed)           1.615     5.980    i_ps/system_i/system_i/xadc_wiz_0/inst/AXI_LITE_IPIF_I/I_SLAVE_ATTACHMENT/I_DECODER/s_axi_wvalid
    SLICE_X11Y67         LUT4 (Prop_lut4_I1_O)        0.124     6.104 r  i_ps/system_i/system_i/xadc_wiz_0/inst/AXI_LITE_IPIF_I/I_SLAVE_ATTACHMENT/I_DECODER/GEN_BKEND_CE_REGISTERS[24].ce_out_i[24]_i_2/O
                         net (fo=27, routed)          0.813     6.917    i_ps/system_i/system_i/xadc_wiz_0/inst/AXI_LITE_IPIF_I/I_SLAVE_ATTACHMENT/I_DECODER/start
    SLICE_X13Y67         LUT5 (Prop_lut5_I4_O)        0.124     7.041 r  i_ps/system_i/system_i/xadc_wiz_0/inst/AXI_LITE_IPIF_I/I_SLAVE_ATTACHMENT/I_DECODER/GEN_BKEND_CE_REGISTERS[23].ce_out_i[23]_i_3/O
                         net (fo=16, routed)          0.609     7.651    i_ps/system_i/system_i/xadc_wiz_0/inst/AXI_LITE_IPIF_I/I_SLAVE_ATTACHMENT/I_DECODER/pselect_hit_i_1
    SLICE_X11Y68         LUT6 (Prop_lut6_I1_O)        0.124     7.775 r  i_ps/system_i/system_i/xadc_wiz_0/inst/AXI_LITE_IPIF_I/I_SLAVE_ATTACHMENT/I_DECODER/GEN_BKEND_CE_REGISTERS[16].ce_out_i[16]_i_1/O
                         net (fo=1, routed)           0.000     7.775    i_ps/system_i/system_i/xadc_wiz_0/inst/AXI_LITE_IPIF_I/I_SLAVE_ATTACHMENT/I_DECODER/GEN_BKEND_CE_REGISTERS[16].ce_out_i[16]_i_1_n_0
    SLICE_X11Y68         FDRE                                         r  i_ps/system_i/system_i/xadc_wiz_0/inst/AXI_LITE_IPIF_I/I_SLAVE_ATTACHMENT/I_DECODER/GEN_BKEND_CE_REGISTERS[16].ce_out_i_reg[16]/D
  -------------------------------------------------------------------    -------------------

                         (clock clk_fpga_3 rise edge)
                                                      5.000     5.000 r  
    PS7_X0Y0             PS7                          0.000     5.000 r  i_ps/system_i/system_i/processing_system7_0/inst/PS7_i/FCLKCLK[3]
                         net (fo=1, routed)           1.101     6.101    i_ps/system_i/system_i/processing_system7_0/inst/FCLK_CLK_unbuffered[3]
    BUFGCTRL_X0Y2        BUFG (Prop_bufg_I_O)         0.091     6.192 r  i_ps/system_i/system_i/processing_system7_0/inst/buffer_fclk_clk_3.FCLK_CLK_3_BUFG/O
                         net (fo=765, routed)         1.487     7.679    i_ps/system_i/system_i/xadc_wiz_0/inst/AXI_LITE_IPIF_I/I_SLAVE_ATTACHMENT/I_DECODER/s_axi_aclk
    SLICE_X11Y68         FDRE                                         r  i_ps/system_i/system_i/xadc_wiz_0/inst/AXI_LITE_IPIF_I/I_SLAVE_ATTACHMENT/I_DECODER/GEN_BKEND_CE_REGISTERS[16].ce_out_i_reg[16]/C
                         clock pessimism              0.230     7.909    
                         clock uncertainty           -0.083     7.826    
    SLICE_X11Y68         FDRE (Setup_fdre_C_D)        0.031     7.857    i_ps/system_i/system_i/xadc_wiz_0/inst/AXI_LITE_IPIF_I/I_SLAVE_ATTACHMENT/I_DECODER/GEN_BKEND_CE_REGISTERS[16].ce_out_i_reg[16]
  -------------------------------------------------------------------
                         required time                          7.857    
                         arrival time                          -7.775    
  -------------------------------------------------------------------
                         slack                                  0.083    

Slack (MET) :             0.118ns  (required time - arrival time)
  Source:                 i_ps/system_i/system_i/processing_system7_0/inst/PS7_i/MAXIGP1ACLK
                            (rising edge-triggered cell PS7 clocked by clk_fpga_3  {rise@0.000ns fall@2.500ns period=5.000ns})
  Destination:            i_ps/system_i/system_i/xadc_wiz_0/inst/AXI_LITE_IPIF_I/I_SLAVE_ATTACHMENT/I_DECODER/GEN_BKEND_CE_REGISTERS[21].ce_out_i_reg[21]/D
                            (rising edge-triggered cell FDRE clocked by clk_fpga_3  {rise@0.000ns fall@2.500ns period=5.000ns})
  Path Group:             clk_fpga_3
  Path Type:              Setup (Max at Slow Process Corner)
  Requirement:            5.000ns  (clk_fpga_3 rise@5.000ns - clk_fpga_3 rise@0.000ns)
  Data Path Delay:        4.680ns  (logic 1.675ns (35.792%)  route 3.005ns (64.208%))
  Logic Levels:           3  (LUT4=1 LUT5=1 LUT6=1)
  Clock Path Skew:        -0.150ns (DCD - SCD + CPR)
    Destination Clock Delay (DCD):    2.682ns = ( 7.682 - 5.000 ) 
    Source Clock Delay      (SCD):    3.062ns
    Clock Pessimism Removal (CPR):    0.230ns
  Clock Uncertainty:      0.083ns  ((TSJ^2 + TIJ^2)^1/2 + DJ) / 2 + PE
    Total System Jitter     (TSJ):    0.071ns
    Total Input Jitter      (TIJ):    0.150ns
    Discrete Jitter          (DJ):    0.000ns
    Phase Error              (PE):    0.000ns

    Location             Delay type                Incr(ns)  Path(ns)    Netlist Resource(s)
  -------------------------------------------------------------------    -------------------
                         (clock clk_fpga_3 rise edge)
                                                      0.000     0.000 r  
    PS7_X0Y0             PS7                          0.000     0.000 r  i_ps/system_i/system_i/processing_system7_0/inst/PS7_i/FCLKCLK[3]
                         net (fo=1, routed)           1.207     1.207    i_ps/system_i/system_i/processing_system7_0/inst/FCLK_CLK_unbuffered[3]
    BUFGCTRL_X0Y2        BUFG (Prop_bufg_I_O)         0.101     1.308 r  i_ps/system_i/system_i/processing_system7_0/inst/buffer_fclk_clk_3.FCLK_CLK_3_BUFG/O
                         net (fo=765, routed)         1.754     3.062    i_ps/system_i/system_i/processing_system7_0/inst/M_AXI_GP1_ACLK
    PS7_X0Y0             PS7                                          r  i_ps/system_i/system_i/processing_system7_0/inst/PS7_i/MAXIGP1ACLK
  -------------------------------------------------------------------    -------------------
    PS7_X0Y0             PS7 (Prop_ps7_MAXIGP1ACLK_MAXIGP1WVALID)
                                                      1.303     4.365 r  i_ps/system_i/system_i/processing_system7_0/inst/PS7_i/MAXIGP1WVALID
                         net (fo=5, routed)           1.615     5.980    i_ps/system_i/system_i/xadc_wiz_0/inst/AXI_LITE_IPIF_I/I_SLAVE_ATTACHMENT/I_DECODER/s_axi_wvalid
    SLICE_X11Y67         LUT4 (Prop_lut4_I1_O)        0.124     6.104 r  i_ps/system_i/system_i/xadc_wiz_0/inst/AXI_LITE_IPIF_I/I_SLAVE_ATTACHMENT/I_DECODER/GEN_BKEND_CE_REGISTERS[24].ce_out_i[24]_i_2/O
                         net (fo=27, routed)          0.813     6.917    i_ps/system_i/system_i/xadc_wiz_0/inst/AXI_LITE_IPIF_I/I_SLAVE_ATTACHMENT/I_DECODER/start
    SLICE_X13Y67         LUT5 (Prop_lut5_I4_O)        0.124     7.041 r  i_ps/system_i/system_i/xadc_wiz_0/inst/AXI_LITE_IPIF_I/I_SLAVE_ATTACHMENT/I_DECODER/GEN_BKEND_CE_REGISTERS[23].ce_out_i[23]_i_3/O
                         net (fo=16, routed)          0.576     7.618    i_ps/system_i/system_i/xadc_wiz_0/inst/AXI_LITE_IPIF_I/I_SLAVE_ATTACHMENT/I_DECODER/pselect_hit_i_1
    SLICE_X11Y66         LUT6 (Prop_lut6_I5_O)        0.124     7.742 r  i_ps/system_i/system_i/xadc_wiz_0/inst/AXI_LITE_IPIF_I/I_SLAVE_ATTACHMENT/I_DECODER/GEN_BKEND_CE_REGISTERS[21].ce_out_i[21]_i_1/O
                         net (fo=1, routed)           0.000     7.742    i_ps/system_i/system_i/xadc_wiz_0/inst/AXI_LITE_IPIF_I/I_SLAVE_ATTACHMENT/I_DECODER/GEN_BKEND_CE_REGISTERS[21].ce_out_i[21]_i_1_n_0
    SLICE_X11Y66         FDRE                                         r  i_ps/system_i/system_i/xadc_wiz_0/inst/AXI_LITE_IPIF_I/I_SLAVE_ATTACHMENT/I_DECODER/GEN_BKEND_CE_REGISTERS[21].ce_out_i_reg[21]/D
  -------------------------------------------------------------------    -------------------

                         (clock clk_fpga_3 rise edge)
                                                      5.000     5.000 r  
    PS7_X0Y0             PS7                          0.000     5.000 r  i_ps/system_i/system_i/processing_system7_0/inst/PS7_i/FCLKCLK[3]
                         net (fo=1, routed)           1.101     6.101    i_ps/system_i/system_i/processing_system7_0/inst/FCLK_CLK_unbuffered[3]
    BUFGCTRL_X0Y2        BUFG (Prop_bufg_I_O)         0.091     6.192 r  i_ps/system_i/system_i/processing_system7_0/inst/buffer_fclk_clk_3.FCLK_CLK_3_BUFG/O
                         net (fo=765, routed)         1.490     7.682    i_ps/system_i/system_i/xadc_wiz_0/inst/AXI_LITE_IPIF_I/I_SLAVE_ATTACHMENT/I_DECODER/s_axi_aclk
    SLICE_X11Y66         FDRE                                         r  i_ps/system_i/system_i/xadc_wiz_0/inst/AXI_LITE_IPIF_I/I_SLAVE_ATTACHMENT/I_DECODER/GEN_BKEND_CE_REGISTERS[21].ce_out_i_reg[21]/C
                         clock pessimism              0.230     7.912    
                         clock uncertainty           -0.083     7.829    
    SLICE_X11Y66         FDRE (Setup_fdre_C_D)        0.031     7.860    i_ps/system_i/system_i/xadc_wiz_0/inst/AXI_LITE_IPIF_I/I_SLAVE_ATTACHMENT/I_DECODER/GEN_BKEND_CE_REGISTERS[21].ce_out_i_reg[21]
  -------------------------------------------------------------------
                         required time                          7.860    
                         arrival time                          -7.742    
  -------------------------------------------------------------------
                         slack                                  0.118    

Slack (MET) :             0.148ns  (required time - arrival time)
  Source:                 i_ps/system_i/system_i/processing_system7_0/inst/PS7_i/MAXIGP1ACLK
                            (rising edge-triggered cell PS7 clocked by clk_fpga_3  {rise@0.000ns fall@2.500ns period=5.000ns})
  Destination:            i_ps/system_i/system_i/xadc_wiz_0/inst/AXI_LITE_IPIF_I/I_SLAVE_ATTACHMENT/I_DECODER/GEN_BKEND_CE_REGISTERS[11].ce_out_i_reg[11]/D
                            (rising edge-triggered cell FDRE clocked by clk_fpga_3  {rise@0.000ns fall@2.500ns period=5.000ns})
  Path Group:             clk_fpga_3
  Path Type:              Setup (Max at Slow Process Corner)
  Requirement:            5.000ns  (clk_fpga_3 rise@5.000ns - clk_fpga_3 rise@0.000ns)
  Data Path Delay:        4.648ns  (logic 1.675ns (36.037%)  route 2.973ns (63.963%))
  Logic Levels:           3  (LUT4=1 LUT5=1 LUT6=1)
  Clock Path Skew:        -0.153ns (DCD - SCD + CPR)
    Destination Clock Delay (DCD):    2.679ns = ( 7.679 - 5.000 ) 
    Source Clock Delay      (SCD):    3.062ns
    Clock Pessimism Removal (CPR):    0.230ns
  Clock Uncertainty:      0.083ns  ((TSJ^2 + TIJ^2)^1/2 + DJ) / 2 + PE
    Total System Jitter     (TSJ):    0.071ns
    Total Input Jitter      (TIJ):    0.150ns
    Discrete Jitter          (DJ):    0.000ns
    Phase Error              (PE):    0.000ns

    Location             Delay type                Incr(ns)  Path(ns)    Netlist Resource(s)
  -------------------------------------------------------------------    -------------------
                         (clock clk_fpga_3 rise edge)
                                                      0.000     0.000 r  
    PS7_X0Y0             PS7                          0.000     0.000 r  i_ps/system_i/system_i/processing_system7_0/inst/PS7_i/FCLKCLK[3]
                         net (fo=1, routed)           1.207     1.207    i_ps/system_i/system_i/processing_system7_0/inst/FCLK_CLK_unbuffered[3]
    BUFGCTRL_X0Y2        BUFG (Prop_bufg_I_O)         0.101     1.308 r  i_ps/system_i/system_i/processing_system7_0/inst/buffer_fclk_clk_3.FCLK_CLK_3_BUFG/O
                         net (fo=765, routed)         1.754     3.062    i_ps/system_i/system_i/processing_system7_0/inst/M_AXI_GP1_ACLK
    PS7_X0Y0             PS7                                          r  i_ps/system_i/system_i/processing_system7_0/inst/PS7_i/MAXIGP1ACLK
  -------------------------------------------------------------------    -------------------
    PS7_X0Y0             PS7 (Prop_ps7_MAXIGP1ACLK_MAXIGP1WVALID)
                                                      1.303     4.365 r  i_ps/system_i/system_i/processing_system7_0/inst/PS7_i/MAXIGP1WVALID
                         net (fo=5, routed)           1.615     5.980    i_ps/system_i/system_i/xadc_wiz_0/inst/AXI_LITE_IPIF_I/I_SLAVE_ATTACHMENT/I_DECODER/s_axi_wvalid
    SLICE_X11Y67         LUT4 (Prop_lut4_I1_O)        0.124     6.104 r  i_ps/system_i/system_i/xadc_wiz_0/inst/AXI_LITE_IPIF_I/I_SLAVE_ATTACHMENT/I_DECODER/GEN_BKEND_CE_REGISTERS[24].ce_out_i[24]_i_2/O
                         net (fo=27, routed)          0.813     6.917    i_ps/system_i/system_i/xadc_wiz_0/inst/AXI_LITE_IPIF_I/I_SLAVE_ATTACHMENT/I_DECODER/start
    SLICE_X13Y67         LUT5 (Prop_lut5_I4_O)        0.124     7.041 r  i_ps/system_i/system_i/xadc_wiz_0/inst/AXI_LITE_IPIF_I/I_SLAVE_ATTACHMENT/I_DECODER/GEN_BKEND_CE_REGISTERS[23].ce_out_i[23]_i_3/O
                         net (fo=16, routed)          0.545     7.586    i_ps/system_i/system_i/xadc_wiz_0/inst/AXI_LITE_IPIF_I/I_SLAVE_ATTACHMENT/I_DECODER/pselect_hit_i_1
    SLICE_X11Y68         LUT6 (Prop_lut6_I1_O)        0.124     7.710 r  i_ps/system_i/system_i/xadc_wiz_0/inst/AXI_LITE_IPIF_I/I_SLAVE_ATTACHMENT/I_DECODER/GEN_BKEND_CE_REGISTERS[11].ce_out_i[11]_i_1/O
                         net (fo=1, routed)           0.000     7.710    i_ps/system_i/system_i/xadc_wiz_0/inst/AXI_LITE_IPIF_I/I_SLAVE_ATTACHMENT/I_DECODER/p_12_out
    SLICE_X11Y68         FDRE                                         r  i_ps/system_i/system_i/xadc_wiz_0/inst/AXI_LITE_IPIF_I/I_SLAVE_ATTACHMENT/I_DECODER/GEN_BKEND_CE_REGISTERS[11].ce_out_i_reg[11]/D
  -------------------------------------------------------------------    -------------------

                         (clock clk_fpga_3 rise edge)
                                                      5.000     5.000 r  
    PS7_X0Y0             PS7                          0.000     5.000 r  i_ps/system_i/system_i/processing_system7_0/inst/PS7_i/FCLKCLK[3]
                         net (fo=1, routed)           1.101     6.101    i_ps/system_i/system_i/processing_system7_0/inst/FCLK_CLK_unbuffered[3]
    BUFGCTRL_X0Y2        BUFG (Prop_bufg_I_O)         0.091     6.192 r  i_ps/system_i/system_i/processing_system7_0/inst/buffer_fclk_clk_3.FCLK_CLK_3_BUFG/O
                         net (fo=765, routed)         1.487     7.679    i_ps/system_i/system_i/xadc_wiz_0/inst/AXI_LITE_IPIF_I/I_SLAVE_ATTACHMENT/I_DECODER/s_axi_aclk
    SLICE_X11Y68         FDRE                                         r  i_ps/system_i/system_i/xadc_wiz_0/inst/AXI_LITE_IPIF_I/I_SLAVE_ATTACHMENT/I_DECODER/GEN_BKEND_CE_REGISTERS[11].ce_out_i_reg[11]/C
                         clock pessimism              0.230     7.909    
                         clock uncertainty           -0.083     7.826    
    SLICE_X11Y68         FDRE (Setup_fdre_C_D)        0.032     7.858    i_ps/system_i/system_i/xadc_wiz_0/inst/AXI_LITE_IPIF_I/I_SLAVE_ATTACHMENT/I_DECODER/GEN_BKEND_CE_REGISTERS[11].ce_out_i_reg[11]
  -------------------------------------------------------------------
                         required time                          7.858    
                         arrival time                          -7.710    
  -------------------------------------------------------------------
                         slack                                  0.148    

Slack (MET) :             0.196ns  (required time - arrival time)
  Source:                 i_ps/system_i/system_i/processing_system7_0/inst/PS7_i/MAXIGP1ACLK
                            (rising edge-triggered cell PS7 clocked by clk_fpga_3  {rise@0.000ns fall@2.500ns period=5.000ns})
  Destination:            i_ps/system_i/system_i/xadc_wiz_0/inst/AXI_LITE_IPIF_I/I_SLAVE_ATTACHMENT/I_DECODER/GEN_BKEND_CE_REGISTERS[22].ce_out_i_reg[22]/D
                            (rising edge-triggered cell FDRE clocked by clk_fpga_3  {rise@0.000ns fall@2.500ns period=5.000ns})
  Path Group:             clk_fpga_3
  Path Type:              Setup (Max at Slow Process Corner)
  Requirement:            5.000ns  (clk_fpga_3 rise@5.000ns - clk_fpga_3 rise@0.000ns)
  Data Path Delay:        4.604ns  (logic 1.675ns (36.383%)  route 2.929ns (63.617%))
  Logic Levels:           3  (LUT4=1 LUT5=1 LUT6=1)
  Clock Path Skew:        -0.150ns (DCD - SCD + CPR)
    Destination Clock Delay (DCD):    2.682ns = ( 7.682 - 5.000 ) 
    Source Clock Delay      (SCD):    3.062ns
    Clock Pessimism Removal (CPR):    0.230ns
  Clock Uncertainty:      0.083ns  ((TSJ^2 + TIJ^2)^1/2 + DJ) / 2 + PE
    Total System Jitter     (TSJ):    0.071ns
    Total Input Jitter      (TIJ):    0.150ns
    Discrete Jitter          (DJ):    0.000ns
    Phase Error              (PE):    0.000ns

    Location             Delay type                Incr(ns)  Path(ns)    Netlist Resource(s)
  -------------------------------------------------------------------    -------------------
                         (clock clk_fpga_3 rise edge)
                                                      0.000     0.000 r  
    PS7_X0Y0             PS7                          0.000     0.000 r  i_ps/system_i/system_i/processing_system7_0/inst/PS7_i/FCLKCLK[3]
                         net (fo=1, routed)           1.207     1.207    i_ps/system_i/system_i/processing_system7_0/inst/FCLK_CLK_unbuffered[3]
    BUFGCTRL_X0Y2        BUFG (Prop_bufg_I_O)         0.101     1.308 r  i_ps/system_i/system_i/processing_system7_0/inst/buffer_fclk_clk_3.FCLK_CLK_3_BUFG/O
                         net (fo=765, routed)         1.754     3.062    i_ps/system_i/system_i/processing_system7_0/inst/M_AXI_GP1_ACLK
    PS7_X0Y0             PS7                                          r  i_ps/system_i/system_i/processing_system7_0/inst/PS7_i/MAXIGP1ACLK
  -------------------------------------------------------------------    -------------------
    PS7_X0Y0             PS7 (Prop_ps7_MAXIGP1ACLK_MAXIGP1WVALID)
                                                      1.303     4.365 r  i_ps/system_i/system_i/processing_system7_0/inst/PS7_i/MAXIGP1WVALID
                         net (fo=5, routed)           1.615     5.980    i_ps/system_i/system_i/xadc_wiz_0/inst/AXI_LITE_IPIF_I/I_SLAVE_ATTACHMENT/I_DECODER/s_axi_wvalid
    SLICE_X11Y67         LUT4 (Prop_lut4_I1_O)        0.124     6.104 r  i_ps/system_i/system_i/xadc_wiz_0/inst/AXI_LITE_IPIF_I/I_SLAVE_ATTACHMENT/I_DECODER/GEN_BKEND_CE_REGISTERS[24].ce_out_i[24]_i_2/O
                         net (fo=27, routed)          0.813     6.917    i_ps/system_i/system_i/xadc_wiz_0/inst/AXI_LITE_IPIF_I/I_SLAVE_ATTACHMENT/I_DECODER/start
    SLICE_X13Y67         LUT5 (Prop_lut5_I4_O)        0.124     7.041 r  i_ps/system_i/system_i/xadc_wiz_0/inst/AXI_LITE_IPIF_I/I_SLAVE_ATTACHMENT/I_DECODER/GEN_BKEND_CE_REGISTERS[23].ce_out_i[23]_i_3/O
                         net (fo=16, routed)          0.500     7.542    i_ps/system_i/system_i/xadc_wiz_0/inst/AXI_LITE_IPIF_I/I_SLAVE_ATTACHMENT/I_DECODER/pselect_hit_i_1
    SLICE_X11Y66         LUT6 (Prop_lut6_I5_O)        0.124     7.666 r  i_ps/system_i/system_i/xadc_wiz_0/inst/AXI_LITE_IPIF_I/I_SLAVE_ATTACHMENT/I_DECODER/GEN_BKEND_CE_REGISTERS[22].ce_out_i[22]_i_1/O
                         net (fo=1, routed)           0.000     7.666    i_ps/system_i/system_i/xadc_wiz_0/inst/AXI_LITE_IPIF_I/I_SLAVE_ATTACHMENT/I_DECODER/GEN_BKEND_CE_REGISTERS[22].ce_out_i[22]_i_1_n_0
    SLICE_X11Y66         FDRE                                         r  i_ps/system_i/system_i/xadc_wiz_0/inst/AXI_LITE_IPIF_I/I_SLAVE_ATTACHMENT/I_DECODER/GEN_BKEND_CE_REGISTERS[22].ce_out_i_reg[22]/D
  -------------------------------------------------------------------    -------------------

                         (clock clk_fpga_3 rise edge)
                                                      5.000     5.000 r  
    PS7_X0Y0             PS7                          0.000     5.000 r  i_ps/system_i/system_i/processing_system7_0/inst/PS7_i/FCLKCLK[3]
                         net (fo=1, routed)           1.101     6.101    i_ps/system_i/system_i/processing_system7_0/inst/FCLK_CLK_unbuffered[3]
    BUFGCTRL_X0Y2        BUFG (Prop_bufg_I_O)         0.091     6.192 r  i_ps/system_i/system_i/processing_system7_0/inst/buffer_fclk_clk_3.FCLK_CLK_3_BUFG/O
                         net (fo=765, routed)         1.490     7.682    i_ps/system_i/system_i/xadc_wiz_0/inst/AXI_LITE_IPIF_I/I_SLAVE_ATTACHMENT/I_DECODER/s_axi_aclk
    SLICE_X11Y66         FDRE                                         r  i_ps/system_i/system_i/xadc_wiz_0/inst/AXI_LITE_IPIF_I/I_SLAVE_ATTACHMENT/I_DECODER/GEN_BKEND_CE_REGISTERS[22].ce_out_i_reg[22]/C
                         clock pessimism              0.230     7.912    
                         clock uncertainty           -0.083     7.829    
    SLICE_X11Y66         FDRE (Setup_fdre_C_D)        0.032     7.861    i_ps/system_i/system_i/xadc_wiz_0/inst/AXI_LITE_IPIF_I/I_SLAVE_ATTACHMENT/I_DECODER/GEN_BKEND_CE_REGISTERS[22].ce_out_i_reg[22]
  -------------------------------------------------------------------
                         required time                          7.861    
                         arrival time                          -7.666    
  -------------------------------------------------------------------
                         slack                                  0.196    

Slack (MET) :             0.299ns  (required time - arrival time)
  Source:                 i_ps/system_i/system_i/xadc_wiz_0/inst/INTR_CTRLR_GEN_I.ip2bus_rdack_reg/C
                            (rising edge-triggered cell FDRE clocked by clk_fpga_3  {rise@0.000ns fall@2.500ns period=5.000ns})
  Destination:            i_ps/system_i/system_i/axi_protocol_convert_0/inst/gen_axilite.gen_b2s_conv.axilite_b2s/RD.ar_channel_0/cmd_translator_0/incr_cmd_0/axaddr_incr_reg[7]/D
                            (rising edge-triggered cell FDRE clocked by clk_fpga_3  {rise@0.000ns fall@2.500ns period=5.000ns})
  Path Group:             clk_fpga_3
  Path Type:              Setup (Max at Slow Process Corner)
  Requirement:            5.000ns  (clk_fpga_3 rise@5.000ns - clk_fpga_3 rise@0.000ns)
  Data Path Delay:        4.625ns  (logic 1.814ns (39.218%)  route 2.811ns (60.782%))
  Logic Levels:           5  (CARRY4=2 LUT2=1 LUT3=1 LUT6=1)
  Clock Path Skew:        -0.068ns (DCD - SCD + CPR)
    Destination Clock Delay (DCD):    2.672ns = ( 7.672 - 5.000 ) 
    Source Clock Delay      (SCD):    2.970ns
    Clock Pessimism Removal (CPR):    0.230ns
  Clock Uncertainty:      0.083ns  ((TSJ^2 + TIJ^2)^1/2 + DJ) / 2 + PE
    Total System Jitter     (TSJ):    0.071ns
    Total Input Jitter      (TIJ):    0.150ns
    Discrete Jitter          (DJ):    0.000ns
    Phase Error              (PE):    0.000ns

    Location             Delay type                Incr(ns)  Path(ns)    Netlist Resource(s)
  -------------------------------------------------------------------    -------------------
                         (clock clk_fpga_3 rise edge)
                                                      0.000     0.000 r  
    PS7_X0Y0             PS7                          0.000     0.000 r  i_ps/system_i/system_i/processing_system7_0/inst/PS7_i/FCLKCLK[3]
                         net (fo=1, routed)           1.207     1.207    i_ps/system_i/system_i/processing_system7_0/inst/FCLK_CLK_unbuffered[3]
    BUFGCTRL_X0Y2        BUFG (Prop_bufg_I_O)         0.101     1.308 r  i_ps/system_i/system_i/processing_system7_0/inst/buffer_fclk_clk_3.FCLK_CLK_3_BUFG/O
                         net (fo=765, routed)         1.662     2.970    i_ps/system_i/system_i/xadc_wiz_0/inst/s_axi_aclk
    SLICE_X6Y66          FDRE                                         r  i_ps/system_i/system_i/xadc_wiz_0/inst/INTR_CTRLR_GEN_I.ip2bus_rdack_reg/C
  -------------------------------------------------------------------    -------------------
    SLICE_X6Y66          FDRE (Prop_fdre_C_Q)         0.518     3.488 r  i_ps/system_i/system_i/xadc_wiz_0/inst/INTR_CTRLR_GEN_I.ip2bus_rdack_reg/Q
                         net (fo=5, routed)           0.806     4.294    i_ps/system_i/system_i/xadc_wiz_0/inst/AXI_LITE_IPIF_I/I_SLAVE_ATTACHMENT/ip2bus_rdack
    SLICE_X6Y64          LUT2 (Prop_lut2_I0_O)        0.124     4.418 r  i_ps/system_i/system_i/xadc_wiz_0/inst/AXI_LITE_IPIF_I/I_SLAVE_ATTACHMENT/s_axi_arready_INST_0/O
                         net (fo=15, routed)          0.994     5.412    i_ps/system_i/system_i/axi_protocol_convert_0/inst/gen_axilite.gen_b2s_conv.axilite_b2s/RD.ar_channel_0/cmd_translator_0/incr_cmd_0/m_axi_arready
    SLICE_X7Y68          LUT6 (Prop_lut6_I4_O)        0.124     5.536 r  i_ps/system_i/system_i/axi_protocol_convert_0/inst/gen_axilite.gen_b2s_conv.axilite_b2s/RD.ar_channel_0/cmd_translator_0/incr_cmd_0/axaddr_incr[3]_i_7/O
                         net (fo=1, routed)           0.000     5.536    i_ps/system_i/system_i/axi_protocol_convert_0/inst/gen_axilite.gen_b2s_conv.axilite_b2s/SI_REG/ar.ar_pipe/axaddr_incr_reg[3]_0[3]
    SLICE_X7Y68          CARRY4 (Prop_carry4_S[3]_CO[3])
                                                      0.401     5.937 r  i_ps/system_i/system_i/axi_protocol_convert_0/inst/gen_axilite.gen_b2s_conv.axilite_b2s/SI_REG/ar.ar_pipe/axaddr_incr_reg[3]_i_2__0/CO[3]
                         net (fo=1, routed)           0.000     5.937    i_ps/system_i/system_i/axi_protocol_convert_0/inst/gen_axilite.gen_b2s_conv.axilite_b2s/SI_REG/ar.ar_pipe/axaddr_incr_reg[3]_i_2__0_n_0
    SLICE_X7Y69          CARRY4 (Prop_carry4_CI_O[3])
                                                      0.313     6.250 r  i_ps/system_i/system_i/axi_protocol_convert_0/inst/gen_axilite.gen_b2s_conv.axilite_b2s/SI_REG/ar.ar_pipe/axaddr_incr_reg[7]_i_2__0/O[3]
                         net (fo=1, routed)           1.012     7.261    i_ps/system_i/system_i/axi_protocol_convert_0/inst/gen_axilite.gen_b2s_conv.axilite_b2s/RD.ar_channel_0/cmd_translator_0/incr_cmd_0/axaddr_incr_reg[7]_0[3]
    SLICE_X14Y69         LUT3 (Prop_lut3_I0_O)        0.334     7.595 r  i_ps/system_i/system_i/axi_protocol_convert_0/inst/gen_axilite.gen_b2s_conv.axilite_b2s/RD.ar_channel_0/cmd_translator_0/incr_cmd_0/axaddr_incr[7]_i_1__0/O
                         net (fo=1, routed)           0.000     7.595    i_ps/system_i/system_i/axi_protocol_convert_0/inst/gen_axilite.gen_b2s_conv.axilite_b2s/RD.ar_channel_0/cmd_translator_0/incr_cmd_0/axaddr_incr[7]_i_1__0_n_0
    SLICE_X14Y69         FDRE                                         r  i_ps/system_i/system_i/axi_protocol_convert_0/inst/gen_axilite.gen_b2s_conv.axilite_b2s/RD.ar_channel_0/cmd_translator_0/incr_cmd_0/axaddr_incr_reg[7]/D
  -------------------------------------------------------------------    -------------------

                         (clock clk_fpga_3 rise edge)
                                                      5.000     5.000 r  
    PS7_X0Y0             PS7                          0.000     5.000 r  i_ps/system_i/system_i/processing_system7_0/inst/PS7_i/FCLKCLK[3]
                         net (fo=1, routed)           1.101     6.101    i_ps/system_i/system_i/processing_system7_0/inst/FCLK_CLK_unbuffered[3]
    BUFGCTRL_X0Y2        BUFG (Prop_bufg_I_O)         0.091     6.192 r  i_ps/system_i/system_i/processing_system7_0/inst/buffer_fclk_clk_3.FCLK_CLK_3_BUFG/O
                         net (fo=765, routed)         1.480     7.672    i_ps/system_i/system_i/axi_protocol_convert_0/inst/gen_axilite.gen_b2s_conv.axilite_b2s/RD.ar_channel_0/cmd_translator_0/incr_cmd_0/aclk
    SLICE_X14Y69         FDRE                                         r  i_ps/system_i/system_i/axi_protocol_convert_0/inst/gen_axilite.gen_b2s_conv.axilite_b2s/RD.ar_channel_0/cmd_translator_0/incr_cmd_0/axaddr_incr_reg[7]/C
                         clock pessimism              0.230     7.902    
                         clock uncertainty           -0.083     7.819    
    SLICE_X14Y69         FDRE (Setup_fdre_C_D)        0.075     7.894    i_ps/system_i/system_i/axi_protocol_convert_0/inst/gen_axilite.gen_b2s_conv.axilite_b2s/RD.ar_channel_0/cmd_translator_0/incr_cmd_0/axaddr_incr_reg[7]
  -------------------------------------------------------------------
                         required time                          7.894    
                         arrival time                          -7.595    
  -------------------------------------------------------------------
                         slack                                  0.299    

Slack (MET) :             0.301ns  (required time - arrival time)
  Source:                 i_ps/system_i/system_i/processing_system7_0/inst/PS7_i/MAXIGP1ACLK
                            (rising edge-triggered cell PS7 clocked by clk_fpga_3  {rise@0.000ns fall@2.500ns period=5.000ns})
  Destination:            i_ps/system_i/system_i/xadc_wiz_0/inst/AXI_LITE_IPIF_I/I_SLAVE_ATTACHMENT/I_DECODER/GEN_BKEND_CE_REGISTERS[8].ce_out_i_reg[8]/D
                            (rising edge-triggered cell FDRE clocked by clk_fpga_3  {rise@0.000ns fall@2.500ns period=5.000ns})
  Path Group:             clk_fpga_3
  Path Type:              Setup (Max at Slow Process Corner)
  Requirement:            5.000ns  (clk_fpga_3 rise@5.000ns - clk_fpga_3 rise@0.000ns)
  Data Path Delay:        4.495ns  (logic 1.675ns (37.261%)  route 2.820ns (62.739%))
  Logic Levels:           3  (LUT4=1 LUT5=1 LUT6=1)
  Clock Path Skew:        -0.150ns (DCD - SCD + CPR)
    Destination Clock Delay (DCD):    2.682ns = ( 7.682 - 5.000 ) 
    Source Clock Delay      (SCD):    3.062ns
    Clock Pessimism Removal (CPR):    0.230ns
  Clock Uncertainty:      0.083ns  ((TSJ^2 + TIJ^2)^1/2 + DJ) / 2 + PE
    Total System Jitter     (TSJ):    0.071ns
    Total Input Jitter      (TIJ):    0.150ns
    Discrete Jitter          (DJ):    0.000ns
    Phase Error              (PE):    0.000ns

    Location             Delay type                Incr(ns)  Path(ns)    Netlist Resource(s)
  -------------------------------------------------------------------    -------------------
                         (clock clk_fpga_3 rise edge)
                                                      0.000     0.000 r  
    PS7_X0Y0             PS7                          0.000     0.000 r  i_ps/system_i/system_i/processing_system7_0/inst/PS7_i/FCLKCLK[3]
                         net (fo=1, routed)           1.207     1.207    i_ps/system_i/system_i/processing_system7_0/inst/FCLK_CLK_unbuffered[3]
    BUFGCTRL_X0Y2        BUFG (Prop_bufg_I_O)         0.101     1.308 r  i_ps/system_i/system_i/processing_system7_0/inst/buffer_fclk_clk_3.FCLK_CLK_3_BUFG/O
                         net (fo=765, routed)         1.754     3.062    i_ps/system_i/system_i/processing_system7_0/inst/M_AXI_GP1_ACLK
    PS7_X0Y0             PS7                                          r  i_ps/system_i/system_i/processing_system7_0/inst/PS7_i/MAXIGP1ACLK
  -------------------------------------------------------------------    -------------------
    PS7_X0Y0             PS7 (Prop_ps7_MAXIGP1ACLK_MAXIGP1WVALID)
                                                      1.303     4.365 r  i_ps/system_i/system_i/processing_system7_0/inst/PS7_i/MAXIGP1WVALID
                         net (fo=5, routed)           1.615     5.980    i_ps/system_i/system_i/xadc_wiz_0/inst/AXI_LITE_IPIF_I/I_SLAVE_ATTACHMENT/I_DECODER/s_axi_wvalid
    SLICE_X11Y67         LUT4 (Prop_lut4_I1_O)        0.124     6.104 r  i_ps/system_i/system_i/xadc_wiz_0/inst/AXI_LITE_IPIF_I/I_SLAVE_ATTACHMENT/I_DECODER/GEN_BKEND_CE_REGISTERS[24].ce_out_i[24]_i_2/O
                         net (fo=27, routed)          0.813     6.917    i_ps/system_i/system_i/xadc_wiz_0/inst/AXI_LITE_IPIF_I/I_SLAVE_ATTACHMENT/I_DECODER/start
    SLICE_X13Y67         LUT5 (Prop_lut5_I4_O)        0.124     7.041 r  i_ps/system_i/system_i/xadc_wiz_0/inst/AXI_LITE_IPIF_I/I_SLAVE_ATTACHMENT/I_DECODER/GEN_BKEND_CE_REGISTERS[23].ce_out_i[23]_i_3/O
                         net (fo=16, routed)          0.392     7.433    i_ps/system_i/system_i/xadc_wiz_0/inst/AXI_LITE_IPIF_I/I_SLAVE_ATTACHMENT/I_DECODER/pselect_hit_i_1
    SLICE_X11Y66         LUT6 (Prop_lut6_I1_O)        0.124     7.557 r  i_ps/system_i/system_i/xadc_wiz_0/inst/AXI_LITE_IPIF_I/I_SLAVE_ATTACHMENT/I_DECODER/GEN_BKEND_CE_REGISTERS[8].ce_out_i[8]_i_1/O
                         net (fo=1, routed)           0.000     7.557    i_ps/system_i/system_i/xadc_wiz_0/inst/AXI_LITE_IPIF_I/I_SLAVE_ATTACHMENT/I_DECODER/GEN_BKEND_CE_REGISTERS[8].ce_out_i[8]_i_1_n_0
    SLICE_X11Y66         FDRE                                         r  i_ps/system_i/system_i/xadc_wiz_0/inst/AXI_LITE_IPIF_I/I_SLAVE_ATTACHMENT/I_DECODER/GEN_BKEND_CE_REGISTERS[8].ce_out_i_reg[8]/D
  -------------------------------------------------------------------    -------------------

                         (clock clk_fpga_3 rise edge)
                                                      5.000     5.000 r  
    PS7_X0Y0             PS7                          0.000     5.000 r  i_ps/system_i/system_i/processing_system7_0/inst/PS7_i/FCLKCLK[3]
                         net (fo=1, routed)           1.101     6.101    i_ps/system_i/system_i/processing_system7_0/inst/FCLK_CLK_unbuffered[3]
    BUFGCTRL_X0Y2        BUFG (Prop_bufg_I_O)         0.091     6.192 r  i_ps/system_i/system_i/processing_system7_0/inst/buffer_fclk_clk_3.FCLK_CLK_3_BUFG/O
                         net (fo=765, routed)         1.490     7.682    i_ps/system_i/system_i/xadc_wiz_0/inst/AXI_LITE_IPIF_I/I_SLAVE_ATTACHMENT/I_DECODER/s_axi_aclk
    SLICE_X11Y66         FDRE                                         r  i_ps/system_i/system_i/xadc_wiz_0/inst/AXI_LITE_IPIF_I/I_SLAVE_ATTACHMENT/I_DECODER/GEN_BKEND_CE_REGISTERS[8].ce_out_i_reg[8]/C
                         clock pessimism              0.230     7.912    
                         clock uncertainty           -0.083     7.829    
    SLICE_X11Y66         FDRE (Setup_fdre_C_D)        0.029     7.858    i_ps/system_i/system_i/xadc_wiz_0/inst/AXI_LITE_IPIF_I/I_SLAVE_ATTACHMENT/I_DECODER/GEN_BKEND_CE_REGISTERS[8].ce_out_i_reg[8]
  -------------------------------------------------------------------
                         required time                          7.858    
                         arrival time                          -7.557    
  -------------------------------------------------------------------
                         slack                                  0.301    

Slack (MET) :             0.306ns  (required time - arrival time)
  Source:                 i_ps/system_i/system_i/processing_system7_0/inst/PS7_i/MAXIGP1ACLK
                            (rising edge-triggered cell PS7 clocked by clk_fpga_3  {rise@0.000ns fall@2.500ns period=5.000ns})
  Destination:            i_ps/system_i/system_i/xadc_wiz_0/inst/AXI_LITE_IPIF_I/I_SLAVE_ATTACHMENT/I_DECODER/GEN_BKEND_CE_REGISTERS[17].ce_out_i_reg[17]/D
                            (rising edge-triggered cell FDRE clocked by clk_fpga_3  {rise@0.000ns fall@2.500ns period=5.000ns})
  Path Group:             clk_fpga_3
  Path Type:              Setup (Max at Slow Process Corner)
  Requirement:            5.000ns  (clk_fpga_3 rise@5.000ns - clk_fpga_3 rise@0.000ns)
  Data Path Delay:        4.492ns  (logic 1.675ns (37.286%)  route 2.817ns (62.714%))
  Logic Levels:           3  (LUT4=1 LUT5=1 LUT6=1)
  Clock Path Skew:        -0.150ns (DCD - SCD + CPR)
    Destination Clock Delay (DCD):    2.682ns = ( 7.682 - 5.000 ) 
    Source Clock Delay      (SCD):    3.062ns
    Clock Pessimism Removal (CPR):    0.230ns
  Clock Uncertainty:      0.083ns  ((TSJ^2 + TIJ^2)^1/2 + DJ) / 2 + PE
    Total System Jitter     (TSJ):    0.071ns
    Total Input Jitter      (TIJ):    0.150ns
    Discrete Jitter          (DJ):    0.000ns
    Phase Error              (PE):    0.000ns

    Location             Delay type                Incr(ns)  Path(ns)    Netlist Resource(s)
  -------------------------------------------------------------------    -------------------
                         (clock clk_fpga_3 rise edge)
                                                      0.000     0.000 r  
    PS7_X0Y0             PS7                          0.000     0.000 r  i_ps/system_i/system_i/processing_system7_0/inst/PS7_i/FCLKCLK[3]
                         net (fo=1, routed)           1.207     1.207    i_ps/system_i/system_i/processing_system7_0/inst/FCLK_CLK_unbuffered[3]
    BUFGCTRL_X0Y2        BUFG (Prop_bufg_I_O)         0.101     1.308 r  i_ps/system_i/system_i/processing_system7_0/inst/buffer_fclk_clk_3.FCLK_CLK_3_BUFG/O
                         net (fo=765, routed)         1.754     3.062    i_ps/system_i/system_i/processing_system7_0/inst/M_AXI_GP1_ACLK
    PS7_X0Y0             PS7                                          r  i_ps/system_i/system_i/processing_system7_0/inst/PS7_i/MAXIGP1ACLK
  -------------------------------------------------------------------    -------------------
    PS7_X0Y0             PS7 (Prop_ps7_MAXIGP1ACLK_MAXIGP1WVALID)
                                                      1.303     4.365 r  i_ps/system_i/system_i/processing_system7_0/inst/PS7_i/MAXIGP1WVALID
                         net (fo=5, routed)           1.615     5.980    i_ps/system_i/system_i/xadc_wiz_0/inst/AXI_LITE_IPIF_I/I_SLAVE_ATTACHMENT/I_DECODER/s_axi_wvalid
    SLICE_X11Y67         LUT4 (Prop_lut4_I1_O)        0.124     6.104 r  i_ps/system_i/system_i/xadc_wiz_0/inst/AXI_LITE_IPIF_I/I_SLAVE_ATTACHMENT/I_DECODER/GEN_BKEND_CE_REGISTERS[24].ce_out_i[24]_i_2/O
                         net (fo=27, routed)          0.813     6.917    i_ps/system_i/system_i/xadc_wiz_0/inst/AXI_LITE_IPIF_I/I_SLAVE_ATTACHMENT/I_DECODER/start
    SLICE_X13Y67         LUT5 (Prop_lut5_I4_O)        0.124     7.041 r  i_ps/system_i/system_i/xadc_wiz_0/inst/AXI_LITE_IPIF_I/I_SLAVE_ATTACHMENT/I_DECODER/GEN_BKEND_CE_REGISTERS[23].ce_out_i[23]_i_3/O
                         net (fo=16, routed)          0.389     7.430    i_ps/system_i/system_i/xadc_wiz_0/inst/AXI_LITE_IPIF_I/I_SLAVE_ATTACHMENT/I_DECODER/pselect_hit_i_1
    SLICE_X11Y66         LUT6 (Prop_lut6_I1_O)        0.124     7.554 r  i_ps/system_i/system_i/xadc_wiz_0/inst/AXI_LITE_IPIF_I/I_SLAVE_ATTACHMENT/I_DECODER/GEN_BKEND_CE_REGISTERS[17].ce_out_i[17]_i_1/O
                         net (fo=1, routed)           0.000     7.554    i_ps/system_i/system_i/xadc_wiz_0/inst/AXI_LITE_IPIF_I/I_SLAVE_ATTACHMENT/I_DECODER/GEN_BKEND_CE_REGISTERS[17].ce_out_i[17]_i_1_n_0
    SLICE_X11Y66         FDRE                                         r  i_ps/system_i/system_i/xadc_wiz_0/inst/AXI_LITE_IPIF_I/I_SLAVE_ATTACHMENT/I_DECODER/GEN_BKEND_CE_REGISTERS[17].ce_out_i_reg[17]/D
  -------------------------------------------------------------------    -------------------

                         (clock clk_fpga_3 rise edge)
                                                      5.000     5.000 r  
    PS7_X0Y0             PS7                          0.000     5.000 r  i_ps/system_i/system_i/processing_system7_0/inst/PS7_i/FCLKCLK[3]
                         net (fo=1, routed)           1.101     6.101    i_ps/system_i/system_i/processing_system7_0/inst/FCLK_CLK_unbuffered[3]
    BUFGCTRL_X0Y2        BUFG (Prop_bufg_I_O)         0.091     6.192 r  i_ps/system_i/system_i/processing_system7_0/inst/buffer_fclk_clk_3.FCLK_CLK_3_BUFG/O
                         net (fo=765, routed)         1.490     7.682    i_ps/system_i/system_i/xadc_wiz_0/inst/AXI_LITE_IPIF_I/I_SLAVE_ATTACHMENT/I_DECODER/s_axi_aclk
    SLICE_X11Y66         FDRE                                         r  i_ps/system_i/system_i/xadc_wiz_0/inst/AXI_LITE_IPIF_I/I_SLAVE_ATTACHMENT/I_DECODER/GEN_BKEND_CE_REGISTERS[17].ce_out_i_reg[17]/C
                         clock pessimism              0.230     7.912    
                         clock uncertainty           -0.083     7.829    
    SLICE_X11Y66         FDRE (Setup_fdre_C_D)        0.031     7.860    i_ps/system_i/system_i/xadc_wiz_0/inst/AXI_LITE_IPIF_I/I_SLAVE_ATTACHMENT/I_DECODER/GEN_BKEND_CE_REGISTERS[17].ce_out_i_reg[17]
  -------------------------------------------------------------------
                         required time                          7.860    
                         arrival time                          -7.554    
  -------------------------------------------------------------------
                         slack                                  0.306    

Slack (MET) :             0.306ns  (required time - arrival time)
  Source:                 i_ps/system_i/system_i/axi_protocol_convert_0/inst/gen_axilite.gen_b2s_conv.axilite_b2s/SI_REG/aw.aw_pipe/m_payload_i_reg[39]/C
                            (rising edge-triggered cell FDRE clocked by clk_fpga_3  {rise@0.000ns fall@2.500ns period=5.000ns})
  Destination:            i_ps/system_i/system_i/xadc_wiz_0/inst/AXI_LITE_IPIF_I/I_SLAVE_ATTACHMENT/I_DECODER/GEN_BKEND_CE_REGISTERS[0].ce_out_i_reg[0]/D
                            (rising edge-triggered cell FDRE clocked by clk_fpga_3  {rise@0.000ns fall@2.500ns period=5.000ns})
  Path Group:             clk_fpga_3
  Path Type:              Setup (Max at Slow Process Corner)
  Requirement:            5.000ns  (clk_fpga_3 rise@5.000ns - clk_fpga_3 rise@0.000ns)
  Data Path Delay:        4.538ns  (logic 1.214ns (26.753%)  route 3.324ns (73.247%))
  Logic Levels:           5  (LUT3=2 LUT5=1 LUT6=2)
  Clock Path Skew:        -0.105ns (DCD - SCD + CPR)
    Destination Clock Delay (DCD):    2.681ns = ( 7.681 - 5.000 ) 
    Source Clock Delay      (SCD):    3.016ns
    Clock Pessimism Removal (CPR):    0.230ns
  Clock Uncertainty:      0.083ns  ((TSJ^2 + TIJ^2)^1/2 + DJ) / 2 + PE
    Total System Jitter     (TSJ):    0.071ns
    Total Input Jitter      (TIJ):    0.150ns
    Discrete Jitter          (DJ):    0.000ns
    Phase Error              (PE):    0.000ns

    Location             Delay type                Incr(ns)  Path(ns)    Netlist Resource(s)
  -------------------------------------------------------------------    -------------------
                         (clock clk_fpga_3 rise edge)
                                                      0.000     0.000 r  
    PS7_X0Y0             PS7                          0.000     0.000 r  i_ps/system_i/system_i/processing_system7_0/inst/PS7_i/FCLKCLK[3]
                         net (fo=1, routed)           1.207     1.207    i_ps/system_i/system_i/processing_system7_0/inst/FCLK_CLK_unbuffered[3]
    BUFGCTRL_X0Y2        BUFG (Prop_bufg_I_O)         0.101     1.308 r  i_ps/system_i/system_i/processing_system7_0/inst/buffer_fclk_clk_3.FCLK_CLK_3_BUFG/O
                         net (fo=765, routed)         1.708     3.016    i_ps/system_i/system_i/axi_protocol_convert_0/inst/gen_axilite.gen_b2s_conv.axilite_b2s/SI_REG/aw.aw_pipe/aclk
    SLICE_X2Y67          FDRE                                         r  i_ps/system_i/system_i/axi_protocol_convert_0/inst/gen_axilite.gen_b2s_conv.axilite_b2s/SI_REG/aw.aw_pipe/m_payload_i_reg[39]/C
  -------------------------------------------------------------------    -------------------
    SLICE_X2Y67          FDRE (Prop_fdre_C_Q)         0.419     3.435 f  i_ps/system_i/system_i/axi_protocol_convert_0/inst/gen_axilite.gen_b2s_conv.axilite_b2s/SI_REG/aw.aw_pipe/m_payload_i_reg[39]/Q
                         net (fo=13, routed)          0.581     4.016    i_ps/system_i/system_i/axi_protocol_convert_0/inst/gen_axilite.gen_b2s_conv.axilite_b2s/SI_REG/aw.aw_pipe/Q[37]
    SLICE_X5Y67          LUT3 (Prop_lut3_I0_O)        0.299     4.315 r  i_ps/system_i/system_i/axi_protocol_convert_0/inst/gen_axilite.gen_b2s_conv.axilite_b2s/SI_REG/aw.aw_pipe/m_axi_awaddr[11]_INST_0_i_1/O
                         net (fo=8, routed)           0.620     4.934    i_ps/system_i/system_i/axi_protocol_convert_0/inst/gen_axilite.gen_b2s_conv.axilite_b2s/SI_REG/aw.aw_pipe/m_axi_awaddr[11]_INST_0_i_1_n_0
    SLICE_X2Y68          LUT6 (Prop_lut6_I5_O)        0.124     5.058 f  i_ps/system_i/system_i/axi_protocol_convert_0/inst/gen_axilite.gen_b2s_conv.axilite_b2s/SI_REG/aw.aw_pipe/m_axi_awaddr[7]_INST_0/O
                         net (fo=1, routed)           0.850     5.909    i_ps/system_i/system_i/xadc_wiz_0/inst/AXI_LITE_IPIF_I/I_SLAVE_ATTACHMENT/I_DECODER/s_axi_awaddr[5]
    SLICE_X13Y70         LUT3 (Prop_lut3_I2_O)        0.124     6.033 f  i_ps/system_i/system_i/xadc_wiz_0/inst/AXI_LITE_IPIF_I/I_SLAVE_ATTACHMENT/I_DECODER/XADC_INST_i_5/O
                         net (fo=3, routed)           0.715     6.748    i_ps/system_i/system_i/xadc_wiz_0/inst/AXI_LITE_IPIF_I/I_SLAVE_ATTACHMENT/I_DECODER/m_payload_i_reg[8][1]
    SLICE_X11Y67         LUT6 (Prop_lut6_I3_O)        0.124     6.872 r  i_ps/system_i/system_i/xadc_wiz_0/inst/AXI_LITE_IPIF_I/I_SLAVE_ATTACHMENT/I_DECODER/GEN_BKEND_CE_REGISTERS[7].ce_out_i[7]_i_2/O
                         net (fo=8, routed)           0.558     7.430    i_ps/system_i/system_i/xadc_wiz_0/inst/AXI_LITE_IPIF_I/I_SLAVE_ATTACHMENT/I_DECODER/pselect_hit_i_2
    SLICE_X13Y67         LUT5 (Prop_lut5_I3_O)        0.124     7.554 r  i_ps/system_i/system_i/xadc_wiz_0/inst/AXI_LITE_IPIF_I/I_SLAVE_ATTACHMENT/I_DECODER/GEN_BKEND_CE_REGISTERS[0].ce_out_i[0]_i_1/O
                         net (fo=1, routed)           0.000     7.554    i_ps/system_i/system_i/xadc_wiz_0/inst/AXI_LITE_IPIF_I/I_SLAVE_ATTACHMENT/I_DECODER/p_7_out
    SLICE_X13Y67         FDRE                                         r  i_ps/system_i/system_i/xadc_wiz_0/inst/AXI_LITE_IPIF_I/I_SLAVE_ATTACHMENT/I_DECODER/GEN_BKEND_CE_REGISTERS[0].ce_out_i_reg[0]/D
  -------------------------------------------------------------------    -------------------

                         (clock clk_fpga_3 rise edge)
                                                      5.000     5.000 r  
    PS7_X0Y0             PS7                          0.000     5.000 r  i_ps/system_i/system_i/processing_system7_0/inst/PS7_i/FCLKCLK[3]
                         net (fo=1, routed)           1.101     6.101    i_ps/system_i/system_i/processing_system7_0/inst/FCLK_CLK_unbuffered[3]
    BUFGCTRL_X0Y2        BUFG (Prop_bufg_I_O)         0.091     6.192 r  i_ps/system_i/system_i/processing_system7_0/inst/buffer_fclk_clk_3.FCLK_CLK_3_BUFG/O
                         net (fo=765, routed)         1.489     7.681    i_ps/system_i/system_i/xadc_wiz_0/inst/AXI_LITE_IPIF_I/I_SLAVE_ATTACHMENT/I_DECODER/s_axi_aclk
    SLICE_X13Y67         FDRE                                         r  i_ps/system_i/system_i/xadc_wiz_0/inst/AXI_LITE_IPIF_I/I_SLAVE_ATTACHMENT/I_DECODER/GEN_BKEND_CE_REGISTERS[0].ce_out_i_reg[0]/C
                         clock pessimism              0.230     7.911    
                         clock uncertainty           -0.083     7.828    
    SLICE_X13Y67         FDRE (Setup_fdre_C_D)        0.032     7.860    i_ps/system_i/system_i/xadc_wiz_0/inst/AXI_LITE_IPIF_I/I_SLAVE_ATTACHMENT/I_DECODER/GEN_BKEND_CE_REGISTERS[0].ce_out_i_reg[0]
  -------------------------------------------------------------------
                         required time                          7.860    
                         arrival time                          -7.554    
  -------------------------------------------------------------------
                         slack                                  0.306    

Slack (MET) :             0.332ns  (required time - arrival time)
  Source:                 i_ps/system_i/system_i/processing_system7_0/inst/PS7_i/MAXIGP1ACLK
                            (rising edge-triggered cell PS7 clocked by clk_fpga_3  {rise@0.000ns fall@2.500ns period=5.000ns})
  Destination:            i_ps/system_i/system_i/xadc_wiz_0/inst/AXI_LITE_IPIF_I/I_SLAVE_ATTACHMENT/I_DECODER/GEN_BKEND_CE_REGISTERS[13].ce_out_i_reg[13]/D
                            (rising edge-triggered cell FDRE clocked by clk_fpga_3  {rise@0.000ns fall@2.500ns period=5.000ns})
  Path Group:             clk_fpga_3
  Path Type:              Setup (Max at Slow Process Corner)
  Requirement:            5.000ns  (clk_fpga_3 rise@5.000ns - clk_fpga_3 rise@0.000ns)
  Data Path Delay:        4.510ns  (logic 1.675ns (37.144%)  route 2.835ns (62.856%))
  Logic Levels:           3  (LUT4=1 LUT5=1 LUT6=1)
  Clock Path Skew:        -0.153ns (DCD - SCD + CPR)
    Destination Clock Delay (DCD):    2.679ns = ( 7.679 - 5.000 ) 
    Source Clock Delay      (SCD):    3.062ns
    Clock Pessimism Removal (CPR):    0.230ns
  Clock Uncertainty:      0.083ns  ((TSJ^2 + TIJ^2)^1/2 + DJ) / 2 + PE
    Total System Jitter     (TSJ):    0.071ns
    Total Input Jitter      (TIJ):    0.150ns
    Discrete Jitter          (DJ):    0.000ns
    Phase Error              (PE):    0.000ns

    Location             Delay type                Incr(ns)  Path(ns)    Netlist Resource(s)
  -------------------------------------------------------------------    -------------------
                         (clock clk_fpga_3 rise edge)
                                                      0.000     0.000 r  
    PS7_X0Y0             PS7                          0.000     0.000 r  i_ps/system_i/system_i/processing_system7_0/inst/PS7_i/FCLKCLK[3]
                         net (fo=1, routed)           1.207     1.207    i_ps/system_i/system_i/processing_system7_0/inst/FCLK_CLK_unbuffered[3]
    BUFGCTRL_X0Y2        BUFG (Prop_bufg_I_O)         0.101     1.308 r  i_ps/system_i/system_i/processing_system7_0/inst/buffer_fclk_clk_3.FCLK_CLK_3_BUFG/O
                         net (fo=765, routed)         1.754     3.062    i_ps/system_i/system_i/processing_system7_0/inst/M_AXI_GP1_ACLK
    PS7_X0Y0             PS7                                          r  i_ps/system_i/system_i/processing_system7_0/inst/PS7_i/MAXIGP1ACLK
  -------------------------------------------------------------------    -------------------
    PS7_X0Y0             PS7 (Prop_ps7_MAXIGP1ACLK_MAXIGP1WVALID)
                                                      1.303     4.365 r  i_ps/system_i/system_i/processing_system7_0/inst/PS7_i/MAXIGP1WVALID
                         net (fo=5, routed)           1.615     5.980    i_ps/system_i/system_i/xadc_wiz_0/inst/AXI_LITE_IPIF_I/I_SLAVE_ATTACHMENT/I_DECODER/s_axi_wvalid
    SLICE_X11Y67         LUT4 (Prop_lut4_I1_O)        0.124     6.104 r  i_ps/system_i/system_i/xadc_wiz_0/inst/AXI_LITE_IPIF_I/I_SLAVE_ATTACHMENT/I_DECODER/GEN_BKEND_CE_REGISTERS[24].ce_out_i[24]_i_2/O
                         net (fo=27, routed)          0.813     6.917    i_ps/system_i/system_i/xadc_wiz_0/inst/AXI_LITE_IPIF_I/I_SLAVE_ATTACHMENT/I_DECODER/start
    SLICE_X13Y67         LUT5 (Prop_lut5_I4_O)        0.124     7.041 r  i_ps/system_i/system_i/xadc_wiz_0/inst/AXI_LITE_IPIF_I/I_SLAVE_ATTACHMENT/I_DECODER/GEN_BKEND_CE_REGISTERS[23].ce_out_i[23]_i_3/O
                         net (fo=16, routed)          0.406     7.447    i_ps/system_i/system_i/xadc_wiz_0/inst/AXI_LITE_IPIF_I/I_SLAVE_ATTACHMENT/I_DECODER/pselect_hit_i_1
    SLICE_X10Y68         LUT6 (Prop_lut6_I5_O)        0.124     7.571 r  i_ps/system_i/system_i/xadc_wiz_0/inst/AXI_LITE_IPIF_I/I_SLAVE_ATTACHMENT/I_DECODER/GEN_BKEND_CE_REGISTERS[13].ce_out_i[13]_i_1/O
                         net (fo=1, routed)           0.000     7.571    i_ps/system_i/system_i/xadc_wiz_0/inst/AXI_LITE_IPIF_I/I_SLAVE_ATTACHMENT/I_DECODER/p_10_out
    SLICE_X10Y68         FDRE                                         r  i_ps/system_i/system_i/xadc_wiz_0/inst/AXI_LITE_IPIF_I/I_SLAVE_ATTACHMENT/I_DECODER/GEN_BKEND_CE_REGISTERS[13].ce_out_i_reg[13]/D
  -------------------------------------------------------------------    -------------------

                         (clock clk_fpga_3 rise edge)
                                                      5.000     5.000 r  
    PS7_X0Y0             PS7                          0.000     5.000 r  i_ps/system_i/system_i/processing_system7_0/inst/PS7_i/FCLKCLK[3]
                         net (fo=1, routed)           1.101     6.101    i_ps/system_i/system_i/processing_system7_0/inst/FCLK_CLK_unbuffered[3]
    BUFGCTRL_X0Y2        BUFG (Prop_bufg_I_O)         0.091     6.192 r  i_ps/system_i/system_i/processing_system7_0/inst/buffer_fclk_clk_3.FCLK_CLK_3_BUFG/O
                         net (fo=765, routed)         1.487     7.679    i_ps/system_i/system_i/xadc_wiz_0/inst/AXI_LITE_IPIF_I/I_SLAVE_ATTACHMENT/I_DECODER/s_axi_aclk
    SLICE_X10Y68         FDRE                                         r  i_ps/system_i/system_i/xadc_wiz_0/inst/AXI_LITE_IPIF_I/I_SLAVE_ATTACHMENT/I_DECODER/GEN_BKEND_CE_REGISTERS[13].ce_out_i_reg[13]/C
                         clock pessimism              0.230     7.909    
                         clock uncertainty           -0.083     7.826    
    SLICE_X10Y68         FDRE (Setup_fdre_C_D)        0.077     7.903    i_ps/system_i/system_i/xadc_wiz_0/inst/AXI_LITE_IPIF_I/I_SLAVE_ATTACHMENT/I_DECODER/GEN_BKEND_CE_REGISTERS[13].ce_out_i_reg[13]
  -------------------------------------------------------------------
                         required time                          7.903    
                         arrival time                          -7.571    
  -------------------------------------------------------------------
                         slack                                  0.332    

Slack (MET) :             0.337ns  (required time - arrival time)
  Source:                 i_ps/system_i/system_i/processing_system7_0/inst/PS7_i/MAXIGP1ACLK
                            (rising edge-triggered cell PS7 clocked by clk_fpga_3  {rise@0.000ns fall@2.500ns period=5.000ns})
  Destination:            i_ps/system_i/system_i/xadc_wiz_0/inst/AXI_LITE_IPIF_I/I_SLAVE_ATTACHMENT/I_DECODER/GEN_BKEND_CE_REGISTERS[14].ce_out_i_reg[14]/D
                            (rising edge-triggered cell FDRE clocked by clk_fpga_3  {rise@0.000ns fall@2.500ns period=5.000ns})
  Path Group:             clk_fpga_3
  Path Type:              Setup (Max at Slow Process Corner)
  Requirement:            5.000ns  (clk_fpga_3 rise@5.000ns - clk_fpga_3 rise@0.000ns)
  Data Path Delay:        4.508ns  (logic 1.675ns (37.157%)  route 2.833ns (62.843%))
  Logic Levels:           3  (LUT4=1 LUT5=1 LUT6=1)
  Clock Path Skew:        -0.151ns (DCD - SCD + CPR)
    Destination Clock Delay (DCD):    2.681ns = ( 7.681 - 5.000 ) 
    Source Clock Delay      (SCD):    3.062ns
    Clock Pessimism Removal (CPR):    0.230ns
  Clock Uncertainty:      0.083ns  ((TSJ^2 + TIJ^2)^1/2 + DJ) / 2 + PE
    Total System Jitter     (TSJ):    0.071ns
    Total Input Jitter      (TIJ):    0.150ns
    Discrete Jitter          (DJ):    0.000ns
    Phase Error              (PE):    0.000ns

    Location             Delay type                Incr(ns)  Path(ns)    Netlist Resource(s)
  -------------------------------------------------------------------    -------------------
                         (clock clk_fpga_3 rise edge)
                                                      0.000     0.000 r  
    PS7_X0Y0             PS7                          0.000     0.000 r  i_ps/system_i/system_i/processing_system7_0/inst/PS7_i/FCLKCLK[3]
                         net (fo=1, routed)           1.207     1.207    i_ps/system_i/system_i/processing_system7_0/inst/FCLK_CLK_unbuffered[3]
    BUFGCTRL_X0Y2        BUFG (Prop_bufg_I_O)         0.101     1.308 r  i_ps/system_i/system_i/processing_system7_0/inst/buffer_fclk_clk_3.FCLK_CLK_3_BUFG/O
                         net (fo=765, routed)         1.754     3.062    i_ps/system_i/system_i/processing_system7_0/inst/M_AXI_GP1_ACLK
    PS7_X0Y0             PS7                                          r  i_ps/system_i/system_i/processing_system7_0/inst/PS7_i/MAXIGP1ACLK
  -------------------------------------------------------------------    -------------------
    PS7_X0Y0             PS7 (Prop_ps7_MAXIGP1ACLK_MAXIGP1WVALID)
                                                      1.303     4.365 r  i_ps/system_i/system_i/processing_system7_0/inst/PS7_i/MAXIGP1WVALID
                         net (fo=5, routed)           1.615     5.980    i_ps/system_i/system_i/xadc_wiz_0/inst/AXI_LITE_IPIF_I/I_SLAVE_ATTACHMENT/I_DECODER/s_axi_wvalid
    SLICE_X11Y67         LUT4 (Prop_lut4_I1_O)        0.124     6.104 r  i_ps/system_i/system_i/xadc_wiz_0/inst/AXI_LITE_IPIF_I/I_SLAVE_ATTACHMENT/I_DECODER/GEN_BKEND_CE_REGISTERS[24].ce_out_i[24]_i_2/O
                         net (fo=27, routed)          0.813     6.917    i_ps/system_i/system_i/xadc_wiz_0/inst/AXI_LITE_IPIF_I/I_SLAVE_ATTACHMENT/I_DECODER/start
    SLICE_X13Y67         LUT5 (Prop_lut5_I4_O)        0.124     7.041 r  i_ps/system_i/system_i/xadc_wiz_0/inst/AXI_LITE_IPIF_I/I_SLAVE_ATTACHMENT/I_DECODER/GEN_BKEND_CE_REGISTERS[23].ce_out_i[23]_i_3/O
                         net (fo=16, routed)          0.404     7.446    i_ps/system_i/system_i/xadc_wiz_0/inst/AXI_LITE_IPIF_I/I_SLAVE_ATTACHMENT/I_DECODER/pselect_hit_i_1
    SLICE_X10Y67         LUT6 (Prop_lut6_I5_O)        0.124     7.570 r  i_ps/system_i/system_i/xadc_wiz_0/inst/AXI_LITE_IPIF_I/I_SLAVE_ATTACHMENT/I_DECODER/GEN_BKEND_CE_REGISTERS[14].ce_out_i[14]_i_1/O
                         net (fo=1, routed)           0.000     7.570    i_ps/system_i/system_i/xadc_wiz_0/inst/AXI_LITE_IPIF_I/I_SLAVE_ATTACHMENT/I_DECODER/p_9_out
    SLICE_X10Y67         FDRE                                         r  i_ps/system_i/system_i/xadc_wiz_0/inst/AXI_LITE_IPIF_I/I_SLAVE_ATTACHMENT/I_DECODER/GEN_BKEND_CE_REGISTERS[14].ce_out_i_reg[14]/D
  -------------------------------------------------------------------    -------------------

                         (clock clk_fpga_3 rise edge)
                                                      5.000     5.000 r  
    PS7_X0Y0             PS7                          0.000     5.000 r  i_ps/system_i/system_i/processing_system7_0/inst/PS7_i/FCLKCLK[3]
                         net (fo=1, routed)           1.101     6.101    i_ps/system_i/system_i/processing_system7_0/inst/FCLK_CLK_unbuffered[3]
    BUFGCTRL_X0Y2        BUFG (Prop_bufg_I_O)         0.091     6.192 r  i_ps/system_i/system_i/processing_system7_0/inst/buffer_fclk_clk_3.FCLK_CLK_3_BUFG/O
                         net (fo=765, routed)         1.489     7.681    i_ps/system_i/system_i/xadc_wiz_0/inst/AXI_LITE_IPIF_I/I_SLAVE_ATTACHMENT/I_DECODER/s_axi_aclk
    SLICE_X10Y67         FDRE                                         r  i_ps/system_i/system_i/xadc_wiz_0/inst/AXI_LITE_IPIF_I/I_SLAVE_ATTACHMENT/I_DECODER/GEN_BKEND_CE_REGISTERS[14].ce_out_i_reg[14]/C
                         clock pessimism              0.230     7.911    
                         clock uncertainty           -0.083     7.828    
    SLICE_X10Y67         FDRE (Setup_fdre_C_D)        0.079     7.907    i_ps/system_i/system_i/xadc_wiz_0/inst/AXI_LITE_IPIF_I/I_SLAVE_ATTACHMENT/I_DECODER/GEN_BKEND_CE_REGISTERS[14].ce_out_i_reg[14]
  -------------------------------------------------------------------
                         required time                          7.907    
                         arrival time                          -7.570    
  -------------------------------------------------------------------
                         slack                                  0.337    

Slack (MET) :             0.338ns  (required time - arrival time)
  Source:                 i_ps/system_i/system_i/processing_system7_0/inst/PS7_i/MAXIGP1ACLK
                            (rising edge-triggered cell PS7 clocked by clk_fpga_3  {rise@0.000ns fall@2.500ns period=5.000ns})
  Destination:            i_ps/system_i/system_i/xadc_wiz_0/inst/AXI_LITE_IPIF_I/I_SLAVE_ATTACHMENT/I_DECODER/GEN_BKEND_CE_REGISTERS[9].ce_out_i_reg[9]/D
                            (rising edge-triggered cell FDRE clocked by clk_fpga_3  {rise@0.000ns fall@2.500ns period=5.000ns})
  Path Group:             clk_fpga_3
  Path Type:              Setup (Max at Slow Process Corner)
  Requirement:            5.000ns  (clk_fpga_3 rise@5.000ns - clk_fpga_3 rise@0.000ns)
  Data Path Delay:        4.506ns  (logic 1.675ns (37.177%)  route 2.831ns (62.823%))
  Logic Levels:           3  (LUT4=1 LUT5=1 LUT6=1)
  Clock Path Skew:        -0.153ns (DCD - SCD + CPR)
    Destination Clock Delay (DCD):    2.679ns = ( 7.679 - 5.000 ) 
    Source Clock Delay      (SCD):    3.062ns
    Clock Pessimism Removal (CPR):    0.230ns
  Clock Uncertainty:      0.083ns  ((TSJ^2 + TIJ^2)^1/2 + DJ) / 2 + PE
    Total System Jitter     (TSJ):    0.071ns
    Total Input Jitter      (TIJ):    0.150ns
    Discrete Jitter          (DJ):    0.000ns
    Phase Error              (PE):    0.000ns

    Location             Delay type                Incr(ns)  Path(ns)    Netlist Resource(s)
  -------------------------------------------------------------------    -------------------
                         (clock clk_fpga_3 rise edge)
                                                      0.000     0.000 r  
    PS7_X0Y0             PS7                          0.000     0.000 r  i_ps/system_i/system_i/processing_system7_0/inst/PS7_i/FCLKCLK[3]
                         net (fo=1, routed)           1.207     1.207    i_ps/system_i/system_i/processing_system7_0/inst/FCLK_CLK_unbuffered[3]
    BUFGCTRL_X0Y2        BUFG (Prop_bufg_I_O)         0.101     1.308 r  i_ps/system_i/system_i/processing_system7_0/inst/buffer_fclk_clk_3.FCLK_CLK_3_BUFG/O
                         net (fo=765, routed)         1.754     3.062    i_ps/system_i/system_i/processing_system7_0/inst/M_AXI_GP1_ACLK
    PS7_X0Y0             PS7                                          r  i_ps/system_i/system_i/processing_system7_0/inst/PS7_i/MAXIGP1ACLK
  -------------------------------------------------------------------    -------------------
    PS7_X0Y0             PS7 (Prop_ps7_MAXIGP1ACLK_MAXIGP1WVALID)
                                                      1.303     4.365 r  i_ps/system_i/system_i/processing_system7_0/inst/PS7_i/MAXIGP1WVALID
                         net (fo=5, routed)           1.615     5.980    i_ps/system_i/system_i/xadc_wiz_0/inst/AXI_LITE_IPIF_I/I_SLAVE_ATTACHMENT/I_DECODER/s_axi_wvalid
    SLICE_X11Y67         LUT4 (Prop_lut4_I1_O)        0.124     6.104 r  i_ps/system_i/system_i/xadc_wiz_0/inst/AXI_LITE_IPIF_I/I_SLAVE_ATTACHMENT/I_DECODER/GEN_BKEND_CE_REGISTERS[24].ce_out_i[24]_i_2/O
                         net (fo=27, routed)          0.813     6.917    i_ps/system_i/system_i/xadc_wiz_0/inst/AXI_LITE_IPIF_I/I_SLAVE_ATTACHMENT/I_DECODER/start
    SLICE_X13Y67         LUT5 (Prop_lut5_I4_O)        0.124     7.041 r  i_ps/system_i/system_i/xadc_wiz_0/inst/AXI_LITE_IPIF_I/I_SLAVE_ATTACHMENT/I_DECODER/GEN_BKEND_CE_REGISTERS[23].ce_out_i[23]_i_3/O
                         net (fo=16, routed)          0.402     7.443    i_ps/system_i/system_i/xadc_wiz_0/inst/AXI_LITE_IPIF_I/I_SLAVE_ATTACHMENT/I_DECODER/pselect_hit_i_1
    SLICE_X10Y68         LUT6 (Prop_lut6_I1_O)        0.124     7.567 r  i_ps/system_i/system_i/xadc_wiz_0/inst/AXI_LITE_IPIF_I/I_SLAVE_ATTACHMENT/I_DECODER/GEN_BKEND_CE_REGISTERS[9].ce_out_i[9]_i_1/O
                         net (fo=1, routed)           0.000     7.567    i_ps/system_i/system_i/xadc_wiz_0/inst/AXI_LITE_IPIF_I/I_SLAVE_ATTACHMENT/I_DECODER/p_14_out
    SLICE_X10Y68         FDRE                                         r  i_ps/system_i/system_i/xadc_wiz_0/inst/AXI_LITE_IPIF_I/I_SLAVE_ATTACHMENT/I_DECODER/GEN_BKEND_CE_REGISTERS[9].ce_out_i_reg[9]/D
  -------------------------------------------------------------------    -------------------

                         (clock clk_fpga_3 rise edge)
                                                      5.000     5.000 r  
    PS7_X0Y0             PS7                          0.000     5.000 r  i_ps/system_i/system_i/processing_system7_0/inst/PS7_i/FCLKCLK[3]
                         net (fo=1, routed)           1.101     6.101    i_ps/system_i/system_i/processing_system7_0/inst/FCLK_CLK_unbuffered[3]
    BUFGCTRL_X0Y2        BUFG (Prop_bufg_I_O)         0.091     6.192 r  i_ps/system_i/system_i/processing_system7_0/inst/buffer_fclk_clk_3.FCLK_CLK_3_BUFG/O
                         net (fo=765, routed)         1.487     7.679    i_ps/system_i/system_i/xadc_wiz_0/inst/AXI_LITE_IPIF_I/I_SLAVE_ATTACHMENT/I_DECODER/s_axi_aclk
    SLICE_X10Y68         FDRE                                         r  i_ps/system_i/system_i/xadc_wiz_0/inst/AXI_LITE_IPIF_I/I_SLAVE_ATTACHMENT/I_DECODER/GEN_BKEND_CE_REGISTERS[9].ce_out_i_reg[9]/C
                         clock pessimism              0.230     7.909    
                         clock uncertainty           -0.083     7.826    
    SLICE_X10Y68         FDRE (Setup_fdre_C_D)        0.079     7.905    i_ps/system_i/system_i/xadc_wiz_0/inst/AXI_LITE_IPIF_I/I_SLAVE_ATTACHMENT/I_DECODER/GEN_BKEND_CE_REGISTERS[9].ce_out_i_reg[9]
  -------------------------------------------------------------------
                         required time                          7.905    
                         arrival time                          -7.567    
  -------------------------------------------------------------------
                         slack                                  0.338    

Slack (MET) :             0.339ns  (required time - arrival time)
  Source:                 i_ps/system_i/system_i/processing_system7_0/inst/PS7_i/MAXIGP1ACLK
                            (rising edge-triggered cell PS7 clocked by clk_fpga_3  {rise@0.000ns fall@2.500ns period=5.000ns})
  Destination:            i_ps/system_i/system_i/xadc_wiz_0/inst/AXI_LITE_IPIF_I/I_SLAVE_ATTACHMENT/I_DECODER/GEN_BKEND_CE_REGISTERS[15].ce_out_i_reg[15]/D
                            (rising edge-triggered cell FDRE clocked by clk_fpga_3  {rise@0.000ns fall@2.500ns period=5.000ns})
  Path Group:             clk_fpga_3
  Path Type:              Setup (Max at Slow Process Corner)
  Requirement:            5.000ns  (clk_fpga_3 rise@5.000ns - clk_fpga_3 rise@0.000ns)
  Data Path Delay:        4.507ns  (logic 1.675ns (37.169%)  route 2.832ns (62.832%))
  Logic Levels:           3  (LUT4=1 LUT5=1 LUT6=1)
  Clock Path Skew:        -0.153ns (DCD - SCD + CPR)
    Destination Clock Delay (DCD):    2.679ns = ( 7.679 - 5.000 ) 
    Source Clock Delay      (SCD):    3.062ns
    Clock Pessimism Removal (CPR):    0.230ns
  Clock Uncertainty:      0.083ns  ((TSJ^2 + TIJ^2)^1/2 + DJ) / 2 + PE
    Total System Jitter     (TSJ):    0.071ns
    Total Input Jitter      (TIJ):    0.150ns
    Discrete Jitter          (DJ):    0.000ns
    Phase Error              (PE):    0.000ns

    Location             Delay type                Incr(ns)  Path(ns)    Netlist Resource(s)
  -------------------------------------------------------------------    -------------------
                         (clock clk_fpga_3 rise edge)
                                                      0.000     0.000 r  
    PS7_X0Y0             PS7                          0.000     0.000 r  i_ps/system_i/system_i/processing_system7_0/inst/PS7_i/FCLKCLK[3]
                         net (fo=1, routed)           1.207     1.207    i_ps/system_i/system_i/processing_system7_0/inst/FCLK_CLK_unbuffered[3]
    BUFGCTRL_X0Y2        BUFG (Prop_bufg_I_O)         0.101     1.308 r  i_ps/system_i/system_i/processing_system7_0/inst/buffer_fclk_clk_3.FCLK_CLK_3_BUFG/O
                         net (fo=765, routed)         1.754     3.062    i_ps/system_i/system_i/processing_system7_0/inst/M_AXI_GP1_ACLK
    PS7_X0Y0             PS7                                          r  i_ps/system_i/system_i/processing_system7_0/inst/PS7_i/MAXIGP1ACLK
  -------------------------------------------------------------------    -------------------
    PS7_X0Y0             PS7 (Prop_ps7_MAXIGP1ACLK_MAXIGP1WVALID)
                                                      1.303     4.365 r  i_ps/system_i/system_i/processing_system7_0/inst/PS7_i/MAXIGP1WVALID
                         net (fo=5, routed)           1.615     5.980    i_ps/system_i/system_i/xadc_wiz_0/inst/AXI_LITE_IPIF_I/I_SLAVE_ATTACHMENT/I_DECODER/s_axi_wvalid
    SLICE_X11Y67         LUT4 (Prop_lut4_I1_O)        0.124     6.104 r  i_ps/system_i/system_i/xadc_wiz_0/inst/AXI_LITE_IPIF_I/I_SLAVE_ATTACHMENT/I_DECODER/GEN_BKEND_CE_REGISTERS[24].ce_out_i[24]_i_2/O
                         net (fo=27, routed)          0.813     6.917    i_ps/system_i/system_i/xadc_wiz_0/inst/AXI_LITE_IPIF_I/I_SLAVE_ATTACHMENT/I_DECODER/start
    SLICE_X13Y67         LUT5 (Prop_lut5_I4_O)        0.124     7.041 r  i_ps/system_i/system_i/xadc_wiz_0/inst/AXI_LITE_IPIF_I/I_SLAVE_ATTACHMENT/I_DECODER/GEN_BKEND_CE_REGISTERS[23].ce_out_i[23]_i_3/O
                         net (fo=16, routed)          0.403     7.444    i_ps/system_i/system_i/xadc_wiz_0/inst/AXI_LITE_IPIF_I/I_SLAVE_ATTACHMENT/I_DECODER/pselect_hit_i_1
    SLICE_X10Y68         LUT6 (Prop_lut6_I2_O)        0.124     7.568 r  i_ps/system_i/system_i/xadc_wiz_0/inst/AXI_LITE_IPIF_I/I_SLAVE_ATTACHMENT/I_DECODER/GEN_BKEND_CE_REGISTERS[15].ce_out_i[15]_i_1/O
                         net (fo=1, routed)           0.000     7.568    i_ps/system_i/system_i/xadc_wiz_0/inst/AXI_LITE_IPIF_I/I_SLAVE_ATTACHMENT/I_DECODER/p_8_out
    SLICE_X10Y68         FDRE                                         r  i_ps/system_i/system_i/xadc_wiz_0/inst/AXI_LITE_IPIF_I/I_SLAVE_ATTACHMENT/I_DECODER/GEN_BKEND_CE_REGISTERS[15].ce_out_i_reg[15]/D
  -------------------------------------------------------------------    -------------------

                         (clock clk_fpga_3 rise edge)
                                                      5.000     5.000 r  
    PS7_X0Y0             PS7                          0.000     5.000 r  i_ps/system_i/system_i/processing_system7_0/inst/PS7_i/FCLKCLK[3]
                         net (fo=1, routed)           1.101     6.101    i_ps/system_i/system_i/processing_system7_0/inst/FCLK_CLK_unbuffered[3]
    BUFGCTRL_X0Y2        BUFG (Prop_bufg_I_O)         0.091     6.192 r  i_ps/system_i/system_i/processing_system7_0/inst/buffer_fclk_clk_3.FCLK_CLK_3_BUFG/O
                         net (fo=765, routed)         1.487     7.679    i_ps/system_i/system_i/xadc_wiz_0/inst/AXI_LITE_IPIF_I/I_SLAVE_ATTACHMENT/I_DECODER/s_axi_aclk
    SLICE_X10Y68         FDRE                                         r  i_ps/system_i/system_i/xadc_wiz_0/inst/AXI_LITE_IPIF_I/I_SLAVE_ATTACHMENT/I_DECODER/GEN_BKEND_CE_REGISTERS[15].ce_out_i_reg[15]/C
                         clock pessimism              0.230     7.909    
                         clock uncertainty           -0.083     7.826    
    SLICE_X10Y68         FDRE (Setup_fdre_C_D)        0.081     7.907    i_ps/system_i/system_i/xadc_wiz_0/inst/AXI_LITE_IPIF_I/I_SLAVE_ATTACHMENT/I_DECODER/GEN_BKEND_CE_REGISTERS[15].ce_out_i_reg[15]
  -------------------------------------------------------------------
                         required time                          7.907    
                         arrival time                          -7.568    
  -------------------------------------------------------------------
                         slack                                  0.339    

Slack (MET) :             0.341ns  (required time - arrival time)
  Source:                 i_ps/system_i/system_i/processing_system7_0/inst/PS7_i/MAXIGP1ACLK
                            (rising edge-triggered cell PS7 clocked by clk_fpga_3  {rise@0.000ns fall@2.500ns period=5.000ns})
  Destination:            i_ps/system_i/system_i/xadc_wiz_0/inst/AXI_LITE_IPIF_I/I_SLAVE_ATTACHMENT/I_DECODER/GEN_BKEND_CE_REGISTERS[18].ce_out_i_reg[18]/D
                            (rising edge-triggered cell FDRE clocked by clk_fpga_3  {rise@0.000ns fall@2.500ns period=5.000ns})
  Path Group:             clk_fpga_3
  Path Type:              Setup (Max at Slow Process Corner)
  Requirement:            5.000ns  (clk_fpga_3 rise@5.000ns - clk_fpga_3 rise@0.000ns)
  Data Path Delay:        4.502ns  (logic 1.675ns (37.207%)  route 2.827ns (62.793%))
  Logic Levels:           3  (LUT4=1 LUT5=1 LUT6=1)
  Clock Path Skew:        -0.151ns (DCD - SCD + CPR)
    Destination Clock Delay (DCD):    2.681ns = ( 7.681 - 5.000 ) 
    Source Clock Delay      (SCD):    3.062ns
    Clock Pessimism Removal (CPR):    0.230ns
  Clock Uncertainty:      0.083ns  ((TSJ^2 + TIJ^2)^1/2 + DJ) / 2 + PE
    Total System Jitter     (TSJ):    0.071ns
    Total Input Jitter      (TIJ):    0.150ns
    Discrete Jitter          (DJ):    0.000ns
    Phase Error              (PE):    0.000ns

    Location             Delay type                Incr(ns)  Path(ns)    Netlist Resource(s)
  -------------------------------------------------------------------    -------------------
                         (clock clk_fpga_3 rise edge)
                                                      0.000     0.000 r  
    PS7_X0Y0             PS7                          0.000     0.000 r  i_ps/system_i/system_i/processing_system7_0/inst/PS7_i/FCLKCLK[3]
                         net (fo=1, routed)           1.207     1.207    i_ps/system_i/system_i/processing_system7_0/inst/FCLK_CLK_unbuffered[3]
    BUFGCTRL_X0Y2        BUFG (Prop_bufg_I_O)         0.101     1.308 r  i_ps/system_i/system_i/processing_system7_0/inst/buffer_fclk_clk_3.FCLK_CLK_3_BUFG/O
                         net (fo=765, routed)         1.754     3.062    i_ps/system_i/system_i/processing_system7_0/inst/M_AXI_GP1_ACLK
    PS7_X0Y0             PS7                                          r  i_ps/system_i/system_i/processing_system7_0/inst/PS7_i/MAXIGP1ACLK
  -------------------------------------------------------------------    -------------------
    PS7_X0Y0             PS7 (Prop_ps7_MAXIGP1ACLK_MAXIGP1WVALID)
                                                      1.303     4.365 r  i_ps/system_i/system_i/processing_system7_0/inst/PS7_i/MAXIGP1WVALID
                         net (fo=5, routed)           1.615     5.980    i_ps/system_i/system_i/xadc_wiz_0/inst/AXI_LITE_IPIF_I/I_SLAVE_ATTACHMENT/I_DECODER/s_axi_wvalid
    SLICE_X11Y67         LUT4 (Prop_lut4_I1_O)        0.124     6.104 r  i_ps/system_i/system_i/xadc_wiz_0/inst/AXI_LITE_IPIF_I/I_SLAVE_ATTACHMENT/I_DECODER/GEN_BKEND_CE_REGISTERS[24].ce_out_i[24]_i_2/O
                         net (fo=27, routed)          0.813     6.917    i_ps/system_i/system_i/xadc_wiz_0/inst/AXI_LITE_IPIF_I/I_SLAVE_ATTACHMENT/I_DECODER/start
    SLICE_X13Y67         LUT5 (Prop_lut5_I4_O)        0.124     7.041 r  i_ps/system_i/system_i/xadc_wiz_0/inst/AXI_LITE_IPIF_I/I_SLAVE_ATTACHMENT/I_DECODER/GEN_BKEND_CE_REGISTERS[23].ce_out_i[23]_i_3/O
                         net (fo=16, routed)          0.398     7.440    i_ps/system_i/system_i/xadc_wiz_0/inst/AXI_LITE_IPIF_I/I_SLAVE_ATTACHMENT/I_DECODER/pselect_hit_i_1
    SLICE_X10Y67         LUT6 (Prop_lut6_I1_O)        0.124     7.564 r  i_ps/system_i/system_i/xadc_wiz_0/inst/AXI_LITE_IPIF_I/I_SLAVE_ATTACHMENT/I_DECODER/GEN_BKEND_CE_REGISTERS[18].ce_out_i[18]_i_1/O
                         net (fo=1, routed)           0.000     7.564    i_ps/system_i/system_i/xadc_wiz_0/inst/AXI_LITE_IPIF_I/I_SLAVE_ATTACHMENT/I_DECODER/GEN_BKEND_CE_REGISTERS[18].ce_out_i[18]_i_1_n_0
    SLICE_X10Y67         FDRE                                         r  i_ps/system_i/system_i/xadc_wiz_0/inst/AXI_LITE_IPIF_I/I_SLAVE_ATTACHMENT/I_DECODER/GEN_BKEND_CE_REGISTERS[18].ce_out_i_reg[18]/D
  -------------------------------------------------------------------    -------------------

                         (clock clk_fpga_3 rise edge)
                                                      5.000     5.000 r  
    PS7_X0Y0             PS7                          0.000     5.000 r  i_ps/system_i/system_i/processing_system7_0/inst/PS7_i/FCLKCLK[3]
                         net (fo=1, routed)           1.101     6.101    i_ps/system_i/system_i/processing_system7_0/inst/FCLK_CLK_unbuffered[3]
    BUFGCTRL_X0Y2        BUFG (Prop_bufg_I_O)         0.091     6.192 r  i_ps/system_i/system_i/processing_system7_0/inst/buffer_fclk_clk_3.FCLK_CLK_3_BUFG/O
                         net (fo=765, routed)         1.489     7.681    i_ps/system_i/system_i/xadc_wiz_0/inst/AXI_LITE_IPIF_I/I_SLAVE_ATTACHMENT/I_DECODER/s_axi_aclk
    SLICE_X10Y67         FDRE                                         r  i_ps/system_i/system_i/xadc_wiz_0/inst/AXI_LITE_IPIF_I/I_SLAVE_ATTACHMENT/I_DECODER/GEN_BKEND_CE_REGISTERS[18].ce_out_i_reg[18]/C
                         clock pessimism              0.230     7.911    
                         clock uncertainty           -0.083     7.828    
    SLICE_X10Y67         FDRE (Setup_fdre_C_D)        0.077     7.905    i_ps/system_i/system_i/xadc_wiz_0/inst/AXI_LITE_IPIF_I/I_SLAVE_ATTACHMENT/I_DECODER/GEN_BKEND_CE_REGISTERS[18].ce_out_i_reg[18]
  -------------------------------------------------------------------
                         required time                          7.905    
                         arrival time                          -7.564    
  -------------------------------------------------------------------
                         slack                                  0.341    

Slack (MET) :             0.347ns  (required time - arrival time)
  Source:                 i_ps/system_i/system_i/processing_system7_0/inst/PS7_i/MAXIGP1ACLK
                            (rising edge-triggered cell PS7 clocked by clk_fpga_3  {rise@0.000ns fall@2.500ns period=5.000ns})
  Destination:            i_ps/system_i/system_i/xadc_wiz_0/inst/AXI_LITE_IPIF_I/I_SLAVE_ATTACHMENT/I_DECODER/GEN_BKEND_CE_REGISTERS[23].ce_out_i_reg[23]/D
                            (rising edge-triggered cell FDRE clocked by clk_fpga_3  {rise@0.000ns fall@2.500ns period=5.000ns})
  Path Group:             clk_fpga_3
  Path Type:              Setup (Max at Slow Process Corner)
  Requirement:            5.000ns  (clk_fpga_3 rise@5.000ns - clk_fpga_3 rise@0.000ns)
  Data Path Delay:        4.498ns  (logic 1.675ns (37.240%)  route 2.823ns (62.760%))
  Logic Levels:           3  (LUT4=1 LUT5=1 LUT6=1)
  Clock Path Skew:        -0.151ns (DCD - SCD + CPR)
    Destination Clock Delay (DCD):    2.681ns = ( 7.681 - 5.000 ) 
    Source Clock Delay      (SCD):    3.062ns
    Clock Pessimism Removal (CPR):    0.230ns
  Clock Uncertainty:      0.083ns  ((TSJ^2 + TIJ^2)^1/2 + DJ) / 2 + PE
    Total System Jitter     (TSJ):    0.071ns
    Total Input Jitter      (TIJ):    0.150ns
    Discrete Jitter          (DJ):    0.000ns
    Phase Error              (PE):    0.000ns

    Location             Delay type                Incr(ns)  Path(ns)    Netlist Resource(s)
  -------------------------------------------------------------------    -------------------
                         (clock clk_fpga_3 rise edge)
                                                      0.000     0.000 r  
    PS7_X0Y0             PS7                          0.000     0.000 r  i_ps/system_i/system_i/processing_system7_0/inst/PS7_i/FCLKCLK[3]
                         net (fo=1, routed)           1.207     1.207    i_ps/system_i/system_i/processing_system7_0/inst/FCLK_CLK_unbuffered[3]
    BUFGCTRL_X0Y2        BUFG (Prop_bufg_I_O)         0.101     1.308 r  i_ps/system_i/system_i/processing_system7_0/inst/buffer_fclk_clk_3.FCLK_CLK_3_BUFG/O
                         net (fo=765, routed)         1.754     3.062    i_ps/system_i/system_i/processing_system7_0/inst/M_AXI_GP1_ACLK
    PS7_X0Y0             PS7                                          r  i_ps/system_i/system_i/processing_system7_0/inst/PS7_i/MAXIGP1ACLK
  -------------------------------------------------------------------    -------------------
    PS7_X0Y0             PS7 (Prop_ps7_MAXIGP1ACLK_MAXIGP1WVALID)
                                                      1.303     4.365 r  i_ps/system_i/system_i/processing_system7_0/inst/PS7_i/MAXIGP1WVALID
                         net (fo=5, routed)           1.615     5.980    i_ps/system_i/system_i/xadc_wiz_0/inst/AXI_LITE_IPIF_I/I_SLAVE_ATTACHMENT/I_DECODER/s_axi_wvalid
    SLICE_X11Y67         LUT4 (Prop_lut4_I1_O)        0.124     6.104 r  i_ps/system_i/system_i/xadc_wiz_0/inst/AXI_LITE_IPIF_I/I_SLAVE_ATTACHMENT/I_DECODER/GEN_BKEND_CE_REGISTERS[24].ce_out_i[24]_i_2/O
                         net (fo=27, routed)          0.813     6.917    i_ps/system_i/system_i/xadc_wiz_0/inst/AXI_LITE_IPIF_I/I_SLAVE_ATTACHMENT/I_DECODER/start
    SLICE_X13Y67         LUT5 (Prop_lut5_I4_O)        0.124     7.041 r  i_ps/system_i/system_i/xadc_wiz_0/inst/AXI_LITE_IPIF_I/I_SLAVE_ATTACHMENT/I_DECODER/GEN_BKEND_CE_REGISTERS[23].ce_out_i[23]_i_3/O
                         net (fo=16, routed)          0.394     7.436    i_ps/system_i/system_i/xadc_wiz_0/inst/AXI_LITE_IPIF_I/I_SLAVE_ATTACHMENT/I_DECODER/pselect_hit_i_1
    SLICE_X10Y67         LUT6 (Prop_lut6_I2_O)        0.124     7.560 r  i_ps/system_i/system_i/xadc_wiz_0/inst/AXI_LITE_IPIF_I/I_SLAVE_ATTACHMENT/I_DECODER/GEN_BKEND_CE_REGISTERS[23].ce_out_i[23]_i_1/O
                         net (fo=1, routed)           0.000     7.560    i_ps/system_i/system_i/xadc_wiz_0/inst/AXI_LITE_IPIF_I/I_SLAVE_ATTACHMENT/I_DECODER/p_15_out
    SLICE_X10Y67         FDRE                                         r  i_ps/system_i/system_i/xadc_wiz_0/inst/AXI_LITE_IPIF_I/I_SLAVE_ATTACHMENT/I_DECODER/GEN_BKEND_CE_REGISTERS[23].ce_out_i_reg[23]/D
  -------------------------------------------------------------------    -------------------

                         (clock clk_fpga_3 rise edge)
                                                      5.000     5.000 r  
    PS7_X0Y0             PS7                          0.000     5.000 r  i_ps/system_i/system_i/processing_system7_0/inst/PS7_i/FCLKCLK[3]
                         net (fo=1, routed)           1.101     6.101    i_ps/system_i/system_i/processing_system7_0/inst/FCLK_CLK_unbuffered[3]
    BUFGCTRL_X0Y2        BUFG (Prop_bufg_I_O)         0.091     6.192 r  i_ps/system_i/system_i/processing_system7_0/inst/buffer_fclk_clk_3.FCLK_CLK_3_BUFG/O
                         net (fo=765, routed)         1.489     7.681    i_ps/system_i/system_i/xadc_wiz_0/inst/AXI_LITE_IPIF_I/I_SLAVE_ATTACHMENT/I_DECODER/s_axi_aclk
    SLICE_X10Y67         FDRE                                         r  i_ps/system_i/system_i/xadc_wiz_0/inst/AXI_LITE_IPIF_I/I_SLAVE_ATTACHMENT/I_DECODER/GEN_BKEND_CE_REGISTERS[23].ce_out_i_reg[23]/C
                         clock pessimism              0.230     7.911    
                         clock uncertainty           -0.083     7.828    
    SLICE_X10Y67         FDRE (Setup_fdre_C_D)        0.079     7.907    i_ps/system_i/system_i/xadc_wiz_0/inst/AXI_LITE_IPIF_I/I_SLAVE_ATTACHMENT/I_DECODER/GEN_BKEND_CE_REGISTERS[23].ce_out_i_reg[23]
  -------------------------------------------------------------------
                         required time                          7.907    
                         arrival time                          -7.560    
  -------------------------------------------------------------------
                         slack                                  0.347    

Slack (MET) :             0.356ns  (required time - arrival time)
  Source:                 i_ps/system_i/system_i/axi_protocol_convert_0/inst/gen_axilite.gen_b2s_conv.axilite_b2s/SI_REG/aw.aw_pipe/m_payload_i_reg[39]/C
                            (rising edge-triggered cell FDRE clocked by clk_fpga_3  {rise@0.000ns fall@2.500ns period=5.000ns})
  Destination:            i_ps/system_i/system_i/xadc_wiz_0/inst/AXI_LITE_IPIF_I/I_SLAVE_ATTACHMENT/I_DECODER/GEN_BKEND_CE_REGISTERS[4].ce_out_i_reg[4]/D
                            (rising edge-triggered cell FDRE clocked by clk_fpga_3  {rise@0.000ns fall@2.500ns period=5.000ns})
  Path Group:             clk_fpga_3
  Path Type:              Setup (Max at Slow Process Corner)
  Requirement:            5.000ns  (clk_fpga_3 rise@5.000ns - clk_fpga_3 rise@0.000ns)
  Data Path Delay:        4.531ns  (logic 1.207ns (26.640%)  route 3.324ns (73.360%))
  Logic Levels:           5  (LUT3=2 LUT5=1 LUT6=2)
  Clock Path Skew:        -0.105ns (DCD - SCD + CPR)
    Destination Clock Delay (DCD):    2.681ns = ( 7.681 - 5.000 ) 
    Source Clock Delay      (SCD):    3.016ns
    Clock Pessimism Removal (CPR):    0.230ns
  Clock Uncertainty:      0.083ns  ((TSJ^2 + TIJ^2)^1/2 + DJ) / 2 + PE
    Total System Jitter     (TSJ):    0.071ns
    Total Input Jitter      (TIJ):    0.150ns
    Discrete Jitter          (DJ):    0.000ns
    Phase Error              (PE):    0.000ns

    Location             Delay type                Incr(ns)  Path(ns)    Netlist Resource(s)
  -------------------------------------------------------------------    -------------------
                         (clock clk_fpga_3 rise edge)
                                                      0.000     0.000 r  
    PS7_X0Y0             PS7                          0.000     0.000 r  i_ps/system_i/system_i/processing_system7_0/inst/PS7_i/FCLKCLK[3]
                         net (fo=1, routed)           1.207     1.207    i_ps/system_i/system_i/processing_system7_0/inst/FCLK_CLK_unbuffered[3]
    BUFGCTRL_X0Y2        BUFG (Prop_bufg_I_O)         0.101     1.308 r  i_ps/system_i/system_i/processing_system7_0/inst/buffer_fclk_clk_3.FCLK_CLK_3_BUFG/O
                         net (fo=765, routed)         1.708     3.016    i_ps/system_i/system_i/axi_protocol_convert_0/inst/gen_axilite.gen_b2s_conv.axilite_b2s/SI_REG/aw.aw_pipe/aclk
    SLICE_X2Y67          FDRE                                         r  i_ps/system_i/system_i/axi_protocol_convert_0/inst/gen_axilite.gen_b2s_conv.axilite_b2s/SI_REG/aw.aw_pipe/m_payload_i_reg[39]/C
  -------------------------------------------------------------------    -------------------
    SLICE_X2Y67          FDRE (Prop_fdre_C_Q)         0.419     3.435 f  i_ps/system_i/system_i/axi_protocol_convert_0/inst/gen_axilite.gen_b2s_conv.axilite_b2s/SI_REG/aw.aw_pipe/m_payload_i_reg[39]/Q
                         net (fo=13, routed)          0.581     4.016    i_ps/system_i/system_i/axi_protocol_convert_0/inst/gen_axilite.gen_b2s_conv.axilite_b2s/SI_REG/aw.aw_pipe/Q[37]
    SLICE_X5Y67          LUT3 (Prop_lut3_I0_O)        0.299     4.315 r  i_ps/system_i/system_i/axi_protocol_convert_0/inst/gen_axilite.gen_b2s_conv.axilite_b2s/SI_REG/aw.aw_pipe/m_axi_awaddr[11]_INST_0_i_1/O
                         net (fo=8, routed)           0.620     4.934    i_ps/system_i/system_i/axi_protocol_convert_0/inst/gen_axilite.gen_b2s_conv.axilite_b2s/SI_REG/aw.aw_pipe/m_axi_awaddr[11]_INST_0_i_1_n_0
    SLICE_X2Y68          LUT6 (Prop_lut6_I5_O)        0.124     5.058 f  i_ps/system_i/system_i/axi_protocol_convert_0/inst/gen_axilite.gen_b2s_conv.axilite_b2s/SI_REG/aw.aw_pipe/m_axi_awaddr[7]_INST_0/O
                         net (fo=1, routed)           0.850     5.909    i_ps/system_i/system_i/xadc_wiz_0/inst/AXI_LITE_IPIF_I/I_SLAVE_ATTACHMENT/I_DECODER/s_axi_awaddr[5]
    SLICE_X13Y70         LUT3 (Prop_lut3_I2_O)        0.124     6.033 f  i_ps/system_i/system_i/xadc_wiz_0/inst/AXI_LITE_IPIF_I/I_SLAVE_ATTACHMENT/I_DECODER/XADC_INST_i_5/O
                         net (fo=3, routed)           0.715     6.748    i_ps/system_i/system_i/xadc_wiz_0/inst/AXI_LITE_IPIF_I/I_SLAVE_ATTACHMENT/I_DECODER/m_payload_i_reg[8][1]
    SLICE_X11Y67         LUT6 (Prop_lut6_I3_O)        0.124     6.872 r  i_ps/system_i/system_i/xadc_wiz_0/inst/AXI_LITE_IPIF_I/I_SLAVE_ATTACHMENT/I_DECODER/GEN_BKEND_CE_REGISTERS[7].ce_out_i[7]_i_2/O
                         net (fo=8, routed)           0.558     7.430    i_ps/system_i/system_i/xadc_wiz_0/inst/AXI_LITE_IPIF_I/I_SLAVE_ATTACHMENT/I_DECODER/pselect_hit_i_2
    SLICE_X13Y67         LUT5 (Prop_lut5_I3_O)        0.117     7.547 r  i_ps/system_i/system_i/xadc_wiz_0/inst/AXI_LITE_IPIF_I/I_SLAVE_ATTACHMENT/I_DECODER/GEN_BKEND_CE_REGISTERS[4].ce_out_i[4]_i_1/O
                         net (fo=1, routed)           0.000     7.547    i_ps/system_i/system_i/xadc_wiz_0/inst/AXI_LITE_IPIF_I/I_SLAVE_ATTACHMENT/I_DECODER/p_3_out_0
    SLICE_X13Y67         FDRE                                         r  i_ps/system_i/system_i/xadc_wiz_0/inst/AXI_LITE_IPIF_I/I_SLAVE_ATTACHMENT/I_DECODER/GEN_BKEND_CE_REGISTERS[4].ce_out_i_reg[4]/D
  -------------------------------------------------------------------    -------------------

                         (clock clk_fpga_3 rise edge)
                                                      5.000     5.000 r  
    PS7_X0Y0             PS7                          0.000     5.000 r  i_ps/system_i/system_i/processing_system7_0/inst/PS7_i/FCLKCLK[3]
                         net (fo=1, routed)           1.101     6.101    i_ps/system_i/system_i/processing_system7_0/inst/FCLK_CLK_unbuffered[3]
    BUFGCTRL_X0Y2        BUFG (Prop_bufg_I_O)         0.091     6.192 r  i_ps/system_i/system_i/processing_system7_0/inst/buffer_fclk_clk_3.FCLK_CLK_3_BUFG/O
                         net (fo=765, routed)         1.489     7.681    i_ps/system_i/system_i/xadc_wiz_0/inst/AXI_LITE_IPIF_I/I_SLAVE_ATTACHMENT/I_DECODER/s_axi_aclk
    SLICE_X13Y67         FDRE                                         r  i_ps/system_i/system_i/xadc_wiz_0/inst/AXI_LITE_IPIF_I/I_SLAVE_ATTACHMENT/I_DECODER/GEN_BKEND_CE_REGISTERS[4].ce_out_i_reg[4]/C
                         clock pessimism              0.230     7.911    
                         clock uncertainty           -0.083     7.828    
    SLICE_X13Y67         FDRE (Setup_fdre_C_D)        0.075     7.903    i_ps/system_i/system_i/xadc_wiz_0/inst/AXI_LITE_IPIF_I/I_SLAVE_ATTACHMENT/I_DECODER/GEN_BKEND_CE_REGISTERS[4].ce_out_i_reg[4]
  -------------------------------------------------------------------
                         required time                          7.903    
                         arrival time                          -7.547    
  -------------------------------------------------------------------
                         slack                                  0.356    

Slack (MET) :             0.372ns  (required time - arrival time)
  Source:                 i_ps/system_i/system_i/xadc_wiz_0/inst/INTR_CTRLR_GEN_I.ip2bus_rdack_reg/C
                            (rising edge-triggered cell FDRE clocked by clk_fpga_3  {rise@0.000ns fall@2.500ns period=5.000ns})
  Destination:            i_ps/system_i/system_i/axi_protocol_convert_0/inst/gen_axilite.gen_b2s_conv.axilite_b2s/RD.ar_channel_0/cmd_translator_0/s_axburst_eq0_reg/D
                            (rising edge-triggered cell FDRE clocked by clk_fpga_3  {rise@0.000ns fall@2.500ns period=5.000ns})
  Path Group:             clk_fpga_3
  Path Type:              Setup (Max at Slow Process Corner)
  Requirement:            5.000ns  (clk_fpga_3 rise@5.000ns - clk_fpga_3 rise@0.000ns)
  Data Path Delay:        4.557ns  (logic 1.242ns (27.256%)  route 3.315ns (72.744%))
  Logic Levels:           4  (LUT2=1 LUT3=1 LUT4=1 LUT5=1)
  Clock Path Skew:        -0.017ns (DCD - SCD + CPR)
    Destination Clock Delay (DCD):    2.723ns = ( 7.723 - 5.000 ) 
    Source Clock Delay      (SCD):    2.970ns
    Clock Pessimism Removal (CPR):    0.230ns
  Clock Uncertainty:      0.083ns  ((TSJ^2 + TIJ^2)^1/2 + DJ) / 2 + PE
    Total System Jitter     (TSJ):    0.071ns
    Total Input Jitter      (TIJ):    0.150ns
    Discrete Jitter          (DJ):    0.000ns
    Phase Error              (PE):    0.000ns

    Location             Delay type                Incr(ns)  Path(ns)    Netlist Resource(s)
  -------------------------------------------------------------------    -------------------
                         (clock clk_fpga_3 rise edge)
                                                      0.000     0.000 r  
    PS7_X0Y0             PS7                          0.000     0.000 r  i_ps/system_i/system_i/processing_system7_0/inst/PS7_i/FCLKCLK[3]
                         net (fo=1, routed)           1.207     1.207    i_ps/system_i/system_i/processing_system7_0/inst/FCLK_CLK_unbuffered[3]
    BUFGCTRL_X0Y2        BUFG (Prop_bufg_I_O)         0.101     1.308 r  i_ps/system_i/system_i/processing_system7_0/inst/buffer_fclk_clk_3.FCLK_CLK_3_BUFG/O
                         net (fo=765, routed)         1.662     2.970    i_ps/system_i/system_i/xadc_wiz_0/inst/s_axi_aclk
    SLICE_X6Y66          FDRE                                         r  i_ps/system_i/system_i/xadc_wiz_0/inst/INTR_CTRLR_GEN_I.ip2bus_rdack_reg/C
  -------------------------------------------------------------------    -------------------
    SLICE_X6Y66          FDRE (Prop_fdre_C_Q)         0.518     3.488 r  i_ps/system_i/system_i/xadc_wiz_0/inst/INTR_CTRLR_GEN_I.ip2bus_rdack_reg/Q
                         net (fo=5, routed)           0.806     4.294    i_ps/system_i/system_i/xadc_wiz_0/inst/AXI_LITE_IPIF_I/I_SLAVE_ATTACHMENT/ip2bus_rdack
    SLICE_X6Y64          LUT2 (Prop_lut2_I0_O)        0.124     4.418 r  i_ps/system_i/system_i/xadc_wiz_0/inst/AXI_LITE_IPIF_I/I_SLAVE_ATTACHMENT/s_axi_arready_INST_0/O
                         net (fo=15, routed)          1.241     5.659    i_ps/system_i/system_i/axi_protocol_convert_0/inst/gen_axilite.gen_b2s_conv.axilite_b2s/RD.ar_channel_0/ar_cmd_fsm_0/m_axi_arready
    SLICE_X4Y68          LUT3 (Prop_lut3_I1_O)        0.148     5.807 r  i_ps/system_i/system_i/axi_protocol_convert_0/inst/gen_axilite.gen_b2s_conv.axilite_b2s/RD.ar_channel_0/ar_cmd_fsm_0/r_push_r_i_1/O
                         net (fo=14, routed)          0.640     6.447    i_ps/system_i/system_i/axi_protocol_convert_0/inst/gen_axilite.gen_b2s_conv.axilite_b2s/RD.ar_channel_0/cmd_translator_0/incr_cmd_0/next_pending_r_reg_0
    SLICE_X5Y67          LUT5 (Prop_lut5_I2_O)        0.328     6.775 r  i_ps/system_i/system_i/axi_protocol_convert_0/inst/gen_axilite.gen_b2s_conv.axilite_b2s/RD.ar_channel_0/cmd_translator_0/incr_cmd_0/next_pending_r_i_1__2/O
                         net (fo=3, routed)           0.628     7.403    i_ps/system_i/system_i/axi_protocol_convert_0/inst/gen_axilite.gen_b2s_conv.axilite_b2s/RD.ar_channel_0/cmd_translator_0/wrap_cmd_0/incr_next_pending
    SLICE_X2Y68          LUT4 (Prop_lut4_I3_O)        0.124     7.527 r  i_ps/system_i/system_i/axi_protocol_convert_0/inst/gen_axilite.gen_b2s_conv.axilite_b2s/RD.ar_channel_0/cmd_translator_0/wrap_cmd_0/s_axburst_eq0_i_1__0/O
                         net (fo=1, routed)           0.000     7.527    i_ps/system_i/system_i/axi_protocol_convert_0/inst/gen_axilite.gen_b2s_conv.axilite_b2s/RD.ar_channel_0/cmd_translator_0/wrap_cmd_0_n_17
    SLICE_X2Y68          FDRE                                         r  i_ps/system_i/system_i/axi_protocol_convert_0/inst/gen_axilite.gen_b2s_conv.axilite_b2s/RD.ar_channel_0/cmd_translator_0/s_axburst_eq0_reg/D
  -------------------------------------------------------------------    -------------------

                         (clock clk_fpga_3 rise edge)
                                                      5.000     5.000 r  
    PS7_X0Y0             PS7                          0.000     5.000 r  i_ps/system_i/system_i/processing_system7_0/inst/PS7_i/FCLKCLK[3]
                         net (fo=1, routed)           1.101     6.101    i_ps/system_i/system_i/processing_system7_0/inst/FCLK_CLK_unbuffered[3]
    BUFGCTRL_X0Y2        BUFG (Prop_bufg_I_O)         0.091     6.192 r  i_ps/system_i/system_i/processing_system7_0/inst/buffer_fclk_clk_3.FCLK_CLK_3_BUFG/O
                         net (fo=765, routed)         1.531     7.723    i_ps/system_i/system_i/axi_protocol_convert_0/inst/gen_axilite.gen_b2s_conv.axilite_b2s/RD.ar_channel_0/cmd_translator_0/aclk
    SLICE_X2Y68          FDRE                                         r  i_ps/system_i/system_i/axi_protocol_convert_0/inst/gen_axilite.gen_b2s_conv.axilite_b2s/RD.ar_channel_0/cmd_translator_0/s_axburst_eq0_reg/C
                         clock pessimism              0.230     7.953    
                         clock uncertainty           -0.083     7.870    
    SLICE_X2Y68          FDRE (Setup_fdre_C_D)        0.029     7.899    i_ps/system_i/system_i/axi_protocol_convert_0/inst/gen_axilite.gen_b2s_conv.axilite_b2s/RD.ar_channel_0/cmd_translator_0/s_axburst_eq0_reg
  -------------------------------------------------------------------
                         required time                          7.899    
                         arrival time                          -7.527    
  -------------------------------------------------------------------
                         slack                                  0.372    

Slack (MET) :             0.379ns  (required time - arrival time)
  Source:                 i_ps/system_i/system_i/xadc_wiz_0/inst/INTR_CTRLR_GEN_I.ip2bus_wrack_reg/C
                            (rising edge-triggered cell FDRE clocked by clk_fpga_3  {rise@0.000ns fall@2.500ns period=5.000ns})
  Destination:            i_ps/system_i/system_i/axi_protocol_convert_0/inst/gen_axilite.gen_b2s_conv.axilite_b2s/WR.aw_channel_0/cmd_translator_0/incr_cmd_0/axlen_cnt_reg[5]/R
                            (rising edge-triggered cell FDRE clocked by clk_fpga_3  {rise@0.000ns fall@2.500ns period=5.000ns})
  Path Group:             clk_fpga_3
  Path Type:              Setup (Max at Slow Process Corner)
  Requirement:            5.000ns  (clk_fpga_3 rise@5.000ns - clk_fpga_3 rise@0.000ns)
  Data Path Delay:        4.096ns  (logic 1.078ns (26.319%)  route 3.018ns (73.681%))
  Logic Levels:           3  (LUT2=2 LUT6=1)
  Clock Path Skew:        -0.013ns (DCD - SCD + CPR)
    Destination Clock Delay (DCD):    2.730ns = ( 7.730 - 5.000 ) 
    Source Clock Delay      (SCD):    2.973ns
    Clock Pessimism Removal (CPR):    0.230ns
  Clock Uncertainty:      0.083ns  ((TSJ^2 + TIJ^2)^1/2 + DJ) / 2 + PE
    Total System Jitter     (TSJ):    0.071ns
    Total Input Jitter      (TIJ):    0.150ns
    Discrete Jitter          (DJ):    0.000ns
    Phase Error              (PE):    0.000ns

    Location             Delay type                Incr(ns)  Path(ns)    Netlist Resource(s)
  -------------------------------------------------------------------    -------------------
                         (clock clk_fpga_3 rise edge)
                                                      0.000     0.000 r  
    PS7_X0Y0             PS7                          0.000     0.000 r  i_ps/system_i/system_i/processing_system7_0/inst/PS7_i/FCLKCLK[3]
                         net (fo=1, routed)           1.207     1.207    i_ps/system_i/system_i/processing_system7_0/inst/FCLK_CLK_unbuffered[3]
    BUFGCTRL_X0Y2        BUFG (Prop_bufg_I_O)         0.101     1.308 r  i_ps/system_i/system_i/processing_system7_0/inst/buffer_fclk_clk_3.FCLK_CLK_3_BUFG/O
                         net (fo=765, routed)         1.665     2.973    i_ps/system_i/system_i/xadc_wiz_0/inst/s_axi_aclk
    SLICE_X7Y64          FDRE                                         r  i_ps/system_i/system_i/xadc_wiz_0/inst/INTR_CTRLR_GEN_I.ip2bus_wrack_reg/C
  -------------------------------------------------------------------    -------------------
    SLICE_X7Y64          FDRE (Prop_fdre_C_Q)         0.456     3.429 r  i_ps/system_i/system_i/xadc_wiz_0/inst/INTR_CTRLR_GEN_I.ip2bus_wrack_reg/Q
                         net (fo=4, routed)           0.756     4.185    i_ps/system_i/system_i/xadc_wiz_0/inst/AXI_LITE_IPIF_I/I_SLAVE_ATTACHMENT/ip2bus_wrack
    SLICE_X6Y63          LUT2 (Prop_lut2_I0_O)        0.150     4.335 r  i_ps/system_i/system_i/xadc_wiz_0/inst/AXI_LITE_IPIF_I/I_SLAVE_ATTACHMENT/s_axi_wready_INST_0/O
                         net (fo=7, routed)           0.958     5.293    i_ps/system_i/system_i/axi_protocol_convert_0/inst/gen_axilite.gen_b2s_conv.axilite_b2s/WR.aw_channel_0/aw_cmd_fsm_0/m_axi_awready
    SLICE_X4Y63          LUT6 (Prop_lut6_I0_O)        0.348     5.641 r  i_ps/system_i/system_i/axi_protocol_convert_0/inst/gen_axilite.gen_b2s_conv.axilite_b2s/WR.aw_channel_0/aw_cmd_fsm_0/axlen_cnt[3]_i_1__1/O
                         net (fo=26, routed)          0.617     6.258    i_ps/system_i/system_i/axi_protocol_convert_0/inst/gen_axilite.gen_b2s_conv.axilite_b2s/WR.aw_channel_0/aw_cmd_fsm_0/E[0]
    SLICE_X3Y61          LUT2 (Prop_lut2_I0_O)        0.124     6.382 r  i_ps/system_i/system_i/axi_protocol_convert_0/inst/gen_axilite.gen_b2s_conv.axilite_b2s/WR.aw_channel_0/aw_cmd_fsm_0/axlen_cnt[5]_i_1/O
                         net (fo=1, routed)           0.687     7.069    i_ps/system_i/system_i/axi_protocol_convert_0/inst/gen_axilite.gen_b2s_conv.axilite_b2s/WR.aw_channel_0/cmd_translator_0/incr_cmd_0/axlen_cnt_reg[5]_0
    SLICE_X3Y61          FDRE                                         r  i_ps/system_i/system_i/axi_protocol_convert_0/inst/gen_axilite.gen_b2s_conv.axilite_b2s/WR.aw_channel_0/cmd_translator_0/incr_cmd_0/axlen_cnt_reg[5]/R
  -------------------------------------------------------------------    -------------------

                         (clock clk_fpga_3 rise edge)
                                                      5.000     5.000 r  
    PS7_X0Y0             PS7                          0.000     5.000 r  i_ps/system_i/system_i/processing_system7_0/inst/PS7_i/FCLKCLK[3]
                         net (fo=1, routed)           1.101     6.101    i_ps/system_i/system_i/processing_system7_0/inst/FCLK_CLK_unbuffered[3]
    BUFGCTRL_X0Y2        BUFG (Prop_bufg_I_O)         0.091     6.192 r  i_ps/system_i/system_i/processing_system7_0/inst/buffer_fclk_clk_3.FCLK_CLK_3_BUFG/O
                         net (fo=765, routed)         1.538     7.730    i_ps/system_i/system_i/axi_protocol_convert_0/inst/gen_axilite.gen_b2s_conv.axilite_b2s/WR.aw_channel_0/cmd_translator_0/incr_cmd_0/aclk
    SLICE_X3Y61          FDRE                                         r  i_ps/system_i/system_i/axi_protocol_convert_0/inst/gen_axilite.gen_b2s_conv.axilite_b2s/WR.aw_channel_0/cmd_translator_0/incr_cmd_0/axlen_cnt_reg[5]/C
                         clock pessimism              0.230     7.960    
                         clock uncertainty           -0.083     7.877    
    SLICE_X3Y61          FDRE (Setup_fdre_C_R)       -0.429     7.448    i_ps/system_i/system_i/axi_protocol_convert_0/inst/gen_axilite.gen_b2s_conv.axilite_b2s/WR.aw_channel_0/cmd_translator_0/incr_cmd_0/axlen_cnt_reg[5]
  -------------------------------------------------------------------
                         required time                          7.448    
                         arrival time                          -7.069    
  -------------------------------------------------------------------
                         slack                                  0.379    

Slack (MET) :             0.384ns  (required time - arrival time)
  Source:                 i_ps/system_i/system_i/axi_protocol_convert_0/inst/gen_axilite.gen_b2s_conv.axilite_b2s/SI_REG/aw.aw_pipe/m_payload_i_reg[39]/C
                            (rising edge-triggered cell FDRE clocked by clk_fpga_3  {rise@0.000ns fall@2.500ns period=5.000ns})
  Destination:            i_ps/system_i/system_i/xadc_wiz_0/inst/AXI_XADC_CORE_I/XADC_INST/DADDR[5]
                            (rising edge-triggered cell XADC clocked by clk_fpga_3  {rise@0.000ns fall@2.500ns period=5.000ns})
  Path Group:             clk_fpga_3
  Path Type:              Setup (Max at Slow Process Corner)
  Requirement:            5.000ns  (clk_fpga_3 rise@5.000ns - clk_fpga_3 rise@0.000ns)
  Data Path Delay:        3.714ns  (logic 0.966ns (26.008%)  route 2.748ns (73.992%))
  Logic Levels:           3  (LUT3=2 LUT6=1)
  Clock Path Skew:        -0.120ns (DCD - SCD + CPR)
    Destination Clock Delay (DCD):    2.666ns = ( 7.666 - 5.000 ) 
    Source Clock Delay      (SCD):    3.016ns
    Clock Pessimism Removal (CPR):    0.230ns
  Clock Uncertainty:      0.083ns  ((TSJ^2 + TIJ^2)^1/2 + DJ) / 2 + PE
    Total System Jitter     (TSJ):    0.071ns
    Total Input Jitter      (TIJ):    0.150ns
    Discrete Jitter          (DJ):    0.000ns
    Phase Error              (PE):    0.000ns

    Location             Delay type                Incr(ns)  Path(ns)    Netlist Resource(s)
  -------------------------------------------------------------------    -------------------
                         (clock clk_fpga_3 rise edge)
                                                      0.000     0.000 r  
    PS7_X0Y0             PS7                          0.000     0.000 r  i_ps/system_i/system_i/processing_system7_0/inst/PS7_i/FCLKCLK[3]
                         net (fo=1, routed)           1.207     1.207    i_ps/system_i/system_i/processing_system7_0/inst/FCLK_CLK_unbuffered[3]
    BUFGCTRL_X0Y2        BUFG (Prop_bufg_I_O)         0.101     1.308 r  i_ps/system_i/system_i/processing_system7_0/inst/buffer_fclk_clk_3.FCLK_CLK_3_BUFG/O
                         net (fo=765, routed)         1.708     3.016    i_ps/system_i/system_i/axi_protocol_convert_0/inst/gen_axilite.gen_b2s_conv.axilite_b2s/SI_REG/aw.aw_pipe/aclk
    SLICE_X2Y67          FDRE                                         r  i_ps/system_i/system_i/axi_protocol_convert_0/inst/gen_axilite.gen_b2s_conv.axilite_b2s/SI_REG/aw.aw_pipe/m_payload_i_reg[39]/C
  -------------------------------------------------------------------    -------------------
    SLICE_X2Y67          FDRE (Prop_fdre_C_Q)         0.419     3.435 f  i_ps/system_i/system_i/axi_protocol_convert_0/inst/gen_axilite.gen_b2s_conv.axilite_b2s/SI_REG/aw.aw_pipe/m_payload_i_reg[39]/Q
                         net (fo=13, routed)          0.581     4.016    i_ps/system_i/system_i/axi_protocol_convert_0/inst/gen_axilite.gen_b2s_conv.axilite_b2s/SI_REG/aw.aw_pipe/Q[37]
    SLICE_X5Y67          LUT3 (Prop_lut3_I0_O)        0.299     4.315 r  i_ps/system_i/system_i/axi_protocol_convert_0/inst/gen_axilite.gen_b2s_conv.axilite_b2s/SI_REG/aw.aw_pipe/m_axi_awaddr[11]_INST_0_i_1/O
                         net (fo=8, routed)           0.620     4.934    i_ps/system_i/system_i/axi_protocol_convert_0/inst/gen_axilite.gen_b2s_conv.axilite_b2s/SI_REG/aw.aw_pipe/m_axi_awaddr[11]_INST_0_i_1_n_0
    SLICE_X2Y68          LUT6 (Prop_lut6_I5_O)        0.124     5.058 r  i_ps/system_i/system_i/axi_protocol_convert_0/inst/gen_axilite.gen_b2s_conv.axilite_b2s/SI_REG/aw.aw_pipe/m_axi_awaddr[7]_INST_0/O
                         net (fo=1, routed)           0.850     5.909    i_ps/system_i/system_i/xadc_wiz_0/inst/AXI_LITE_IPIF_I/I_SLAVE_ATTACHMENT/I_DECODER/s_axi_awaddr[5]
    SLICE_X13Y70         LUT3 (Prop_lut3_I2_O)        0.124     6.033 r  i_ps/system_i/system_i/xadc_wiz_0/inst/AXI_LITE_IPIF_I/I_SLAVE_ATTACHMENT/I_DECODER/XADC_INST_i_5/O
                         net (fo=3, routed)           0.698     6.730    i_ps/system_i/system_i/xadc_wiz_0/inst/AXI_XADC_CORE_I/status_reg_reg[7]_0[2]
    XADC_X0Y0            XADC                                         r  i_ps/system_i/system_i/xadc_wiz_0/inst/AXI_XADC_CORE_I/XADC_INST/DADDR[5]
  -------------------------------------------------------------------    -------------------

                         (clock clk_fpga_3 rise edge)
                                                      5.000     5.000 r  
    PS7_X0Y0             PS7                          0.000     5.000 r  i_ps/system_i/system_i/processing_system7_0/inst/PS7_i/FCLKCLK[3]
                         net (fo=1, routed)           1.101     6.101    i_ps/system_i/system_i/processing_system7_0/inst/FCLK_CLK_unbuffered[3]
    BUFGCTRL_X0Y2        BUFG (Prop_bufg_I_O)         0.091     6.192 r  i_ps/system_i/system_i/processing_system7_0/inst/buffer_fclk_clk_3.FCLK_CLK_3_BUFG/O
                         net (fo=765, routed)         1.474     7.666    i_ps/system_i/system_i/xadc_wiz_0/inst/AXI_XADC_CORE_I/s_axi_aclk
    XADC_X0Y0            XADC                                         r  i_ps/system_i/system_i/xadc_wiz_0/inst/AXI_XADC_CORE_I/XADC_INST/DCLK
                         clock pessimism              0.230     7.896    
                         clock uncertainty           -0.083     7.813    
    XADC_X0Y0            XADC (Setup_xadc_DCLK_DADDR[5])
                                                     -0.699     7.114    i_ps/system_i/system_i/xadc_wiz_0/inst/AXI_XADC_CORE_I/XADC_INST
  -------------------------------------------------------------------
                         required time                          7.114    
                         arrival time                          -6.730    
  -------------------------------------------------------------------
                         slack                                  0.384    




