Copyright 1986-2018 Xilinx, Inc. All Rights Reserved.
-------------------------------------------------------------------------------------------------------------------------------------------------
| Tool Version : Vivado v.2018.3 (win64) Build 2405991 Thu Dec  6 23:38:27 MST 2018
| Date         : Sun Jun 28 19:23:42 2026
| Host         : MiaoZhi-PC running 64-bit major release  (build 9200)
| Command      : report_utilization -hierarchical -file E:/FPGA/DPLL_Rewrite/DPLL_Rewrite_THbox_T3/reports/vivado_full_impl/utilization_hier.rpt
| Design       : red_pitaya_top
| Device       : 7z010clg400-1
| Design State : Routed
-------------------------------------------------------------------------------------------------------------------------------------------------

Utilization Design Information

Table of Contents
-----------------
1. Utilization by Hierarchy

1. Utilization by Hierarchy
---------------------------

+-----------------------------------------------------------------------------------------------------------------------------+------------------------------------------------------------------------+------------+------------+---------+------+-------+--------+--------+--------------+
|                                                           Instance                                                          |                                 Module                                 | Total LUTs | Logic LUTs | LUTRAMs | SRLs |  FFs  | RAMB36 | RAMB18 | DSP48 Blocks |
+-----------------------------------------------------------------------------------------------------------------------------+------------------------------------------------------------------------+------------+------------+---------+------+-------+--------+--------+--------------+
| red_pitaya_top                                                                                                              |                                                                  (top) |       8650 |       8359 |       0 |  291 | 13160 |     22 |      4 |           36 |
|   (red_pitaya_top)                                                                                                          |                                                                  (top) |          2 |          2 |       0 |    0 |    90 |      0 |      0 |            0 |
|   Digital_Freq_Meter_inst                                                                                                   |                                                     Digital_Freq_Meter |       1846 |       1770 |       0 |   76 |  3463 |      7 |      1 |           13 |
|     (Digital_Freq_Meter_inst)                                                                                               |                                                     Digital_Freq_Meter |        159 |        159 |       0 |    0 |   297 |      0 |      0 |            0 |
|     DDC1_inst                                                                                                               |                                        Freq_Meter_DDC_wideband_filters |       1473 |       1397 |       0 |   76 |  2575 |      7 |      1 |           13 |
|       (DDC1_inst)                                                                                                           |                                        Freq_Meter_DDC_wideband_filters |        115 |        115 |       0 |    0 |    91 |      0 |      0 |            0 |
|       CORDIC_inst                                                                                                           |                                                           angle_CORDIC |        956 |        940 |       0 |   16 |   986 |      0 |      0 |            0 |
|         U0                                                                                                                  |                                            angle_CORDIC_cordic_v6_0_14 |        956 |        940 |       0 |   16 |   986 |      0 |      0 |            0 |
|           i_synth                                                                                                           |                                        angle_CORDIC_cordic_v6_0_14_viv |        956 |        940 |       0 |   16 |   986 |      0 |      0 |            0 |
|             i_synth                                                                                                         |                                      angle_CORDIC_cordic_v6_0_14_synth |        956 |        940 |       0 |   16 |   986 |      0 |      0 |            0 |
|               gen_cordic.cordic_engine                                                                                      |                                                angle_CORDIC_cordic_eng |        828 |        825 |       0 |    3 |   820 |      0 |      0 |            0 |
|                 gen_para_arch.gen_iteration[0].eng                                                                          |                                      angle_CORDIC_cordic_eng_slice_par |         41 |         41 |       0 |    0 |    60 |      0 |      0 |            0 |
|                   cntrl                                                                                                     |                                 angle_CORDIC_cordic_ctrl_slice_par_248 |          0 |          0 |       0 |    0 |     1 |      0 |      0 |            0 |
|                     engine_mode_dly                                                                                         |                             angle_CORDIC_delay_bit__parameterized1_265 |          0 |          0 |       0 |    0 |     1 |      0 |      0 |            0 |
|                   data_slice                                                                                                |                                  angle_CORDIC_cordic_dat_acc_slice_par |         40 |         40 |       0 |    0 |    40 |      0 |      0 |            0 |
|                     x_plus_y_shift                                                                                          |                                angle_CORDIC_addsub__parameterized3_255 |         18 |         18 |       0 |    0 |    20 |      0 |      0 |            0 |
|                       inst                                                                                                  |                  angle_CORDIC_c_addsub_v12_0_12_viv__parameterized3__3 |         18 |         18 |       0 |    0 |    20 |      0 |      0 |            0 |
|                         i_baseblox.i_baseblox_addsub                                                                        |              angle_CORDIC_c_addsub_v12_0_12_legacy__parameterized3_261 |         18 |         18 |       0 |    0 |    20 |      0 |      0 |            0 |
|                           no_pipelining.the_addsub                                                                          |       angle_CORDIC_c_addsub_v12_0_12_fabric_legacy__parameterized3_262 |         18 |         18 |       0 |    0 |    20 |      0 |      0 |            0 |
|                             i_lut6.i_lut6_addsub                                                                            |         angle_CORDIC_c_addsub_v12_0_12_lut6_legacy__parameterized3_263 |         18 |         18 |       0 |    0 |    20 |      0 |      0 |            0 |
|                               (i_lut6.i_lut6_addsub)                                                                        |         angle_CORDIC_c_addsub_v12_0_12_lut6_legacy__parameterized3_263 |         18 |         18 |       0 |    0 |     0 |      0 |      0 |            0 |
|                               i_q.i_simple.qreg                                                                             |                  angle_CORDIC_c_reg_fd_v12_0_5_viv__parameterized2_264 |          0 |          0 |       0 |    0 |    20 |      0 |      0 |            0 |
|                     y_plus_x_shift                                                                                          |                                angle_CORDIC_addsub__parameterized3_256 |         22 |         22 |       0 |    0 |    20 |      0 |      0 |            0 |
|                       (y_plus_x_shift)                                                                                      |                                angle_CORDIC_addsub__parameterized3_256 |          1 |          1 |       0 |    0 |     0 |      0 |      0 |            0 |
|                       inst                                                                                                  |                  angle_CORDIC_c_addsub_v12_0_12_viv__parameterized3__4 |         21 |         21 |       0 |    0 |    20 |      0 |      0 |            0 |
|                         i_baseblox.i_baseblox_addsub                                                                        |              angle_CORDIC_c_addsub_v12_0_12_legacy__parameterized3_257 |         21 |         21 |       0 |    0 |    20 |      0 |      0 |            0 |
|                           no_pipelining.the_addsub                                                                          |       angle_CORDIC_c_addsub_v12_0_12_fabric_legacy__parameterized3_258 |         21 |         21 |       0 |    0 |    20 |      0 |      0 |            0 |
|                             i_lut6.i_lut6_addsub                                                                            |         angle_CORDIC_c_addsub_v12_0_12_lut6_legacy__parameterized3_259 |         21 |         21 |       0 |    0 |    20 |      0 |      0 |            0 |
|                               (i_lut6.i_lut6_addsub)                                                                        |         angle_CORDIC_c_addsub_v12_0_12_lut6_legacy__parameterized3_259 |         21 |         21 |       0 |    0 |     0 |      0 |      0 |            0 |
|                               i_q.i_simple.qreg                                                                             |                  angle_CORDIC_c_reg_fd_v12_0_5_viv__parameterized2_260 |          0 |          0 |       0 |    0 |    20 |      0 |      0 |            0 |
|                   phase_slice                                                                                               |                              angle_CORDIC_cordic_pha_acc_slice_par_249 |          1 |          1 |       0 |    0 |    19 |      0 |      0 |            0 |
|                     phase_plus_atan                                                                                         |                                angle_CORDIC_addsub__parameterized3_250 |          1 |          1 |       0 |    0 |    19 |      0 |      0 |            0 |
|                       (phase_plus_atan)                                                                                     |                                angle_CORDIC_addsub__parameterized3_250 |          1 |          1 |       0 |    0 |     0 |      0 |      0 |            0 |
|                       inst                                                                                                  |                  angle_CORDIC_c_addsub_v12_0_12_viv__parameterized3__6 |          0 |          0 |       0 |    0 |    19 |      0 |      0 |            0 |
|                         i_baseblox.i_baseblox_addsub                                                                        |              angle_CORDIC_c_addsub_v12_0_12_legacy__parameterized3_251 |          0 |          0 |       0 |    0 |    19 |      0 |      0 |            0 |
|                           no_pipelining.the_addsub                                                                          |       angle_CORDIC_c_addsub_v12_0_12_fabric_legacy__parameterized3_252 |          0 |          0 |       0 |    0 |    19 |      0 |      0 |            0 |
|                             i_lut6.i_lut6_addsub                                                                            |         angle_CORDIC_c_addsub_v12_0_12_lut6_legacy__parameterized3_253 |          0 |          0 |       0 |    0 |    19 |      0 |      0 |            0 |
|                               (i_lut6.i_lut6_addsub)                                                                        |         angle_CORDIC_c_addsub_v12_0_12_lut6_legacy__parameterized3_253 |          0 |          0 |       0 |    0 |     0 |      0 |      0 |            0 |
|                               i_q.i_simple.qreg                                                                             |                  angle_CORDIC_c_reg_fd_v12_0_5_viv__parameterized2_254 |          0 |          0 |       0 |    0 |    19 |      0 |      0 |            0 |
|                 gen_para_arch.gen_iteration[10].eng                                                                         |                     angle_CORDIC_cordic_eng_slice_par__parameterized19 |         62 |         62 |       0 |    0 |    61 |      0 |      0 |            0 |
|                   cntrl                                                                                                     |                                 angle_CORDIC_cordic_ctrl_slice_par_230 |          0 |          0 |       0 |    0 |     1 |      0 |      0 |            0 |
|                     engine_mode_dly                                                                                         |                             angle_CORDIC_delay_bit__parameterized1_247 |          0 |          0 |       0 |    0 |     1 |      0 |      0 |            0 |
|                   data_slice                                                                                                |                 angle_CORDIC_cordic_dat_acc_slice_par__parameterized19 |         41 |         41 |       0 |    0 |    40 |      0 |      0 |            0 |
|                     x_plus_y_shift                                                                                          |                                angle_CORDIC_addsub__parameterized3_237 |         20 |         20 |       0 |    0 |    20 |      0 |      0 |            0 |
|                       inst                                                                                                  |                 angle_CORDIC_c_addsub_v12_0_12_viv__parameterized3__34 |         20 |         20 |       0 |    0 |    20 |      0 |      0 |            0 |
|                         i_baseblox.i_baseblox_addsub                                                                        |              angle_CORDIC_c_addsub_v12_0_12_legacy__parameterized3_243 |         20 |         20 |       0 |    0 |    20 |      0 |      0 |            0 |
|                           no_pipelining.the_addsub                                                                          |       angle_CORDIC_c_addsub_v12_0_12_fabric_legacy__parameterized3_244 |         20 |         20 |       0 |    0 |    20 |      0 |      0 |            0 |
|                             i_lut6.i_lut6_addsub                                                                            |         angle_CORDIC_c_addsub_v12_0_12_lut6_legacy__parameterized3_245 |         20 |         20 |       0 |    0 |    20 |      0 |      0 |            0 |
|                               (i_lut6.i_lut6_addsub)                                                                        |         angle_CORDIC_c_addsub_v12_0_12_lut6_legacy__parameterized3_245 |         20 |         20 |       0 |    0 |     0 |      0 |      0 |            0 |
|                               i_q.i_simple.qreg                                                                             |                  angle_CORDIC_c_reg_fd_v12_0_5_viv__parameterized2_246 |          0 |          0 |       0 |    0 |    20 |      0 |      0 |            0 |
|                     y_plus_x_shift                                                                                          |                                angle_CORDIC_addsub__parameterized3_238 |         21 |         21 |       0 |    0 |    20 |      0 |      0 |            0 |
|                       (y_plus_x_shift)                                                                                      |                                angle_CORDIC_addsub__parameterized3_238 |          1 |          1 |       0 |    0 |     0 |      0 |      0 |            0 |
|                       inst                                                                                                  |                 angle_CORDIC_c_addsub_v12_0_12_viv__parameterized3__35 |         20 |         20 |       0 |    0 |    20 |      0 |      0 |            0 |
|                         i_baseblox.i_baseblox_addsub                                                                        |              angle_CORDIC_c_addsub_v12_0_12_legacy__parameterized3_239 |         20 |         20 |       0 |    0 |    20 |      0 |      0 |            0 |
|                           no_pipelining.the_addsub                                                                          |       angle_CORDIC_c_addsub_v12_0_12_fabric_legacy__parameterized3_240 |         20 |         20 |       0 |    0 |    20 |      0 |      0 |            0 |
|                             i_lut6.i_lut6_addsub                                                                            |         angle_CORDIC_c_addsub_v12_0_12_lut6_legacy__parameterized3_241 |         20 |         20 |       0 |    0 |    20 |      0 |      0 |            0 |
|                               (i_lut6.i_lut6_addsub)                                                                        |         angle_CORDIC_c_addsub_v12_0_12_lut6_legacy__parameterized3_241 |         20 |         20 |       0 |    0 |     0 |      0 |      0 |            0 |
|                               i_q.i_simple.qreg                                                                             |                  angle_CORDIC_c_reg_fd_v12_0_5_viv__parameterized2_242 |          0 |          0 |       0 |    0 |    20 |      0 |      0 |            0 |
|                   phase_slice                                                                                               |                              angle_CORDIC_cordic_pha_acc_slice_par_231 |         21 |         21 |       0 |    0 |    20 |      0 |      0 |            0 |
|                     phase_plus_atan                                                                                         |                                angle_CORDIC_addsub__parameterized3_232 |         21 |         21 |       0 |    0 |    20 |      0 |      0 |            0 |
|                       (phase_plus_atan)                                                                                     |                                angle_CORDIC_addsub__parameterized3_232 |          1 |          1 |       0 |    0 |     0 |      0 |      0 |            0 |
|                       inst                                                                                                  |                 angle_CORDIC_c_addsub_v12_0_12_viv__parameterized3__36 |         20 |         20 |       0 |    0 |    20 |      0 |      0 |            0 |
|                         i_baseblox.i_baseblox_addsub                                                                        |              angle_CORDIC_c_addsub_v12_0_12_legacy__parameterized3_233 |         20 |         20 |       0 |    0 |    20 |      0 |      0 |            0 |
|                           no_pipelining.the_addsub                                                                          |       angle_CORDIC_c_addsub_v12_0_12_fabric_legacy__parameterized3_234 |         20 |         20 |       0 |    0 |    20 |      0 |      0 |            0 |
|                             i_lut6.i_lut6_addsub                                                                            |         angle_CORDIC_c_addsub_v12_0_12_lut6_legacy__parameterized3_235 |         20 |         20 |       0 |    0 |    20 |      0 |      0 |            0 |
|                               (i_lut6.i_lut6_addsub)                                                                        |         angle_CORDIC_c_addsub_v12_0_12_lut6_legacy__parameterized3_235 |         20 |         20 |       0 |    0 |     0 |      0 |      0 |            0 |
|                               i_q.i_simple.qreg                                                                             |                  angle_CORDIC_c_reg_fd_v12_0_5_viv__parameterized2_236 |          0 |          0 |       0 |    0 |    20 |      0 |      0 |            0 |
|                 gen_para_arch.gen_iteration[11].eng                                                                         |                     angle_CORDIC_cordic_eng_slice_par__parameterized21 |         62 |         62 |       0 |    0 |    61 |      0 |      0 |            0 |
|                   cntrl                                                                                                     |                                 angle_CORDIC_cordic_ctrl_slice_par_212 |          0 |          0 |       0 |    0 |     1 |      0 |      0 |            0 |
|                     engine_mode_dly                                                                                         |                             angle_CORDIC_delay_bit__parameterized1_229 |          0 |          0 |       0 |    0 |     1 |      0 |      0 |            0 |
|                   data_slice                                                                                                |                 angle_CORDIC_cordic_dat_acc_slice_par__parameterized21 |         41 |         41 |       0 |    0 |    40 |      0 |      0 |            0 |
|                     x_plus_y_shift                                                                                          |                                angle_CORDIC_addsub__parameterized3_219 |         20 |         20 |       0 |    0 |    20 |      0 |      0 |            0 |
|                       inst                                                                                                  |                 angle_CORDIC_c_addsub_v12_0_12_viv__parameterized3__37 |         20 |         20 |       0 |    0 |    20 |      0 |      0 |            0 |
|                         i_baseblox.i_baseblox_addsub                                                                        |              angle_CORDIC_c_addsub_v12_0_12_legacy__parameterized3_225 |         20 |         20 |       0 |    0 |    20 |      0 |      0 |            0 |
|                           no_pipelining.the_addsub                                                                          |       angle_CORDIC_c_addsub_v12_0_12_fabric_legacy__parameterized3_226 |         20 |         20 |       0 |    0 |    20 |      0 |      0 |            0 |
|                             i_lut6.i_lut6_addsub                                                                            |         angle_CORDIC_c_addsub_v12_0_12_lut6_legacy__parameterized3_227 |         20 |         20 |       0 |    0 |    20 |      0 |      0 |            0 |
|                               (i_lut6.i_lut6_addsub)                                                                        |         angle_CORDIC_c_addsub_v12_0_12_lut6_legacy__parameterized3_227 |         20 |         20 |       0 |    0 |     0 |      0 |      0 |            0 |
|                               i_q.i_simple.qreg                                                                             |                  angle_CORDIC_c_reg_fd_v12_0_5_viv__parameterized2_228 |          0 |          0 |       0 |    0 |    20 |      0 |      0 |            0 |
|                     y_plus_x_shift                                                                                          |                                angle_CORDIC_addsub__parameterized3_220 |         21 |         21 |       0 |    0 |    20 |      0 |      0 |            0 |
|                       (y_plus_x_shift)                                                                                      |                                angle_CORDIC_addsub__parameterized3_220 |          1 |          1 |       0 |    0 |     0 |      0 |      0 |            0 |
|                       inst                                                                                                  |                 angle_CORDIC_c_addsub_v12_0_12_viv__parameterized3__38 |         20 |         20 |       0 |    0 |    20 |      0 |      0 |            0 |
|                         i_baseblox.i_baseblox_addsub                                                                        |              angle_CORDIC_c_addsub_v12_0_12_legacy__parameterized3_221 |         20 |         20 |       0 |    0 |    20 |      0 |      0 |            0 |
|                           no_pipelining.the_addsub                                                                          |       angle_CORDIC_c_addsub_v12_0_12_fabric_legacy__parameterized3_222 |         20 |         20 |       0 |    0 |    20 |      0 |      0 |            0 |
|                             i_lut6.i_lut6_addsub                                                                            |         angle_CORDIC_c_addsub_v12_0_12_lut6_legacy__parameterized3_223 |         20 |         20 |       0 |    0 |    20 |      0 |      0 |            0 |
|                               (i_lut6.i_lut6_addsub)                                                                        |         angle_CORDIC_c_addsub_v12_0_12_lut6_legacy__parameterized3_223 |         20 |         20 |       0 |    0 |     0 |      0 |      0 |            0 |
|                               i_q.i_simple.qreg                                                                             |                  angle_CORDIC_c_reg_fd_v12_0_5_viv__parameterized2_224 |          0 |          0 |       0 |    0 |    20 |      0 |      0 |            0 |
|                   phase_slice                                                                                               |                              angle_CORDIC_cordic_pha_acc_slice_par_213 |         21 |         21 |       0 |    0 |    20 |      0 |      0 |            0 |
|                     phase_plus_atan                                                                                         |                                angle_CORDIC_addsub__parameterized3_214 |         21 |         21 |       0 |    0 |    20 |      0 |      0 |            0 |
|                       (phase_plus_atan)                                                                                     |                                angle_CORDIC_addsub__parameterized3_214 |          1 |          1 |       0 |    0 |     0 |      0 |      0 |            0 |
|                       inst                                                                                                  |                 angle_CORDIC_c_addsub_v12_0_12_viv__parameterized3__39 |         20 |         20 |       0 |    0 |    20 |      0 |      0 |            0 |
|                         i_baseblox.i_baseblox_addsub                                                                        |              angle_CORDIC_c_addsub_v12_0_12_legacy__parameterized3_215 |         20 |         20 |       0 |    0 |    20 |      0 |      0 |            0 |
|                           no_pipelining.the_addsub                                                                          |       angle_CORDIC_c_addsub_v12_0_12_fabric_legacy__parameterized3_216 |         20 |         20 |       0 |    0 |    20 |      0 |      0 |            0 |
|                             i_lut6.i_lut6_addsub                                                                            |         angle_CORDIC_c_addsub_v12_0_12_lut6_legacy__parameterized3_217 |         20 |         20 |       0 |    0 |    20 |      0 |      0 |            0 |
|                               (i_lut6.i_lut6_addsub)                                                                        |         angle_CORDIC_c_addsub_v12_0_12_lut6_legacy__parameterized3_217 |         20 |         20 |       0 |    0 |     0 |      0 |      0 |            0 |
|                               i_q.i_simple.qreg                                                                             |                  angle_CORDIC_c_reg_fd_v12_0_5_viv__parameterized2_218 |          0 |          0 |       0 |    0 |    20 |      0 |      0 |            0 |
|                 gen_para_arch.gen_iteration[12].eng                                                                         |                     angle_CORDIC_cordic_eng_slice_par__parameterized23 |         64 |         61 |       0 |    3 |    47 |      0 |      0 |            0 |
|                   cntrl                                                                                                     |                                 angle_CORDIC_cordic_ctrl_slice_par_193 |          3 |          0 |       0 |    3 |     1 |      0 |      0 |            0 |
|                     cntrl_vect_dly                                                                                          |                                 angle_CORDIC_delay__parameterized4_210 |          3 |          0 |       0 |    3 |     0 |      0 |      0 |            0 |
|                     engine_mode_dly                                                                                         |                             angle_CORDIC_delay_bit__parameterized1_211 |          0 |          0 |       0 |    0 |     1 |      0 |      0 |            0 |
|                   data_slice                                                                                                |                 angle_CORDIC_cordic_dat_acc_slice_par__parameterized23 |         41 |         41 |       0 |    0 |    26 |      0 |      0 |            0 |
|                     x_plus_y_shift                                                                                          |                                angle_CORDIC_addsub__parameterized3_200 |         20 |         20 |       0 |    0 |    20 |      0 |      0 |            0 |
|                       inst                                                                                                  |                 angle_CORDIC_c_addsub_v12_0_12_viv__parameterized3__40 |         20 |         20 |       0 |    0 |    20 |      0 |      0 |            0 |
|                         i_baseblox.i_baseblox_addsub                                                                        |              angle_CORDIC_c_addsub_v12_0_12_legacy__parameterized3_206 |         20 |         20 |       0 |    0 |    20 |      0 |      0 |            0 |
|                           no_pipelining.the_addsub                                                                          |       angle_CORDIC_c_addsub_v12_0_12_fabric_legacy__parameterized3_207 |         20 |         20 |       0 |    0 |    20 |      0 |      0 |            0 |
|                             i_lut6.i_lut6_addsub                                                                            |         angle_CORDIC_c_addsub_v12_0_12_lut6_legacy__parameterized3_208 |         20 |         20 |       0 |    0 |    20 |      0 |      0 |            0 |
|                               (i_lut6.i_lut6_addsub)                                                                        |         angle_CORDIC_c_addsub_v12_0_12_lut6_legacy__parameterized3_208 |         20 |         20 |       0 |    0 |     0 |      0 |      0 |            0 |
|                               i_q.i_simple.qreg                                                                             |                  angle_CORDIC_c_reg_fd_v12_0_5_viv__parameterized2_209 |          0 |          0 |       0 |    0 |    20 |      0 |      0 |            0 |
|                     y_plus_x_shift                                                                                          |                                angle_CORDIC_addsub__parameterized3_201 |         21 |         21 |       0 |    0 |     6 |      0 |      0 |            0 |
|                       (y_plus_x_shift)                                                                                      |                                angle_CORDIC_addsub__parameterized3_201 |          1 |          1 |       0 |    0 |     0 |      0 |      0 |            0 |
|                       inst                                                                                                  |                 angle_CORDIC_c_addsub_v12_0_12_viv__parameterized3__41 |         20 |         20 |       0 |    0 |     6 |      0 |      0 |            0 |
|                         i_baseblox.i_baseblox_addsub                                                                        |              angle_CORDIC_c_addsub_v12_0_12_legacy__parameterized3_202 |         20 |         20 |       0 |    0 |     6 |      0 |      0 |            0 |
|                           no_pipelining.the_addsub                                                                          |       angle_CORDIC_c_addsub_v12_0_12_fabric_legacy__parameterized3_203 |         20 |         20 |       0 |    0 |     6 |      0 |      0 |            0 |
|                             i_lut6.i_lut6_addsub                                                                            |         angle_CORDIC_c_addsub_v12_0_12_lut6_legacy__parameterized3_204 |         20 |         20 |       0 |    0 |     6 |      0 |      0 |            0 |
|                               (i_lut6.i_lut6_addsub)                                                                        |         angle_CORDIC_c_addsub_v12_0_12_lut6_legacy__parameterized3_204 |         20 |         20 |       0 |    0 |     0 |      0 |      0 |            0 |
|                               i_q.i_simple.qreg                                                                             |                  angle_CORDIC_c_reg_fd_v12_0_5_viv__parameterized2_205 |          0 |          0 |       0 |    0 |     6 |      0 |      0 |            0 |
|                   phase_slice                                                                                               |                              angle_CORDIC_cordic_pha_acc_slice_par_194 |         20 |         20 |       0 |    0 |    20 |      0 |      0 |            0 |
|                     phase_plus_atan                                                                                         |                                angle_CORDIC_addsub__parameterized3_195 |         20 |         20 |       0 |    0 |    20 |      0 |      0 |            0 |
|                       inst                                                                                                  |                 angle_CORDIC_c_addsub_v12_0_12_viv__parameterized3__42 |         20 |         20 |       0 |    0 |    20 |      0 |      0 |            0 |
|                         i_baseblox.i_baseblox_addsub                                                                        |              angle_CORDIC_c_addsub_v12_0_12_legacy__parameterized3_196 |         20 |         20 |       0 |    0 |    20 |      0 |      0 |            0 |
|                           no_pipelining.the_addsub                                                                          |       angle_CORDIC_c_addsub_v12_0_12_fabric_legacy__parameterized3_197 |         20 |         20 |       0 |    0 |    20 |      0 |      0 |            0 |
|                             i_lut6.i_lut6_addsub                                                                            |         angle_CORDIC_c_addsub_v12_0_12_lut6_legacy__parameterized3_198 |         20 |         20 |       0 |    0 |    20 |      0 |      0 |            0 |
|                               (i_lut6.i_lut6_addsub)                                                                        |         angle_CORDIC_c_addsub_v12_0_12_lut6_legacy__parameterized3_198 |         20 |         20 |       0 |    0 |     0 |      0 |      0 |            0 |
|                               i_q.i_simple.qreg                                                                             |                  angle_CORDIC_c_reg_fd_v12_0_5_viv__parameterized2_199 |          0 |          0 |       0 |    0 |    20 |      0 |      0 |            0 |
|                 gen_para_arch.gen_iteration[13].eng                                                                         |                     angle_CORDIC_cordic_eng_slice_par__parameterized25 |         41 |         41 |       0 |    0 |    42 |      0 |      0 |            0 |
|                   cntrl                                                                                                     |                                 angle_CORDIC_cordic_ctrl_slice_par_181 |          1 |          1 |       0 |    0 |     2 |      0 |      0 |            0 |
|                     cntrl_vect_dly                                                                                          |                                     angle_CORDIC_delay__parameterized4 |          1 |          1 |       0 |    0 |     2 |      0 |      0 |            0 |
|                   data_slice                                                                                                |                 angle_CORDIC_cordic_dat_acc_slice_par__parameterized25 |         20 |         20 |       0 |    0 |    20 |      0 |      0 |            0 |
|                     x_plus_y_shift                                                                                          |                                angle_CORDIC_addsub__parameterized3_188 |         20 |         20 |       0 |    0 |    20 |      0 |      0 |            0 |
|                       inst                                                                                                  |                 angle_CORDIC_c_addsub_v12_0_12_viv__parameterized3__43 |         20 |         20 |       0 |    0 |    20 |      0 |      0 |            0 |
|                         i_baseblox.i_baseblox_addsub                                                                        |              angle_CORDIC_c_addsub_v12_0_12_legacy__parameterized3_189 |         20 |         20 |       0 |    0 |    20 |      0 |      0 |            0 |
|                           no_pipelining.the_addsub                                                                          |       angle_CORDIC_c_addsub_v12_0_12_fabric_legacy__parameterized3_190 |         20 |         20 |       0 |    0 |    20 |      0 |      0 |            0 |
|                             i_lut6.i_lut6_addsub                                                                            |         angle_CORDIC_c_addsub_v12_0_12_lut6_legacy__parameterized3_191 |         20 |         20 |       0 |    0 |    20 |      0 |      0 |            0 |
|                               (i_lut6.i_lut6_addsub)                                                                        |         angle_CORDIC_c_addsub_v12_0_12_lut6_legacy__parameterized3_191 |         20 |         20 |       0 |    0 |     0 |      0 |      0 |            0 |
|                               i_q.i_simple.qreg                                                                             |                  angle_CORDIC_c_reg_fd_v12_0_5_viv__parameterized2_192 |          0 |          0 |       0 |    0 |    20 |      0 |      0 |            0 |
|                   phase_slice                                                                                               |                              angle_CORDIC_cordic_pha_acc_slice_par_182 |         20 |         20 |       0 |    0 |    20 |      0 |      0 |            0 |
|                     phase_plus_atan                                                                                         |                                angle_CORDIC_addsub__parameterized3_183 |         20 |         20 |       0 |    0 |    20 |      0 |      0 |            0 |
|                       inst                                                                                                  |                  angle_CORDIC_c_addsub_v12_0_12_viv__parameterized3__5 |         20 |         20 |       0 |    0 |    20 |      0 |      0 |            0 |
|                         i_baseblox.i_baseblox_addsub                                                                        |              angle_CORDIC_c_addsub_v12_0_12_legacy__parameterized3_184 |         20 |         20 |       0 |    0 |    20 |      0 |      0 |            0 |
|                           no_pipelining.the_addsub                                                                          |       angle_CORDIC_c_addsub_v12_0_12_fabric_legacy__parameterized3_185 |         20 |         20 |       0 |    0 |    20 |      0 |      0 |            0 |
|                             i_lut6.i_lut6_addsub                                                                            |         angle_CORDIC_c_addsub_v12_0_12_lut6_legacy__parameterized3_186 |         20 |         20 |       0 |    0 |    20 |      0 |      0 |            0 |
|                               (i_lut6.i_lut6_addsub)                                                                        |         angle_CORDIC_c_addsub_v12_0_12_lut6_legacy__parameterized3_186 |         20 |         20 |       0 |    0 |     0 |      0 |      0 |            0 |
|                               i_q.i_simple.qreg                                                                             |                  angle_CORDIC_c_reg_fd_v12_0_5_viv__parameterized2_187 |          0 |          0 |       0 |    0 |    20 |      0 |      0 |            0 |
|                 gen_para_arch.gen_iteration[1].eng                                                                          |                      angle_CORDIC_cordic_eng_slice_par__parameterized1 |         62 |         62 |       0 |    0 |    61 |      0 |      0 |            0 |
|                   cntrl                                                                                                     |                                 angle_CORDIC_cordic_ctrl_slice_par_163 |          0 |          0 |       0 |    0 |     1 |      0 |      0 |            0 |
|                     engine_mode_dly                                                                                         |                             angle_CORDIC_delay_bit__parameterized1_180 |          0 |          0 |       0 |    0 |     1 |      0 |      0 |            0 |
|                   data_slice                                                                                                |                  angle_CORDIC_cordic_dat_acc_slice_par__parameterized1 |         41 |         41 |       0 |    0 |    40 |      0 |      0 |            0 |
|                     x_plus_y_shift                                                                                          |                                angle_CORDIC_addsub__parameterized3_170 |         20 |         20 |       0 |    0 |    20 |      0 |      0 |            0 |
|                       inst                                                                                                  |                  angle_CORDIC_c_addsub_v12_0_12_viv__parameterized3__7 |         20 |         20 |       0 |    0 |    20 |      0 |      0 |            0 |
|                         i_baseblox.i_baseblox_addsub                                                                        |              angle_CORDIC_c_addsub_v12_0_12_legacy__parameterized3_176 |         20 |         20 |       0 |    0 |    20 |      0 |      0 |            0 |
|                           no_pipelining.the_addsub                                                                          |       angle_CORDIC_c_addsub_v12_0_12_fabric_legacy__parameterized3_177 |         20 |         20 |       0 |    0 |    20 |      0 |      0 |            0 |
|                             i_lut6.i_lut6_addsub                                                                            |         angle_CORDIC_c_addsub_v12_0_12_lut6_legacy__parameterized3_178 |         20 |         20 |       0 |    0 |    20 |      0 |      0 |            0 |
|                               (i_lut6.i_lut6_addsub)                                                                        |         angle_CORDIC_c_addsub_v12_0_12_lut6_legacy__parameterized3_178 |         20 |         20 |       0 |    0 |     0 |      0 |      0 |            0 |
|                               i_q.i_simple.qreg                                                                             |                  angle_CORDIC_c_reg_fd_v12_0_5_viv__parameterized2_179 |          0 |          0 |       0 |    0 |    20 |      0 |      0 |            0 |
|                     y_plus_x_shift                                                                                          |                                angle_CORDIC_addsub__parameterized3_171 |         21 |         21 |       0 |    0 |    20 |      0 |      0 |            0 |
|                       (y_plus_x_shift)                                                                                      |                                angle_CORDIC_addsub__parameterized3_171 |          1 |          1 |       0 |    0 |     0 |      0 |      0 |            0 |
|                       inst                                                                                                  |                  angle_CORDIC_c_addsub_v12_0_12_viv__parameterized3__8 |         20 |         20 |       0 |    0 |    20 |      0 |      0 |            0 |
|                         i_baseblox.i_baseblox_addsub                                                                        |              angle_CORDIC_c_addsub_v12_0_12_legacy__parameterized3_172 |         20 |         20 |       0 |    0 |    20 |      0 |      0 |            0 |
|                           no_pipelining.the_addsub                                                                          |       angle_CORDIC_c_addsub_v12_0_12_fabric_legacy__parameterized3_173 |         20 |         20 |       0 |    0 |    20 |      0 |      0 |            0 |
|                             i_lut6.i_lut6_addsub                                                                            |         angle_CORDIC_c_addsub_v12_0_12_lut6_legacy__parameterized3_174 |         20 |         20 |       0 |    0 |    20 |      0 |      0 |            0 |
|                               (i_lut6.i_lut6_addsub)                                                                        |         angle_CORDIC_c_addsub_v12_0_12_lut6_legacy__parameterized3_174 |         20 |         20 |       0 |    0 |     0 |      0 |      0 |            0 |
|                               i_q.i_simple.qreg                                                                             |                  angle_CORDIC_c_reg_fd_v12_0_5_viv__parameterized2_175 |          0 |          0 |       0 |    0 |    20 |      0 |      0 |            0 |
|                   phase_slice                                                                                               |                              angle_CORDIC_cordic_pha_acc_slice_par_164 |         21 |         21 |       0 |    0 |    20 |      0 |      0 |            0 |
|                     phase_plus_atan                                                                                         |                                angle_CORDIC_addsub__parameterized3_165 |         21 |         21 |       0 |    0 |    20 |      0 |      0 |            0 |
|                       (phase_plus_atan)                                                                                     |                                angle_CORDIC_addsub__parameterized3_165 |          1 |          1 |       0 |    0 |     0 |      0 |      0 |            0 |
|                       inst                                                                                                  |                  angle_CORDIC_c_addsub_v12_0_12_viv__parameterized3__9 |         20 |         20 |       0 |    0 |    20 |      0 |      0 |            0 |
|                         i_baseblox.i_baseblox_addsub                                                                        |              angle_CORDIC_c_addsub_v12_0_12_legacy__parameterized3_166 |         20 |         20 |       0 |    0 |    20 |      0 |      0 |            0 |
|                           no_pipelining.the_addsub                                                                          |       angle_CORDIC_c_addsub_v12_0_12_fabric_legacy__parameterized3_167 |         20 |         20 |       0 |    0 |    20 |      0 |      0 |            0 |
|                             i_lut6.i_lut6_addsub                                                                            |         angle_CORDIC_c_addsub_v12_0_12_lut6_legacy__parameterized3_168 |         20 |         20 |       0 |    0 |    20 |      0 |      0 |            0 |
|                               (i_lut6.i_lut6_addsub)                                                                        |         angle_CORDIC_c_addsub_v12_0_12_lut6_legacy__parameterized3_168 |         20 |         20 |       0 |    0 |     0 |      0 |      0 |            0 |
|                               i_q.i_simple.qreg                                                                             |                  angle_CORDIC_c_reg_fd_v12_0_5_viv__parameterized2_169 |          0 |          0 |       0 |    0 |    20 |      0 |      0 |            0 |
|                 gen_para_arch.gen_iteration[2].eng                                                                          |                      angle_CORDIC_cordic_eng_slice_par__parameterized3 |         62 |         62 |       0 |    0 |    61 |      0 |      0 |            0 |
|                   cntrl                                                                                                     |                                 angle_CORDIC_cordic_ctrl_slice_par_145 |          0 |          0 |       0 |    0 |     1 |      0 |      0 |            0 |
|                     engine_mode_dly                                                                                         |                             angle_CORDIC_delay_bit__parameterized1_162 |          0 |          0 |       0 |    0 |     1 |      0 |      0 |            0 |
|                   data_slice                                                                                                |                  angle_CORDIC_cordic_dat_acc_slice_par__parameterized3 |         41 |         41 |       0 |    0 |    40 |      0 |      0 |            0 |
|                     x_plus_y_shift                                                                                          |                                angle_CORDIC_addsub__parameterized3_152 |         20 |         20 |       0 |    0 |    20 |      0 |      0 |            0 |
|                       inst                                                                                                  |                 angle_CORDIC_c_addsub_v12_0_12_viv__parameterized3__10 |         20 |         20 |       0 |    0 |    20 |      0 |      0 |            0 |
|                         i_baseblox.i_baseblox_addsub                                                                        |              angle_CORDIC_c_addsub_v12_0_12_legacy__parameterized3_158 |         20 |         20 |       0 |    0 |    20 |      0 |      0 |            0 |
|                           no_pipelining.the_addsub                                                                          |       angle_CORDIC_c_addsub_v12_0_12_fabric_legacy__parameterized3_159 |         20 |         20 |       0 |    0 |    20 |      0 |      0 |            0 |
|                             i_lut6.i_lut6_addsub                                                                            |         angle_CORDIC_c_addsub_v12_0_12_lut6_legacy__parameterized3_160 |         20 |         20 |       0 |    0 |    20 |      0 |      0 |            0 |
|                               (i_lut6.i_lut6_addsub)                                                                        |         angle_CORDIC_c_addsub_v12_0_12_lut6_legacy__parameterized3_160 |         20 |         20 |       0 |    0 |     0 |      0 |      0 |            0 |
|                               i_q.i_simple.qreg                                                                             |                  angle_CORDIC_c_reg_fd_v12_0_5_viv__parameterized2_161 |          0 |          0 |       0 |    0 |    20 |      0 |      0 |            0 |
|                     y_plus_x_shift                                                                                          |                                angle_CORDIC_addsub__parameterized3_153 |         21 |         21 |       0 |    0 |    20 |      0 |      0 |            0 |
|                       (y_plus_x_shift)                                                                                      |                                angle_CORDIC_addsub__parameterized3_153 |          1 |          1 |       0 |    0 |     0 |      0 |      0 |            0 |
|                       inst                                                                                                  |                 angle_CORDIC_c_addsub_v12_0_12_viv__parameterized3__11 |         20 |         20 |       0 |    0 |    20 |      0 |      0 |            0 |
|                         i_baseblox.i_baseblox_addsub                                                                        |              angle_CORDIC_c_addsub_v12_0_12_legacy__parameterized3_154 |         20 |         20 |       0 |    0 |    20 |      0 |      0 |            0 |
|                           no_pipelining.the_addsub                                                                          |       angle_CORDIC_c_addsub_v12_0_12_fabric_legacy__parameterized3_155 |         20 |         20 |       0 |    0 |    20 |      0 |      0 |            0 |
|                             i_lut6.i_lut6_addsub                                                                            |         angle_CORDIC_c_addsub_v12_0_12_lut6_legacy__parameterized3_156 |         20 |         20 |       0 |    0 |    20 |      0 |      0 |            0 |
|                               (i_lut6.i_lut6_addsub)                                                                        |         angle_CORDIC_c_addsub_v12_0_12_lut6_legacy__parameterized3_156 |         20 |         20 |       0 |    0 |     0 |      0 |      0 |            0 |
|                               i_q.i_simple.qreg                                                                             |                  angle_CORDIC_c_reg_fd_v12_0_5_viv__parameterized2_157 |          0 |          0 |       0 |    0 |    20 |      0 |      0 |            0 |
|                   phase_slice                                                                                               |                              angle_CORDIC_cordic_pha_acc_slice_par_146 |         21 |         21 |       0 |    0 |    20 |      0 |      0 |            0 |
|                     phase_plus_atan                                                                                         |                                angle_CORDIC_addsub__parameterized3_147 |         21 |         21 |       0 |    0 |    20 |      0 |      0 |            0 |
|                       (phase_plus_atan)                                                                                     |                                angle_CORDIC_addsub__parameterized3_147 |          1 |          1 |       0 |    0 |     0 |      0 |      0 |            0 |
|                       inst                                                                                                  |                 angle_CORDIC_c_addsub_v12_0_12_viv__parameterized3__12 |         20 |         20 |       0 |    0 |    20 |      0 |      0 |            0 |
|                         i_baseblox.i_baseblox_addsub                                                                        |              angle_CORDIC_c_addsub_v12_0_12_legacy__parameterized3_148 |         20 |         20 |       0 |    0 |    20 |      0 |      0 |            0 |
|                           no_pipelining.the_addsub                                                                          |       angle_CORDIC_c_addsub_v12_0_12_fabric_legacy__parameterized3_149 |         20 |         20 |       0 |    0 |    20 |      0 |      0 |            0 |
|                             i_lut6.i_lut6_addsub                                                                            |         angle_CORDIC_c_addsub_v12_0_12_lut6_legacy__parameterized3_150 |         20 |         20 |       0 |    0 |    20 |      0 |      0 |            0 |
|                               (i_lut6.i_lut6_addsub)                                                                        |         angle_CORDIC_c_addsub_v12_0_12_lut6_legacy__parameterized3_150 |         20 |         20 |       0 |    0 |     0 |      0 |      0 |            0 |
|                               i_q.i_simple.qreg                                                                             |                  angle_CORDIC_c_reg_fd_v12_0_5_viv__parameterized2_151 |          0 |          0 |       0 |    0 |    20 |      0 |      0 |            0 |
|                 gen_para_arch.gen_iteration[3].eng                                                                          |                      angle_CORDIC_cordic_eng_slice_par__parameterized5 |         62 |         62 |       0 |    0 |    61 |      0 |      0 |            0 |
|                   cntrl                                                                                                     |                                 angle_CORDIC_cordic_ctrl_slice_par_127 |          0 |          0 |       0 |    0 |     1 |      0 |      0 |            0 |
|                     engine_mode_dly                                                                                         |                             angle_CORDIC_delay_bit__parameterized1_144 |          0 |          0 |       0 |    0 |     1 |      0 |      0 |            0 |
|                   data_slice                                                                                                |                  angle_CORDIC_cordic_dat_acc_slice_par__parameterized5 |         41 |         41 |       0 |    0 |    40 |      0 |      0 |            0 |
|                     x_plus_y_shift                                                                                          |                                angle_CORDIC_addsub__parameterized3_134 |         20 |         20 |       0 |    0 |    20 |      0 |      0 |            0 |
|                       inst                                                                                                  |                 angle_CORDIC_c_addsub_v12_0_12_viv__parameterized3__13 |         20 |         20 |       0 |    0 |    20 |      0 |      0 |            0 |
|                         i_baseblox.i_baseblox_addsub                                                                        |              angle_CORDIC_c_addsub_v12_0_12_legacy__parameterized3_140 |         20 |         20 |       0 |    0 |    20 |      0 |      0 |            0 |
|                           no_pipelining.the_addsub                                                                          |       angle_CORDIC_c_addsub_v12_0_12_fabric_legacy__parameterized3_141 |         20 |         20 |       0 |    0 |    20 |      0 |      0 |            0 |
|                             i_lut6.i_lut6_addsub                                                                            |         angle_CORDIC_c_addsub_v12_0_12_lut6_legacy__parameterized3_142 |         20 |         20 |       0 |    0 |    20 |      0 |      0 |            0 |
|                               (i_lut6.i_lut6_addsub)                                                                        |         angle_CORDIC_c_addsub_v12_0_12_lut6_legacy__parameterized3_142 |         20 |         20 |       0 |    0 |     0 |      0 |      0 |            0 |
|                               i_q.i_simple.qreg                                                                             |                  angle_CORDIC_c_reg_fd_v12_0_5_viv__parameterized2_143 |          0 |          0 |       0 |    0 |    20 |      0 |      0 |            0 |
|                     y_plus_x_shift                                                                                          |                                angle_CORDIC_addsub__parameterized3_135 |         21 |         21 |       0 |    0 |    20 |      0 |      0 |            0 |
|                       (y_plus_x_shift)                                                                                      |                                angle_CORDIC_addsub__parameterized3_135 |          1 |          1 |       0 |    0 |     0 |      0 |      0 |            0 |
|                       inst                                                                                                  |                 angle_CORDIC_c_addsub_v12_0_12_viv__parameterized3__14 |         20 |         20 |       0 |    0 |    20 |      0 |      0 |            0 |
|                         i_baseblox.i_baseblox_addsub                                                                        |              angle_CORDIC_c_addsub_v12_0_12_legacy__parameterized3_136 |         20 |         20 |       0 |    0 |    20 |      0 |      0 |            0 |
|                           no_pipelining.the_addsub                                                                          |       angle_CORDIC_c_addsub_v12_0_12_fabric_legacy__parameterized3_137 |         20 |         20 |       0 |    0 |    20 |      0 |      0 |            0 |
|                             i_lut6.i_lut6_addsub                                                                            |         angle_CORDIC_c_addsub_v12_0_12_lut6_legacy__parameterized3_138 |         20 |         20 |       0 |    0 |    20 |      0 |      0 |            0 |
|                               (i_lut6.i_lut6_addsub)                                                                        |         angle_CORDIC_c_addsub_v12_0_12_lut6_legacy__parameterized3_138 |         20 |         20 |       0 |    0 |     0 |      0 |      0 |            0 |
|                               i_q.i_simple.qreg                                                                             |                  angle_CORDIC_c_reg_fd_v12_0_5_viv__parameterized2_139 |          0 |          0 |       0 |    0 |    20 |      0 |      0 |            0 |
|                   phase_slice                                                                                               |                              angle_CORDIC_cordic_pha_acc_slice_par_128 |         21 |         21 |       0 |    0 |    20 |      0 |      0 |            0 |
|                     phase_plus_atan                                                                                         |                                angle_CORDIC_addsub__parameterized3_129 |         21 |         21 |       0 |    0 |    20 |      0 |      0 |            0 |
|                       (phase_plus_atan)                                                                                     |                                angle_CORDIC_addsub__parameterized3_129 |          1 |          1 |       0 |    0 |     0 |      0 |      0 |            0 |
|                       inst                                                                                                  |                 angle_CORDIC_c_addsub_v12_0_12_viv__parameterized3__15 |         20 |         20 |       0 |    0 |    20 |      0 |      0 |            0 |
|                         i_baseblox.i_baseblox_addsub                                                                        |              angle_CORDIC_c_addsub_v12_0_12_legacy__parameterized3_130 |         20 |         20 |       0 |    0 |    20 |      0 |      0 |            0 |
|                           no_pipelining.the_addsub                                                                          |       angle_CORDIC_c_addsub_v12_0_12_fabric_legacy__parameterized3_131 |         20 |         20 |       0 |    0 |    20 |      0 |      0 |            0 |
|                             i_lut6.i_lut6_addsub                                                                            |         angle_CORDIC_c_addsub_v12_0_12_lut6_legacy__parameterized3_132 |         20 |         20 |       0 |    0 |    20 |      0 |      0 |            0 |
|                               (i_lut6.i_lut6_addsub)                                                                        |         angle_CORDIC_c_addsub_v12_0_12_lut6_legacy__parameterized3_132 |         20 |         20 |       0 |    0 |     0 |      0 |      0 |            0 |
|                               i_q.i_simple.qreg                                                                             |                  angle_CORDIC_c_reg_fd_v12_0_5_viv__parameterized2_133 |          0 |          0 |       0 |    0 |    20 |      0 |      0 |            0 |
|                 gen_para_arch.gen_iteration[4].eng                                                                          |                      angle_CORDIC_cordic_eng_slice_par__parameterized7 |         62 |         62 |       0 |    0 |    61 |      0 |      0 |            0 |
|                   cntrl                                                                                                     |                                 angle_CORDIC_cordic_ctrl_slice_par_109 |          0 |          0 |       0 |    0 |     1 |      0 |      0 |            0 |
|                     engine_mode_dly                                                                                         |                             angle_CORDIC_delay_bit__parameterized1_126 |          0 |          0 |       0 |    0 |     1 |      0 |      0 |            0 |
|                   data_slice                                                                                                |                  angle_CORDIC_cordic_dat_acc_slice_par__parameterized7 |         41 |         41 |       0 |    0 |    40 |      0 |      0 |            0 |
|                     x_plus_y_shift                                                                                          |                                angle_CORDIC_addsub__parameterized3_116 |         20 |         20 |       0 |    0 |    20 |      0 |      0 |            0 |
|                       inst                                                                                                  |                 angle_CORDIC_c_addsub_v12_0_12_viv__parameterized3__16 |         20 |         20 |       0 |    0 |    20 |      0 |      0 |            0 |
|                         i_baseblox.i_baseblox_addsub                                                                        |              angle_CORDIC_c_addsub_v12_0_12_legacy__parameterized3_122 |         20 |         20 |       0 |    0 |    20 |      0 |      0 |            0 |
|                           no_pipelining.the_addsub                                                                          |       angle_CORDIC_c_addsub_v12_0_12_fabric_legacy__parameterized3_123 |         20 |         20 |       0 |    0 |    20 |      0 |      0 |            0 |
|                             i_lut6.i_lut6_addsub                                                                            |         angle_CORDIC_c_addsub_v12_0_12_lut6_legacy__parameterized3_124 |         20 |         20 |       0 |    0 |    20 |      0 |      0 |            0 |
|                               (i_lut6.i_lut6_addsub)                                                                        |         angle_CORDIC_c_addsub_v12_0_12_lut6_legacy__parameterized3_124 |         20 |         20 |       0 |    0 |     0 |      0 |      0 |            0 |
|                               i_q.i_simple.qreg                                                                             |                  angle_CORDIC_c_reg_fd_v12_0_5_viv__parameterized2_125 |          0 |          0 |       0 |    0 |    20 |      0 |      0 |            0 |
|                     y_plus_x_shift                                                                                          |                                angle_CORDIC_addsub__parameterized3_117 |         21 |         21 |       0 |    0 |    20 |      0 |      0 |            0 |
|                       (y_plus_x_shift)                                                                                      |                                angle_CORDIC_addsub__parameterized3_117 |          1 |          1 |       0 |    0 |     0 |      0 |      0 |            0 |
|                       inst                                                                                                  |                 angle_CORDIC_c_addsub_v12_0_12_viv__parameterized3__17 |         20 |         20 |       0 |    0 |    20 |      0 |      0 |            0 |
|                         i_baseblox.i_baseblox_addsub                                                                        |              angle_CORDIC_c_addsub_v12_0_12_legacy__parameterized3_118 |         20 |         20 |       0 |    0 |    20 |      0 |      0 |            0 |
|                           no_pipelining.the_addsub                                                                          |       angle_CORDIC_c_addsub_v12_0_12_fabric_legacy__parameterized3_119 |         20 |         20 |       0 |    0 |    20 |      0 |      0 |            0 |
|                             i_lut6.i_lut6_addsub                                                                            |         angle_CORDIC_c_addsub_v12_0_12_lut6_legacy__parameterized3_120 |         20 |         20 |       0 |    0 |    20 |      0 |      0 |            0 |
|                               (i_lut6.i_lut6_addsub)                                                                        |         angle_CORDIC_c_addsub_v12_0_12_lut6_legacy__parameterized3_120 |         20 |         20 |       0 |    0 |     0 |      0 |      0 |            0 |
|                               i_q.i_simple.qreg                                                                             |                  angle_CORDIC_c_reg_fd_v12_0_5_viv__parameterized2_121 |          0 |          0 |       0 |    0 |    20 |      0 |      0 |            0 |
|                   phase_slice                                                                                               |                              angle_CORDIC_cordic_pha_acc_slice_par_110 |         21 |         21 |       0 |    0 |    20 |      0 |      0 |            0 |
|                     phase_plus_atan                                                                                         |                                angle_CORDIC_addsub__parameterized3_111 |         21 |         21 |       0 |    0 |    20 |      0 |      0 |            0 |
|                       (phase_plus_atan)                                                                                     |                                angle_CORDIC_addsub__parameterized3_111 |          1 |          1 |       0 |    0 |     0 |      0 |      0 |            0 |
|                       inst                                                                                                  |                 angle_CORDIC_c_addsub_v12_0_12_viv__parameterized3__18 |         20 |         20 |       0 |    0 |    20 |      0 |      0 |            0 |
|                         i_baseblox.i_baseblox_addsub                                                                        |              angle_CORDIC_c_addsub_v12_0_12_legacy__parameterized3_112 |         20 |         20 |       0 |    0 |    20 |      0 |      0 |            0 |
|                           no_pipelining.the_addsub                                                                          |       angle_CORDIC_c_addsub_v12_0_12_fabric_legacy__parameterized3_113 |         20 |         20 |       0 |    0 |    20 |      0 |      0 |            0 |
|                             i_lut6.i_lut6_addsub                                                                            |         angle_CORDIC_c_addsub_v12_0_12_lut6_legacy__parameterized3_114 |         20 |         20 |       0 |    0 |    20 |      0 |      0 |            0 |
|                               (i_lut6.i_lut6_addsub)                                                                        |         angle_CORDIC_c_addsub_v12_0_12_lut6_legacy__parameterized3_114 |         20 |         20 |       0 |    0 |     0 |      0 |      0 |            0 |
|                               i_q.i_simple.qreg                                                                             |                  angle_CORDIC_c_reg_fd_v12_0_5_viv__parameterized2_115 |          0 |          0 |       0 |    0 |    20 |      0 |      0 |            0 |
|                 gen_para_arch.gen_iteration[5].eng                                                                          |                      angle_CORDIC_cordic_eng_slice_par__parameterized9 |         62 |         62 |       0 |    0 |    61 |      0 |      0 |            0 |
|                   cntrl                                                                                                     |                                  angle_CORDIC_cordic_ctrl_slice_par_91 |          0 |          0 |       0 |    0 |     1 |      0 |      0 |            0 |
|                     engine_mode_dly                                                                                         |                             angle_CORDIC_delay_bit__parameterized1_108 |          0 |          0 |       0 |    0 |     1 |      0 |      0 |            0 |
|                   data_slice                                                                                                |                  angle_CORDIC_cordic_dat_acc_slice_par__parameterized9 |         41 |         41 |       0 |    0 |    40 |      0 |      0 |            0 |
|                     x_plus_y_shift                                                                                          |                                 angle_CORDIC_addsub__parameterized3_98 |         20 |         20 |       0 |    0 |    20 |      0 |      0 |            0 |
|                       inst                                                                                                  |                 angle_CORDIC_c_addsub_v12_0_12_viv__parameterized3__19 |         20 |         20 |       0 |    0 |    20 |      0 |      0 |            0 |
|                         i_baseblox.i_baseblox_addsub                                                                        |              angle_CORDIC_c_addsub_v12_0_12_legacy__parameterized3_104 |         20 |         20 |       0 |    0 |    20 |      0 |      0 |            0 |
|                           no_pipelining.the_addsub                                                                          |       angle_CORDIC_c_addsub_v12_0_12_fabric_legacy__parameterized3_105 |         20 |         20 |       0 |    0 |    20 |      0 |      0 |            0 |
|                             i_lut6.i_lut6_addsub                                                                            |         angle_CORDIC_c_addsub_v12_0_12_lut6_legacy__parameterized3_106 |         20 |         20 |       0 |    0 |    20 |      0 |      0 |            0 |
|                               (i_lut6.i_lut6_addsub)                                                                        |         angle_CORDIC_c_addsub_v12_0_12_lut6_legacy__parameterized3_106 |         20 |         20 |       0 |    0 |     0 |      0 |      0 |            0 |
|                               i_q.i_simple.qreg                                                                             |                  angle_CORDIC_c_reg_fd_v12_0_5_viv__parameterized2_107 |          0 |          0 |       0 |    0 |    20 |      0 |      0 |            0 |
|                     y_plus_x_shift                                                                                          |                                 angle_CORDIC_addsub__parameterized3_99 |         21 |         21 |       0 |    0 |    20 |      0 |      0 |            0 |
|                       (y_plus_x_shift)                                                                                      |                                 angle_CORDIC_addsub__parameterized3_99 |          1 |          1 |       0 |    0 |     0 |      0 |      0 |            0 |
|                       inst                                                                                                  |                 angle_CORDIC_c_addsub_v12_0_12_viv__parameterized3__20 |         20 |         20 |       0 |    0 |    20 |      0 |      0 |            0 |
|                         i_baseblox.i_baseblox_addsub                                                                        |              angle_CORDIC_c_addsub_v12_0_12_legacy__parameterized3_100 |         20 |         20 |       0 |    0 |    20 |      0 |      0 |            0 |
|                           no_pipelining.the_addsub                                                                          |       angle_CORDIC_c_addsub_v12_0_12_fabric_legacy__parameterized3_101 |         20 |         20 |       0 |    0 |    20 |      0 |      0 |            0 |
|                             i_lut6.i_lut6_addsub                                                                            |         angle_CORDIC_c_addsub_v12_0_12_lut6_legacy__parameterized3_102 |         20 |         20 |       0 |    0 |    20 |      0 |      0 |            0 |
|                               (i_lut6.i_lut6_addsub)                                                                        |         angle_CORDIC_c_addsub_v12_0_12_lut6_legacy__parameterized3_102 |         20 |         20 |       0 |    0 |     0 |      0 |      0 |            0 |
|                               i_q.i_simple.qreg                                                                             |                  angle_CORDIC_c_reg_fd_v12_0_5_viv__parameterized2_103 |          0 |          0 |       0 |    0 |    20 |      0 |      0 |            0 |
|                   phase_slice                                                                                               |                               angle_CORDIC_cordic_pha_acc_slice_par_92 |         21 |         21 |       0 |    0 |    20 |      0 |      0 |            0 |
|                     phase_plus_atan                                                                                         |                                 angle_CORDIC_addsub__parameterized3_93 |         21 |         21 |       0 |    0 |    20 |      0 |      0 |            0 |
|                       (phase_plus_atan)                                                                                     |                                 angle_CORDIC_addsub__parameterized3_93 |          1 |          1 |       0 |    0 |     0 |      0 |      0 |            0 |
|                       inst                                                                                                  |                 angle_CORDIC_c_addsub_v12_0_12_viv__parameterized3__21 |         20 |         20 |       0 |    0 |    20 |      0 |      0 |            0 |
|                         i_baseblox.i_baseblox_addsub                                                                        |               angle_CORDIC_c_addsub_v12_0_12_legacy__parameterized3_94 |         20 |         20 |       0 |    0 |    20 |      0 |      0 |            0 |
|                           no_pipelining.the_addsub                                                                          |        angle_CORDIC_c_addsub_v12_0_12_fabric_legacy__parameterized3_95 |         20 |         20 |       0 |    0 |    20 |      0 |      0 |            0 |
|                             i_lut6.i_lut6_addsub                                                                            |          angle_CORDIC_c_addsub_v12_0_12_lut6_legacy__parameterized3_96 |         20 |         20 |       0 |    0 |    20 |      0 |      0 |            0 |
|                               (i_lut6.i_lut6_addsub)                                                                        |          angle_CORDIC_c_addsub_v12_0_12_lut6_legacy__parameterized3_96 |         20 |         20 |       0 |    0 |     0 |      0 |      0 |            0 |
|                               i_q.i_simple.qreg                                                                             |                   angle_CORDIC_c_reg_fd_v12_0_5_viv__parameterized2_97 |          0 |          0 |       0 |    0 |    20 |      0 |      0 |            0 |
|                 gen_para_arch.gen_iteration[6].eng                                                                          |                     angle_CORDIC_cordic_eng_slice_par__parameterized11 |         62 |         62 |       0 |    0 |    61 |      0 |      0 |            0 |
|                   cntrl                                                                                                     |                                  angle_CORDIC_cordic_ctrl_slice_par_73 |          0 |          0 |       0 |    0 |     1 |      0 |      0 |            0 |
|                     engine_mode_dly                                                                                         |                              angle_CORDIC_delay_bit__parameterized1_90 |          0 |          0 |       0 |    0 |     1 |      0 |      0 |            0 |
|                   data_slice                                                                                                |                 angle_CORDIC_cordic_dat_acc_slice_par__parameterized11 |         41 |         41 |       0 |    0 |    40 |      0 |      0 |            0 |
|                     x_plus_y_shift                                                                                          |                                 angle_CORDIC_addsub__parameterized3_80 |         20 |         20 |       0 |    0 |    20 |      0 |      0 |            0 |
|                       inst                                                                                                  |                 angle_CORDIC_c_addsub_v12_0_12_viv__parameterized3__22 |         20 |         20 |       0 |    0 |    20 |      0 |      0 |            0 |
|                         i_baseblox.i_baseblox_addsub                                                                        |               angle_CORDIC_c_addsub_v12_0_12_legacy__parameterized3_86 |         20 |         20 |       0 |    0 |    20 |      0 |      0 |            0 |
|                           no_pipelining.the_addsub                                                                          |        angle_CORDIC_c_addsub_v12_0_12_fabric_legacy__parameterized3_87 |         20 |         20 |       0 |    0 |    20 |      0 |      0 |            0 |
|                             i_lut6.i_lut6_addsub                                                                            |          angle_CORDIC_c_addsub_v12_0_12_lut6_legacy__parameterized3_88 |         20 |         20 |       0 |    0 |    20 |      0 |      0 |            0 |
|                               (i_lut6.i_lut6_addsub)                                                                        |          angle_CORDIC_c_addsub_v12_0_12_lut6_legacy__parameterized3_88 |         20 |         20 |       0 |    0 |     0 |      0 |      0 |            0 |
|                               i_q.i_simple.qreg                                                                             |                   angle_CORDIC_c_reg_fd_v12_0_5_viv__parameterized2_89 |          0 |          0 |       0 |    0 |    20 |      0 |      0 |            0 |
|                     y_plus_x_shift                                                                                          |                                 angle_CORDIC_addsub__parameterized3_81 |         21 |         21 |       0 |    0 |    20 |      0 |      0 |            0 |
|                       (y_plus_x_shift)                                                                                      |                                 angle_CORDIC_addsub__parameterized3_81 |          1 |          1 |       0 |    0 |     0 |      0 |      0 |            0 |
|                       inst                                                                                                  |                 angle_CORDIC_c_addsub_v12_0_12_viv__parameterized3__23 |         20 |         20 |       0 |    0 |    20 |      0 |      0 |            0 |
|                         i_baseblox.i_baseblox_addsub                                                                        |               angle_CORDIC_c_addsub_v12_0_12_legacy__parameterized3_82 |         20 |         20 |       0 |    0 |    20 |      0 |      0 |            0 |
|                           no_pipelining.the_addsub                                                                          |        angle_CORDIC_c_addsub_v12_0_12_fabric_legacy__parameterized3_83 |         20 |         20 |       0 |    0 |    20 |      0 |      0 |            0 |
|                             i_lut6.i_lut6_addsub                                                                            |          angle_CORDIC_c_addsub_v12_0_12_lut6_legacy__parameterized3_84 |         20 |         20 |       0 |    0 |    20 |      0 |      0 |            0 |
|                               (i_lut6.i_lut6_addsub)                                                                        |          angle_CORDIC_c_addsub_v12_0_12_lut6_legacy__parameterized3_84 |         20 |         20 |       0 |    0 |     0 |      0 |      0 |            0 |
|                               i_q.i_simple.qreg                                                                             |                   angle_CORDIC_c_reg_fd_v12_0_5_viv__parameterized2_85 |          0 |          0 |       0 |    0 |    20 |      0 |      0 |            0 |
|                   phase_slice                                                                                               |                               angle_CORDIC_cordic_pha_acc_slice_par_74 |         21 |         21 |       0 |    0 |    20 |      0 |      0 |            0 |
|                     phase_plus_atan                                                                                         |                                 angle_CORDIC_addsub__parameterized3_75 |         21 |         21 |       0 |    0 |    20 |      0 |      0 |            0 |
|                       (phase_plus_atan)                                                                                     |                                 angle_CORDIC_addsub__parameterized3_75 |          1 |          1 |       0 |    0 |     0 |      0 |      0 |            0 |
|                       inst                                                                                                  |                 angle_CORDIC_c_addsub_v12_0_12_viv__parameterized3__24 |         20 |         20 |       0 |    0 |    20 |      0 |      0 |            0 |
|                         i_baseblox.i_baseblox_addsub                                                                        |               angle_CORDIC_c_addsub_v12_0_12_legacy__parameterized3_76 |         20 |         20 |       0 |    0 |    20 |      0 |      0 |            0 |
|                           no_pipelining.the_addsub                                                                          |        angle_CORDIC_c_addsub_v12_0_12_fabric_legacy__parameterized3_77 |         20 |         20 |       0 |    0 |    20 |      0 |      0 |            0 |
|                             i_lut6.i_lut6_addsub                                                                            |          angle_CORDIC_c_addsub_v12_0_12_lut6_legacy__parameterized3_78 |         20 |         20 |       0 |    0 |    20 |      0 |      0 |            0 |
|                               (i_lut6.i_lut6_addsub)                                                                        |          angle_CORDIC_c_addsub_v12_0_12_lut6_legacy__parameterized3_78 |         20 |         20 |       0 |    0 |     0 |      0 |      0 |            0 |
|                               i_q.i_simple.qreg                                                                             |                   angle_CORDIC_c_reg_fd_v12_0_5_viv__parameterized2_79 |          0 |          0 |       0 |    0 |    20 |      0 |      0 |            0 |
|                 gen_para_arch.gen_iteration[7].eng                                                                          |                     angle_CORDIC_cordic_eng_slice_par__parameterized13 |         62 |         62 |       0 |    0 |    61 |      0 |      0 |            0 |
|                   cntrl                                                                                                     |                                  angle_CORDIC_cordic_ctrl_slice_par_55 |          0 |          0 |       0 |    0 |     1 |      0 |      0 |            0 |
|                     engine_mode_dly                                                                                         |                              angle_CORDIC_delay_bit__parameterized1_72 |          0 |          0 |       0 |    0 |     1 |      0 |      0 |            0 |
|                   data_slice                                                                                                |                 angle_CORDIC_cordic_dat_acc_slice_par__parameterized13 |         41 |         41 |       0 |    0 |    40 |      0 |      0 |            0 |
|                     x_plus_y_shift                                                                                          |                                 angle_CORDIC_addsub__parameterized3_62 |         20 |         20 |       0 |    0 |    20 |      0 |      0 |            0 |
|                       inst                                                                                                  |                 angle_CORDIC_c_addsub_v12_0_12_viv__parameterized3__25 |         20 |         20 |       0 |    0 |    20 |      0 |      0 |            0 |
|                         i_baseblox.i_baseblox_addsub                                                                        |               angle_CORDIC_c_addsub_v12_0_12_legacy__parameterized3_68 |         20 |         20 |       0 |    0 |    20 |      0 |      0 |            0 |
|                           no_pipelining.the_addsub                                                                          |        angle_CORDIC_c_addsub_v12_0_12_fabric_legacy__parameterized3_69 |         20 |         20 |       0 |    0 |    20 |      0 |      0 |            0 |
|                             i_lut6.i_lut6_addsub                                                                            |          angle_CORDIC_c_addsub_v12_0_12_lut6_legacy__parameterized3_70 |         20 |         20 |       0 |    0 |    20 |      0 |      0 |            0 |
|                               (i_lut6.i_lut6_addsub)                                                                        |          angle_CORDIC_c_addsub_v12_0_12_lut6_legacy__parameterized3_70 |         20 |         20 |       0 |    0 |     0 |      0 |      0 |            0 |
|                               i_q.i_simple.qreg                                                                             |                   angle_CORDIC_c_reg_fd_v12_0_5_viv__parameterized2_71 |          0 |          0 |       0 |    0 |    20 |      0 |      0 |            0 |
|                     y_plus_x_shift                                                                                          |                                 angle_CORDIC_addsub__parameterized3_63 |         21 |         21 |       0 |    0 |    20 |      0 |      0 |            0 |
|                       (y_plus_x_shift)                                                                                      |                                 angle_CORDIC_addsub__parameterized3_63 |          1 |          1 |       0 |    0 |     0 |      0 |      0 |            0 |
|                       inst                                                                                                  |                 angle_CORDIC_c_addsub_v12_0_12_viv__parameterized3__26 |         20 |         20 |       0 |    0 |    20 |      0 |      0 |            0 |
|                         i_baseblox.i_baseblox_addsub                                                                        |               angle_CORDIC_c_addsub_v12_0_12_legacy__parameterized3_64 |         20 |         20 |       0 |    0 |    20 |      0 |      0 |            0 |
|                           no_pipelining.the_addsub                                                                          |        angle_CORDIC_c_addsub_v12_0_12_fabric_legacy__parameterized3_65 |         20 |         20 |       0 |    0 |    20 |      0 |      0 |            0 |
|                             i_lut6.i_lut6_addsub                                                                            |          angle_CORDIC_c_addsub_v12_0_12_lut6_legacy__parameterized3_66 |         20 |         20 |       0 |    0 |    20 |      0 |      0 |            0 |
|                               (i_lut6.i_lut6_addsub)                                                                        |          angle_CORDIC_c_addsub_v12_0_12_lut6_legacy__parameterized3_66 |         20 |         20 |       0 |    0 |     0 |      0 |      0 |            0 |
|                               i_q.i_simple.qreg                                                                             |                   angle_CORDIC_c_reg_fd_v12_0_5_viv__parameterized2_67 |          0 |          0 |       0 |    0 |    20 |      0 |      0 |            0 |
|                   phase_slice                                                                                               |                               angle_CORDIC_cordic_pha_acc_slice_par_56 |         21 |         21 |       0 |    0 |    20 |      0 |      0 |            0 |
|                     phase_plus_atan                                                                                         |                                 angle_CORDIC_addsub__parameterized3_57 |         21 |         21 |       0 |    0 |    20 |      0 |      0 |            0 |
|                       (phase_plus_atan)                                                                                     |                                 angle_CORDIC_addsub__parameterized3_57 |          1 |          1 |       0 |    0 |     0 |      0 |      0 |            0 |
|                       inst                                                                                                  |                 angle_CORDIC_c_addsub_v12_0_12_viv__parameterized3__27 |         20 |         20 |       0 |    0 |    20 |      0 |      0 |            0 |
|                         i_baseblox.i_baseblox_addsub                                                                        |               angle_CORDIC_c_addsub_v12_0_12_legacy__parameterized3_58 |         20 |         20 |       0 |    0 |    20 |      0 |      0 |            0 |
|                           no_pipelining.the_addsub                                                                          |        angle_CORDIC_c_addsub_v12_0_12_fabric_legacy__parameterized3_59 |         20 |         20 |       0 |    0 |    20 |      0 |      0 |            0 |
|                             i_lut6.i_lut6_addsub                                                                            |          angle_CORDIC_c_addsub_v12_0_12_lut6_legacy__parameterized3_60 |         20 |         20 |       0 |    0 |    20 |      0 |      0 |            0 |
|                               (i_lut6.i_lut6_addsub)                                                                        |          angle_CORDIC_c_addsub_v12_0_12_lut6_legacy__parameterized3_60 |         20 |         20 |       0 |    0 |     0 |      0 |      0 |            0 |
|                               i_q.i_simple.qreg                                                                             |                   angle_CORDIC_c_reg_fd_v12_0_5_viv__parameterized2_61 |          0 |          0 |       0 |    0 |    20 |      0 |      0 |            0 |
|                 gen_para_arch.gen_iteration[8].eng                                                                          |                     angle_CORDIC_cordic_eng_slice_par__parameterized15 |         62 |         62 |       0 |    0 |    61 |      0 |      0 |            0 |
|                   cntrl                                                                                                     |                                  angle_CORDIC_cordic_ctrl_slice_par_37 |          0 |          0 |       0 |    0 |     1 |      0 |      0 |            0 |
|                     engine_mode_dly                                                                                         |                              angle_CORDIC_delay_bit__parameterized1_54 |          0 |          0 |       0 |    0 |     1 |      0 |      0 |            0 |
|                   data_slice                                                                                                |                 angle_CORDIC_cordic_dat_acc_slice_par__parameterized15 |         41 |         41 |       0 |    0 |    40 |      0 |      0 |            0 |
|                     x_plus_y_shift                                                                                          |                                 angle_CORDIC_addsub__parameterized3_44 |         20 |         20 |       0 |    0 |    20 |      0 |      0 |            0 |
|                       inst                                                                                                  |                 angle_CORDIC_c_addsub_v12_0_12_viv__parameterized3__28 |         20 |         20 |       0 |    0 |    20 |      0 |      0 |            0 |
|                         i_baseblox.i_baseblox_addsub                                                                        |               angle_CORDIC_c_addsub_v12_0_12_legacy__parameterized3_50 |         20 |         20 |       0 |    0 |    20 |      0 |      0 |            0 |
|                           no_pipelining.the_addsub                                                                          |        angle_CORDIC_c_addsub_v12_0_12_fabric_legacy__parameterized3_51 |         20 |         20 |       0 |    0 |    20 |      0 |      0 |            0 |
|                             i_lut6.i_lut6_addsub                                                                            |          angle_CORDIC_c_addsub_v12_0_12_lut6_legacy__parameterized3_52 |         20 |         20 |       0 |    0 |    20 |      0 |      0 |            0 |
|                               (i_lut6.i_lut6_addsub)                                                                        |          angle_CORDIC_c_addsub_v12_0_12_lut6_legacy__parameterized3_52 |         20 |         20 |       0 |    0 |     0 |      0 |      0 |            0 |
|                               i_q.i_simple.qreg                                                                             |                   angle_CORDIC_c_reg_fd_v12_0_5_viv__parameterized2_53 |          0 |          0 |       0 |    0 |    20 |      0 |      0 |            0 |
|                     y_plus_x_shift                                                                                          |                                 angle_CORDIC_addsub__parameterized3_45 |         21 |         21 |       0 |    0 |    20 |      0 |      0 |            0 |
|                       (y_plus_x_shift)                                                                                      |                                 angle_CORDIC_addsub__parameterized3_45 |          1 |          1 |       0 |    0 |     0 |      0 |      0 |            0 |
|                       inst                                                                                                  |                 angle_CORDIC_c_addsub_v12_0_12_viv__parameterized3__29 |         20 |         20 |       0 |    0 |    20 |      0 |      0 |            0 |
|                         i_baseblox.i_baseblox_addsub                                                                        |               angle_CORDIC_c_addsub_v12_0_12_legacy__parameterized3_46 |         20 |         20 |       0 |    0 |    20 |      0 |      0 |            0 |
|                           no_pipelining.the_addsub                                                                          |        angle_CORDIC_c_addsub_v12_0_12_fabric_legacy__parameterized3_47 |         20 |         20 |       0 |    0 |    20 |      0 |      0 |            0 |
|                             i_lut6.i_lut6_addsub                                                                            |          angle_CORDIC_c_addsub_v12_0_12_lut6_legacy__parameterized3_48 |         20 |         20 |       0 |    0 |    20 |      0 |      0 |            0 |
|                               (i_lut6.i_lut6_addsub)                                                                        |          angle_CORDIC_c_addsub_v12_0_12_lut6_legacy__parameterized3_48 |         20 |         20 |       0 |    0 |     0 |      0 |      0 |            0 |
|                               i_q.i_simple.qreg                                                                             |                   angle_CORDIC_c_reg_fd_v12_0_5_viv__parameterized2_49 |          0 |          0 |       0 |    0 |    20 |      0 |      0 |            0 |
|                   phase_slice                                                                                               |                               angle_CORDIC_cordic_pha_acc_slice_par_38 |         21 |         21 |       0 |    0 |    20 |      0 |      0 |            0 |
|                     phase_plus_atan                                                                                         |                                 angle_CORDIC_addsub__parameterized3_39 |         21 |         21 |       0 |    0 |    20 |      0 |      0 |            0 |
|                       (phase_plus_atan)                                                                                     |                                 angle_CORDIC_addsub__parameterized3_39 |          1 |          1 |       0 |    0 |     0 |      0 |      0 |            0 |
|                       inst                                                                                                  |                 angle_CORDIC_c_addsub_v12_0_12_viv__parameterized3__30 |         20 |         20 |       0 |    0 |    20 |      0 |      0 |            0 |
|                         i_baseblox.i_baseblox_addsub                                                                        |               angle_CORDIC_c_addsub_v12_0_12_legacy__parameterized3_40 |         20 |         20 |       0 |    0 |    20 |      0 |      0 |            0 |
|                           no_pipelining.the_addsub                                                                          |        angle_CORDIC_c_addsub_v12_0_12_fabric_legacy__parameterized3_41 |         20 |         20 |       0 |    0 |    20 |      0 |      0 |            0 |
|                             i_lut6.i_lut6_addsub                                                                            |          angle_CORDIC_c_addsub_v12_0_12_lut6_legacy__parameterized3_42 |         20 |         20 |       0 |    0 |    20 |      0 |      0 |            0 |
|                               (i_lut6.i_lut6_addsub)                                                                        |          angle_CORDIC_c_addsub_v12_0_12_lut6_legacy__parameterized3_42 |         20 |         20 |       0 |    0 |     0 |      0 |      0 |            0 |
|                               i_q.i_simple.qreg                                                                             |                   angle_CORDIC_c_reg_fd_v12_0_5_viv__parameterized2_43 |          0 |          0 |       0 |    0 |    20 |      0 |      0 |            0 |
|                 gen_para_arch.gen_iteration[9].eng                                                                          |                     angle_CORDIC_cordic_eng_slice_par__parameterized17 |         62 |         62 |       0 |    0 |    61 |      0 |      0 |            0 |
|                   cntrl                                                                                                     |                                     angle_CORDIC_cordic_ctrl_slice_par |          0 |          0 |       0 |    0 |     1 |      0 |      0 |            0 |
|                     engine_mode_dly                                                                                         |                              angle_CORDIC_delay_bit__parameterized1_36 |          0 |          0 |       0 |    0 |     1 |      0 |      0 |            0 |
|                   data_slice                                                                                                |                 angle_CORDIC_cordic_dat_acc_slice_par__parameterized17 |         41 |         41 |       0 |    0 |    40 |      0 |      0 |            0 |
|                     x_plus_y_shift                                                                                          |                                 angle_CORDIC_addsub__parameterized3_26 |         20 |         20 |       0 |    0 |    20 |      0 |      0 |            0 |
|                       inst                                                                                                  |                 angle_CORDIC_c_addsub_v12_0_12_viv__parameterized3__31 |         20 |         20 |       0 |    0 |    20 |      0 |      0 |            0 |
|                         i_baseblox.i_baseblox_addsub                                                                        |               angle_CORDIC_c_addsub_v12_0_12_legacy__parameterized3_32 |         20 |         20 |       0 |    0 |    20 |      0 |      0 |            0 |
|                           no_pipelining.the_addsub                                                                          |        angle_CORDIC_c_addsub_v12_0_12_fabric_legacy__parameterized3_33 |         20 |         20 |       0 |    0 |    20 |      0 |      0 |            0 |
|                             i_lut6.i_lut6_addsub                                                                            |          angle_CORDIC_c_addsub_v12_0_12_lut6_legacy__parameterized3_34 |         20 |         20 |       0 |    0 |    20 |      0 |      0 |            0 |
|                               (i_lut6.i_lut6_addsub)                                                                        |          angle_CORDIC_c_addsub_v12_0_12_lut6_legacy__parameterized3_34 |         20 |         20 |       0 |    0 |     0 |      0 |      0 |            0 |
|                               i_q.i_simple.qreg                                                                             |                   angle_CORDIC_c_reg_fd_v12_0_5_viv__parameterized2_35 |          0 |          0 |       0 |    0 |    20 |      0 |      0 |            0 |
|                     y_plus_x_shift                                                                                          |                                 angle_CORDIC_addsub__parameterized3_27 |         21 |         21 |       0 |    0 |    20 |      0 |      0 |            0 |
|                       (y_plus_x_shift)                                                                                      |                                 angle_CORDIC_addsub__parameterized3_27 |          1 |          1 |       0 |    0 |     0 |      0 |      0 |            0 |
|                       inst                                                                                                  |                 angle_CORDIC_c_addsub_v12_0_12_viv__parameterized3__32 |         20 |         20 |       0 |    0 |    20 |      0 |      0 |            0 |
|                         i_baseblox.i_baseblox_addsub                                                                        |               angle_CORDIC_c_addsub_v12_0_12_legacy__parameterized3_28 |         20 |         20 |       0 |    0 |    20 |      0 |      0 |            0 |
|                           no_pipelining.the_addsub                                                                          |        angle_CORDIC_c_addsub_v12_0_12_fabric_legacy__parameterized3_29 |         20 |         20 |       0 |    0 |    20 |      0 |      0 |            0 |
|                             i_lut6.i_lut6_addsub                                                                            |          angle_CORDIC_c_addsub_v12_0_12_lut6_legacy__parameterized3_30 |         20 |         20 |       0 |    0 |    20 |      0 |      0 |            0 |
|                               (i_lut6.i_lut6_addsub)                                                                        |          angle_CORDIC_c_addsub_v12_0_12_lut6_legacy__parameterized3_30 |         20 |         20 |       0 |    0 |     0 |      0 |      0 |            0 |
|                               i_q.i_simple.qreg                                                                             |                   angle_CORDIC_c_reg_fd_v12_0_5_viv__parameterized2_31 |          0 |          0 |       0 |    0 |    20 |      0 |      0 |            0 |
|                   phase_slice                                                                                               |                                  angle_CORDIC_cordic_pha_acc_slice_par |         21 |         21 |       0 |    0 |    20 |      0 |      0 |            0 |
|                     phase_plus_atan                                                                                         |                                 angle_CORDIC_addsub__parameterized3_21 |         21 |         21 |       0 |    0 |    20 |      0 |      0 |            0 |
|                       (phase_plus_atan)                                                                                     |                                 angle_CORDIC_addsub__parameterized3_21 |          1 |          1 |       0 |    0 |     0 |      0 |      0 |            0 |
|                       inst                                                                                                  |                 angle_CORDIC_c_addsub_v12_0_12_viv__parameterized3__33 |         20 |         20 |       0 |    0 |    20 |      0 |      0 |            0 |
|                         i_baseblox.i_baseblox_addsub                                                                        |               angle_CORDIC_c_addsub_v12_0_12_legacy__parameterized3_22 |         20 |         20 |       0 |    0 |    20 |      0 |      0 |            0 |
|                           no_pipelining.the_addsub                                                                          |        angle_CORDIC_c_addsub_v12_0_12_fabric_legacy__parameterized3_23 |         20 |         20 |       0 |    0 |    20 |      0 |      0 |            0 |
|                             i_lut6.i_lut6_addsub                                                                            |          angle_CORDIC_c_addsub_v12_0_12_lut6_legacy__parameterized3_24 |         20 |         20 |       0 |    0 |    20 |      0 |      0 |            0 |
|                               (i_lut6.i_lut6_addsub)                                                                        |          angle_CORDIC_c_addsub_v12_0_12_lut6_legacy__parameterized3_24 |         20 |         20 |       0 |    0 |     0 |      0 |      0 |            0 |
|                               i_q.i_simple.qreg                                                                             |                   angle_CORDIC_c_reg_fd_v12_0_5_viv__parameterized2_25 |          0 |          0 |       0 |    0 |    20 |      0 |      0 |            0 |
|               gen_cordic.input_stage                                                                                        |                                         angle_CORDIC_cordic_inp_config |         86 |         85 |       0 |    1 |    72 |      0 |      0 |            0 |
|                 (gen_cordic.input_stage)                                                                                    |                                         angle_CORDIC_cordic_inp_config |         18 |         18 |       0 |    0 |     0 |      0 |      0 |            0 |
|                 gen_rotation.gen_rot_control.gen_nd_cr                                                                      |                                               angle_CORDIC_delay_bit_7 |          1 |          0 |       0 |    1 |     0 |      0 |      0 |            0 |
|                 gen_rotation.gen_rot_xy.gen_data_x_int_dly                                                                  |                                                   angle_CORDIC_delay_8 |          0 |          0 |       0 |    0 |    16 |      0 |      0 |            0 |
|                 gen_rotation.gen_rot_xy.gen_data_y_int_dly                                                                  |                                                   angle_CORDIC_delay_9 |          0 |          0 |       0 |    0 |    16 |      0 |      0 |            0 |
|                 gen_rotation.gen_rot_xy.gen_neg_data_x_swap                                                                 |                                 angle_CORDIC_addsub__parameterized3_10 |         16 |         16 |       0 |    0 |    19 |      0 |      0 |            0 |
|                   inst                                                                                                      |                  angle_CORDIC_c_addsub_v12_0_12_viv__parameterized3__1 |         16 |         16 |       0 |    0 |    19 |      0 |      0 |            0 |
|                     i_baseblox.i_baseblox_addsub                                                                            |               angle_CORDIC_c_addsub_v12_0_12_legacy__parameterized3_17 |         16 |         16 |       0 |    0 |    19 |      0 |      0 |            0 |
|                       no_pipelining.the_addsub                                                                              |        angle_CORDIC_c_addsub_v12_0_12_fabric_legacy__parameterized3_18 |         16 |         16 |       0 |    0 |    19 |      0 |      0 |            0 |
|                         i_lut6.i_lut6_addsub                                                                                |          angle_CORDIC_c_addsub_v12_0_12_lut6_legacy__parameterized3_19 |         16 |         16 |       0 |    0 |    19 |      0 |      0 |            0 |
|                           (i_lut6.i_lut6_addsub)                                                                            |          angle_CORDIC_c_addsub_v12_0_12_lut6_legacy__parameterized3_19 |         16 |         16 |       0 |    0 |     0 |      0 |      0 |            0 |
|                           i_q.i_simple.qreg                                                                                 |                   angle_CORDIC_c_reg_fd_v12_0_5_viv__parameterized2_20 |          0 |          0 |       0 |    0 |    19 |      0 |      0 |            0 |
|                 gen_rotation.gen_rot_xy.gen_neg_data_y_swap                                                                 |                                 angle_CORDIC_addsub__parameterized3_11 |         17 |         17 |       0 |    0 |    19 |      0 |      0 |            0 |
|                   (gen_rotation.gen_rot_xy.gen_neg_data_y_swap)                                                             |                                 angle_CORDIC_addsub__parameterized3_11 |          1 |          1 |       0 |    0 |     0 |      0 |      0 |            0 |
|                   inst                                                                                                      |                  angle_CORDIC_c_addsub_v12_0_12_viv__parameterized3__2 |         16 |         16 |       0 |    0 |    19 |      0 |      0 |            0 |
|                     i_baseblox.i_baseblox_addsub                                                                            |               angle_CORDIC_c_addsub_v12_0_12_legacy__parameterized3_13 |         16 |         16 |       0 |    0 |    19 |      0 |      0 |            0 |
|                       no_pipelining.the_addsub                                                                              |        angle_CORDIC_c_addsub_v12_0_12_fabric_legacy__parameterized3_14 |         16 |         16 |       0 |    0 |    19 |      0 |      0 |            0 |
|                         i_lut6.i_lut6_addsub                                                                                |          angle_CORDIC_c_addsub_v12_0_12_lut6_legacy__parameterized3_15 |         16 |         16 |       0 |    0 |    19 |      0 |      0 |            0 |
|                           (i_lut6.i_lut6_addsub)                                                                            |          angle_CORDIC_c_addsub_v12_0_12_lut6_legacy__parameterized3_15 |         16 |         16 |       0 |    0 |     0 |      0 |      0 |            0 |
|                           i_q.i_simple.qreg                                                                                 |                   angle_CORDIC_c_reg_fd_v12_0_5_viv__parameterized2_16 |          0 |          0 |       0 |    0 |    19 |      0 |      0 |            0 |
|                 gen_rotation.gen_rot_xy.gen_x_min_y                                                                         |                                                    angle_CORDIC_addsub |         17 |         17 |       0 |    0 |     1 |      0 |      0 |            0 |
|                   inst                                                                                                      |                                     angle_CORDIC_c_addsub_v12_0_12_viv |         17 |         17 |       0 |    0 |     1 |      0 |      0 |            0 |
|                     i_baseblox.i_baseblox_addsub                                                                            |                                  angle_CORDIC_c_addsub_v12_0_12_legacy |         17 |         17 |       0 |    0 |     1 |      0 |      0 |            0 |
|                       no_pipelining.the_addsub                                                                              |                           angle_CORDIC_c_addsub_v12_0_12_fabric_legacy |         17 |         17 |       0 |    0 |     1 |      0 |      0 |            0 |
|                         i_lut6.i_lut6_addsub                                                                                |                             angle_CORDIC_c_addsub_v12_0_12_lut6_legacy |         17 |         17 |       0 |    0 |     1 |      0 |      0 |            0 |
|                           (i_lut6.i_lut6_addsub)                                                                            |                             angle_CORDIC_c_addsub_v12_0_12_lut6_legacy |         17 |         17 |       0 |    0 |     0 |      0 |      0 |            0 |
|                           i_q.i_simple.qreg                                                                                 |                                   angle_CORDIC_c_reg_fd_v12_0_5_viv_12 |          0 |          0 |       0 |    0 |     1 |      0 |      0 |            0 |
|                 gen_rotation.gen_rot_xy.gen_x_plus_y                                                                        |                                    angle_CORDIC_addsub__parameterized1 |         17 |         17 |       0 |    0 |     1 |      0 |      0 |            0 |
|                   inst                                                                                                      |                     angle_CORDIC_c_addsub_v12_0_12_viv__parameterized1 |         17 |         17 |       0 |    0 |     1 |      0 |      0 |            0 |
|                     i_baseblox.i_baseblox_addsub                                                                            |                  angle_CORDIC_c_addsub_v12_0_12_legacy__parameterized1 |         17 |         17 |       0 |    0 |     1 |      0 |      0 |            0 |
|                       no_pipelining.the_addsub                                                                              |           angle_CORDIC_c_addsub_v12_0_12_fabric_legacy__parameterized1 |         17 |         17 |       0 |    0 |     1 |      0 |      0 |            0 |
|                         i_lut6.i_lut6_addsub                                                                                |             angle_CORDIC_c_addsub_v12_0_12_lut6_legacy__parameterized1 |         17 |         17 |       0 |    0 |     1 |      0 |      0 |            0 |
|                           (i_lut6.i_lut6_addsub)                                                                            |             angle_CORDIC_c_addsub_v12_0_12_lut6_legacy__parameterized1 |         17 |         17 |       0 |    0 |     0 |      0 |      0 |            0 |
|                           i_q.i_simple.qreg                                                                                 |                                      angle_CORDIC_c_reg_fd_v12_0_5_viv |          0 |          0 |       0 |    0 |     1 |      0 |      0 |            0 |
|               gen_cordic.output_stage                                                                                       |                                         angle_CORDIC_cordic_out_config |         42 |         30 |       0 |   12 |    94 |      0 |      0 |            0 |
|                 (gen_cordic.output_stage)                                                                                   |                                         angle_CORDIC_cordic_out_config |          1 |          1 |       0 |    0 |     0 |      0 |      0 |            0 |
|                 gen_phase_out.round                                                                                         |                                              angle_CORDIC_cordic_round |          3 |          3 |       0 |    0 |    14 |      0 |      0 |            0 |
|                   gen_nearest_even.adder                                                                                    |                                  angle_CORDIC_addsub__parameterized5_2 |          3 |          3 |       0 |    0 |    14 |      0 |      0 |            0 |
|                     inst                                                                                                    |                     angle_CORDIC_c_addsub_v12_0_12_viv__parameterized5 |          3 |          3 |       0 |    0 |    14 |      0 |      0 |            0 |
|                       i_baseblox.i_baseblox_addsub                                                                          |                angle_CORDIC_c_addsub_v12_0_12_legacy__parameterized5_3 |          3 |          3 |       0 |    0 |    14 |      0 |      0 |            0 |
|                         no_pipelining.the_addsub                                                                            |         angle_CORDIC_c_addsub_v12_0_12_fabric_legacy__parameterized5_4 |          3 |          3 |       0 |    0 |    14 |      0 |      0 |            0 |
|                           i_lut6.i_lut6_addsub                                                                              |           angle_CORDIC_c_addsub_v12_0_12_lut6_legacy__parameterized5_5 |          3 |          3 |       0 |    0 |    14 |      0 |      0 |            0 |
|                             (i_lut6.i_lut6_addsub)                                                                          |           angle_CORDIC_c_addsub_v12_0_12_lut6_legacy__parameterized5_5 |          3 |          3 |       0 |    0 |     0 |      0 |      0 |            0 |
|                             i_q.i_simple.qreg                                                                               |                    angle_CORDIC_c_reg_fd_v12_0_5_viv__parameterized4_6 |          0 |          0 |       0 |    0 |    14 |      0 |      0 |            0 |
|                 gen_rotation.gen_rdy_cr                                                                                     |                                                 angle_CORDIC_delay_bit |          0 |          0 |       0 |    0 |     1 |      0 |      0 |            0 |
|                 gen_rotation.gen_translate.gen_phase_addsub_reg                                                             |                                 angle_CORDIC_delay_bit__parameterized1 |          0 |          0 |       0 |    0 |     1 |      0 |      0 |            0 |
|                 gen_rotation.gen_translate.gen_phase_cr                                                                     |                                    angle_CORDIC_addsub__parameterized3 |         22 |         22 |       0 |    0 |    20 |      0 |      0 |            0 |
|                   (gen_rotation.gen_translate.gen_phase_cr)                                                                 |                                    angle_CORDIC_addsub__parameterized3 |          1 |          1 |       0 |    0 |     0 |      0 |      0 |            0 |
|                   inst                                                                                                      |                     angle_CORDIC_c_addsub_v12_0_12_viv__parameterized3 |         21 |         21 |       0 |    0 |    20 |      0 |      0 |            0 |
|                     i_baseblox.i_baseblox_addsub                                                                            |                  angle_CORDIC_c_addsub_v12_0_12_legacy__parameterized3 |         21 |         21 |       0 |    0 |    20 |      0 |      0 |            0 |
|                       no_pipelining.the_addsub                                                                              |           angle_CORDIC_c_addsub_v12_0_12_fabric_legacy__parameterized3 |         21 |         21 |       0 |    0 |    20 |      0 |      0 |            0 |
|                         i_lut6.i_lut6_addsub                                                                                |             angle_CORDIC_c_addsub_v12_0_12_lut6_legacy__parameterized3 |         21 |         21 |       0 |    0 |    20 |      0 |      0 |            0 |
|                           (i_lut6.i_lut6_addsub)                                                                            |             angle_CORDIC_c_addsub_v12_0_12_lut6_legacy__parameterized3 |         21 |         21 |       0 |    0 |     0 |      0 |      0 |            0 |
|                           i_q.i_simple.qreg                                                                                 |                      angle_CORDIC_c_reg_fd_v12_0_5_viv__parameterized2 |          0 |          0 |       0 |    0 |    20 |      0 |      0 |            0 |
|                 gen_rotation.gen_translate.gen_phase_in_reg                                                                 |                                                     angle_CORDIC_delay |          0 |          0 |       0 |    0 |    20 |      0 |      0 |            0 |
|                 gen_rotation.gen_translate.gen_phase_rot_reg                                                                |                                                   angle_CORDIC_delay_0 |          0 |          0 |       0 |    0 |     2 |      0 |      0 |            0 |
|                 gen_rotation.gen_translate.gen_x_out.gen_data_x_cr                                                          |                                     angle_CORDIC_delay__parameterized6 |         13 |          1 |       0 |   12 |    20 |      0 |      0 |            0 |
|                 gen_x_out.round                                                                                             |                                            angle_CORDIC_cordic_round_1 |          3 |          3 |       0 |    0 |    16 |      0 |      0 |            0 |
|                   gen_nearest_even.adder                                                                                    |                                    angle_CORDIC_addsub__parameterized5 |          3 |          3 |       0 |    0 |    16 |      0 |      0 |            0 |
|                     inst                                                                                                    |                  angle_CORDIC_c_addsub_v12_0_12_viv__parameterized5__1 |          3 |          3 |       0 |    0 |    16 |      0 |      0 |            0 |
|                       i_baseblox.i_baseblox_addsub                                                                          |                  angle_CORDIC_c_addsub_v12_0_12_legacy__parameterized5 |          3 |          3 |       0 |    0 |    16 |      0 |      0 |            0 |
|                         no_pipelining.the_addsub                                                                            |           angle_CORDIC_c_addsub_v12_0_12_fabric_legacy__parameterized5 |          3 |          3 |       0 |    0 |    16 |      0 |      0 |            0 |
|                           i_lut6.i_lut6_addsub                                                                              |             angle_CORDIC_c_addsub_v12_0_12_lut6_legacy__parameterized5 |          3 |          3 |       0 |    0 |    16 |      0 |      0 |            0 |
|                             (i_lut6.i_lut6_addsub)                                                                          |             angle_CORDIC_c_addsub_v12_0_12_lut6_legacy__parameterized5 |          3 |          3 |       0 |    0 |     0 |      0 |      0 |            0 |
|                             i_q.i_simple.qreg                                                                               |                      angle_CORDIC_c_reg_fd_v12_0_5_viv__parameterized4 |          0 |          0 |       0 |    0 |    16 |      0 |      0 |            0 |
|       LO_DDS_inst                                                                                                           |                                                               LO_DDS_H |         61 |         59 |       0 |    2 |   144 |      7 |      1 |            1 |
|         U0                                                                                                                  |                                          LO_DDS_H_dds_compiler_v6_0_17 |         61 |         59 |       0 |    2 |   144 |      7 |      1 |            1 |
|           i_synth                                                                                                           |                                      LO_DDS_H_dds_compiler_v6_0_17_viv |         61 |         59 |       0 |    2 |   144 |      7 |      1 |            1 |
|             i_dds                                                                                                           |                                     LO_DDS_H_dds_compiler_v6_0_17_core |         61 |         59 |       0 |    2 |   144 |      7 |      1 |            1 |
|               I_PHASEGEN.i_conventional_accum.i_accum                                                                       |                                                         LO_DDS_H_accum |          0 |          0 |       0 |    0 |     0 |      0 |      0 |            1 |
|                 i_dsp48.i_struct.i_single_channel.I_DSP                                                                     |                                                    LO_DDS_H_dsp48_wrap |          0 |          0 |       0 |    0 |     0 |      0 |      0 |            1 |
|               I_PHASEGEN.i_conventional_accum.i_phase_final_speedup                                                         |                          LO_DDS_H_xbip_pipe_v3_0_5_viv__parameterized4 |         14 |         14 |       0 |    0 |    16 |      0 |      0 |            0 |
|               I_SINCOS.i_std_rom.i_rom                                                                                      |                                                       LO_DDS_H_sin_cos |         47 |         45 |       0 |    2 |   128 |      7 |      1 |            0 |
|                 (I_SINCOS.i_std_rom.i_rom)                                                                                  |                                                       LO_DDS_H_sin_cos |         19 |         19 |       0 |    0 |    28 |      7 |      1 |            0 |
|                 i_rtl.i_quarter_table.i_addr_reg_c                                                                          |                          LO_DDS_H_xbip_pipe_v3_0_5_viv__parameterized8 |         10 |          8 |       0 |    2 |     4 |      0 |      0 |            0 |
|                 i_rtl.i_quarter_table.i_piped_map.i_cardinal_cos_ls                                                         |                         LO_DDS_H_xbip_pipe_v3_0_5_viv__parameterized12 |          0 |          0 |       0 |    0 |     8 |      0 |      0 |            0 |
|                 i_rtl.i_quarter_table.i_piped_map.i_cardinal_cos_ms                                                         |                       LO_DDS_H_xbip_pipe_v3_0_5_viv__parameterized12_1 |          0 |          0 |       0 |    0 |     8 |      0 |      0 |            0 |
|                 i_rtl.i_quarter_table.i_piped_map.i_cardinal_sin_ls                                                         |                       LO_DDS_H_xbip_pipe_v3_0_5_viv__parameterized12_2 |          0 |          0 |       0 |    0 |     8 |      0 |      0 |            0 |
|                 i_rtl.i_quarter_table.i_piped_map.i_cardinal_sin_ms                                                         |                       LO_DDS_H_xbip_pipe_v3_0_5_viv__parameterized12_3 |          0 |          0 |       0 |    0 |     8 |      0 |      0 |            0 |
|                 i_rtl.i_quarter_table.i_piped_map.i_original_cos_ls                                                         |                         LO_DDS_H_xbip_pipe_v3_0_5_viv__parameterized14 |          0 |          0 |       0 |    0 |     9 |      0 |      0 |            0 |
|                 i_rtl.i_quarter_table.i_piped_map.i_original_cos_ms                                                         |                       LO_DDS_H_xbip_pipe_v3_0_5_viv__parameterized12_4 |          0 |          0 |       0 |    0 |     8 |      0 |      0 |            0 |
|                 i_rtl.i_quarter_table.i_piped_map.i_original_sin_ls                                                         |                       LO_DDS_H_xbip_pipe_v3_0_5_viv__parameterized14_5 |          0 |          0 |       0 |    0 |     9 |      0 |      0 |            0 |
|                 i_rtl.i_quarter_table.i_piped_map.i_original_sin_ms                                                         |                       LO_DDS_H_xbip_pipe_v3_0_5_viv__parameterized12_6 |          0 |          0 |       0 |    0 |     8 |      0 |      0 |            0 |
|                 i_rtl.i_quarter_table.i_rom_reg_a                                                                           |                         LO_DDS_H_xbip_pipe_v3_0_5_viv__parameterized10 |          9 |          9 |       0 |    0 |    15 |      0 |      0 |            0 |
|                 i_rtl.i_quarter_table.i_rom_reg_b                                                                           |                       LO_DDS_H_xbip_pipe_v3_0_5_viv__parameterized10_7 |          9 |          9 |       0 |    0 |    15 |      0 |      0 |            0 |
|       ddc_frontend_lowpass_filter_inst_I                                                                                    |                               ddc_frontend_lowpass_filter_H__xdcDup__1 |        121 |         92 |       0 |   29 |   645 |      0 |      0 |            5 |
|         N_times_clk_FIR_wrapper_H_inst                                                                                      |                                   N_times_clk_FIR_wrapper_H__xdcDup__1 |        105 |         76 |       0 |   29 |   613 |      0 |      0 |            5 |
|           (N_times_clk_FIR_wrapper_H_inst)                                                                                  |                                   N_times_clk_FIR_wrapper_H__xdcDup__1 |          2 |          2 |       0 |    0 |    84 |      0 |      0 |            0 |
|           fir_compiler_minimumphase_N_times_clk_inst                                                                        |                                      fir_compiler_minimumphase_H_HD421 |        103 |         74 |       0 |   29 |   529 |      0 |      0 |            5 |
|             U0                                                                                                              |                 fir_compiler_minimumphase_H_fir_compiler_v7_2_11_HD422 |        103 |         74 |       0 |   29 |   529 |      0 |      0 |            5 |
|               i_synth                                                                                                       |             fir_compiler_minimumphase_H_fir_compiler_v7_2_11_viv_HD423 |        103 |         74 |       0 |   29 |   529 |      0 |      0 |            5 |
|                 g_single_rate.i_single_rate                                                                                 |                          fir_compiler_minimumphase_H_single_rate_HD424 |        103 |         74 |       0 |   29 |   529 |      0 |      0 |            5 |
|                   (g_single_rate.i_single_rate)                                                                             |                          fir_compiler_minimumphase_H_single_rate_HD424 |          4 |          3 |       0 |    1 |    47 |      0 |      0 |            0 |
|                   g_semi_parallel_and_smac.g_cntrl_signals[6].i_delay                                                       |                fir_compiler_minimumphase_H_delay__parameterized6_HD425 |          0 |          0 |       0 |    0 |     1 |      0 |      0 |            0 |
|                   g_semi_parallel_and_smac.g_cntrl_signals[7].i_delay                                                       |                fir_compiler_minimumphase_H_delay__parameterized5_HD426 |          0 |          0 |       0 |    0 |     1 |      0 |      0 |            0 |
|                   g_semi_parallel_and_smac.g_cntrl_signals[8].i_delay                                                       |              fir_compiler_minimumphase_H_delay__parameterized5_0_HD427 |          0 |          0 |       0 |    0 |     1 |      0 |      0 |            0 |
|                   g_semi_parallel_and_smac.g_paths[0].g_data_array.g_madd[0].g_sym_data.g_sym_data_casc.i_data_sym_casc_dly |                 fir_compiler_minimumphase_H_buff__parameterized0_HD428 |          8 |          0 |       0 |    8 |    16 |      0 |      0 |            0 |
|                     g_buff.i_buff                                                                                           |             fir_compiler_minimumphase_H_delay__parameterized8_10_HD429 |          8 |          0 |       0 |    8 |    16 |      0 |      0 |            0 |
|                   g_semi_parallel_and_smac.g_paths[0].g_data_array.g_madd[1].g_sym_data.g_sym_data_casc.i_data_sym_casc_dly |               fir_compiler_minimumphase_H_buff__parameterized0_1_HD430 |          8 |          0 |       0 |    8 |    16 |      0 |      0 |            0 |
|                     g_buff.i_buff                                                                                           |              fir_compiler_minimumphase_H_delay__parameterized8_9_HD431 |          8 |          0 |       0 |    8 |    16 |      0 |      0 |            0 |
|                   g_semi_parallel_and_smac.g_paths[0].g_data_array.g_madd[2].g_sym_data.g_sym_data_casc.i_data_sym_casc_dly |               fir_compiler_minimumphase_H_buff__parameterized0_2_HD432 |          8 |          0 |       0 |    8 |    16 |      0 |      0 |            0 |
|                     g_buff.i_buff                                                                                           |                fir_compiler_minimumphase_H_delay__parameterized8_HD433 |          8 |          0 |       0 |    8 |    16 |      0 |      0 |            0 |
|                   g_semi_parallel_and_smac.g_paths[0].g_data_array.g_madd[3].g_wrap_buff.i_data_wrap_buff                   |                 fir_compiler_minimumphase_H_buff__parameterized1_HD434 |          0 |          0 |       0 |    0 |    16 |      0 |      0 |            0 |
|                     g_buff.i_buff                                                                                           |                fir_compiler_minimumphase_H_delay__parameterized9_HD435 |          0 |          0 |       0 |    0 |    16 |      0 |      0 |            0 |
|                   g_semi_parallel_and_smac.g_paths[0].g_madd_array_and_accum.g_accum.i_accum                                |                            fir_compiler_minimumphase_H_add_accum_HD436 |          1 |          1 |       0 |    0 |     0 |      0 |      0 |            1 |
|                     i_add_accum                                                                                             |                 fir_compiler_minimumphase_H_calc__parameterized0_HD437 |          1 |          1 |       0 |    0 |     0 |      0 |      0 |            1 |
|                   g_semi_parallel_and_smac.g_paths[0].g_madd_array_and_accum.g_madd[0].i_madd                               |                      fir_compiler_minimumphase_H_addsub_mult_add_HD438 |          0 |          0 |       0 |    0 |     0 |      0 |      0 |            1 |
|                     i_addsub_mult_add                                                                                       |                               fir_compiler_minimumphase_H_calc_8_HD439 |          0 |          0 |       0 |    0 |     0 |      0 |      0 |            1 |
|                   g_semi_parallel_and_smac.g_paths[0].g_madd_array_and_accum.g_madd[1].i_madd                               |      fir_compiler_minimumphase_H_addsub_mult_add__parameterized0_HD440 |          0 |          0 |       0 |    0 |     0 |      0 |      0 |            1 |
|                     i_addsub_mult_add                                                                                       |                               fir_compiler_minimumphase_H_calc_7_HD441 |          0 |          0 |       0 |    0 |     0 |      0 |      0 |            1 |
|                   g_semi_parallel_and_smac.g_paths[0].g_madd_array_and_accum.g_madd[2].i_madd                               |    fir_compiler_minimumphase_H_addsub_mult_add__parameterized0_3_HD442 |          0 |          0 |       0 |    0 |     0 |      0 |      0 |            1 |
|                     i_addsub_mult_add                                                                                       |                               fir_compiler_minimumphase_H_calc_6_HD443 |          0 |          0 |       0 |    0 |     0 |      0 |      0 |            1 |
|                   g_semi_parallel_and_smac.g_paths[0].g_madd_array_and_accum.g_madd[3].i_madd                               |    fir_compiler_minimumphase_H_addsub_mult_add__parameterized0_4_HD444 |          0 |          0 |       0 |    0 |     0 |      0 |      0 |            1 |
|                     i_addsub_mult_add                                                                                       |                                 fir_compiler_minimumphase_H_calc_HD445 |          0 |          0 |       0 |    0 |     0 |      0 |      0 |            1 |
|                   g_semi_parallel_and_smac.g_paths[0].g_mem_array[0].i_mem                                                  |                             fir_compiler_minimumphase_H_filt_mem_HD446 |         16 |         16 |       0 |    0 |    96 |      0 |      0 |            0 |
|                     g_individual.g_mem_b.i_mem_b                                                                            |                            fir_compiler_minimumphase_H_sp_mem__2_HD447 |          8 |          8 |       0 |    0 |    48 |      0 |      0 |            0 |
|                     g_individual.i_mem_a                                                                                    |                            fir_compiler_minimumphase_H_sp_mem__1_HD448 |          8 |          8 |       0 |    0 |    48 |      0 |      0 |            0 |
|                   g_semi_parallel_and_smac.g_paths[0].g_mem_array[1].i_mem                                                  |             fir_compiler_minimumphase_H_filt_mem__parameterized0_HD449 |         16 |         16 |       0 |    0 |    96 |      0 |      0 |            0 |
|                     g_individual.g_mem_b.i_mem_b                                                                            |                            fir_compiler_minimumphase_H_sp_mem__4_HD450 |          8 |          8 |       0 |    0 |    48 |      0 |      0 |            0 |
|                     g_individual.i_mem_a                                                                                    |                            fir_compiler_minimumphase_H_sp_mem__3_HD451 |          8 |          8 |       0 |    0 |    48 |      0 |      0 |            0 |
|                   g_semi_parallel_and_smac.g_paths[0].g_mem_array[2].i_mem                                                  |             fir_compiler_minimumphase_H_filt_mem__parameterized1_HD452 |         16 |         16 |       0 |    0 |    96 |      0 |      0 |            0 |
|                     g_individual.g_mem_b.i_mem_b                                                                            |                            fir_compiler_minimumphase_H_sp_mem__6_HD453 |          8 |          8 |       0 |    0 |    48 |      0 |      0 |            0 |
|                     g_individual.i_mem_a                                                                                    |                            fir_compiler_minimumphase_H_sp_mem__5_HD454 |          8 |          8 |       0 |    0 |    48 |      0 |      0 |            0 |
|                   g_semi_parallel_and_smac.g_paths[0].g_mem_array[3].i_mem                                                  |             fir_compiler_minimumphase_H_filt_mem__parameterized2_HD455 |         16 |         16 |       0 |    0 |    96 |      0 |      0 |            0 |
|                     g_individual.g_mem_b.i_mem_b                                                                            |                               fir_compiler_minimumphase_H_sp_mem_HD456 |          8 |          8 |       0 |    0 |    48 |      0 |      0 |            0 |
|                     g_individual.i_mem_a                                                                                    |                            fir_compiler_minimumphase_H_sp_mem__7_HD457 |          8 |          8 |       0 |    0 |    48 |      0 |      0 |            0 |
|                   g_semi_parallel_and_smac.g_paths[0].g_mem_array[4].i_mem                                                  |             fir_compiler_minimumphase_H_filt_mem__parameterized3_HD458 |          2 |          2 |       0 |    0 |     5 |      0 |      0 |            0 |
|                     g_individual.g_mem_b.i_mem_b                                                                            |               fir_compiler_minimumphase_H_sp_mem__parameterized1_HD459 |          1 |          1 |       0 |    0 |     2 |      0 |      0 |            0 |
|                     g_individual.i_mem_a                                                                                    |               fir_compiler_minimumphase_H_sp_mem__parameterized0_HD460 |          1 |          1 |       0 |    0 |     3 |      0 |      0 |            0 |
|                   g_semi_parallel_and_smac.g_paths[0].g_mem_array[5].i_mem                                                  |             fir_compiler_minimumphase_H_filt_mem__parameterized4_HD461 |          2 |          2 |       0 |    0 |     6 |      0 |      0 |            0 |
|                     g_individual.g_mem_b.i_mem_b                                                                            |               fir_compiler_minimumphase_H_sp_mem__parameterized3_HD462 |          1 |          1 |       0 |    0 |     3 |      0 |      0 |            0 |
|                     g_individual.i_mem_a                                                                                    |               fir_compiler_minimumphase_H_sp_mem__parameterized2_HD463 |          1 |          1 |       0 |    0 |     3 |      0 |      0 |            0 |
|                   g_semi_parallel_and_smac.i_accumulate                                                                     |               fir_compiler_minimumphase_H_delay__parameterized17_HD464 |          2 |          1 |       0 |    1 |     1 |      0 |      0 |            0 |
|                   g_semi_parallel_and_smac.i_cntrl_coef_addr                                                                |                fir_compiler_minimumphase_H_delay__parameterized1_HD465 |          1 |          0 |       0 |    1 |     1 |      0 |      0 |            0 |
|                   g_semi_parallel_and_smac.i_data_in                                                                        |                                fir_compiler_minimumphase_H_delay_HD466 |          0 |          0 |       0 |    0 |    16 |      0 |      0 |            0 |
|                   g_semi_parallel_and_smac.i_latch_op                                                                       |               fir_compiler_minimumphase_H_delay__parameterized18_HD467 |          1 |          0 |       0 |    1 |     1 |      0 |      0 |            0 |
|                   g_semi_parallel_and_smac.i_load                                                                           |             fir_compiler_minimumphase_H_delay__parameterized17_5_HD468 |          2 |          1 |       0 |    1 |     1 |      0 |      0 |            0 |
|         boxcar_2_pts_filter_inst3                                                                                           |                                                 boxcar_2_pts_filter_13 |         16 |         16 |       0 |    0 |    32 |      0 |      0 |            0 |
|       ddc_frontend_lowpass_filter_inst_Q                                                                                    |                                          ddc_frontend_lowpass_filter_H |        121 |         92 |       0 |   29 |   645 |      0 |      0 |            5 |
|         N_times_clk_FIR_wrapper_H_inst                                                                                      |                                              N_times_clk_FIR_wrapper_H |        105 |         76 |       0 |   29 |   613 |      0 |      0 |            5 |
|           (N_times_clk_FIR_wrapper_H_inst)                                                                                  |                                              N_times_clk_FIR_wrapper_H |          2 |          2 |       0 |    0 |    84 |      0 |      0 |            0 |
|           fir_compiler_minimumphase_N_times_clk_inst                                                                        |                                            fir_compiler_minimumphase_H |        103 |         74 |       0 |   29 |   529 |      0 |      0 |            5 |
|             U0                                                                                                              |                       fir_compiler_minimumphase_H_fir_compiler_v7_2_11 |        103 |         74 |       0 |   29 |   529 |      0 |      0 |            5 |
|               i_synth                                                                                                       |                   fir_compiler_minimumphase_H_fir_compiler_v7_2_11_viv |        103 |         74 |       0 |   29 |   529 |      0 |      0 |            5 |
|                 g_single_rate.i_single_rate                                                                                 |                                fir_compiler_minimumphase_H_single_rate |        103 |         74 |       0 |   29 |   529 |      0 |      0 |            5 |
|                   (g_single_rate.i_single_rate)                                                                             |                                fir_compiler_minimumphase_H_single_rate |          4 |          3 |       0 |    1 |    47 |      0 |      0 |            0 |
|                   g_semi_parallel_and_smac.g_cntrl_signals[6].i_delay                                                       |                      fir_compiler_minimumphase_H_delay__parameterized6 |          0 |          0 |       0 |    0 |     1 |      0 |      0 |            0 |
|                   g_semi_parallel_and_smac.g_cntrl_signals[7].i_delay                                                       |                      fir_compiler_minimumphase_H_delay__parameterized5 |          0 |          0 |       0 |    0 |     1 |      0 |      0 |            0 |
|                   g_semi_parallel_and_smac.g_cntrl_signals[8].i_delay                                                       |                    fir_compiler_minimumphase_H_delay__parameterized5_0 |          0 |          0 |       0 |    0 |     1 |      0 |      0 |            0 |
|                   g_semi_parallel_and_smac.g_paths[0].g_data_array.g_madd[0].g_sym_data.g_sym_data_casc.i_data_sym_casc_dly |                       fir_compiler_minimumphase_H_buff__parameterized0 |          8 |          0 |       0 |    8 |    16 |      0 |      0 |            0 |
|                     g_buff.i_buff                                                                                           |                   fir_compiler_minimumphase_H_delay__parameterized8_10 |          8 |          0 |       0 |    8 |    16 |      0 |      0 |            0 |
|                   g_semi_parallel_and_smac.g_paths[0].g_data_array.g_madd[1].g_sym_data.g_sym_data_casc.i_data_sym_casc_dly |                     fir_compiler_minimumphase_H_buff__parameterized0_1 |          8 |          0 |       0 |    8 |    16 |      0 |      0 |            0 |
|                     g_buff.i_buff                                                                                           |                    fir_compiler_minimumphase_H_delay__parameterized8_9 |          8 |          0 |       0 |    8 |    16 |      0 |      0 |            0 |
|                   g_semi_parallel_and_smac.g_paths[0].g_data_array.g_madd[2].g_sym_data.g_sym_data_casc.i_data_sym_casc_dly |                     fir_compiler_minimumphase_H_buff__parameterized0_2 |          8 |          0 |       0 |    8 |    16 |      0 |      0 |            0 |
|                     g_buff.i_buff                                                                                           |                      fir_compiler_minimumphase_H_delay__parameterized8 |          8 |          0 |       0 |    8 |    16 |      0 |      0 |            0 |
|                   g_semi_parallel_and_smac.g_paths[0].g_data_array.g_madd[3].g_wrap_buff.i_data_wrap_buff                   |                       fir_compiler_minimumphase_H_buff__parameterized1 |          0 |          0 |       0 |    0 |    16 |      0 |      0 |            0 |
|                     g_buff.i_buff                                                                                           |                      fir_compiler_minimumphase_H_delay__parameterized9 |          0 |          0 |       0 |    0 |    16 |      0 |      0 |            0 |
|                   g_semi_parallel_and_smac.g_paths[0].g_madd_array_and_accum.g_accum.i_accum                                |                                  fir_compiler_minimumphase_H_add_accum |          1 |          1 |       0 |    0 |     0 |      0 |      0 |            1 |
|                     i_add_accum                                                                                             |                       fir_compiler_minimumphase_H_calc__parameterized0 |          1 |          1 |       0 |    0 |     0 |      0 |      0 |            1 |
|                   g_semi_parallel_and_smac.g_paths[0].g_madd_array_and_accum.g_madd[0].i_madd                               |                            fir_compiler_minimumphase_H_addsub_mult_add |          0 |          0 |       0 |    0 |     0 |      0 |      0 |            1 |
|                     i_addsub_mult_add                                                                                       |                                     fir_compiler_minimumphase_H_calc_8 |          0 |          0 |       0 |    0 |     0 |      0 |      0 |            1 |
|                   g_semi_parallel_and_smac.g_paths[0].g_madd_array_and_accum.g_madd[1].i_madd                               |            fir_compiler_minimumphase_H_addsub_mult_add__parameterized0 |          0 |          0 |       0 |    0 |     0 |      0 |      0 |            1 |
|                     i_addsub_mult_add                                                                                       |                                     fir_compiler_minimumphase_H_calc_7 |          0 |          0 |       0 |    0 |     0 |      0 |      0 |            1 |
|                   g_semi_parallel_and_smac.g_paths[0].g_madd_array_and_accum.g_madd[2].i_madd                               |          fir_compiler_minimumphase_H_addsub_mult_add__parameterized0_3 |          0 |          0 |       0 |    0 |     0 |      0 |      0 |            1 |
|                     i_addsub_mult_add                                                                                       |                                     fir_compiler_minimumphase_H_calc_6 |          0 |          0 |       0 |    0 |     0 |      0 |      0 |            1 |
|                   g_semi_parallel_and_smac.g_paths[0].g_madd_array_and_accum.g_madd[3].i_madd                               |          fir_compiler_minimumphase_H_addsub_mult_add__parameterized0_4 |          0 |          0 |       0 |    0 |     0 |      0 |      0 |            1 |
|                     i_addsub_mult_add                                                                                       |                                       fir_compiler_minimumphase_H_calc |          0 |          0 |       0 |    0 |     0 |      0 |      0 |            1 |
|                   g_semi_parallel_and_smac.g_paths[0].g_mem_array[0].i_mem                                                  |                                   fir_compiler_minimumphase_H_filt_mem |         16 |         16 |       0 |    0 |    96 |      0 |      0 |            0 |
|                     g_individual.g_mem_b.i_mem_b                                                                            |                                  fir_compiler_minimumphase_H_sp_mem__2 |          8 |          8 |       0 |    0 |    48 |      0 |      0 |            0 |
|                     g_individual.i_mem_a                                                                                    |                                  fir_compiler_minimumphase_H_sp_mem__1 |          8 |          8 |       0 |    0 |    48 |      0 |      0 |            0 |
|                   g_semi_parallel_and_smac.g_paths[0].g_mem_array[1].i_mem                                                  |                   fir_compiler_minimumphase_H_filt_mem__parameterized0 |         16 |         16 |       0 |    0 |    96 |      0 |      0 |            0 |
|                     g_individual.g_mem_b.i_mem_b                                                                            |                                  fir_compiler_minimumphase_H_sp_mem__4 |          8 |          8 |       0 |    0 |    48 |      0 |      0 |            0 |
|                     g_individual.i_mem_a                                                                                    |                                  fir_compiler_minimumphase_H_sp_mem__3 |          8 |          8 |       0 |    0 |    48 |      0 |      0 |            0 |
|                   g_semi_parallel_and_smac.g_paths[0].g_mem_array[2].i_mem                                                  |                   fir_compiler_minimumphase_H_filt_mem__parameterized1 |         16 |         16 |       0 |    0 |    96 |      0 |      0 |            0 |
|                     g_individual.g_mem_b.i_mem_b                                                                            |                                  fir_compiler_minimumphase_H_sp_mem__6 |          8 |          8 |       0 |    0 |    48 |      0 |      0 |            0 |
|                     g_individual.i_mem_a                                                                                    |                                  fir_compiler_minimumphase_H_sp_mem__5 |          8 |          8 |       0 |    0 |    48 |      0 |      0 |            0 |
|                   g_semi_parallel_and_smac.g_paths[0].g_mem_array[3].i_mem                                                  |                   fir_compiler_minimumphase_H_filt_mem__parameterized2 |         16 |         16 |       0 |    0 |    96 |      0 |      0 |            0 |
|                     g_individual.g_mem_b.i_mem_b                                                                            |                                     fir_compiler_minimumphase_H_sp_mem |          8 |          8 |       0 |    0 |    48 |      0 |      0 |            0 |
|                     g_individual.i_mem_a                                                                                    |                                  fir_compiler_minimumphase_H_sp_mem__7 |          8 |          8 |       0 |    0 |    48 |      0 |      0 |            0 |
|                   g_semi_parallel_and_smac.g_paths[0].g_mem_array[4].i_mem                                                  |                   fir_compiler_minimumphase_H_filt_mem__parameterized3 |          2 |          2 |       0 |    0 |     5 |      0 |      0 |            0 |
|                     g_individual.g_mem_b.i_mem_b                                                                            |                     fir_compiler_minimumphase_H_sp_mem__parameterized1 |          1 |          1 |       0 |    0 |     2 |      0 |      0 |            0 |
|                     g_individual.i_mem_a                                                                                    |                     fir_compiler_minimumphase_H_sp_mem__parameterized0 |          1 |          1 |       0 |    0 |     3 |      0 |      0 |            0 |
|                   g_semi_parallel_and_smac.g_paths[0].g_mem_array[5].i_mem                                                  |                   fir_compiler_minimumphase_H_filt_mem__parameterized4 |          2 |          2 |       0 |    0 |     6 |      0 |      0 |            0 |
|                     g_individual.g_mem_b.i_mem_b                                                                            |                     fir_compiler_minimumphase_H_sp_mem__parameterized3 |          1 |          1 |       0 |    0 |     3 |      0 |      0 |            0 |
|                     g_individual.i_mem_a                                                                                    |                     fir_compiler_minimumphase_H_sp_mem__parameterized2 |          1 |          1 |       0 |    0 |     3 |      0 |      0 |            0 |
|                   g_semi_parallel_and_smac.i_accumulate                                                                     |                     fir_compiler_minimumphase_H_delay__parameterized17 |          2 |          1 |       0 |    1 |     1 |      0 |      0 |            0 |
|                   g_semi_parallel_and_smac.i_cntrl_coef_addr                                                                |                      fir_compiler_minimumphase_H_delay__parameterized1 |          1 |          0 |       0 |    1 |     1 |      0 |      0 |            0 |
|                   g_semi_parallel_and_smac.i_data_in                                                                        |                                      fir_compiler_minimumphase_H_delay |          0 |          0 |       0 |    0 |    16 |      0 |      0 |            0 |
|                   g_semi_parallel_and_smac.i_latch_op                                                                       |                     fir_compiler_minimumphase_H_delay__parameterized18 |          1 |          0 |       0 |    1 |     1 |      0 |      0 |            0 |
|                   g_semi_parallel_and_smac.i_load                                                                           |                   fir_compiler_minimumphase_H_delay__parameterized17_5 |          2 |          1 |       0 |    1 |     1 |      0 |      0 |            0 |
|         boxcar_2_pts_filter_inst3                                                                                           |                                                    boxcar_2_pts_filter |         16 |         16 |       0 |    0 |    32 |      0 |      0 |            0 |
|       first_order_IIR_highpass_filter_inst                                                                                  |                                      first_order_IIR_highpass_filter_H |         99 |         99 |       0 |    0 |    64 |      0 |      0 |            0 |
|       input_multiplier_I                                                                                                    |                                                       input_multiplier |          0 |          0 |       0 |    0 |     0 |      0 |      0 |            1 |
|         U0                                                                                                                  |                                     input_multiplier_mult_gen_v12_0_14 |          0 |          0 |       0 |    0 |     0 |      0 |      0 |            1 |
|           i_mult                                                                                                            |                                 input_multiplier_mult_gen_v12_0_14_viv |          0 |          0 |       0 |    0 |     0 |      0 |      0 |            1 |
|             gDSP.gDSP_only.iDSP                                                                                             |                                                   input_multiplier_dsp |          0 |          0 |       0 |    0 |     0 |      0 |      0 |            1 |
|       input_multiplier_Q                                                                                                    |                                                 input_multiplier_HD408 |          0 |          0 |       0 |    0 |     0 |      0 |      0 |            1 |
|         U0                                                                                                                  |                               input_multiplier_mult_gen_v12_0_14_HD409 |          0 |          0 |       0 |    0 |     0 |      0 |      0 |            1 |
|           i_mult                                                                                                            |                           input_multiplier_mult_gen_v12_0_14_viv_HD410 |          0 |          0 |       0 |    0 |     0 |      0 |      0 |            1 |
|             gDSP.gDSP_only.iDSP                                                                                             |                                             input_multiplier_dsp_HD411 |          0 |          0 |       0 |    0 |     0 |      0 |      0 |            1 |
|     Status_Delay_Show_freq                                                                                                  |                                                      Status_Delay_Show |          2 |          2 |       0 |    0 |    27 |      0 |      0 |            0 |
|     Status_Delay_Show_lock                                                                                                  |                                                    Status_Delay_Show_8 |          2 |          2 |       0 |    0 |    27 |      0 |      0 |            0 |
|     Status_Delay_Show_phase                                                                                                 |                                                    Status_Delay_Show_9 |          2 |          2 |       0 |    0 |    27 |      0 |      0 |            0 |
|     Status_Delay_Show_pos_rail                                                                                              |                                                   Status_Delay_Show_10 |          2 |          2 |       0 |    0 |    27 |      0 |      0 |            0 |
|     parallel_bus_register_32_bits_or_less_freq_c0                                                                           |                  parallel_bus_register_32bits_or_less__parameterized36 |          0 |          0 |       0 |    0 |    32 |      0 |      0 |            0 |
|     parallel_bus_register_freq_meter_trig                                                                                   |                  parallel_bus_register_32bits_or_less__parameterized49 |          1 |          1 |       0 |    0 |     1 |      0 |      0 |            0 |
|     parallel_bus_register_freq_residuals0_threshold                                                                         |                  parallel_bus_register_32bits_or_less__parameterized46 |          5 |          5 |       0 |    0 |    10 |      0 |      0 |            0 |
|     parallel_bus_register_gate_clockH                                                                                       |                  parallel_bus_register_32bits_or_less__parameterized48 |         16 |         16 |       0 |    0 |    16 |      0 |      0 |            0 |
|     parallel_bus_register_gate_clockL                                                                                       |                  parallel_bus_register_32bits_or_less__parameterized47 |         32 |         32 |       0 |    0 |    32 |      0 |      0 |            0 |
|     parallel_bus_register_manual_offset_dac0                                                                                |               parallel_bus_register_32bits_or_less__parameterized12_11 |          0 |          0 |       0 |    0 |    32 |      0 |      0 |            0 |
|     parallel_bus_register_negative_limit_dac0                                                                               |                  parallel_bus_register_32bits_or_less__parameterized43 |         11 |         11 |       0 |    0 |    32 |      0 |      0 |            0 |
|     parallel_bus_register_ok_reset                                                                                          |                  parallel_bus_register_32bits_or_less__parameterized35 |          2 |          2 |       0 |    0 |     1 |      0 |      0 |            0 |
|     parallel_bus_register_phase_residuals0_offset                                                                           |                  parallel_bus_register_32bits_or_less__parameterized45 |          0 |          0 |       0 |    0 |    32 |      0 |      0 |            0 |
|     parallel_bus_register_phase_residuals0_threshold                                                                        |                  parallel_bus_register_32bits_or_less__parameterized44 |         32 |         32 |       0 |    0 |    32 |      0 |      0 |            0 |
|     parallel_bus_register_pll0_coefdfilter                                                                                  |                  parallel_bus_register_32bits_or_less__parameterized41 |          3 |          3 |       0 |    0 |    18 |      0 |      0 |            0 |
|     parallel_bus_register_pll0_gaind                                                                                        |                  parallel_bus_register_32bits_or_less__parameterized40 |          0 |          0 |       0 |    0 |    32 |      0 |      0 |            0 |
|     parallel_bus_register_pll0_gaini                                                                                        |                  parallel_bus_register_32bits_or_less__parameterized38 |         14 |         14 |       0 |    0 |    32 |      0 |      0 |            0 |
|     parallel_bus_register_pll0_gainii                                                                                       |                  parallel_bus_register_32bits_or_less__parameterized39 |          0 |          0 |       0 |    0 |    32 |      0 |      0 |            0 |
|     parallel_bus_register_pll0_gainp                                                                                        |                  parallel_bus_register_32bits_or_less__parameterized37 |         19 |         19 |       0 |    0 |    32 |      0 |      0 |            0 |
|     parallel_bus_register_pll0_settings                                                                                     |                parallel_bus_register_32bits_or_less__parameterized2_12 |          0 |          0 |       0 |    0 |     2 |      0 |      0 |            0 |
|     parallel_bus_register_positive_limit_dac0                                                                               |                  parallel_bus_register_32bits_or_less__parameterized42 |          0 |          0 |       0 |    0 |    32 |      0 |      0 |            0 |
|     residuals_monitor_inst0                                                                                                 |                                          residuals_monitor_with_offset |         83 |         83 |       0 |    0 |    67 |      0 |      0 |            0 |
|     residuals_monitor_inst0_freq                                                                                            |                                                      residuals_monitor |          9 |          9 |       0 |    0 |    16 |      0 |      0 |            0 |
|   dpll_wrapper_inst                                                                                                         |                                                           dpll_wrapper |       5046 |       4879 |       0 |  167 |  8063 |     14 |      3 |           23 |
|     (dpll_wrapper_inst)                                                                                                     |                                                           dpll_wrapper |         21 |         21 |       0 |    0 |   128 |      0 |      0 |            0 |
|     PLL_VCO_MUL_DIV_inst                                                                                                    |                                                        PLL_VCO_MUL_DIV |        475 |        376 |       0 |   99 |  1553 |      0 |      1 |           13 |
|       (PLL_VCO_MUL_DIV_inst)                                                                                                |                                                        PLL_VCO_MUL_DIV |         22 |         22 |       0 |    0 |   413 |      0 |      0 |            0 |
|       VCO0_Divider                                                                                                          |                                                            div_gen_pll |        420 |        354 |       0 |   66 |  1076 |      0 |      1 |           10 |
|         U0                                                                                                                  |                                            div_gen_pll_div_gen_v5_1_14 |        420 |        354 |       0 |   66 |  1076 |      0 |      1 |           10 |
|           i_synth                                                                                                           |                                        div_gen_pll_div_gen_v5_1_14_viv |        420 |        354 |       0 |   66 |  1076 |      0 |      1 |           10 |
|             i_nd_to_rdy                                                                                                     |                                       div_gen_pll_xbip_pipe_v3_0_5_viv |          1 |          0 |       0 |    1 |     2 |      0 |      0 |            0 |
|             i_nonzero_fract.i_synth                                                                                         |                                              div_gen_pll_div_gen_synth |        419 |        354 |       0 |   65 |  1074 |      0 |      1 |           10 |
|               opt_high_radix.i_nonzero_fract.i_high_radix                                                                   |                                                  div_gen_pll_hrdiv_viv |        419 |        354 |       0 |   65 |  1074 |      0 |      1 |           10 |
|                 (opt_high_radix.i_nonzero_fract.i_high_radix)                                                               |                                                  div_gen_pll_hrdiv_viv |          1 |          0 |       0 |    1 |     1 |      0 |      0 |            0 |
|                 i_denom_est_bypass                                                                                          |                      div_gen_pll_xbip_pipe_v3_0_5_viv__parameterized42 |          7 |          0 |       0 |    7 |    21 |      0 |      0 |            0 |
|                 i_estimator                                                                                                 |                                                  div_gen_pll_estimator |          1 |          1 |       0 |    0 |    28 |      0 |      1 |            1 |
|                   i_coarse_est                                                                                              |                      div_gen_pll_xbip_pipe_v3_0_5_viv__parameterized40 |          0 |          0 |       0 |    0 |    22 |      0 |      0 |            0 |
|                   i_lut                                                                                                     |                                    div_gen_pll_xbip_bram18k_v3_0_5_viv |          0 |          0 |       0 |    0 |     0 |      0 |      1 |            0 |
|                     i_synth_opt.i_synth                                                                                     |                                         div_gen_pll_xbip_bram18k_synth |          0 |          0 |       0 |    0 |     0 |      0 |      1 |            0 |
|                   i_multadd                                                                                                 |                              div_gen_pll_xbip_dsp48_multadd_v3_0_5_viv |          1 |          1 |       0 |    0 |     0 |      0 |      0 |            1 |
|                     i_synth_option.i_synth_model                                                                            |                                   div_gen_pll_xbip_dsp48_multadd_synth |          1 |          1 |       0 |    0 |     0 |      0 |      0 |            1 |
|                       opt_vx7.i_uniwrap                                                                                     |                                  div_gen_pll_xbip_dsp48e1_wrapper_v3_0 |          1 |          1 |       0 |    0 |     0 |      0 |      0 |            1 |
|                   i_x_bypass                                                                                                |                      div_gen_pll_xbip_pipe_v3_0_5_viv__parameterized38 |          0 |          0 |       0 |    0 |     6 |      0 |      0 |            0 |
|                 i_fix_prenorm.i_prenormalizer                                                                               |                                              div_gen_pll_prenormalizer |        236 |        236 |       0 |    0 |   231 |      0 |      0 |            0 |
|                   (i_fix_prenorm.i_prenormalizer)                                                                           |                                              div_gen_pll_prenormalizer |        190 |        190 |       0 |    0 |     0 |      0 |      0 |            0 |
|                   i_layer[2].i_shift_ctrl                                                                                   |                   div_gen_pll_xbip_pipe_v3_0_5_viv__parameterized56_43 |          0 |          0 |       0 |    0 |     4 |      0 |      0 |            0 |
|                   i_layer[2].i_shift_data                                                                                   |                      div_gen_pll_xbip_pipe_v3_0_5_viv__parameterized54 |          0 |          0 |       0 |    0 |    67 |      0 |      0 |            0 |
|                   i_layer[4].i_shift_ctrl                                                                                   |                   div_gen_pll_xbip_pipe_v3_0_5_viv__parameterized56_44 |          0 |          0 |       0 |    0 |     2 |      0 |      0 |            0 |
|                   i_layer[4].i_shift_data                                                                                   |                      div_gen_pll_xbip_pipe_v3_0_5_viv__parameterized60 |          0 |          0 |       0 |    0 |    79 |      0 |      0 |            0 |
|                   i_layer[6].i_shift_data                                                                                   |                      div_gen_pll_xbip_pipe_v3_0_5_viv__parameterized64 |         46 |         46 |       0 |    0 |    79 |      0 |      0 |            0 |
|                 i_fixed.i_fix_to_flt                                                                                        |                                             div_gen_pll_fixed_to_float |         45 |         45 |       0 |    0 |    41 |      0 |      0 |            0 |
|                   (i_fixed.i_fix_to_flt)                                                                                    |                                             div_gen_pll_fixed_to_float |          2 |          2 |       0 |    0 |     0 |      0 |      0 |            0 |
|                   i_fpo                                                                                                     |                                 div_gen_pll_floating_point_v7_0_15_viv |         43 |         43 |       0 |    0 |    41 |      0 |      0 |            0 |
|                     FIX_TO_FLT_OP.SPD.OP                                                                                    |                                            div_gen_pll_fix_to_flt_conv |         43 |         43 |       0 |    0 |    41 |      0 |      0 |            0 |
|                       EXP                                                                                                   |                                        div_gen_pll_fix_to_flt_conv_exp |          3 |          3 |       0 |    0 |     0 |      0 |      0 |            0 |
|                       LZE                                                                                                   |                                           div_gen_pll_lead_zero_encode |          4 |          4 |       0 |    0 |     5 |      0 |      0 |            0 |
|                         A_Z_DET                                                                                             |                                      div_gen_pll_delay__parameterized2 |          0 |          0 |       0 |    0 |     1 |      0 |      0 |            0 |
|                           i_pipe                                                                                            |                       div_gen_pll_xbip_pipe_v3_0_5_viv__parameterized6 |          0 |          0 |       0 |    0 |     1 |      0 |      0 |            0 |
|                         ENCODE[0].DIST_DEL                                                                                  |                                      div_gen_pll_delay__parameterized5 |          2 |          2 |       0 |    0 |     2 |      0 |      0 |            0 |
|                           i_pipe                                                                                            |                      div_gen_pll_xbip_pipe_v3_0_5_viv__parameterized12 |          2 |          2 |       0 |    0 |     2 |      0 |      0 |            0 |
|                         ENCODE[0].MUX_0                                                                                     |                                                       div_gen_pll_mux4 |          0 |          0 |       0 |    0 |     2 |      0 |      0 |            0 |
|                           OP_DEL                                                                                            |                                      div_gen_pll_delay__parameterized3 |          0 |          0 |       0 |    0 |     2 |      0 |      0 |            0 |
|                             i_pipe                                                                                          |                       div_gen_pll_xbip_pipe_v3_0_5_viv__parameterized8 |          0 |          0 |       0 |    0 |     2 |      0 |      0 |            0 |
|                         ZERO_DET_CC_1                                                                                       |                                div_gen_pll_carry_chain__parameterized0 |          2 |          2 |       0 |    0 |     0 |      0 |      0 |            0 |
|                         ZERO_DET_CC_2.CC                                                                                    |                             div_gen_pll_carry_chain__parameterized0_40 |          0 |          0 |       0 |    0 |     0 |      0 |      0 |            0 |
|                       M_ABS                                                                                                 |                                                div_gen_pll_carry_chain |         21 |         21 |       0 |    0 |     0 |      0 |      0 |            0 |
|                       NORM_SHIFT                                                                                            |                                            div_gen_pll_shift_msb_first |         15 |         15 |       0 |    0 |    15 |      0 |      0 |            0 |
|                         (NORM_SHIFT)                                                                                        |                                            div_gen_pll_shift_msb_first |         15 |         15 |       0 |    0 |     0 |      0 |      0 |            0 |
|                         MUX_LOOP[0].DEL_SHIFT                                                                               |                                      div_gen_pll_delay__parameterized7 |          0 |          0 |       0 |    0 |    15 |      0 |      0 |            0 |
|                           i_pipe                                                                                            |                      div_gen_pll_xbip_pipe_v3_0_5_viv__parameterized16 |          0 |          0 |       0 |    0 |    15 |      0 |      0 |            0 |
|                       OP                                                                                                    |                                                 div_gen_pll_flt_dec_op |          0 |          0 |       0 |    0 |    21 |      0 |      0 |            0 |
|                       ROUND                                                                                                 |                                     div_gen_pll_renorm_and_round_logic |          0 |          0 |       0 |    0 |     0 |      0 |      0 |            0 |
|                         LOGIC.RND1                                                                                          |                                div_gen_pll_carry_chain__parameterized2 |          0 |          0 |       0 |    0 |     0 |      0 |      0 |            0 |
|                         LOGIC.RND2                                                                                          |                                div_gen_pll_carry_chain__parameterized3 |          0 |          0 |       0 |    0 |     0 |      0 |      0 |            0 |
|                         RND_BIT_GEN                                                                                         |                                              div_gen_pll_flt_round_bit |          0 |          0 |       0 |    0 |     0 |      0 |      0 |            0 |
|                           NORM_1_OR_0.STRUCT_REQ.GENERAL.RND1                                                               |                                div_gen_pll_carry_chain__parameterized1 |          0 |          0 |       0 |    0 |     0 |      0 |      0 |            0 |
|                 i_fixed.i_negate_del                                                                                        |                      div_gen_pll_xbip_pipe_v3_0_5_viv__parameterized32 |          1 |          1 |       0 |    0 |     0 |      0 |      0 |            0 |
|                 i_flow_ctrl                                                                                                 |                                                  div_gen_pll_flow_ctrl |          7 |          2 |       0 |    5 |     5 |      0 |      0 |            0 |
|                 i_iterative_unit                                                                                            |                                             div_gen_pll_iterative_unit |        119 |         68 |       0 |   51 |   409 |      0 |      0 |            6 |
|                   (i_iterative_unit)                                                                                        |                                             div_gen_pll_iterative_unit |         65 |         65 |       0 |    0 |     0 |      0 |      0 |            0 |
|                   i_est_reg                                                                                                 |                      div_gen_pll_xbip_pipe_v3_0_5_viv__parameterized81 |          0 |          0 |       0 |    0 |    30 |      0 |      0 |            0 |
|                   i_extra_digits.i_add                                                                                      |                               div_gen_pll_xbip_dsp48_addsub_v3_0_5_viv |          0 |          0 |       0 |    0 |     0 |      0 |      0 |            1 |
|                     i_synth_option.i_synth_model                                                                            |                                 div_gen_pll_xbip_dsp48_addsub_synth_38 |          0 |          0 |       0 |    0 |     0 |      0 |      0 |            1 |
|                       opt_vx7.i_uniwrap                                                                                     |               div_gen_pll_xbip_dsp48e1_wrapper_v3_0__parameterized1_39 |          0 |          0 |       0 |    0 |     0 |      0 |      0 |            1 |
|                   i_extra_digits.i_est_carousel                                                                             |                      div_gen_pll_xbip_pipe_v3_0_5_viv__parameterized74 |         11 |          0 |       0 |   11 |    19 |      0 |      0 |            0 |
|                   i_extra_digits.i_est_reg                                                                                  |                      div_gen_pll_xbip_pipe_v3_0_5_viv__parameterized72 |          0 |          0 |       0 |    0 |    19 |      0 |      0 |            0 |
|                   i_extra_digits.i_extra_digit_carrysave_carousel                                                           |                      div_gen_pll_xbip_pipe_v3_0_5_viv__parameterized76 |          0 |          0 |       0 |    0 |    18 |      0 |      0 |            0 |
|                   i_extra_digits.i_extra_digit_subtract_del                                                                 |                    div_gen_pll_xbip_pipe_v3_0_5_viv__parameterized10_3 |          0 |          0 |       0 |    0 |     1 |      0 |      0 |            0 |
|                   i_extra_digits.i_extra_digits[1].lower_digits.i_extra_digit_carousel                                      |                      div_gen_pll_xbip_pipe_v3_0_5_viv__parameterized70 |          4 |          0 |       0 |    4 |    10 |      0 |      0 |            0 |
|                   i_extra_digits.i_extra_digits[2].lower_digits.i_extra_digit_carousel                                      |                    div_gen_pll_xbip_pipe_v3_0_5_viv__parameterized70_4 |          8 |          0 |       0 |    8 |    28 |      0 |      0 |            0 |
|                   i_extra_digits.i_extra_digits[3].lower_digits.i_extra_digit_carousel                                      |                    div_gen_pll_xbip_pipe_v3_0_5_viv__parameterized70_5 |          8 |          0 |       0 |    8 |    28 |      0 |      0 |            0 |
|                   i_extra_digits.i_extra_digits[4].top_digit.i_extra_digit_reg                                              |                      div_gen_pll_xbip_pipe_v3_0_5_viv__parameterized68 |          0 |          0 |       0 |    0 |    14 |      0 |      0 |            0 |
|                   i_extra_digits.i_extra_pp_digit.i_extra_pp_digit_reg                                                      |                    div_gen_pll_xbip_pipe_v3_0_5_viv__parameterized68_6 |          1 |          1 |       0 |    0 |    14 |      0 |      0 |            0 |
|                   i_extra_digits.i_multadd                                                                                  |              div_gen_pll_xbip_dsp48_multadd_v3_0_5_viv__parameterized1 |          0 |          0 |       0 |    0 |     0 |      0 |      0 |            1 |
|                     i_synth_option.i_synth_model                                                                            |                div_gen_pll_xbip_dsp48_multadd_synth__parameterized1_36 |          0 |          0 |       0 |    0 |     0 |      0 |      0 |            1 |
|                       opt_vx7.i_uniwrap                                                                                     |               div_gen_pll_xbip_dsp48e1_wrapper_v3_0__parameterized2_37 |          0 |          0 |       0 |    0 |     0 |      0 |      0 |            1 |
|                   i_nd_del                                                                                                  |                      div_gen_pll_xbip_pipe_v3_0_5_viv__parameterized83 |          1 |          1 |       0 |    0 |     3 |      0 |      0 |            0 |
|                   i_nd_pipe                                                                                                 |                      div_gen_pll_xbip_pipe_v3_0_5_viv__parameterized66 |          4 |          0 |       0 |    4 |     4 |      0 |      0 |            0 |
|                   i_nd_pipe2                                                                                                |                      div_gen_pll_xbip_pipe_v3_0_5_viv__parameterized56 |          0 |          0 |       0 |    0 |     4 |      0 |      0 |            0 |
|                   i_splice[1].i_add                                                                                         |                            div_gen_pll_xbip_dsp48_addsub_v3_0_5_viv_13 |          0 |          0 |       0 |    0 |     0 |      0 |      0 |            1 |
|                     i_synth_option.i_synth_model                                                                            |                                 div_gen_pll_xbip_dsp48_addsub_synth_30 |          0 |          0 |       0 |    0 |     0 |      0 |      0 |            1 |
|                       opt_vx7.i_uniwrap                                                                                     |               div_gen_pll_xbip_dsp48e1_wrapper_v3_0__parameterized1_31 |          0 |          0 |       0 |    0 |     0 |      0 |      0 |            1 |
|                   i_splice[1].i_carrysave_del                                                                               |                   div_gen_pll_xbip_pipe_v3_0_5_viv__parameterized72_14 |          0 |          0 |       0 |    0 |    19 |      0 |      0 |            0 |
|                   i_splice[1].i_denom_pipe                                                                                  |                   div_gen_pll_xbip_pipe_v3_0_5_viv__parameterized85_15 |          8 |          0 |       0 |    8 |    16 |      0 |      0 |            0 |
|                   i_splice[1].i_denom_reg                                                                                   |                   div_gen_pll_xbip_pipe_v3_0_5_viv__parameterized68_16 |          0 |          0 |       0 |    0 |    16 |      0 |      0 |            0 |
|                   i_splice[1].i_denommux_reg                                                                                |                   div_gen_pll_xbip_pipe_v3_0_5_viv__parameterized76_17 |          0 |          0 |       0 |    0 |    16 |      0 |      0 |            0 |
|                   i_splice[1].i_mult                                                                                        |           div_gen_pll_xbip_dsp48_multadd_v3_0_5_viv__parameterized1_18 |          0 |          0 |       0 |    0 |     0 |      0 |      0 |            1 |
|                     i_synth_option.i_synth_model                                                                            |                div_gen_pll_xbip_dsp48_multadd_synth__parameterized1_28 |          0 |          0 |       0 |    0 |     0 |      0 |      0 |            1 |
|                       opt_vx7.i_uniwrap                                                                                     |               div_gen_pll_xbip_dsp48e1_wrapper_v3_0__parameterized2_29 |          0 |          0 |       0 |    0 |     0 |      0 |      0 |            1 |
|                   i_splice[1].i_residue_reg                                                                                 |                   div_gen_pll_xbip_pipe_v3_0_5_viv__parameterized87_19 |          0 |          0 |       0 |    0 |    32 |      0 |      0 |            0 |
|                   i_splice[2].i_add                                                                                         |                            div_gen_pll_xbip_dsp48_addsub_v3_0_5_viv_20 |          0 |          0 |       0 |    0 |     0 |      0 |      0 |            1 |
|                     i_synth_option.i_synth_model                                                                            |                                    div_gen_pll_xbip_dsp48_addsub_synth |          0 |          0 |       0 |    0 |     0 |      0 |      0 |            1 |
|                       opt_vx7.i_uniwrap                                                                                     |               div_gen_pll_xbip_dsp48e1_wrapper_v3_0__parameterized1_27 |          0 |          0 |       0 |    0 |     0 |      0 |      0 |            1 |
|                   i_splice[2].i_carrysave_del                                                                               |                   div_gen_pll_xbip_pipe_v3_0_5_viv__parameterized72_21 |          0 |          0 |       0 |    0 |    19 |      0 |      0 |            0 |
|                   i_splice[2].i_denom_pipe                                                                                  |                   div_gen_pll_xbip_pipe_v3_0_5_viv__parameterized85_22 |          8 |          0 |       0 |    8 |    16 |      0 |      0 |            0 |
|                   i_splice[2].i_denom_reg                                                                                   |                   div_gen_pll_xbip_pipe_v3_0_5_viv__parameterized68_23 |          0 |          0 |       0 |    0 |    16 |      0 |      0 |            0 |
|                   i_splice[2].i_denommux_reg                                                                                |                   div_gen_pll_xbip_pipe_v3_0_5_viv__parameterized76_24 |          0 |          0 |       0 |    0 |    17 |      0 |      0 |            0 |
|                   i_splice[2].i_mult                                                                                        |           div_gen_pll_xbip_dsp48_multadd_v3_0_5_viv__parameterized1_25 |          0 |          0 |       0 |    0 |     0 |      0 |      0 |            1 |
|                     i_synth_option.i_synth_model                                                                            |                   div_gen_pll_xbip_dsp48_multadd_synth__parameterized1 |          0 |          0 |       0 |    0 |     0 |      0 |      0 |            1 |
|                       opt_vx7.i_uniwrap                                                                                     |                  div_gen_pll_xbip_dsp48e1_wrapper_v3_0__parameterized2 |          0 |          0 |       0 |    0 |     0 |      0 |      0 |            1 |
|                   i_splice[2].i_residue_reg                                                                                 |                   div_gen_pll_xbip_pipe_v3_0_5_viv__parameterized87_26 |          1 |          1 |       0 |    0 |    48 |      0 |      0 |            0 |
|                   i_subtract_reg                                                                                            |                      div_gen_pll_xbip_pipe_v3_0_5_viv__parameterized79 |          0 |          0 |       0 |    0 |     2 |      0 |      0 |            0 |
|                 i_numer_del                                                                                                 |                      div_gen_pll_xbip_pipe_v3_0_5_viv__parameterized46 |          1 |          1 |       0 |    0 |   128 |      0 |      0 |            0 |
|                 i_prescaler                                                                                                 |                                      div_gen_pll_mult_gen_v12_0_14_viv |          0 |          0 |       0 |    0 |     0 |      0 |      0 |            1 |
|                   gDSP.gDSP_only.iDSP                                                                                       |                                                        div_gen_pll_dsp |          0 |          0 |       0 |    0 |     0 |      0 |      0 |            1 |
|                 i_quotient_collector                                                                                        |                                         div_gen_pll_quotient_collector |          1 |          0 |       0 |    1 |   210 |      0 |      0 |            2 |
|                   i_typical_case.i_addsub                                                                                   |                                                div_gen_pll_quot_addsub |          0 |          0 |       0 |    0 |   136 |      0 |      0 |            2 |
|                     i_vx5_sp3.i_casc_dsp48.i_bypass_balance                                                                 |                      div_gen_pll_xbip_pipe_v3_0_5_viv__parameterized10 |          0 |          0 |       0 |    0 |     1 |      0 |      0 |            0 |
|                     i_vx5_sp3.i_casc_dsp48.i_lower_addsub                                                                   |               div_gen_pll_xbip_dsp48_addsub_v3_0_5_viv__parameterized2 |          0 |          0 |       0 |    0 |     0 |      0 |      0 |            1 |
|                       i_synth_option.i_synth_model                                                                          |                    div_gen_pll_xbip_dsp48_addsub_synth__parameterized1 |          0 |          0 |       0 |    0 |     0 |      0 |      0 |            1 |
|                         opt_vx7.i_uniwrap                                                                                   |                div_gen_pll_xbip_dsp48e1_wrapper_v3_0__parameterized1_2 |          0 |          0 |       0 |    0 |     0 |      0 |      0 |            1 |
|                     i_vx5_sp3.i_casc_dsp48.i_lower_p_balance                                                                |                      div_gen_pll_xbip_pipe_v3_0_5_viv__parameterized87 |          0 |          0 |       0 |    0 |    48 |      0 |      0 |            0 |
|                     i_vx5_sp3.i_casc_dsp48.i_negate_balance                                                                 |                    div_gen_pll_xbip_pipe_v3_0_5_viv__parameterized10_0 |          0 |          0 |       0 |    0 |     1 |      0 |      0 |            0 |
|                     i_vx5_sp3.i_casc_dsp48.i_upper_addsub                                                                   |               div_gen_pll_xbip_dsp48_addsub_v3_0_5_viv__parameterized4 |          0 |          0 |       0 |    0 |     0 |      0 |      0 |            1 |
|                       i_synth_option.i_synth_model                                                                          |                    div_gen_pll_xbip_dsp48_addsub_synth__parameterized3 |          0 |          0 |       0 |    0 |     0 |      0 |      0 |            1 |
|                         opt_vx7.i_uniwrap                                                                                   |                  div_gen_pll_xbip_dsp48e1_wrapper_v3_0__parameterized1 |          0 |          0 |       0 |    0 |     0 |      0 |      0 |            1 |
|                     i_vx5_sp3.i_casc_dsp48.i_upper_digit_balance                                                            |                    div_gen_pll_xbip_pipe_v3_0_5_viv__parameterized87_1 |          0 |          0 |       0 |    0 |    48 |      0 |      0 |            0 |
|                     i_vx5_sp3.i_casc_dsp48.i_upper_result_balance                                                           |                      div_gen_pll_xbip_pipe_v3_0_5_viv__parameterized93 |          0 |          0 |       0 |    0 |    38 |      0 |      0 |            0 |
|                   i_typical_case.i_negate_carousel                                                                          |                      div_gen_pll_xbip_pipe_v3_0_5_viv__parameterized91 |          1 |          0 |       0 |    1 |     2 |      0 |      0 |            0 |
|                   i_typical_case.i_quot_carousel_balance                                                                    |                      div_gen_pll_xbip_pipe_v3_0_5_viv__parameterized89 |          0 |          0 |       0 |    0 |    72 |      0 |      0 |            0 |
|       VCO0_Multiplier                                                                                                       |                                                           mult_gen_pll |         33 |          0 |       0 |   33 |    64 |      0 |      0 |            3 |
|         U0                                                                                                                  |                                         mult_gen_pll_mult_gen_v12_0_14 |         33 |          0 |       0 |   33 |    64 |      0 |      0 |            3 |
|           i_mult                                                                                                            |                                     mult_gen_pll_mult_gen_v12_0_14_viv |         33 |          0 |       0 |   33 |    64 |      0 |      0 |            3 |
|             gDSP.gDSP_only.iDSP                                                                                             |                                                       mult_gen_pll_dsp |         33 |          0 |       0 |   33 |    64 |      0 |      0 |            3 |
|               (gDSP.gDSP_only.iDSP)                                                                                         |                                                       mult_gen_pll_dsp |          0 |          0 |       0 |    0 |     0 |      0 |      0 |            3 |
|               use_prim.appDSP48[0].bppDSP48[0].need_output_delay.output_delay                                               |                                mult_gen_pll_delay_line__parameterized2 |          9 |          0 |       0 |    9 |    17 |      0 |      0 |            0 |
|               use_prim.appDSP48[1].bppDSP48[0].need_output_delay.output_delay                                               |                                mult_gen_pll_delay_line__parameterized4 |          9 |          0 |       0 |    9 |    17 |      0 |      0 |            0 |
|               use_prim.appDSP48[2].bppDSP48[0].need_output_delay.output_delay                                               |                                mult_gen_pll_delay_line__parameterized5 |         15 |          0 |       0 |   15 |    30 |      0 |      0 |            0 |
|     VCO_inst0                                                                                                               |                                                             VCO_48bits |         61 |         59 |       0 |    2 |    82 |      7 |      1 |            2 |
|       (VCO_inst0)                                                                                                           |                                                             VCO_48bits |         26 |         26 |       0 |    0 |     0 |      0 |      0 |            1 |
|       DAC_DDS0_inst                                                                                                         |                                                               DAC_DDS0 |         35 |         33 |       0 |    2 |    82 |      7 |      1 |            1 |
|         U0                                                                                                                  |                                          DAC_DDS0_dds_compiler_v6_0_17 |         35 |         33 |       0 |    2 |    82 |      7 |      1 |            1 |
|           i_synth                                                                                                           |                                      DAC_DDS0_dds_compiler_v6_0_17_viv |         35 |         33 |       0 |    2 |    82 |      7 |      1 |            1 |
|             i_dds                                                                                                           |                                     DAC_DDS0_dds_compiler_v6_0_17_core |         35 |         33 |       0 |    2 |    82 |      7 |      1 |            1 |
|               I_PHASEGEN.i_conventional_accum.i_accum                                                                       |                                                         DAC_DDS0_accum |          0 |          0 |       0 |    0 |     0 |      0 |      0 |            1 |
|                 i_dsp48.i_struct.i_single_channel.I_DSP                                                                     |                                                    DAC_DDS0_dsp48_wrap |          0 |          0 |       0 |    0 |     0 |      0 |      0 |            1 |
|               I_PHASEGEN.i_conventional_accum.i_phase_final_speedup                                                         |                          DAC_DDS0_xbip_pipe_v3_0_5_viv__parameterized4 |         14 |         14 |       0 |    0 |    16 |      0 |      0 |            0 |
|               I_SINCOS.i_std_rom.i_rom                                                                                      |                                                       DAC_DDS0_sin_cos |         21 |         19 |       0 |    2 |    66 |      7 |      1 |            0 |
|                 (I_SINCOS.i_std_rom.i_rom)                                                                                  |                                                       DAC_DDS0_sin_cos |          6 |          6 |       0 |    0 |    14 |      7 |      1 |            0 |
|                 i_rtl.i_quarter_table.i_addr_reg_c                                                                          |                          DAC_DDS0_xbip_pipe_v3_0_5_viv__parameterized6 |          6 |          4 |       0 |    2 |     4 |      0 |      0 |            0 |
|                 i_rtl.i_quarter_table.i_piped_map.i_cardinal_cos_ls                                                         |                         DAC_DDS0_xbip_pipe_v3_0_5_viv__parameterized10 |          0 |          0 |       0 |    0 |     8 |      0 |      0 |            0 |
|                 i_rtl.i_quarter_table.i_piped_map.i_cardinal_cos_ms                                                         |                       DAC_DDS0_xbip_pipe_v3_0_5_viv__parameterized10_1 |          0 |          0 |       0 |    0 |     8 |      0 |      0 |            0 |
|                 i_rtl.i_quarter_table.i_piped_map.i_original_cos_ls                                                         |                         DAC_DDS0_xbip_pipe_v3_0_5_viv__parameterized12 |          0 |          0 |       0 |    0 |     9 |      0 |      0 |            0 |
|                 i_rtl.i_quarter_table.i_piped_map.i_original_cos_ms                                                         |                       DAC_DDS0_xbip_pipe_v3_0_5_viv__parameterized10_4 |          0 |          0 |       0 |    0 |     8 |      0 |      0 |            0 |
|                 i_rtl.i_quarter_table.i_rom_reg_b                                                                           |                        DAC_DDS0_xbip_pipe_v3_0_5_viv__parameterized8_7 |          9 |          9 |       0 |    0 |    15 |      0 |      0 |            0 |
|     debug_dac_formatter_inst                                                                                                |                                            debug_dac_formatter_stage_a |        370 |        370 |       0 |    0 |   343 |      0 |      0 |            2 |
|     dpll_single_clock_core_stage_a_inst                                                                                     |                                         dpll_single_clock_core_stage_a |       3598 |       3561 |       0 |   37 |  4778 |      7 |      1 |            6 |
|       (dpll_single_clock_core_stage_a_inst)                                                                                 |                                         dpll_single_clock_core_stage_a |         76 |         76 |       0 |    0 |   430 |      0 |      0 |            0 |
|       dc_blocker_inst                                                                                                       |                                               dc_blocker_valid_stage_a |        140 |        140 |       0 |    0 |    82 |      0 |      0 |            0 |
|       fll_phase_difference_inst                                                                                             |                                           fll_phase_difference_stage_a |        118 |        100 |       0 |   18 |   134 |      0 |      0 |            0 |
|       hybrid_loop_inst                                                                                                      |                                          hybrid_fll_pll_filter_stage_a |        790 |        790 |       0 |    0 |   886 |      0 |      0 |            3 |
|       input_multiplier_i_inst                                                                                               |                                                 input_multiplier_HD412 |          0 |          0 |       0 |    0 |     0 |      0 |      0 |            1 |
|         U0                                                                                                                  |                               input_multiplier_mult_gen_v12_0_14_HD413 |          0 |          0 |       0 |    0 |     0 |      0 |      0 |            1 |
|           i_mult                                                                                                            |                           input_multiplier_mult_gen_v12_0_14_viv_HD414 |          0 |          0 |       0 |    0 |     0 |      0 |      0 |            1 |
|             gDSP.gDSP_only.iDSP                                                                                             |                                             input_multiplier_dsp_HD415 |          0 |          0 |       0 |    0 |     0 |      0 |      0 |            1 |
|       input_multiplier_q_inst                                                                                               |                                                 input_multiplier_HD416 |          0 |          0 |       0 |    0 |     0 |      0 |      0 |            1 |
|         U0                                                                                                                  |                               input_multiplier_mult_gen_v12_0_14_HD417 |          0 |          0 |       0 |    0 |     0 |      0 |      0 |            1 |
|           i_mult                                                                                                            |                           input_multiplier_mult_gen_v12_0_14_viv_HD418 |          0 |          0 |       0 |    0 |     0 |      0 |      0 |            1 |
|             gDSP.gDSP_only.iDSP                                                                                             |                                             input_multiplier_dsp_HD419 |          0 |          0 |       0 |    0 |     0 |      0 |      0 |            1 |
|       loop_state_manager_inst                                                                                               |                                             loop_state_manager_stage_a |        373 |        373 |       0 |    0 |   331 |      0 |      0 |            0 |
|       phase_cordic_inst                                                                                                     |                                                       angle_CORDIC_HD2 |        957 |        940 |       0 |   17 |   990 |      0 |      0 |            0 |
|         U0                                                                                                                  |                                        angle_CORDIC_cordic_v6_0_14_HD3 |        957 |        940 |       0 |   17 |   990 |      0 |      0 |            0 |
|           i_synth                                                                                                           |                                    angle_CORDIC_cordic_v6_0_14_viv_HD4 |        957 |        940 |       0 |   17 |   990 |      0 |      0 |            0 |
|             i_nd_to_rdy                                                                                                     |                                  angle_CORDIC_xbip_pipe_v3_0_5_viv_HD5 |          1 |          0 |       0 |    1 |     2 |      0 |      0 |            0 |
|             i_synth                                                                                                         |                                  angle_CORDIC_cordic_v6_0_14_synth_HD6 |        956 |        940 |       0 |   16 |   988 |      0 |      0 |            0 |
|               gen_cordic.cordic_engine                                                                                      |                                            angle_CORDIC_cordic_eng_HD7 |        828 |        825 |       0 |    3 |   820 |      0 |      0 |            0 |
|                 gen_para_arch.gen_iteration[0].eng                                                                          |                                  angle_CORDIC_cordic_eng_slice_par_HD8 |         41 |         41 |       0 |    0 |    60 |      0 |      0 |            0 |
|                   cntrl                                                                                                     |                             angle_CORDIC_cordic_ctrl_slice_par_248_HD9 |          0 |          0 |       0 |    0 |     1 |      0 |      0 |            0 |
|                     engine_mode_dly                                                                                         |                        angle_CORDIC_delay_bit__parameterized1_265_HD10 |          0 |          0 |       0 |    0 |     1 |      0 |      0 |            0 |
|                   data_slice                                                                                                |                             angle_CORDIC_cordic_dat_acc_slice_par_HD11 |         40 |         40 |       0 |    0 |    40 |      0 |      0 |            0 |
|                     x_plus_y_shift                                                                                          |                           angle_CORDIC_addsub__parameterized3_255_HD12 |         18 |         18 |       0 |    0 |    20 |      0 |      0 |            0 |
|                       inst                                                                                                  |             angle_CORDIC_c_addsub_v12_0_12_viv__parameterized3__3_HD13 |         18 |         18 |       0 |    0 |    20 |      0 |      0 |            0 |
|                         i_baseblox.i_baseblox_addsub                                                                        |         angle_CORDIC_c_addsub_v12_0_12_legacy__parameterized3_261_HD14 |         18 |         18 |       0 |    0 |    20 |      0 |      0 |            0 |
|                           no_pipelining.the_addsub                                                                          |  angle_CORDIC_c_addsub_v12_0_12_fabric_legacy__parameterized3_262_HD15 |         18 |         18 |       0 |    0 |    20 |      0 |      0 |            0 |
|                             i_lut6.i_lut6_addsub                                                                            |    angle_CORDIC_c_addsub_v12_0_12_lut6_legacy__parameterized3_263_HD16 |         18 |         18 |       0 |    0 |    20 |      0 |      0 |            0 |
|                               (i_lut6.i_lut6_addsub)                                                                        |    angle_CORDIC_c_addsub_v12_0_12_lut6_legacy__parameterized3_263_HD16 |         18 |         18 |       0 |    0 |     0 |      0 |      0 |            0 |
|                               i_q.i_simple.qreg                                                                             |             angle_CORDIC_c_reg_fd_v12_0_5_viv__parameterized2_264_HD17 |          0 |          0 |       0 |    0 |    20 |      0 |      0 |            0 |
|                     y_plus_x_shift                                                                                          |                           angle_CORDIC_addsub__parameterized3_256_HD18 |         22 |         22 |       0 |    0 |    20 |      0 |      0 |            0 |
|                       (y_plus_x_shift)                                                                                      |                           angle_CORDIC_addsub__parameterized3_256_HD18 |          1 |          1 |       0 |    0 |     0 |      0 |      0 |            0 |
|                       inst                                                                                                  |             angle_CORDIC_c_addsub_v12_0_12_viv__parameterized3__4_HD19 |         21 |         21 |       0 |    0 |    20 |      0 |      0 |            0 |
|                         i_baseblox.i_baseblox_addsub                                                                        |         angle_CORDIC_c_addsub_v12_0_12_legacy__parameterized3_257_HD20 |         21 |         21 |       0 |    0 |    20 |      0 |      0 |            0 |
|                           no_pipelining.the_addsub                                                                          |  angle_CORDIC_c_addsub_v12_0_12_fabric_legacy__parameterized3_258_HD21 |         21 |         21 |       0 |    0 |    20 |      0 |      0 |            0 |
|                             i_lut6.i_lut6_addsub                                                                            |    angle_CORDIC_c_addsub_v12_0_12_lut6_legacy__parameterized3_259_HD22 |         21 |         21 |       0 |    0 |    20 |      0 |      0 |            0 |
|                               (i_lut6.i_lut6_addsub)                                                                        |    angle_CORDIC_c_addsub_v12_0_12_lut6_legacy__parameterized3_259_HD22 |         21 |         21 |       0 |    0 |     0 |      0 |      0 |            0 |
|                               i_q.i_simple.qreg                                                                             |             angle_CORDIC_c_reg_fd_v12_0_5_viv__parameterized2_260_HD23 |          0 |          0 |       0 |    0 |    20 |      0 |      0 |            0 |
|                   phase_slice                                                                                               |                         angle_CORDIC_cordic_pha_acc_slice_par_249_HD24 |          1 |          1 |       0 |    0 |    19 |      0 |      0 |            0 |
|                     phase_plus_atan                                                                                         |                           angle_CORDIC_addsub__parameterized3_250_HD25 |          1 |          1 |       0 |    0 |    19 |      0 |      0 |            0 |
|                       (phase_plus_atan)                                                                                     |                           angle_CORDIC_addsub__parameterized3_250_HD25 |          1 |          1 |       0 |    0 |     0 |      0 |      0 |            0 |
|                       inst                                                                                                  |             angle_CORDIC_c_addsub_v12_0_12_viv__parameterized3__6_HD26 |          0 |          0 |       0 |    0 |    19 |      0 |      0 |            0 |
|                         i_baseblox.i_baseblox_addsub                                                                        |         angle_CORDIC_c_addsub_v12_0_12_legacy__parameterized3_251_HD27 |          0 |          0 |       0 |    0 |    19 |      0 |      0 |            0 |
|                           no_pipelining.the_addsub                                                                          |  angle_CORDIC_c_addsub_v12_0_12_fabric_legacy__parameterized3_252_HD28 |          0 |          0 |       0 |    0 |    19 |      0 |      0 |            0 |
|                             i_lut6.i_lut6_addsub                                                                            |    angle_CORDIC_c_addsub_v12_0_12_lut6_legacy__parameterized3_253_HD29 |          0 |          0 |       0 |    0 |    19 |      0 |      0 |            0 |
|                               (i_lut6.i_lut6_addsub)                                                                        |    angle_CORDIC_c_addsub_v12_0_12_lut6_legacy__parameterized3_253_HD29 |          0 |          0 |       0 |    0 |     0 |      0 |      0 |            0 |
|                               i_q.i_simple.qreg                                                                             |             angle_CORDIC_c_reg_fd_v12_0_5_viv__parameterized2_254_HD30 |          0 |          0 |       0 |    0 |    19 |      0 |      0 |            0 |
|                 gen_para_arch.gen_iteration[10].eng                                                                         |                angle_CORDIC_cordic_eng_slice_par__parameterized19_HD31 |         62 |         62 |       0 |    0 |    61 |      0 |      0 |            0 |
|                   cntrl                                                                                                     |                            angle_CORDIC_cordic_ctrl_slice_par_230_HD32 |          0 |          0 |       0 |    0 |     1 |      0 |      0 |            0 |
|                     engine_mode_dly                                                                                         |                        angle_CORDIC_delay_bit__parameterized1_247_HD33 |          0 |          0 |       0 |    0 |     1 |      0 |      0 |            0 |
|                   data_slice                                                                                                |            angle_CORDIC_cordic_dat_acc_slice_par__parameterized19_HD34 |         41 |         41 |       0 |    0 |    40 |      0 |      0 |            0 |
|                     x_plus_y_shift                                                                                          |                           angle_CORDIC_addsub__parameterized3_237_HD35 |         20 |         20 |       0 |    0 |    20 |      0 |      0 |            0 |
|                       inst                                                                                                  |            angle_CORDIC_c_addsub_v12_0_12_viv__parameterized3__34_HD36 |         20 |         20 |       0 |    0 |    20 |      0 |      0 |            0 |
|                         i_baseblox.i_baseblox_addsub                                                                        |         angle_CORDIC_c_addsub_v12_0_12_legacy__parameterized3_243_HD37 |         20 |         20 |       0 |    0 |    20 |      0 |      0 |            0 |
|                           no_pipelining.the_addsub                                                                          |  angle_CORDIC_c_addsub_v12_0_12_fabric_legacy__parameterized3_244_HD38 |         20 |         20 |       0 |    0 |    20 |      0 |      0 |            0 |
|                             i_lut6.i_lut6_addsub                                                                            |    angle_CORDIC_c_addsub_v12_0_12_lut6_legacy__parameterized3_245_HD39 |         20 |         20 |       0 |    0 |    20 |      0 |      0 |            0 |
|                               (i_lut6.i_lut6_addsub)                                                                        |    angle_CORDIC_c_addsub_v12_0_12_lut6_legacy__parameterized3_245_HD39 |         20 |         20 |       0 |    0 |     0 |      0 |      0 |            0 |
|                               i_q.i_simple.qreg                                                                             |             angle_CORDIC_c_reg_fd_v12_0_5_viv__parameterized2_246_HD40 |          0 |          0 |       0 |    0 |    20 |      0 |      0 |            0 |
|                     y_plus_x_shift                                                                                          |                           angle_CORDIC_addsub__parameterized3_238_HD41 |         21 |         21 |       0 |    0 |    20 |      0 |      0 |            0 |
|                       (y_plus_x_shift)                                                                                      |                           angle_CORDIC_addsub__parameterized3_238_HD41 |          1 |          1 |       0 |    0 |     0 |      0 |      0 |            0 |
|                       inst                                                                                                  |            angle_CORDIC_c_addsub_v12_0_12_viv__parameterized3__35_HD42 |         20 |         20 |       0 |    0 |    20 |      0 |      0 |            0 |
|                         i_baseblox.i_baseblox_addsub                                                                        |         angle_CORDIC_c_addsub_v12_0_12_legacy__parameterized3_239_HD43 |         20 |         20 |       0 |    0 |    20 |      0 |      0 |            0 |
|                           no_pipelining.the_addsub                                                                          |  angle_CORDIC_c_addsub_v12_0_12_fabric_legacy__parameterized3_240_HD44 |         20 |         20 |       0 |    0 |    20 |      0 |      0 |            0 |
|                             i_lut6.i_lut6_addsub                                                                            |    angle_CORDIC_c_addsub_v12_0_12_lut6_legacy__parameterized3_241_HD45 |         20 |         20 |       0 |    0 |    20 |      0 |      0 |            0 |
|                               (i_lut6.i_lut6_addsub)                                                                        |    angle_CORDIC_c_addsub_v12_0_12_lut6_legacy__parameterized3_241_HD45 |         20 |         20 |       0 |    0 |     0 |      0 |      0 |            0 |
|                               i_q.i_simple.qreg                                                                             |             angle_CORDIC_c_reg_fd_v12_0_5_viv__parameterized2_242_HD46 |          0 |          0 |       0 |    0 |    20 |      0 |      0 |            0 |
|                   phase_slice                                                                                               |                         angle_CORDIC_cordic_pha_acc_slice_par_231_HD47 |         21 |         21 |       0 |    0 |    20 |      0 |      0 |            0 |
|                     phase_plus_atan                                                                                         |                           angle_CORDIC_addsub__parameterized3_232_HD48 |         21 |         21 |       0 |    0 |    20 |      0 |      0 |            0 |
|                       (phase_plus_atan)                                                                                     |                           angle_CORDIC_addsub__parameterized3_232_HD48 |          1 |          1 |       0 |    0 |     0 |      0 |      0 |            0 |
|                       inst                                                                                                  |            angle_CORDIC_c_addsub_v12_0_12_viv__parameterized3__36_HD49 |         20 |         20 |       0 |    0 |    20 |      0 |      0 |            0 |
|                         i_baseblox.i_baseblox_addsub                                                                        |         angle_CORDIC_c_addsub_v12_0_12_legacy__parameterized3_233_HD50 |         20 |         20 |       0 |    0 |    20 |      0 |      0 |            0 |
|                           no_pipelining.the_addsub                                                                          |  angle_CORDIC_c_addsub_v12_0_12_fabric_legacy__parameterized3_234_HD51 |         20 |         20 |       0 |    0 |    20 |      0 |      0 |            0 |
|                             i_lut6.i_lut6_addsub                                                                            |    angle_CORDIC_c_addsub_v12_0_12_lut6_legacy__parameterized3_235_HD52 |         20 |         20 |       0 |    0 |    20 |      0 |      0 |            0 |
|                               (i_lut6.i_lut6_addsub)                                                                        |    angle_CORDIC_c_addsub_v12_0_12_lut6_legacy__parameterized3_235_HD52 |         20 |         20 |       0 |    0 |     0 |      0 |      0 |            0 |
|                               i_q.i_simple.qreg                                                                             |             angle_CORDIC_c_reg_fd_v12_0_5_viv__parameterized2_236_HD53 |          0 |          0 |       0 |    0 |    20 |      0 |      0 |            0 |
|                 gen_para_arch.gen_iteration[11].eng                                                                         |                angle_CORDIC_cordic_eng_slice_par__parameterized21_HD54 |         62 |         62 |       0 |    0 |    61 |      0 |      0 |            0 |
|                   cntrl                                                                                                     |                            angle_CORDIC_cordic_ctrl_slice_par_212_HD55 |          0 |          0 |       0 |    0 |     1 |      0 |      0 |            0 |
|                     engine_mode_dly                                                                                         |                        angle_CORDIC_delay_bit__parameterized1_229_HD56 |          0 |          0 |       0 |    0 |     1 |      0 |      0 |            0 |
|                   data_slice                                                                                                |            angle_CORDIC_cordic_dat_acc_slice_par__parameterized21_HD57 |         41 |         41 |       0 |    0 |    40 |      0 |      0 |            0 |
|                     x_plus_y_shift                                                                                          |                           angle_CORDIC_addsub__parameterized3_219_HD58 |         20 |         20 |       0 |    0 |    20 |      0 |      0 |            0 |
|                       inst                                                                                                  |            angle_CORDIC_c_addsub_v12_0_12_viv__parameterized3__37_HD59 |         20 |         20 |       0 |    0 |    20 |      0 |      0 |            0 |
|                         i_baseblox.i_baseblox_addsub                                                                        |         angle_CORDIC_c_addsub_v12_0_12_legacy__parameterized3_225_HD60 |         20 |         20 |       0 |    0 |    20 |      0 |      0 |            0 |
|                           no_pipelining.the_addsub                                                                          |  angle_CORDIC_c_addsub_v12_0_12_fabric_legacy__parameterized3_226_HD61 |         20 |         20 |       0 |    0 |    20 |      0 |      0 |            0 |
|                             i_lut6.i_lut6_addsub                                                                            |    angle_CORDIC_c_addsub_v12_0_12_lut6_legacy__parameterized3_227_HD62 |         20 |         20 |       0 |    0 |    20 |      0 |      0 |            0 |
|                               (i_lut6.i_lut6_addsub)                                                                        |    angle_CORDIC_c_addsub_v12_0_12_lut6_legacy__parameterized3_227_HD62 |         20 |         20 |       0 |    0 |     0 |      0 |      0 |            0 |
|                               i_q.i_simple.qreg                                                                             |             angle_CORDIC_c_reg_fd_v12_0_5_viv__parameterized2_228_HD63 |          0 |          0 |       0 |    0 |    20 |      0 |      0 |            0 |
|                     y_plus_x_shift                                                                                          |                           angle_CORDIC_addsub__parameterized3_220_HD64 |         21 |         21 |       0 |    0 |    20 |      0 |      0 |            0 |
|                       (y_plus_x_shift)                                                                                      |                           angle_CORDIC_addsub__parameterized3_220_HD64 |          1 |          1 |       0 |    0 |     0 |      0 |      0 |            0 |
|                       inst                                                                                                  |            angle_CORDIC_c_addsub_v12_0_12_viv__parameterized3__38_HD65 |         20 |         20 |       0 |    0 |    20 |      0 |      0 |            0 |
|                         i_baseblox.i_baseblox_addsub                                                                        |         angle_CORDIC_c_addsub_v12_0_12_legacy__parameterized3_221_HD66 |         20 |         20 |       0 |    0 |    20 |      0 |      0 |            0 |
|                           no_pipelining.the_addsub                                                                          |  angle_CORDIC_c_addsub_v12_0_12_fabric_legacy__parameterized3_222_HD67 |         20 |         20 |       0 |    0 |    20 |      0 |      0 |            0 |
|                             i_lut6.i_lut6_addsub                                                                            |    angle_CORDIC_c_addsub_v12_0_12_lut6_legacy__parameterized3_223_HD68 |         20 |         20 |       0 |    0 |    20 |      0 |      0 |            0 |
|                               (i_lut6.i_lut6_addsub)                                                                        |    angle_CORDIC_c_addsub_v12_0_12_lut6_legacy__parameterized3_223_HD68 |         20 |         20 |       0 |    0 |     0 |      0 |      0 |            0 |
|                               i_q.i_simple.qreg                                                                             |             angle_CORDIC_c_reg_fd_v12_0_5_viv__parameterized2_224_HD69 |          0 |          0 |       0 |    0 |    20 |      0 |      0 |            0 |
|                   phase_slice                                                                                               |                         angle_CORDIC_cordic_pha_acc_slice_par_213_HD70 |         21 |         21 |       0 |    0 |    20 |      0 |      0 |            0 |
|                     phase_plus_atan                                                                                         |                           angle_CORDIC_addsub__parameterized3_214_HD71 |         21 |         21 |       0 |    0 |    20 |      0 |      0 |            0 |
|                       (phase_plus_atan)                                                                                     |                           angle_CORDIC_addsub__parameterized3_214_HD71 |          1 |          1 |       0 |    0 |     0 |      0 |      0 |            0 |
|                       inst                                                                                                  |            angle_CORDIC_c_addsub_v12_0_12_viv__parameterized3__39_HD72 |         20 |         20 |       0 |    0 |    20 |      0 |      0 |            0 |
|                         i_baseblox.i_baseblox_addsub                                                                        |         angle_CORDIC_c_addsub_v12_0_12_legacy__parameterized3_215_HD73 |         20 |         20 |       0 |    0 |    20 |      0 |      0 |            0 |
|                           no_pipelining.the_addsub                                                                          |  angle_CORDIC_c_addsub_v12_0_12_fabric_legacy__parameterized3_216_HD74 |         20 |         20 |       0 |    0 |    20 |      0 |      0 |            0 |
|                             i_lut6.i_lut6_addsub                                                                            |    angle_CORDIC_c_addsub_v12_0_12_lut6_legacy__parameterized3_217_HD75 |         20 |         20 |       0 |    0 |    20 |      0 |      0 |            0 |
|                               (i_lut6.i_lut6_addsub)                                                                        |    angle_CORDIC_c_addsub_v12_0_12_lut6_legacy__parameterized3_217_HD75 |         20 |         20 |       0 |    0 |     0 |      0 |      0 |            0 |
|                               i_q.i_simple.qreg                                                                             |             angle_CORDIC_c_reg_fd_v12_0_5_viv__parameterized2_218_HD76 |          0 |          0 |       0 |    0 |    20 |      0 |      0 |            0 |
|                 gen_para_arch.gen_iteration[12].eng                                                                         |                angle_CORDIC_cordic_eng_slice_par__parameterized23_HD77 |         64 |         61 |       0 |    3 |    47 |      0 |      0 |            0 |
|                   cntrl                                                                                                     |                            angle_CORDIC_cordic_ctrl_slice_par_193_HD78 |          3 |          0 |       0 |    3 |     1 |      0 |      0 |            0 |
|                     cntrl_vect_dly                                                                                          |                            angle_CORDIC_delay__parameterized4_210_HD79 |          3 |          0 |       0 |    3 |     0 |      0 |      0 |            0 |
|                     engine_mode_dly                                                                                         |                        angle_CORDIC_delay_bit__parameterized1_211_HD80 |          0 |          0 |       0 |    0 |     1 |      0 |      0 |            0 |
|                   data_slice                                                                                                |            angle_CORDIC_cordic_dat_acc_slice_par__parameterized23_HD81 |         41 |         41 |       0 |    0 |    26 |      0 |      0 |            0 |
|                     x_plus_y_shift                                                                                          |                           angle_CORDIC_addsub__parameterized3_200_HD82 |         20 |         20 |       0 |    0 |    20 |      0 |      0 |            0 |
|                       inst                                                                                                  |            angle_CORDIC_c_addsub_v12_0_12_viv__parameterized3__40_HD83 |         20 |         20 |       0 |    0 |    20 |      0 |      0 |            0 |
|                         i_baseblox.i_baseblox_addsub                                                                        |         angle_CORDIC_c_addsub_v12_0_12_legacy__parameterized3_206_HD84 |         20 |         20 |       0 |    0 |    20 |      0 |      0 |            0 |
|                           no_pipelining.the_addsub                                                                          |  angle_CORDIC_c_addsub_v12_0_12_fabric_legacy__parameterized3_207_HD85 |         20 |         20 |       0 |    0 |    20 |      0 |      0 |            0 |
|                             i_lut6.i_lut6_addsub                                                                            |    angle_CORDIC_c_addsub_v12_0_12_lut6_legacy__parameterized3_208_HD86 |         20 |         20 |       0 |    0 |    20 |      0 |      0 |            0 |
|                               (i_lut6.i_lut6_addsub)                                                                        |    angle_CORDIC_c_addsub_v12_0_12_lut6_legacy__parameterized3_208_HD86 |         20 |         20 |       0 |    0 |     0 |      0 |      0 |            0 |
|                               i_q.i_simple.qreg                                                                             |             angle_CORDIC_c_reg_fd_v12_0_5_viv__parameterized2_209_HD87 |          0 |          0 |       0 |    0 |    20 |      0 |      0 |            0 |
|                     y_plus_x_shift                                                                                          |                           angle_CORDIC_addsub__parameterized3_201_HD88 |         21 |         21 |       0 |    0 |     6 |      0 |      0 |            0 |
|                       (y_plus_x_shift)                                                                                      |                           angle_CORDIC_addsub__parameterized3_201_HD88 |          1 |          1 |       0 |    0 |     0 |      0 |      0 |            0 |
|                       inst                                                                                                  |            angle_CORDIC_c_addsub_v12_0_12_viv__parameterized3__41_HD89 |         20 |         20 |       0 |    0 |     6 |      0 |      0 |            0 |
|                         i_baseblox.i_baseblox_addsub                                                                        |         angle_CORDIC_c_addsub_v12_0_12_legacy__parameterized3_202_HD90 |         20 |         20 |       0 |    0 |     6 |      0 |      0 |            0 |
|                           no_pipelining.the_addsub                                                                          |  angle_CORDIC_c_addsub_v12_0_12_fabric_legacy__parameterized3_203_HD91 |         20 |         20 |       0 |    0 |     6 |      0 |      0 |            0 |
|                             i_lut6.i_lut6_addsub                                                                            |    angle_CORDIC_c_addsub_v12_0_12_lut6_legacy__parameterized3_204_HD92 |         20 |         20 |       0 |    0 |     6 |      0 |      0 |            0 |
|                               (i_lut6.i_lut6_addsub)                                                                        |    angle_CORDIC_c_addsub_v12_0_12_lut6_legacy__parameterized3_204_HD92 |         20 |         20 |       0 |    0 |     0 |      0 |      0 |            0 |
|                               i_q.i_simple.qreg                                                                             |             angle_CORDIC_c_reg_fd_v12_0_5_viv__parameterized2_205_HD93 |          0 |          0 |       0 |    0 |     6 |      0 |      0 |            0 |
|                   phase_slice                                                                                               |                         angle_CORDIC_cordic_pha_acc_slice_par_194_HD94 |         20 |         20 |       0 |    0 |    20 |      0 |      0 |            0 |
|                     phase_plus_atan                                                                                         |                           angle_CORDIC_addsub__parameterized3_195_HD95 |         20 |         20 |       0 |    0 |    20 |      0 |      0 |            0 |
|                       inst                                                                                                  |            angle_CORDIC_c_addsub_v12_0_12_viv__parameterized3__42_HD96 |         20 |         20 |       0 |    0 |    20 |      0 |      0 |            0 |
|                         i_baseblox.i_baseblox_addsub                                                                        |         angle_CORDIC_c_addsub_v12_0_12_legacy__parameterized3_196_HD97 |         20 |         20 |       0 |    0 |    20 |      0 |      0 |            0 |
|                           no_pipelining.the_addsub                                                                          |  angle_CORDIC_c_addsub_v12_0_12_fabric_legacy__parameterized3_197_HD98 |         20 |         20 |       0 |    0 |    20 |      0 |      0 |            0 |
|                             i_lut6.i_lut6_addsub                                                                            |    angle_CORDIC_c_addsub_v12_0_12_lut6_legacy__parameterized3_198_HD99 |         20 |         20 |       0 |    0 |    20 |      0 |      0 |            0 |
|                               (i_lut6.i_lut6_addsub)                                                                        |    angle_CORDIC_c_addsub_v12_0_12_lut6_legacy__parameterized3_198_HD99 |         20 |         20 |       0 |    0 |     0 |      0 |      0 |            0 |
|                               i_q.i_simple.qreg                                                                             |            angle_CORDIC_c_reg_fd_v12_0_5_viv__parameterized2_199_HD100 |          0 |          0 |       0 |    0 |    20 |      0 |      0 |            0 |
|                 gen_para_arch.gen_iteration[13].eng                                                                         |               angle_CORDIC_cordic_eng_slice_par__parameterized25_HD101 |         41 |         41 |       0 |    0 |    42 |      0 |      0 |            0 |
|                   cntrl                                                                                                     |                           angle_CORDIC_cordic_ctrl_slice_par_181_HD102 |          1 |          1 |       0 |    0 |     2 |      0 |      0 |            0 |
|                     cntrl_vect_dly                                                                                          |                               angle_CORDIC_delay__parameterized4_HD103 |          1 |          1 |       0 |    0 |     2 |      0 |      0 |            0 |
|                   data_slice                                                                                                |           angle_CORDIC_cordic_dat_acc_slice_par__parameterized25_HD104 |         20 |         20 |       0 |    0 |    20 |      0 |      0 |            0 |
|                     x_plus_y_shift                                                                                          |                          angle_CORDIC_addsub__parameterized3_188_HD105 |         20 |         20 |       0 |    0 |    20 |      0 |      0 |            0 |
|                       inst                                                                                                  |           angle_CORDIC_c_addsub_v12_0_12_viv__parameterized3__43_HD106 |         20 |         20 |       0 |    0 |    20 |      0 |      0 |            0 |
|                         i_baseblox.i_baseblox_addsub                                                                        |        angle_CORDIC_c_addsub_v12_0_12_legacy__parameterized3_189_HD107 |         20 |         20 |       0 |    0 |    20 |      0 |      0 |            0 |
|                           no_pipelining.the_addsub                                                                          | angle_CORDIC_c_addsub_v12_0_12_fabric_legacy__parameterized3_190_HD108 |         20 |         20 |       0 |    0 |    20 |      0 |      0 |            0 |
|                             i_lut6.i_lut6_addsub                                                                            |   angle_CORDIC_c_addsub_v12_0_12_lut6_legacy__parameterized3_191_HD109 |         20 |         20 |       0 |    0 |    20 |      0 |      0 |            0 |
|                               (i_lut6.i_lut6_addsub)                                                                        |   angle_CORDIC_c_addsub_v12_0_12_lut6_legacy__parameterized3_191_HD109 |         20 |         20 |       0 |    0 |     0 |      0 |      0 |            0 |
|                               i_q.i_simple.qreg                                                                             |            angle_CORDIC_c_reg_fd_v12_0_5_viv__parameterized2_192_HD110 |          0 |          0 |       0 |    0 |    20 |      0 |      0 |            0 |
|                   phase_slice                                                                                               |                        angle_CORDIC_cordic_pha_acc_slice_par_182_HD111 |         20 |         20 |       0 |    0 |    20 |      0 |      0 |            0 |
|                     phase_plus_atan                                                                                         |                          angle_CORDIC_addsub__parameterized3_183_HD112 |         20 |         20 |       0 |    0 |    20 |      0 |      0 |            0 |
|                       inst                                                                                                  |            angle_CORDIC_c_addsub_v12_0_12_viv__parameterized3__5_HD113 |         20 |         20 |       0 |    0 |    20 |      0 |      0 |            0 |
|                         i_baseblox.i_baseblox_addsub                                                                        |        angle_CORDIC_c_addsub_v12_0_12_legacy__parameterized3_184_HD114 |         20 |         20 |       0 |    0 |    20 |      0 |      0 |            0 |
|                           no_pipelining.the_addsub                                                                          | angle_CORDIC_c_addsub_v12_0_12_fabric_legacy__parameterized3_185_HD115 |         20 |         20 |       0 |    0 |    20 |      0 |      0 |            0 |
|                             i_lut6.i_lut6_addsub                                                                            |   angle_CORDIC_c_addsub_v12_0_12_lut6_legacy__parameterized3_186_HD116 |         20 |         20 |       0 |    0 |    20 |      0 |      0 |            0 |
|                               (i_lut6.i_lut6_addsub)                                                                        |   angle_CORDIC_c_addsub_v12_0_12_lut6_legacy__parameterized3_186_HD116 |         20 |         20 |       0 |    0 |     0 |      0 |      0 |            0 |
|                               i_q.i_simple.qreg                                                                             |            angle_CORDIC_c_reg_fd_v12_0_5_viv__parameterized2_187_HD117 |          0 |          0 |       0 |    0 |    20 |      0 |      0 |            0 |
|                 gen_para_arch.gen_iteration[1].eng                                                                          |                angle_CORDIC_cordic_eng_slice_par__parameterized1_HD118 |         62 |         62 |       0 |    0 |    61 |      0 |      0 |            0 |
|                   cntrl                                                                                                     |                           angle_CORDIC_cordic_ctrl_slice_par_163_HD119 |          0 |          0 |       0 |    0 |     1 |      0 |      0 |            0 |
|                     engine_mode_dly                                                                                         |                       angle_CORDIC_delay_bit__parameterized1_180_HD120 |          0 |          0 |       0 |    0 |     1 |      0 |      0 |            0 |
|                   data_slice                                                                                                |            angle_CORDIC_cordic_dat_acc_slice_par__parameterized1_HD121 |         41 |         41 |       0 |    0 |    40 |      0 |      0 |            0 |
|                     x_plus_y_shift                                                                                          |                          angle_CORDIC_addsub__parameterized3_170_HD122 |         20 |         20 |       0 |    0 |    20 |      0 |      0 |            0 |
|                       inst                                                                                                  |            angle_CORDIC_c_addsub_v12_0_12_viv__parameterized3__7_HD123 |         20 |         20 |       0 |    0 |    20 |      0 |      0 |            0 |
|                         i_baseblox.i_baseblox_addsub                                                                        |        angle_CORDIC_c_addsub_v12_0_12_legacy__parameterized3_176_HD124 |         20 |         20 |       0 |    0 |    20 |      0 |      0 |            0 |
|                           no_pipelining.the_addsub                                                                          | angle_CORDIC_c_addsub_v12_0_12_fabric_legacy__parameterized3_177_HD125 |         20 |         20 |       0 |    0 |    20 |      0 |      0 |            0 |
|                             i_lut6.i_lut6_addsub                                                                            |   angle_CORDIC_c_addsub_v12_0_12_lut6_legacy__parameterized3_178_HD126 |         20 |         20 |       0 |    0 |    20 |      0 |      0 |            0 |
|                               (i_lut6.i_lut6_addsub)                                                                        |   angle_CORDIC_c_addsub_v12_0_12_lut6_legacy__parameterized3_178_HD126 |         20 |         20 |       0 |    0 |     0 |      0 |      0 |            0 |
|                               i_q.i_simple.qreg                                                                             |            angle_CORDIC_c_reg_fd_v12_0_5_viv__parameterized2_179_HD127 |          0 |          0 |       0 |    0 |    20 |      0 |      0 |            0 |
|                     y_plus_x_shift                                                                                          |                          angle_CORDIC_addsub__parameterized3_171_HD128 |         21 |         21 |       0 |    0 |    20 |      0 |      0 |            0 |
|                       (y_plus_x_shift)                                                                                      |                          angle_CORDIC_addsub__parameterized3_171_HD128 |          1 |          1 |       0 |    0 |     0 |      0 |      0 |            0 |
|                       inst                                                                                                  |            angle_CORDIC_c_addsub_v12_0_12_viv__parameterized3__8_HD129 |         20 |         20 |       0 |    0 |    20 |      0 |      0 |            0 |
|                         i_baseblox.i_baseblox_addsub                                                                        |        angle_CORDIC_c_addsub_v12_0_12_legacy__parameterized3_172_HD130 |         20 |         20 |       0 |    0 |    20 |      0 |      0 |            0 |
|                           no_pipelining.the_addsub                                                                          | angle_CORDIC_c_addsub_v12_0_12_fabric_legacy__parameterized3_173_HD131 |         20 |         20 |       0 |    0 |    20 |      0 |      0 |            0 |
|                             i_lut6.i_lut6_addsub                                                                            |   angle_CORDIC_c_addsub_v12_0_12_lut6_legacy__parameterized3_174_HD132 |         20 |         20 |       0 |    0 |    20 |      0 |      0 |            0 |
|                               (i_lut6.i_lut6_addsub)                                                                        |   angle_CORDIC_c_addsub_v12_0_12_lut6_legacy__parameterized3_174_HD132 |         20 |         20 |       0 |    0 |     0 |      0 |      0 |            0 |
|                               i_q.i_simple.qreg                                                                             |            angle_CORDIC_c_reg_fd_v12_0_5_viv__parameterized2_175_HD133 |          0 |          0 |       0 |    0 |    20 |      0 |      0 |            0 |
|                   phase_slice                                                                                               |                        angle_CORDIC_cordic_pha_acc_slice_par_164_HD134 |         21 |         21 |       0 |    0 |    20 |      0 |      0 |            0 |
|                     phase_plus_atan                                                                                         |                          angle_CORDIC_addsub__parameterized3_165_HD135 |         21 |         21 |       0 |    0 |    20 |      0 |      0 |            0 |
|                       (phase_plus_atan)                                                                                     |                          angle_CORDIC_addsub__parameterized3_165_HD135 |          1 |          1 |       0 |    0 |     0 |      0 |      0 |            0 |
|                       inst                                                                                                  |            angle_CORDIC_c_addsub_v12_0_12_viv__parameterized3__9_HD136 |         20 |         20 |       0 |    0 |    20 |      0 |      0 |            0 |
|                         i_baseblox.i_baseblox_addsub                                                                        |        angle_CORDIC_c_addsub_v12_0_12_legacy__parameterized3_166_HD137 |         20 |         20 |       0 |    0 |    20 |      0 |      0 |            0 |
|                           no_pipelining.the_addsub                                                                          | angle_CORDIC_c_addsub_v12_0_12_fabric_legacy__parameterized3_167_HD138 |         20 |         20 |       0 |    0 |    20 |      0 |      0 |            0 |
|                             i_lut6.i_lut6_addsub                                                                            |   angle_CORDIC_c_addsub_v12_0_12_lut6_legacy__parameterized3_168_HD139 |         20 |         20 |       0 |    0 |    20 |      0 |      0 |            0 |
|                               (i_lut6.i_lut6_addsub)                                                                        |   angle_CORDIC_c_addsub_v12_0_12_lut6_legacy__parameterized3_168_HD139 |         20 |         20 |       0 |    0 |     0 |      0 |      0 |            0 |
|                               i_q.i_simple.qreg                                                                             |            angle_CORDIC_c_reg_fd_v12_0_5_viv__parameterized2_169_HD140 |          0 |          0 |       0 |    0 |    20 |      0 |      0 |            0 |
|                 gen_para_arch.gen_iteration[2].eng                                                                          |                angle_CORDIC_cordic_eng_slice_par__parameterized3_HD141 |         62 |         62 |       0 |    0 |    61 |      0 |      0 |            0 |
|                   cntrl                                                                                                     |                           angle_CORDIC_cordic_ctrl_slice_par_145_HD142 |          0 |          0 |       0 |    0 |     1 |      0 |      0 |            0 |
|                     engine_mode_dly                                                                                         |                       angle_CORDIC_delay_bit__parameterized1_162_HD143 |          0 |          0 |       0 |    0 |     1 |      0 |      0 |            0 |
|                   data_slice                                                                                                |            angle_CORDIC_cordic_dat_acc_slice_par__parameterized3_HD144 |         41 |         41 |       0 |    0 |    40 |      0 |      0 |            0 |
|                     x_plus_y_shift                                                                                          |                          angle_CORDIC_addsub__parameterized3_152_HD145 |         20 |         20 |       0 |    0 |    20 |      0 |      0 |            0 |
|                       inst                                                                                                  |           angle_CORDIC_c_addsub_v12_0_12_viv__parameterized3__10_HD146 |         20 |         20 |       0 |    0 |    20 |      0 |      0 |            0 |
|                         i_baseblox.i_baseblox_addsub                                                                        |        angle_CORDIC_c_addsub_v12_0_12_legacy__parameterized3_158_HD147 |         20 |         20 |       0 |    0 |    20 |      0 |      0 |            0 |
|                           no_pipelining.the_addsub                                                                          | angle_CORDIC_c_addsub_v12_0_12_fabric_legacy__parameterized3_159_HD148 |         20 |         20 |       0 |    0 |    20 |      0 |      0 |            0 |
|                             i_lut6.i_lut6_addsub                                                                            |   angle_CORDIC_c_addsub_v12_0_12_lut6_legacy__parameterized3_160_HD149 |         20 |         20 |       0 |    0 |    20 |      0 |      0 |            0 |
|                               (i_lut6.i_lut6_addsub)                                                                        |   angle_CORDIC_c_addsub_v12_0_12_lut6_legacy__parameterized3_160_HD149 |         20 |         20 |       0 |    0 |     0 |      0 |      0 |            0 |
|                               i_q.i_simple.qreg                                                                             |            angle_CORDIC_c_reg_fd_v12_0_5_viv__parameterized2_161_HD150 |          0 |          0 |       0 |    0 |    20 |      0 |      0 |            0 |
|                     y_plus_x_shift                                                                                          |                          angle_CORDIC_addsub__parameterized3_153_HD151 |         21 |         21 |       0 |    0 |    20 |      0 |      0 |            0 |
|                       (y_plus_x_shift)                                                                                      |                          angle_CORDIC_addsub__parameterized3_153_HD151 |          1 |          1 |       0 |    0 |     0 |      0 |      0 |            0 |
|                       inst                                                                                                  |           angle_CORDIC_c_addsub_v12_0_12_viv__parameterized3__11_HD152 |         20 |         20 |       0 |    0 |    20 |      0 |      0 |            0 |
|                         i_baseblox.i_baseblox_addsub                                                                        |        angle_CORDIC_c_addsub_v12_0_12_legacy__parameterized3_154_HD153 |         20 |         20 |       0 |    0 |    20 |      0 |      0 |            0 |
|                           no_pipelining.the_addsub                                                                          | angle_CORDIC_c_addsub_v12_0_12_fabric_legacy__parameterized3_155_HD154 |         20 |         20 |       0 |    0 |    20 |      0 |      0 |            0 |
|                             i_lut6.i_lut6_addsub                                                                            |   angle_CORDIC_c_addsub_v12_0_12_lut6_legacy__parameterized3_156_HD155 |         20 |         20 |       0 |    0 |    20 |      0 |      0 |            0 |
|                               (i_lut6.i_lut6_addsub)                                                                        |   angle_CORDIC_c_addsub_v12_0_12_lut6_legacy__parameterized3_156_HD155 |         20 |         20 |       0 |    0 |     0 |      0 |      0 |            0 |
|                               i_q.i_simple.qreg                                                                             |            angle_CORDIC_c_reg_fd_v12_0_5_viv__parameterized2_157_HD156 |          0 |          0 |       0 |    0 |    20 |      0 |      0 |            0 |
|                   phase_slice                                                                                               |                        angle_CORDIC_cordic_pha_acc_slice_par_146_HD157 |         21 |         21 |       0 |    0 |    20 |      0 |      0 |            0 |
|                     phase_plus_atan                                                                                         |                          angle_CORDIC_addsub__parameterized3_147_HD158 |         21 |         21 |       0 |    0 |    20 |      0 |      0 |            0 |
|                       (phase_plus_atan)                                                                                     |                          angle_CORDIC_addsub__parameterized3_147_HD158 |          1 |          1 |       0 |    0 |     0 |      0 |      0 |            0 |
|                       inst                                                                                                  |           angle_CORDIC_c_addsub_v12_0_12_viv__parameterized3__12_HD159 |         20 |         20 |       0 |    0 |    20 |      0 |      0 |            0 |
|                         i_baseblox.i_baseblox_addsub                                                                        |        angle_CORDIC_c_addsub_v12_0_12_legacy__parameterized3_148_HD160 |         20 |         20 |       0 |    0 |    20 |      0 |      0 |            0 |
|                           no_pipelining.the_addsub                                                                          | angle_CORDIC_c_addsub_v12_0_12_fabric_legacy__parameterized3_149_HD161 |         20 |         20 |       0 |    0 |    20 |      0 |      0 |            0 |
|                             i_lut6.i_lut6_addsub                                                                            |   angle_CORDIC_c_addsub_v12_0_12_lut6_legacy__parameterized3_150_HD162 |         20 |         20 |       0 |    0 |    20 |      0 |      0 |            0 |
|                               (i_lut6.i_lut6_addsub)                                                                        |   angle_CORDIC_c_addsub_v12_0_12_lut6_legacy__parameterized3_150_HD162 |         20 |         20 |       0 |    0 |     0 |      0 |      0 |            0 |
|                               i_q.i_simple.qreg                                                                             |            angle_CORDIC_c_reg_fd_v12_0_5_viv__parameterized2_151_HD163 |          0 |          0 |       0 |    0 |    20 |      0 |      0 |            0 |
|                 gen_para_arch.gen_iteration[3].eng                                                                          |                angle_CORDIC_cordic_eng_slice_par__parameterized5_HD164 |         62 |         62 |       0 |    0 |    61 |      0 |      0 |            0 |
|                   cntrl                                                                                                     |                           angle_CORDIC_cordic_ctrl_slice_par_127_HD165 |          0 |          0 |       0 |    0 |     1 |      0 |      0 |            0 |
|                     engine_mode_dly                                                                                         |                       angle_CORDIC_delay_bit__parameterized1_144_HD166 |          0 |          0 |       0 |    0 |     1 |      0 |      0 |            0 |
|                   data_slice                                                                                                |            angle_CORDIC_cordic_dat_acc_slice_par__parameterized5_HD167 |         41 |         41 |       0 |    0 |    40 |      0 |      0 |            0 |
|                     x_plus_y_shift                                                                                          |                          angle_CORDIC_addsub__parameterized3_134_HD168 |         20 |         20 |       0 |    0 |    20 |      0 |      0 |            0 |
|                       inst                                                                                                  |           angle_CORDIC_c_addsub_v12_0_12_viv__parameterized3__13_HD169 |         20 |         20 |       0 |    0 |    20 |      0 |      0 |            0 |
|                         i_baseblox.i_baseblox_addsub                                                                        |        angle_CORDIC_c_addsub_v12_0_12_legacy__parameterized3_140_HD170 |         20 |         20 |       0 |    0 |    20 |      0 |      0 |            0 |
|                           no_pipelining.the_addsub                                                                          | angle_CORDIC_c_addsub_v12_0_12_fabric_legacy__parameterized3_141_HD171 |         20 |         20 |       0 |    0 |    20 |      0 |      0 |            0 |
|                             i_lut6.i_lut6_addsub                                                                            |   angle_CORDIC_c_addsub_v12_0_12_lut6_legacy__parameterized3_142_HD172 |         20 |         20 |       0 |    0 |    20 |      0 |      0 |            0 |
|                               (i_lut6.i_lut6_addsub)                                                                        |   angle_CORDIC_c_addsub_v12_0_12_lut6_legacy__parameterized3_142_HD172 |         20 |         20 |       0 |    0 |     0 |      0 |      0 |            0 |
|                               i_q.i_simple.qreg                                                                             |            angle_CORDIC_c_reg_fd_v12_0_5_viv__parameterized2_143_HD173 |          0 |          0 |       0 |    0 |    20 |      0 |      0 |            0 |
|                     y_plus_x_shift                                                                                          |                          angle_CORDIC_addsub__parameterized3_135_HD174 |         21 |         21 |       0 |    0 |    20 |      0 |      0 |            0 |
|                       (y_plus_x_shift)                                                                                      |                          angle_CORDIC_addsub__parameterized3_135_HD174 |          1 |          1 |       0 |    0 |     0 |      0 |      0 |            0 |
|                       inst                                                                                                  |           angle_CORDIC_c_addsub_v12_0_12_viv__parameterized3__14_HD175 |         20 |         20 |       0 |    0 |    20 |      0 |      0 |            0 |
|                         i_baseblox.i_baseblox_addsub                                                                        |        angle_CORDIC_c_addsub_v12_0_12_legacy__parameterized3_136_HD176 |         20 |         20 |       0 |    0 |    20 |      0 |      0 |            0 |
|                           no_pipelining.the_addsub                                                                          | angle_CORDIC_c_addsub_v12_0_12_fabric_legacy__parameterized3_137_HD177 |         20 |         20 |       0 |    0 |    20 |      0 |      0 |            0 |
|                             i_lut6.i_lut6_addsub                                                                            |   angle_CORDIC_c_addsub_v12_0_12_lut6_legacy__parameterized3_138_HD178 |         20 |         20 |       0 |    0 |    20 |      0 |      0 |            0 |
|                               (i_lut6.i_lut6_addsub)                                                                        |   angle_CORDIC_c_addsub_v12_0_12_lut6_legacy__parameterized3_138_HD178 |         20 |         20 |       0 |    0 |     0 |      0 |      0 |            0 |
|                               i_q.i_simple.qreg                                                                             |            angle_CORDIC_c_reg_fd_v12_0_5_viv__parameterized2_139_HD179 |          0 |          0 |       0 |    0 |    20 |      0 |      0 |            0 |
|                   phase_slice                                                                                               |                        angle_CORDIC_cordic_pha_acc_slice_par_128_HD180 |         21 |         21 |       0 |    0 |    20 |      0 |      0 |            0 |
|                     phase_plus_atan                                                                                         |                          angle_CORDIC_addsub__parameterized3_129_HD181 |         21 |         21 |       0 |    0 |    20 |      0 |      0 |            0 |
|                       (phase_plus_atan)                                                                                     |                          angle_CORDIC_addsub__parameterized3_129_HD181 |          1 |          1 |       0 |    0 |     0 |      0 |      0 |            0 |
|                       inst                                                                                                  |           angle_CORDIC_c_addsub_v12_0_12_viv__parameterized3__15_HD182 |         20 |         20 |       0 |    0 |    20 |      0 |      0 |            0 |
|                         i_baseblox.i_baseblox_addsub                                                                        |        angle_CORDIC_c_addsub_v12_0_12_legacy__parameterized3_130_HD183 |         20 |         20 |       0 |    0 |    20 |      0 |      0 |            0 |
|                           no_pipelining.the_addsub                                                                          | angle_CORDIC_c_addsub_v12_0_12_fabric_legacy__parameterized3_131_HD184 |         20 |         20 |       0 |    0 |    20 |      0 |      0 |            0 |
|                             i_lut6.i_lut6_addsub                                                                            |   angle_CORDIC_c_addsub_v12_0_12_lut6_legacy__parameterized3_132_HD185 |         20 |         20 |       0 |    0 |    20 |      0 |      0 |            0 |
|                               (i_lut6.i_lut6_addsub)                                                                        |   angle_CORDIC_c_addsub_v12_0_12_lut6_legacy__parameterized3_132_HD185 |         20 |         20 |       0 |    0 |     0 |      0 |      0 |            0 |
|                               i_q.i_simple.qreg                                                                             |            angle_CORDIC_c_reg_fd_v12_0_5_viv__parameterized2_133_HD186 |          0 |          0 |       0 |    0 |    20 |      0 |      0 |            0 |
|                 gen_para_arch.gen_iteration[4].eng                                                                          |                angle_CORDIC_cordic_eng_slice_par__parameterized7_HD187 |         62 |         62 |       0 |    0 |    61 |      0 |      0 |            0 |
|                   cntrl                                                                                                     |                           angle_CORDIC_cordic_ctrl_slice_par_109_HD188 |          0 |          0 |       0 |    0 |     1 |      0 |      0 |            0 |
|                     engine_mode_dly                                                                                         |                       angle_CORDIC_delay_bit__parameterized1_126_HD189 |          0 |          0 |       0 |    0 |     1 |      0 |      0 |            0 |
|                   data_slice                                                                                                |            angle_CORDIC_cordic_dat_acc_slice_par__parameterized7_HD190 |         41 |         41 |       0 |    0 |    40 |      0 |      0 |            0 |
|                     x_plus_y_shift                                                                                          |                          angle_CORDIC_addsub__parameterized3_116_HD191 |         20 |         20 |       0 |    0 |    20 |      0 |      0 |            0 |
|                       inst                                                                                                  |           angle_CORDIC_c_addsub_v12_0_12_viv__parameterized3__16_HD192 |         20 |         20 |       0 |    0 |    20 |      0 |      0 |            0 |
|                         i_baseblox.i_baseblox_addsub                                                                        |        angle_CORDIC_c_addsub_v12_0_12_legacy__parameterized3_122_HD193 |         20 |         20 |       0 |    0 |    20 |      0 |      0 |            0 |
|                           no_pipelining.the_addsub                                                                          | angle_CORDIC_c_addsub_v12_0_12_fabric_legacy__parameterized3_123_HD194 |         20 |         20 |       0 |    0 |    20 |      0 |      0 |            0 |
|                             i_lut6.i_lut6_addsub                                                                            |   angle_CORDIC_c_addsub_v12_0_12_lut6_legacy__parameterized3_124_HD195 |         20 |         20 |       0 |    0 |    20 |      0 |      0 |            0 |
|                               (i_lut6.i_lut6_addsub)                                                                        |   angle_CORDIC_c_addsub_v12_0_12_lut6_legacy__parameterized3_124_HD195 |         20 |         20 |       0 |    0 |     0 |      0 |      0 |            0 |
|                               i_q.i_simple.qreg                                                                             |            angle_CORDIC_c_reg_fd_v12_0_5_viv__parameterized2_125_HD196 |          0 |          0 |       0 |    0 |    20 |      0 |      0 |            0 |
|                     y_plus_x_shift                                                                                          |                          angle_CORDIC_addsub__parameterized3_117_HD197 |         21 |         21 |       0 |    0 |    20 |      0 |      0 |            0 |
|                       (y_plus_x_shift)                                                                                      |                          angle_CORDIC_addsub__parameterized3_117_HD197 |          1 |          1 |       0 |    0 |     0 |      0 |      0 |            0 |
|                       inst                                                                                                  |           angle_CORDIC_c_addsub_v12_0_12_viv__parameterized3__17_HD198 |         20 |         20 |       0 |    0 |    20 |      0 |      0 |            0 |
|                         i_baseblox.i_baseblox_addsub                                                                        |        angle_CORDIC_c_addsub_v12_0_12_legacy__parameterized3_118_HD199 |         20 |         20 |       0 |    0 |    20 |      0 |      0 |            0 |
|                           no_pipelining.the_addsub                                                                          | angle_CORDIC_c_addsub_v12_0_12_fabric_legacy__parameterized3_119_HD200 |         20 |         20 |       0 |    0 |    20 |      0 |      0 |            0 |
|                             i_lut6.i_lut6_addsub                                                                            |   angle_CORDIC_c_addsub_v12_0_12_lut6_legacy__parameterized3_120_HD201 |         20 |         20 |       0 |    0 |    20 |      0 |      0 |            0 |
|                               (i_lut6.i_lut6_addsub)                                                                        |   angle_CORDIC_c_addsub_v12_0_12_lut6_legacy__parameterized3_120_HD201 |         20 |         20 |       0 |    0 |     0 |      0 |      0 |            0 |
|                               i_q.i_simple.qreg                                                                             |            angle_CORDIC_c_reg_fd_v12_0_5_viv__parameterized2_121_HD202 |          0 |          0 |       0 |    0 |    20 |      0 |      0 |            0 |
|                   phase_slice                                                                                               |                        angle_CORDIC_cordic_pha_acc_slice_par_110_HD203 |         21 |         21 |       0 |    0 |    20 |      0 |      0 |            0 |
|                     phase_plus_atan                                                                                         |                          angle_CORDIC_addsub__parameterized3_111_HD204 |         21 |         21 |       0 |    0 |    20 |      0 |      0 |            0 |
|                       (phase_plus_atan)                                                                                     |                          angle_CORDIC_addsub__parameterized3_111_HD204 |          1 |          1 |       0 |    0 |     0 |      0 |      0 |            0 |
|                       inst                                                                                                  |           angle_CORDIC_c_addsub_v12_0_12_viv__parameterized3__18_HD205 |         20 |         20 |       0 |    0 |    20 |      0 |      0 |            0 |
|                         i_baseblox.i_baseblox_addsub                                                                        |        angle_CORDIC_c_addsub_v12_0_12_legacy__parameterized3_112_HD206 |         20 |         20 |       0 |    0 |    20 |      0 |      0 |            0 |
|                           no_pipelining.the_addsub                                                                          | angle_CORDIC_c_addsub_v12_0_12_fabric_legacy__parameterized3_113_HD207 |         20 |         20 |       0 |    0 |    20 |      0 |      0 |            0 |
|                             i_lut6.i_lut6_addsub                                                                            |   angle_CORDIC_c_addsub_v12_0_12_lut6_legacy__parameterized3_114_HD208 |         20 |         20 |       0 |    0 |    20 |      0 |      0 |            0 |
|                               (i_lut6.i_lut6_addsub)                                                                        |   angle_CORDIC_c_addsub_v12_0_12_lut6_legacy__parameterized3_114_HD208 |         20 |         20 |       0 |    0 |     0 |      0 |      0 |            0 |
|                               i_q.i_simple.qreg                                                                             |            angle_CORDIC_c_reg_fd_v12_0_5_viv__parameterized2_115_HD209 |          0 |          0 |       0 |    0 |    20 |      0 |      0 |            0 |
|                 gen_para_arch.gen_iteration[5].eng                                                                          |                angle_CORDIC_cordic_eng_slice_par__parameterized9_HD210 |         62 |         62 |       0 |    0 |    61 |      0 |      0 |            0 |
|                   cntrl                                                                                                     |                            angle_CORDIC_cordic_ctrl_slice_par_91_HD211 |          0 |          0 |       0 |    0 |     1 |      0 |      0 |            0 |
|                     engine_mode_dly                                                                                         |                       angle_CORDIC_delay_bit__parameterized1_108_HD212 |          0 |          0 |       0 |    0 |     1 |      0 |      0 |            0 |
|                   data_slice                                                                                                |            angle_CORDIC_cordic_dat_acc_slice_par__parameterized9_HD213 |         41 |         41 |       0 |    0 |    40 |      0 |      0 |            0 |
|                     x_plus_y_shift                                                                                          |                           angle_CORDIC_addsub__parameterized3_98_HD214 |         20 |         20 |       0 |    0 |    20 |      0 |      0 |            0 |
|                       inst                                                                                                  |           angle_CORDIC_c_addsub_v12_0_12_viv__parameterized3__19_HD215 |         20 |         20 |       0 |    0 |    20 |      0 |      0 |            0 |
|                         i_baseblox.i_baseblox_addsub                                                                        |        angle_CORDIC_c_addsub_v12_0_12_legacy__parameterized3_104_HD216 |         20 |         20 |       0 |    0 |    20 |      0 |      0 |            0 |
|                           no_pipelining.the_addsub                                                                          | angle_CORDIC_c_addsub_v12_0_12_fabric_legacy__parameterized3_105_HD217 |         20 |         20 |       0 |    0 |    20 |      0 |      0 |            0 |
|                             i_lut6.i_lut6_addsub                                                                            |   angle_CORDIC_c_addsub_v12_0_12_lut6_legacy__parameterized3_106_HD218 |         20 |         20 |       0 |    0 |    20 |      0 |      0 |            0 |
|                               (i_lut6.i_lut6_addsub)                                                                        |   angle_CORDIC_c_addsub_v12_0_12_lut6_legacy__parameterized3_106_HD218 |         20 |         20 |       0 |    0 |     0 |      0 |      0 |            0 |
|                               i_q.i_simple.qreg                                                                             |            angle_CORDIC_c_reg_fd_v12_0_5_viv__parameterized2_107_HD219 |          0 |          0 |       0 |    0 |    20 |      0 |      0 |            0 |
|                     y_plus_x_shift                                                                                          |                           angle_CORDIC_addsub__parameterized3_99_HD220 |         21 |         21 |       0 |    0 |    20 |      0 |      0 |            0 |
|                       (y_plus_x_shift)                                                                                      |                           angle_CORDIC_addsub__parameterized3_99_HD220 |          1 |          1 |       0 |    0 |     0 |      0 |      0 |            0 |
|                       inst                                                                                                  |           angle_CORDIC_c_addsub_v12_0_12_viv__parameterized3__20_HD221 |         20 |         20 |       0 |    0 |    20 |      0 |      0 |            0 |
|                         i_baseblox.i_baseblox_addsub                                                                        |        angle_CORDIC_c_addsub_v12_0_12_legacy__parameterized3_100_HD222 |         20 |         20 |       0 |    0 |    20 |      0 |      0 |            0 |
|                           no_pipelining.the_addsub                                                                          | angle_CORDIC_c_addsub_v12_0_12_fabric_legacy__parameterized3_101_HD223 |         20 |         20 |       0 |    0 |    20 |      0 |      0 |            0 |
|                             i_lut6.i_lut6_addsub                                                                            |   angle_CORDIC_c_addsub_v12_0_12_lut6_legacy__parameterized3_102_HD224 |         20 |         20 |       0 |    0 |    20 |      0 |      0 |            0 |
|                               (i_lut6.i_lut6_addsub)                                                                        |   angle_CORDIC_c_addsub_v12_0_12_lut6_legacy__parameterized3_102_HD224 |         20 |         20 |       0 |    0 |     0 |      0 |      0 |            0 |
|                               i_q.i_simple.qreg                                                                             |            angle_CORDIC_c_reg_fd_v12_0_5_viv__parameterized2_103_HD225 |          0 |          0 |       0 |    0 |    20 |      0 |      0 |            0 |
|                   phase_slice                                                                                               |                         angle_CORDIC_cordic_pha_acc_slice_par_92_HD226 |         21 |         21 |       0 |    0 |    20 |      0 |      0 |            0 |
|                     phase_plus_atan                                                                                         |                           angle_CORDIC_addsub__parameterized3_93_HD227 |         21 |         21 |       0 |    0 |    20 |      0 |      0 |            0 |
|                       (phase_plus_atan)                                                                                     |                           angle_CORDIC_addsub__parameterized3_93_HD227 |          1 |          1 |       0 |    0 |     0 |      0 |      0 |            0 |
|                       inst                                                                                                  |           angle_CORDIC_c_addsub_v12_0_12_viv__parameterized3__21_HD228 |         20 |         20 |       0 |    0 |    20 |      0 |      0 |            0 |
|                         i_baseblox.i_baseblox_addsub                                                                        |         angle_CORDIC_c_addsub_v12_0_12_legacy__parameterized3_94_HD229 |         20 |         20 |       0 |    0 |    20 |      0 |      0 |            0 |
|                           no_pipelining.the_addsub                                                                          |  angle_CORDIC_c_addsub_v12_0_12_fabric_legacy__parameterized3_95_HD230 |         20 |         20 |       0 |    0 |    20 |      0 |      0 |            0 |
|                             i_lut6.i_lut6_addsub                                                                            |    angle_CORDIC_c_addsub_v12_0_12_lut6_legacy__parameterized3_96_HD231 |         20 |         20 |       0 |    0 |    20 |      0 |      0 |            0 |
|                               (i_lut6.i_lut6_addsub)                                                                        |    angle_CORDIC_c_addsub_v12_0_12_lut6_legacy__parameterized3_96_HD231 |         20 |         20 |       0 |    0 |     0 |      0 |      0 |            0 |
|                               i_q.i_simple.qreg                                                                             |             angle_CORDIC_c_reg_fd_v12_0_5_viv__parameterized2_97_HD232 |          0 |          0 |       0 |    0 |    20 |      0 |      0 |            0 |
|                 gen_para_arch.gen_iteration[6].eng                                                                          |               angle_CORDIC_cordic_eng_slice_par__parameterized11_HD233 |         62 |         62 |       0 |    0 |    61 |      0 |      0 |            0 |
|                   cntrl                                                                                                     |                            angle_CORDIC_cordic_ctrl_slice_par_73_HD234 |          0 |          0 |       0 |    0 |     1 |      0 |      0 |            0 |
|                     engine_mode_dly                                                                                         |                        angle_CORDIC_delay_bit__parameterized1_90_HD235 |          0 |          0 |       0 |    0 |     1 |      0 |      0 |            0 |
|                   data_slice                                                                                                |           angle_CORDIC_cordic_dat_acc_slice_par__parameterized11_HD236 |         41 |         41 |       0 |    0 |    40 |      0 |      0 |            0 |
|                     x_plus_y_shift                                                                                          |                           angle_CORDIC_addsub__parameterized3_80_HD237 |         20 |         20 |       0 |    0 |    20 |      0 |      0 |            0 |
|                       inst                                                                                                  |           angle_CORDIC_c_addsub_v12_0_12_viv__parameterized3__22_HD238 |         20 |         20 |       0 |    0 |    20 |      0 |      0 |            0 |
|                         i_baseblox.i_baseblox_addsub                                                                        |         angle_CORDIC_c_addsub_v12_0_12_legacy__parameterized3_86_HD239 |         20 |         20 |       0 |    0 |    20 |      0 |      0 |            0 |
|                           no_pipelining.the_addsub                                                                          |  angle_CORDIC_c_addsub_v12_0_12_fabric_legacy__parameterized3_87_HD240 |         20 |         20 |       0 |    0 |    20 |      0 |      0 |            0 |
|                             i_lut6.i_lut6_addsub                                                                            |    angle_CORDIC_c_addsub_v12_0_12_lut6_legacy__parameterized3_88_HD241 |         20 |         20 |       0 |    0 |    20 |      0 |      0 |            0 |
|                               (i_lut6.i_lut6_addsub)                                                                        |    angle_CORDIC_c_addsub_v12_0_12_lut6_legacy__parameterized3_88_HD241 |         20 |         20 |       0 |    0 |     0 |      0 |      0 |            0 |
|                               i_q.i_simple.qreg                                                                             |             angle_CORDIC_c_reg_fd_v12_0_5_viv__parameterized2_89_HD242 |          0 |          0 |       0 |    0 |    20 |      0 |      0 |            0 |
|                     y_plus_x_shift                                                                                          |                           angle_CORDIC_addsub__parameterized3_81_HD243 |         21 |         21 |       0 |    0 |    20 |      0 |      0 |            0 |
|                       (y_plus_x_shift)                                                                                      |                           angle_CORDIC_addsub__parameterized3_81_HD243 |          1 |          1 |       0 |    0 |     0 |      0 |      0 |            0 |
|                       inst                                                                                                  |           angle_CORDIC_c_addsub_v12_0_12_viv__parameterized3__23_HD244 |         20 |         20 |       0 |    0 |    20 |      0 |      0 |            0 |
|                         i_baseblox.i_baseblox_addsub                                                                        |         angle_CORDIC_c_addsub_v12_0_12_legacy__parameterized3_82_HD245 |         20 |         20 |       0 |    0 |    20 |      0 |      0 |            0 |
|                           no_pipelining.the_addsub                                                                          |  angle_CORDIC_c_addsub_v12_0_12_fabric_legacy__parameterized3_83_HD246 |         20 |         20 |       0 |    0 |    20 |      0 |      0 |            0 |
|                             i_lut6.i_lut6_addsub                                                                            |    angle_CORDIC_c_addsub_v12_0_12_lut6_legacy__parameterized3_84_HD247 |         20 |         20 |       0 |    0 |    20 |      0 |      0 |            0 |
|                               (i_lut6.i_lut6_addsub)                                                                        |    angle_CORDIC_c_addsub_v12_0_12_lut6_legacy__parameterized3_84_HD247 |         20 |         20 |       0 |    0 |     0 |      0 |      0 |            0 |
|                               i_q.i_simple.qreg                                                                             |             angle_CORDIC_c_reg_fd_v12_0_5_viv__parameterized2_85_HD248 |          0 |          0 |       0 |    0 |    20 |      0 |      0 |            0 |
|                   phase_slice                                                                                               |                         angle_CORDIC_cordic_pha_acc_slice_par_74_HD249 |         21 |         21 |       0 |    0 |    20 |      0 |      0 |            0 |
|                     phase_plus_atan                                                                                         |                           angle_CORDIC_addsub__parameterized3_75_HD250 |         21 |         21 |       0 |    0 |    20 |      0 |      0 |            0 |
|                       (phase_plus_atan)                                                                                     |                           angle_CORDIC_addsub__parameterized3_75_HD250 |          1 |          1 |       0 |    0 |     0 |      0 |      0 |            0 |
|                       inst                                                                                                  |           angle_CORDIC_c_addsub_v12_0_12_viv__parameterized3__24_HD251 |         20 |         20 |       0 |    0 |    20 |      0 |      0 |            0 |
|                         i_baseblox.i_baseblox_addsub                                                                        |         angle_CORDIC_c_addsub_v12_0_12_legacy__parameterized3_76_HD252 |         20 |         20 |       0 |    0 |    20 |      0 |      0 |            0 |
|                           no_pipelining.the_addsub                                                                          |  angle_CORDIC_c_addsub_v12_0_12_fabric_legacy__parameterized3_77_HD253 |         20 |         20 |       0 |    0 |    20 |      0 |      0 |            0 |
|                             i_lut6.i_lut6_addsub                                                                            |    angle_CORDIC_c_addsub_v12_0_12_lut6_legacy__parameterized3_78_HD254 |         20 |         20 |       0 |    0 |    20 |      0 |      0 |            0 |
|                               (i_lut6.i_lut6_addsub)                                                                        |    angle_CORDIC_c_addsub_v12_0_12_lut6_legacy__parameterized3_78_HD254 |         20 |         20 |       0 |    0 |     0 |      0 |      0 |            0 |
|                               i_q.i_simple.qreg                                                                             |             angle_CORDIC_c_reg_fd_v12_0_5_viv__parameterized2_79_HD255 |          0 |          0 |       0 |    0 |    20 |      0 |      0 |            0 |
|                 gen_para_arch.gen_iteration[7].eng                                                                          |               angle_CORDIC_cordic_eng_slice_par__parameterized13_HD256 |         62 |         62 |       0 |    0 |    61 |      0 |      0 |            0 |
|                   cntrl                                                                                                     |                            angle_CORDIC_cordic_ctrl_slice_par_55_HD257 |          0 |          0 |       0 |    0 |     1 |      0 |      0 |            0 |
|                     engine_mode_dly                                                                                         |                        angle_CORDIC_delay_bit__parameterized1_72_HD258 |          0 |          0 |       0 |    0 |     1 |      0 |      0 |            0 |
|                   data_slice                                                                                                |           angle_CORDIC_cordic_dat_acc_slice_par__parameterized13_HD259 |         41 |         41 |       0 |    0 |    40 |      0 |      0 |            0 |
|                     x_plus_y_shift                                                                                          |                           angle_CORDIC_addsub__parameterized3_62_HD260 |         20 |         20 |       0 |    0 |    20 |      0 |      0 |            0 |
|                       inst                                                                                                  |           angle_CORDIC_c_addsub_v12_0_12_viv__parameterized3__25_HD261 |         20 |         20 |       0 |    0 |    20 |      0 |      0 |            0 |
|                         i_baseblox.i_baseblox_addsub                                                                        |         angle_CORDIC_c_addsub_v12_0_12_legacy__parameterized3_68_HD262 |         20 |         20 |       0 |    0 |    20 |      0 |      0 |            0 |
|                           no_pipelining.the_addsub                                                                          |  angle_CORDIC_c_addsub_v12_0_12_fabric_legacy__parameterized3_69_HD263 |         20 |         20 |       0 |    0 |    20 |      0 |      0 |            0 |
|                             i_lut6.i_lut6_addsub                                                                            |    angle_CORDIC_c_addsub_v12_0_12_lut6_legacy__parameterized3_70_HD264 |         20 |         20 |       0 |    0 |    20 |      0 |      0 |            0 |
|                               (i_lut6.i_lut6_addsub)                                                                        |    angle_CORDIC_c_addsub_v12_0_12_lut6_legacy__parameterized3_70_HD264 |         20 |         20 |       0 |    0 |     0 |      0 |      0 |            0 |
|                               i_q.i_simple.qreg                                                                             |             angle_CORDIC_c_reg_fd_v12_0_5_viv__parameterized2_71_HD265 |          0 |          0 |       0 |    0 |    20 |      0 |      0 |            0 |
|                     y_plus_x_shift                                                                                          |                           angle_CORDIC_addsub__parameterized3_63_HD266 |         21 |         21 |       0 |    0 |    20 |      0 |      0 |            0 |
|                       (y_plus_x_shift)                                                                                      |                           angle_CORDIC_addsub__parameterized3_63_HD266 |          1 |          1 |       0 |    0 |     0 |      0 |      0 |            0 |
|                       inst                                                                                                  |           angle_CORDIC_c_addsub_v12_0_12_viv__parameterized3__26_HD267 |         20 |         20 |       0 |    0 |    20 |      0 |      0 |            0 |
|                         i_baseblox.i_baseblox_addsub                                                                        |         angle_CORDIC_c_addsub_v12_0_12_legacy__parameterized3_64_HD268 |         20 |         20 |       0 |    0 |    20 |      0 |      0 |            0 |
|                           no_pipelining.the_addsub                                                                          |  angle_CORDIC_c_addsub_v12_0_12_fabric_legacy__parameterized3_65_HD269 |         20 |         20 |       0 |    0 |    20 |      0 |      0 |            0 |
|                             i_lut6.i_lut6_addsub                                                                            |    angle_CORDIC_c_addsub_v12_0_12_lut6_legacy__parameterized3_66_HD270 |         20 |         20 |       0 |    0 |    20 |      0 |      0 |            0 |
|                               (i_lut6.i_lut6_addsub)                                                                        |    angle_CORDIC_c_addsub_v12_0_12_lut6_legacy__parameterized3_66_HD270 |         20 |         20 |       0 |    0 |     0 |      0 |      0 |            0 |
|                               i_q.i_simple.qreg                                                                             |             angle_CORDIC_c_reg_fd_v12_0_5_viv__parameterized2_67_HD271 |          0 |          0 |       0 |    0 |    20 |      0 |      0 |            0 |
|                   phase_slice                                                                                               |                         angle_CORDIC_cordic_pha_acc_slice_par_56_HD272 |         21 |         21 |       0 |    0 |    20 |      0 |      0 |            0 |
|                     phase_plus_atan                                                                                         |                           angle_CORDIC_addsub__parameterized3_57_HD273 |         21 |         21 |       0 |    0 |    20 |      0 |      0 |            0 |
|                       (phase_plus_atan)                                                                                     |                           angle_CORDIC_addsub__parameterized3_57_HD273 |          1 |          1 |       0 |    0 |     0 |      0 |      0 |            0 |
|                       inst                                                                                                  |           angle_CORDIC_c_addsub_v12_0_12_viv__parameterized3__27_HD274 |         20 |         20 |       0 |    0 |    20 |      0 |      0 |            0 |
|                         i_baseblox.i_baseblox_addsub                                                                        |         angle_CORDIC_c_addsub_v12_0_12_legacy__parameterized3_58_HD275 |         20 |         20 |       0 |    0 |    20 |      0 |      0 |            0 |
|                           no_pipelining.the_addsub                                                                          |  angle_CORDIC_c_addsub_v12_0_12_fabric_legacy__parameterized3_59_HD276 |         20 |         20 |       0 |    0 |    20 |      0 |      0 |            0 |
|                             i_lut6.i_lut6_addsub                                                                            |    angle_CORDIC_c_addsub_v12_0_12_lut6_legacy__parameterized3_60_HD277 |         20 |         20 |       0 |    0 |    20 |      0 |      0 |            0 |
|                               (i_lut6.i_lut6_addsub)                                                                        |    angle_CORDIC_c_addsub_v12_0_12_lut6_legacy__parameterized3_60_HD277 |         20 |         20 |       0 |    0 |     0 |      0 |      0 |            0 |
|                               i_q.i_simple.qreg                                                                             |             angle_CORDIC_c_reg_fd_v12_0_5_viv__parameterized2_61_HD278 |          0 |          0 |       0 |    0 |    20 |      0 |      0 |            0 |
|                 gen_para_arch.gen_iteration[8].eng                                                                          |               angle_CORDIC_cordic_eng_slice_par__parameterized15_HD279 |         62 |         62 |       0 |    0 |    61 |      0 |      0 |            0 |
|                   cntrl                                                                                                     |                            angle_CORDIC_cordic_ctrl_slice_par_37_HD280 |          0 |          0 |       0 |    0 |     1 |      0 |      0 |            0 |
|                     engine_mode_dly                                                                                         |                        angle_CORDIC_delay_bit__parameterized1_54_HD281 |          0 |          0 |       0 |    0 |     1 |      0 |      0 |            0 |
|                   data_slice                                                                                                |           angle_CORDIC_cordic_dat_acc_slice_par__parameterized15_HD282 |         41 |         41 |       0 |    0 |    40 |      0 |      0 |            0 |
|                     x_plus_y_shift                                                                                          |                           angle_CORDIC_addsub__parameterized3_44_HD283 |         20 |         20 |       0 |    0 |    20 |      0 |      0 |            0 |
|                       inst                                                                                                  |           angle_CORDIC_c_addsub_v12_0_12_viv__parameterized3__28_HD284 |         20 |         20 |       0 |    0 |    20 |      0 |      0 |            0 |
|                         i_baseblox.i_baseblox_addsub                                                                        |         angle_CORDIC_c_addsub_v12_0_12_legacy__parameterized3_50_HD285 |         20 |         20 |       0 |    0 |    20 |      0 |      0 |            0 |
|                           no_pipelining.the_addsub                                                                          |  angle_CORDIC_c_addsub_v12_0_12_fabric_legacy__parameterized3_51_HD286 |         20 |         20 |       0 |    0 |    20 |      0 |      0 |            0 |
|                             i_lut6.i_lut6_addsub                                                                            |    angle_CORDIC_c_addsub_v12_0_12_lut6_legacy__parameterized3_52_HD287 |         20 |         20 |       0 |    0 |    20 |      0 |      0 |            0 |
|                               (i_lut6.i_lut6_addsub)                                                                        |    angle_CORDIC_c_addsub_v12_0_12_lut6_legacy__parameterized3_52_HD287 |         20 |         20 |       0 |    0 |     0 |      0 |      0 |            0 |
|                               i_q.i_simple.qreg                                                                             |             angle_CORDIC_c_reg_fd_v12_0_5_viv__parameterized2_53_HD288 |          0 |          0 |       0 |    0 |    20 |      0 |      0 |            0 |
|                     y_plus_x_shift                                                                                          |                           angle_CORDIC_addsub__parameterized3_45_HD289 |         21 |         21 |       0 |    0 |    20 |      0 |      0 |            0 |
|                       (y_plus_x_shift)                                                                                      |                           angle_CORDIC_addsub__parameterized3_45_HD289 |          1 |          1 |       0 |    0 |     0 |      0 |      0 |            0 |
|                       inst                                                                                                  |           angle_CORDIC_c_addsub_v12_0_12_viv__parameterized3__29_HD290 |         20 |         20 |       0 |    0 |    20 |      0 |      0 |            0 |
|                         i_baseblox.i_baseblox_addsub                                                                        |         angle_CORDIC_c_addsub_v12_0_12_legacy__parameterized3_46_HD291 |         20 |         20 |       0 |    0 |    20 |      0 |      0 |            0 |
|                           no_pipelining.the_addsub                                                                          |  angle_CORDIC_c_addsub_v12_0_12_fabric_legacy__parameterized3_47_HD292 |         20 |         20 |       0 |    0 |    20 |      0 |      0 |            0 |
|                             i_lut6.i_lut6_addsub                                                                            |    angle_CORDIC_c_addsub_v12_0_12_lut6_legacy__parameterized3_48_HD293 |         20 |         20 |       0 |    0 |    20 |      0 |      0 |            0 |
|                               (i_lut6.i_lut6_addsub)                                                                        |    angle_CORDIC_c_addsub_v12_0_12_lut6_legacy__parameterized3_48_HD293 |         20 |         20 |       0 |    0 |     0 |      0 |      0 |            0 |
|                               i_q.i_simple.qreg                                                                             |             angle_CORDIC_c_reg_fd_v12_0_5_viv__parameterized2_49_HD294 |          0 |          0 |       0 |    0 |    20 |      0 |      0 |            0 |
|                   phase_slice                                                                                               |                         angle_CORDIC_cordic_pha_acc_slice_par_38_HD295 |         21 |         21 |       0 |    0 |    20 |      0 |      0 |            0 |
|                     phase_plus_atan                                                                                         |                           angle_CORDIC_addsub__parameterized3_39_HD296 |         21 |         21 |       0 |    0 |    20 |      0 |      0 |            0 |
|                       (phase_plus_atan)                                                                                     |                           angle_CORDIC_addsub__parameterized3_39_HD296 |          1 |          1 |       0 |    0 |     0 |      0 |      0 |            0 |
|                       inst                                                                                                  |           angle_CORDIC_c_addsub_v12_0_12_viv__parameterized3__30_HD297 |         20 |         20 |       0 |    0 |    20 |      0 |      0 |            0 |
|                         i_baseblox.i_baseblox_addsub                                                                        |         angle_CORDIC_c_addsub_v12_0_12_legacy__parameterized3_40_HD298 |         20 |         20 |       0 |    0 |    20 |      0 |      0 |            0 |
|                           no_pipelining.the_addsub                                                                          |  angle_CORDIC_c_addsub_v12_0_12_fabric_legacy__parameterized3_41_HD299 |         20 |         20 |       0 |    0 |    20 |      0 |      0 |            0 |
|                             i_lut6.i_lut6_addsub                                                                            |    angle_CORDIC_c_addsub_v12_0_12_lut6_legacy__parameterized3_42_HD300 |         20 |         20 |       0 |    0 |    20 |      0 |      0 |            0 |
|                               (i_lut6.i_lut6_addsub)                                                                        |    angle_CORDIC_c_addsub_v12_0_12_lut6_legacy__parameterized3_42_HD300 |         20 |         20 |       0 |    0 |     0 |      0 |      0 |            0 |
|                               i_q.i_simple.qreg                                                                             |             angle_CORDIC_c_reg_fd_v12_0_5_viv__parameterized2_43_HD301 |          0 |          0 |       0 |    0 |    20 |      0 |      0 |            0 |
|                 gen_para_arch.gen_iteration[9].eng                                                                          |               angle_CORDIC_cordic_eng_slice_par__parameterized17_HD302 |         62 |         62 |       0 |    0 |    61 |      0 |      0 |            0 |
|                   cntrl                                                                                                     |                               angle_CORDIC_cordic_ctrl_slice_par_HD303 |          0 |          0 |       0 |    0 |     1 |      0 |      0 |            0 |
|                     engine_mode_dly                                                                                         |                        angle_CORDIC_delay_bit__parameterized1_36_HD304 |          0 |          0 |       0 |    0 |     1 |      0 |      0 |            0 |
|                   data_slice                                                                                                |           angle_CORDIC_cordic_dat_acc_slice_par__parameterized17_HD305 |         41 |         41 |       0 |    0 |    40 |      0 |      0 |            0 |
|                     x_plus_y_shift                                                                                          |                           angle_CORDIC_addsub__parameterized3_26_HD306 |         20 |         20 |       0 |    0 |    20 |      0 |      0 |            0 |
|                       inst                                                                                                  |           angle_CORDIC_c_addsub_v12_0_12_viv__parameterized3__31_HD307 |         20 |         20 |       0 |    0 |    20 |      0 |      0 |            0 |
|                         i_baseblox.i_baseblox_addsub                                                                        |         angle_CORDIC_c_addsub_v12_0_12_legacy__parameterized3_32_HD308 |         20 |         20 |       0 |    0 |    20 |      0 |      0 |            0 |
|                           no_pipelining.the_addsub                                                                          |  angle_CORDIC_c_addsub_v12_0_12_fabric_legacy__parameterized3_33_HD309 |         20 |         20 |       0 |    0 |    20 |      0 |      0 |            0 |
|                             i_lut6.i_lut6_addsub                                                                            |    angle_CORDIC_c_addsub_v12_0_12_lut6_legacy__parameterized3_34_HD310 |         20 |         20 |       0 |    0 |    20 |      0 |      0 |            0 |
|                               (i_lut6.i_lut6_addsub)                                                                        |    angle_CORDIC_c_addsub_v12_0_12_lut6_legacy__parameterized3_34_HD310 |         20 |         20 |       0 |    0 |     0 |      0 |      0 |            0 |
|                               i_q.i_simple.qreg                                                                             |             angle_CORDIC_c_reg_fd_v12_0_5_viv__parameterized2_35_HD311 |          0 |          0 |       0 |    0 |    20 |      0 |      0 |            0 |
|                     y_plus_x_shift                                                                                          |                           angle_CORDIC_addsub__parameterized3_27_HD312 |         21 |         21 |       0 |    0 |    20 |      0 |      0 |            0 |
|                       (y_plus_x_shift)                                                                                      |                           angle_CORDIC_addsub__parameterized3_27_HD312 |          1 |          1 |       0 |    0 |     0 |      0 |      0 |            0 |
|                       inst                                                                                                  |           angle_CORDIC_c_addsub_v12_0_12_viv__parameterized3__32_HD313 |         20 |         20 |       0 |    0 |    20 |      0 |      0 |            0 |
|                         i_baseblox.i_baseblox_addsub                                                                        |         angle_CORDIC_c_addsub_v12_0_12_legacy__parameterized3_28_HD314 |         20 |         20 |       0 |    0 |    20 |      0 |      0 |            0 |
|                           no_pipelining.the_addsub                                                                          |  angle_CORDIC_c_addsub_v12_0_12_fabric_legacy__parameterized3_29_HD315 |         20 |         20 |       0 |    0 |    20 |      0 |      0 |            0 |
|                             i_lut6.i_lut6_addsub                                                                            |    angle_CORDIC_c_addsub_v12_0_12_lut6_legacy__parameterized3_30_HD316 |         20 |         20 |       0 |    0 |    20 |      0 |      0 |            0 |
|                               (i_lut6.i_lut6_addsub)                                                                        |    angle_CORDIC_c_addsub_v12_0_12_lut6_legacy__parameterized3_30_HD316 |         20 |         20 |       0 |    0 |     0 |      0 |      0 |            0 |
|                               i_q.i_simple.qreg                                                                             |             angle_CORDIC_c_reg_fd_v12_0_5_viv__parameterized2_31_HD317 |          0 |          0 |       0 |    0 |    20 |      0 |      0 |            0 |
|                   phase_slice                                                                                               |                            angle_CORDIC_cordic_pha_acc_slice_par_HD318 |         21 |         21 |       0 |    0 |    20 |      0 |      0 |            0 |
|                     phase_plus_atan                                                                                         |                           angle_CORDIC_addsub__parameterized3_21_HD319 |         21 |         21 |       0 |    0 |    20 |      0 |      0 |            0 |
|                       (phase_plus_atan)                                                                                     |                           angle_CORDIC_addsub__parameterized3_21_HD319 |          1 |          1 |       0 |    0 |     0 |      0 |      0 |            0 |
|                       inst                                                                                                  |           angle_CORDIC_c_addsub_v12_0_12_viv__parameterized3__33_HD320 |         20 |         20 |       0 |    0 |    20 |      0 |      0 |            0 |
|                         i_baseblox.i_baseblox_addsub                                                                        |         angle_CORDIC_c_addsub_v12_0_12_legacy__parameterized3_22_HD321 |         20 |         20 |       0 |    0 |    20 |      0 |      0 |            0 |
|                           no_pipelining.the_addsub                                                                          |  angle_CORDIC_c_addsub_v12_0_12_fabric_legacy__parameterized3_23_HD322 |         20 |         20 |       0 |    0 |    20 |      0 |      0 |            0 |
|                             i_lut6.i_lut6_addsub                                                                            |    angle_CORDIC_c_addsub_v12_0_12_lut6_legacy__parameterized3_24_HD323 |         20 |         20 |       0 |    0 |    20 |      0 |      0 |            0 |
|                               (i_lut6.i_lut6_addsub)                                                                        |    angle_CORDIC_c_addsub_v12_0_12_lut6_legacy__parameterized3_24_HD323 |         20 |         20 |       0 |    0 |     0 |      0 |      0 |            0 |
|                               i_q.i_simple.qreg                                                                             |             angle_CORDIC_c_reg_fd_v12_0_5_viv__parameterized2_25_HD324 |          0 |          0 |       0 |    0 |    20 |      0 |      0 |            0 |
|               gen_cordic.input_stage                                                                                        |                                   angle_CORDIC_cordic_inp_config_HD325 |         86 |         85 |       0 |    1 |    72 |      0 |      0 |            0 |
|                 (gen_cordic.input_stage)                                                                                    |                                   angle_CORDIC_cordic_inp_config_HD325 |         18 |         18 |       0 |    0 |     0 |      0 |      0 |            0 |
|                 gen_rotation.gen_rot_control.gen_nd_cr                                                                      |                                         angle_CORDIC_delay_bit_7_HD326 |          1 |          0 |       0 |    1 |     0 |      0 |      0 |            0 |
|                 gen_rotation.gen_rot_xy.gen_data_x_int_dly                                                                  |                                             angle_CORDIC_delay_8_HD327 |          0 |          0 |       0 |    0 |    16 |      0 |      0 |            0 |
|                 gen_rotation.gen_rot_xy.gen_data_y_int_dly                                                                  |                                             angle_CORDIC_delay_9_HD328 |          0 |          0 |       0 |    0 |    16 |      0 |      0 |            0 |
|                 gen_rotation.gen_rot_xy.gen_neg_data_x_swap                                                                 |                           angle_CORDIC_addsub__parameterized3_10_HD329 |         16 |         16 |       0 |    0 |    19 |      0 |      0 |            0 |
|                   inst                                                                                                      |            angle_CORDIC_c_addsub_v12_0_12_viv__parameterized3__1_HD330 |         16 |         16 |       0 |    0 |    19 |      0 |      0 |            0 |
|                     i_baseblox.i_baseblox_addsub                                                                            |         angle_CORDIC_c_addsub_v12_0_12_legacy__parameterized3_17_HD331 |         16 |         16 |       0 |    0 |    19 |      0 |      0 |            0 |
|                       no_pipelining.the_addsub                                                                              |  angle_CORDIC_c_addsub_v12_0_12_fabric_legacy__parameterized3_18_HD332 |         16 |         16 |       0 |    0 |    19 |      0 |      0 |            0 |
|                         i_lut6.i_lut6_addsub                                                                                |    angle_CORDIC_c_addsub_v12_0_12_lut6_legacy__parameterized3_19_HD333 |         16 |         16 |       0 |    0 |    19 |      0 |      0 |            0 |
|                           (i_lut6.i_lut6_addsub)                                                                            |    angle_CORDIC_c_addsub_v12_0_12_lut6_legacy__parameterized3_19_HD333 |         16 |         16 |       0 |    0 |     0 |      0 |      0 |            0 |
|                           i_q.i_simple.qreg                                                                                 |             angle_CORDIC_c_reg_fd_v12_0_5_viv__parameterized2_20_HD334 |          0 |          0 |       0 |    0 |    19 |      0 |      0 |            0 |
|                 gen_rotation.gen_rot_xy.gen_neg_data_y_swap                                                                 |                           angle_CORDIC_addsub__parameterized3_11_HD335 |         17 |         17 |       0 |    0 |    19 |      0 |      0 |            0 |
|                   (gen_rotation.gen_rot_xy.gen_neg_data_y_swap)                                                             |                           angle_CORDIC_addsub__parameterized3_11_HD335 |          1 |          1 |       0 |    0 |     0 |      0 |      0 |            0 |
|                   inst                                                                                                      |            angle_CORDIC_c_addsub_v12_0_12_viv__parameterized3__2_HD336 |         16 |         16 |       0 |    0 |    19 |      0 |      0 |            0 |
|                     i_baseblox.i_baseblox_addsub                                                                            |         angle_CORDIC_c_addsub_v12_0_12_legacy__parameterized3_13_HD337 |         16 |         16 |       0 |    0 |    19 |      0 |      0 |            0 |
|                       no_pipelining.the_addsub                                                                              |  angle_CORDIC_c_addsub_v12_0_12_fabric_legacy__parameterized3_14_HD338 |         16 |         16 |       0 |    0 |    19 |      0 |      0 |            0 |
|                         i_lut6.i_lut6_addsub                                                                                |    angle_CORDIC_c_addsub_v12_0_12_lut6_legacy__parameterized3_15_HD339 |         16 |         16 |       0 |    0 |    19 |      0 |      0 |            0 |
|                           (i_lut6.i_lut6_addsub)                                                                            |    angle_CORDIC_c_addsub_v12_0_12_lut6_legacy__parameterized3_15_HD339 |         16 |         16 |       0 |    0 |     0 |      0 |      0 |            0 |
|                           i_q.i_simple.qreg                                                                                 |             angle_CORDIC_c_reg_fd_v12_0_5_viv__parameterized2_16_HD340 |          0 |          0 |       0 |    0 |    19 |      0 |      0 |            0 |
|                 gen_rotation.gen_rot_xy.gen_x_min_y                                                                         |                                              angle_CORDIC_addsub_HD341 |         17 |         17 |       0 |    0 |     1 |      0 |      0 |            0 |
|                   inst                                                                                                      |                               angle_CORDIC_c_addsub_v12_0_12_viv_HD342 |         17 |         17 |       0 |    0 |     1 |      0 |      0 |            0 |
|                     i_baseblox.i_baseblox_addsub                                                                            |                            angle_CORDIC_c_addsub_v12_0_12_legacy_HD343 |         17 |         17 |       0 |    0 |     1 |      0 |      0 |            0 |
|                       no_pipelining.the_addsub                                                                              |                     angle_CORDIC_c_addsub_v12_0_12_fabric_legacy_HD344 |         17 |         17 |       0 |    0 |     1 |      0 |      0 |            0 |
|                         i_lut6.i_lut6_addsub                                                                                |                       angle_CORDIC_c_addsub_v12_0_12_lut6_legacy_HD345 |         17 |         17 |       0 |    0 |     1 |      0 |      0 |            0 |
|                           (i_lut6.i_lut6_addsub)                                                                            |                       angle_CORDIC_c_addsub_v12_0_12_lut6_legacy_HD345 |         17 |         17 |       0 |    0 |     0 |      0 |      0 |            0 |
|                           i_q.i_simple.qreg                                                                                 |                             angle_CORDIC_c_reg_fd_v12_0_5_viv_12_HD346 |          0 |          0 |       0 |    0 |     1 |      0 |      0 |            0 |
|                 gen_rotation.gen_rot_xy.gen_x_plus_y                                                                        |                              angle_CORDIC_addsub__parameterized1_HD347 |         17 |         17 |       0 |    0 |     1 |      0 |      0 |            0 |
|                   inst                                                                                                      |               angle_CORDIC_c_addsub_v12_0_12_viv__parameterized1_HD348 |         17 |         17 |       0 |    0 |     1 |      0 |      0 |            0 |
|                     i_baseblox.i_baseblox_addsub                                                                            |            angle_CORDIC_c_addsub_v12_0_12_legacy__parameterized1_HD349 |         17 |         17 |       0 |    0 |     1 |      0 |      0 |            0 |
|                       no_pipelining.the_addsub                                                                              |     angle_CORDIC_c_addsub_v12_0_12_fabric_legacy__parameterized1_HD350 |         17 |         17 |       0 |    0 |     1 |      0 |      0 |            0 |
|                         i_lut6.i_lut6_addsub                                                                                |       angle_CORDIC_c_addsub_v12_0_12_lut6_legacy__parameterized1_HD351 |         17 |         17 |       0 |    0 |     1 |      0 |      0 |            0 |
|                           (i_lut6.i_lut6_addsub)                                                                            |       angle_CORDIC_c_addsub_v12_0_12_lut6_legacy__parameterized1_HD351 |         17 |         17 |       0 |    0 |     0 |      0 |      0 |            0 |
|                           i_q.i_simple.qreg                                                                                 |                                angle_CORDIC_c_reg_fd_v12_0_5_viv_HD352 |          0 |          0 |       0 |    0 |     1 |      0 |      0 |            0 |
|               gen_cordic.output_stage                                                                                       |                                   angle_CORDIC_cordic_out_config_HD353 |         42 |         30 |       0 |   12 |    96 |      0 |      0 |            0 |
|                 (gen_cordic.output_stage)                                                                                   |                                   angle_CORDIC_cordic_out_config_HD353 |          1 |          1 |       0 |    0 |     0 |      0 |      0 |            0 |
|                 gen_phase_out.round                                                                                         |                                        angle_CORDIC_cordic_round_HD354 |          3 |          3 |       0 |    0 |    16 |      0 |      0 |            0 |
|                   gen_nearest_even.adder                                                                                    |                            angle_CORDIC_addsub__parameterized5_2_HD355 |          3 |          3 |       0 |    0 |    16 |      0 |      0 |            0 |
|                     inst                                                                                                    |               angle_CORDIC_c_addsub_v12_0_12_viv__parameterized5_HD356 |          3 |          3 |       0 |    0 |    16 |      0 |      0 |            0 |
|                       i_baseblox.i_baseblox_addsub                                                                          |          angle_CORDIC_c_addsub_v12_0_12_legacy__parameterized5_3_HD357 |          3 |          3 |       0 |    0 |    16 |      0 |      0 |            0 |
|                         no_pipelining.the_addsub                                                                            |   angle_CORDIC_c_addsub_v12_0_12_fabric_legacy__parameterized5_4_HD358 |          3 |          3 |       0 |    0 |    16 |      0 |      0 |            0 |
|                           i_lut6.i_lut6_addsub                                                                              |     angle_CORDIC_c_addsub_v12_0_12_lut6_legacy__parameterized5_5_HD359 |          3 |          3 |       0 |    0 |    16 |      0 |      0 |            0 |
|                             (i_lut6.i_lut6_addsub)                                                                          |     angle_CORDIC_c_addsub_v12_0_12_lut6_legacy__parameterized5_5_HD359 |          3 |          3 |       0 |    0 |     0 |      0 |      0 |            0 |
|                             i_q.i_simple.qreg                                                                               |              angle_CORDIC_c_reg_fd_v12_0_5_viv__parameterized4_6_HD360 |          0 |          0 |       0 |    0 |    16 |      0 |      0 |            0 |
|                 gen_rotation.gen_rdy_cr                                                                                     |                                           angle_CORDIC_delay_bit_HD361 |          0 |          0 |       0 |    0 |     1 |      0 |      0 |            0 |
|                 gen_rotation.gen_translate.gen_phase_addsub_reg                                                             |                           angle_CORDIC_delay_bit__parameterized1_HD362 |          0 |          0 |       0 |    0 |     1 |      0 |      0 |            0 |
|                 gen_rotation.gen_translate.gen_phase_cr                                                                     |                              angle_CORDIC_addsub__parameterized3_HD363 |         22 |         22 |       0 |    0 |    20 |      0 |      0 |            0 |
|                   (gen_rotation.gen_translate.gen_phase_cr)                                                                 |                              angle_CORDIC_addsub__parameterized3_HD363 |          1 |          1 |       0 |    0 |     0 |      0 |      0 |            0 |
|                   inst                                                                                                      |               angle_CORDIC_c_addsub_v12_0_12_viv__parameterized3_HD364 |         21 |         21 |       0 |    0 |    20 |      0 |      0 |            0 |
|                     i_baseblox.i_baseblox_addsub                                                                            |            angle_CORDIC_c_addsub_v12_0_12_legacy__parameterized3_HD365 |         21 |         21 |       0 |    0 |    20 |      0 |      0 |            0 |
|                       no_pipelining.the_addsub                                                                              |     angle_CORDIC_c_addsub_v12_0_12_fabric_legacy__parameterized3_HD366 |         21 |         21 |       0 |    0 |    20 |      0 |      0 |            0 |
|                         i_lut6.i_lut6_addsub                                                                                |       angle_CORDIC_c_addsub_v12_0_12_lut6_legacy__parameterized3_HD367 |         21 |         21 |       0 |    0 |    20 |      0 |      0 |            0 |
|                           (i_lut6.i_lut6_addsub)                                                                            |       angle_CORDIC_c_addsub_v12_0_12_lut6_legacy__parameterized3_HD367 |         21 |         21 |       0 |    0 |     0 |      0 |      0 |            0 |
|                           i_q.i_simple.qreg                                                                                 |                angle_CORDIC_c_reg_fd_v12_0_5_viv__parameterized2_HD368 |          0 |          0 |       0 |    0 |    20 |      0 |      0 |            0 |
|                 gen_rotation.gen_translate.gen_phase_in_reg                                                                 |                                               angle_CORDIC_delay_HD369 |          0 |          0 |       0 |    0 |    20 |      0 |      0 |            0 |
|                 gen_rotation.gen_translate.gen_phase_rot_reg                                                                |                                             angle_CORDIC_delay_0_HD370 |          0 |          0 |       0 |    0 |     2 |      0 |      0 |            0 |
|                 gen_rotation.gen_translate.gen_x_out.gen_data_x_cr                                                          |                               angle_CORDIC_delay__parameterized6_HD371 |         13 |          1 |       0 |   12 |    20 |      0 |      0 |            0 |
|                 gen_x_out.round                                                                                             |                                      angle_CORDIC_cordic_round_1_HD372 |          3 |          3 |       0 |    0 |    16 |      0 |      0 |            0 |
|                   gen_nearest_even.adder                                                                                    |                              angle_CORDIC_addsub__parameterized5_HD373 |          3 |          3 |       0 |    0 |    16 |      0 |      0 |            0 |
|                     inst                                                                                                    |            angle_CORDIC_c_addsub_v12_0_12_viv__parameterized5__1_HD374 |          3 |          3 |       0 |    0 |    16 |      0 |      0 |            0 |
|                       i_baseblox.i_baseblox_addsub                                                                          |            angle_CORDIC_c_addsub_v12_0_12_legacy__parameterized5_HD375 |          3 |          3 |       0 |    0 |    16 |      0 |      0 |            0 |
|                         no_pipelining.the_addsub                                                                            |     angle_CORDIC_c_addsub_v12_0_12_fabric_legacy__parameterized5_HD376 |          3 |          3 |       0 |    0 |    16 |      0 |      0 |            0 |
|                           i_lut6.i_lut6_addsub                                                                              |       angle_CORDIC_c_addsub_v12_0_12_lut6_legacy__parameterized5_HD377 |          3 |          3 |       0 |    0 |    16 |      0 |      0 |            0 |
|                             (i_lut6.i_lut6_addsub)                                                                          |       angle_CORDIC_c_addsub_v12_0_12_lut6_legacy__parameterized5_HD377 |          3 |          3 |       0 |    0 |     0 |      0 |      0 |            0 |
|                             i_q.i_simple.qreg                                                                               |                angle_CORDIC_c_reg_fd_v12_0_5_viv__parameterized4_HD378 |          0 |          0 |       0 |    0 |    16 |      0 |      0 |            0 |
|       post_iq_cic_inst                                                                                                      |                                                    post_iq_cic_stage_a |       1059 |       1059 |       0 |    0 |  1733 |      0 |      0 |            0 |
|       tracking_lo_dds_inst                                                                                                  |                                                         LO_DDS_H_HD380 |         85 |         83 |       0 |    2 |   192 |      7 |      1 |            1 |
|         U0                                                                                                                  |                                    LO_DDS_H_dds_compiler_v6_0_17_HD381 |         85 |         83 |       0 |    2 |   192 |      7 |      1 |            1 |
|           i_synth                                                                                                           |                                LO_DDS_H_dds_compiler_v6_0_17_viv_HD382 |         85 |         83 |       0 |    2 |   192 |      7 |      1 |            1 |
|             (i_synth)                                                                                                       |                                LO_DDS_H_dds_compiler_v6_0_17_viv_HD382 |          0 |          0 |       0 |    0 |    48 |      0 |      0 |            0 |
|             i_dds                                                                                                           |                               LO_DDS_H_dds_compiler_v6_0_17_core_HD384 |         85 |         83 |       0 |    2 |   144 |      7 |      1 |            1 |
|               I_PHASEGEN.i_conventional_accum.i_accum                                                                       |                                                   LO_DDS_H_accum_HD385 |         24 |         24 |       0 |    0 |     0 |      0 |      0 |            1 |
|                 i_dsp48.i_struct.i_single_channel.I_DSP                                                                     |                                              LO_DDS_H_dsp48_wrap_HD386 |         24 |         24 |       0 |    0 |     0 |      0 |      0 |            1 |
|               I_PHASEGEN.i_conventional_accum.i_phase_final_speedup                                                         |                    LO_DDS_H_xbip_pipe_v3_0_5_viv__parameterized4_HD387 |         14 |         14 |       0 |    0 |    16 |      0 |      0 |            0 |
|               I_SINCOS.i_std_rom.i_rom                                                                                      |                                                 LO_DDS_H_sin_cos_HD388 |         47 |         45 |       0 |    2 |   128 |      7 |      1 |            0 |
|                 (I_SINCOS.i_std_rom.i_rom)                                                                                  |                                                 LO_DDS_H_sin_cos_HD388 |         19 |         19 |       0 |    0 |    28 |      7 |      1 |            0 |
|                 i_rtl.i_quarter_table.i_addr_reg_c                                                                          |                    LO_DDS_H_xbip_pipe_v3_0_5_viv__parameterized8_HD389 |         10 |          8 |       0 |    2 |     4 |      0 |      0 |            0 |
|                 i_rtl.i_quarter_table.i_piped_map.i_cardinal_cos_ls                                                         |                   LO_DDS_H_xbip_pipe_v3_0_5_viv__parameterized12_HD390 |          0 |          0 |       0 |    0 |     8 |      0 |      0 |            0 |
|                 i_rtl.i_quarter_table.i_piped_map.i_cardinal_cos_ms                                                         |                 LO_DDS_H_xbip_pipe_v3_0_5_viv__parameterized12_1_HD391 |          0 |          0 |       0 |    0 |     8 |      0 |      0 |            0 |
|                 i_rtl.i_quarter_table.i_piped_map.i_cardinal_sin_ls                                                         |                 LO_DDS_H_xbip_pipe_v3_0_5_viv__parameterized12_2_HD392 |          0 |          0 |       0 |    0 |     8 |      0 |      0 |            0 |
|                 i_rtl.i_quarter_table.i_piped_map.i_cardinal_sin_ms                                                         |                 LO_DDS_H_xbip_pipe_v3_0_5_viv__parameterized12_3_HD393 |          0 |          0 |       0 |    0 |     8 |      0 |      0 |            0 |
|                 i_rtl.i_quarter_table.i_piped_map.i_original_cos_ls                                                         |                   LO_DDS_H_xbip_pipe_v3_0_5_viv__parameterized14_HD394 |          0 |          0 |       0 |    0 |     9 |      0 |      0 |            0 |
|                 i_rtl.i_quarter_table.i_piped_map.i_original_cos_ms                                                         |                 LO_DDS_H_xbip_pipe_v3_0_5_viv__parameterized12_4_HD395 |          0 |          0 |       0 |    0 |     8 |      0 |      0 |            0 |
|                 i_rtl.i_quarter_table.i_piped_map.i_original_sin_ls                                                         |                 LO_DDS_H_xbip_pipe_v3_0_5_viv__parameterized14_5_HD396 |          0 |          0 |       0 |    0 |     9 |      0 |      0 |            0 |
|                 i_rtl.i_quarter_table.i_piped_map.i_original_sin_ms                                                         |                 LO_DDS_H_xbip_pipe_v3_0_5_viv__parameterized12_6_HD397 |          0 |          0 |       0 |    0 |     8 |      0 |      0 |            0 |
|                 i_rtl.i_quarter_table.i_rom_reg_a                                                                           |                   LO_DDS_H_xbip_pipe_v3_0_5_viv__parameterized10_HD398 |          9 |          9 |       0 |    0 |    15 |      0 |      0 |            0 |
|                 i_rtl.i_quarter_table.i_rom_reg_b                                                                           |                 LO_DDS_H_xbip_pipe_v3_0_5_viv__parameterized10_7_HD399 |          9 |          9 |       0 |    0 |    15 |      0 |      0 |            0 |
|     pre_iq_cic_40_inst                                                                                                      |                                                         cic_compiler_0 |        227 |        198 |       0 |   29 |   375 |      0 |      0 |            0 |
|       U0                                                                                                                    |                                    cic_compiler_0_cic_compiler_v4_0_13 |        227 |        198 |       0 |   29 |   375 |      0 |      0 |            0 |
|         i_synth                                                                                                             |                                cic_compiler_0_cic_compiler_v4_0_13_viv |        227 |        198 |       0 |   29 |   375 |      0 |      0 |            0 |
|           decimator.decimation_filter                                                                                       |                                                cic_compiler_0_decimate |        227 |        198 |       0 |   29 |   375 |      0 |      0 |            0 |
|             (decimator.decimation_filter)                                                                                   |                                                cic_compiler_0_decimate |         16 |         16 |       0 |    0 |    52 |      0 |      0 |            0 |
|             comb                                                                                                            |                        cic_compiler_0_int_comb_section__parameterized0 |         67 |         54 |       0 |   13 |    89 |      0 |      0 |            0 |
|               gen_stages[0].gen_folded.int_comb_stage                                                                       |                                   cic_compiler_0_int_comb_stage_folded |         67 |         54 |       0 |   13 |    89 |      0 |      0 |            0 |
|                 (gen_stages[0].gen_folded.int_comb_stage)                                                                   |                                   cic_compiler_0_int_comb_stage_folded |          0 |          0 |       0 |    0 |    23 |      0 |      0 |            0 |
|                 gen_nd_out_dly                                                                                              |                               cic_compiler_0_delay_bit__parameterized6 |          1 |          0 |       0 |    1 |     1 |      0 |      0 |            0 |
|                 gen_split_accum[0].gen_comb_mem_src.gen_nd_dly                                                              |                               cic_compiler_0_delay_bit__parameterized0 |          0 |          0 |       0 |    0 |     1 |      0 |      0 |            0 |
|                 gen_split_accum[0].gen_mem                                                                                  |                                  cic_compiler_0_delay__parameterized29 |         12 |          0 |       0 |   12 |     0 |      0 |      0 |            0 |
|                 gen_split_accum[0].gen_mem_we                                                                               |                             cic_compiler_0_delay_bit__parameterized0_3 |          1 |          1 |       0 |    0 |     1 |      0 |      0 |            0 |
|                 gen_split_accum[0].gen_sum_struct.gen_sum                                                                   |                                cic_compiler_0_emb_calc__parameterized3 |         53 |         53 |       0 |    0 |    63 |      0 |      0 |            0 |
|                   (gen_split_accum[0].gen_sum_struct.gen_sum)                                                               |                                cic_compiler_0_emb_calc__parameterized3 |          0 |          0 |       0 |    0 |    21 |      0 |      0 |            0 |
|                   gen_structural.gen_no_dsp48.gen_adder[0].split_adder_n                                                    |                                 cic_compiler_0_add_sub__parameterized3 |         42 |         42 |       0 |    0 |    21 |      0 |      0 |            0 |
|                   gen_structural.gen_no_dsp48.gen_cin                                                                       |                                  cic_compiler_0_delay__parameterized27 |         11 |         11 |       0 |    0 |    21 |      0 |      0 |            0 |
|             gen_comb_in_dly                                                                                                 |                                  cic_compiler_0_delay__parameterized23 |         12 |          0 |       0 |   12 |     0 |      0 |      0 |            0 |
|             gen_comb_nd_in_dly                                                                                              |                               cic_compiler_0_delay_bit__parameterized4 |          1 |          1 |       0 |    0 |     1 |      0 |      0 |            0 |
|             int                                                                                                             |                                        cic_compiler_0_int_comb_section |        131 |        127 |       0 |    4 |   233 |      0 |      0 |            0 |
|               gen_stages[0].gen_unfolded.int_comb_stage                                                                     |                                 cic_compiler_0_int_comb_stage_unfolded |         41 |         40 |       0 |    1 |    57 |      0 |      0 |            0 |
|                 (gen_stages[0].gen_unfolded.int_comb_stage)                                                                 |                                 cic_compiler_0_int_comb_stage_unfolded |          0 |          0 |       0 |    0 |     2 |      0 |      0 |            0 |
|                 gen_nd_out_dly                                                                                              |                             cic_compiler_0_delay_bit__parameterized3_2 |          1 |          0 |       0 |    1 |     1 |      0 |      0 |            0 |
|                 gen_split_accum[0].gen_sum_struct.gen_sum                                                                   |                                                cic_compiler_0_emb_calc |         40 |         40 |       0 |    0 |    54 |      0 |      0 |            0 |
|                   gen_structural.gen_no_dsp48.gen_adder[0].split_adder_n                                                    |                                                 cic_compiler_0_add_sub |         40 |         40 |       0 |    0 |    40 |      0 |      0 |            0 |
|                   gen_structural.gen_no_dsp48.gen_cin                                                                       |                                   cic_compiler_0_delay__parameterized9 |         39 |         39 |       0 |    0 |    14 |      0 |      0 |            0 |
|               gen_stages[1].gen_unfolded.int_comb_stage                                                                     |                 cic_compiler_0_int_comb_stage_unfolded__parameterized0 |         35 |         34 |       0 |    1 |    70 |      0 |      0 |            0 |
|                 (gen_stages[1].gen_unfolded.int_comb_stage)                                                                 |                 cic_compiler_0_int_comb_stage_unfolded__parameterized0 |          0 |          0 |       0 |    0 |     1 |      0 |      0 |            0 |
|                 gen_nd_out_dly                                                                                              |                             cic_compiler_0_delay_bit__parameterized3_1 |          1 |          0 |       0 |    1 |     1 |      0 |      0 |            0 |
|                 gen_split_accum[0].gen_sum_struct.gen_sum                                                                   |                                cic_compiler_0_emb_calc__parameterized0 |         34 |         34 |       0 |    0 |    68 |      0 |      0 |            0 |
|                   gen_structural.gen_no_dsp48.gen_adder[0].split_adder_n                                                    |                                 cic_compiler_0_add_sub__parameterized0 |         34 |         34 |       0 |    0 |    34 |      0 |      0 |            0 |
|                   gen_structural.gen_no_dsp48.gen_cin                                                                       |                                  cic_compiler_0_delay__parameterized13 |         33 |         33 |       0 |    0 |    34 |      0 |      0 |            0 |
|               gen_stages[2].gen_unfolded.int_comb_stage                                                                     |                 cic_compiler_0_int_comb_stage_unfolded__parameterized1 |         29 |         28 |       0 |    1 |    58 |      0 |      0 |            0 |
|                 (gen_stages[2].gen_unfolded.int_comb_stage)                                                                 |                 cic_compiler_0_int_comb_stage_unfolded__parameterized1 |          0 |          0 |       0 |    0 |     1 |      0 |      0 |            0 |
|                 gen_nd_out_dly                                                                                              |                             cic_compiler_0_delay_bit__parameterized3_0 |          1 |          0 |       0 |    1 |     1 |      0 |      0 |            0 |
|                 gen_split_accum[0].gen_sum_struct.gen_sum                                                                   |                                cic_compiler_0_emb_calc__parameterized1 |         28 |         28 |       0 |    0 |    56 |      0 |      0 |            0 |
|                   gen_structural.gen_no_dsp48.gen_adder[0].split_adder_n                                                    |                                 cic_compiler_0_add_sub__parameterized1 |         28 |         28 |       0 |    0 |    28 |      0 |      0 |            0 |
|                   gen_structural.gen_no_dsp48.gen_cin                                                                       |                                  cic_compiler_0_delay__parameterized17 |         27 |         27 |       0 |    0 |    28 |      0 |      0 |            0 |
|               gen_stages[3].gen_unfolded.int_comb_stage                                                                     |                 cic_compiler_0_int_comb_stage_unfolded__parameterized2 |         26 |         25 |       0 |    1 |    48 |      0 |      0 |            0 |
|                 (gen_stages[3].gen_unfolded.int_comb_stage)                                                                 |                 cic_compiler_0_int_comb_stage_unfolded__parameterized2 |          0 |          0 |       0 |    0 |     1 |      0 |      0 |            0 |
|                 gen_nd_out_dly                                                                                              |                               cic_compiler_0_delay_bit__parameterized3 |          3 |          2 |       0 |    1 |     1 |      0 |      0 |            0 |
|                 gen_split_accum[0].gen_sum_struct.gen_sum                                                                   |                                cic_compiler_0_emb_calc__parameterized2 |         23 |         23 |       0 |    0 |    46 |      0 |      0 |            0 |
|                   gen_structural.gen_no_dsp48.gen_adder[0].split_adder_n                                                    |                                 cic_compiler_0_add_sub__parameterized2 |         23 |         23 |       0 |    0 |    23 |      0 |      0 |            0 |
|                   gen_structural.gen_no_dsp48.gen_cin                                                                       |                                  cic_compiler_0_delay__parameterized21 |         22 |         22 |       0 |    0 |    23 |      0 |      0 |            0 |
|     reg_acquire_dwell                                                                                                       |                  parallel_bus_register_32bits_or_less__parameterized26 |          0 |          0 |       0 |    0 |    32 |      0 |      0 |            0 |
|     reg_angle_select                                                                                                        |                   parallel_bus_register_32bits_or_less__parameterized1 |          0 |          0 |       0 |    0 |     4 |      0 |      0 |            0 |
|     reg_blend_dwell                                                                                                         |                  parallel_bus_register_32bits_or_less__parameterized27 |          1 |          1 |       0 |    0 |    32 |      0 |      0 |            0 |
|     reg_center_freq                                                                                                         |                   parallel_bus_register_32bits_or_less__parameterized0 |          8 |          8 |       0 |    0 |    32 |      0 |      0 |            0 |
|     reg_cic_rate                                                                                                            |                  parallel_bus_register_32bits_or_less__parameterized30 |          6 |          6 |       0 |    0 |     9 |      0 |      0 |            0 |
|     reg_cic_shift                                                                                                           |                  parallel_bus_register_32bits_or_less__parameterized31 |         46 |         46 |       0 |    0 |     6 |      0 |      0 |            0 |
|     reg_config_apply                                                                                                        |                  parallel_bus_register_32bits_or_less__parameterized34 |          1 |          1 |       0 |    0 |     1 |      0 |      0 |            0 |
|     reg_dac0_amp                                                                                                            |                  parallel_bus_register_32bits_or_less__parameterized14 |          0 |          0 |       0 |    0 |    16 |      0 |      0 |            0 |
|     reg_dac0_offset                                                                                                         |                  parallel_bus_register_32bits_or_less__parameterized13 |          1 |          1 |       0 |    0 |    14 |      0 |      0 |            0 |
|     reg_debug_format                                                                                                        |                  parallel_bus_register_32bits_or_less__parameterized20 |         35 |         35 |       0 |    0 |    32 |      0 |      0 |            0 |
|     reg_debug_gain                                                                                                          |                  parallel_bus_register_32bits_or_less__parameterized18 |          4 |          4 |       0 |    0 |    16 |      0 |      0 |            0 |
|     reg_debug_offset                                                                                                        |                  parallel_bus_register_32bits_or_less__parameterized17 |          0 |          0 |       0 |    0 |    14 |      0 |      0 |            0 |
|     reg_debug_source                                                                                                        |                  parallel_bus_register_32bits_or_less__parameterized19 |         42 |         42 |       0 |    0 |    32 |      0 |      0 |            0 |
|     reg_fll_delay                                                                                                           |                  parallel_bus_register_32bits_or_less__parameterized32 |          0 |          0 |       0 |    0 |     2 |      0 |      0 |            0 |
|     reg_freq_div                                                                                                            |                  parallel_bus_register_32bits_or_less__parameterized16 |         21 |         21 |       0 |    0 |    16 |      0 |      0 |            0 |
|     reg_freq_mul                                                                                                            |                  parallel_bus_register_32bits_or_less__parameterized15 |          4 |          4 |       0 |    0 |    16 |      0 |      0 |            0 |
|     reg_freq_thr                                                                                                            |                  parallel_bus_register_32bits_or_less__parameterized23 |          2 |          2 |       0 |    0 |    32 |      0 |      0 |            0 |
|     reg_holdover_timeout                                                                                                    |                  parallel_bus_register_32bits_or_less__parameterized29 |          0 |          0 |       0 |    0 |    32 |      0 |      0 |            0 |
|     reg_kf                                                                                                                  |                   parallel_bus_register_32bits_or_less__parameterized5 |         21 |         21 |       0 |    0 |    32 |      0 |      0 |            0 |
|     reg_kf_blend                                                                                                            |                   parallel_bus_register_32bits_or_less__parameterized6 |          0 |          0 |       0 |    0 |    32 |      0 |      0 |            0 |
|     reg_kf_track                                                                                                            |                   parallel_bus_register_32bits_or_less__parameterized7 |          0 |          0 |       0 |    0 |    32 |      0 |      0 |            0 |
|     reg_ki                                                                                                                  |                   parallel_bus_register_32bits_or_less__parameterized4 |          0 |          0 |       0 |    0 |    32 |      0 |      0 |            0 |
|     reg_ki_blend                                                                                                            |                   parallel_bus_register_32bits_or_less__parameterized9 |         33 |         33 |       0 |    0 |    32 |      0 |      0 |            0 |
|     reg_kp                                                                                                                  |                   parallel_bus_register_32bits_or_less__parameterized3 |          0 |          0 |       0 |    0 |    32 |      0 |      0 |            0 |
|     reg_kp_blend                                                                                                            |                   parallel_bus_register_32bits_or_less__parameterized8 |          0 |          0 |       0 |    0 |    32 |      0 |      0 |            0 |
|     reg_loss_dwell                                                                                                          |                  parallel_bus_register_32bits_or_less__parameterized28 |         28 |         28 |       0 |    0 |    32 |      0 |      0 |            0 |
|     reg_mag_enter                                                                                                           |                  parallel_bus_register_32bits_or_less__parameterized24 |         28 |         28 |       0 |    0 |    32 |      0 |      0 |            0 |
|     reg_mag_exit                                                                                                            |                  parallel_bus_register_32bits_or_less__parameterized25 |          0 |          0 |       0 |    0 |    32 |      0 |      0 |            0 |
|     reg_manual_offset                                                                                                       |                  parallel_bus_register_32bits_or_less__parameterized12 |          2 |          2 |       0 |    0 |    32 |      0 |      0 |            0 |
|     reg_ok_reset                                                                                                            |                                   parallel_bus_register_32bits_or_less |          1 |          1 |       0 |    0 |     1 |      0 |      0 |            0 |
|     reg_phase_offset                                                                                                        |                  parallel_bus_register_32bits_or_less__parameterized22 |          3 |          3 |       0 |    0 |    32 |      0 |      0 |            0 |
|     reg_phase_thr                                                                                                           |                  parallel_bus_register_32bits_or_less__parameterized21 |          0 |          0 |       0 |    0 |    32 |      0 |      0 |            0 |
|     reg_pll_lock                                                                                                            |                   parallel_bus_register_32bits_or_less__parameterized2 |          0 |          0 |       0 |    0 |     1 |      0 |      0 |            0 |
|     reg_pos_limit                                                                                                           |                  parallel_bus_register_32bits_or_less__parameterized10 |         17 |         17 |       0 |    0 |    32 |      0 |      0 |            0 |
|     reg_warmup_samples                                                                                                      |                  parallel_bus_register_32bits_or_less__parameterized33 |          7 |          7 |       0 |    0 |    16 |      0 |      0 |            0 |
|   i_ams                                                                                                                     |                                                         red_pitaya_ams |         24 |         24 |       0 |    0 |   121 |      0 |      0 |            0 |
|   i_hk                                                                                                                      |                                                          red_pitaya_hk |         46 |         46 |       0 |    0 |   144 |      0 |      0 |            0 |
|   i_ps                                                                                                                      |                                                          red_pitaya_ps |       1512 |       1464 |       0 |   48 |   926 |      0 |      0 |            0 |
|     (i_ps)                                                                                                                  |                                                          red_pitaya_ps |          0 |          0 |       0 |    0 |     1 |      0 |      0 |            0 |
|     axi_slave_gp0                                                                                                           |                                                              axi_slave |        943 |        943 |       0 |    0 |   214 |      0 |      0 |            0 |
|     system_i                                                                                                                |                                                         system_wrapper |        569 |        521 |       0 |   48 |   711 |      0 |      0 |            0 |
|       (system_i)                                                                                                            |                                                         system_wrapper |         10 |         10 |       0 |    0 |     0 |      0 |      0 |            0 |
|       system_i                                                                                                              |                                                                 system |        559 |        511 |       0 |   48 |   711 |      0 |      0 |            0 |
|         (system_i)                                                                                                          |                                                                 system |          0 |          0 |       0 |    0 |     0 |      0 |      0 |            0 |
|         axi_protocol_convert_0                                                                                              |                                        system_axi_protocol_convert_0_0 |        379 |        332 |       0 |   47 |   440 |      0 |      0 |            0 |
|           inst                                                                                                              |                  axi_protocol_converter_v2_1_18_axi_protocol_converter |        379 |        332 |       0 |   47 |   440 |      0 |      0 |            0 |
|             gen_axilite.gen_b2s_conv.axilite_b2s                                                                            |                                     axi_protocol_converter_v2_1_18_b2s |        379 |        332 |       0 |   47 |   440 |      0 |      0 |            0 |
|               (gen_axilite.gen_b2s_conv.axilite_b2s)                                                                        |                                     axi_protocol_converter_v2_1_18_b2s |          1 |          1 |       0 |    0 |     1 |      0 |      0 |            0 |
|               RD.ar_channel_0                                                                                               |                          axi_protocol_converter_v2_1_18_b2s_ar_channel |         67 |         67 |       0 |    0 |    81 |      0 |      0 |            0 |
|                 (RD.ar_channel_0)                                                                                           |                          axi_protocol_converter_v2_1_18_b2s_ar_channel |          0 |          0 |       0 |    0 |    12 |      0 |      0 |            0 |
|                 ar_cmd_fsm_0                                                                                                |                          axi_protocol_converter_v2_1_18_b2s_rd_cmd_fsm |         23 |         23 |       0 |    0 |     2 |      0 |      0 |            0 |
|                 cmd_translator_0                                                                                            |                    axi_protocol_converter_v2_1_18_b2s_cmd_translator_5 |         44 |         44 |       0 |    0 |    67 |      0 |      0 |            0 |
|                   (cmd_translator_0)                                                                                        |                    axi_protocol_converter_v2_1_18_b2s_cmd_translator_5 |          1 |          1 |       0 |    0 |     3 |      0 |      0 |            0 |
|                   incr_cmd_0                                                                                                |                          axi_protocol_converter_v2_1_18_b2s_incr_cmd_6 |         20 |         20 |       0 |    0 |    22 |      0 |      0 |            0 |
|                   wrap_cmd_0                                                                                                |                          axi_protocol_converter_v2_1_18_b2s_wrap_cmd_7 |         23 |         23 |       0 |    0 |    42 |      0 |      0 |            0 |
|               RD.r_channel_0                                                                                                |                           axi_protocol_converter_v2_1_18_b2s_r_channel |         48 |         15 |       0 |   33 |    24 |      0 |      0 |            0 |
|                 (RD.r_channel_0)                                                                                            |                           axi_protocol_converter_v2_1_18_b2s_r_channel |          0 |          0 |       0 |    0 |    14 |      0 |      0 |            0 |
|                 rd_data_fifo_0                                                                                              |         axi_protocol_converter_v2_1_18_b2s_simple_fifo__parameterized1 |         29 |          9 |       0 |   20 |     5 |      0 |      0 |            0 |
|                 transaction_fifo_0                                                                                          |         axi_protocol_converter_v2_1_18_b2s_simple_fifo__parameterized2 |         19 |          6 |       0 |   13 |     5 |      0 |      0 |            0 |
|               SI_REG                                                                                                        |                          axi_register_slice_v2_1_18_axi_register_slice |        154 |        154 |       0 |    0 |   232 |      0 |      0 |            0 |
|                 ar.ar_pipe                                                                                                  |                         axi_register_slice_v2_1_18_axic_register_slice |         61 |         61 |       0 |    0 |    67 |      0 |      0 |            0 |
|                 aw.aw_pipe                                                                                                  |                       axi_register_slice_v2_1_18_axic_register_slice_4 |         62 |         62 |       0 |    0 |    67 |      0 |      0 |            0 |
|                 b.b_pipe                                                                                                    |         axi_register_slice_v2_1_18_axic_register_slice__parameterized1 |         10 |         10 |       0 |    0 |    30 |      0 |      0 |            0 |
|                 r.r_pipe                                                                                                    |         axi_register_slice_v2_1_18_axic_register_slice__parameterized2 |         21 |         21 |       0 |    0 |    68 |      0 |      0 |            0 |
|               WR.aw_channel_0                                                                                               |                          axi_protocol_converter_v2_1_18_b2s_aw_channel |         75 |         75 |       0 |    0 |    85 |      0 |      0 |            0 |
|                 (WR.aw_channel_0)                                                                                           |                          axi_protocol_converter_v2_1_18_b2s_aw_channel |          0 |          0 |       0 |    0 |    16 |      0 |      0 |            0 |
|                 aw_cmd_fsm_0                                                                                                |                          axi_protocol_converter_v2_1_18_b2s_wr_cmd_fsm |         25 |         25 |       0 |    0 |     2 |      0 |      0 |            0 |
|                 cmd_translator_0                                                                                            |                      axi_protocol_converter_v2_1_18_b2s_cmd_translator |         50 |         50 |       0 |    0 |    67 |      0 |      0 |            0 |
|                   (cmd_translator_0)                                                                                        |                      axi_protocol_converter_v2_1_18_b2s_cmd_translator |          1 |          1 |       0 |    0 |     3 |      0 |      0 |            0 |
|                   incr_cmd_0                                                                                                |                            axi_protocol_converter_v2_1_18_b2s_incr_cmd |         27 |         27 |       0 |    0 |    22 |      0 |      0 |            0 |
|                   wrap_cmd_0                                                                                                |                            axi_protocol_converter_v2_1_18_b2s_wrap_cmd |         22 |         22 |       0 |    0 |    42 |      0 |      0 |            0 |
|               WR.b_channel_0                                                                                                |                           axi_protocol_converter_v2_1_18_b2s_b_channel |         37 |         23 |       0 |   14 |    17 |      0 |      0 |            0 |
|                 (WR.b_channel_0)                                                                                            |                           axi_protocol_converter_v2_1_18_b2s_b_channel |          8 |          8 |       0 |    0 |    13 |      0 |      0 |            0 |
|                 bid_fifo_0                                                                                                  |                         axi_protocol_converter_v2_1_18_b2s_simple_fifo |         24 |         12 |       0 |   12 |     2 |      0 |      0 |            0 |
|                 bresp_fifo_0                                                                                                |         axi_protocol_converter_v2_1_18_b2s_simple_fifo__parameterized0 |          5 |          3 |       0 |    2 |     2 |      0 |      0 |            0 |
|         processing_system7_0                                                                                                |                                          system_processing_system7_0_0 |          0 |          0 |       0 |    0 |     0 |      0 |      0 |            0 |
|           (processing_system7_0)                                                                                            |                                          system_processing_system7_0_0 |          0 |          0 |       0 |    0 |     0 |      0 |      0 |            0 |
|           inst                                                                                                              |                             processing_system7_v5_5_processing_system7 |          0 |          0 |       0 |    0 |     0 |      0 |      0 |            0 |
|         rst_ps7_0_200M                                                                                                      |                                                system_rst_ps7_0_200M_0 |         17 |         16 |       0 |    1 |    34 |      0 |      0 |            0 |
|           U0                                                                                                                |                                                         proc_sys_reset |         17 |         16 |       0 |    1 |    34 |      0 |      0 |            0 |
|             (U0)                                                                                                            |                                                         proc_sys_reset |          0 |          0 |       0 |    0 |     2 |      0 |      0 |            0 |
|             EXT_LPF                                                                                                         |                                                                    lpf |          4 |          3 |       0 |    1 |    14 |      0 |      0 |            0 |
|               (EXT_LPF)                                                                                                     |                                                                    lpf |          2 |          1 |       0 |    1 |     6 |      0 |      0 |            0 |
|               ACTIVE_LOW_AUX.ACT_LO_AUX                                                                                     |                                                               cdc_sync |          1 |          1 |       0 |    0 |     4 |      0 |      0 |            0 |
|               ACTIVE_LOW_EXT.ACT_LO_EXT                                                                                     |                                                             cdc_sync_3 |          1 |          1 |       0 |    0 |     4 |      0 |      0 |            0 |
|             SEQ                                                                                                             |                                                           sequence_psr |         13 |         13 |       0 |    0 |    18 |      0 |      0 |            0 |
|               (SEQ)                                                                                                         |                                                           sequence_psr |          8 |          8 |       0 |    0 |    12 |      0 |      0 |            0 |
|               SEQ_COUNTER                                                                                                   |                                                                upcnt_n |          5 |          5 |       0 |    0 |     6 |      0 |      0 |            0 |
|         xadc_wiz_0                                                                                                          |                                                    system_xadc_wiz_0_0 |        163 |        163 |       0 |    0 |   237 |      0 |      0 |            0 |
|           inst                                                                                                              |                                           system_xadc_wiz_0_0_axi_xadc |        163 |        163 |       0 |    0 |   237 |      0 |      0 |            0 |
|             (inst)                                                                                                          |                                           system_xadc_wiz_0_0_axi_xadc |          1 |          1 |       0 |    0 |    32 |      0 |      0 |            0 |
|             AXI_LITE_IPIF_I                                                                                                 |                                      system_xadc_wiz_0_0_axi_lite_ipif |        107 |        107 |       0 |    0 |    61 |      0 |      0 |            0 |
|               I_SLAVE_ATTACHMENT                                                                                            |                                   system_xadc_wiz_0_0_slave_attachment |        107 |        107 |       0 |    0 |    61 |      0 |      0 |            0 |
|                 (I_SLAVE_ATTACHMENT)                                                                                        |                                   system_xadc_wiz_0_0_slave_attachment |         17 |         17 |       0 |    0 |    35 |      0 |      0 |            0 |
|                 I_DECODER                                                                                                   |                                    system_xadc_wiz_0_0_address_decoder |         90 |         90 |       0 |    0 |    26 |      0 |      0 |            0 |
|             AXI_XADC_CORE_I                                                                                                 |                                      system_xadc_wiz_0_0_xadc_core_drp |         18 |         18 |       0 |    0 |    56 |      0 |      0 |            0 |
|             INTR_CTRLR_GEN_I.INTERRUPT_CONTROL_I                                                                            |                                  system_xadc_wiz_0_0_interrupt_control |         29 |         29 |       0 |    0 |    69 |      0 |      0 |            0 |
|             SOFT_RESET_I                                                                                                    |                                         system_xadc_wiz_0_0_soft_reset |          9 |          9 |       0 |    0 |    19 |      0 |      0 |            0 |
|   nolabel_line667                                                                                                           |                                                         clk_10MHz_sync |          0 |          0 |       0 |    0 |     0 |      0 |      0 |            0 |
|     inst                                                                                                                    |                                  clk_10MHz_sync_clk_10MHz_sync_clk_wiz |          0 |          0 |       0 |    0 |     0 |      0 |      0 |            0 |
|   pll                                                                                                                       |                                                         red_pitaya_pll |          1 |          1 |       0 |    0 |     0 |      0 |      0 |            0 |
|   pwm[0]                                                                                                                    |                                                         red_pitaya_pwm |         43 |         43 |       0 |    0 |    79 |      0 |      0 |            0 |
|   pwm[1]                                                                                                                    |                                                       red_pitaya_pwm_0 |         42 |         42 |       0 |    0 |    79 |      0 |      0 |            0 |
|   pwm[2]                                                                                                                    |                                                       red_pitaya_pwm_1 |         42 |         42 |       0 |    0 |    79 |      0 |      0 |            0 |
|   pwm[3]                                                                                                                    |                                                       red_pitaya_pwm_2 |         42 |         42 |       0 |    0 |    79 |      0 |      0 |            0 |
|   ram_data_logger_i                                                                                                         |                                                        ram_data_logger |          4 |          4 |       0 |    0 |    37 |      1 |      0 |            0 |
|     (ram_data_logger_i)                                                                                                     |                                                        ram_data_logger |          4 |          4 |       0 |    0 |    37 |      0 |      0 |            0 |
|     ram_inst                                                                                                                |                                                    simple_dualport_ram |          0 |          0 |       0 |    0 |     0 |      1 |      0 |            0 |
+-----------------------------------------------------------------------------------------------------------------------------+------------------------------------------------------------------------+------------+------------+---------+------+-------+--------+--------+--------------+
* Note: The sum of lower-level cells may be larger than their parent cells total, due to cross-hierarchy LUT combining


